dataset,outer_fold,config,MAE_interna,MAE_interna_folds,procedencia
A,0,"d4,lr0.05,mcw1",9.345740584201913,9.1284;9.1479;9.7610,"results_v2/run_M4_m2.py | modelo XGBoost; config publicada = make_models(seed)['XGBoost'] importada de code/tc_pipeline.py (A) / code/datasetB_pipeline.py (B); grupos = familia quimica (conjunto de elementos) via pandas.factorize; sklearn 1.7.2, xgboost 3.0.5; n_jobs=8, tree_method=hist | run_nested: externo GroupKFold(5) determinista, interno GroupKFold(3) sobre el train externo, seleccion por MAE interna pooled sobre 16 configs; MAE_grouped_anidada = pooled out-of-fold externo; MAE_random_* de hp_grid_ambos.csv (KFold(5, shuffle=True, rs=42)); tabla2_* de tabla2_shuffle.csv (5 semillas, GroupKFold shuffle=True); seed=42"
A,0,"d4,lr0.05,mcw10",9.365924490149794,9.1404;9.1421;9.8153,"results_v2/run_M4_m2.py | modelo XGBoost; config publicada = make_models(seed)['XGBoost'] importada de code/tc_pipeline.py (A) / code/datasetB_pipeline.py (B); grupos = familia quimica (conjunto de elementos) via pandas.factorize; sklearn 1.7.2, xgboost 3.0.5; n_jobs=8, tree_method=hist | run_nested: externo GroupKFold(5) determinista, interno GroupKFold(3) sobre el train externo, seleccion por MAE interna pooled sobre 16 configs; MAE_grouped_anidada = pooled out-of-fold externo; MAE_random_* de hp_grid_ambos.csv (KFold(5, shuffle=True, rs=42)); tabla2_* de tabla2_shuffle.csv (5 semillas, GroupKFold shuffle=True); seed=42"
A,0,"d4,lr0.1,mcw1",9.194510125504621,8.9980;9.0598;9.5257,"results_v2/run_M4_m2.py | modelo XGBoost; config publicada = make_models(seed)['XGBoost'] importada de code/tc_pipeline.py (A) / code/datasetB_pipeline.py (B); grupos = familia quimica (conjunto de elementos) via pandas.factorize; sklearn 1.7.2, xgboost 3.0.5; n_jobs=8, tree_method=hist | run_nested: externo GroupKFold(5) determinista, interno GroupKFold(3) sobre el train externo, seleccion por MAE interna pooled sobre 16 configs; MAE_grouped_anidada = pooled out-of-fold externo; MAE_random_* de hp_grid_ambos.csv (KFold(5, shuffle=True, rs=42)); tabla2_* de tabla2_shuffle.csv (5 semillas, GroupKFold shuffle=True); seed=42"
A,0,"d4,lr0.1,mcw10",9.160241739241316,8.9864;9.0522;9.4421,"results_v2/run_M4_m2.py | modelo XGBoost; config publicada = make_models(seed)['XGBoost'] importada de code/tc_pipeline.py (A) / code/datasetB_pipeline.py (B); grupos = familia quimica (conjunto de elementos) via pandas.factorize; sklearn 1.7.2, xgboost 3.0.5; n_jobs=8, tree_method=hist | run_nested: externo GroupKFold(5) determinista, interno GroupKFold(3) sobre el train externo, seleccion por MAE interna pooled sobre 16 configs; MAE_grouped_anidada = pooled out-of-fold externo; MAE_random_* de hp_grid_ambos.csv (KFold(5, shuffle=True, rs=42)); tabla2_* de tabla2_shuffle.csv (5 semillas, GroupKFold shuffle=True); seed=42"
A,0,"d6,lr0.05,mcw1",8.851937562713278,8.4616;8.6488;9.4453,"results_v2/run_M4_m2.py | modelo XGBoost; config publicada = make_models(seed)['XGBoost'] importada de code/tc_pipeline.py (A) / code/datasetB_pipeline.py (B); grupos = familia quimica (conjunto de elementos) via pandas.factorize; sklearn 1.7.2, xgboost 3.0.5; n_jobs=8, tree_method=hist | run_nested: externo GroupKFold(5) determinista, interno GroupKFold(3) sobre el train externo, seleccion por MAE interna pooled sobre 16 configs; MAE_grouped_anidada = pooled out-of-fold externo; MAE_random_* de hp_grid_ambos.csv (KFold(5, shuffle=True, rs=42)); tabla2_* de tabla2_shuffle.csv (5 semillas, GroupKFold shuffle=True); seed=42"
A,0,"d6,lr0.05,mcw10",8.802811929081301,8.4659;8.6571;9.2854,"results_v2/run_M4_m2.py | modelo XGBoost; config publicada = make_models(seed)['XGBoost'] importada de code/tc_pipeline.py (A) / code/datasetB_pipeline.py (B); grupos = familia quimica (conjunto de elementos) via pandas.factorize; sklearn 1.7.2, xgboost 3.0.5; n_jobs=8, tree_method=hist | run_nested: externo GroupKFold(5) determinista, interno GroupKFold(3) sobre el train externo, seleccion por MAE interna pooled sobre 16 configs; MAE_grouped_anidada = pooled out-of-fold externo; MAE_random_* de hp_grid_ambos.csv (KFold(5, shuffle=True, rs=42)); tabla2_* de tabla2_shuffle.csv (5 semillas, GroupKFold shuffle=True); seed=42"
A,0,"d6,lr0.1,mcw1",8.718220738289805,8.2828;8.7286;9.1433,"results_v2/run_M4_m2.py | modelo XGBoost; config publicada = make_models(seed)['XGBoost'] importada de code/tc_pipeline.py (A) / code/datasetB_pipeline.py (B); grupos = familia quimica (conjunto de elementos) via pandas.factorize; sklearn 1.7.2, xgboost 3.0.5; n_jobs=8, tree_method=hist | run_nested: externo GroupKFold(5) determinista, interno GroupKFold(3) sobre el train externo, seleccion por MAE interna pooled sobre 16 configs; MAE_grouped_anidada = pooled out-of-fold externo; MAE_random_* de hp_grid_ambos.csv (KFold(5, shuffle=True, rs=42)); tabla2_* de tabla2_shuffle.csv (5 semillas, GroupKFold shuffle=True); seed=42"
A,0,"d6,lr0.1,mcw10",8.76744837660006,8.3992;8.5995;9.3036,"results_v2/run_M4_m2.py | modelo XGBoost; config publicada = make_models(seed)['XGBoost'] importada de code/tc_pipeline.py (A) / code/datasetB_pipeline.py (B); grupos = familia quimica (conjunto de elementos) via pandas.factorize; sklearn 1.7.2, xgboost 3.0.5; n_jobs=8, tree_method=hist | run_nested: externo GroupKFold(5) determinista, interno GroupKFold(3) sobre el train externo, seleccion por MAE interna pooled sobre 16 configs; MAE_grouped_anidada = pooled out-of-fold externo; MAE_random_* de hp_grid_ambos.csv (KFold(5, shuffle=True, rs=42)); tabla2_* de tabla2_shuffle.csv (5 semillas, GroupKFold shuffle=True); seed=42"
A,0,"d8,lr0.05,mcw1",8.524280936628182,8.1684;8.3361;9.0684,"results_v2/run_M4_m2.py | modelo XGBoost; config publicada = make_models(seed)['XGBoost'] importada de code/tc_pipeline.py (A) / code/datasetB_pipeline.py (B); grupos = familia quimica (conjunto de elementos) via pandas.factorize; sklearn 1.7.2, xgboost 3.0.5; n_jobs=8, tree_method=hist | run_nested: externo GroupKFold(5) determinista, interno GroupKFold(3) sobre el train externo, seleccion por MAE interna pooled sobre 16 configs; MAE_grouped_anidada = pooled out-of-fold externo; MAE_random_* de hp_grid_ambos.csv (KFold(5, shuffle=True, rs=42)); tabla2_* de tabla2_shuffle.csv (5 semillas, GroupKFold shuffle=True); seed=42"
A,0,"d8,lr0.05,mcw10",8.480427968112986,8.0988;8.2559;9.0866,"results_v2/run_M4_m2.py | modelo XGBoost; config publicada = make_models(seed)['XGBoost'] importada de code/tc_pipeline.py (A) / code/datasetB_pipeline.py (B); grupos = familia quimica (conjunto de elementos) via pandas.factorize; sklearn 1.7.2, xgboost 3.0.5; n_jobs=8, tree_method=hist | run_nested: externo GroupKFold(5) determinista, interno GroupKFold(3) sobre el train externo, seleccion por MAE interna pooled sobre 16 configs; MAE_grouped_anidada = pooled out-of-fold externo; MAE_random_* de hp_grid_ambos.csv (KFold(5, shuffle=True, rs=42)); tabla2_* de tabla2_shuffle.csv (5 semillas, GroupKFold shuffle=True); seed=42"
A,0,"d8,lr0.1,mcw1",8.640049361305524,8.2818;8.5895;9.0489,"results_v2/run_M4_m2.py | modelo XGBoost; config publicada = make_models(seed)['XGBoost'] importada de code/tc_pipeline.py (A) / code/datasetB_pipeline.py (B); grupos = familia quimica (conjunto de elementos) via pandas.factorize; sklearn 1.7.2, xgboost 3.0.5; n_jobs=8, tree_method=hist | run_nested: externo GroupKFold(5) determinista, interno GroupKFold(3) sobre el train externo, seleccion por MAE interna pooled sobre 16 configs; MAE_grouped_anidada = pooled out-of-fold externo; MAE_random_* de hp_grid_ambos.csv (KFold(5, shuffle=True, rs=42)); tabla2_* de tabla2_shuffle.csv (5 semillas, GroupKFold shuffle=True); seed=42"
A,0,"d8,lr0.1,mcw10",8.540169808751507,7.9651;8.5546;9.1008,"results_v2/run_M4_m2.py | modelo XGBoost; config publicada = make_models(seed)['XGBoost'] importada de code/tc_pipeline.py (A) / code/datasetB_pipeline.py (B); grupos = familia quimica (conjunto de elementos) via pandas.factorize; sklearn 1.7.2, xgboost 3.0.5; n_jobs=8, tree_method=hist | run_nested: externo GroupKFold(5) determinista, interno GroupKFold(3) sobre el train externo, seleccion por MAE interna pooled sobre 16 configs; MAE_grouped_anidada = pooled out-of-fold externo; MAE_random_* de hp_grid_ambos.csv (KFold(5, shuffle=True, rs=42)); tabla2_* de tabla2_shuffle.csv (5 semillas, GroupKFold shuffle=True); seed=42"
A,0,"d10,lr0.05,mcw1",8.531142007274287,8.0840;8.5108;8.9986,"results_v2/run_M4_m2.py | modelo XGBoost; config publicada = make_models(seed)['XGBoost'] importada de code/tc_pipeline.py (A) / code/datasetB_pipeline.py (B); grupos = familia quimica (conjunto de elementos) via pandas.factorize; sklearn 1.7.2, xgboost 3.0.5; n_jobs=8, tree_method=hist | run_nested: externo GroupKFold(5) determinista, interno GroupKFold(3) sobre el train externo, seleccion por MAE interna pooled sobre 16 configs; MAE_grouped_anidada = pooled out-of-fold externo; MAE_random_* de hp_grid_ambos.csv (KFold(5, shuffle=True, rs=42)); tabla2_* de tabla2_shuffle.csv (5 semillas, GroupKFold shuffle=True); seed=42"
A,0,"d10,lr0.05,mcw10",8.469236777995649,8.1493;8.2672;8.9912,"results_v2/run_M4_m2.py | modelo XGBoost; config publicada = make_models(seed)['XGBoost'] importada de code/tc_pipeline.py (A) / code/datasetB_pipeline.py (B); grupos = familia quimica (conjunto de elementos) via pandas.factorize; sklearn 1.7.2, xgboost 3.0.5; n_jobs=8, tree_method=hist | run_nested: externo GroupKFold(5) determinista, interno GroupKFold(3) sobre el train externo, seleccion por MAE interna pooled sobre 16 configs; MAE_grouped_anidada = pooled out-of-fold externo; MAE_random_* de hp_grid_ambos.csv (KFold(5, shuffle=True, rs=42)); tabla2_* de tabla2_shuffle.csv (5 semillas, GroupKFold shuffle=True); seed=42"
A,0,"d10,lr0.1,mcw1",8.58172106484987,8.0136;8.6823;9.0493,"results_v2/run_M4_m2.py | modelo XGBoost; config publicada = make_models(seed)['XGBoost'] importada de code/tc_pipeline.py (A) / code/datasetB_pipeline.py (B); grupos = familia quimica (conjunto de elementos) via pandas.factorize; sklearn 1.7.2, xgboost 3.0.5; n_jobs=8, tree_method=hist | run_nested: externo GroupKFold(5) determinista, interno GroupKFold(3) sobre el train externo, seleccion por MAE interna pooled sobre 16 configs; MAE_grouped_anidada = pooled out-of-fold externo; MAE_random_* de hp_grid_ambos.csv (KFold(5, shuffle=True, rs=42)); tabla2_* de tabla2_shuffle.csv (5 semillas, GroupKFold shuffle=True); seed=42"
A,0,"d10,lr0.1,mcw10",8.553791375998172,8.0827;8.4552;9.1235,"results_v2/run_M4_m2.py | modelo XGBoost; config publicada = make_models(seed)['XGBoost'] importada de code/tc_pipeline.py (A) / code/datasetB_pipeline.py (B); grupos = familia quimica (conjunto de elementos) via pandas.factorize; sklearn 1.7.2, xgboost 3.0.5; n_jobs=8, tree_method=hist | run_nested: externo GroupKFold(5) determinista, interno GroupKFold(3) sobre el train externo, seleccion por MAE interna pooled sobre 16 configs; MAE_grouped_anidada = pooled out-of-fold externo; MAE_random_* de hp_grid_ambos.csv (KFold(5, shuffle=True, rs=42)); tabla2_* de tabla2_shuffle.csv (5 semillas, GroupKFold shuffle=True); seed=42"
A,1,"d4,lr0.05,mcw1",10.120488988427082,9.5903;11.0359;9.7352,"results_v2/run_M4_m2.py | modelo XGBoost; config publicada = make_models(seed)['XGBoost'] importada de code/tc_pipeline.py (A) / code/datasetB_pipeline.py (B); grupos = familia quimica (conjunto de elementos) via pandas.factorize; sklearn 1.7.2, xgboost 3.0.5; n_jobs=8, tree_method=hist | run_nested: externo GroupKFold(5) determinista, interno GroupKFold(3) sobre el train externo, seleccion por MAE interna pooled sobre 16 configs; MAE_grouped_anidada = pooled out-of-fold externo; MAE_random_* de hp_grid_ambos.csv (KFold(5, shuffle=True, rs=42)); tabla2_* de tabla2_shuffle.csv (5 semillas, GroupKFold shuffle=True); seed=42"
A,1,"d4,lr0.05,mcw10",10.002019792538386,9.5410;10.9220;9.5431,"results_v2/run_M4_m2.py | modelo XGBoost; config publicada = make_models(seed)['XGBoost'] importada de code/tc_pipeline.py (A) / code/datasetB_pipeline.py (B); grupos = familia quimica (conjunto de elementos) via pandas.factorize; sklearn 1.7.2, xgboost 3.0.5; n_jobs=8, tree_method=hist | run_nested: externo GroupKFold(5) determinista, interno GroupKFold(3) sobre el train externo, seleccion por MAE interna pooled sobre 16 configs; MAE_grouped_anidada = pooled out-of-fold externo; MAE_random_* de hp_grid_ambos.csv (KFold(5, shuffle=True, rs=42)); tabla2_* de tabla2_shuffle.csv (5 semillas, GroupKFold shuffle=True); seed=42"
A,1,"d4,lr0.1,mcw1",9.809669262628365,9.2533;10.7983;9.3774,"results_v2/run_M4_m2.py | modelo XGBoost; config publicada = make_models(seed)['XGBoost'] importada de code/tc_pipeline.py (A) / code/datasetB_pipeline.py (B); grupos = familia quimica (conjunto de elementos) via pandas.factorize; sklearn 1.7.2, xgboost 3.0.5; n_jobs=8, tree_method=hist | run_nested: externo GroupKFold(5) determinista, interno GroupKFold(3) sobre el train externo, seleccion por MAE interna pooled sobre 16 configs; MAE_grouped_anidada = pooled out-of-fold externo; MAE_random_* de hp_grid_ambos.csv (KFold(5, shuffle=True, rs=42)); tabla2_* de tabla2_shuffle.csv (5 semillas, GroupKFold shuffle=True); seed=42"
A,1,"d4,lr0.1,mcw10",9.815196290027277,9.1060;10.7451;9.5945,"results_v2/run_M4_m2.py | modelo XGBoost; config publicada = make_models(seed)['XGBoost'] importada de code/tc_pipeline.py (A) / code/datasetB_pipeline.py (B); grupos = familia quimica (conjunto de elementos) via pandas.factorize; sklearn 1.7.2, xgboost 3.0.5; n_jobs=8, tree_method=hist | run_nested: externo GroupKFold(5) determinista, interno GroupKFold(3) sobre el train externo, seleccion por MAE interna pooled sobre 16 configs; MAE_grouped_anidada = pooled out-of-fold externo; MAE_random_* de hp_grid_ambos.csv (KFold(5, shuffle=True, rs=42)); tabla2_* de tabla2_shuffle.csv (5 semillas, GroupKFold shuffle=True); seed=42"
A,1,"d6,lr0.05,mcw1",9.296394950041764,8.6614;10.3327;8.8951,"results_v2/run_M4_m2.py | modelo XGBoost; config publicada = make_models(seed)['XGBoost'] importada de code/tc_pipeline.py (A) / code/datasetB_pipeline.py (B); grupos = familia quimica (conjunto de elementos) via pandas.factorize; sklearn 1.7.2, xgboost 3.0.5; n_jobs=8, tree_method=hist | run_nested: externo GroupKFold(5) determinista, interno GroupKFold(3) sobre el train externo, seleccion por MAE interna pooled sobre 16 configs; MAE_grouped_anidada = pooled out-of-fold externo; MAE_random_* de hp_grid_ambos.csv (KFold(5, shuffle=True, rs=42)); tabla2_* de tabla2_shuffle.csv (5 semillas, GroupKFold shuffle=True); seed=42"
A,1,"d6,lr0.05,mcw10",9.169256651433246,8.6314;10.0201;8.8564,"results_v2/run_M4_m2.py | modelo XGBoost; config publicada = make_models(seed)['XGBoost'] importada de code/tc_pipeline.py (A) / code/datasetB_pipeline.py (B); grupos = familia quimica (conjunto de elementos) via pandas.factorize; sklearn 1.7.2, xgboost 3.0.5; n_jobs=8, tree_method=hist | run_nested: externo GroupKFold(5) determinista, interno GroupKFold(3) sobre el train externo, seleccion por MAE interna pooled sobre 16 configs; MAE_grouped_anidada = pooled out-of-fold externo; MAE_random_* de hp_grid_ambos.csv (KFold(5, shuffle=True, rs=42)); tabla2_* de tabla2_shuffle.csv (5 semillas, GroupKFold shuffle=True); seed=42"
A,1,"d6,lr0.1,mcw1",9.457797846555264,8.9918;10.1807;9.2009,"results_v2/run_M4_m2.py | modelo XGBoost; config publicada = make_models(seed)['XGBoost'] importada de code/tc_pipeline.py (A) / code/datasetB_pipeline.py (B); grupos = familia quimica (conjunto de elementos) via pandas.factorize; sklearn 1.7.2, xgboost 3.0.5; n_jobs=8, tree_method=hist | run_nested: externo GroupKFold(5) determinista, interno GroupKFold(3) sobre el train externo, seleccion por MAE interna pooled sobre 16 configs; MAE_grouped_anidada = pooled out-of-fold externo; MAE_random_* de hp_grid_ambos.csv (KFold(5, shuffle=True, rs=42)); tabla2_* de tabla2_shuffle.csv (5 semillas, GroupKFold shuffle=True); seed=42"
A,1,"d6,lr0.1,mcw10",9.203984273223224,8.8351;10.0090;8.7678,"results_v2/run_M4_m2.py | modelo XGBoost; config publicada = make_models(seed)['XGBoost'] importada de code/tc_pipeline.py (A) / code/datasetB_pipeline.py (B); grupos = familia quimica (conjunto de elementos) via pandas.factorize; sklearn 1.7.2, xgboost 3.0.5; n_jobs=8, tree_method=hist | run_nested: externo GroupKFold(5) determinista, interno GroupKFold(3) sobre el train externo, seleccion por MAE interna pooled sobre 16 configs; MAE_grouped_anidada = pooled out-of-fold externo; MAE_random_* de hp_grid_ambos.csv (KFold(5, shuffle=True, rs=42)); tabla2_* de tabla2_shuffle.csv (5 semillas, GroupKFold shuffle=True); seed=42"
A,1,"d8,lr0.05,mcw1",9.135646101570277,8.7476;10.1576;8.5018,"results_v2/run_M4_m2.py | modelo XGBoost; config publicada = make_models(seed)['XGBoost'] importada de code/tc_pipeline.py (A) / code/datasetB_pipeline.py (B); grupos = familia quimica (conjunto de elementos) via pandas.factorize; sklearn 1.7.2, xgboost 3.0.5; n_jobs=8, tree_method=hist | run_nested: externo GroupKFold(5) determinista, interno GroupKFold(3) sobre el train externo, seleccion por MAE interna pooled sobre 16 configs; MAE_grouped_anidada = pooled out-of-fold externo; MAE_random_* de hp_grid_ambos.csv (KFold(5, shuffle=True, rs=42)); tabla2_* de tabla2_shuffle.csv (5 semillas, GroupKFold shuffle=True); seed=42"
A,1,"d8,lr0.05,mcw10",9.071285530593938,8.7051;10.0539;8.4548,"results_v2/run_M4_m2.py | modelo XGBoost; config publicada = make_models(seed)['XGBoost'] importada de code/tc_pipeline.py (A) / code/datasetB_pipeline.py (B); grupos = familia quimica (conjunto de elementos) via pandas.factorize; sklearn 1.7.2, xgboost 3.0.5; n_jobs=8, tree_method=hist | run_nested: externo GroupKFold(5) determinista, interno GroupKFold(3) sobre el train externo, seleccion por MAE interna pooled sobre 16 configs; MAE_grouped_anidada = pooled out-of-fold externo; MAE_random_* de hp_grid_ambos.csv (KFold(5, shuffle=True, rs=42)); tabla2_* de tabla2_shuffle.csv (5 semillas, GroupKFold shuffle=True); seed=42"
A,1,"d8,lr0.1,mcw1",9.329518749352692,9.0100;9.9788;8.9997,"results_v2/run_M4_m2.py | modelo XGBoost; config publicada = make_models(seed)['XGBoost'] importada de code/tc_pipeline.py (A) / code/datasetB_pipeline.py (B); grupos = familia quimica (conjunto de elementos) via pandas.factorize; sklearn 1.7.2, xgboost 3.0.5; n_jobs=8, tree_method=hist | run_nested: externo GroupKFold(5) determinista, interno GroupKFold(3) sobre el train externo, seleccion por MAE interna pooled sobre 16 configs; MAE_grouped_anidada = pooled out-of-fold externo; MAE_random_* de hp_grid_ambos.csv (KFold(5, shuffle=True, rs=42)); tabla2_* de tabla2_shuffle.csv (5 semillas, GroupKFold shuffle=True); seed=42"
A,1,"d8,lr0.1,mcw10",9.035476364760932,8.6689;9.9022;8.5353,"results_v2/run_M4_m2.py | modelo XGBoost; config publicada = make_models(seed)['XGBoost'] importada de code/tc_pipeline.py (A) / code/datasetB_pipeline.py (B); grupos = familia quimica (conjunto de elementos) via pandas.factorize; sklearn 1.7.2, xgboost 3.0.5; n_jobs=8, tree_method=hist | run_nested: externo GroupKFold(5) determinista, interno GroupKFold(3) sobre el train externo, seleccion por MAE interna pooled sobre 16 configs; MAE_grouped_anidada = pooled out-of-fold externo; MAE_random_* de hp_grid_ambos.csv (KFold(5, shuffle=True, rs=42)); tabla2_* de tabla2_shuffle.csv (5 semillas, GroupKFold shuffle=True); seed=42"
A,1,"d10,lr0.05,mcw1",9.120897140377965,8.9184;9.9167;8.5276,"results_v2/run_M4_m2.py | modelo XGBoost; config publicada = make_models(seed)['XGBoost'] importada de code/tc_pipeline.py (A) / code/datasetB_pipeline.py (B); grupos = familia quimica (conjunto de elementos) via pandas.factorize; sklearn 1.7.2, xgboost 3.0.5; n_jobs=8, tree_method=hist | run_nested: externo GroupKFold(5) determinista, interno GroupKFold(3) sobre el train externo, seleccion por MAE interna pooled sobre 16 configs; MAE_grouped_anidada = pooled out-of-fold externo; MAE_random_* de hp_grid_ambos.csv (KFold(5, shuffle=True, rs=42)); tabla2_* de tabla2_shuffle.csv (5 semillas, GroupKFold shuffle=True); seed=42"
A,1,"d10,lr0.05,mcw10",9.029934813340137,8.8491;9.7921;8.4486,"results_v2/run_M4_m2.py | modelo XGBoost; config publicada = make_models(seed)['XGBoost'] importada de code/tc_pipeline.py (A) / code/datasetB_pipeline.py (B); grupos = familia quimica (conjunto de elementos) via pandas.factorize; sklearn 1.7.2, xgboost 3.0.5; n_jobs=8, tree_method=hist | run_nested: externo GroupKFold(5) determinista, interno GroupKFold(3) sobre el train externo, seleccion por MAE interna pooled sobre 16 configs; MAE_grouped_anidada = pooled out-of-fold externo; MAE_random_* de hp_grid_ambos.csv (KFold(5, shuffle=True, rs=42)); tabla2_* de tabla2_shuffle.csv (5 semillas, GroupKFold shuffle=True); seed=42"
A,1,"d10,lr0.1,mcw1",9.172888425805377,8.8227;9.9777;8.7183,"results_v2/run_M4_m2.py | modelo XGBoost; config publicada = make_models(seed)['XGBoost'] importada de code/tc_pipeline.py (A) / code/datasetB_pipeline.py (B); grupos = familia quimica (conjunto de elementos) via pandas.factorize; sklearn 1.7.2, xgboost 3.0.5; n_jobs=8, tree_method=hist | run_nested: externo GroupKFold(5) determinista, interno GroupKFold(3) sobre el train externo, seleccion por MAE interna pooled sobre 16 configs; MAE_grouped_anidada = pooled out-of-fold externo; MAE_random_* de hp_grid_ambos.csv (KFold(5, shuffle=True, rs=42)); tabla2_* de tabla2_shuffle.csv (5 semillas, GroupKFold shuffle=True); seed=42"
A,1,"d10,lr0.1,mcw10",9.065465690056799,8.5350;9.9983;8.6631,"results_v2/run_M4_m2.py | modelo XGBoost; config publicada = make_models(seed)['XGBoost'] importada de code/tc_pipeline.py (A) / code/datasetB_pipeline.py (B); grupos = familia quimica (conjunto de elementos) via pandas.factorize; sklearn 1.7.2, xgboost 3.0.5; n_jobs=8, tree_method=hist | run_nested: externo GroupKFold(5) determinista, interno GroupKFold(3) sobre el train externo, seleccion por MAE interna pooled sobre 16 configs; MAE_grouped_anidada = pooled out-of-fold externo; MAE_random_* de hp_grid_ambos.csv (KFold(5, shuffle=True, rs=42)); tabla2_* de tabla2_shuffle.csv (5 semillas, GroupKFold shuffle=True); seed=42"
A,2,"d4,lr0.05,mcw1",9.26668561263154,9.3128;9.2757;9.2116,"results_v2/run_M4_m2.py | modelo XGBoost; config publicada = make_models(seed)['XGBoost'] importada de code/tc_pipeline.py (A) / code/datasetB_pipeline.py (B); grupos = familia quimica (conjunto de elementos) via pandas.factorize; sklearn 1.7.2, xgboost 3.0.5; n_jobs=8, tree_method=hist | run_nested: externo GroupKFold(5) determinista, interno GroupKFold(3) sobre el train externo, seleccion por MAE interna pooled sobre 16 configs; MAE_grouped_anidada = pooled out-of-fold externo; MAE_random_* de hp_grid_ambos.csv (KFold(5, shuffle=True, rs=42)); tabla2_* de tabla2_shuffle.csv (5 semillas, GroupKFold shuffle=True); seed=42"
A,2,"d4,lr0.05,mcw10",9.285392845332822,9.4178;9.2575;9.1809,"results_v2/run_M4_m2.py | modelo XGBoost; config publicada = make_models(seed)['XGBoost'] importada de code/tc_pipeline.py (A) / code/datasetB_pipeline.py (B); grupos = familia quimica (conjunto de elementos) via pandas.factorize; sklearn 1.7.2, xgboost 3.0.5; n_jobs=8, tree_method=hist | run_nested: externo GroupKFold(5) determinista, interno GroupKFold(3) sobre el train externo, seleccion por MAE interna pooled sobre 16 configs; MAE_grouped_anidada = pooled out-of-fold externo; MAE_random_* de hp_grid_ambos.csv (KFold(5, shuffle=True, rs=42)); tabla2_* de tabla2_shuffle.csv (5 semillas, GroupKFold shuffle=True); seed=42"
A,2,"d4,lr0.1,mcw1",9.208929885072218,9.3720;9.1458;9.1089,"results_v2/run_M4_m2.py | modelo XGBoost; config publicada = make_models(seed)['XGBoost'] importada de code/tc_pipeline.py (A) / code/datasetB_pipeline.py (B); grupos = familia quimica (conjunto de elementos) via pandas.factorize; sklearn 1.7.2, xgboost 3.0.5; n_jobs=8, tree_method=hist | run_nested: externo GroupKFold(5) determinista, interno GroupKFold(3) sobre el train externo, seleccion por MAE interna pooled sobre 16 configs; MAE_grouped_anidada = pooled out-of-fold externo; MAE_random_* de hp_grid_ambos.csv (KFold(5, shuffle=True, rs=42)); tabla2_* de tabla2_shuffle.csv (5 semillas, GroupKFold shuffle=True); seed=42"
A,2,"d4,lr0.1,mcw10",9.129163511946356,9.2136;9.1791;8.9948,"results_v2/run_M4_m2.py | modelo XGBoost; config publicada = make_models(seed)['XGBoost'] importada de code/tc_pipeline.py (A) / code/datasetB_pipeline.py (B); grupos = familia quimica (conjunto de elementos) via pandas.factorize; sklearn 1.7.2, xgboost 3.0.5; n_jobs=8, tree_method=hist | run_nested: externo GroupKFold(5) determinista, interno GroupKFold(3) sobre el train externo, seleccion por MAE interna pooled sobre 16 configs; MAE_grouped_anidada = pooled out-of-fold externo; MAE_random_* de hp_grid_ambos.csv (KFold(5, shuffle=True, rs=42)); tabla2_* de tabla2_shuffle.csv (5 semillas, GroupKFold shuffle=True); seed=42"
A,2,"d6,lr0.05,mcw1",8.688619994815781,8.6411;8.6991;8.7256,"results_v2/run_M4_m2.py | modelo XGBoost; config publicada = make_models(seed)['XGBoost'] importada de code/tc_pipeline.py (A) / code/datasetB_pipeline.py (B); grupos = familia quimica (conjunto de elementos) via pandas.factorize; sklearn 1.7.2, xgboost 3.0.5; n_jobs=8, tree_method=hist | run_nested: externo GroupKFold(5) determinista, interno GroupKFold(3) sobre el train externo, seleccion por MAE interna pooled sobre 16 configs; MAE_grouped_anidada = pooled out-of-fold externo; MAE_random_* de hp_grid_ambos.csv (KFold(5, shuffle=True, rs=42)); tabla2_* de tabla2_shuffle.csv (5 semillas, GroupKFold shuffle=True); seed=42"
A,2,"d6,lr0.05,mcw10",8.699512537163725,8.6816;8.7462;8.6707,"results_v2/run_M4_m2.py | modelo XGBoost; config publicada = make_models(seed)['XGBoost'] importada de code/tc_pipeline.py (A) / code/datasetB_pipeline.py (B); grupos = familia quimica (conjunto de elementos) via pandas.factorize; sklearn 1.7.2, xgboost 3.0.5; n_jobs=8, tree_method=hist | run_nested: externo GroupKFold(5) determinista, interno GroupKFold(3) sobre el train externo, seleccion por MAE interna pooled sobre 16 configs; MAE_grouped_anidada = pooled out-of-fold externo; MAE_random_* de hp_grid_ambos.csv (KFold(5, shuffle=True, rs=42)); tabla2_* de tabla2_shuffle.csv (5 semillas, GroupKFold shuffle=True); seed=42"
A,2,"d6,lr0.1,mcw1",8.645270769754186,8.4327;8.7219;8.7812,"results_v2/run_M4_m2.py | modelo XGBoost; config publicada = make_models(seed)['XGBoost'] importada de code/tc_pipeline.py (A) / code/datasetB_pipeline.py (B); grupos = familia quimica (conjunto de elementos) via pandas.factorize; sklearn 1.7.2, xgboost 3.0.5; n_jobs=8, tree_method=hist | run_nested: externo GroupKFold(5) determinista, interno GroupKFold(3) sobre el train externo, seleccion por MAE interna pooled sobre 16 configs; MAE_grouped_anidada = pooled out-of-fold externo; MAE_random_* de hp_grid_ambos.csv (KFold(5, shuffle=True, rs=42)); tabla2_* de tabla2_shuffle.csv (5 semillas, GroupKFold shuffle=True); seed=42"
A,2,"d6,lr0.1,mcw10",8.717777215932134,8.5823;8.6849;8.8861,"results_v2/run_M4_m2.py | modelo XGBoost; config publicada = make_models(seed)['XGBoost'] importada de code/tc_pipeline.py (A) / code/datasetB_pipeline.py (B); grupos = familia quimica (conjunto de elementos) via pandas.factorize; sklearn 1.7.2, xgboost 3.0.5; n_jobs=8, tree_method=hist | run_nested: externo GroupKFold(5) determinista, interno GroupKFold(3) sobre el train externo, seleccion por MAE interna pooled sobre 16 configs; MAE_grouped_anidada = pooled out-of-fold externo; MAE_random_* de hp_grid_ambos.csv (KFold(5, shuffle=True, rs=42)); tabla2_* de tabla2_shuffle.csv (5 semillas, GroupKFold shuffle=True); seed=42"
A,2,"d8,lr0.05,mcw1",8.593146285070382,8.4986;8.5900;8.6909,"results_v2/run_M4_m2.py | modelo XGBoost; config publicada = make_models(seed)['XGBoost'] importada de code/tc_pipeline.py (A) / code/datasetB_pipeline.py (B); grupos = familia quimica (conjunto de elementos) via pandas.factorize; sklearn 1.7.2, xgboost 3.0.5; n_jobs=8, tree_method=hist | run_nested: externo GroupKFold(5) determinista, interno GroupKFold(3) sobre el train externo, seleccion por MAE interna pooled sobre 16 configs; MAE_grouped_anidada = pooled out-of-fold externo; MAE_random_* de hp_grid_ambos.csv (KFold(5, shuffle=True, rs=42)); tabla2_* de tabla2_shuffle.csv (5 semillas, GroupKFold shuffle=True); seed=42"
A,2,"d8,lr0.05,mcw10",8.58273292318204,8.5887;8.5901;8.5694,"results_v2/run_M4_m2.py | modelo XGBoost; config publicada = make_models(seed)['XGBoost'] importada de code/tc_pipeline.py (A) / code/datasetB_pipeline.py (B); grupos = familia quimica (conjunto de elementos) via pandas.factorize; sklearn 1.7.2, xgboost 3.0.5; n_jobs=8, tree_method=hist | run_nested: externo GroupKFold(5) determinista, interno GroupKFold(3) sobre el train externo, seleccion por MAE interna pooled sobre 16 configs; MAE_grouped_anidada = pooled out-of-fold externo; MAE_random_* de hp_grid_ambos.csv (KFold(5, shuffle=True, rs=42)); tabla2_* de tabla2_shuffle.csv (5 semillas, GroupKFold shuffle=True); seed=42"
A,2,"d8,lr0.1,mcw1",8.713748224008052,8.5907;8.6775;8.8730,"results_v2/run_M4_m2.py | modelo XGBoost; config publicada = make_models(seed)['XGBoost'] importada de code/tc_pipeline.py (A) / code/datasetB_pipeline.py (B); grupos = familia quimica (conjunto de elementos) via pandas.factorize; sklearn 1.7.2, xgboost 3.0.5; n_jobs=8, tree_method=hist | run_nested: externo GroupKFold(5) determinista, interno GroupKFold(3) sobre el train externo, seleccion por MAE interna pooled sobre 16 configs; MAE_grouped_anidada = pooled out-of-fold externo; MAE_random_* de hp_grid_ambos.csv (KFold(5, shuffle=True, rs=42)); tabla2_* de tabla2_shuffle.csv (5 semillas, GroupKFold shuffle=True); seed=42"
A,2,"d8,lr0.1,mcw10",8.544696887768751,8.3315;8.7122;8.5903,"results_v2/run_M4_m2.py | modelo XGBoost; config publicada = make_models(seed)['XGBoost'] importada de code/tc_pipeline.py (A) / code/datasetB_pipeline.py (B); grupos = familia quimica (conjunto de elementos) via pandas.factorize; sklearn 1.7.2, xgboost 3.0.5; n_jobs=8, tree_method=hist | run_nested: externo GroupKFold(5) determinista, interno GroupKFold(3) sobre el train externo, seleccion por MAE interna pooled sobre 16 configs; MAE_grouped_anidada = pooled out-of-fold externo; MAE_random_* de hp_grid_ambos.csv (KFold(5, shuffle=True, rs=42)); tabla2_* de tabla2_shuffle.csv (5 semillas, GroupKFold shuffle=True); seed=42"
A,2,"d10,lr0.05,mcw1",8.710975504065063,8.5301;8.7419;8.8610,"results_v2/run_M4_m2.py | modelo XGBoost; config publicada = make_models(seed)['XGBoost'] importada de code/tc_pipeline.py (A) / code/datasetB_pipeline.py (B); grupos = familia quimica (conjunto de elementos) via pandas.factorize; sklearn 1.7.2, xgboost 3.0.5; n_jobs=8, tree_method=hist | run_nested: externo GroupKFold(5) determinista, interno GroupKFold(3) sobre el train externo, seleccion por MAE interna pooled sobre 16 configs; MAE_grouped_anidada = pooled out-of-fold externo; MAE_random_* de hp_grid_ambos.csv (KFold(5, shuffle=True, rs=42)); tabla2_* de tabla2_shuffle.csv (5 semillas, GroupKFold shuffle=True); seed=42"
A,2,"d10,lr0.05,mcw10",8.530057838141808,8.5243;8.5405;8.5254,"results_v2/run_M4_m2.py | modelo XGBoost; config publicada = make_models(seed)['XGBoost'] importada de code/tc_pipeline.py (A) / code/datasetB_pipeline.py (B); grupos = familia quimica (conjunto de elementos) via pandas.factorize; sklearn 1.7.2, xgboost 3.0.5; n_jobs=8, tree_method=hist | run_nested: externo GroupKFold(5) determinista, interno GroupKFold(3) sobre el train externo, seleccion por MAE interna pooled sobre 16 configs; MAE_grouped_anidada = pooled out-of-fold externo; MAE_random_* de hp_grid_ambos.csv (KFold(5, shuffle=True, rs=42)); tabla2_* de tabla2_shuffle.csv (5 semillas, GroupKFold shuffle=True); seed=42"
A,2,"d10,lr0.1,mcw1",8.660725832908406,8.7973;8.6313;8.5536,"results_v2/run_M4_m2.py | modelo XGBoost; config publicada = make_models(seed)['XGBoost'] importada de code/tc_pipeline.py (A) / code/datasetB_pipeline.py (B); grupos = familia quimica (conjunto de elementos) via pandas.factorize; sklearn 1.7.2, xgboost 3.0.5; n_jobs=8, tree_method=hist | run_nested: externo GroupKFold(5) determinista, interno GroupKFold(3) sobre el train externo, seleccion por MAE interna pooled sobre 16 configs; MAE_grouped_anidada = pooled out-of-fold externo; MAE_random_* de hp_grid_ambos.csv (KFold(5, shuffle=True, rs=42)); tabla2_* de tabla2_shuffle.csv (5 semillas, GroupKFold shuffle=True); seed=42"
A,2,"d10,lr0.1,mcw10",8.58272223323816,8.7205;8.6509;8.3767,"results_v2/run_M4_m2.py | modelo XGBoost; config publicada = make_models(seed)['XGBoost'] importada de code/tc_pipeline.py (A) / code/datasetB_pipeline.py (B); grupos = familia quimica (conjunto de elementos) via pandas.factorize; sklearn 1.7.2, xgboost 3.0.5; n_jobs=8, tree_method=hist | run_nested: externo GroupKFold(5) determinista, interno GroupKFold(3) sobre el train externo, seleccion por MAE interna pooled sobre 16 configs; MAE_grouped_anidada = pooled out-of-fold externo; MAE_random_* de hp_grid_ambos.csv (KFold(5, shuffle=True, rs=42)); tabla2_* de tabla2_shuffle.csv (5 semillas, GroupKFold shuffle=True); seed=42"
A,3,"d4,lr0.05,mcw1",9.354158871899621,9.9964;8.6269;9.4391,"results_v2/run_M4_m2.py | modelo XGBoost; config publicada = make_models(seed)['XGBoost'] importada de code/tc_pipeline.py (A) / code/datasetB_pipeline.py (B); grupos = familia quimica (conjunto de elementos) via pandas.factorize; sklearn 1.7.2, xgboost 3.0.5; n_jobs=8, tree_method=hist | run_nested: externo GroupKFold(5) determinista, interno GroupKFold(3) sobre el train externo, seleccion por MAE interna pooled sobre 16 configs; MAE_grouped_anidada = pooled out-of-fold externo; MAE_random_* de hp_grid_ambos.csv (KFold(5, shuffle=True, rs=42)); tabla2_* de tabla2_shuffle.csv (5 semillas, GroupKFold shuffle=True); seed=42"
A,3,"d4,lr0.05,mcw10",9.270222167051694,9.8555;8.5629;9.3921,"results_v2/run_M4_m2.py | modelo XGBoost; config publicada = make_models(seed)['XGBoost'] importada de code/tc_pipeline.py (A) / code/datasetB_pipeline.py (B); grupos = familia quimica (conjunto de elementos) via pandas.factorize; sklearn 1.7.2, xgboost 3.0.5; n_jobs=8, tree_method=hist | run_nested: externo GroupKFold(5) determinista, interno GroupKFold(3) sobre el train externo, seleccion por MAE interna pooled sobre 16 configs; MAE_grouped_anidada = pooled out-of-fold externo; MAE_random_* de hp_grid_ambos.csv (KFold(5, shuffle=True, rs=42)); tabla2_* de tabla2_shuffle.csv (5 semillas, GroupKFold shuffle=True); seed=42"
A,3,"d4,lr0.1,mcw1",9.065702723723152,9.7111;8.4405;9.0454,"results_v2/run_M4_m2.py | modelo XGBoost; config publicada = make_models(seed)['XGBoost'] importada de code/tc_pipeline.py (A) / code/datasetB_pipeline.py (B); grupos = familia quimica (conjunto de elementos) via pandas.factorize; sklearn 1.7.2, xgboost 3.0.5; n_jobs=8, tree_method=hist | run_nested: externo GroupKFold(5) determinista, interno GroupKFold(3) sobre el train externo, seleccion por MAE interna pooled sobre 16 configs; MAE_grouped_anidada = pooled out-of-fold externo; MAE_random_* de hp_grid_ambos.csv (KFold(5, shuffle=True, rs=42)); tabla2_* de tabla2_shuffle.csv (5 semillas, GroupKFold shuffle=True); seed=42"
A,3,"d4,lr0.1,mcw10",9.014764059669337,9.6752;8.3074;9.0615,"results_v2/run_M4_m2.py | modelo XGBoost; config publicada = make_models(seed)['XGBoost'] importada de code/tc_pipeline.py (A) / code/datasetB_pipeline.py (B); grupos = familia quimica (conjunto de elementos) via pandas.factorize; sklearn 1.7.2, xgboost 3.0.5; n_jobs=8, tree_method=hist | run_nested: externo GroupKFold(5) determinista, interno GroupKFold(3) sobre el train externo, seleccion por MAE interna pooled sobre 16 configs; MAE_grouped_anidada = pooled out-of-fold externo; MAE_random_* de hp_grid_ambos.csv (KFold(5, shuffle=True, rs=42)); tabla2_* de tabla2_shuffle.csv (5 semillas, GroupKFold shuffle=True); seed=42"
A,3,"d6,lr0.05,mcw1",8.605819568770364,9.3397;7.8836;8.5940,"results_v2/run_M4_m2.py | modelo XGBoost; config publicada = make_models(seed)['XGBoost'] importada de code/tc_pipeline.py (A) / code/datasetB_pipeline.py (B); grupos = familia quimica (conjunto de elementos) via pandas.factorize; sklearn 1.7.2, xgboost 3.0.5; n_jobs=8, tree_method=hist | run_nested: externo GroupKFold(5) determinista, interno GroupKFold(3) sobre el train externo, seleccion por MAE interna pooled sobre 16 configs; MAE_grouped_anidada = pooled out-of-fold externo; MAE_random_* de hp_grid_ambos.csv (KFold(5, shuffle=True, rs=42)); tabla2_* de tabla2_shuffle.csv (5 semillas, GroupKFold shuffle=True); seed=42"
A,3,"d6,lr0.05,mcw10",8.660320491494447,9.3462;7.9156;8.7191,"results_v2/run_M4_m2.py | modelo XGBoost; config publicada = make_models(seed)['XGBoost'] importada de code/tc_pipeline.py (A) / code/datasetB_pipeline.py (B); grupos = familia quimica (conjunto de elementos) via pandas.factorize; sklearn 1.7.2, xgboost 3.0.5; n_jobs=8, tree_method=hist | run_nested: externo GroupKFold(5) determinista, interno GroupKFold(3) sobre el train externo, seleccion por MAE interna pooled sobre 16 configs; MAE_grouped_anidada = pooled out-of-fold externo; MAE_random_* de hp_grid_ambos.csv (KFold(5, shuffle=True, rs=42)); tabla2_* de tabla2_shuffle.csv (5 semillas, GroupKFold shuffle=True); seed=42"
A,3,"d6,lr0.1,mcw1",8.696891143087496,9.4406;7.8989;8.7510,"results_v2/run_M4_m2.py | modelo XGBoost; config publicada = make_models(seed)['XGBoost'] importada de code/tc_pipeline.py (A) / code/datasetB_pipeline.py (B); grupos = familia quimica (conjunto de elementos) via pandas.factorize; sklearn 1.7.2, xgboost 3.0.5; n_jobs=8, tree_method=hist | run_nested: externo GroupKFold(5) determinista, interno GroupKFold(3) sobre el train externo, seleccion por MAE interna pooled sobre 16 configs; MAE_grouped_anidada = pooled out-of-fold externo; MAE_random_* de hp_grid_ambos.csv (KFold(5, shuffle=True, rs=42)); tabla2_* de tabla2_shuffle.csv (5 semillas, GroupKFold shuffle=True); seed=42"
A,3,"d6,lr0.1,mcw10",8.658681086864876,9.4440;8.1246;8.4073,"results_v2/run_M4_m2.py | modelo XGBoost; config publicada = make_models(seed)['XGBoost'] importada de code/tc_pipeline.py (A) / code/datasetB_pipeline.py (B); grupos = familia quimica (conjunto de elementos) via pandas.factorize; sklearn 1.7.2, xgboost 3.0.5; n_jobs=8, tree_method=hist | run_nested: externo GroupKFold(5) determinista, interno GroupKFold(3) sobre el train externo, seleccion por MAE interna pooled sobre 16 configs; MAE_grouped_anidada = pooled out-of-fold externo; MAE_random_* de hp_grid_ambos.csv (KFold(5, shuffle=True, rs=42)); tabla2_* de tabla2_shuffle.csv (5 semillas, GroupKFold shuffle=True); seed=42"
A,3,"d8,lr0.05,mcw1",8.456942999649717,9.2119;7.7317;8.4271,"results_v2/run_M4_m2.py | modelo XGBoost; config publicada = make_models(seed)['XGBoost'] importada de code/tc_pipeline.py (A) / code/datasetB_pipeline.py (B); grupos = familia quimica (conjunto de elementos) via pandas.factorize; sklearn 1.7.2, xgboost 3.0.5; n_jobs=8, tree_method=hist | run_nested: externo GroupKFold(5) determinista, interno GroupKFold(3) sobre el train externo, seleccion por MAE interna pooled sobre 16 configs; MAE_grouped_anidada = pooled out-of-fold externo; MAE_random_* de hp_grid_ambos.csv (KFold(5, shuffle=True, rs=42)); tabla2_* de tabla2_shuffle.csv (5 semillas, GroupKFold shuffle=True); seed=42"
A,3,"d8,lr0.05,mcw10",8.461546485160138,9.2257;7.7046;8.4542,"results_v2/run_M4_m2.py | modelo XGBoost; config publicada = make_models(seed)['XGBoost'] importada de code/tc_pipeline.py (A) / code/datasetB_pipeline.py (B); grupos = familia quimica (conjunto de elementos) via pandas.factorize; sklearn 1.7.2, xgboost 3.0.5; n_jobs=8, tree_method=hist | run_nested: externo GroupKFold(5) determinista, interno GroupKFold(3) sobre el train externo, seleccion por MAE interna pooled sobre 16 configs; MAE_grouped_anidada = pooled out-of-fold externo; MAE_random_* de hp_grid_ambos.csv (KFold(5, shuffle=True, rs=42)); tabla2_* de tabla2_shuffle.csv (5 semillas, GroupKFold shuffle=True); seed=42"
A,3,"d8,lr0.1,mcw1",8.452278693912902,9.3134;7.8486;8.1948,"results_v2/run_M4_m2.py | modelo XGBoost; config publicada = make_models(seed)['XGBoost'] importada de code/tc_pipeline.py (A) / code/datasetB_pipeline.py (B); grupos = familia quimica (conjunto de elementos) via pandas.factorize; sklearn 1.7.2, xgboost 3.0.5; n_jobs=8, tree_method=hist | run_nested: externo GroupKFold(5) determinista, interno GroupKFold(3) sobre el train externo, seleccion por MAE interna pooled sobre 16 configs; MAE_grouped_anidada = pooled out-of-fold externo; MAE_random_* de hp_grid_ambos.csv (KFold(5, shuffle=True, rs=42)); tabla2_* de tabla2_shuffle.csv (5 semillas, GroupKFold shuffle=True); seed=42"
A,3,"d8,lr0.1,mcw10",8.507617949107688,9.4136;7.6583;8.4508,"results_v2/run_M4_m2.py | modelo XGBoost; config publicada = make_models(seed)['XGBoost'] importada de code/tc_pipeline.py (A) / code/datasetB_pipeline.py (B); grupos = familia quimica (conjunto de elementos) via pandas.factorize; sklearn 1.7.2, xgboost 3.0.5; n_jobs=8, tree_method=hist | run_nested: externo GroupKFold(5) determinista, interno GroupKFold(3) sobre el train externo, seleccion por MAE interna pooled sobre 16 configs; MAE_grouped_anidada = pooled out-of-fold externo; MAE_random_* de hp_grid_ambos.csv (KFold(5, shuffle=True, rs=42)); tabla2_* de tabla2_shuffle.csv (5 semillas, GroupKFold shuffle=True); seed=42"
A,3,"d10,lr0.05,mcw1",8.45936142681355,9.2656;7.7873;8.3251,"results_v2/run_M4_m2.py | modelo XGBoost; config publicada = make_models(seed)['XGBoost'] importada de code/tc_pipeline.py (A) / code/datasetB_pipeline.py (B); grupos = familia quimica (conjunto de elementos) via pandas.factorize; sklearn 1.7.2, xgboost 3.0.5; n_jobs=8, tree_method=hist | run_nested: externo GroupKFold(5) determinista, interno GroupKFold(3) sobre el train externo, seleccion por MAE interna pooled sobre 16 configs; MAE_grouped_anidada = pooled out-of-fold externo; MAE_random_* de hp_grid_ambos.csv (KFold(5, shuffle=True, rs=42)); tabla2_* de tabla2_shuffle.csv (5 semillas, GroupKFold shuffle=True); seed=42"
A,3,"d10,lr0.05,mcw10",8.401250361795082,9.2115;7.6127;8.3794,"results_v2/run_M4_m2.py | modelo XGBoost; config publicada = make_models(seed)['XGBoost'] importada de code/tc_pipeline.py (A) / code/datasetB_pipeline.py (B); grupos = familia quimica (conjunto de elementos) via pandas.factorize; sklearn 1.7.2, xgboost 3.0.5; n_jobs=8, tree_method=hist | run_nested: externo GroupKFold(5) determinista, interno GroupKFold(3) sobre el train externo, seleccion por MAE interna pooled sobre 16 configs; MAE_grouped_anidada = pooled out-of-fold externo; MAE_random_* de hp_grid_ambos.csv (KFold(5, shuffle=True, rs=42)); tabla2_* de tabla2_shuffle.csv (5 semillas, GroupKFold shuffle=True); seed=42"
A,3,"d10,lr0.1,mcw1",8.540109397732765,9.2860;7.8424;8.4918,"results_v2/run_M4_m2.py | modelo XGBoost; config publicada = make_models(seed)['XGBoost'] importada de code/tc_pipeline.py (A) / code/datasetB_pipeline.py (B); grupos = familia quimica (conjunto de elementos) via pandas.factorize; sklearn 1.7.2, xgboost 3.0.5; n_jobs=8, tree_method=hist | run_nested: externo GroupKFold(5) determinista, interno GroupKFold(3) sobre el train externo, seleccion por MAE interna pooled sobre 16 configs; MAE_grouped_anidada = pooled out-of-fold externo; MAE_random_* de hp_grid_ambos.csv (KFold(5, shuffle=True, rs=42)); tabla2_* de tabla2_shuffle.csv (5 semillas, GroupKFold shuffle=True); seed=42"
A,3,"d10,lr0.1,mcw10",8.461679028109048,9.6183;7.5896;8.1769,"results_v2/run_M4_m2.py | modelo XGBoost; config publicada = make_models(seed)['XGBoost'] importada de code/tc_pipeline.py (A) / code/datasetB_pipeline.py (B); grupos = familia quimica (conjunto de elementos) via pandas.factorize; sklearn 1.7.2, xgboost 3.0.5; n_jobs=8, tree_method=hist | run_nested: externo GroupKFold(5) determinista, interno GroupKFold(3) sobre el train externo, seleccion por MAE interna pooled sobre 16 configs; MAE_grouped_anidada = pooled out-of-fold externo; MAE_random_* de hp_grid_ambos.csv (KFold(5, shuffle=True, rs=42)); tabla2_* de tabla2_shuffle.csv (5 semillas, GroupKFold shuffle=True); seed=42"
A,4,"d4,lr0.05,mcw1",9.186058682672334,8.7033;8.8151;10.0398,"results_v2/run_M4_m2.py | modelo XGBoost; config publicada = make_models(seed)['XGBoost'] importada de code/tc_pipeline.py (A) / code/datasetB_pipeline.py (B); grupos = familia quimica (conjunto de elementos) via pandas.factorize; sklearn 1.7.2, xgboost 3.0.5; n_jobs=8, tree_method=hist | run_nested: externo GroupKFold(5) determinista, interno GroupKFold(3) sobre el train externo, seleccion por MAE interna pooled sobre 16 configs; MAE_grouped_anidada = pooled out-of-fold externo; MAE_random_* de hp_grid_ambos.csv (KFold(5, shuffle=True, rs=42)); tabla2_* de tabla2_shuffle.csv (5 semillas, GroupKFold shuffle=True); seed=42"
A,4,"d4,lr0.05,mcw10",9.245296365512973,8.7546;8.8605;10.1208,"results_v2/run_M4_m2.py | modelo XGBoost; config publicada = make_models(seed)['XGBoost'] importada de code/tc_pipeline.py (A) / code/datasetB_pipeline.py (B); grupos = familia quimica (conjunto de elementos) via pandas.factorize; sklearn 1.7.2, xgboost 3.0.5; n_jobs=8, tree_method=hist | run_nested: externo GroupKFold(5) determinista, interno GroupKFold(3) sobre el train externo, seleccion por MAE interna pooled sobre 16 configs; MAE_grouped_anidada = pooled out-of-fold externo; MAE_random_* de hp_grid_ambos.csv (KFold(5, shuffle=True, rs=42)); tabla2_* de tabla2_shuffle.csv (5 semillas, GroupKFold shuffle=True); seed=42"
A,4,"d4,lr0.1,mcw1",9.10214810643884,8.5579;8.7644;9.9842,"results_v2/run_M4_m2.py | modelo XGBoost; config publicada = make_models(seed)['XGBoost'] importada de code/tc_pipeline.py (A) / code/datasetB_pipeline.py (B); grupos = familia quimica (conjunto de elementos) via pandas.factorize; sklearn 1.7.2, xgboost 3.0.5; n_jobs=8, tree_method=hist | run_nested: externo GroupKFold(5) determinista, interno GroupKFold(3) sobre el train externo, seleccion por MAE interna pooled sobre 16 configs; MAE_grouped_anidada = pooled out-of-fold externo; MAE_random_* de hp_grid_ambos.csv (KFold(5, shuffle=True, rs=42)); tabla2_* de tabla2_shuffle.csv (5 semillas, GroupKFold shuffle=True); seed=42"
A,4,"d4,lr0.1,mcw10",9.110228928861506,8.4764;8.8224;10.0321,"results_v2/run_M4_m2.py | modelo XGBoost; config publicada = make_models(seed)['XGBoost'] importada de code/tc_pipeline.py (A) / code/datasetB_pipeline.py (B); grupos = familia quimica (conjunto de elementos) via pandas.factorize; sklearn 1.7.2, xgboost 3.0.5; n_jobs=8, tree_method=hist | run_nested: externo GroupKFold(5) determinista, interno GroupKFold(3) sobre el train externo, seleccion por MAE interna pooled sobre 16 configs; MAE_grouped_anidada = pooled out-of-fold externo; MAE_random_* de hp_grid_ambos.csv (KFold(5, shuffle=True, rs=42)); tabla2_* de tabla2_shuffle.csv (5 semillas, GroupKFold shuffle=True); seed=42"
A,4,"d6,lr0.05,mcw1",8.726797155007112,8.3396;8.4667;9.3742,"results_v2/run_M4_m2.py | modelo XGBoost; config publicada = make_models(seed)['XGBoost'] importada de code/tc_pipeline.py (A) / code/datasetB_pipeline.py (B); grupos = familia quimica (conjunto de elementos) via pandas.factorize; sklearn 1.7.2, xgboost 3.0.5; n_jobs=8, tree_method=hist | run_nested: externo GroupKFold(5) determinista, interno GroupKFold(3) sobre el train externo, seleccion por MAE interna pooled sobre 16 configs; MAE_grouped_anidada = pooled out-of-fold externo; MAE_random_* de hp_grid_ambos.csv (KFold(5, shuffle=True, rs=42)); tabla2_* de tabla2_shuffle.csv (5 semillas, GroupKFold shuffle=True); seed=42"
A,4,"d6,lr0.05,mcw10",8.607227358532482,8.2470;8.2914;9.2833,"results_v2/run_M4_m2.py | modelo XGBoost; config publicada = make_models(seed)['XGBoost'] importada de code/tc_pipeline.py (A) / code/datasetB_pipeline.py (B); grupos = familia quimica (conjunto de elementos) via pandas.factorize; sklearn 1.7.2, xgboost 3.0.5; n_jobs=8, tree_method=hist | run_nested: externo GroupKFold(5) determinista, interno GroupKFold(3) sobre el train externo, seleccion por MAE interna pooled sobre 16 configs; MAE_grouped_anidada = pooled out-of-fold externo; MAE_random_* de hp_grid_ambos.csv (KFold(5, shuffle=True, rs=42)); tabla2_* de tabla2_shuffle.csv (5 semillas, GroupKFold shuffle=True); seed=42"
A,4,"d6,lr0.1,mcw1",8.627729768667123,8.1893;8.4185;9.2754,"results_v2/run_M4_m2.py | modelo XGBoost; config publicada = make_models(seed)['XGBoost'] importada de code/tc_pipeline.py (A) / code/datasetB_pipeline.py (B); grupos = familia quimica (conjunto de elementos) via pandas.factorize; sklearn 1.7.2, xgboost 3.0.5; n_jobs=8, tree_method=hist | run_nested: externo GroupKFold(5) determinista, interno GroupKFold(3) sobre el train externo, seleccion por MAE interna pooled sobre 16 configs; MAE_grouped_anidada = pooled out-of-fold externo; MAE_random_* de hp_grid_ambos.csv (KFold(5, shuffle=True, rs=42)); tabla2_* de tabla2_shuffle.csv (5 semillas, GroupKFold shuffle=True); seed=42"
A,4,"d6,lr0.1,mcw10",8.568052317284698,8.1746;8.3387;9.1910,"results_v2/run_M4_m2.py | modelo XGBoost; config publicada = make_models(seed)['XGBoost'] importada de code/tc_pipeline.py (A) / code/datasetB_pipeline.py (B); grupos = familia quimica (conjunto de elementos) via pandas.factorize; sklearn 1.7.2, xgboost 3.0.5; n_jobs=8, tree_method=hist | run_nested: externo GroupKFold(5) determinista, interno GroupKFold(3) sobre el train externo, seleccion por MAE interna pooled sobre 16 configs; MAE_grouped_anidada = pooled out-of-fold externo; MAE_random_* de hp_grid_ambos.csv (KFold(5, shuffle=True, rs=42)); tabla2_* de tabla2_shuffle.csv (5 semillas, GroupKFold shuffle=True); seed=42"
A,4,"d8,lr0.05,mcw1",8.36919624154888,8.2186;8.0837;8.8053,"results_v2/run_M4_m2.py | modelo XGBoost; config publicada = make_models(seed)['XGBoost'] importada de code/tc_pipeline.py (A) / code/datasetB_pipeline.py (B); grupos = familia quimica (conjunto de elementos) via pandas.factorize; sklearn 1.7.2, xgboost 3.0.5; n_jobs=8, tree_method=hist | run_nested: externo GroupKFold(5) determinista, interno GroupKFold(3) sobre el train externo, seleccion por MAE interna pooled sobre 16 configs; MAE_grouped_anidada = pooled out-of-fold externo; MAE_random_* de hp_grid_ambos.csv (KFold(5, shuffle=True, rs=42)); tabla2_* de tabla2_shuffle.csv (5 semillas, GroupKFold shuffle=True); seed=42"
A,4,"d8,lr0.05,mcw10",8.359800745605229,8.0480;8.1480;8.8834,"results_v2/run_M4_m2.py | modelo XGBoost; config publicada = make_models(seed)['XGBoost'] importada de code/tc_pipeline.py (A) / code/datasetB_pipeline.py (B); grupos = familia quimica (conjunto de elementos) via pandas.factorize; sklearn 1.7.2, xgboost 3.0.5; n_jobs=8, tree_method=hist | run_nested: externo GroupKFold(5) determinista, interno GroupKFold(3) sobre el train externo, seleccion por MAE interna pooled sobre 16 configs; MAE_grouped_anidada = pooled out-of-fold externo; MAE_random_* de hp_grid_ambos.csv (KFold(5, shuffle=True, rs=42)); tabla2_* de tabla2_shuffle.csv (5 semillas, GroupKFold shuffle=True); seed=42"
A,4,"d8,lr0.1,mcw1",8.577430710104098,8.5105;8.3016;8.9202,"results_v2/run_M4_m2.py | modelo XGBoost; config publicada = make_models(seed)['XGBoost'] importada de code/tc_pipeline.py (A) / code/datasetB_pipeline.py (B); grupos = familia quimica (conjunto de elementos) via pandas.factorize; sklearn 1.7.2, xgboost 3.0.5; n_jobs=8, tree_method=hist | run_nested: externo GroupKFold(5) determinista, interno GroupKFold(3) sobre el train externo, seleccion por MAE interna pooled sobre 16 configs; MAE_grouped_anidada = pooled out-of-fold externo; MAE_random_* de hp_grid_ambos.csv (KFold(5, shuffle=True, rs=42)); tabla2_* de tabla2_shuffle.csv (5 semillas, GroupKFold shuffle=True); seed=42"
A,4,"d8,lr0.1,mcw10",8.377862175312695,8.1108;8.2343;8.7885,"results_v2/run_M4_m2.py | modelo XGBoost; config publicada = make_models(seed)['XGBoost'] importada de code/tc_pipeline.py (A) / code/datasetB_pipeline.py (B); grupos = familia quimica (conjunto de elementos) via pandas.factorize; sklearn 1.7.2, xgboost 3.0.5; n_jobs=8, tree_method=hist | run_nested: externo GroupKFold(5) determinista, interno GroupKFold(3) sobre el train externo, seleccion por MAE interna pooled sobre 16 configs; MAE_grouped_anidada = pooled out-of-fold externo; MAE_random_* de hp_grid_ambos.csv (KFold(5, shuffle=True, rs=42)); tabla2_* de tabla2_shuffle.csv (5 semillas, GroupKFold shuffle=True); seed=42"
A,4,"d10,lr0.05,mcw1",8.538465463347736,8.4230;8.3124;8.8800,"results_v2/run_M4_m2.py | modelo XGBoost; config publicada = make_models(seed)['XGBoost'] importada de code/tc_pipeline.py (A) / code/datasetB_pipeline.py (B); grupos = familia quimica (conjunto de elementos) via pandas.factorize; sklearn 1.7.2, xgboost 3.0.5; n_jobs=8, tree_method=hist | run_nested: externo GroupKFold(5) determinista, interno GroupKFold(3) sobre el train externo, seleccion por MAE interna pooled sobre 16 configs; MAE_grouped_anidada = pooled out-of-fold externo; MAE_random_* de hp_grid_ambos.csv (KFold(5, shuffle=True, rs=42)); tabla2_* de tabla2_shuffle.csv (5 semillas, GroupKFold shuffle=True); seed=42"
A,4,"d10,lr0.05,mcw10",8.383325256381054,8.2299;8.1854;8.7347,"results_v2/run_M4_m2.py | modelo XGBoost; config publicada = make_models(seed)['XGBoost'] importada de code/tc_pipeline.py (A) / code/datasetB_pipeline.py (B); grupos = familia quimica (conjunto de elementos) via pandas.factorize; sklearn 1.7.2, xgboost 3.0.5; n_jobs=8, tree_method=hist | run_nested: externo GroupKFold(5) determinista, interno GroupKFold(3) sobre el train externo, seleccion por MAE interna pooled sobre 16 configs; MAE_grouped_anidada = pooled out-of-fold externo; MAE_random_* de hp_grid_ambos.csv (KFold(5, shuffle=True, rs=42)); tabla2_* de tabla2_shuffle.csv (5 semillas, GroupKFold shuffle=True); seed=42"
A,4,"d10,lr0.1,mcw1",8.511919716805515,8.4655;8.3127;8.7575,"results_v2/run_M4_m2.py | modelo XGBoost; config publicada = make_models(seed)['XGBoost'] importada de code/tc_pipeline.py (A) / code/datasetB_pipeline.py (B); grupos = familia quimica (conjunto de elementos) via pandas.factorize; sklearn 1.7.2, xgboost 3.0.5; n_jobs=8, tree_method=hist | run_nested: externo GroupKFold(5) determinista, interno GroupKFold(3) sobre el train externo, seleccion por MAE interna pooled sobre 16 configs; MAE_grouped_anidada = pooled out-of-fold externo; MAE_random_* de hp_grid_ambos.csv (KFold(5, shuffle=True, rs=42)); tabla2_* de tabla2_shuffle.csv (5 semillas, GroupKFold shuffle=True); seed=42"
A,4,"d10,lr0.1,mcw10",8.469238945225102,8.2365;8.3423;8.8290,"results_v2/run_M4_m2.py | modelo XGBoost; config publicada = make_models(seed)['XGBoost'] importada de code/tc_pipeline.py (A) / code/datasetB_pipeline.py (B); grupos = familia quimica (conjunto de elementos) via pandas.factorize; sklearn 1.7.2, xgboost 3.0.5; n_jobs=8, tree_method=hist | run_nested: externo GroupKFold(5) determinista, interno GroupKFold(3) sobre el train externo, seleccion por MAE interna pooled sobre 16 configs; MAE_grouped_anidada = pooled out-of-fold externo; MAE_random_* de hp_grid_ambos.csv (KFold(5, shuffle=True, rs=42)); tabla2_* de tabla2_shuffle.csv (5 semillas, GroupKFold shuffle=True); seed=42"
B,0,"d4,lr0.05,mcw1",7.407367272100168,7.5984;6.8540;7.7696,"results_v2/run_M4_m2.py | modelo XGBoost; config publicada = make_models(seed)['XGBoost'] importada de code/tc_pipeline.py (A) / code/datasetB_pipeline.py (B); grupos = familia quimica (conjunto de elementos) via pandas.factorize; sklearn 1.7.2, xgboost 3.0.5; n_jobs=8, tree_method=hist | run_nested: externo GroupKFold(5) determinista, interno GroupKFold(3) sobre el train externo, seleccion por MAE interna pooled sobre 16 configs; MAE_grouped_anidada = pooled out-of-fold externo; MAE_random_* de hp_grid_ambos.csv (KFold(5, shuffle=True, rs=42)); tabla2_* de tabla2_shuffle.csv (5 semillas, GroupKFold shuffle=True); seed=42"
B,0,"d4,lr0.05,mcw10",7.405685232480033,7.5990;6.9006;7.7173,"results_v2/run_M4_m2.py | modelo XGBoost; config publicada = make_models(seed)['XGBoost'] importada de code/tc_pipeline.py (A) / code/datasetB_pipeline.py (B); grupos = familia quimica (conjunto de elementos) via pandas.factorize; sklearn 1.7.2, xgboost 3.0.5; n_jobs=8, tree_method=hist | run_nested: externo GroupKFold(5) determinista, interno GroupKFold(3) sobre el train externo, seleccion por MAE interna pooled sobre 16 configs; MAE_grouped_anidada = pooled out-of-fold externo; MAE_random_* de hp_grid_ambos.csv (KFold(5, shuffle=True, rs=42)); tabla2_* de tabla2_shuffle.csv (5 semillas, GroupKFold shuffle=True); seed=42"
B,0,"d4,lr0.1,mcw1",7.1777239082923625,7.3994;6.6516;7.4821,"results_v2/run_M4_m2.py | modelo XGBoost; config publicada = make_models(seed)['XGBoost'] importada de code/tc_pipeline.py (A) / code/datasetB_pipeline.py (B); grupos = familia quimica (conjunto de elementos) via pandas.factorize; sklearn 1.7.2, xgboost 3.0.5; n_jobs=8, tree_method=hist | run_nested: externo GroupKFold(5) determinista, interno GroupKFold(3) sobre el train externo, seleccion por MAE interna pooled sobre 16 configs; MAE_grouped_anidada = pooled out-of-fold externo; MAE_random_* de hp_grid_ambos.csv (KFold(5, shuffle=True, rs=42)); tabla2_* de tabla2_shuffle.csv (5 semillas, GroupKFold shuffle=True); seed=42"
B,0,"d4,lr0.1,mcw10",7.286947420028943,7.4743;6.7022;7.6844,"results_v2/run_M4_m2.py | modelo XGBoost; config publicada = make_models(seed)['XGBoost'] importada de code/tc_pipeline.py (A) / code/datasetB_pipeline.py (B); grupos = familia quimica (conjunto de elementos) via pandas.factorize; sklearn 1.7.2, xgboost 3.0.5; n_jobs=8, tree_method=hist | run_nested: externo GroupKFold(5) determinista, interno GroupKFold(3) sobre el train externo, seleccion por MAE interna pooled sobre 16 configs; MAE_grouped_anidada = pooled out-of-fold externo; MAE_random_* de hp_grid_ambos.csv (KFold(5, shuffle=True, rs=42)); tabla2_* de tabla2_shuffle.csv (5 semillas, GroupKFold shuffle=True); seed=42"
B,0,"d6,lr0.05,mcw1",6.93645551968126,7.1835;6.3204;7.3053,"results_v2/run_M4_m2.py | modelo XGBoost; config publicada = make_models(seed)['XGBoost'] importada de code/tc_pipeline.py (A) / code/datasetB_pipeline.py (B); grupos = familia quimica (conjunto de elementos) via pandas.factorize; sklearn 1.7.2, xgboost 3.0.5; n_jobs=8, tree_method=hist | run_nested: externo GroupKFold(5) determinista, interno GroupKFold(3) sobre el train externo, seleccion por MAE interna pooled sobre 16 configs; MAE_grouped_anidada = pooled out-of-fold externo; MAE_random_* de hp_grid_ambos.csv (KFold(5, shuffle=True, rs=42)); tabla2_* de tabla2_shuffle.csv (5 semillas, GroupKFold shuffle=True); seed=42"
B,0,"d6,lr0.05,mcw10",6.947809666628579,7.2207;6.4152;7.2074,"results_v2/run_M4_m2.py | modelo XGBoost; config publicada = make_models(seed)['XGBoost'] importada de code/tc_pipeline.py (A) / code/datasetB_pipeline.py (B); grupos = familia quimica (conjunto de elementos) via pandas.factorize; sklearn 1.7.2, xgboost 3.0.5; n_jobs=8, tree_method=hist | run_nested: externo GroupKFold(5) determinista, interno GroupKFold(3) sobre el train externo, seleccion por MAE interna pooled sobre 16 configs; MAE_grouped_anidada = pooled out-of-fold externo; MAE_random_* de hp_grid_ambos.csv (KFold(5, shuffle=True, rs=42)); tabla2_* de tabla2_shuffle.csv (5 semillas, GroupKFold shuffle=True); seed=42"
B,0,"d6,lr0.1,mcw1",6.912839808865759,7.1428;6.2906;7.3051,"results_v2/run_M4_m2.py | modelo XGBoost; config publicada = make_models(seed)['XGBoost'] importada de code/tc_pipeline.py (A) / code/datasetB_pipeline.py (B); grupos = familia quimica (conjunto de elementos) via pandas.factorize; sklearn 1.7.2, xgboost 3.0.5; n_jobs=8, tree_method=hist | run_nested: externo GroupKFold(5) determinista, interno GroupKFold(3) sobre el train externo, seleccion por MAE interna pooled sobre 16 configs; MAE_grouped_anidada = pooled out-of-fold externo; MAE_random_* de hp_grid_ambos.csv (KFold(5, shuffle=True, rs=42)); tabla2_* de tabla2_shuffle.csv (5 semillas, GroupKFold shuffle=True); seed=42"
B,0,"d6,lr0.1,mcw10",6.910373569139041,7.2170;6.3534;7.1606,"results_v2/run_M4_m2.py | modelo XGBoost; config publicada = make_models(seed)['XGBoost'] importada de code/tc_pipeline.py (A) / code/datasetB_pipeline.py (B); grupos = familia quimica (conjunto de elementos) via pandas.factorize; sklearn 1.7.2, xgboost 3.0.5; n_jobs=8, tree_method=hist | run_nested: externo GroupKFold(5) determinista, interno GroupKFold(3) sobre el train externo, seleccion por MAE interna pooled sobre 16 configs; MAE_grouped_anidada = pooled out-of-fold externo; MAE_random_* de hp_grid_ambos.csv (KFold(5, shuffle=True, rs=42)); tabla2_* de tabla2_shuffle.csv (5 semillas, GroupKFold shuffle=True); seed=42"
B,0,"d8,lr0.05,mcw1",6.700968053712342,6.9104;6.1025;7.0899,"results_v2/run_M4_m2.py | modelo XGBoost; config publicada = make_models(seed)['XGBoost'] importada de code/tc_pipeline.py (A) / code/datasetB_pipeline.py (B); grupos = familia quimica (conjunto de elementos) via pandas.factorize; sklearn 1.7.2, xgboost 3.0.5; n_jobs=8, tree_method=hist | run_nested: externo GroupKFold(5) determinista, interno GroupKFold(3) sobre el train externo, seleccion por MAE interna pooled sobre 16 configs; MAE_grouped_anidada = pooled out-of-fold externo; MAE_random_* de hp_grid_ambos.csv (KFold(5, shuffle=True, rs=42)); tabla2_* de tabla2_shuffle.csv (5 semillas, GroupKFold shuffle=True); seed=42"
B,0,"d8,lr0.05,mcw10",6.744720089006848,6.9758;6.2200;7.0383,"results_v2/run_M4_m2.py | modelo XGBoost; config publicada = make_models(seed)['XGBoost'] importada de code/tc_pipeline.py (A) / code/datasetB_pipeline.py (B); grupos = familia quimica (conjunto de elementos) via pandas.factorize; sklearn 1.7.2, xgboost 3.0.5; n_jobs=8, tree_method=hist | run_nested: externo GroupKFold(5) determinista, interno GroupKFold(3) sobre el train externo, seleccion por MAE interna pooled sobre 16 configs; MAE_grouped_anidada = pooled out-of-fold externo; MAE_random_* de hp_grid_ambos.csv (KFold(5, shuffle=True, rs=42)); tabla2_* de tabla2_shuffle.csv (5 semillas, GroupKFold shuffle=True); seed=42"
B,0,"d8,lr0.1,mcw1",6.862252722280161,7.0839;6.2398;7.2631,"results_v2/run_M4_m2.py | modelo XGBoost; config publicada = make_models(seed)['XGBoost'] importada de code/tc_pipeline.py (A) / code/datasetB_pipeline.py (B); grupos = familia quimica (conjunto de elementos) via pandas.factorize; sklearn 1.7.2, xgboost 3.0.5; n_jobs=8, tree_method=hist | run_nested: externo GroupKFold(5) determinista, interno GroupKFold(3) sobre el train externo, seleccion por MAE interna pooled sobre 16 configs; MAE_grouped_anidada = pooled out-of-fold externo; MAE_random_* de hp_grid_ambos.csv (KFold(5, shuffle=True, rs=42)); tabla2_* de tabla2_shuffle.csv (5 semillas, GroupKFold shuffle=True); seed=42"
B,0,"d8,lr0.1,mcw10",6.873531509581731,7.1852;6.1853;7.2500,"results_v2/run_M4_m2.py | modelo XGBoost; config publicada = make_models(seed)['XGBoost'] importada de code/tc_pipeline.py (A) / code/datasetB_pipeline.py (B); grupos = familia quimica (conjunto de elementos) via pandas.factorize; sklearn 1.7.2, xgboost 3.0.5; n_jobs=8, tree_method=hist | run_nested: externo GroupKFold(5) determinista, interno GroupKFold(3) sobre el train externo, seleccion por MAE interna pooled sobre 16 configs; MAE_grouped_anidada = pooled out-of-fold externo; MAE_random_* de hp_grid_ambos.csv (KFold(5, shuffle=True, rs=42)); tabla2_* de tabla2_shuffle.csv (5 semillas, GroupKFold shuffle=True); seed=42"
B,0,"d10,lr0.05,mcw1",6.721072281031956,6.9594;6.0617;7.1421,"results_v2/run_M4_m2.py | modelo XGBoost; config publicada = make_models(seed)['XGBoost'] importada de code/tc_pipeline.py (A) / code/datasetB_pipeline.py (B); grupos = familia quimica (conjunto de elementos) via pandas.factorize; sklearn 1.7.2, xgboost 3.0.5; n_jobs=8, tree_method=hist | run_nested: externo GroupKFold(5) determinista, interno GroupKFold(3) sobre el train externo, seleccion por MAE interna pooled sobre 16 configs; MAE_grouped_anidada = pooled out-of-fold externo; MAE_random_* de hp_grid_ambos.csv (KFold(5, shuffle=True, rs=42)); tabla2_* de tabla2_shuffle.csv (5 semillas, GroupKFold shuffle=True); seed=42"
B,0,"d10,lr0.05,mcw10",6.7177825586757685,6.9207;6.1374;7.0953,"results_v2/run_M4_m2.py | modelo XGBoost; config publicada = make_models(seed)['XGBoost'] importada de code/tc_pipeline.py (A) / code/datasetB_pipeline.py (B); grupos = familia quimica (conjunto de elementos) via pandas.factorize; sklearn 1.7.2, xgboost 3.0.5; n_jobs=8, tree_method=hist | run_nested: externo GroupKFold(5) determinista, interno GroupKFold(3) sobre el train externo, seleccion por MAE interna pooled sobre 16 configs; MAE_grouped_anidada = pooled out-of-fold externo; MAE_random_* de hp_grid_ambos.csv (KFold(5, shuffle=True, rs=42)); tabla2_* de tabla2_shuffle.csv (5 semillas, GroupKFold shuffle=True); seed=42"
B,0,"d10,lr0.1,mcw1",6.7766498044599155,7.0296;6.1008;7.1995,"results_v2/run_M4_m2.py | modelo XGBoost; config publicada = make_models(seed)['XGBoost'] importada de code/tc_pipeline.py (A) / code/datasetB_pipeline.py (B); grupos = familia quimica (conjunto de elementos) via pandas.factorize; sklearn 1.7.2, xgboost 3.0.5; n_jobs=8, tree_method=hist | run_nested: externo GroupKFold(5) determinista, interno GroupKFold(3) sobre el train externo, seleccion por MAE interna pooled sobre 16 configs; MAE_grouped_anidada = pooled out-of-fold externo; MAE_random_* de hp_grid_ambos.csv (KFold(5, shuffle=True, rs=42)); tabla2_* de tabla2_shuffle.csv (5 semillas, GroupKFold shuffle=True); seed=42"
B,0,"d10,lr0.1,mcw10",6.744871132766568,6.9343;6.2269;7.0734,"results_v2/run_M4_m2.py | modelo XGBoost; config publicada = make_models(seed)['XGBoost'] importada de code/tc_pipeline.py (A) / code/datasetB_pipeline.py (B); grupos = familia quimica (conjunto de elementos) via pandas.factorize; sklearn 1.7.2, xgboost 3.0.5; n_jobs=8, tree_method=hist | run_nested: externo GroupKFold(5) determinista, interno GroupKFold(3) sobre el train externo, seleccion por MAE interna pooled sobre 16 configs; MAE_grouped_anidada = pooled out-of-fold externo; MAE_random_* de hp_grid_ambos.csv (KFold(5, shuffle=True, rs=42)); tabla2_* de tabla2_shuffle.csv (5 semillas, GroupKFold shuffle=True); seed=42"
B,1,"d4,lr0.05,mcw1",7.139322199928367,7.0508;7.2143;7.1529,"results_v2/run_M4_m2.py | modelo XGBoost; config publicada = make_models(seed)['XGBoost'] importada de code/tc_pipeline.py (A) / code/datasetB_pipeline.py (B); grupos = familia quimica (conjunto de elementos) via pandas.factorize; sklearn 1.7.2, xgboost 3.0.5; n_jobs=8, tree_method=hist | run_nested: externo GroupKFold(5) determinista, interno GroupKFold(3) sobre el train externo, seleccion por MAE interna pooled sobre 16 configs; MAE_grouped_anidada = pooled out-of-fold externo; MAE_random_* de hp_grid_ambos.csv (KFold(5, shuffle=True, rs=42)); tabla2_* de tabla2_shuffle.csv (5 semillas, GroupKFold shuffle=True); seed=42"
B,1,"d4,lr0.05,mcw10",7.120419868990995,6.9718;7.1970;7.1925,"results_v2/run_M4_m2.py | modelo XGBoost; config publicada = make_models(seed)['XGBoost'] importada de code/tc_pipeline.py (A) / code/datasetB_pipeline.py (B); grupos = familia quimica (conjunto de elementos) via pandas.factorize; sklearn 1.7.2, xgboost 3.0.5; n_jobs=8, tree_method=hist | run_nested: externo GroupKFold(5) determinista, interno GroupKFold(3) sobre el train externo, seleccion por MAE interna pooled sobre 16 configs; MAE_grouped_anidada = pooled out-of-fold externo; MAE_random_* de hp_grid_ambos.csv (KFold(5, shuffle=True, rs=42)); tabla2_* de tabla2_shuffle.csv (5 semillas, GroupKFold shuffle=True); seed=42"
B,1,"d4,lr0.1,mcw1",6.917482040004391,6.8844;7.0386;6.8295,"results_v2/run_M4_m2.py | modelo XGBoost; config publicada = make_models(seed)['XGBoost'] importada de code/tc_pipeline.py (A) / code/datasetB_pipeline.py (B); grupos = familia quimica (conjunto de elementos) via pandas.factorize; sklearn 1.7.2, xgboost 3.0.5; n_jobs=8, tree_method=hist | run_nested: externo GroupKFold(5) determinista, interno GroupKFold(3) sobre el train externo, seleccion por MAE interna pooled sobre 16 configs; MAE_grouped_anidada = pooled out-of-fold externo; MAE_random_* de hp_grid_ambos.csv (KFold(5, shuffle=True, rs=42)); tabla2_* de tabla2_shuffle.csv (5 semillas, GroupKFold shuffle=True); seed=42"
B,1,"d4,lr0.1,mcw10",7.024990308624007,6.9519;7.0081;7.1151,"results_v2/run_M4_m2.py | modelo XGBoost; config publicada = make_models(seed)['XGBoost'] importada de code/tc_pipeline.py (A) / code/datasetB_pipeline.py (B); grupos = familia quimica (conjunto de elementos) via pandas.factorize; sklearn 1.7.2, xgboost 3.0.5; n_jobs=8, tree_method=hist | run_nested: externo GroupKFold(5) determinista, interno GroupKFold(3) sobre el train externo, seleccion por MAE interna pooled sobre 16 configs; MAE_grouped_anidada = pooled out-of-fold externo; MAE_random_* de hp_grid_ambos.csv (KFold(5, shuffle=True, rs=42)); tabla2_* de tabla2_shuffle.csv (5 semillas, GroupKFold shuffle=True); seed=42"
B,1,"d6,lr0.05,mcw1",6.629906531231359,6.5664;6.6609;6.6625,"results_v2/run_M4_m2.py | modelo XGBoost; config publicada = make_models(seed)['XGBoost'] importada de code/tc_pipeline.py (A) / code/datasetB_pipeline.py (B); grupos = familia quimica (conjunto de elementos) via pandas.factorize; sklearn 1.7.2, xgboost 3.0.5; n_jobs=8, tree_method=hist | run_nested: externo GroupKFold(5) determinista, interno GroupKFold(3) sobre el train externo, seleccion por MAE interna pooled sobre 16 configs; MAE_grouped_anidada = pooled out-of-fold externo; MAE_random_* de hp_grid_ambos.csv (KFold(5, shuffle=True, rs=42)); tabla2_* de tabla2_shuffle.csv (5 semillas, GroupKFold shuffle=True); seed=42"
B,1,"d6,lr0.05,mcw10",6.638387530439186,6.5347;6.6595;6.7210,"results_v2/run_M4_m2.py | modelo XGBoost; config publicada = make_models(seed)['XGBoost'] importada de code/tc_pipeline.py (A) / code/datasetB_pipeline.py (B); grupos = familia quimica (conjunto de elementos) via pandas.factorize; sklearn 1.7.2, xgboost 3.0.5; n_jobs=8, tree_method=hist | run_nested: externo GroupKFold(5) determinista, interno GroupKFold(3) sobre el train externo, seleccion por MAE interna pooled sobre 16 configs; MAE_grouped_anidada = pooled out-of-fold externo; MAE_random_* de hp_grid_ambos.csv (KFold(5, shuffle=True, rs=42)); tabla2_* de tabla2_shuffle.csv (5 semillas, GroupKFold shuffle=True); seed=42"
B,1,"d6,lr0.1,mcw1",6.5815464949891345,6.6624;6.5234;6.5588,"results_v2/run_M4_m2.py | modelo XGBoost; config publicada = make_models(seed)['XGBoost'] importada de code/tc_pipeline.py (A) / code/datasetB_pipeline.py (B); grupos = familia quimica (conjunto de elementos) via pandas.factorize; sklearn 1.7.2, xgboost 3.0.5; n_jobs=8, tree_method=hist | run_nested: externo GroupKFold(5) determinista, interno GroupKFold(3) sobre el train externo, seleccion por MAE interna pooled sobre 16 configs; MAE_grouped_anidada = pooled out-of-fold externo; MAE_random_* de hp_grid_ambos.csv (KFold(5, shuffle=True, rs=42)); tabla2_* de tabla2_shuffle.csv (5 semillas, GroupKFold shuffle=True); seed=42"
B,1,"d6,lr0.1,mcw10",6.588102027999409,6.5764;6.6378;6.5501,"results_v2/run_M4_m2.py | modelo XGBoost; config publicada = make_models(seed)['XGBoost'] importada de code/tc_pipeline.py (A) / code/datasetB_pipeline.py (B); grupos = familia quimica (conjunto de elementos) via pandas.factorize; sklearn 1.7.2, xgboost 3.0.5; n_jobs=8, tree_method=hist | run_nested: externo GroupKFold(5) determinista, interno GroupKFold(3) sobre el train externo, seleccion por MAE interna pooled sobre 16 configs; MAE_grouped_anidada = pooled out-of-fold externo; MAE_random_* de hp_grid_ambos.csv (KFold(5, shuffle=True, rs=42)); tabla2_* de tabla2_shuffle.csv (5 semillas, GroupKFold shuffle=True); seed=42"
B,1,"d8,lr0.05,mcw1",6.5133638492412125,6.5300;6.5323;6.4778,"results_v2/run_M4_m2.py | modelo XGBoost; config publicada = make_models(seed)['XGBoost'] importada de code/tc_pipeline.py (A) / code/datasetB_pipeline.py (B); grupos = familia quimica (conjunto de elementos) via pandas.factorize; sklearn 1.7.2, xgboost 3.0.5; n_jobs=8, tree_method=hist | run_nested: externo GroupKFold(5) determinista, interno GroupKFold(3) sobre el train externo, seleccion por MAE interna pooled sobre 16 configs; MAE_grouped_anidada = pooled out-of-fold externo; MAE_random_* de hp_grid_ambos.csv (KFold(5, shuffle=True, rs=42)); tabla2_* de tabla2_shuffle.csv (5 semillas, GroupKFold shuffle=True); seed=42"
B,1,"d8,lr0.05,mcw10",6.528285020022526,6.6067;6.5191;6.4591,"results_v2/run_M4_m2.py | modelo XGBoost; config publicada = make_models(seed)['XGBoost'] importada de code/tc_pipeline.py (A) / code/datasetB_pipeline.py (B); grupos = familia quimica (conjunto de elementos) via pandas.factorize; sklearn 1.7.2, xgboost 3.0.5; n_jobs=8, tree_method=hist | run_nested: externo GroupKFold(5) determinista, interno GroupKFold(3) sobre el train externo, seleccion por MAE interna pooled sobre 16 configs; MAE_grouped_anidada = pooled out-of-fold externo; MAE_random_* de hp_grid_ambos.csv (KFold(5, shuffle=True, rs=42)); tabla2_* de tabla2_shuffle.csv (5 semillas, GroupKFold shuffle=True); seed=42"
B,1,"d8,lr0.1,mcw1",6.539059560166073,6.5660;6.5711;6.4800,"results_v2/run_M4_m2.py | modelo XGBoost; config publicada = make_models(seed)['XGBoost'] importada de code/tc_pipeline.py (A) / code/datasetB_pipeline.py (B); grupos = familia quimica (conjunto de elementos) via pandas.factorize; sklearn 1.7.2, xgboost 3.0.5; n_jobs=8, tree_method=hist | run_nested: externo GroupKFold(5) determinista, interno GroupKFold(3) sobre el train externo, seleccion por MAE interna pooled sobre 16 configs; MAE_grouped_anidada = pooled out-of-fold externo; MAE_random_* de hp_grid_ambos.csv (KFold(5, shuffle=True, rs=42)); tabla2_* de tabla2_shuffle.csv (5 semillas, GroupKFold shuffle=True); seed=42"
B,1,"d8,lr0.1,mcw10",6.596362720831481,6.6521;6.5904;6.5466,"results_v2/run_M4_m2.py | modelo XGBoost; config publicada = make_models(seed)['XGBoost'] importada de code/tc_pipeline.py (A) / code/datasetB_pipeline.py (B); grupos = familia quimica (conjunto de elementos) via pandas.factorize; sklearn 1.7.2, xgboost 3.0.5; n_jobs=8, tree_method=hist | run_nested: externo GroupKFold(5) determinista, interno GroupKFold(3) sobre el train externo, seleccion por MAE interna pooled sobre 16 configs; MAE_grouped_anidada = pooled out-of-fold externo; MAE_random_* de hp_grid_ambos.csv (KFold(5, shuffle=True, rs=42)); tabla2_* de tabla2_shuffle.csv (5 semillas, GroupKFold shuffle=True); seed=42"
B,1,"d10,lr0.05,mcw1",6.491539319762462,6.4408;6.4830;6.5509,"results_v2/run_M4_m2.py | modelo XGBoost; config publicada = make_models(seed)['XGBoost'] importada de code/tc_pipeline.py (A) / code/datasetB_pipeline.py (B); grupos = familia quimica (conjunto de elementos) via pandas.factorize; sklearn 1.7.2, xgboost 3.0.5; n_jobs=8, tree_method=hist | run_nested: externo GroupKFold(5) determinista, interno GroupKFold(3) sobre el train externo, seleccion por MAE interna pooled sobre 16 configs; MAE_grouped_anidada = pooled out-of-fold externo; MAE_random_* de hp_grid_ambos.csv (KFold(5, shuffle=True, rs=42)); tabla2_* de tabla2_shuffle.csv (5 semillas, GroupKFold shuffle=True); seed=42"
B,1,"d10,lr0.05,mcw10",6.516698341159661,6.4886;6.6145;6.4470,"results_v2/run_M4_m2.py | modelo XGBoost; config publicada = make_models(seed)['XGBoost'] importada de code/tc_pipeline.py (A) / code/datasetB_pipeline.py (B); grupos = familia quimica (conjunto de elementos) via pandas.factorize; sklearn 1.7.2, xgboost 3.0.5; n_jobs=8, tree_method=hist | run_nested: externo GroupKFold(5) determinista, interno GroupKFold(3) sobre el train externo, seleccion por MAE interna pooled sobre 16 configs; MAE_grouped_anidada = pooled out-of-fold externo; MAE_random_* de hp_grid_ambos.csv (KFold(5, shuffle=True, rs=42)); tabla2_* de tabla2_shuffle.csv (5 semillas, GroupKFold shuffle=True); seed=42"
B,1,"d10,lr0.1,mcw1",6.474178327273597,6.4284;6.5412;6.4530,"results_v2/run_M4_m2.py | modelo XGBoost; config publicada = make_models(seed)['XGBoost'] importada de code/tc_pipeline.py (A) / code/datasetB_pipeline.py (B); grupos = familia quimica (conjunto de elementos) via pandas.factorize; sklearn 1.7.2, xgboost 3.0.5; n_jobs=8, tree_method=hist | run_nested: externo GroupKFold(5) determinista, interno GroupKFold(3) sobre el train externo, seleccion por MAE interna pooled sobre 16 configs; MAE_grouped_anidada = pooled out-of-fold externo; MAE_random_* de hp_grid_ambos.csv (KFold(5, shuffle=True, rs=42)); tabla2_* de tabla2_shuffle.csv (5 semillas, GroupKFold shuffle=True); seed=42"
B,1,"d10,lr0.1,mcw10",6.552236609431232,6.4608;6.6659;6.5300,"results_v2/run_M4_m2.py | modelo XGBoost; config publicada = make_models(seed)['XGBoost'] importada de code/tc_pipeline.py (A) / code/datasetB_pipeline.py (B); grupos = familia quimica (conjunto de elementos) via pandas.factorize; sklearn 1.7.2, xgboost 3.0.5; n_jobs=8, tree_method=hist | run_nested: externo GroupKFold(5) determinista, interno GroupKFold(3) sobre el train externo, seleccion por MAE interna pooled sobre 16 configs; MAE_grouped_anidada = pooled out-of-fold externo; MAE_random_* de hp_grid_ambos.csv (KFold(5, shuffle=True, rs=42)); tabla2_* de tabla2_shuffle.csv (5 semillas, GroupKFold shuffle=True); seed=42"
B,2,"d4,lr0.05,mcw1",7.316113722219697,6.8195;7.1082;8.0208,"results_v2/run_M4_m2.py | modelo XGBoost; config publicada = make_models(seed)['XGBoost'] importada de code/tc_pipeline.py (A) / code/datasetB_pipeline.py (B); grupos = familia quimica (conjunto de elementos) via pandas.factorize; sklearn 1.7.2, xgboost 3.0.5; n_jobs=8, tree_method=hist | run_nested: externo GroupKFold(5) determinista, interno GroupKFold(3) sobre el train externo, seleccion por MAE interna pooled sobre 16 configs; MAE_grouped_anidada = pooled out-of-fold externo; MAE_random_* de hp_grid_ambos.csv (KFold(5, shuffle=True, rs=42)); tabla2_* de tabla2_shuffle.csv (5 semillas, GroupKFold shuffle=True); seed=42"
B,2,"d4,lr0.05,mcw10",7.338563752226876,6.8242;7.1604;8.0312,"results_v2/run_M4_m2.py | modelo XGBoost; config publicada = make_models(seed)['XGBoost'] importada de code/tc_pipeline.py (A) / code/datasetB_pipeline.py (B); grupos = familia quimica (conjunto de elementos) via pandas.factorize; sklearn 1.7.2, xgboost 3.0.5; n_jobs=8, tree_method=hist | run_nested: externo GroupKFold(5) determinista, interno GroupKFold(3) sobre el train externo, seleccion por MAE interna pooled sobre 16 configs; MAE_grouped_anidada = pooled out-of-fold externo; MAE_random_* de hp_grid_ambos.csv (KFold(5, shuffle=True, rs=42)); tabla2_* de tabla2_shuffle.csv (5 semillas, GroupKFold shuffle=True); seed=42"
B,2,"d4,lr0.1,mcw1",7.11604471767963,6.5628;6.9084;7.8771,"results_v2/run_M4_m2.py | modelo XGBoost; config publicada = make_models(seed)['XGBoost'] importada de code/tc_pipeline.py (A) / code/datasetB_pipeline.py (B); grupos = familia quimica (conjunto de elementos) via pandas.factorize; sklearn 1.7.2, xgboost 3.0.5; n_jobs=8, tree_method=hist | run_nested: externo GroupKFold(5) determinista, interno GroupKFold(3) sobre el train externo, seleccion por MAE interna pooled sobre 16 configs; MAE_grouped_anidada = pooled out-of-fold externo; MAE_random_* de hp_grid_ambos.csv (KFold(5, shuffle=True, rs=42)); tabla2_* de tabla2_shuffle.csv (5 semillas, GroupKFold shuffle=True); seed=42"
B,2,"d4,lr0.1,mcw10",7.139895876019485,6.5263;6.9285;7.9651,"results_v2/run_M4_m2.py | modelo XGBoost; config publicada = make_models(seed)['XGBoost'] importada de code/tc_pipeline.py (A) / code/datasetB_pipeline.py (B); grupos = familia quimica (conjunto de elementos) via pandas.factorize; sklearn 1.7.2, xgboost 3.0.5; n_jobs=8, tree_method=hist | run_nested: externo GroupKFold(5) determinista, interno GroupKFold(3) sobre el train externo, seleccion por MAE interna pooled sobre 16 configs; MAE_grouped_anidada = pooled out-of-fold externo; MAE_random_* de hp_grid_ambos.csv (KFold(5, shuffle=True, rs=42)); tabla2_* de tabla2_shuffle.csv (5 semillas, GroupKFold shuffle=True); seed=42"
B,2,"d6,lr0.05,mcw1",6.804163125638399,6.2576;6.6411;7.5139,"results_v2/run_M4_m2.py | modelo XGBoost; config publicada = make_models(seed)['XGBoost'] importada de code/tc_pipeline.py (A) / code/datasetB_pipeline.py (B); grupos = familia quimica (conjunto de elementos) via pandas.factorize; sklearn 1.7.2, xgboost 3.0.5; n_jobs=8, tree_method=hist | run_nested: externo GroupKFold(5) determinista, interno GroupKFold(3) sobre el train externo, seleccion por MAE interna pooled sobre 16 configs; MAE_grouped_anidada = pooled out-of-fold externo; MAE_random_* de hp_grid_ambos.csv (KFold(5, shuffle=True, rs=42)); tabla2_* de tabla2_shuffle.csv (5 semillas, GroupKFold shuffle=True); seed=42"
B,2,"d6,lr0.05,mcw10",6.8654510114965595,6.2250;6.7184;7.6532,"results_v2/run_M4_m2.py | modelo XGBoost; config publicada = make_models(seed)['XGBoost'] importada de code/tc_pipeline.py (A) / code/datasetB_pipeline.py (B); grupos = familia quimica (conjunto de elementos) via pandas.factorize; sklearn 1.7.2, xgboost 3.0.5; n_jobs=8, tree_method=hist | run_nested: externo GroupKFold(5) determinista, interno GroupKFold(3) sobre el train externo, seleccion por MAE interna pooled sobre 16 configs; MAE_grouped_anidada = pooled out-of-fold externo; MAE_random_* de hp_grid_ambos.csv (KFold(5, shuffle=True, rs=42)); tabla2_* de tabla2_shuffle.csv (5 semillas, GroupKFold shuffle=True); seed=42"
B,2,"d6,lr0.1,mcw1",6.780554653863473,6.1940;6.6309;7.5169,"results_v2/run_M4_m2.py | modelo XGBoost; config publicada = make_models(seed)['XGBoost'] importada de code/tc_pipeline.py (A) / code/datasetB_pipeline.py (B); grupos = familia quimica (conjunto de elementos) via pandas.factorize; sklearn 1.7.2, xgboost 3.0.5; n_jobs=8, tree_method=hist | run_nested: externo GroupKFold(5) determinista, interno GroupKFold(3) sobre el train externo, seleccion por MAE interna pooled sobre 16 configs; MAE_grouped_anidada = pooled out-of-fold externo; MAE_random_* de hp_grid_ambos.csv (KFold(5, shuffle=True, rs=42)); tabla2_* de tabla2_shuffle.csv (5 semillas, GroupKFold shuffle=True); seed=42"
B,2,"d6,lr0.1,mcw10",6.837535539441437,6.2799;6.6026;7.6303,"results_v2/run_M4_m2.py | modelo XGBoost; config publicada = make_models(seed)['XGBoost'] importada de code/tc_pipeline.py (A) / code/datasetB_pipeline.py (B); grupos = familia quimica (conjunto de elementos) via pandas.factorize; sklearn 1.7.2, xgboost 3.0.5; n_jobs=8, tree_method=hist | run_nested: externo GroupKFold(5) determinista, interno GroupKFold(3) sobre el train externo, seleccion por MAE interna pooled sobre 16 configs; MAE_grouped_anidada = pooled out-of-fold externo; MAE_random_* de hp_grid_ambos.csv (KFold(5, shuffle=True, rs=42)); tabla2_* de tabla2_shuffle.csv (5 semillas, GroupKFold shuffle=True); seed=42"
B,2,"d8,lr0.05,mcw1",6.641023358223528,6.0274;6.5751;7.3208,"results_v2/run_M4_m2.py | modelo XGBoost; config publicada = make_models(seed)['XGBoost'] importada de code/tc_pipeline.py (A) / code/datasetB_pipeline.py (B); grupos = familia quimica (conjunto de elementos) via pandas.factorize; sklearn 1.7.2, xgboost 3.0.5; n_jobs=8, tree_method=hist | run_nested: externo GroupKFold(5) determinista, interno GroupKFold(3) sobre el train externo, seleccion por MAE interna pooled sobre 16 configs; MAE_grouped_anidada = pooled out-of-fold externo; MAE_random_* de hp_grid_ambos.csv (KFold(5, shuffle=True, rs=42)); tabla2_* de tabla2_shuffle.csv (5 semillas, GroupKFold shuffle=True); seed=42"
B,2,"d8,lr0.05,mcw10",6.7709650063320375,6.1489;6.5899;7.5743,"results_v2/run_M4_m2.py | modelo XGBoost; config publicada = make_models(seed)['XGBoost'] importada de code/tc_pipeline.py (A) / code/datasetB_pipeline.py (B); grupos = familia quimica (conjunto de elementos) via pandas.factorize; sklearn 1.7.2, xgboost 3.0.5; n_jobs=8, tree_method=hist | run_nested: externo GroupKFold(5) determinista, interno GroupKFold(3) sobre el train externo, seleccion por MAE interna pooled sobre 16 configs; MAE_grouped_anidada = pooled out-of-fold externo; MAE_random_* de hp_grid_ambos.csv (KFold(5, shuffle=True, rs=42)); tabla2_* de tabla2_shuffle.csv (5 semillas, GroupKFold shuffle=True); seed=42"
B,2,"d8,lr0.1,mcw1",6.624602576564043,5.9520;6.5856;7.3364,"results_v2/run_M4_m2.py | modelo XGBoost; config publicada = make_models(seed)['XGBoost'] importada de code/tc_pipeline.py (A) / code/datasetB_pipeline.py (B); grupos = familia quimica (conjunto de elementos) via pandas.factorize; sklearn 1.7.2, xgboost 3.0.5; n_jobs=8, tree_method=hist | run_nested: externo GroupKFold(5) determinista, interno GroupKFold(3) sobre el train externo, seleccion por MAE interna pooled sobre 16 configs; MAE_grouped_anidada = pooled out-of-fold externo; MAE_random_* de hp_grid_ambos.csv (KFold(5, shuffle=True, rs=42)); tabla2_* de tabla2_shuffle.csv (5 semillas, GroupKFold shuffle=True); seed=42"
B,2,"d8,lr0.1,mcw10",6.671105226823229,6.0881;6.6296;7.2957,"results_v2/run_M4_m2.py | modelo XGBoost; config publicada = make_models(seed)['XGBoost'] importada de code/tc_pipeline.py (A) / code/datasetB_pipeline.py (B); grupos = familia quimica (conjunto de elementos) via pandas.factorize; sklearn 1.7.2, xgboost 3.0.5; n_jobs=8, tree_method=hist | run_nested: externo GroupKFold(5) determinista, interno GroupKFold(3) sobre el train externo, seleccion por MAE interna pooled sobre 16 configs; MAE_grouped_anidada = pooled out-of-fold externo; MAE_random_* de hp_grid_ambos.csv (KFold(5, shuffle=True, rs=42)); tabla2_* de tabla2_shuffle.csv (5 semillas, GroupKFold shuffle=True); seed=42"
B,2,"d10,lr0.05,mcw1",6.646419470575167,6.0567;6.5674;7.3154,"results_v2/run_M4_m2.py | modelo XGBoost; config publicada = make_models(seed)['XGBoost'] importada de code/tc_pipeline.py (A) / code/datasetB_pipeline.py (B); grupos = familia quimica (conjunto de elementos) via pandas.factorize; sklearn 1.7.2, xgboost 3.0.5; n_jobs=8, tree_method=hist | run_nested: externo GroupKFold(5) determinista, interno GroupKFold(3) sobre el train externo, seleccion por MAE interna pooled sobre 16 configs; MAE_grouped_anidada = pooled out-of-fold externo; MAE_random_* de hp_grid_ambos.csv (KFold(5, shuffle=True, rs=42)); tabla2_* de tabla2_shuffle.csv (5 semillas, GroupKFold shuffle=True); seed=42"
B,2,"d10,lr0.05,mcw10",6.672110916834317,6.1255;6.4650;7.4261,"results_v2/run_M4_m2.py | modelo XGBoost; config publicada = make_models(seed)['XGBoost'] importada de code/tc_pipeline.py (A) / code/datasetB_pipeline.py (B); grupos = familia quimica (conjunto de elementos) via pandas.factorize; sklearn 1.7.2, xgboost 3.0.5; n_jobs=8, tree_method=hist | run_nested: externo GroupKFold(5) determinista, interno GroupKFold(3) sobre el train externo, seleccion por MAE interna pooled sobre 16 configs; MAE_grouped_anidada = pooled out-of-fold externo; MAE_random_* de hp_grid_ambos.csv (KFold(5, shuffle=True, rs=42)); tabla2_* de tabla2_shuffle.csv (5 semillas, GroupKFold shuffle=True); seed=42"
B,2,"d10,lr0.1,mcw1",6.689855109145578,6.1189;6.6197;7.3311,"results_v2/run_M4_m2.py | modelo XGBoost; config publicada = make_models(seed)['XGBoost'] importada de code/tc_pipeline.py (A) / code/datasetB_pipeline.py (B); grupos = familia quimica (conjunto de elementos) via pandas.factorize; sklearn 1.7.2, xgboost 3.0.5; n_jobs=8, tree_method=hist | run_nested: externo GroupKFold(5) determinista, interno GroupKFold(3) sobre el train externo, seleccion por MAE interna pooled sobre 16 configs; MAE_grouped_anidada = pooled out-of-fold externo; MAE_random_* de hp_grid_ambos.csv (KFold(5, shuffle=True, rs=42)); tabla2_* de tabla2_shuffle.csv (5 semillas, GroupKFold shuffle=True); seed=42"
B,2,"d10,lr0.1,mcw10",6.7306458558170235,6.1797;6.5381;7.4743,"results_v2/run_M4_m2.py | modelo XGBoost; config publicada = make_models(seed)['XGBoost'] importada de code/tc_pipeline.py (A) / code/datasetB_pipeline.py (B); grupos = familia quimica (conjunto de elementos) via pandas.factorize; sklearn 1.7.2, xgboost 3.0.5; n_jobs=8, tree_method=hist | run_nested: externo GroupKFold(5) determinista, interno GroupKFold(3) sobre el train externo, seleccion por MAE interna pooled sobre 16 configs; MAE_grouped_anidada = pooled out-of-fold externo; MAE_random_* de hp_grid_ambos.csv (KFold(5, shuffle=True, rs=42)); tabla2_* de tabla2_shuffle.csv (5 semillas, GroupKFold shuffle=True); seed=42"
B,3,"d4,lr0.05,mcw1",7.457446235260607,7.4512;7.5619;7.3592,"results_v2/run_M4_m2.py | modelo XGBoost; config publicada = make_models(seed)['XGBoost'] importada de code/tc_pipeline.py (A) / code/datasetB_pipeline.py (B); grupos = familia quimica (conjunto de elementos) via pandas.factorize; sklearn 1.7.2, xgboost 3.0.5; n_jobs=8, tree_method=hist | run_nested: externo GroupKFold(5) determinista, interno GroupKFold(3) sobre el train externo, seleccion por MAE interna pooled sobre 16 configs; MAE_grouped_anidada = pooled out-of-fold externo; MAE_random_* de hp_grid_ambos.csv (KFold(5, shuffle=True, rs=42)); tabla2_* de tabla2_shuffle.csv (5 semillas, GroupKFold shuffle=True); seed=42"
B,3,"d4,lr0.05,mcw10",7.480759084056345,7.5027;7.5957;7.3439,"results_v2/run_M4_m2.py | modelo XGBoost; config publicada = make_models(seed)['XGBoost'] importada de code/tc_pipeline.py (A) / code/datasetB_pipeline.py (B); grupos = familia quimica (conjunto de elementos) via pandas.factorize; sklearn 1.7.2, xgboost 3.0.5; n_jobs=8, tree_method=hist | run_nested: externo GroupKFold(5) determinista, interno GroupKFold(3) sobre el train externo, seleccion por MAE interna pooled sobre 16 configs; MAE_grouped_anidada = pooled out-of-fold externo; MAE_random_* de hp_grid_ambos.csv (KFold(5, shuffle=True, rs=42)); tabla2_* de tabla2_shuffle.csv (5 semillas, GroupKFold shuffle=True); seed=42"
B,3,"d4,lr0.1,mcw1",7.14729079572853,7.2334;7.1646;7.0439,"results_v2/run_M4_m2.py | modelo XGBoost; config publicada = make_models(seed)['XGBoost'] importada de code/tc_pipeline.py (A) / code/datasetB_pipeline.py (B); grupos = familia quimica (conjunto de elementos) via pandas.factorize; sklearn 1.7.2, xgboost 3.0.5; n_jobs=8, tree_method=hist | run_nested: externo GroupKFold(5) determinista, interno GroupKFold(3) sobre el train externo, seleccion por MAE interna pooled sobre 16 configs; MAE_grouped_anidada = pooled out-of-fold externo; MAE_random_* de hp_grid_ambos.csv (KFold(5, shuffle=True, rs=42)); tabla2_* de tabla2_shuffle.csv (5 semillas, GroupKFold shuffle=True); seed=42"
B,3,"d4,lr0.1,mcw10",7.227892848319915,7.2700;7.2531;7.1606,"results_v2/run_M4_m2.py | modelo XGBoost; config publicada = make_models(seed)['XGBoost'] importada de code/tc_pipeline.py (A) / code/datasetB_pipeline.py (B); grupos = familia quimica (conjunto de elementos) via pandas.factorize; sklearn 1.7.2, xgboost 3.0.5; n_jobs=8, tree_method=hist | run_nested: externo GroupKFold(5) determinista, interno GroupKFold(3) sobre el train externo, seleccion por MAE interna pooled sobre 16 configs; MAE_grouped_anidada = pooled out-of-fold externo; MAE_random_* de hp_grid_ambos.csv (KFold(5, shuffle=True, rs=42)); tabla2_* de tabla2_shuffle.csv (5 semillas, GroupKFold shuffle=True); seed=42"
B,3,"d6,lr0.05,mcw1",6.934102583820478,6.8998;7.0221;6.8804,"results_v2/run_M4_m2.py | modelo XGBoost; config publicada = make_models(seed)['XGBoost'] importada de code/tc_pipeline.py (A) / code/datasetB_pipeline.py (B); grupos = familia quimica (conjunto de elementos) via pandas.factorize; sklearn 1.7.2, xgboost 3.0.5; n_jobs=8, tree_method=hist | run_nested: externo GroupKFold(5) determinista, interno GroupKFold(3) sobre el train externo, seleccion por MAE interna pooled sobre 16 configs; MAE_grouped_anidada = pooled out-of-fold externo; MAE_random_* de hp_grid_ambos.csv (KFold(5, shuffle=True, rs=42)); tabla2_* de tabla2_shuffle.csv (5 semillas, GroupKFold shuffle=True); seed=42"
B,3,"d6,lr0.05,mcw10",6.945554522988453,6.9298;7.1073;6.7995,"results_v2/run_M4_m2.py | modelo XGBoost; config publicada = make_models(seed)['XGBoost'] importada de code/tc_pipeline.py (A) / code/datasetB_pipeline.py (B); grupos = familia quimica (conjunto de elementos) via pandas.factorize; sklearn 1.7.2, xgboost 3.0.5; n_jobs=8, tree_method=hist | run_nested: externo GroupKFold(5) determinista, interno GroupKFold(3) sobre el train externo, seleccion por MAE interna pooled sobre 16 configs; MAE_grouped_anidada = pooled out-of-fold externo; MAE_random_* de hp_grid_ambos.csv (KFold(5, shuffle=True, rs=42)); tabla2_* de tabla2_shuffle.csv (5 semillas, GroupKFold shuffle=True); seed=42"
B,3,"d6,lr0.1,mcw1",7.015659618931175,7.0908;7.1206;6.8355,"results_v2/run_M4_m2.py | modelo XGBoost; config publicada = make_models(seed)['XGBoost'] importada de code/tc_pipeline.py (A) / code/datasetB_pipeline.py (B); grupos = familia quimica (conjunto de elementos) via pandas.factorize; sklearn 1.7.2, xgboost 3.0.5; n_jobs=8, tree_method=hist | run_nested: externo GroupKFold(5) determinista, interno GroupKFold(3) sobre el train externo, seleccion por MAE interna pooled sobre 16 configs; MAE_grouped_anidada = pooled out-of-fold externo; MAE_random_* de hp_grid_ambos.csv (KFold(5, shuffle=True, rs=42)); tabla2_* de tabla2_shuffle.csv (5 semillas, GroupKFold shuffle=True); seed=42"
B,3,"d6,lr0.1,mcw10",7.000630916814768,6.8699;7.1067;7.0253,"results_v2/run_M4_m2.py | modelo XGBoost; config publicada = make_models(seed)['XGBoost'] importada de code/tc_pipeline.py (A) / code/datasetB_pipeline.py (B); grupos = familia quimica (conjunto de elementos) via pandas.factorize; sklearn 1.7.2, xgboost 3.0.5; n_jobs=8, tree_method=hist | run_nested: externo GroupKFold(5) determinista, interno GroupKFold(3) sobre el train externo, seleccion por MAE interna pooled sobre 16 configs; MAE_grouped_anidada = pooled out-of-fold externo; MAE_random_* de hp_grid_ambos.csv (KFold(5, shuffle=True, rs=42)); tabla2_* de tabla2_shuffle.csv (5 semillas, GroupKFold shuffle=True); seed=42"
B,3,"d8,lr0.05,mcw1",6.914868401552513,6.7731;7.0828;6.8887,"results_v2/run_M4_m2.py | modelo XGBoost; config publicada = make_models(seed)['XGBoost'] importada de code/tc_pipeline.py (A) / code/datasetB_pipeline.py (B); grupos = familia quimica (conjunto de elementos) via pandas.factorize; sklearn 1.7.2, xgboost 3.0.5; n_jobs=8, tree_method=hist | run_nested: externo GroupKFold(5) determinista, interno GroupKFold(3) sobre el train externo, seleccion por MAE interna pooled sobre 16 configs; MAE_grouped_anidada = pooled out-of-fold externo; MAE_random_* de hp_grid_ambos.csv (KFold(5, shuffle=True, rs=42)); tabla2_* de tabla2_shuffle.csv (5 semillas, GroupKFold shuffle=True); seed=42"
B,3,"d8,lr0.05,mcw10",6.909184989539463,6.7461;7.1287;6.8528,"results_v2/run_M4_m2.py | modelo XGBoost; config publicada = make_models(seed)['XGBoost'] importada de code/tc_pipeline.py (A) / code/datasetB_pipeline.py (B); grupos = familia quimica (conjunto de elementos) via pandas.factorize; sklearn 1.7.2, xgboost 3.0.5; n_jobs=8, tree_method=hist | run_nested: externo GroupKFold(5) determinista, interno GroupKFold(3) sobre el train externo, seleccion por MAE interna pooled sobre 16 configs; MAE_grouped_anidada = pooled out-of-fold externo; MAE_random_* de hp_grid_ambos.csv (KFold(5, shuffle=True, rs=42)); tabla2_* de tabla2_shuffle.csv (5 semillas, GroupKFold shuffle=True); seed=42"
B,3,"d8,lr0.1,mcw1",6.911921880558494,6.6723;7.1565;6.9070,"results_v2/run_M4_m2.py | modelo XGBoost; config publicada = make_models(seed)['XGBoost'] importada de code/tc_pipeline.py (A) / code/datasetB_pipeline.py (B); grupos = familia quimica (conjunto de elementos) via pandas.factorize; sklearn 1.7.2, xgboost 3.0.5; n_jobs=8, tree_method=hist | run_nested: externo GroupKFold(5) determinista, interno GroupKFold(3) sobre el train externo, seleccion por MAE interna pooled sobre 16 configs; MAE_grouped_anidada = pooled out-of-fold externo; MAE_random_* de hp_grid_ambos.csv (KFold(5, shuffle=True, rs=42)); tabla2_* de tabla2_shuffle.csv (5 semillas, GroupKFold shuffle=True); seed=42"
B,3,"d8,lr0.1,mcw10",6.902725038547281,6.6995;7.0582;6.9506,"results_v2/run_M4_m2.py | modelo XGBoost; config publicada = make_models(seed)['XGBoost'] importada de code/tc_pipeline.py (A) / code/datasetB_pipeline.py (B); grupos = familia quimica (conjunto de elementos) via pandas.factorize; sklearn 1.7.2, xgboost 3.0.5; n_jobs=8, tree_method=hist | run_nested: externo GroupKFold(5) determinista, interno GroupKFold(3) sobre el train externo, seleccion por MAE interna pooled sobre 16 configs; MAE_grouped_anidada = pooled out-of-fold externo; MAE_random_* de hp_grid_ambos.csv (KFold(5, shuffle=True, rs=42)); tabla2_* de tabla2_shuffle.csv (5 semillas, GroupKFold shuffle=True); seed=42"
B,3,"d10,lr0.05,mcw1",6.8740199611648825,6.6904;7.1260;6.8058,"results_v2/run_M4_m2.py | modelo XGBoost; config publicada = make_models(seed)['XGBoost'] importada de code/tc_pipeline.py (A) / code/datasetB_pipeline.py (B); grupos = familia quimica (conjunto de elementos) via pandas.factorize; sklearn 1.7.2, xgboost 3.0.5; n_jobs=8, tree_method=hist | run_nested: externo GroupKFold(5) determinista, interno GroupKFold(3) sobre el train externo, seleccion por MAE interna pooled sobre 16 configs; MAE_grouped_anidada = pooled out-of-fold externo; MAE_random_* de hp_grid_ambos.csv (KFold(5, shuffle=True, rs=42)); tabla2_* de tabla2_shuffle.csv (5 semillas, GroupKFold shuffle=True); seed=42"
B,3,"d10,lr0.05,mcw10",6.779558433118053,6.6416;7.0051;6.6921,"results_v2/run_M4_m2.py | modelo XGBoost; config publicada = make_models(seed)['XGBoost'] importada de code/tc_pipeline.py (A) / code/datasetB_pipeline.py (B); grupos = familia quimica (conjunto de elementos) via pandas.factorize; sklearn 1.7.2, xgboost 3.0.5; n_jobs=8, tree_method=hist | run_nested: externo GroupKFold(5) determinista, interno GroupKFold(3) sobre el train externo, seleccion por MAE interna pooled sobre 16 configs; MAE_grouped_anidada = pooled out-of-fold externo; MAE_random_* de hp_grid_ambos.csv (KFold(5, shuffle=True, rs=42)); tabla2_* de tabla2_shuffle.csv (5 semillas, GroupKFold shuffle=True); seed=42"
B,3,"d10,lr0.1,mcw1",6.899448100078619,6.6728;7.1623;6.8633,"results_v2/run_M4_m2.py | modelo XGBoost; config publicada = make_models(seed)['XGBoost'] importada de code/tc_pipeline.py (A) / code/datasetB_pipeline.py (B); grupos = familia quimica (conjunto de elementos) via pandas.factorize; sklearn 1.7.2, xgboost 3.0.5; n_jobs=8, tree_method=hist | run_nested: externo GroupKFold(5) determinista, interno GroupKFold(3) sobre el train externo, seleccion por MAE interna pooled sobre 16 configs; MAE_grouped_anidada = pooled out-of-fold externo; MAE_random_* de hp_grid_ambos.csv (KFold(5, shuffle=True, rs=42)); tabla2_* de tabla2_shuffle.csv (5 semillas, GroupKFold shuffle=True); seed=42"
B,3,"d10,lr0.1,mcw10",6.793189931995851,6.6342;7.0530;6.6924,"results_v2/run_M4_m2.py | modelo XGBoost; config publicada = make_models(seed)['XGBoost'] importada de code/tc_pipeline.py (A) / code/datasetB_pipeline.py (B); grupos = familia quimica (conjunto de elementos) via pandas.factorize; sklearn 1.7.2, xgboost 3.0.5; n_jobs=8, tree_method=hist | run_nested: externo GroupKFold(5) determinista, interno GroupKFold(3) sobre el train externo, seleccion por MAE interna pooled sobre 16 configs; MAE_grouped_anidada = pooled out-of-fold externo; MAE_random_* de hp_grid_ambos.csv (KFold(5, shuffle=True, rs=42)); tabla2_* de tabla2_shuffle.csv (5 semillas, GroupKFold shuffle=True); seed=42"
B,4,"d4,lr0.05,mcw1",7.565601175682393,7.3643;7.4970;7.8355,"results_v2/run_M4_m2.py | modelo XGBoost; config publicada = make_models(seed)['XGBoost'] importada de code/tc_pipeline.py (A) / code/datasetB_pipeline.py (B); grupos = familia quimica (conjunto de elementos) via pandas.factorize; sklearn 1.7.2, xgboost 3.0.5; n_jobs=8, tree_method=hist | run_nested: externo GroupKFold(5) determinista, interno GroupKFold(3) sobre el train externo, seleccion por MAE interna pooled sobre 16 configs; MAE_grouped_anidada = pooled out-of-fold externo; MAE_random_* de hp_grid_ambos.csv (KFold(5, shuffle=True, rs=42)); tabla2_* de tabla2_shuffle.csv (5 semillas, GroupKFold shuffle=True); seed=42"
B,4,"d4,lr0.05,mcw10",7.5833312539992095,7.3789;7.5460;7.8252,"results_v2/run_M4_m2.py | modelo XGBoost; config publicada = make_models(seed)['XGBoost'] importada de code/tc_pipeline.py (A) / code/datasetB_pipeline.py (B); grupos = familia quimica (conjunto de elementos) via pandas.factorize; sklearn 1.7.2, xgboost 3.0.5; n_jobs=8, tree_method=hist | run_nested: externo GroupKFold(5) determinista, interno GroupKFold(3) sobre el train externo, seleccion por MAE interna pooled sobre 16 configs; MAE_grouped_anidada = pooled out-of-fold externo; MAE_random_* de hp_grid_ambos.csv (KFold(5, shuffle=True, rs=42)); tabla2_* de tabla2_shuffle.csv (5 semillas, GroupKFold shuffle=True); seed=42"
B,4,"d4,lr0.1,mcw1",7.387484758624075,7.1345;7.1793;7.8487,"results_v2/run_M4_m2.py | modelo XGBoost; config publicada = make_models(seed)['XGBoost'] importada de code/tc_pipeline.py (A) / code/datasetB_pipeline.py (B); grupos = familia quimica (conjunto de elementos) via pandas.factorize; sklearn 1.7.2, xgboost 3.0.5; n_jobs=8, tree_method=hist | run_nested: externo GroupKFold(5) determinista, interno GroupKFold(3) sobre el train externo, seleccion por MAE interna pooled sobre 16 configs; MAE_grouped_anidada = pooled out-of-fold externo; MAE_random_* de hp_grid_ambos.csv (KFold(5, shuffle=True, rs=42)); tabla2_* de tabla2_shuffle.csv (5 semillas, GroupKFold shuffle=True); seed=42"
B,4,"d4,lr0.1,mcw10",7.347821642937925,7.1337;7.2407;7.6691,"results_v2/run_M4_m2.py | modelo XGBoost; config publicada = make_models(seed)['XGBoost'] importada de code/tc_pipeline.py (A) / code/datasetB_pipeline.py (B); grupos = familia quimica (conjunto de elementos) via pandas.factorize; sklearn 1.7.2, xgboost 3.0.5; n_jobs=8, tree_method=hist | run_nested: externo GroupKFold(5) determinista, interno GroupKFold(3) sobre el train externo, seleccion por MAE interna pooled sobre 16 configs; MAE_grouped_anidada = pooled out-of-fold externo; MAE_random_* de hp_grid_ambos.csv (KFold(5, shuffle=True, rs=42)); tabla2_* de tabla2_shuffle.csv (5 semillas, GroupKFold shuffle=True); seed=42"
B,4,"d6,lr0.05,mcw1",7.050236069011434,6.7752;7.1108;7.2647,"results_v2/run_M4_m2.py | modelo XGBoost; config publicada = make_models(seed)['XGBoost'] importada de code/tc_pipeline.py (A) / code/datasetB_pipeline.py (B); grupos = familia quimica (conjunto de elementos) via pandas.factorize; sklearn 1.7.2, xgboost 3.0.5; n_jobs=8, tree_method=hist | run_nested: externo GroupKFold(5) determinista, interno GroupKFold(3) sobre el train externo, seleccion por MAE interna pooled sobre 16 configs; MAE_grouped_anidada = pooled out-of-fold externo; MAE_random_* de hp_grid_ambos.csv (KFold(5, shuffle=True, rs=42)); tabla2_* de tabla2_shuffle.csv (5 semillas, GroupKFold shuffle=True); seed=42"
B,4,"d6,lr0.05,mcw10",7.07442042175682,6.8481;7.0299;7.3453,"results_v2/run_M4_m2.py | modelo XGBoost; config publicada = make_models(seed)['XGBoost'] importada de code/tc_pipeline.py (A) / code/datasetB_pipeline.py (B); grupos = familia quimica (conjunto de elementos) via pandas.factorize; sklearn 1.7.2, xgboost 3.0.5; n_jobs=8, tree_method=hist | run_nested: externo GroupKFold(5) determinista, interno GroupKFold(3) sobre el train externo, seleccion por MAE interna pooled sobre 16 configs; MAE_grouped_anidada = pooled out-of-fold externo; MAE_random_* de hp_grid_ambos.csv (KFold(5, shuffle=True, rs=42)); tabla2_* de tabla2_shuffle.csv (5 semillas, GroupKFold shuffle=True); seed=42"
B,4,"d6,lr0.1,mcw1",7.032560469800311,6.8639;6.8899;7.3440,"results_v2/run_M4_m2.py | modelo XGBoost; config publicada = make_models(seed)['XGBoost'] importada de code/tc_pipeline.py (A) / code/datasetB_pipeline.py (B); grupos = familia quimica (conjunto de elementos) via pandas.factorize; sklearn 1.7.2, xgboost 3.0.5; n_jobs=8, tree_method=hist | run_nested: externo GroupKFold(5) determinista, interno GroupKFold(3) sobre el train externo, seleccion por MAE interna pooled sobre 16 configs; MAE_grouped_anidada = pooled out-of-fold externo; MAE_random_* de hp_grid_ambos.csv (KFold(5, shuffle=True, rs=42)); tabla2_* de tabla2_shuffle.csv (5 semillas, GroupKFold shuffle=True); seed=42"
B,4,"d6,lr0.1,mcw10",7.177230333484667,6.7858;7.2270;7.5190,"results_v2/run_M4_m2.py | modelo XGBoost; config publicada = make_models(seed)['XGBoost'] importada de code/tc_pipeline.py (A) / code/datasetB_pipeline.py (B); grupos = familia quimica (conjunto de elementos) via pandas.factorize; sklearn 1.7.2, xgboost 3.0.5; n_jobs=8, tree_method=hist | run_nested: externo GroupKFold(5) determinista, interno GroupKFold(3) sobre el train externo, seleccion por MAE interna pooled sobre 16 configs; MAE_grouped_anidada = pooled out-of-fold externo; MAE_random_* de hp_grid_ambos.csv (KFold(5, shuffle=True, rs=42)); tabla2_* de tabla2_shuffle.csv (5 semillas, GroupKFold shuffle=True); seed=42"
B,4,"d8,lr0.05,mcw1",6.873574566967862,6.6135;6.9989;7.0085,"results_v2/run_M4_m2.py | modelo XGBoost; config publicada = make_models(seed)['XGBoost'] importada de code/tc_pipeline.py (A) / code/datasetB_pipeline.py (B); grupos = familia quimica (conjunto de elementos) via pandas.factorize; sklearn 1.7.2, xgboost 3.0.5; n_jobs=8, tree_method=hist | run_nested: externo GroupKFold(5) determinista, interno GroupKFold(3) sobre el train externo, seleccion por MAE interna pooled sobre 16 configs; MAE_grouped_anidada = pooled out-of-fold externo; MAE_random_* de hp_grid_ambos.csv (KFold(5, shuffle=True, rs=42)); tabla2_* de tabla2_shuffle.csv (5 semillas, GroupKFold shuffle=True); seed=42"
B,4,"d8,lr0.05,mcw10",6.8781760480473535,6.7416;6.8678;7.0251,"results_v2/run_M4_m2.py | modelo XGBoost; config publicada = make_models(seed)['XGBoost'] importada de code/tc_pipeline.py (A) / code/datasetB_pipeline.py (B); grupos = familia quimica (conjunto de elementos) via pandas.factorize; sklearn 1.7.2, xgboost 3.0.5; n_jobs=8, tree_method=hist | run_nested: externo GroupKFold(5) determinista, interno GroupKFold(3) sobre el train externo, seleccion por MAE interna pooled sobre 16 configs; MAE_grouped_anidada = pooled out-of-fold externo; MAE_random_* de hp_grid_ambos.csv (KFold(5, shuffle=True, rs=42)); tabla2_* de tabla2_shuffle.csv (5 semillas, GroupKFold shuffle=True); seed=42"
B,4,"d8,lr0.1,mcw1",6.950359609670738,6.7184;6.9996;7.1332,"results_v2/run_M4_m2.py | modelo XGBoost; config publicada = make_models(seed)['XGBoost'] importada de code/tc_pipeline.py (A) / code/datasetB_pipeline.py (B); grupos = familia quimica (conjunto de elementos) via pandas.factorize; sklearn 1.7.2, xgboost 3.0.5; n_jobs=8, tree_method=hist | run_nested: externo GroupKFold(5) determinista, interno GroupKFold(3) sobre el train externo, seleccion por MAE interna pooled sobre 16 configs; MAE_grouped_anidada = pooled out-of-fold externo; MAE_random_* de hp_grid_ambos.csv (KFold(5, shuffle=True, rs=42)); tabla2_* de tabla2_shuffle.csv (5 semillas, GroupKFold shuffle=True); seed=42"
B,4,"d8,lr0.1,mcw10",6.990194167091431,6.7150;7.0979;7.1577,"results_v2/run_M4_m2.py | modelo XGBoost; config publicada = make_models(seed)['XGBoost'] importada de code/tc_pipeline.py (A) / code/datasetB_pipeline.py (B); grupos = familia quimica (conjunto de elementos) via pandas.factorize; sklearn 1.7.2, xgboost 3.0.5; n_jobs=8, tree_method=hist | run_nested: externo GroupKFold(5) determinista, interno GroupKFold(3) sobre el train externo, seleccion por MAE interna pooled sobre 16 configs; MAE_grouped_anidada = pooled out-of-fold externo; MAE_random_* de hp_grid_ambos.csv (KFold(5, shuffle=True, rs=42)); tabla2_* de tabla2_shuffle.csv (5 semillas, GroupKFold shuffle=True); seed=42"
B,4,"d10,lr0.05,mcw1",6.860495914004183,6.5556;6.9863;7.0397,"results_v2/run_M4_m2.py | modelo XGBoost; config publicada = make_models(seed)['XGBoost'] importada de code/tc_pipeline.py (A) / code/datasetB_pipeline.py (B); grupos = familia quimica (conjunto de elementos) via pandas.factorize; sklearn 1.7.2, xgboost 3.0.5; n_jobs=8, tree_method=hist | run_nested: externo GroupKFold(5) determinista, interno GroupKFold(3) sobre el train externo, seleccion por MAE interna pooled sobre 16 configs; MAE_grouped_anidada = pooled out-of-fold externo; MAE_random_* de hp_grid_ambos.csv (KFold(5, shuffle=True, rs=42)); tabla2_* de tabla2_shuffle.csv (5 semillas, GroupKFold shuffle=True); seed=42"
B,4,"d10,lr0.05,mcw10",6.848291271470376,6.5166;6.9394;7.0890,"results_v2/run_M4_m2.py | modelo XGBoost; config publicada = make_models(seed)['XGBoost'] importada de code/tc_pipeline.py (A) / code/datasetB_pipeline.py (B); grupos = familia quimica (conjunto de elementos) via pandas.factorize; sklearn 1.7.2, xgboost 3.0.5; n_jobs=8, tree_method=hist | run_nested: externo GroupKFold(5) determinista, interno GroupKFold(3) sobre el train externo, seleccion por MAE interna pooled sobre 16 configs; MAE_grouped_anidada = pooled out-of-fold externo; MAE_random_* de hp_grid_ambos.csv (KFold(5, shuffle=True, rs=42)); tabla2_* de tabla2_shuffle.csv (5 semillas, GroupKFold shuffle=True); seed=42"
B,4,"d10,lr0.1,mcw1",6.949678865462117,6.7440;7.0572;7.0479,"results_v2/run_M4_m2.py | modelo XGBoost; config publicada = make_models(seed)['XGBoost'] importada de code/tc_pipeline.py (A) / code/datasetB_pipeline.py (B); grupos = familia quimica (conjunto de elementos) via pandas.factorize; sklearn 1.7.2, xgboost 3.0.5; n_jobs=8, tree_method=hist | run_nested: externo GroupKFold(5) determinista, interno GroupKFold(3) sobre el train externo, seleccion por MAE interna pooled sobre 16 configs; MAE_grouped_anidada = pooled out-of-fold externo; MAE_random_* de hp_grid_ambos.csv (KFold(5, shuffle=True, rs=42)); tabla2_* de tabla2_shuffle.csv (5 semillas, GroupKFold shuffle=True); seed=42"
B,4,"d10,lr0.1,mcw10",6.9143855532848555,6.6928;7.0233;7.0271,"results_v2/run_M4_m2.py | modelo XGBoost; config publicada = make_models(seed)['XGBoost'] importada de code/tc_pipeline.py (A) / code/datasetB_pipeline.py (B); grupos = familia quimica (conjunto de elementos) via pandas.factorize; sklearn 1.7.2, xgboost 3.0.5; n_jobs=8, tree_method=hist | run_nested: externo GroupKFold(5) determinista, interno GroupKFold(3) sobre el train externo, seleccion por MAE interna pooled sobre 16 configs; MAE_grouped_anidada = pooled out-of-fold externo; MAE_random_* de hp_grid_ambos.csv (KFold(5, shuffle=True, rs=42)); tabla2_* de tabla2_shuffle.csv (5 semillas, GroupKFold shuffle=True); seed=42"
