seed,group,y,pred,in_split,in_norm,w_split,w_norm
0,1,40.1,75.654396,0,0,23.538597106933594,35.256416
0,4,4.85,4.2968664,1,1,23.538597106933594,1.5177352
0,9,18.2,17.778536,1,1,23.538597106933594,5.9743767
0,10,28.1,35.62079,1,1,23.538597106933594,42.49752
0,14,40.0,19.381605,0,0,23.538597106933594,26.086458
0,15,83.0,12.153381,0,0,23.538597106933594,47.94978
0,17,5.28,3.8123398,1,1,23.538597106933594,4.955035
0,22,50.7,67.3728,0,1,23.538597106933594,54.298786
0,23,14.2,13.284715,1,1,23.538597106933594,6.9800553
0,27,2.78,2.9856162,1,1,23.538597106933594,4.500977
0,30,24.8,75.712654,0,0,23.538597106933594,49.9324
0,33,17.5,13.472357,1,1,23.538597106933594,21.538385
0,37,12.0,10.425224,1,1,23.538597106933594,8.92161
0,40,1.17,2.5427613,1,1,23.538597106933594,3.6071246
0,41,3.45,4.4851956,1,1,23.538597106933594,3.433174
0,44,34.2,26.226633,1,1,23.538597106933594,19.77502
0,49,26.2,21.493006,1,1,23.538597106933594,10.779504
0,53,3.5,1.8093004,1,1,23.538597106933594,7.2664046
0,1,76.0,66.39443,1,1,23.538597106933594,30.169245
0,57,82.5,67.15045,0,1,23.538597106933594,55.6287
0,49,13.7,19.446402,1,1,23.538597106933594,36.21238
0,64,42.5,62.59638,0,1,23.538597106933594,49.600708
0,69,0.61,1.4496716,1,1,23.538597106933594,5.609443
0,70,12.7,9.109414,1,0,23.538597106933594,6.8733234
0,76,6.86,8.334283,1,1,23.538597106933594,8.740699
0,49,45.0,72.34151,0,0,23.538597106933594,49.734814
0,92,8.0,16.784184,1,0,23.538597106933594,9.605483
0,98,11.2,11.958202,1,1,23.538597106933594,6.247983
0,104,38.4,24.379637,0,1,23.538597106933594,57.84093
0,107,1.57,4.784615,1,1,23.538597106933594,8.65368
0,109,46.0,59.276543,0,1,23.538597106933594,78.29022
0,113,25.0,23.727852,1,1,23.538597106933594,15.961143
0,117,4.45,2.4593086,1,0,23.538597106933594,2.5152225
0,118,5.325,2.7303708,1,1,23.538597106933594,7.454638
0,119,14.3,30.61401,0,0,23.538597106933594,18.361433
0,121,6.966666667,10.408447,1,0,23.538597106933594,6.329625
0,124,6.44,6.1127787,1,1,23.538597106933594,4.672254
0,64,73.3,73.26353,1,1,23.538597106933594,11.0024395
0,132,7.6,6.5939856,1,1,23.538597106933594,2.646355
0,134,27.0,23.585121,1,1,23.538597106933594,65.90678
0,135,0.714,1.1661472,1,1,23.538597106933594,2.997743
0,137,29.0,20.722368,1,1,23.538597106933594,51.37053
0,138,0.11,0.91347355,1,1,23.538597106933594,3.3567977
0,141,1.97,1.9719192,1,1,23.538597106933594,6.4079075
0,1,64.0,68.90673,1,1,23.538597106933594,31.147055
0,144,5.905,3.5486603,1,0,23.538597106933594,4.653434
0,118,0.25,3.0471268,1,1,23.538597106933594,8.642155
0,148,7.2,7.2907987,1,1,23.538597106933594,3.8025117
0,149,3.37,1.7807817,1,1,23.538597106933594,5.8074317
0,1,10.4,53.81619,0,0,23.538597106933594,57.423634
0,156,2.04,1.383782,1,1,23.538597106933594,5.487448
0,169,6.358285714,3.910993,1,1,23.538597106933594,7.48466
0,27,3.32,3.0328498,1,1,23.538597106933594,4.357983
0,175,0.5,2.8598123,1,1,23.538597106933594,6.9315825
0,22,16.9,50.620857,0,1,23.538597106933594,76.54309
0,179,4.3,5.2305613,1,1,23.538597106933594,4.388818
0,182,1.29,3.5744278,1,1,23.538597106933594,6.79582
0,188,66.0,60.487087,1,1,23.538597106933594,51.9094
0,189,7.0,4.0513744,1,1,23.538597106933594,9.903287
0,191,10.05,13.123571,1,1,23.538597106933594,32.903206
0,192,7.55,7.2272105,1,1,23.538597106933594,4.626752
0,195,2.05,1.4607123,1,1,23.538597106933594,1.7439075
0,196,1.8,1.6170702,1,1,23.538597106933594,2.2346215
0,189,2.44,3.921719,1,1,23.538597106933594,9.887538
0,44,25.0,22.318695,1,1,23.538597106933594,18.479998
0,202,5.2,3.920294,1,1,23.538597106933594,7.313457
0,64,6.0,60.49929,0,0,23.538597106933594,54.882076
0,179,4.55,5.0374675,1,1,23.538597106933594,3.3806458
0,204,27.0,21.817606,1,1,23.538597106933594,18.53733
0,1,29.9,59.090557,0,1,23.538597106933594,59.849648
0,206,2.33,2.3971663,1,1,23.538597106933594,3.839632
0,119,18.0,20.846785,1,1,23.538597106933594,30.079418
0,215,4.35,3.4514363,1,1,23.538597106933594,7.776484
0,217,16.4,16.504309,1,1,23.538597106933594,9.17209
0,224,16.8,19.492239,1,1,23.538597106933594,13.307396
0,226,6.5,26.086632,0,0,23.538597106933594,12.568925
0,10,37.8,46.932617,1,1,23.538597106933594,49.871662
0,227,1.77,1.8407284,1,1,23.538597106933594,1.6942259
0,228,18.01,14.04173,1,1,23.538597106933594,26.270578
0,229,2.31,7.5522475,1,1,23.538597106933594,10.841208
0,232,5.5,8.891721,1,1,23.538597106933594,14.217306
0,234,1.12,4.778205,1,1,23.538597106933594,7.8556566
0,235,0.22,1.3625038,1,1,23.538597106933594,5.906042
0,1,73.0,66.729454,1,1,23.538597106933594,18.49306
0,49,27.0,65.80064,0,0,23.538597106933594,34.41633
0,238,1.2,2.3527288,1,1,23.538597106933594,3.612729
0,49,65.0,80.79367,0,1,23.538597106933594,36.310944
0,242,15.25,26.149508,1,0,23.538597106933594,12.769306
0,244,28.9,24.676285,1,1,23.538597106933594,30.410294
0,245,19.5,20.132603,1,1,23.538597106933594,15.592715
0,248,4.8,8.29701,1,1,23.538597106933594,8.843686
0,64,56.0,78.47084,0,1,23.538597106933594,59.38919
0,251,3.25,4.427015,1,1,23.538597106933594,4.574739
0,252,24.6,19.144136,1,1,23.538597106933594,16.94768
0,253,31.0,23.253036,1,1,23.538597106933594,37.77084
0,64,25.0,62.195904,0,0,23.538597106933594,56.525253
0,227,3.01,-0.16795154,1,1,23.538597106933594,6.3776402
0,148,9.61,8.764039,1,1,23.538597106933594,4.8807473
0,259,14.0,10.132869,1,1,23.538597106933594,11.052613
0,263,15.6,14.415166,1,1,23.538597106933594,11.442398
0,41,3.223,5.783496,1,0,23.538597106933594,4.4669347
0,269,16.9,15.993903,1,1,23.538597106933594,22.948706
0,271,9.0,6.446698,1,1,23.538597106933594,17.906416
0,41,3.64,4.67059,1,1,23.538597106933594,4.525745
0,276,3.0,55.982845,0,0,23.538597106933594,80.4445
0,289,2.96,6.886107,1,1,23.538597106933594,14.596188
0,290,82.0,80.329025,1,1,23.538597106933594,19.301455
0,295,2.925,7.9757442,1,1,23.538597106933594,12.346668
0,296,5.9,6.779971,1,1,23.538597106933594,7.5199304
0,298,10.5,27.0164,0,0,23.538597106933594,16.60722
0,299,1.0,3.776036,1,0,23.538597106933594,4.4956474
0,302,5.93,5.520775,1,1,23.538597106933594,7.7670126
0,303,3.549542857,5.2936926,1,0,23.538597106933594,2.8935115
0,305,47.0,73.1699,0,0,23.538597106933594,44.245018
0,306,2.3,9.568574,1,0,23.538597106933594,9.263631
0,311,32.0,56.368515,0,1,23.538597106933594,65.03171
0,44,35.0,22.248528,0,0,23.538597106933594,17.713388
0,314,4.3,2.949812,1,1,23.538597106933594,6.507909
0,316,13.0,32.95068,0,0,23.538597106933594,35.39753
0,317,29.0,39.151527,1,1,23.538597106933594,48.93372
0,320,9.0,10.962111,1,1,23.538597106933594,16.689644
0,322,73.0,63.260963,1,1,23.538597106933594,61.05754
0,326,31.0,19.40611,1,0,23.538597106933594,16.78079
0,330,3.3,2.9614706,1,1,23.538597106933594,2.8896406
0,332,18.3,13.384467,1,1,23.538597106933594,17.46837
0,333,7.0,8.190187,1,1,23.538597106933594,10.645075
0,156,2.2,1.6061424,1,1,23.538597106933594,7.929649
0,189,5.866666667,3.5865521,1,0,23.538597106933594,3.7284667
0,338,41.1,35.32794,1,1,23.538597106933594,19.316092
0,346,3.575,5.8611574,1,1,23.538597106933594,60.628387
0,349,5.03,11.767897,1,0,23.538597106933594,7.247805
0,302,8.42,5.7115693,1,1,23.538597106933594,7.6761847
0,351,82.0,64.7904,0,1,23.538597106933594,86.199554
0,117,3.85,1.4749846,1,0,23.538597106933594,3.3741705
0,352,13.3,12.477391,1,1,23.538597106933594,5.8397436
0,353,1.41,3.457578,1,1,23.538597106933594,13.890246
0,206,2.28,2.3971663,1,1,23.538597106933594,3.839632
0,357,4.15,4.472756,1,1,23.538597106933594,3.210818
0,361,10.7,9.613815,1,1,23.538597106933594,7.9182696
0,369,3.81,2.8151557,1,1,23.538597106933594,8.173117
0,251,1.8,3.2202592,1,1,23.538597106933594,4.209818
0,380,0.014,0.34716675,1,1,23.538597106933594,1.8753248
0,385,3.7,3.752495,1,1,23.538597106933594,12.705523
0,64,14.2,67.17212,0,0,23.538597106933594,74.18477
0,390,19.0,16.254385,1,1,23.538597106933594,12.309703
0,137,36.7,20.722368,0,1,23.538597106933594,51.37053
0,392,12.1,10.819839,1,1,23.538597106933594,7.655147
0,396,25.5,20.183348,1,1,23.538597106933594,25.822403
0,398,13.0,10.974356,1,1,23.538597106933594,4.4281707
0,399,7.75,11.351843,1,0,23.538597106933594,6.6485395
0,402,1.89,1.7410485,1,1,23.538597106933594,1.980488
0,405,5.8,5.438549,1,1,23.538597106933594,8.026362
0,1,7.6,54.847027,0,0,23.538597106933594,30.723347
0,64,86.0,86.366394,1,1,23.538597106933594,12.20627
0,410,2.5,3.0967503,1,1,23.538597106933594,5.620447
0,1,80.0,74.27059,1,1,23.538597106933594,24.630873
0,411,53.1,59.559006,1,1,23.538597106933594,63.17754
0,357,5.25,5.3176827,1,1,23.538597106933594,3.6689348
0,137,28.0,20.234095,1,1,23.538597106933594,51.810238
0,418,5.78,6.136716,1,1,23.538597106933594,25.137377
0,422,102.0,17.999538,0,0,23.538597106933594,21.33683
0,425,5.48,11.44617,1,0,23.538597106933594,7.3552494
0,64,45.0,59.763126,0,1,23.538597106933594,82.481575
0,57,57.5,57.65534,1,1,23.538597106933594,40.322807
0,426,15.65,16.359049,1,1,23.538597106933594,10.354389
0,427,4.915,2.4510217,1,0,23.538597106933594,4.3934736
0,1,55.0,46.86732,1,1,23.538597106933594,46.18374
0,436,34.0,34.238247,1,1,23.538597106933594,55.265923
0,438,27.85,28.26467,1,1,23.538597106933594,64.599945
0,402,1.42,1.7582693,1,1,23.538597106933594,1.9477235
0,64,70.1,81.3034,1,0,23.538597106933594,15.630311
0,443,15.2,37.55333,0,0,23.538597106933594,21.746012
0,446,10.9,10.358629,1,1,23.538597106933594,7.2247386
0,452,0.72,2.7104428,1,1,23.538597106933594,5.890394
0,453,1.290384615,31.895912,0,0,23.538597106933594,34.00016
0,454,3.193333333,5.233981,1,1,23.538597106933594,10.689119
0,457,60.0,28.77021,0,1,23.538597106933594,67.08896
0,459,2.76,5.1126423,1,1,23.538597106933594,8.477932
0,461,82.0,78.32402,1,1,23.538597106933594,92.02147
0,463,30.0,25.825968,1,1,23.538597106933594,17.48138
0,465,33.5,18.992466,0,0,23.538597106933594,26.05531
0,1,46.1,53.891533,1,1,23.538597106933594,53.38126
0,352,8.45,9.251345,1,1,23.538597106933594,7.765335
0,156,2.2,1.7935476,1,1,23.538597106933594,8.09672
0,472,14.2,8.177865,1,0,23.538597106933594,10.12436
0,476,83.71,83.57903,1,1,23.538597106933594,87.91382
0,314,3.82,3.528145,1,1,23.538597106933594,6.7367225
0,478,84.1,67.17823,0,0,23.538597106933594,30.785225
0,480,1.1,2.1585457,1,1,23.538597106933594,7.329217
0,192,7.1,7.021343,1,1,23.538597106933594,4.3725877
0,326,38.0,21.243975,0,0,23.538597106933594,26.146181
0,482,5.34,9.447803,1,0,23.538597106933594,3.0919137
0,483,14.2,13.327002,1,1,23.538597106933594,8.7613945
0,10,31.6,33.69901,1,1,23.538597106933594,42.571774
0,357,4.47,4.099644,1,1,23.538597106933594,3.2911696
0,485,2.5,12.417868,1,0,23.538597106933594,11.158115
0,487,94.0,79.54162,0,1,23.538597106933594,48.351006
0,488,5.033571429,3.3233788,1,1,23.538597106933594,4.124764
0,489,2.35,3.0415208,1,1,23.538597106933594,10.964987
0,491,3.5,3.172116,1,1,23.538597106933594,5.879028
0,361,6.9,9.035061,1,1,23.538597106933594,8.3571615
0,493,1.5975,3.3761017,1,1,23.538597106933594,9.382404
0,496,5.1,5.8271737,1,1,23.538597106933594,4.950426
0,501,14.6,22.293596,1,0,23.538597106933594,15.028749
0,502,6.0,4.5970535,1,1,23.538597106933594,10.331319
0,503,6.0,9.853194,1,1,23.538597106933594,11.486831
0,507,91.25,63.00539,0,1,23.538597106933594,100.55923
0,64,20.0,58.552856,0,1,23.538597106933594,97.91191
0,496,7.035,7.117019,1,1,23.538597106933594,3.3124201
0,514,5.05,5.548899,1,1,23.538597106933594,3.8992536
0,188,65.0,58.65366,1,1,23.538597106933594,54.28663
0,517,1.725,2.5229688,1,1,23.538597106933594,4.575936
0,196,0.9865,1.4777437,1,1,23.538597106933594,2.5128949
0,518,28.4,29.84601,1,1,23.538597106933594,25.135418
0,332,16.5,9.04575,1,1,23.538597106933594,15.519189
0,526,3.8,4.182694,1,1,23.538597106933594,6.9889035
0,446,6.0,4.6538305,1,1,23.538597106933594,6.577274
0,527,0.02,0.09061768,1,1,23.538597106933594,2.7851205
0,528,11.4,10.2158375,1,1,23.538597106933594,7.4805636
0,529,1.75,4.087165,1,1,23.538597106933594,9.481858
0,64,31.5,65.27546,0,0,23.538597106933594,36.086216
0,530,17.35,24.662352,1,1,23.538597106933594,23.870325
0,531,81.0,59.90952,0,1,23.538597106933594,55.610535
0,533,0.345,1.865888,1,1,23.538597106933594,6.1854815
0,411,83.9,79.53939,1,1,23.538597106933594,36.646496
0,536,1.13,3.857962,1,1,23.538597106933594,8.771562
0,33,17.2,13.389267,1,1,23.538597106933594,18.81386
0,538,25.3,17.245274,1,0,23.538597106933594,3.234791
0,1,76.9,53.432087,0,0,23.538597106933594,30.821453
0,64,22.5,63.691624,0,0,23.538597106933594,61.244034
0,543,2.52,3.109373,1,1,23.538597106933594,3.6057873
0,545,5.0,69.030304,0,0,23.538597106933594,72.63177
0,546,22.0,38.063877,0,1,23.538597106933594,57.19267
0,547,1.47,6.845146,1,1,23.538597106933594,21.72656
0,33,17.4,10.997052,1,1,23.538597106933594,17.264711
0,482,6.3,9.542547,1,0,23.538597106933594,3.1781025
0,302,7.33,5.520775,1,1,23.538597106933594,7.7670126
0,553,6.19,11.345179,1,1,23.538597106933594,12.194845
0,224,19.1,18.695297,1,1,23.538597106933594,9.176043
0,558,3.85,9.203669,1,1,23.538597106933594,14.258328
0,562,9.0,4.2889795,1,1,23.538597106933594,16.499294
0,563,5.6,5.7492642,1,1,23.538597106933594,3.5865479
0,564,4.48,5.2301393,1,1,23.538597106933594,9.576007
0,1,76.0,68.61066,1,1,23.538597106933594,34.951923
0,565,22.1,15.927469,1,1,23.538597106933594,13.834649
0,566,6.4,5.301315,1,1,23.538597106933594,10.604902
0,567,11.3,13.448695,1,1,23.538597106933594,8.105602
0,569,11.8,16.939919,1,0,23.538597106933594,9.472268
0,570,1.8,1.2930595,1,1,23.538597106933594,1.7961764
0,547,2.3,6.276168,1,0,23.538597106933594,4.155934
0,351,59.0,69.41279,1,1,23.538597106933594,96.61451
0,572,1.9,3.6521745,1,1,23.538597106933594,12.777946
0,357,2.743,4.0277295,1,1,23.538597106933594,8.598933
0,575,1.5,2.2259839,1,1,23.538597106933594,3.6644077
0,578,3.2,3.363673,1,1,23.538597106933594,4.897228
0,189,1.35,3.9985495,1,1,23.538597106933594,7.828207
0,351,95.0,53.58241,0,0,23.538597106933594,74.38679
0,581,7.52,8.28758,1,1,23.538597106933594,4.1620398
0,582,3.9,6.7778687,1,1,23.538597106933594,14.318161
0,57,82.0,66.29274,0,1,23.538597106933594,37.804226
0,232,5.4,7.8900614,1,1,23.538597106933594,17.655998
0,587,96.3,51.67168,0,0,23.538597106933594,67.5455
0,422,80.5,80.02436,1,1,23.538597106933594,24.007692
0,179,3.58,4.550913,1,1,23.538597106933594,3.5276084
0,596,13.0,15.569173,1,0,23.538597106933594,4.5411243
0,597,0.1,0.5074329,1,1,23.538597106933594,9.406722
0,599,1.433333333,2.8442981,1,1,23.538597106933594,5.8910933
0,600,20.2,37.47161,0,0,23.538597106933594,18.238033
0,601,0.0318,0.7700198,1,1,23.538597106933594,2.3410468
0,1,43.0,33.548347,1,1,23.538597106933594,66.25501
0,64,50.08,61.519623,1,1,23.538597106933594,87.1858
0,351,78.0,66.34155,1,1,23.538597106933594,103.83201
0,49,13.0,33.595642,0,1,23.538597106933594,75.2445
0,609,7.63,3.7858863,1,1,23.538597106933594,13.972845
0,610,8.45,6.0469604,1,1,23.538597106933594,9.881621
0,615,1.4,3.7169313,1,1,23.538597106933594,7.7865562
0,616,95.8,70.76044,0,1,23.538597106933594,84.48989
0,618,9.23,7.12099,1,1,23.538597106933594,9.623048
0,619,0.75,10.458634,1,0,23.538597106933594,15.791848
0,22,55.3,72.11691,0,0,23.538597106933594,30.976395
0,621,69.1,65.713234,1,1,23.538597106933594,87.34965
0,23,14.2,13.284715,1,1,23.538597106933594,6.9800553
0,628,0.75,2.8976634,1,1,23.538597106933594,6.9571958
0,1,21.3,53.364944,0,0,23.538597106933594,61.430183
0,189,2.4,2.4698503,1,1,23.538597106933594,3.851685
0,634,7.445,4.642021,1,1,23.538597106933594,6.955803
0,638,1.21,1.0845711,1,1,23.538597106933594,6.8788376
0,641,2.215,1.7886255,1,1,23.538597106933594,4.8143344
0,643,1.49,1.1825801,1,1,23.538597106933594,6.5620556
0,648,2.3,7.256753,1,0,23.538597106933594,4.6109977
0,245,26.9,26.232351,1,1,23.538597106933594,22.482237
0,652,30.0,44.48208,0,1,23.538597106933594,113.04431
0,653,1.98,5.0230746,1,1,23.538597106933594,11.349675
0,654,3.05,4.565255,1,1,23.538597106933594,6.5780754
0,655,14.1,27.362906,0,1,23.538597106933594,31.872154
0,661,10.4,9.946401,1,1,23.538597106933594,4.67913
0,252,24.0,18.861359,1,1,23.538597106933594,19.096912
0,369,4.115,2.77992,1,1,23.538597106933594,8.652211
0,643,4.82,4.452623,1,1,23.538597106933594,4.3815517
0,22,63.0,72.03222,1,1,23.538597106933594,33.159657
0,507,91.7,59.08026,0,1,23.538597106933594,132.11977
0,663,6.0,0.7417925,1,0,23.538597106933594,9.072587
0,507,42.05,61.18078,0,1,23.538597106933594,72.81322
0,666,38.0,32.87849,1,1,23.538597106933594,56.123943
0,70,15.48,12.139205,1,1,23.538597106933594,6.833149
0,667,3.5,4.8819876,1,1,23.538597106933594,3.1479704
0,668,47.0,56.556404,1,1,23.538597106933594,60.27716
0,670,3.83,2.893206,1,1,23.538597106933594,8.737291
0,64,22.5,64.10111,0,0,23.538597106933594,46.547813
0,507,91.4,57.891518,0,1,23.538597106933594,103.54881
0,672,2.7,1.4049902,1,1,23.538597106933594,9.859032
0,674,17.0,18.959232,1,1,23.538597106933594,13.178991
0,675,94.0,57.263462,0,0,23.538597106933594,42.496304
0,600,28.3,22.69353,1,1,23.538597106933594,17.376345
0,676,2.1,1.6794918,1,1,23.538597106933594,13.943949
0,487,94.9,63.537388,0,0,23.538597106933594,32.52431
0,678,8.3,11.795002,1,1,23.538597106933594,7.922466
0,182,0.1,2.7949657,1,1,23.538597106933594,6.973553
0,109,32.0,54.92829,0,1,23.538597106933594,83.70966
0,204,35.0,23.399637,1,0,23.538597106933594,20.385319
0,655,30.55,29.592829,1,1,23.538597106933594,12.299597
0,682,25.0,25.66343,1,1,23.538597106933594,41.175293
0,683,3.4,2.9662542,1,1,23.538597106933594,7.353227
0,685,47.0,61.089535,0,0,23.538597106933594,21.13285
0,686,77.1,60.27004,0,0,23.538597106933594,22.40774
0,687,103.0,113.25213,1,1,23.538597106933594,46.60863
0,688,1.1,2.068767,1,1,23.538597106933594,6.173178
0,64,81.0,85.04693,1,1,23.538597106933594,27.073402
0,692,2.86,6.421357,1,1,23.538597106933594,11.660329
0,700,82.0,45.383144,0,1,23.538597106933594,107.70115
0,22,91.5,84.62913,1,0,23.538597106933594,13.333256
0,701,11.8,6.289751,1,0,23.538597106933594,7.2269225
0,702,45.0,34.138435,1,1,23.538597106933594,54.68535
0,290,82.0,83.827415,1,1,23.538597106933594,18.05334
0,704,4.0,4.8635902,1,1,23.538597106933594,11.061011
0,399,10.1,11.153467,1,1,23.538597106933594,4.292008
0,22,36.0,38.381233,1,1,23.538597106933594,62.447227
0,569,10.1,16.736427,1,0,23.538597106933594,11.479759
0,119,21.6,20.237087,1,1,23.538597106933594,30.079418
0,64,45.0,27.57376,0,1,23.538597106933594,127.38993
0,710,47.0,31.782183,0,1,23.538597106933594,34.431973
0,711,0.18,0.49445015,1,1,23.538597106933594,3.1364834
0,712,2.41,3.6176722,1,1,23.538597106933594,2.9495144
0,713,2.53,3.1485841,1,1,23.538597106933594,4.2894025
0,716,12.2,3.8324869,1,0,23.538597106933594,8.418792
0,476,87.99,83.27554,1,1,23.538597106933594,75.69949
0,290,82.0,89.20326,1,0,23.538597106933594,7.9403944
0,719,1.9,2.750114,1,1,23.538597106933594,3.8243725
0,191,11.8,13.233408,1,1,23.538597106933594,32.46875
0,720,3.86,9.473283,1,1,23.538597106933594,11.631066
0,722,4.53,3.0859845,1,1,23.538597106933594,5.112236
0,723,10.8,6.9758887,1,0,23.538597106933594,7.378627
0,727,7.2,1.8263398,1,0,23.538597106933594,6.0619254
0,728,14.4,9.437253,1,1,23.538597106933594,16.390755
0,224,15.0,19.079466,1,1,23.538597106933594,13.315509
0,570,1.746,2.238276,1,1,23.538597106933594,1.8039018
0,731,12.8,9.88875,1,1,23.538597106933594,10.758129
0,195,2.15,1.480206,1,1,23.538597106933594,1.7439075
0,70,5.7,8.786833,1,1,23.538597106933594,7.5994973
0,235,13.0,4.5163627,1,0,23.538597106933594,15.667282
0,109,43.0,51.092133,1,1,23.538597106933594,83.04101
0,566,5.4,5.2460303,1,1,23.538597106933594,10.766126
0,743,17.04,17.036224,1,1,23.538597106933594,6.666544
0,189,5.626666667,2.767786,1,0,23.538597106933594,3.8431413
0,745,2.46,2.8551373,1,1,23.538597106933594,4.59498
0,746,2.84,2.1148062,1,1,23.538597106933594,3.3159423
0,748,11.8,8.392222,1,1,23.538597106933594,10.318633
0,751,8.5,6.5169525,1,1,23.538597106933594,7.07426
0,685,66.0,78.904045,0,0,23.538597106933594,15.572189
0,64,77.0,79.60112,1,1,23.538597106933594,52.15306
0,758,33.45,32.301884,1,1,23.538597106933594,7.2441945
0,4,5.56,4.2820783,1,0,23.538597106933594,1.5177352
0,189,3.67,4.186177,1,1,23.538597106933594,8.325574
0,252,27.0,21.011452,1,1,23.538597106933594,18.199478
0,762,1.1,1.3843557,1,1,23.538597106933594,5.398359
0,1,68.7,51.732967,0,1,23.538597106933594,34.072098
0,191,10.9,14.428649,1,1,23.538597106933594,34.06855
0,766,4.55,7.8987556,1,0,23.538597106933594,4.54186
0,517,1.9,2.6143603,1,1,23.538597106933594,4.575936
0,242,43.8,57.39068,0,1,23.538597106933594,50.795525
0,768,1.3,7.54021,1,0,23.538597106933594,6.6575756
0,49,32.0,22.194004,1,0,23.538597106933594,13.127657
0,621,63.8,66.36524,1,1,23.538597106933594,79.39849
0,775,4.22,10.927529,1,0,23.538597106933594,6.567925
0,776,0.543333333,0.6607877,1,1,23.538597106933594,7.903113
0,778,13.0,23.542645,1,1,23.538597106933594,37.597527
0,779,41.0,60.431602,0,1,23.538597106933594,82.03138
0,781,75.0,49.727844,0,1,23.538597106933594,112.35877
0,783,1.57,1.9995599,1,1,23.538597106933594,4.517551
0,411,50.6,61.7973,1,1,23.538597106933594,62.550224
0,675,59.8,46.923283,0,1,23.538597106933594,32.982006
0,40,1.378,2.5024898,1,1,23.538597106933594,4.0634494
0,235,0.59,1.3625038,1,1,23.538597106933594,5.906042
0,1,70.0,52.491787,0,1,23.538597106933594,76.61612
0,491,4.0,1.079084,1,0,23.538597106933594,3.576195
0,791,1.78,3.0295348,1,1,23.538597106933594,5.8477893
0,683,3.62,2.863032,1,1,23.538597106933594,7.043329
0,618,7.38,5.809432,1,1,23.538597106933594,7.704055
0,793,0.97,2.2502477,1,1,23.538597106933594,5.4182305
0,794,4.45,3.332472,1,1,23.538597106933594,6.2163615
0,1,20.0,24.157312,1,1,23.538597106933594,19.376081
0,40,1.668,1.9980587,1,1,23.538597106933594,3.953447
0,251,3.5,5.298943,1,1,23.538597106933594,4.225151
0,242,31.1,29.873632,1,1,23.538597106933594,10.717605
0,806,6.26,1.7220864,1,0,23.538597106933594,7.697324
0,688,9.8,3.4085636,1,0,23.538597106933594,6.6184306
0,812,5.6,12.480891,1,1,23.538597106933594,43.45162
0,402,1.5,1.7411647,1,1,23.538597106933594,1.913842
0,251,2.95,4.317298,1,1,23.538597106933594,5.8671727
0,1,8.0,62.648975,0,0,23.538597106933594,43.883816
0,817,15.0,13.170763,1,1,23.538597106933594,5.455597
0,22,78.3,82.216774,1,1,23.538597106933594,16.573578
0,581,7.305,6.918014,1,1,23.538597106933594,4.271993
0,820,1.35,8.601327,1,1,23.538597106933594,26.57197
0,587,96.3,51.755943,0,0,23.538597106933594,66.08289
0,825,81.0,78.53609,1,1,23.538597106933594,55.658787
0,621,49.3,64.57207,0,1,23.538597106933594,64.625885
0,643,4.05,3.4532142,1,1,23.538597106933594,4.4095497
0,826,3.26,3.1345458,1,1,23.538597106933594,5.411115
0,817,17.8,13.16545,1,0,23.538597106933594,6.4114017
0,655,15.6,27.50488,0,1,23.538597106933594,33.18469
0,831,3.18,5.3540835,1,1,23.538597106933594,6.926061
0,10,28.0,32.818382,1,1,23.538597106933594,44.222523
0,836,0.046,0.77490467,1,0,23.538597106933594,1.2009865
0,402,1.73,1.7193743,1,1,23.538597106933594,2.0193484
0,838,0.7,-0.16248305,1,1,23.538597106933594,9.133093
0,1,14.4,55.719364,0,0,23.538597106933594,46.472347
0,840,91.1,83.01168,1,1,23.538597106933594,36.47252
0,841,6.2,6.4113503,1,1,23.538597106933594,4.21048
0,64,55.0,78.24728,0,0,23.538597106933594,46.43755
0,290,82.0,63.646107,0,0,23.538597106933594,27.535257
0,847,28.93333333,11.796814,0,0,23.538597106933594,22.273699
0,621,49.8,64.566345,0,1,23.538597106933594,64.998116
0,49,26.9,24.47537,1,1,23.538597106933594,10.702286
0,461,20.0,69.58271,0,1,23.538597106933594,107.28607
0,849,3.92,3.1389983,1,1,23.538597106933594,6.5834966
0,850,11.6,18.097681,1,1,23.538597106933594,15.093668
0,496,3.9,5.4041457,1,1,23.538597106933594,4.309413
0,10,36.7,48.089344,1,1,23.538597106933594,43.93652
0,852,2.3,3.0206892,1,1,23.538597106933594,4.843321
0,476,69.0,69.102066,1,1,23.538597106933594,46.307182
0,503,6.7,9.740738,1,1,23.538597106933594,15.760432
0,1,75.2,56.341568,0,0,23.538597106933594,37.66829
0,242,45.1,61.257393,0,1,23.538597106933594,46.202393
0,507,76.7,48.2696,0,1,23.538597106933594,96.45352
0,861,92.3,63.03655,0,0,23.538597106933594,38.00533
0,144,5.98,3.964664,1,1,23.538597106933594,4.4382014
0,867,7.8,6.497444,1,1,23.538597106933594,3.5275013
0,868,0.0555,0.23976637,1,1,23.538597106933594,1.7782872
0,874,1.2,2.2686942,1,1,23.538597106933594,5.9005494
0,878,77.0,68.241234,1,1,23.538597106933594,39.16933
0,879,17.0,16.242788,1,1,23.538597106933594,8.425707
0,64,28.0,58.423397,0,1,23.538597106933594,64.83008
0,333,4.6,8.422774,1,1,23.538597106933594,10.617124
0,880,14.0,39.918915,0,0,23.538597106933594,22.089348
0,192,8.99,7.356455,1,1,23.538597106933594,4.5303454
0,396,24.6,14.763842,1,1,23.538597106933594,26.122988
0,425,12.6,13.177766,1,1,23.538597106933594,5.368561
0,882,1.3,6.6758494,1,0,23.538597106933594,6.6373444
0,1,72.9,68.26879,1,1,23.538597106933594,34.408283
0,610,2.8,7.092996,1,1,23.538597106933594,10.955067
0,883,0.85,3.569221,1,1,23.538597106933594,13.535742
0,276,6.471666667,32.98165,0,1,23.538597106933594,172.81927
0,314,5.986666667,3.8508837,1,1,23.538597106933594,6.9142423
0,686,73.4,67.46493,1,1,23.538597106933594,17.580196
0,886,8.2,5.2481456,1,1,23.538597106933594,7.682747
0,507,86.0,73.59367,0,1,23.538597106933594,68.404785
0,890,9.11,9.345374,1,1,23.538597106933594,3.4742742
0,825,63.0,64.041016,1,1,23.538597106933594,57.984463
0,895,5.07,5.69787,1,1,23.538597106933594,6.3703575
0,896,17.99,16.277119,1,1,23.538597106933594,6.2014546
0,898,67.0,63.50954,1,1,23.538597106933594,45.225018
0,899,3.935,3.1342764,1,1,23.538597106933594,5.402816
0,900,6.4,10.713469,1,0,23.538597106933594,7.157152
0,905,26.7,20.386797,1,1,23.538597106933594,24.213436
0,906,5.6,10.300472,1,1,23.538597106933594,15.65856
0,909,4.87,12.977187,1,1,23.538597106933594,28.276005
0,562,8.1,8.527128,1,1,23.538597106933594,10.377815
0,910,3.8,3.2958617,1,1,23.538597106933594,5.412884
0,912,8.0,9.263734,1,1,23.538597106933594,16.719042
0,913,2.04,3.838887,1,0,23.538597106933594,2.3080995
0,914,7.4775,4.149499,1,0,23.538597106933594,4.194056
0,1,5.0,62.648975,0,0,23.538597106933594,45.294544
0,918,3.7,5.0591183,1,1,23.538597106933594,4.906597
0,461,75.0,81.42207,1,1,23.538597106933594,90.4165
0,53,2.98,2.9936278,1,1,23.538597106933594,7.706968
0,899,2.99,3.0882483,1,1,23.538597106933594,5.3016195
0,528,3.4,8.066265,1,0,23.538597106933594,7.0270567
0,921,0.98,27.9304,0,0,23.538597106933594,46.648067
0,923,5.32,7.639301,1,1,23.538597106933594,6.799578
0,924,0.126,0.49107778,1,1,23.538597106933594,5.001177
0,600,23.0,32.58874,1,0,23.538597106933594,16.21145
0,276,110.0,47.18167,0,0,23.538597106933594,124.427025
0,581,7.49,8.28758,1,1,23.538597106933594,4.1620398
0,927,7.214,7.700841,1,1,23.538597106933594,1.8052641
0,22,73.0,54.317215,0,1,23.538597106933594,41.59619
0,934,1.39,2.2259905,1,1,23.538597106933594,2.3101695
0,935,5.6,3.9406304,1,1,23.538597106933594,13.245264
0,936,2.49,2.2177303,1,1,23.538597106933594,2.867944
0,937,3.3,3.2577908,1,1,23.538597106933594,6.436588
0,938,14.1,32.27988,0,0,23.538597106933594,29.355684
0,648,2.01,4.412605,1,0,23.538597106933594,4.47823
0,507,94.5,72.43838,0,1,23.538597106933594,67.3043
0,943,0.24835,0.73343664,1,1,23.538597106933594,1.373885
0,951,7.5,5.3027935,1,1,23.538597106933594,6.4774213
0,23,5.5,9.0335,1,1,23.538597106933594,12.432437
0,953,3.3,3.4093654,1,1,23.538597106933594,5.834934
0,64,67.0,68.43922,1,1,23.538597106933594,27.505798
0,357,1.56,3.9764,1,1,23.538597106933594,8.5231285
0,507,92.0,44.285713,0,0,23.538597106933594,90.452515
0,668,57.0,72.7231,0,1,23.538597106933594,130.1174
0,850,26.5,21.632776,1,1,23.538597106933594,30.463102
0,33,17.8,10.190568,1,1,23.538597106933594,24.572989
0,958,1.15,3.595146,1,1,23.538597106933594,6.7379155
0,44,7.072857143,19.304731,0,0,23.538597106933594,13.837738
0,276,110.0,42.204002,0,0,23.538597106933594,57.91524
0,1,60.0,57.030624,1,1,23.538597106933594,47.369946
0,655,10.8,21.596272,1,0,23.538597106933594,21.236147
0,961,50.7,63.246014,0,1,23.538597106933594,35.39956
0,298,5.5,28.177643,0,0,23.538597106933594,18.645515
0,962,8.35,11.922585,1,1,23.538597106933594,15.089867
0,731,17.3,7.9433703,1,1,23.538597106933594,25.815315
0,189,5.0,3.2250156,1,1,23.538597106933594,3.7514849
0,720,10.0,11.645467,1,1,23.538597106933594,11.26784
0,427,3.77,2.0641754,1,1,23.538597106933594,5.299412
0,569,10.7,16.311626,1,0,23.538597106933594,9.189154
0,57,57.5,59.962082,1,1,23.538597106933594,50.717728
0,330,3.3,2.9614706,1,1,23.538597106933594,2.8896406
0,728,14.6,9.704207,1,1,23.538597106933594,16.766174
0,969,83.0,69.43076,0,1,23.538597106933594,37.384857
0,64,73.9,83.27783,1,1,23.538597106933594,18.8379
0,195,1.35,1.4474581,1,1,23.538597106933594,1.8812342
0,37,11.3,9.20097,1,1,23.538597106933594,6.7418866
0,357,4.0,4.381691,1,1,23.538597106933594,3.210818
0,977,1.1,5.581232,1,0,23.538597106933594,7.5814905
0,979,3.12,5.330425,1,1,23.538597106933594,9.164602
0,923,10.2,7.6702456,1,1,23.538597106933594,6.794897
0,981,10.9,14.791165,1,0,23.538597106933594,6.7818484
0,610,10.1,6.1369934,1,1,23.538597106933594,10.5547695
0,982,9.9,4.719892,1,0,23.538597106933594,8.4684725
0,743,6.8,9.055839,1,1,23.538597106933594,7.7593975
0,491,2.0,1.1957918,1,1,23.538597106933594,3.5447972
0,507,93.6,55.08679,0,1,23.538597106933594,125.57725
0,988,1.5,5.179125,1,1,23.538597106933594,10.681149
0,457,14.1,29.382439,0,1,23.538597106933594,59.211094
0,989,25.7,22.603737,1,1,23.538597106933594,37.222614
0,991,14.8,10.863055,1,1,23.538597106933594,9.602124
0,422,107.25,101.17704,1,1,23.538597106933594,13.602387
0,993,5.1,10.799982,1,0,23.538597106933594,8.943378
0,351,92.0,67.94049,0,1,23.538597106933594,107.31655
0,995,0.107,0.9757881,1,1,23.538597106933594,3.5303025
0,119,26.34666667,24.865074,1,1,23.538597106933594,22.079645
0,850,29.0,13.593664,0,1,23.538597106933594,41.674843
0,997,4.0,5.585522,1,1,23.538597106933594,7.66684
0,1,78.8,63.52026,0,1,23.538597106933594,32.784325
0,23,5.5,9.0335,1,1,23.538597106933594,12.432437
0,192,8.18,7.251281,1,1,23.538597106933594,7.0460696
0,768,3.0,6.666587,1,0,23.538597106933594,5.2547483
0,998,32.85,32.91122,1,1,23.538597106933594,31.760784
0,446,7.94,5.55574,1,1,23.538597106933594,5.0916047
0,476,74.0,74.707954,1,1,23.538597106933594,39.691723
0,999,5.6,5.4218774,1,1,23.538597106933594,5.6736517
0,1002,4.33,4.3448753,1,1,23.538597106933594,5.3557014
0,745,2.66,2.8551373,1,1,23.538597106933594,4.59498
0,1003,1.875,3.0252066,1,1,23.538597106933594,8.565387
0,1005,2.6,6.6809754,1,1,23.538597106933594,13.562514
0,242,50.0,57.037216,1,1,23.538597106933594,51.49066
0,1009,37.9,45.463795,1,1,23.538597106933594,45.31648
0,224,16.0,19.381166,1,1,23.538597106933594,13.209868
0,1013,18.4,17.176077,1,1,23.538597106933594,2.970846
0,351,89.1,71.809,0,1,23.538597106933594,108.64683
0,317,49.0,40.644783,1,1,23.538597106933594,49.9106
0,675,88.5,64.46717,0,0,23.538597106933594,31.508635
0,533,0.37,2.456724,1,1,23.538597106933594,5.8943386
0,1014,3.0,3.323558,1,1,23.538597106933594,9.353215
0,1015,46.8,32.5501,0,0,23.538597106933594,23.571741
0,224,5.8,19.251507,0,0,23.538597106933594,15.2176075
0,1017,54.0,75.52391,0,0,23.538597106933594,39.53415
0,276,9.0,44.398647,0,1,23.538597106933594,149.83922
0,457,54.0,30.437695,0,1,23.538597106933594,65.95403
0,1023,5.82,4.3094354,1,1,23.538597106933594,3.455151
0,1027,13.0,12.620098,1,1,23.538597106933594,3.8297763
0,351,88.5,69.710945,0,1,23.538597106933594,108.03961
0,558,3.7,9.242199,1,1,23.538597106933594,15.629729
0,564,5.45,6.217878,1,1,23.538597106933594,7.357988
0,64,55.0,61.02451,1,1,23.538597106933594,83.67239
0,251,3.05,4.405975,1,1,23.538597106933594,3.7625003
0,1032,82.0,76.83395,1,1,23.538597106933594,45.603775
0,9,18.25,17.493093,1,1,23.538597106933594,6.57243
0,1037,2.0,26.402658,0,0,23.538597106933594,24.866444
0,1038,28.0,12.94317,0,0,23.538597106933594,10.732088
0,1041,15.32,11.989473,1,0,23.538597106933594,6.6117616
0,1042,1.57,1.4333539,1,1,23.538597106933594,3.2905836
0,1043,3.54,3.225738,1,1,23.538597106933594,7.555277
0,298,36.0,35.393204,1,1,23.538597106933594,19.183165
0,1044,31.35,25.883247,1,1,23.538597106933594,25.73407
0,1047,28.0,51.716625,0,1,23.538597106933594,63.27805
0,905,25.1,21.607397,1,1,23.538597106933594,25.406227
0,1049,3.31,4.608839,1,1,23.538597106933594,4.9979606
0,1051,0.795,7.366342,1,0,23.538597106933594,5.459629
0,64,47.0,68.29747,0,0,23.538597106933594,34.84334
0,1052,1.14,3.284887,1,1,23.538597106933594,4.8011775
0,1,47.1,64.909424,0,1,23.538597106933594,36.3025
0,49,4.2,24.598078,0,0,23.538597106933594,37.87029
0,64,50.0,63.938152,0,1,23.538597106933594,31.77521
0,1059,17.0,18.732876,1,1,23.538597106933594,27.439716
0,10,37.7,34.38968,1,1,23.538597106933594,39.345684
0,1061,28.0,23.605194,1,1,23.538597106933594,60.187527
0,861,90.2,79.36531,1,1,23.538597106933594,21.69269
0,1063,8.66,7.6613464,1,1,23.538597106933594,9.069831
0,232,5.2,7.9903383,1,1,23.538597106933594,12.633578
0,1065,1.48,4.2066193,1,0,23.538597106933594,3.4153595
0,22,25.0,67.68677,0,0,23.538597106933594,29.708185
0,514,4.1,5.98846,1,1,23.538597106933594,4.7629538
0,1068,36.0,35.213898,1,1,23.538597106933594,19.520016
0,1,72.0,33.85688,0,0,23.538597106933594,73.02966
0,182,1.0,2.7292492,1,1,23.538597106933594,6.1679473
0,1070,53.6,30.85482,0,1,23.538597106933594,55.00021
0,610,10.152,10.815583,1,1,23.538597106933594,10.714475
0,10,33.2,43.82086,1,1,23.538597106933594,50.56143
0,242,10.4,25.59438,0,0,23.538597106933594,11.7618885
0,1,27.0,45.0791,0,1,23.538597106933594,73.01264
0,1074,3.39,2.5417864,1,1,23.538597106933594,5.57455
0,817,19.1,13.198659,1,0,23.538597106933594,5.2209406
0,1077,12.4,11.277642,1,1,23.538597106933594,9.393969
0,1078,2.4,5.2930408,1,1,23.538597106933594,6.7852798
0,1079,61.0,22.719738,0,0,23.538597106933594,19.070112
0,1081,10.5,12.354362,1,1,23.538597106933594,6.894347
0,1083,106.0,89.18672,0,0,23.538597106933594,33.108658
0,1084,2.64,2.8126886,1,1,23.538597106933594,4.594112
0,1087,0.45,1.579142,1,1,23.538597106933594,3.966839
0,1093,1.7,4.092874,1,0,23.538597106933594,2.6685395
0,938,4.32,30.525562,0,0,23.538597106933594,26.143826
0,44,10.5,20.153044,1,0,23.538597106933594,12.885499
0,1037,10.0,23.49369,0,0,23.538597106933594,19.659586
0,1094,1.47,3.39578,1,1,23.538597106933594,11.885397
0,263,20.2,14.316666,1,0,23.538597106933594,11.697514
0,1095,0.39,7.6041408,1,1,23.538597106933594,21.917479
0,1098,23.5,16.349438,1,1,23.538597106933594,27.765594
0,570,1.9,1.7989602,1,1,23.538597106933594,1.8039018
0,1099,54.0,62.524178,1,1,23.538597106933594,71.84027
0,1100,29.1,12.814025,0,0,23.538597106933594,20.193674
0,1101,20.0,28.238155,1,1,23.538597106933594,28.737162
0,840,74.0,74.424614,1,1,23.538597106933594,31.549658
0,64,24.0,65.77158,0,0,23.538597106933594,41.485516
0,119,25.4,26.726223,1,1,23.538597106933594,20.207628
0,192,7.78,7.063253,1,1,23.538597106933594,5.290061
0,1106,10.95775,8.32081,1,1,23.538597106933594,10.250701
0,507,73.0,71.66668,1,1,23.538597106933594,73.96845
0,1108,20.0,15.805262,1,1,23.538597106933594,61.03776
0,1109,1.5,5.707234,1,1,23.538597106933594,12.966168
0,242,54.1,76.49728,0,0,23.538597106933594,34.777584
0,1110,34.0,27.846157,1,1,23.538597106933594,27.11405
0,1114,6.0,8.426633,1,1,23.538597106933594,7.763779
0,1017,68.0,54.909996,0,1,23.538597106933594,87.87869
0,817,21.0,13.053031,1,0,23.538597106933594,8.916873
0,1118,18.1,19.740597,1,1,23.538597106933594,13.225224
0,1122,106.0,96.04542,1,1,23.538597106933594,20.58387
0,333,8.1,8.915035,1,1,23.538597106933594,9.638344
0,1129,13.28,13.402872,1,1,23.538597106933594,7.412
0,507,88.0,86.41649,1,1,23.538597106933594,21.404604
0,92,12.5,17.48839,1,0,23.538597106933594,9.042819
0,22,70.0,84.34228,0,0,23.538597106933594,25.63358
0,251,4.08,5.0300226,1,1,23.538597106933594,3.8404093
0,196,1.815,1.5106316,1,1,23.538597106933594,2.4424615
0,204,34.3,20.319225,0,0,23.538597106933594,16.558271
0,1136,6.277142857,6.360871,1,1,23.538597106933594,5.963791
0,1044,32.0,22.849543,1,1,23.538597106933594,29.681976
0,1,69.3,57.356026,0,1,23.538597106933594,35.288887
0,1138,1.52,1.2028757,1,1,23.538597106933594,6.2641964
0,1139,34.0,28.136137,1,1,23.538597106933594,17.755127
0,826,1.66,3.6343307,1,1,23.538597106933594,11.950848
0,641,2.75,2.2498753,1,1,23.538597106933594,5.006777
0,1118,18.0,19.527624,1,1,23.538597106933594,14.096921
0,496,4.2,5.525068,1,1,23.538597106933594,4.7683825
0,1151,33.0,20.586864,0,0,23.538597106933594,24.787054
0,912,8.105,8.875692,1,1,23.538597106933594,11.98027
0,936,2.5,2.223176,1,1,23.538597106933594,2.784462
0,701,12.2,6.118951,1,0,23.538597106933594,7.2124004
0,1160,1.0,2.645292,1,0,23.538597106933594,2.1991973
0,1161,7.6,6.1181216,1,1,23.538597106933594,3.737853
0,720,11.5,13.194203,1,1,23.538597106933594,10.568824
0,53,3.85,2.4701679,1,1,23.538597106933594,8.127417
0,57,64.0,59.302124,1,1,23.538597106933594,41.354366
0,570,1.36,1.2930595,1,1,23.538597106933594,1.7961764
0,678,10.66,13.100658,1,1,23.538597106933594,6.853269
0,1173,3.5,2.1621754,1,1,23.538597106933594,5.016383
0,1174,1.55,2.8590984,1,1,23.538597106933594,2.7179797
0,687,125.0,123.74477,1,1,23.538597106933594,42.48576
0,1099,64.0,70.32317,1,1,23.538597106933594,59.792053
0,981,14.55,15.153702,1,1,23.538597106933594,6.695554
0,22,36.0,72.04412,0,0,23.538597106933594,64.01997
0,728,16.8,10.557416,1,0,23.538597106933594,12.007525
0,1180,0.185,0.8558148,1,1,23.538597106933594,7.737224
0,396,8.2,23.828878,0,0,23.538597106933594,20.360445
0,1182,61.1,63.147476,1,1,23.538597106933594,77.576416
0,1044,32.0,26.07915,1,1,23.538597106933594,26.375011
0,1183,3.99,6.0142,1,1,23.538597106933594,7.8577976
0,1184,13.4,6.8878098,1,0,23.538597106933594,7.8192887
0,1185,0.06,3.3745272,1,0,23.538597106933594,5.8245335
0,1187,17.5,22.801739,1,1,23.538597106933594,46.857952
0,1014,2.9,3.323558,1,1,23.538597106933594,9.353215
0,1196,1.0,7.233415,1,1,23.538597106933594,23.905863
0,675,78.5,52.86494,0,0,23.538597106933594,32.62504
0,248,7.0,9.007227,1,1,23.538597106933594,8.358598
0,1197,4.8,3.4744685,1,1,23.538597106933594,7.558362
0,117,4.74,3.7843482,1,1,23.538597106933594,2.348743
0,722,3.6,3.1758716,1,1,23.538597106933594,4.715246
0,1199,18.0,41.849228,0,0,23.538597106933594,26.144678
0,879,19.8,16.203741,1,1,23.538597106933594,7.801116
0,1203,0.4,5.7969856,1,1,23.538597106933594,12.804404
0,686,72.9,58.40483,0,0,23.538597106933594,23.43996
0,570,3.035,2.417016,1,1,23.538597106933594,1.9554408
0,861,89.8,27.531878,0,0,23.538597106933594,95.24645
0,422,75.75,62.90253,0,1,23.538597106933594,30.507183
0,426,19.75,17.149021,1,1,23.538597106933594,8.37933
0,64,90.0,86.84321,1,1,23.538597106933594,7.2651854
0,507,85.7,55.73851,0,1,23.538597106933594,105.98216
0,655,14.1,24.780561,1,1,23.538597106933594,24.083986
0,206,2.13,2.9196656,1,1,23.538597106933594,6.2875013
0,723,18.3,16.030863,1,1,23.538597106933594,5.9030128
0,610,12.1,5.8420954,1,0,23.538597106933594,9.709056
0,248,7.8,6.9611325,1,1,23.538597106933594,8.377099
0,49,26.0,23.655546,1,1,23.538597106933594,15.226907
0,943,0.54,0.8772734,1,1,23.538597106933594,1.1056994
0,687,110.0,116.3204,1,1,23.538597106933594,49.296864
0,1098,29.0,13.697516,0,0,23.538597106933594,26.379417
0,64,29.8,34.63673,1,1,23.538597106933594,39.023197
0,476,71.79,71.65842,1,1,23.538597106933594,90.65555
0,465,7.86,17.000097,1,1,23.538597106933594,23.854399
0,1222,7.0,8.325187,1,1,23.538597106933594,12.577251
0,850,32.5,28.684717,1,1,23.538597106933594,26.675945
0,436,51.0,40.85093,1,1,23.538597106933594,49.421932
0,910,2.95,3.2327628,1,1,23.538597106933594,5.412884
0,1230,1.74,2.933467,1,1,23.538597106933594,3.9447188
0,1231,8.4,6.882562,1,1,23.538597106933594,8.292722
0,1232,30.0,27.083075,1,1,23.538597106933594,30.265738
0,1235,36.0,53.002422,0,1,23.538597106933594,36.32193
0,1236,2.36,2.3626385,1,1,23.538597106933594,5.750252
0,1237,37.2,24.870619,0,1,23.538597106933594,30.39275
0,1238,7.7,8.445298,1,1,23.538597106933594,4.099624
0,37,9.0,8.495907,1,1,23.538597106933594,8.619608
0,886,5.0,5.12018,1,1,23.538597106933594,3.6988425
0,570,1.14,1.2977117,1,1,23.538597106933594,1.9055923
0,840,78.5,44.106922,0,0,23.538597106933594,39.300262
0,64,39.8,64.96761,0,0,23.538597106933594,33.38095
0,1240,18.2,16.905302,1,1,23.538597106933594,8.5647
0,119,40.0,33.884087,1,1,23.538597106933594,46.965897
0,1242,96.9,54.64532,0,0,23.538597106933594,49.053905
0,496,7.109,7.0475087,1,1,23.538597106933594,2.1809542
0,64,45.0,50.320778,1,1,23.538597106933594,121.45417
0,648,5.7,5.4527264,1,1,23.538597106933594,3.7090821
0,1244,0.76,3.219159,1,1,23.538597106933594,16.312704
0,64,54.7,66.59627,0,1,23.538597106933594,90.70658
0,711,0.38,0.32857442,1,1,23.538597106933594,2.9359715
0,1246,4.2,4.775647,1,1,23.538597106933594,9.969165
0,204,32.6,22.363897,1,0,23.538597106933594,16.77453
0,196,1.7,1.2983323,1,1,23.538597106933594,2.3591752
0,675,89.75,58.667706,0,0,23.538597106933594,45.580544
0,64,25.0,62.05146,0,0,23.538597106933594,58.218243
0,723,16.4,11.805571,1,0,23.538597106933594,9.187984
0,496,5.65,5.581513,1,1,23.538597106933594,5.660768
0,686,78.4,80.33417,1,1,23.538597106933594,18.012917
0,1254,4.5,6.7707686,1,0,23.538597106933594,4.2367153
0,1254,4.12,6.7076063,1,1,23.538597106933594,5.841019
0,1255,25.7,19.53241,1,1,23.538597106933594,34.51095
0,1244,1.48,1.5829376,1,1,23.538597106933594,16.972343
0,581,6.3,4.175912,1,1,23.538597106933594,4.2514477
0,1256,40.5,69.85168,0,0,23.538597106933594,36.926273
0,1257,1.4,1.5912807,1,1,23.538597106933594,2.7742143
0,124,7.32,6.333101,1,1,23.538597106933594,4.683299
0,191,12.15,21.131905,1,1,23.538597106933594,98.94727
0,1260,14.0,14.222774,1,1,23.538597106933594,6.3446927
0,1262,0.0065,0.5541793,1,1,23.538597106933594,2.8335629
0,1262,6.5,0.028670037,1,0,23.538597106933594,2.7151232
0,1263,7.3,8.987166,1,1,23.538597106933594,9.16303
0,567,16.1,15.722585,1,1,23.538597106933594,7.196701
0,1032,75.0,62.389233,0,1,23.538597106933594,75.347244
0,597,0.1675,0.41742074,1,1,23.538597106933594,9.559213
0,1,57.0,59.504925,1,1,23.538597106933594,44.559174
0,1264,3.7,4.7203565,1,1,23.538597106933594,8.767962
0,426,11.6,15.256433,1,1,23.538597106933594,12.250328
0,1266,7.81,11.497975,1,0,23.538597106933594,6.353084
0,1267,18.4,17.39291,1,1,23.538597106933594,3.383962
0,64,66.19,76.46529,1,1,23.538597106933594,61.306667
0,675,83.0,61.521595,0,0,23.538597106933594,38.977497
0,1269,51.8,72.29363,0,0,23.538597106933594,18.479263
0,1270,8.326,3.918426,1,0,23.538597106933594,5.725854
0,1271,4.0,3.0963418,1,1,23.538597106933594,5.5152483
0,529,6.45,3.2809584,1,1,23.538597106933594,26.076025
0,64,31.0,67.997314,0,0,23.538597106933594,35.52241
0,49,28.0,21.887535,1,1,23.538597106933594,18.354713
0,1275,0.69,0.90246356,1,1,23.538597106933594,1.6966419
0,1276,2.16,2.123601,1,1,23.538597106933594,6.467124
0,1277,26.0,28.82534,1,1,23.538597106933594,22.891684
0,224,19.8,19.691854,1,1,23.538597106933594,13.165805
0,850,14.7,26.469315,0,0,23.538597106933594,22.19193
0,663,4.35,1.881759,1,1,23.538597106933594,5.4206824
0,1017,52.0,76.14631,0,0,23.538597106933594,12.7881365
0,1281,2.8,4.856823,1,1,23.538597106933594,13.143764
0,1282,21.6,20.273886,1,1,23.538597106933594,12.157242
0,476,79.24,74.74961,1,1,23.538597106933594,91.43364
0,491,1.79,2.534159,1,1,23.538597106933594,3.7602327
0,1284,2.09,2.1110709,1,1,23.538597106933594,7.5643783
0,390,17.3,15.988516,1,1,23.538597106933594,14.863124
0,953,0.8,2.526543,1,1,23.538597106933594,6.0294323
0,1151,5.0,28.77758,0,1,23.538597106933594,101.776665
0,44,8.906666667,18.018446,1,0,23.538597106933594,17.144423
0,518,25.76666667,34.63918,1,1,23.538597106933594,29.200596
0,57,86.0,61.636272,0,1,23.538597106933594,49.319565
0,936,2.55,2.1793756,1,1,23.538597106933594,2.867944
0,581,7.15,6.6271863,1,1,23.538597106933594,4.333691
0,1014,2.8,3.2967548,1,1,23.538597106933594,9.465323
0,351,95.6,67.60279,0,1,23.538597106933594,101.86021
0,1293,31.0,24.785809,1,1,23.538597106933594,19.368979
0,507,93.5,74.8908,0,0,23.538597106933594,36.28277
0,1300,8.7,6.215216,1,1,23.538597106933594,9.074216
0,1301,0.64,3.144902,1,0,23.538597106933594,1.7816528
0,263,20.0,14.149942,1,1,23.538597106933594,13.558923
0,1160,0.98,2.8936179,1,1,23.538597106933594,4.451276
0,1302,11.0,8.463464,1,0,23.538597106933594,4.662898
0,731,17.7,8.524106,1,1,23.538597106933594,25.967651
0,1303,91.8,82.95558,1,1,23.538597106933594,82.159706
0,817,13.0,12.873429,1,1,23.538597106933594,6.7169228
0,396,3.5,22.311443,0,0,23.538597106933594,22.691856
0,422,108.5,96.280685,0,1,23.538597106933594,72.00808
0,728,16.8,11.197921,1,1,23.538597106933594,12.883725
0,868,0.0619,0.17459196,1,1,23.538597106933594,2.1453695
0,1003,2.6,0.74062306,1,1,23.538597106933594,8.705638
0,351,94.2,67.25013,0,1,23.538597106933594,104.28919
0,601,0.048,0.79261124,1,1,23.538597106933594,2.3410468
0,1313,4.0,7.412267,1,1,23.538597106933594,21.853607
0,40,0.264,0.26998946,1,1,23.538597106933594,0.85447127
0,1303,81.25,71.49095,1,1,23.538597106933594,102.73764
0,396,15.6,18.830194,1,1,23.538597106933594,25.25175
0,1318,0.61,1.0148063,1,1,23.538597106933594,2.022272
0,4,4.83,4.305435,1,1,23.538597106933594,1.5177352
0,10,38.7,36.590187,1,1,23.538597106933594,37.27261
0,64,60.0,57.966694,1,1,23.538597106933594,49.464058
0,269,11.0,23.069666,0,1,23.538597106933594,31.926714
0,817,19.2,12.72624,1,0,23.538597106933594,11.687342
0,119,26.0,20.752316,1,1,23.538597106933594,26.410633
0,1324,10.5,10.5247555,1,1,23.538597106933594,6.7652516
0,224,21.2,18.053709,1,1,23.538597106933594,9.51171
0,1326,36.5,24.910408,1,0,23.538597106933594,18.673923
0,1328,0.38,3.2676272,1,1,23.538597106933594,10.4826765
0,912,7.83,8.216326,1,1,23.538597106933594,13.831331
0,322,71.0,64.76152,1,1,23.538597106933594,59.25314
0,44,27.0,19.9901,1,1,23.538597106933594,14.810783
0,1330,29.0,18.013937,1,1,23.538597106933594,26.704424
0,496,7.075,7.00983,1,1,23.538597106933594,2.0305936
0,1332,1.5,44.497616,0,0,23.538597106933594,59.7504
0,723,17.6,13.910208,1,0,23.538597106933594,6.5914373
0,10,25.0,55.269684,0,0,23.538597106933594,49.439747
0,330,3.08,2.072068,1,1,23.538597106933594,3.6033769
0,1336,1.4,2.204754,1,1,23.538597106933594,4.06594
0,596,11.5,15.462774,1,0,23.538597106933594,4.437571
0,1338,15.0,9.979514,1,0,23.538597106933594,9.738834
0,1254,4.0,6.6895537,1,1,23.538597106933594,5.863605
0,675,90.0,57.62484,0,0,23.538597106933594,46.181705
0,64,25.0,59.95246,0,1,23.538597106933594,100.88541
0,191,11.87272727,12.835956,1,1,23.538597106933594,25.622105
0,276,2.5,33.545216,0,1,23.538597106933594,172.81927
0,1341,23.02,35.864613,0,0,23.538597106933594,25.077503
0,743,15.8,16.261932,1,1,23.538597106933594,7.567968
0,41,3.18,5.804624,1,0,23.538597106933594,4.557858
0,867,5.9,5.912992,1,1,23.538597106933594,3.7485914
0,1099,48.0,72.38765,0,1,23.538597106933594,69.64609
0,169,3.6,1.7783483,1,0,23.538597106933594,3.2162204
0,575,0.9,2.0107021,1,1,23.538597106933594,3.5050468
0,179,3.0,4.3455286,1,1,23.538597106933594,4.919885
0,850,25.5,27.288197,1,1,23.538597106933594,13.60528
0,1242,107.0,58.15256,0,0,23.538597106933594,55.864876
0,1355,1.5,1.8868679,1,1,23.538597106933594,7.098251
0,1357,3.54,2.5677888,1,1,23.538597106933594,6.1899004
0,1264,5.43,5.462462,1,1,23.538597106933594,8.170014
0,543,5.1,3.6255643,1,1,23.538597106933594,4.6882133
0,399,10.1,11.437823,1,1,23.538597106933594,5.946974
0,76,6.4,7.652962,1,1,23.538597106933594,7.644091
0,1359,10.65,8.980884,1,1,23.538597106933594,6.36871
0,1362,25.0,13.349773,1,0,23.538597106933594,19.173548
0,351,85.0,69.57284,0,1,23.538597106933594,104.44073
0,346,3.6,27.03732,0,0,23.538597106933594,39.198925
0,507,68.0,63.77785,1,1,23.538597106933594,90.5849
0,1363,11.3,11.383844,1,1,23.538597106933594,5.094651
0,64,35.0,58.657383,0,1,23.538597106933594,69.848915
0,850,5.2,15.519731,1,0,23.538597106933594,16.616243
0,1366,0.75,0.7213856,1,1,23.538597106933594,3.9542165
0,918,5.2,5.52928,1,1,23.538597106933594,4.676724
0,1368,2.5,3.3371737,1,1,23.538597106933594,4.284118
0,227,2.21,1.4796275,1,1,23.538597106933594,2.0250595
0,906,16.9,17.453215,1,1,23.538597106933594,5.9797378
0,998,38.25,28.22404,1,1,23.538597106933594,32.642246
0,1370,6.22,7.215242,1,1,23.538597106933594,8.293237
0,768,2.25,7.3960023,1,0,23.538597106933594,5.265707
0,1371,77.0,52.205204,0,1,23.538597106933594,71.6779
0,1373,7.21,9.582098,1,1,23.538597106933594,15.628808
0,1374,6.41,6.484608,1,1,23.538597106933594,3.8684793
0,23,17.1,14.579533,1,1,23.538597106933594,5.304901
0,496,6.8,7.0618224,1,1,23.538597106933594,3.1021707
0,333,6.8,6.89316,1,1,23.538597106933594,18.725742
0,905,15.9,26.480625,1,1,23.538597106933594,22.031872
0,1376,65.0,57.450874,1,1,23.538597106933594,77.75717
0,596,16.0,16.595318,1,1,23.538597106933594,4.113862
0,1377,16.4,8.630622,1,0,23.538597106933594,9.677682
0,1379,39.1,44.93485,1,1,23.538597106933594,27.740595
0,1380,0.65,1.5577751,1,1,23.538597106933594,3.6688135
0,1098,21.5,12.55007,1,0,23.538597106933594,14.772057
0,1,71.0,66.83791,1,1,23.538597106933594,54.50918
0,1385,17.8,17.71437,1,1,23.538597106933594,6.3237586
0,1386,94.8,65.30461,0,0,23.538597106933594,44.611004
0,1108,13.0,19.321348,1,0,23.538597106933594,8.404059
0,1387,30.0,27.508114,1,1,23.538597106933594,33.17738
0,1390,78.1,69.40129,1,1,23.538597106933594,27.927376
0,563,3.6,3.0151677,1,1,23.538597106933594,3.2642758
0,1393,3.7,9.88345,1,1,23.538597106933594,15.0906105
0,1257,1.4,2.3949625,1,1,23.538597106933594,4.79068
0,661,9.9,8.766653,1,1,23.538597106933594,6.505284
0,847,27.35,12.370297,0,0,23.538597106933594,22.035065
0,1396,5.6,4.7257533,1,1,23.538597106933594,8.031508
0,1397,32.2,17.079355,0,0,23.538597106933594,23.405777
0,1139,36.2,32.060303,1,0,23.538597106933594,8.124241
0,746,3.8,2.101017,1,1,23.538597106933594,4.4607005
0,1002,3.51,4.1638484,1,1,23.538597106933594,4.500046
0,1403,9.8,7.7028017,1,1,23.538597106933594,11.9229765
0,64,35.0,61.918365,0,0,23.538597106933594,49.010178
0,134,40.0,24.0797,0,1,23.538597106933594,50.91916
0,351,89.0,68.151344,0,1,23.538597106933594,100.29384
0,22,11.3,54.325863,0,0,23.538597106933594,81.26722
0,1410,1.845,2.749461,1,1,23.538597106933594,15.493033
0,338,31.3,35.219677,1,1,23.538597106933594,19.07706
0,138,1.39,2.676563,1,1,23.538597106933594,6.1412277
0,527,0.05,0.32246655,1,1,23.538597106933594,2.399855
0,1237,16.0,26.190786,1,1,23.538597106933594,27.105452
0,905,35.9,25.45714,1,1,23.538597106933594,22.39077
0,1266,9.95,11.946423,1,1,23.538597106933594,6.605527
0,1032,10.0,56.37659,0,0,23.538597106933594,79.03451
0,49,76.0,80.372,1,1,23.538597106933594,35.7977
0,206,0.24,2.616753,1,1,23.538597106933594,5.113559
0,1417,2.1,1.4940473,1,1,23.538597106933594,12.480679
0,1183,7.39,7.404088,1,1,23.538597106933594,6.78524
0,1100,7.73,10.507644,1,1,23.538597106933594,22.309807
0,351,37.5,68.28566,0,1,23.538597106933594,95.45453
0,1423,4.52,4.416865,1,1,23.538597106933594,5.6587887
0,1379,26.2,34.790535,1,1,23.538597106933594,27.72169
0,1426,3.64,16.209621,0,1,23.538597106933594,27.981075
0,148,9.05,7.166414,1,0,23.538597106933594,3.3754332
0,64,30.0,61.47882,0,1,23.538597106933594,82.40511
0,1047,21.0,46.809326,0,1,23.538597106933594,63.01315
0,1044,31.35,24.525703,1,1,23.538597106933594,24.590424
0,713,10.8,9.031361,1,1,23.538597106933594,8.386178
0,1430,2.862,1.6604244,1,1,23.538597106933594,8.37087
0,1431,5.3,2.5376663,1,0,23.538597106933594,4.886233
0,253,32.0,25.177782,1,1,23.538597106933594,33.1157
0,302,8.24,5.7781463,1,1,23.538597106933594,8.700957
0,1432,0.596,0.98742205,1,1,23.538597106933594,5.537627
0,1266,7.02,11.057099,1,0,23.538597106933594,6.1492743
0,64,50.1,71.5214,0,0,23.538597106933594,31.110521
0,496,6.28,5.761004,1,1,23.538597106933594,4.950246
0,867,8.3,8.923574,1,1,23.538597106933594,3.5728505
0,1098,22.0,13.29171,1,1,23.538597106933594,27.58113
0,148,9.4,9.0283375,1,1,23.538597106933594,3.19302
0,1254,4.5,6.7931585,1,1,23.538597106933594,4.661792
0,41,2.418,4.2970695,1,0,23.538597106933594,2.932079
0,476,74.5,63.231575,1,1,23.538597106933594,54.97673
0,1244,0.72,4.388435,1,1,23.538597106933594,23.090643
0,825,83.0,84.53049,1,1,23.538597106933594,53.98497
0,436,42.0,48.83522,1,1,23.538597106933594,36.29234
0,675,91.0,61.713917,0,0,23.538597106933594,41.632133
0,144,6.215,3.3435087,1,0,23.538597106933594,5.4857044
0,878,92.475,84.84724,1,1,23.538597106933594,33.9681
0,496,3.45,5.0296836,1,1,23.538597106933594,3.540823
0,483,15.2,14.368732,1,1,23.538597106933594,8.328384
0,1449,0.5,3.2582493,1,1,23.538597106933594,6.5460043
0,1450,13.3,11.253928,1,1,23.538597106933594,10.059487
0,1452,2.96,2.9056833,1,1,23.538597106933594,4.0371537
0,461,73.0,62.581413,1,1,23.538597106933594,127.194984
0,1455,2.9,3.7819178,1,1,23.538597106933594,7.825623
0,252,24.6,19.247278,1,1,23.538597106933594,16.94768
0,10,34.8,33.061527,1,1,23.538597106933594,45.02555
0,1457,2.44,7.003494,1,1,23.538597106933594,9.673517
0,1458,1.983333333,3.878903,1,1,23.538597106933594,15.614488
0,1460,20.0,27.501839,1,1,23.538597106933594,21.749119
0,390,21.0,16.83266,1,1,23.538597106933594,14.7259445
0,1077,5.0,19.65917,0,1,23.538597106933594,36.970764
0,1462,48.9,33.544697,0,0,23.538597106933594,22.636944
0,1465,5.7,4.5191503,1,1,23.538597106933594,15.2808275
0,64,30.0,67.96839,0,0,23.538597106933594,74.12225
0,1467,1.8,14.704277,0,1,23.538597106933594,31.169954
0,655,26.5,28.967705,1,1,23.538597106933594,14.127217
0,1318,1.7,-0.25262365,1,0,23.538597106933594,1.1195033
0,1262,0.019,0.33815715,1,1,23.538597106933594,2.6480966
0,1474,0.73,3.0400867,1,1,23.538597106933594,5.161406
0,723,17.8,15.659689,1,1,23.538597106933594,6.1731586
0,1476,13.8,10.925981,1,1,23.538597106933594,8.659413
0,109,25.0,66.37602,0,0,23.538597106933594,57.353996
0,17,1.38,2.7372704,1,1,23.538597106933594,4.64984
0,1478,1.4,7.949097,1,0,23.538597106933594,12.689206
0,476,73.5,64.9388,1,1,23.538597106933594,56.28953
0,1485,4.5,2.6877434,1,1,23.538597106933594,4.459635
0,1293,33.0,23.644333,1,1,23.538597106933594,19.277653
0,1486,2.2,9.310433,1,0,23.538597106933594,11.923327
0,1490,1.835,6.6899934,1,1,23.538597106933594,11.82293
0,57,86.0,59.809784,0,1,23.538597106933594,59.20504
0,298,28.0,36.927532,1,0,23.538597106933594,17.411993
0,1491,1.86,12.373811,1,0,23.538597106933594,9.266849
0,1318,0.34,0.80160815,1,1,23.538597106933594,1.7766134
0,1494,9.85,10.293244,1,1,23.538597106933594,4.838595
0,269,12.0,22.750715,1,1,23.538597106933594,31.947739
0,1495,9.5,6.3734164,1,1,23.538597106933594,7.9368887
0,1013,13.5,11.72707,1,1,23.538597106933594,8.751395
0,1499,3.935,1.9756522,1,1,23.538597106933594,6.633416
0,14,40.0,19.393164,0,0,23.538597106933594,32.1084
0,1474,0.175,2.6290886,1,1,23.538597106933594,8.197674
0,817,10.9,12.206381,1,1,23.538597106933594,11.577474
0,175,0.885,8.906736,1,1,23.538597106933594,29.007774
0,1501,2.892,2.2568145,1,1,23.538597106933594,2.9074876
0,463,32.5,26.517076,1,1,23.538597106933594,18.20578
0,1136,6.233333333,6.360871,1,1,23.538597106933594,5.963791
0,529,5.5,3.4897423,1,1,23.538597106933594,11.874996
0,886,8.5,5.475631,1,0,23.538597106933594,5.9515505
0,1505,2.0,1.6937776,1,1,23.538597106933594,3.5174742
0,57,86.0,68.78669,0,1,23.538597106933594,56.380207
0,40,1.615,2.4593956,1,1,23.538597106933594,7.2599936
0,64,64.0,73.57543,1,1,23.538597106933594,66.29389
0,1509,2.075,19.367203,0,0,23.538597106933594,33.833572
0,675,44.95,47.958652,1,1,23.538597106933594,43.831676
0,1511,43.0,27.449778,0,0,23.538597106933594,30.15241
0,290,82.0,75.81582,1,1,23.538597106933594,54.821384
0,882,1.402,7.4560633,1,0,23.538597106933594,6.33489
0,49,22.6,19.618952,1,1,23.538597106933594,16.927887
0,10,27.8,33.244255,1,1,23.538597106933594,43.652046
0,1519,6.62,3.2255337,1,0,23.538597106933594,3.3299422
0,57,51.0,56.520412,1,1,23.538597106933594,75.27153
0,1,75.0,67.10712,1,1,23.538597106933594,32.913223
0,1237,31.3,26.276041,1,1,23.538597106933594,24.753916
0,1450,13.9,11.245191,1,1,23.538597106933594,7.8541102
0,1017,80.0,69.72347,1,1,23.538597106933594,53.893684
0,1526,3.8,6.3714266,1,1,23.538597106933594,9.526449
0,338,48.0,35.146877,0,0,23.538597106933594,21.963478
0,64,18.75,63.019775,0,0,23.538597106933594,54.91771
0,10,28.0,55.269684,0,0,23.538597106933594,50.462635
0,1501,1.5,1.5928445,1,1,23.538597106933594,7.270185
0,712,3.24,4.0021043,1,1,23.538597106933594,2.1980596
0,118,0.133,1.9546041,1,1,23.538597106933594,3.7469575
0,1530,4.0,3.619857,1,1,23.538597106933594,9.35327
0,1533,0.55,1.3839481,1,1,23.538597106933594,5.9207354
0,351,93.4,73.51647,0,1,23.538597106933594,108.931274
0,10,30.3,42.52507,0,1,23.538597106933594,51.787727
0,1519,2.26,1.4521996,1,1,23.538597106933594,4.0150137
0,1499,4.25,3.00555,1,1,23.538597106933594,10.386674
0,242,65.2,73.47191,1,1,23.538597106933594,31.06435
0,22,92.0,86.08125,1,0,23.538597106933594,8.467993
0,989,34.9,21.913876,0,1,23.538597106933594,37.12188
0,1,67.1,56.095985,1,1,23.538597106933594,36.71046
0,1538,2.0,3.1834946,1,1,23.538597106933594,7.1251044
0,1539,5.062857143,4.506679,1,1,23.538597106933594,12.693168
0,1,72.0,76.5785,1,1,23.538597106933594,35.544235
0,496,7.181,7.1505475,1,1,23.538597106933594,2.1095154
0,290,82.0,68.34195,0,1,23.538597106933594,60.780262
0,195,2.13,1.621211,1,1,23.538597106933594,1.8812342
0,189,9.6,3.246815,1,0,23.538597106933594,5.8575788
0,514,4.189,5.5977635,1,1,23.538597106933594,5.528501
0,1548,1.32,2.447774,1,1,23.538597106933594,5.0999765
0,175,3.9,1.8397725,1,0,23.538597106933594,4.0370307
0,1,16.0,28.587822,0,1,23.538597106933594,72.5973
0,1,80.5,67.33227,0,1,23.538597106933594,28.58822
0,723,17.8,15.971746,1,1,23.538597106933594,6.2848735
0,1330,27.5,18.028618,1,1,23.538597106933594,25.969458
0,217,19.7,16.815416,1,1,23.538597106933594,12.516787
0,713,11.0,9.4990835,1,1,23.538597106933594,8.180497
0,838,0.62,-0.7192289,1,1,23.538597106933594,8.222406
0,575,3.0,4.291025,1,1,23.538597106933594,3.6253567
0,1555,4.25,7.2842474,1,1,23.538597106933594,18.241056
0,1032,70.0,69.984406,1,1,23.538597106933594,54.747547
0,1037,13.5,24.09717,1,0,23.538597106933594,20.65932
0,124,8.22,7.405998,1,1,23.538597106933594,3.5185716
0,1318,1.7,1.0463682,1,1,23.538597106933594,2.0599346
0,1,76.0,54.627697,0,0,23.538597106933594,37.31516
0,1560,1.57,0.64140713,1,1,23.538597106933594,4.436653
0,722,3.82,3.1437232,1,1,23.538597106933594,4.9174595
0,1318,0.22,0.41171673,1,1,23.538597106933594,1.3351315
0,675,91.1,62.659878,0,0,23.538597106933594,39.30545
0,781,107.0,64.89369,0,0,23.538597106933594,79.01659
0,1,79.9,71.35607,1,1,23.538597106933594,36.142063
0,1,50.0,40.66818,1,1,23.538597106933594,54.233234
0,743,15.8,12.698264,1,1,23.538597106933594,7.508413
0,1569,3.055,7.1634297,1,1,23.538597106933594,9.692451
0,1570,22.2,14.800118,1,1,23.538597106933594,16.548935
0,1572,0.47,0.44034472,1,1,23.538597106933594,3.7320194
0,411,53.0,58.153378,1,1,23.538597106933594,62.97847
0,1577,1.6,1.7805814,1,1,23.538597106933594,4.058374
0,1,42.0,44.913704,1,1,23.538597106933594,46.38614
0,1235,65.0,71.63326,1,1,23.538597106933594,47.87148
0,64,56.0,75.80105,0,0,23.538597106933594,27.92962
0,1,76.35,68.3667,1,1,23.538597106933594,27.875326
0,1455,4.8,3.3242822,1,1,23.538597106933594,7.218912
0,1,38.6,60.599026,0,1,23.538597106933594,55.385414
0,196,1.172,1.5952568,1,1,23.538597106933594,2.3685534
0,49,12.3,22.34346,1,0,23.538597106933594,15.903805
0,361,5.6,8.296348,1,1,23.538597106933594,10.118933
0,392,12.0,11.060262,1,1,23.538597106933594,7.420662
0,204,17.0,21.923067,1,1,23.538597106933594,22.50828
0,1533,3.92,3.9107354,1,1,23.538597106933594,7.062119
0,269,9.95,18.248823,1,1,23.538597106933594,20.543837
0,132,7.4,8.454899,1,1,23.538597106933594,3.1554272
0,710,46.0,31.2693,0,1,23.538597106933594,32.528545
0,1583,4.2,35.311977,0,0,23.538597106933594,30.740484
0,1044,31.8,24.219,1,1,23.538597106933594,27.354792
0,22,91.2,74.59902,0,1,23.538597106933594,37.88643
0,204,10.0,24.455635,0,0,23.538597106933594,21.84096
0,242,50.1,74.34329,0,0,23.538597106933594,33.99338
0,148,9.8,8.956938,1,1,23.538597106933594,3.2425954
0,411,56.7,59.600647,1,1,23.538597106933594,57.266
0,775,10.1,12.352282,1,1,23.538597106933594,6.1912484
0,482,4.34,9.3767805,1,0,23.538597106933594,3.3382776
0,253,31.0,25.587492,1,1,23.538597106933594,30.307095
0,991,14.5,10.739886,1,0,23.538597106933594,6.6118846
0,1592,2.4,17.312439,0,0,23.538597106933594,22.362736
0,446,10.6,8.895139,1,1,23.538597106933594,6.96427
0,1593,33.0,26.16196,1,1,23.538597106933594,43.199753
0,1,74.0,38.713707,0,0,23.538597106933594,49.710148
0,581,6.905,6.314856,1,1,23.538597106933594,4.327289
0,33,17.9,9.252502,1,1,23.538597106933594,24.574987
0,137,23.5,22.225126,1,1,23.538597106933594,51.272552
0,351,24.2,69.20067,0,1,23.538597106933594,95.45453
0,1603,0.194,0.8070909,1,0,23.538597106933594,1.1998646
0,998,20.0,27.197561,1,1,23.538597106933594,32.71524
0,44,16.5,18.540367,1,1,23.538597106933594,15.396419
0,1606,1.47,1.5203083,1,1,23.538597106933594,5.229686
0,1332,84.3,81.14487,1,1,23.538597106933594,39.34022
0,37,11.7,10.669566,1,1,23.538597106933594,9.978704
0,1611,6.39,4.263889,1,1,23.538597106933594,8.536594
0,23,9.8,11.424079,1,1,23.538597106933594,8.050742
0,1615,11.1,7.7236614,1,1,23.538597106933594,12.884325
0,1,34.7,50.999207,0,1,23.538597106933594,63.07275
0,1,25.0,34.709465,1,1,23.538597106933594,55.41624
0,217,3.9,16.953264,0,0,23.538597106933594,6.359461
0,600,16.0,37.469418,0,0,23.538597106933594,18.781563
0,175,2.09,5.4176803,1,1,23.538597106933594,21.971691
0,675,67.6,51.748207,0,1,23.538597106933594,45.904335
0,1618,50.0,59.322403,1,1,23.538597106933594,79.94182
0,638,3.2,2.8128526,1,1,23.538597106933594,3.9424152
0,1136,4.3,6.2464933,1,1,23.538597106933594,7.0624976
0,1621,52.0,40.91454,1,1,23.538597106933594,35.151382
0,1129,9.715,12.362546,1,1,23.538597106933594,5.9501066
0,648,7.7,6.6992903,1,1,23.538597106933594,5.5897164
0,189,3.5,1.9627119,1,1,23.538597106933594,3.9719033
0,217,18.05714286,16.432018,1,1,23.538597106933594,8.155273
0,476,90.88,87.22368,1,1,23.538597106933594,62.749096
0,1032,58.0,59.98028,1,1,23.538597106933594,52.694195
0,1625,3.56,3.4236264,1,1,23.538597106933594,5.2187734
0,1626,91.1,83.953636,1,1,23.538597106933594,17.389872
0,1628,12.54,10.70865,1,1,23.538597106933594,7.5366745
0,722,4.19,2.7981472,1,1,23.538597106933594,5.2277093
0,483,14.8,13.50659,1,1,23.538597106933594,6.329144
0,1632,37.3,33.48551,1,1,23.538597106933594,15.667414
0,686,80.0,70.63618,1,1,23.538597106933594,27.077719
0,369,3.81,2.8151557,1,1,23.538597106933594,8.173117
0,1633,1.989218182,4.4316573,1,0,23.538597106933594,2.3934455
0,1636,0.05,7.805116,1,0,23.538597106933594,7.626601
0,826,2.0,3.1898403,1,1,23.538597106933594,11.555847
0,1151,29.2,21.210293,1,1,23.538597106933594,25.703568
0,898,74.0,66.727394,1,1,23.538597106933594,39.61443
0,351,90.7,64.68802,0,1,23.538597106933594,83.48726
0,1639,9.2,7.394748,1,1,23.538597106933594,14.001186
0,182,2.7,3.8987393,1,1,23.538597106933594,5.8426695
0,195,1.92,1.4607123,1,1,23.538597106933594,1.7439075
0,242,45.2,48.717518,1,1,23.538597106933594,63.0427
0,1643,1.7,3.5374398,1,1,23.538597106933594,8.733801
0,501,4.86,17.937067,0,1,23.538597106933594,28.58119
0,1377,16.3,12.928072,1,1,23.538597106933594,8.365743
0,1646,1.231538462,1.0691816,1,1,23.538597106933594,6.0163665
0,979,3.1,5.330425,1,1,23.538597106933594,9.164602
0,1649,2.037307692,1.4651666,1,1,23.538597106933594,1.5988686
0,457,13.0,25.680885,0,1,23.538597106933594,70.400215
0,22,92.0,80.54212,1,0,23.538597106933594,19.408686
0,1651,18.06,17.246273,1,1,23.538597106933594,6.0470114
0,768,6.62,6.733352,1,1,23.538597106933594,4.9817796
0,1654,103.0,97.03467,1,1,23.538597106933594,56.966087
0,1267,15.4,16.711628,1,1,23.538597106933594,5.8831773
0,728,12.0,10.052201,1,1,23.538597106933594,12.698891
0,1161,10.9,7.4077225,1,1,23.538597106933594,8.534338
0,1118,12.0,15.472729,1,1,23.538597106933594,20.449419
0,1657,90.0,87.213036,1,1,23.538597106933594,14.789175
0,10,25.2,27.237898,1,1,23.538597106933594,41.36861
0,675,44.7,34.972965,1,1,23.538597106933594,46.41663
0,202,6.79,4.1407204,1,1,23.538597106933594,7.8222866
0,558,4.15,9.329182,1,1,23.538597106933594,13.746864
0,1328,0.69,2.9253016,1,1,23.538597106933594,11.961451
0,64,56.5,88.907394,0,0,23.538597106933594,11.781708
0,518,27.8,30.499977,1,1,23.538597106933594,29.920298
0,482,4.46,9.34664,1,0,23.538597106933594,3.2166047
0,132,5.3,8.430621,1,0,23.538597106933594,3.13513
0,476,75.0,78.73516,1,1,23.538597106933594,96.07221
0,1662,91.25,89.7747,1,1,23.538597106933594,19.035387
0,1618,68.6,68.451,1,1,23.538597106933594,70.686424
0,10,28.7,37.35172,1,1,23.538597106933594,43.13496
0,1,35.0,28.561659,1,1,23.538597106933594,73.78652
0,491,1.62,2.3949814,1,1,23.538597106933594,4.0129886
0,132,7.8,8.238099,1,1,23.538597106933594,3.3071523
0,1665,3.296,3.686957,1,1,23.538597106933594,14.890148
0,1670,3.525,9.248407,1,1,23.538597106933594,17.619991
0,338,45.6,35.044044,1,0,23.538597106933594,21.062382
0,224,15.7,19.966686,1,1,23.538597106933594,12.593505
0,496,3.68,5.1817827,1,1,23.538597106933594,3.529845
0,457,43.0,24.654469,0,1,23.538597106933594,69.32447
0,879,19.6,16.308784,1,0,23.538597106933594,6.0922794
0,1061,52.0,56.068268,1,1,23.538597106933594,52.12653
0,529,1.75,4.0359454,1,1,23.538597106933594,9.481858
0,49,26.0,21.592802,1,1,23.538597106933594,14.635673
0,1678,4.06,3.8863292,1,1,23.538597106933594,2.9469287
0,1355,4.7,2.980547,1,1,23.538597106933594,4.876963
0,1,77.8,64.96179,0,1,23.538597106933594,28.524214
0,22,79.0,71.43406,1,1,23.538597106933594,22.550571
0,670,5.6,3.788627,1,1,23.538597106933594,9.07507
0,1240,21.0,16.323784,1,0,23.538597106933594,6.857784
0,64,57.6,88.50242,0,0,23.538597106933594,10.778306
0,137,26.0,19.922726,1,1,23.538597106933594,52.46235
0,1682,3.5,3.2550895,1,1,23.538597106933594,6.620911
0,1267,18.4,17.096596,1,1,23.538597106933594,3.383962
0,496,6.43,5.8161125,1,1,23.538597106933594,5.015242
0,1276,3.05,2.220798,1,1,23.538597106933594,6.948532
0,1683,3.9,4.34472,1,1,23.538597106933594,6.7683425
0,1269,59.1,72.91131,0,0,23.538597106933594,18.864859
0,1687,0.175,8.202099,1,1,23.538597106933594,18.809263
0,758,34.0,32.258183,1,1,23.538597106933594,9.628206
0,64,56.95,78.09415,0,1,23.538597106933594,59.050735
0,514,5.05,5.938554,1,1,23.538597106933594,4.51504
0,1230,1.9,2.933467,1,1,23.538597106933594,3.9447188
0,1691,60.8,47.47774,0,1,23.538597106933594,54.9021
0,1692,49.7,36.028885,0,0,23.538597106933594,25.452595
0,64,63.0,72.3297,1,0,23.538597106933594,13.787603
0,332,16.0,8.846771,1,1,23.538597106933594,15.847344
0,1017,65.0,65.13848,1,1,23.538597106933594,79.510254
0,457,47.5,28.197458,0,1,23.538597106933594,70.19791
0,1696,2.2,4.3885903,1,1,23.538597106933594,5.868661
0,1373,7.8,9.672537,1,1,23.538597106933594,18.021872
0,1700,0.9,4.2395444,1,0,23.538597106933594,5.310844
0,1703,80.0,70.70576,1,1,23.538597106933594,48.451557
0,134,31.5,23.585121,1,1,23.538597106933594,65.90678
0,565,17.9,16.340517,1,1,23.538597106933594,21.356365
0,850,32.5,30.245403,1,1,23.538597106933594,21.39643
0,806,5.611666667,1.7220864,1,0,23.538597106933594,7.697324
0,1282,21.8,19.535933,1,1,23.538597106933594,12.36404
0,175,1.5,6.8035545,1,1,23.538597106933594,19.299118
0,1712,19.0,16.299208,1,1,23.538597106933594,26.669252
0,1379,14.0,34.882137,0,0,23.538597106933594,29.105995
0,1713,1.7,2.0247588,1,1,23.538597106933594,7.979186
0,840,64.0,72.39913,1,1,23.538597106933594,41.124657
0,850,30.5,29.350203,1,1,23.538597106933594,24.789738
0,189,7.65,4.383114,1,1,23.538597106933594,9.767081
0,1717,6.36,7.083435,1,1,23.538597106933594,5.1402245
0,476,63.31,56.696617,1,1,23.538597106933594,71.65316
0,1725,0.045,2.0354235,1,1,23.538597106933594,8.210941
0,217,22.7,17.152475,1,0,23.538597106933594,7.453624
0,276,10.0,34.21281,0,1,23.538597106933594,106.51895
0,1728,3.9,9.466757,1,0,23.538597106933594,6.8208933
0,906,17.705,5.5005307,0,0,23.538597106933594,12.634972
0,179,2.65,4.287377,1,1,23.538597106933594,5.3812256
0,1108,18.85,15.846128,1,1,23.538597106933594,24.949593
0,228,18.28,12.430221,1,1,23.538597106933594,24.293219
0,951,5.2,3.7527723,1,1,23.538597106933594,6.056258
0,64,67.6,78.80696,1,0,23.538597106933594,17.440523
0,1738,0.4,1.4727341,1,1,23.538597106933594,5.1727495
0,1628,2.346666667,7.8874383,1,0,23.538597106933594,7.6334515
0,868,0.0609,0.30015928,1,1,23.538597106933594,2.2631311
0,1,63.5,66.71491,1,1,23.538597106933594,36.09408
0,64,72.85,79.58607,1,1,23.538597106933594,53.56047
0,675,87.8,58.872776,0,1,23.538597106933594,70.53882
0,562,10.0,8.635869,1,1,23.538597106933594,10.902419
0,501,15.5,21.174818,1,1,23.538597106933594,17.333157
0,49,93.0,78.79139,0,1,23.538597106933594,60.5182
0,825,31.0,54.548336,0,1,23.538597106933594,76.967384
0,418,4.82,6.242904,1,1,23.538597106933594,27.303196
0,937,3.33,3.2577908,1,1,23.538597106933594,6.436588
0,410,3.4,3.4274719,1,1,23.538597106933594,5.4846034
0,232,5.5,8.891721,1,1,23.538597106933594,14.217306
0,351,92.5,72.396736,0,1,23.538597106933594,108.64683
0,906,16.2,17.453215,1,1,23.538597106933594,5.9797378
0,1748,29.0,41.27786,0,1,23.538597106933594,35.515694
0,1749,15.9,11.850781,1,1,23.538597106933594,14.1972685
0,53,3.67,2.3918834,1,1,23.538597106933594,8.759375
0,290,43.0,26.619673,0,1,23.538597106933594,61.533707
0,1014,2.9,3.2949438,1,1,23.538597106933594,8.832413
0,1754,22.1,21.404085,1,1,23.538597106933594,13.045734
0,1756,55.6,31.598986,0,0,23.538597106933594,45.368668
0,1757,3.02,3.119663,1,1,23.538597106933594,4.634929
0,1758,81.0,65.50693,0,1,23.538597106933594,46.781094
0,1759,3.8,4.922988,1,1,23.538597106933594,9.710136
0,204,37.4,21.222742,0,0,23.538597106933594,21.569302
0,104,38.3,24.841251,0,1,23.538597106933594,57.780296
0,1,82.0,81.03519,1,1,23.538597106933594,24.178057
0,182,5.5,4.55252,1,1,23.538597106933594,6.739114
0,1761,2.94,4.3047075,1,1,23.538597106933594,7.1385417
0,1078,2.0,5.4424477,1,1,23.538597106933594,7.990231
0,1762,40.0,31.86006,1,1,23.538597106933594,41.67144
0,1387,38.5,26.768007,1,1,23.538597106933594,35.997738
0,1359,11.0,8.767859,1,1,23.538597106933594,6.6852903
0,826,4.73,3.4447849,1,1,23.538597106933594,8.187827
0,251,2.95,4.317298,1,1,23.538597106933594,5.5100074
0,528,6.6,10.424171,1,1,23.538597106933594,7.913083
0,1765,2.9,9.344981,1,0,23.538597106933594,9.707938
0,758,35.6,31.729147,1,0,23.538597106933594,6.6866975
0,1,52.0,48.25779,1,1,23.538597106933594,62.960293
0,1,70.0,65.546135,1,1,23.538597106933594,31.57199
0,1768,10.1,11.066888,1,1,23.538597106933594,3.0391545
0,850,28.6,27.417711,1,1,23.538597106933594,33.469933
0,1161,12.8,9.513927,1,0,23.538597106933594,5.9182787
0,1772,8.0,22.361292,0,0,23.538597106933594,24.581299
0,1533,0.8,1.2623888,1,1,23.538597106933594,5.432972
0,320,6.0,8.529245,1,1,23.538597106933594,18.535835
0,1773,0.76,2.4410608,1,1,23.538597106933594,9.146808
0,1774,1.98,1.284763,1,1,23.538597106933594,3.6625526
0,64,83.0,84.120445,1,1,23.538597106933594,21.550894
0,1260,14.4,14.222774,1,1,23.538597106933594,6.3446927
0,686,80.0,75.67118,1,1,23.538597106933594,18.02343
0,675,83.6,60.353386,0,0,23.538597106933594,44.69215
0,1780,2.38,2.9192936,1,1,23.538597106933594,3.633768
0,229,3.72,9.789958,1,0,23.538597106933594,11.664651
0,1783,3.7,4.352366,1,1,23.538597106933594,3.6997702
0,1271,4.05,4.048096,1,1,23.538597106933594,6.751744
0,1785,25.0,17.48477,1,1,23.538597106933594,23.732145
0,685,79.0,79.73483,1,1,23.538597106933594,13.635568
0,610,6.021666667,5.3222895,1,1,23.538597106933594,10.957056
0,49,24.0,19.933346,1,1,23.538597106933594,15.477777
0,1789,4.3,4.8591104,1,1,23.538597106933594,7.159297
0,1790,13.6,14.62265,1,1,23.538597106933594,7.8512187
0,675,34.2,37.266743,1,1,23.538597106933594,46.55905
0,92,18.0,20.136864,1,1,23.538597106933594,8.763435
0,1284,0.213,2.0707016,1,1,23.538597106933594,6.427109
0,1793,8.72,7.533253,1,1,23.538597106933594,8.019578
0,831,2.23,5.205791,1,1,23.538597106933594,8.011216
0,37,11.3,10.257612,1,1,23.538597106933594,7.1693735
0,326,24.0,18.481329,1,1,23.538597106933594,16.830864
0,1618,35.3,66.531334,0,1,23.538597106933594,67.762436
0,10,25.1,40.687225,0,1,23.538597106933594,49.141247
0,1084,2.3,2.661489,1,1,23.538597106933594,6.013406
0,638,3.2,2.2088706,1,1,23.538597106933594,3.7622578
0,1806,7.833333333,3.0012026,1,0,23.538597106933594,2.752838
0,436,32.0,54.424274,0,1,23.538597106933594,63.80998
0,868,0.0672,0.30262288,1,1,23.538597106933594,2.0827906
0,1808,0.8,6.2145414,1,1,23.538597106933594,31.193651
0,1185,7.9,3.606589,1,1,23.538597106933594,9.515083
0,692,2.12,6.386928,1,1,23.538597106933594,11.660329
0,779,90.0,78.968056,1,1,23.538597106933594,59.684433
0,361,7.2,8.766644,1,1,23.538597106933594,9.406797
0,1717,3.45,7.1258817,1,0,23.538597106933594,6.2338424
0,40,1.355,2.1548812,1,1,23.538597106933594,4.2148623
0,245,31.8,25.788103,1,1,23.538597106933594,22.845926
0,496,3.69,5.211532,1,1,23.538597106933594,3.486765
0,528,12.0,6.409934,1,0,23.538597106933594,8.125537
0,1074,0.127,1.7175721,1,0,23.538597106933594,3.137775
0,483,14.7,13.508689,1,1,23.538597106933594,7.3300767
0,191,11.2,14.495706,1,1,23.538597106933594,41.399624
0,49,39.0,68.70375,0,0,23.538597106933594,45.92687
0,369,3.73,3.6382713,1,1,23.538597106933594,2.5210598
0,1817,4.2,2.0522163,1,1,23.538597106933594,5.8003626
0,1818,0.158,2.681225,1,0,23.538597106933594,3.0283458
0,601,0.0332,0.7700198,1,1,23.538597106933594,2.3410468
0,1825,0.09,0.22566003,1,1,23.538597106933594,1.1692462
0,1826,96.3,74.532074,0,1,23.538597106933594,91.942276
0,148,8.99,7.0901127,1,0,23.538597106933594,3.3269732
0,1183,7.97,8.968384,1,1,23.538597106933594,6.17916
0,57,55.5,59.728996,1,1,23.538597106933594,40.62961
0,396,19.9,15.064435,1,1,23.538597106933594,26.782219
0,1827,10.3,21.315088,1,0,23.538597106933594,19.270731
0,259,12.0,9.228291,1,1,23.538597106933594,11.952136
0,1830,1.566666667,1.5324832,1,1,23.538597106933594,5.263341
0,746,0.71,3.9999027,1,1,23.538597106933594,12.425409
0,1,35.0,28.790388,1,1,23.538597106933594,73.304665
0,1831,5.3,5.545845,1,1,23.538597106933594,7.2834625
0,333,8.2,8.491108,1,1,23.538597106933594,12.621249
0,1836,2.4,3.9463289,1,1,23.538597106933594,4.6551166
0,179,4.47,5.1073995,1,1,23.538597106933594,4.013196
0,57,59.0,61.891624,1,1,23.538597106933594,57.33876
0,1837,6.95,5.875379,1,1,23.538597106933594,4.8375044
0,817,20.2,13.878904,1,0,23.538597106933594,8.696202
0,491,1.295,1.5410033,1,1,23.538597106933594,3.7782745
0,22,58.0,64.68209,1,1,23.538597106933594,47.676353
0,1254,2.82,6.08775,1,0,23.538597106933594,5.7049546
0,191,11.4,15.579871,1,1,23.538597106933594,45.0834
0,1840,115.0,77.55557,0,0,23.538597106933594,58.822643
0,1023,1.25,4.0262733,1,0,23.538597106933594,3.1454513
0,1084,2.27,2.7302146,1,1,23.538597106933594,4.34215
0,601,0.038,0.80862033,1,1,23.538597106933594,2.3410468
0,1074,0.067,2.1612785,1,0,23.538597106933594,4.018191
0,567,11.95,13.448695,1,1,23.538597106933594,8.105602
0,1068,20.9,37.087322,0,0,23.538597106933594,14.305711
0,587,96.8,55.98319,0,0,23.538597106933594,68.17169
0,179,2.8,4.649103,1,1,23.538597106933594,4.5922346
0,1845,4.3,3.5653276,1,1,23.538597106933594,5.495703
0,1423,3.77,4.544366,1,1,23.538597106933594,5.6026497
0,961,48.6,48.62782,1,1,23.538597106933594,41.173035
0,1,50.2,53.355473,1,1,23.538597106933594,56.510323
0,1108,9.0,22.055859,0,0,23.538597106933594,8.565312
0,1846,2.78,3.911733,1,1,23.538597106933594,10.787885
0,618,7.83,6.805162,1,1,23.538597106933594,6.5259247
0,119,25.9,22.166256,1,1,23.538597106933594,25.60848
0,1277,35.1,26.06181,1,0,23.538597106933594,17.553455
0,64,25.0,67.997314,0,0,23.538597106933594,36.13085
0,581,6.3,4.148753,1,0,23.538597106933594,4.2072496
0,1850,1.69,1.5523055,1,1,23.538597106933594,1.6314725
0,995,3.82,3.3491647,1,1,23.538597106933594,5.746557
0,587,87.2,58.399685,0,1,23.538597106933594,69.327194
0,57,80.6,65.25754,0,1,23.538597106933594,65.57459
0,57,82.2,65.87242,0,1,23.538597106933594,62.715736
0,1853,7.283333333,10.403783,1,1,23.538597106933594,14.060792
0,1854,8.8,6.8312025,1,0,23.538597106933594,3.8638601
0,700,84.0,64.667206,0,1,23.538597106933594,69.70334
0,817,11.3,13.190697,1,1,23.538597106933594,18.098078
0,251,4.0,4.965353,1,1,23.538597106933594,4.5450687
0,1063,3.54,7.385901,1,1,23.538597106933594,9.466902
0,868,0.045,0.1856607,1,1,23.538597106933594,1.7532781
0,998,33.5,26.834461,1,1,23.538597106933594,30.010563
0,1,66.0,65.61797,1,1,23.538597106933594,50.12526
0,1855,4.52,3.9024603,1,1,23.538597106933594,2.9358954
0,564,5.83,5.7377167,1,1,23.538597106933594,6.1584806
0,369,3.342,4.3939667,1,1,23.538597106933594,2.801858
0,1856,1.7,3.1404042,1,1,23.538597106933594,6.540202
0,1857,0.523363636,0.90395087,1,1,23.538597106933594,2.2216501
0,224,23.35,18.555164,1,0,23.538597106933594,9.551475
0,64,21.0,60.10456,0,0,23.538597106933594,51.60725
0,326,41.0,20.64879,0,0,23.538597106933594,25.46918
0,1,45.6,53.139744,1,1,23.538597106933594,61.810574
0,1859,4.5,5.0510917,1,1,23.538597106933594,4.6826754
0,351,97.4,67.31192,0,1,23.538597106933594,103.41213
0,189,3.6,2.7454066,1,1,23.538597106933594,3.9785438
0,1855,1.48,3.234945,1,0,23.538597106933594,2.9233873
0,1267,16.4,17.206505,1,1,23.538597106933594,3.5388618
0,44,26.0,17.282133,1,0,23.538597106933594,16.83993
0,1864,0.541,2.46859,1,1,23.538597106933594,6.5514092
0,1865,10.1,5.2959895,1,0,23.538597106933594,5.990605
0,1866,4.6,3.22165,1,1,23.538597106933594,5.3469987
0,570,1.273333333,1.2975053,1,1,23.538597106933594,1.9055923
0,357,4.64,5.148314,1,1,23.538597106933594,3.3518877
0,1867,38.0,36.79758,1,1,23.538597106933594,20.826412
0,132,8.0,6.6768956,1,1,23.538597106933594,3.160778
0,618,7.28,6.186469,1,1,23.538597106933594,6.57061
0,333,4.6,8.422774,1,1,23.538597106933594,10.617124
0,1872,5.11,5.149524,1,1,23.538597106933594,8.160738
0,934,5.3,4.140222,1,1,23.538597106933594,5.491304
0,1875,3.48,3.0523567,1,1,23.538597106933594,5.931232
0,242,26.9,28.78323,1,1,23.538597106933594,68.04501
0,575,2.2,2.6259136,1,1,23.538597106933594,3.9800234
0,675,31.8,35.3706,1,1,23.538597106933594,31.296259
0,289,2.49,6.4249043,1,1,23.538597106933594,15.814097
0,847,27.0,12.311513,0,0,23.538597106933594,21.147245
0,575,3.81,4.2644305,1,1,23.538597106933594,4.5328984
0,1878,4.59,5.0601654,1,1,23.538597106933594,8.743716
0,564,5.03,5.86787,1,1,23.538597106933594,7.3230257
0,1074,0.116,1.029191,1,1,23.538597106933594,3.0807683
0,1108,3.0,18.727692,0,0,23.538597106933594,7.1424036
0,1880,2.3,5.7559505,1,1,23.538597106933594,12.730799
0,1237,31.3,26.539896,1,1,23.538597106933594,26.955217
0,1881,16.0,22.213465,1,1,23.538597106933594,50.86056
0,352,10.16,9.36547,1,1,23.538597106933594,6.5790653
0,685,20.0,53.130875,0,0,23.538597106933594,28.292418
0,1696,6.2,6.3152547,1,1,23.538597106933594,6.05762
0,558,4.4,8.746285,1,1,23.538597106933594,11.384143
0,913,1.92,3.7036064,1,0,23.538597106933594,3.3356192
0,1884,4.5,3.2793298,1,1,23.538597106933594,7.496273
0,49,24.95,20.71289,1,1,23.538597106933594,14.5842285
0,1886,1.0,8.935349,1,0,23.538597106933594,15.435843
0,1887,1.4,3.052059,1,1,23.538597106933594,5.909192
0,1336,2.625,2.7613158,1,1,23.538597106933594,6.816676
0,601,0.051,0.7598245,1,1,23.538597106933594,2.3410468
0,912,8.545,8.284596,1,1,23.538597106933594,14.75579
0,182,2.5,3.8659158,1,1,23.538597106933594,6.356213
0,1235,40.0,50.913628,1,1,23.538597106933594,59.24863
0,478,75.1,58.549164,0,1,23.538597106933594,50.354954
0,570,1.22,1.278857,1,1,23.538597106933594,1.9055923
0,1893,18.14,17.583445,1,1,23.538597106933594,7.165436
0,1238,5.5,8.503517,1,0,23.538597106933594,3.57016
0,1386,92.6,67.01148,0,0,23.538597106933594,34.763844
0,581,2.7,3.073749,1,1,23.538597106933594,4.359539
0,1895,3.9,3.099928,1,1,23.538597106933594,4.271454
0,998,26.5,28.95945,1,1,23.538597106933594,30.950294
0,290,86.0,88.747505,1,1,23.538597106933594,8.71722
0,716,4.575,4.715575,1,1,23.538597106933594,11.204683
0,1897,1.0,3.05779,1,1,23.538597106933594,5.0556407
0,351,97.0,66.854515,0,1,23.538597106933594,105.282745
0,491,1.6,2.173835,1,1,23.538597106933594,3.8537285
0,1808,0.47,7.9562235,1,1,23.538597106933594,28.331104
0,422,67.1,92.65822,0,0,23.538597106933594,26.13978
0,1174,2.46,2.8221958,1,1,23.538597106933594,2.6150637
0,1256,57.0,63.7221,1,1,23.538597106933594,77.41178
0,1900,2.22375,2.448908,1,1,23.538597106933594,7.1648555
0,22,22.0,61.206547,0,0,23.538597106933594,77.72897
0,527,0.064,0.18656234,1,1,23.538597106933594,1.6070749
0,1850,1.86,1.5523055,1,1,23.538597106933594,1.6314725
0,252,16.2,17.969519,1,1,23.538597106933594,16.51338
0,1738,0.77,2.0041409,1,1,23.538597106933594,4.6752186
0,49,52.0,79.96139,0,0,23.538597106933594,31.833813
0,217,22.3,17.059774,1,0,23.538597106933594,7.453624
0,969,72.0,67.68812,1,1,23.538597106933594,61.34445
0,1332,83.9,83.21983,1,1,23.538597106933594,16.227474
0,686,77.1,56.64573,0,0,23.538597106933594,26.693918
0,1519,6.8,3.4661446,1,0,23.538597106933594,3.3346455
0,461,45.0,76.07086,0,1,23.538597106933594,95.97582
0,1330,32.5,29.410332,1,1,23.538597106933594,27.199469
0,731,17.2,9.350303,1,1,23.538597106933594,25.163473
0,1332,46.5,62.715374,0,1,23.538597106933594,61.72865
0,1266,4.2,11.521627,1,0,23.538597106933594,6.846947
0,570,1.355,1.9630282,1,1,23.538597106933594,1.8039018
0,44,27.5,20.634909,1,1,23.538597106933594,24.232687
0,191,11.75,13.706269,1,1,23.538597106933594,32.00058
0,64,70.0,76.11487,1,1,23.538597106933594,15.751395
0,953,1.34,2.6997726,1,1,23.538597106933594,5.647571
0,1,25.0,29.453287,1,1,23.538597106933594,69.75962
0,1914,1.1,1.1852665,1,1,23.538597106933594,3.0192673
0,290,82.0,63.7192,0,0,23.538597106933594,25.751245
0,1916,0.48,2.736973,1,1,23.538597106933594,6.467148
0,878,91.8,82.38557,1,0,23.538597106933594,12.227464
0,1712,24.0,20.95486,1,1,23.538597106933594,32.588585
0,64,74.6,75.44251,1,1,23.538597106933594,53.528763
0,196,1.528,1.0371199,1,1,23.538597106933594,2.3964143
0,1857,0.87,1.1423212,1,1,23.538597106933594,3.7592077
0,252,22.0,19.321821,1,1,23.538597106933594,15.636662
0,1922,92.0,64.81276,0,1,23.538597106933594,89.20201
0,1,25.0,39.723156,0,1,23.538597106933594,65.54308
0,621,40.9,61.241905,0,1,23.538597106933594,69.76617
0,1628,10.02,10.59652,1,1,23.538597106933594,6.983747
0,1277,22.1,27.526117,1,1,23.538597106933594,20.461287
0,396,25.5,19.114252,1,1,23.538597106933594,28.975594
0,1615,8.8,9.073905,1,1,23.538597106933594,12.14966
0,41,2.48,5.0366044,1,1,23.538597106933594,5.142024
0,49,13.9,21.650795,1,1,23.538597106933594,17.065336
0,392,13.1,11.314752,1,1,23.538597106933594,7.0503654
0,794,4.73,3.0630028,1,1,23.538597106933594,5.368843
0,333,8.1,8.915035,1,1,23.538597106933594,9.638344
0,1928,1.3,3.2888293,1,1,23.538597106933594,5.3366804
0,1139,37.1,32.74721,1,0,23.538597106933594,7.82373
0,569,10.3,16.618628,1,0,23.538597106933594,11.072359
0,564,3.3,5.3639727,1,1,23.538597106933594,12.447465
0,528,14.2,6.8507595,1,0,23.538597106933594,8.125537
0,118,1.81,4.0118585,1,1,23.538597106933594,8.454853
0,565,21.1,12.579777,1,1,23.538597106933594,22.035637
0,748,12.0,7.6742134,1,1,23.538597106933594,10.841242
0,1931,3.4,16.412125,0,0,23.538597106933594,10.869138
0,882,1.7,6.482713,1,0,23.538597106933594,6.3294883
0,616,97.6,73.64169,0,1,23.538597106933594,88.8
0,422,80.5,79.91035,1,1,23.538597106933594,13.792673
0,1182,45.8,57.336323,1,1,23.538597106933594,78.3757
0,229,5.47,7.9568057,1,1,23.538597106933594,7.368446
0,156,1.1,1.4369843,1,1,23.538597106933594,5.2984934
0,924,1.128,2.4366248,1,1,23.538597106933594,11.2699375
0,361,3.8,7.019563,1,1,23.538597106933594,12.080505
0,1151,10.0,18.988098,1,1,23.538597106933594,23.870369
0,353,1.43,3.457578,1,1,23.538597106933594,13.890246
0,64,37.0,61.1033,0,1,23.538597106933594,65.04824
0,912,7.4,8.440283,1,1,23.538597106933594,16.713924
0,476,67.04,73.24861,1,1,23.538597106933594,88.977264
0,1942,50.03,43.093704,1,1,23.538597106933594,37.097324
0,390,18.0,16.81954,1,1,23.538597106933594,13.59235
0,22,90.0,86.55049,1,1,23.538597106933594,25.324608
0,411,49.3,59.884434,1,1,23.538597106933594,58.588226
0,351,73.5,56.34835,0,1,23.538597106933594,72.216606
0,204,9.0,19.646519,1,0,23.538597106933594,20.088032
0,242,38.0,50.34545,0,1,23.538597106933594,55.616005
0,1074,6.6,2.361456,1,0,23.538597106933594,5.3839374
0,402,1.56,1.8628807,1,1,23.538597106933594,1.9477235
0,1945,111.0,91.91901,0,0,23.538597106933594,26.697355
0,1277,34.5,26.195396,1,1,23.538597106933594,19.248667
0,1947,0.628,0.8479787,1,1,23.538597106933594,2.6751628
0,461,85.0,79.98096,1,1,23.538597106933594,108.55645
0,1100,25.3,11.910594,0,0,23.538597106933594,19.511412
0,581,6.86,5.681216,1,1,23.538597106933594,3.8805752
0,840,45.0,52.522015,1,1,23.538597106933594,62.500927
0,882,1.34,5.2178016,1,1,23.538597106933594,11.511225
0,1951,33.4,29.696442,1,1,23.538597106933594,45.59233
0,1952,3.0,5.171479,1,1,23.538597106933594,10.706232
0,1953,1.68,0.95092005,1,1,23.538597106933594,5.651268
0,924,0.88,2.3458939,1,1,23.538597106933594,6.1315327
0,49,2.99,24.047768,0,0,23.538597106933594,17.091429
0,912,8.65,9.126314,1,1,23.538597106933594,16.390589
0,1511,21.0,34.1114,0,0,23.538597106933594,21.650341
0,1491,2.92,10.34462,1,0,23.538597106933594,7.197604
0,1366,0.95,0.40823072,1,1,23.538597106933594,3.4220762
0,1866,6.63,3.1882741,1,0,23.538597106933594,3.7750857
0,1958,19.5,21.885897,1,1,23.538597106933594,22.33415
0,1712,19.0,16.761932,1,1,23.538597106933594,27.009176
0,1452,2.9,2.9056833,1,1,23.538597106933594,4.0371537
0,252,24.0,18.737017,1,1,23.538597106933594,16.51338
0,953,0.37,2.5017724,1,1,23.538597106933594,4.437575
0,263,15.3,14.532107,1,1,23.538597106933594,9.63286
0,1533,1.16,1.4347814,1,1,23.538597106933594,4.7276683
0,251,2.95,4.2331066,1,1,23.538597106933594,4.903512
0,1961,43.0,22.561152,0,1,23.538597106933594,52.960625
0,1,74.0,68.54121,1,1,23.538597106933594,62.867794
0,64,23.0,62.121525,0,0,23.538597106933594,58.82295
0,148,10.1,9.220549,1,1,23.538597106933594,3.2397795
0,1965,17.0,10.296687,1,1,23.538597106933594,52.636883
0,1293,33.0,23.644333,1,1,23.538597106933594,19.277653
0,995,0.23,1.9717839,1,1,23.538597106933594,3.670694
0,57,61.0,61.590263,1,1,23.538597106933594,55.88094
0,655,22.1,27.257729,1,1,23.538597106933594,24.768038
0,1866,5.57,3.4890592,1,0,23.538597106933594,4.016103
0,1969,0.1725,4.6865907,1,1,23.538597106933594,11.56811
0,44,33.5,23.168728,1,0,23.538597106933594,18.53409
0,461,45.0,75.66158,0,1,23.538597106933594,96.34326
0,1881,24.0,22.15599,1,1,23.538597106933594,50.86056
0,514,4.07,5.169936,1,1,23.538597106933594,3.2928712
0,496,3.685,5.2225585,1,1,23.538597106933594,3.7972217
0,64,30.69,58.46722,0,1,23.538597106933594,107.11302
0,248,7.5,6.703122,1,1,23.538597106933594,10.225185
0,878,20.0,56.68435,0,0,23.538597106933594,64.8922
0,507,91.1,64.725586,0,1,23.538597106933594,94.91627
0,1976,0.095,2.838351,1,0,23.538597106933594,5.3020887
0,581,5.42,5.3845596,1,1,23.538597106933594,3.8608646
0,1977,53.5,45.895435,1,1,23.538597106933594,31.303974
0,64,71.0,79.13908,1,1,23.538597106933594,21.007298
0,192,8.73,7.385546,1,1,23.538597106933594,5.22802
0,269,8.2,19.845675,1,0,23.538597106933594,21.24213
0,1981,2.04,5.937367,1,0,23.538597106933594,4.12794
0,1687,0.26,8.202099,1,1,23.538597106933594,18.809263
0,1983,13.4,16.295706,1,1,23.538597106933594,7.039772
0,204,18.0,18.702082,1,1,23.538597106933594,15.764656
0,728,15.1,9.793474,1,1,23.538597106933594,16.556059
0,64,64.9,88.50242,0,0,23.538597106933594,10.467649
0,1118,11.0,15.477555,1,1,23.538597106933594,20.449419
0,351,97.0,67.640785,0,1,23.538597106933594,104.863434
0,1336,2.065,2.6795151,1,1,23.538597106933594,6.5200543
0,1386,77.0,73.577614,1,1,23.538597106933594,26.376831
0,1988,18.0,22.822453,1,1,23.538597106933594,15.893087
0,895,7.34,6.5657597,1,1,23.538597106933594,7.525416
0,1572,0.584,0.4576273,1,1,23.538597106933594,1.1839353
0,1977,51.45,48.276176,1,1,23.538597106933594,34.44074
0,1992,13.5,29.98139,0,0,23.538597106933594,27.37582
0,1377,16.1,13.913743,1,1,23.538597106933594,8.2239065
0,538,20.0,20.161524,1,1,23.538597106933594,4.609211
0,567,17.78333333,16.2198,1,1,23.538597106933594,7.0117927
0,1476,3.8,7.5034366,1,1,23.538597106933594,9.083032
0,1994,34.0,25.496601,1,1,23.538597106933594,29.60851
0,57,53.0,60.492943,1,1,23.538597106933594,87.67989
0,1992,13.8,31.717834,0,0,23.538597106933594,25.678022
0,1332,37.7,61.06841,0,1,23.538597106933594,59.732323
0,289,7.5,4.69938,1,1,23.538597106933594,7.742175
0,1997,9.25,5.778822,1,1,23.538597106933594,14.243187
0,1998,36.6,34.22709,1,1,23.538597106933594,14.080336
0,1068,39.0,38.043827,1,1,23.538597106933594,15.268374
0,179,4.9,5.2668624,1,1,23.538597106933594,3.9484398
0,621,73.8,70.945625,1,1,23.538597106933594,76.761986
0,64,46.0,76.99886,0,1,23.538597106933594,104.23227
0,1068,32.9,37.02441,1,1,23.538597106933594,19.025259
0,1749,7.05,16.330505,1,0,23.538597106933594,12.917646
0,242,57.0,80.64976,0,0,23.538597106933594,31.340137
0,290,82.0,59.23987,0,0,23.538597106933594,36.189198
0,1371,77.0,47.178738,0,1,23.538597106933594,69.37792
0,10,37.6,36.69687,1,1,23.538597106933594,43.399845
0,64,57.8,64.62627,1,1,23.538597106933594,33.145546
0,217,14.7,16.60412,1,1,23.538597106933594,11.307045
0,2004,5.5,8.462478,1,1,23.538597106933594,25.358675
0,44,29.5,20.547356,1,1,23.538597106933594,21.43051
0,507,47.3,62.353317,0,1,23.538597106933594,96.839226
0,701,7.5,6.9407034,1,1,23.538597106933594,5.6842966
0,351,93.4,66.66928,0,1,23.538597106933594,89.61825
0,587,96.0,56.051807,0,0,23.538597106933594,78.44886
0,1013,6.2,13.550635,1,0,23.538597106933594,6.8469887
0,64,85.0,88.50754,1,1,23.538597106933594,10.396126
0,436,28.0,49.48005,0,1,23.538597106933594,50.63924
0,64,30.1,67.997314,0,0,23.538597106933594,36.13085
0,64,47.6,88.49687,0,0,23.538597106933594,12.193626
0,924,0.106,1.047915,1,1,23.538597106933594,5.725027
0,840,75.0,73.229836,1,1,23.538597106933594,34.474537
0,426,13.5,16.040094,1,1,23.538597106933594,9.870062
0,2010,0.71,3.226382,1,1,23.538597106933594,13.561748
0,2012,2.6,2.6621234,1,1,23.538597106933594,4.5549016
0,182,1.85,3.9773145,1,1,23.538597106933594,6.1891785
0,2014,1.0,16.671835,0,1,23.538597106933594,39.031445
0,2016,72.0,75.425766,1,1,23.538597106933594,31.65585
0,49,21.8,22.27521,1,1,23.538597106933594,17.369331
0,1981,2.046,6.6711645,1,0,23.538597106933594,4.2987275
0,496,7.173,7.167711,1,1,23.538597106933594,2.289671
0,1738,0.59,1.2954468,1,1,23.538597106933594,5.506122
0,422,73.3,93.513214,0,0,23.538597106933594,18.932686
0,1330,30.5,24.087044,1,1,23.538597106933594,25.217705
0,244,27.9,24.645254,1,1,23.538597106933594,26.045698
0,76,6.6,7.594381,1,1,23.538597106933594,9.114336
0,794,3.05,2.7474227,1,1,23.538597106933594,7.5493894
0,701,12.5,9.853815,1,1,23.538597106933594,9.800424
0,943,0.4,0.7816819,1,1,23.538597106933594,1.3749331
0,22,54.0,45.971,1,1,23.538597106933594,64.82694
0,476,77.5,65.24526,0,1,23.538597106933594,35.043743
0,641,6.5,2.6950421,1,0,23.538597106933594,6.2145176
0,242,32.0,46.72474,0,1,23.538597106933594,96.89038
0,1386,78.0,78.046585,1,1,23.538597106933594,9.4820595
0,912,9.62,8.361386,1,1,23.538597106933594,13.9975605
0,2025,45.2,52.333652,1,1,23.538597106933594,38.000694
0,1,5.0,56.01731,0,0,23.538597106933594,56.971714
0,2027,78.0,71.28737,1,1,23.538597106933594,28.244678
0,326,30.0,18.469923,1,0,23.538597106933594,17.494654
0,675,77.3,59.543655,0,0,23.538597106933594,29.76622
0,621,77.0,70.05827,1,1,23.538597106933594,61.428967
0,2028,0.763,1.636232,1,1,23.538597106933594,18.816143
0,33,16.4,11.296008,1,1,23.538597106933594,17.854605
0,427,1.705,1.3103278,1,1,23.538597106933594,4.7461734
0,482,4.36,9.669545,1,0,23.538597106933594,3.6176643
0,817,8.5,11.96916,1,1,23.538597106933594,11.066713
0,2030,4.0,3.4000444,1,1,23.538597106933594,3.9715152
0,1494,7.92,7.5807505,1,1,23.538597106933594,5.1548467
0,1491,6.6,9.066845,1,1,23.538597106933594,12.801338
0,33,17.75,10.226105,1,1,23.538597106933594,28.488789
0,109,76.0,72.97684,1,1,23.538597106933594,30.520576
0,2034,2.73,10.522469,1,0,23.538597106933594,6.2507076
0,1969,4.28,4.918793,1,1,23.538597106933594,10.044522
0,4,5.17,4.2968664,1,0,23.538597106933594,1.5177352
0,57,87.0,61.568314,0,1,23.538597106933594,53.018387
0,2035,0.46,33.4576,0,0,23.538597106933594,29.452183
0,570,1.43,1.2975053,1,1,23.538597106933594,1.9055923
0,2041,3.7,2.283157,1,1,23.538597106933594,6.7473693
0,175,1.34,7.65537,1,1,23.538597106933594,20.277906
0,1426,3.9,14.776135,1,1,23.538597106933594,25.675035
0,2044,15.4,20.96302,1,0,23.538597106933594,6.497522
0,461,92.0,78.06087,0,1,23.538597106933594,92.5147
0,290,80.0,62.740883,0,0,23.538597106933594,21.021358
0,2048,8.5,8.747042,1,1,23.538597106933594,10.262881
0,528,11.9,10.441405,1,1,23.538597106933594,8.620036
0,496,7.061,7.008552,1,1,23.538597106933594,2.3252907
0,575,4.4,3.4823153,1,1,23.538597106933594,4.137621
0,1070,53.5,33.96443,0,1,23.538597106933594,63.78327
0,49,29.0,22.194004,1,0,23.538597106933594,13.127657
0,1393,3.5,10.185987,1,1,23.538597106933594,15.42364
0,1981,2.85,6.7741523,1,0,23.538597106933594,5.465203
0,64,47.25,69.088974,0,0,23.538597106933594,30.299747
0,1662,89.2,89.25568,1,1,23.538597106933594,20.229704
0,2050,3.5,5.566007,1,1,23.538597106933594,7.4093595
0,1738,0.256,2.396472,1,0,23.538597106933594,4.1369967
0,333,8.2,8.491108,1,1,23.538597106933594,12.621249
0,2054,3.5,3.4841177,1,1,23.538597106933594,4.9995747
0,1768,10.1,11.066888,1,1,23.538597106933594,3.0391545
0,553,5.93,16.314741,1,0,23.538597106933594,13.235931
0,1182,93.9,82.03102,0,1,23.538597106933594,37.446213
0,2027,68.0,68.824974,1,1,23.538597106933594,30.190695
0,503,7.1,9.252135,1,1,23.538597106933594,12.468898
0,2057,25.05,21.624203,1,1,23.538597106933594,13.403976
0,33,8.5,9.483074,1,1,23.538597106933594,28.40586
0,1519,4.91,2.2693312,1,0,23.538597106933594,3.7317162
0,64,23.5,81.48236,0,0,23.538597106933594,49.60032
0,507,92.8,82.45158,1,1,23.538597106933594,24.740587
0,1078,2.3,5.4042234,1,1,23.538597106933594,6.9314632
0,685,52.0,62.69014,1,0,23.538597106933594,11.256046
0,2061,9.0,8.604366,1,1,23.538597106933594,6.613539
0,2063,2.5,6.108025,1,1,23.538597106933594,21.267395
0,2064,1.4,2.5827749,1,1,23.538597106933594,2.6285458
0,461,86.0,27.95946,0,0,23.538597106933594,54.86305
0,2066,34.0,74.85974,0,1,23.538597106933594,135.86574
0,482,4.3,9.41052,1,0,23.538597106933594,3.0198154
0,1242,98.4,56.264538,0,0,23.538597106933594,51.90275
0,411,86.6,85.409386,1,1,23.538597106933594,23.245655
0,581,1.95,4.4136186,1,0,23.538597106933594,4.258445
0,597,0.385,0.15642855,1,1,23.538597106933594,9.559213
0,1494,11.0,11.948532,1,1,23.538597106933594,6.201774
0,290,78.0,86.590454,1,0,23.538597106933594,6.1940355
0,999,4.6,5.0407443,1,1,23.538597106933594,6.7084675
0,338,47.2,33.941414,0,0,23.538597106933594,22.729443
0,570,1.653,1.803406,1,1,23.538597106933594,1.9055923
0,64,20.0,66.11388,0,0,23.538597106933594,76.51726
0,1670,2.705,11.020606,1,1,23.538597106933594,24.847582
0,675,47.0,58.782784,0,1,23.538597106933594,27.1686
0,536,0.5,2.2375379,1,1,23.538597106933594,8.932633
0,886,8.1425,5.5821433,1,1,23.538597106933594,6.231331
0,192,8.6,7.2414064,1,1,23.538597106933594,6.8168592
0,252,26.0,19.090935,1,1,23.538597106933594,16.012152
0,1108,15.425,19.241234,1,1,23.538597106933594,7.7484
0,648,4.29,5.5977674,1,1,23.538597106933594,4.0473137
0,1632,37.7,35.78194,1,1,23.538597106933594,9.327108
0,1632,37.3,33.11161,1,1,23.538597106933594,16.664541
0,1762,30.03333333,37.2131,1,1,23.538597106933594,25.089157
0,269,7.5,20.61812,0,0,23.538597106933594,18.41799
0,1808,0.72,6.7165856,1,1,23.538597106933594,33.90615
0,253,31.9,24.082499,1,1,23.538597106933594,35.803734
0,148,10.02,9.127297,1,1,23.538597106933594,4.015346
0,1,76.0,76.8327,1,1,23.538597106933594,36.539738
0,496,3.64,5.1817827,1,1,23.538597106933594,3.529845
0,1377,16.2,14.075032,1,1,23.538597106933594,9.20337
0,2079,1.425,16.198454,0,1,23.538597106933594,47.55665
0,2082,2.97,1.4057575,1,1,23.538597106933594,3.2555313
0,1505,2.12,1.7096571,1,1,23.538597106933594,3.7461295
0,182,0.4,2.7728715,1,1,23.538597106933594,6.3462706
0,476,65.64,74.87428,1,1,23.538597106933594,92.19974
0,44,15.0,19.969233,1,1,23.538597106933594,13.629867
0,758,34.7,32.195065,1,1,23.538597106933594,7.114455
0,2087,2.25,3.40697,1,1,23.538597106933594,8.658388
0,49,80.0,69.84186,1,1,23.538597106933594,33.413628
0,2088,5.1,13.680734,1,1,23.538597106933594,25.828213
0,2090,3.98,3.5445404,1,1,23.538597106933594,6.399369
0,1691,88.0,43.98743,0,0,23.538597106933594,57.32526
0,263,16.3,13.347156,1,1,23.538597106933594,12.480561
0,357,2.12,4.5634203,1,0,23.538597106933594,3.352741
0,457,51.0,29.197886,0,1,23.538597106933594,68.03647
0,2096,0.13,1.6648145,1,1,23.538597106933594,5.600241
0,514,5.3,5.9132104,1,1,23.538597106933594,4.940825
0,2099,1.79,5.0507164,1,0,23.538597106933594,6.2128415
0,1662,88.0,85.43503,1,1,23.538597106933594,19.595707
0,570,4.4,2.5142891,1,0,23.538597106933594,2.0843306
0,2100,9.92,8.273185,1,1,23.538597106933594,8.685937
0,905,34.8,25.364117,1,1,23.538597106933594,18.886986
0,57,70.0,60.268623,1,1,23.538597106933594,59.946365
0,597,0.27,0.22056499,1,1,23.538597106933594,9.559213
0,938,6.01,30.598276,0,0,23.538597106933594,26.143826
0,98,14.05,12.836987,1,1,23.538597106933594,6.995234
0,1199,40.0,42.76732,1,1,23.538597106933594,16.156967
0,189,10.3,3.4212675,1,0,23.538597106933594,5.405299
0,766,4.505,7.604359,1,0,23.538597106933594,6.1076045
0,2104,116.0,99.04837,0,1,23.538597106933594,75.97971
0,144,8.116666667,4.507952,1,0,23.538597106933594,4.876132
0,1783,3.5,4.4047656,1,1,23.538597106933594,4.0487905
0,993,5.59,12.549767,1,0,23.538597106933594,5.8352113
0,2108,2.254,1.659709,1,1,23.538597106933594,2.5736208
0,189,6.556666667,4.383114,1,1,23.538597106933594,9.767081
0,1266,8.1,11.990931,1,0,23.538597106933594,6.5872993
0,2110,2.23,2.798427,1,1,23.538597106933594,5.812386
0,1094,1.3,3.4898853,1,1,23.538597106933594,13.3328495
0,723,17.3,13.838952,1,1,23.538597106933594,7.018746
0,543,7.4,5.1920066,1,1,23.538597106933594,5.8199897
0,527,0.033,0.10508812,1,1,23.538597106933594,2.1455765
0,2122,12.0,14.069519,1,1,23.538597106933594,6.0494084
0,2123,1.5,2.0565102,1,1,23.538597106933594,6.8939557
0,1977,46.9,34.91719,0,1,23.538597106933594,35.933792
0,600,26.0,31.040297,1,1,23.538597106933594,20.416832
0,64,61.4,65.28319,1,1,23.538597106933594,36.77612
0,1,41.9,57.985256,0,1,23.538597106933594,56.54042
0,2126,2.1,4.058623,1,1,23.538597106933594,4.8339043
0,543,7.9,6.8110185,1,1,23.538597106933594,6.868378
0,850,28.4,29.934473,1,1,23.538597106933594,20.019218
0,1965,17.0,10.296687,1,1,23.538597106933594,52.636883
0,461,88.0,85.99408,1,1,23.538597106933594,67.56076
0,64,23.0,52.239807,0,0,23.538597106933594,46.60018
0,1,24.8,58.746693,0,0,23.538597106933594,41.55573
0,1267,18.4,17.137823,1,1,23.538597106933594,3.383962
0,2131,0.37,1.8008609,1,1,23.538597106933594,4.3020406
0,228,18.9,18.098679,1,1,23.538597106933594,20.34495
0,641,3.82,3.0961697,1,1,23.538597106933594,5.4555006
0,1387,32.0,29.031237,1,1,23.538597106933594,95.7939
0,543,2.53,3.161896,1,1,23.538597106933594,4.199325
0,64,41.1,64.419876,0,1,23.538597106933594,59.901386
0,2137,0.037,0.58814967,1,1,23.538597106933594,1.6389532
0,616,110.0,82.93703,0,1,23.538597106933594,81.71844
0,399,10.0,11.084549,1,1,23.538597106933594,3.892119
0,993,14.0,15.030471,1,1,23.538597106933594,5.6487985
0,290,78.0,82.745125,1,1,23.538597106933594,13.888475
0,2034,14.45,15.957303,1,1,23.538597106933594,3.0862334
0,33,16.3,12.554578,1,1,23.538597106933594,18.698349
0,1486,2.27,8.952857,1,0,23.538597106933594,11.932144
0,840,36.0,50.48131,0,1,23.538597106933594,67.17326
0,2140,6.78,5.037736,1,1,23.538597106933594,8.452353
0,569,11.8,17.606384,1,1,23.538597106933594,17.534487
0,1,79.2,70.68506,1,1,23.538597106933594,25.968094
0,229,3.07,7.375486,1,1,23.538597106933594,10.667067
0,109,65.0,68.7712,1,1,23.538597106933594,41.680405
0,192,8.74,7.4219866,1,1,23.538597106933594,4.95225
0,2144,9.0,3.603045,1,0,23.538597106933594,8.46198
0,228,18.41,12.511112,1,1,23.538597106933594,23.457848
0,1569,2.48,7.617438,1,1,23.538597106933594,10.388831
0,1618,66.4,69.33321,1,1,23.538597106933594,75.82417
0,1293,31.15,24.785809,1,1,23.538597106933594,19.368979
0,1,25.0,30.076303,1,1,23.538597106933594,71.52536
0,654,7.0,6.3961067,1,1,23.538597106933594,9.621302
0,553,5.33,4.2558537,1,1,23.538597106933594,11.417391
0,1691,42.2,40.428654,1,1,23.538597106933594,43.914165
0,1049,3.48,4.703264,1,1,23.538597106933594,5.330889
0,2151,1.97,1.2147194,1,1,23.538597106933594,1.847125
0,461,42.0,62.334682,0,1,23.538597106933594,118.75973
0,1015,17.8,34.08737,0,0,23.538597106933594,22.144125
0,1,68.0,51.70538,0,1,23.538597106933594,33.852665
0,1606,1.39,1.685618,1,1,23.538597106933594,4.058333
0,1780,2.43,2.8667712,1,1,23.538597106933594,3.1716447
0,132,7.3,6.565603,1,1,23.538597106933594,2.9673536
0,711,0.27,0.48186678,1,1,23.538597106933594,2.9752686
0,831,4.27,5.0743685,1,1,23.538597106933594,6.413535
0,482,6.13,9.4461155,1,0,23.538597106933594,3.1463194
0,1183,6.64,6.5772724,1,1,23.538597106933594,7.8051586
0,22,66.2,69.41301,1,1,23.538597106933594,54.60477
0,1379,20.2,35.00265,0,1,23.538597106933594,43.750744
0,675,38.0,49.403107,1,1,23.538597106933594,36.890472
0,567,7.6,13.133436,1,0,23.538597106933594,8.014858
0,482,4.6,9.533371,1,0,23.538597106933594,4.2625747
0,195,2.18,1.480206,1,1,23.538597106933594,1.7439075
0,1965,15.0,10.296687,1,1,23.538597106933594,52.636883
0,758,32.96666667,31.52602,1,1,23.538597106933594,8.239967
0,49,29.0,22.077967,1,1,23.538597106933594,14.6439
0,503,7.2,9.3347,1,1,23.538597106933594,12.372349
0,1118,10.85,15.774602,1,1,23.538597106933594,20.449419
0,936,2.49,2.223176,1,1,23.538597106933594,2.784462
0,569,12.1,16.614742,1,1,23.538597106933594,11.003073
0,566,5.6,5.6599813,1,1,23.538597106933594,10.329157
0,49,9.7,24.671774,0,1,23.538597106933594,40.00923
0,728,16.4,11.193472,1,1,23.538597106933594,12.409965
0,2099,2.52,5.4212966,1,1,23.538597106933594,7.103488
0,687,143.0,114.36791,0,0,23.538597106933594,41.533314
0,276,77.0,66.99085,1,1,23.538597106933594,75.74645
0,487,28.0,55.13624,0,0,23.538597106933594,44.983627
0,1185,0.102,2.4381533,1,0,23.538597106933594,4.0992236
0,2161,22.0,26.847778,1,1,23.538597106933594,28.024055
0,601,0.0138,0.7700198,1,1,23.538597106933594,2.3410468
0,2162,3.0,3.6536808,1,1,23.538597106933594,9.86027
0,794,5.87,3.4918654,1,1,23.538597106933594,6.4702463
0,53,5.04,2.4657393,1,1,23.538597106933594,10.609534
0,2164,1.95,2.6597216,1,1,23.538597106933594,4.1990027
0,713,4.6,3.8347962,1,1,23.538597106933594,5.1235514
0,2165,0.205,6.3858395,1,0,23.538597106933594,10.158858
0,330,3.09,2.302165,1,1,23.538597106933594,3.5737758
0,290,57.9,56.10019,1,1,23.538597106933594,28.288935
0,1301,0.155,2.7098176,1,0,23.538597106933594,1.6454769
0,566,8.1,5.076372,1,1,23.538597106933594,10.478314
0,1185,0.172,3.1303704,1,0,23.538597106933594,4.5440836
0,235,0.31,1.3625038,1,1,23.538597106933594,5.906042
0,723,14.1,11.452215,1,1,23.538597106933594,8.826131
0,1185,0.138,2.6416492,1,0,23.538597106933594,3.8134315
0,906,16.9,6.1103883,1,0,23.538597106933594,13.149511
0,995,0.125,1.6133195,1,1,23.538597106933594,3.5303025
0,2170,131.0,108.06693,0,0,23.538597106933594,32.189407
0,1300,8.2,7.154918,1,1,23.538597106933594,9.2778425
0,979,2.8,4.4325337,1,1,23.538597106933594,8.2281065
0,507,72.5,63.442608,1,1,23.538597106933594,91.28287
0,138,1.71,3.1762507,1,1,23.538597106933594,5.727667
0,701,11.5,6.267038,1,0,23.538597106933594,7.2269225
0,1,78.0,79.80028,1,1,23.538597106933594,37.0353
0,227,2.28,0.41052693,1,1,23.538597106933594,4.529908
0,242,29.65,28.382675,1,1,23.538597106933594,13.018221
0,1267,18.0,17.218307,1,1,23.538597106933594,3.79494
0,1139,31.5,9.985135,0,0,23.538597106933594,14.302099
0,189,2.86,4.1369786,1,1,23.538597106933594,10.725611
0,44,9.0,20.02381,1,0,23.538597106933594,12.929584
0,743,16.5,16.646744,1,1,23.538597106933594,6.7654824
0,831,1.87,4.9364953,1,1,23.538597106933594,7.5667925
0,2057,25.5,20.913273,1,1,23.538597106933594,16.30495
0,53,4.24,2.2430205,1,1,23.538597106933594,7.512429
0,148,7.4,7.2907987,1,1,23.538597106933594,3.8025117
0,263,1.35,10.109372,1,1,23.538597106933594,22.170542
0,349,7.56,11.391059,1,1,23.538597106933594,8.016987
0,621,40.9,61.46146,0,1,23.538597106933594,69.53686
0,289,2.53,6.3945327,1,1,23.538597106933594,13.21564
0,1266,13.5,12.149303,1,1,23.538597106933594,6.9613047
0,351,64.5,40.31153,0,1,23.538597106933594,95.431526
0,1857,0.69,1.1136703,1,1,23.538597106933594,4.568094
0,961,43.0,42.65393,1,1,23.538597106933594,42.03072
0,1887,0.4,3.052059,1,1,23.538597106933594,5.909192
0,2189,22.7,10.93138,1,0,23.538597106933594,14.605393
0,1872,5.015,6.1016893,1,1,23.538597106933594,8.383076
0,934,3.0,2.4496813,1,1,23.538597106933594,7.4492354
0,57,66.0,62.941193,1,1,23.538597106933594,84.90222
0,263,19.9,14.39637,1,1,23.538597106933594,13.460623
0,2196,2.89,4.2910147,1,1,23.538597106933594,7.737004
0,338,44.9,33.941414,1,1,23.538597106933594,22.729443
0,436,32.0,36.49068,1,1,23.538597106933594,47.626156
0,906,18.2,13.517263,1,1,23.538597106933594,9.764652
0,1992,13.2,30.913868,0,1,23.538597106933594,63.47162
0,438,30.35,21.591576,1,0,23.538597106933594,14.733718
0,1749,4.48,8.039209,1,1,23.538597106933594,10.838218
0,33,16.4,13.465824,1,1,23.538597106933594,22.17739
0,64,41.0,65.99594,0,0,23.538597106933594,41.859642
0,2205,2.91,5.6606755,1,1,23.538597106933594,8.149844
0,443,9.4,30.27286,0,0,23.538597106933594,21.643656
0,232,5.2,7.9903383,1,1,23.538597106933594,12.633578
0,2208,3.0,3.5175774,1,1,23.538597106933594,6.0196376
0,2209,3.525,9.722708,1,1,23.538597106933594,65.88954
0,138,1.39,2.9425366,1,1,23.538597106933594,5.5949144
0,723,17.8,15.659689,1,1,23.538597106933594,6.1731586
0,1533,2.4,4.017714,1,1,23.538597106933594,6.6572084
0,1,70.0,68.59256,1,1,23.538597106933594,42.984615
0,57,82.0,62.667458,0,1,23.538597106933594,85.42447
0,496,6.95,7.290098,1,1,23.538597106933594,3.7076085
0,1992,26.0,27.893608,1,1,23.538597106933594,43.134212
0,1284,1.35,1.3473061,1,1,23.538597106933594,7.8866286
0,2213,3.075,7.006239,1,0,23.538597106933594,6.0795913
0,2215,3.68,20.727123,0,0,23.538597106933594,14.507689
0,596,17.7,17.087221,1,1,23.538597106933594,2.8327165
0,748,13.5,8.38142,1,0,23.538597106933594,9.681679
0,2216,3.9625,3.4554856,1,1,23.538597106933594,5.3751454
0,570,1.45,1.9630282,1,1,23.538597106933594,1.8039018
0,634,8.3,5.1593547,1,1,23.538597106933594,8.084867
0,1262,0.116,-0.1197464,1,1,23.538597106933594,2.2323236
0,1,57.1,71.05242,0,1,23.538597106933594,34.989777
0,204,32.0,21.818066,1,0,23.538597106933594,16.535978
0,638,2.79,2.2610881,1,1,23.538597106933594,6.8146744
0,1628,14.42,11.041101,1,1,23.538597106933594,6.762526
0,302,2.2,5.8547826,1,1,23.538597106933594,8.293447
0,758,37.8,33.048634,1,0,23.538597106933594,6.9740605
0,2218,14.4,20.575245,1,1,23.538597106933594,33.65498
0,392,12.1,10.961391,1,1,23.538597106933594,7.47429
0,1725,0.75,0.3070982,1,1,23.538597106933594,6.1314526
0,2219,2.865,2.8721442,1,1,23.538597106933594,7.437408
0,402,1.38,1.7230052,1,1,23.538597106933594,1.9477235
0,528,12.4,6.620186,1,0,23.538597106933594,8.125537
0,2189,14.8,10.201766,1,1,23.538597106933594,17.86664
0,33,17.3,11.704015,1,1,23.538597106933594,18.185373
0,1700,3.9,4.2395444,1,1,23.538597106933594,5.310844
0,119,33.5,31.322906,1,1,23.538597106933594,21.490805
0,496,7.091,7.0335946,1,1,23.538597106933594,2.2013462
0,351,79.2,65.41256,0,1,23.538597106933594,86.720894
0,1371,89.0,26.028248,0,1,23.538597106933594,155.39818
0,2226,9.7,7.86269,1,1,23.538597106933594,5.3401504
0,144,7.895,4.3236065,1,0,23.538597106933594,4.703013
0,528,5.5,10.7820635,1,0,23.538597106933594,8.097992
0,1,26.4,60.32441,0,0,23.538597106933594,57.82905
0,476,65.36,66.37511,1,1,23.538597106933594,93.13526
0,330,3.11,2.302165,1,1,23.538597106933594,3.5737758
0,826,4.32,3.1952817,1,1,23.538597106933594,7.5418124
0,64,82.8,88.50754,1,0,23.538597106933594,10.396126
0,643,1.49,7.5778,1,1,23.538597106933594,14.645106
0,1533,7.55,4.355176,1,0,23.538597106933594,6.3276935
0,2230,8.9,6.3740954,1,1,23.538597106933594,7.384209
0,643,2.36,2.7181997,1,1,23.538597106933594,5.450539
0,2231,2.6,1.5023807,1,1,23.538597106933594,4.954605
0,1235,54.0,58.788593,1,1,23.538597106933594,50.5388
0,2232,2.8,3.5988572,1,1,23.538597106933594,6.965241
0,2140,7.0,2.7661984,1,0,23.538597106933594,4.6862507
0,503,5.4,10.210526,1,0,23.538597106933594,8.941078
0,953,1.88,2.7652216,1,1,23.538597106933594,5.189885
0,49,89.6,82.38958,1,1,23.538597106933594,15.310361
0,1626,92.5,83.02082,1,1,23.538597106933594,21.793756
0,1762,41.2,31.611616,1,1,23.538597106933594,38.190586
0,1866,2.46,3.419994,1,1,23.538597106933594,3.528632
0,841,6.9,6.783161,1,1,23.538597106933594,3.657883
0,868,0.0763,0.15145716,1,1,23.538597106933594,2.3879416
0,57,84.0,66.02067,0,1,23.538597106933594,82.57308
0,898,62.0,57.472084,1,1,23.538597106933594,64.36437
0,528,9.0,10.018652,1,1,23.538597106933594,6.9300246
0,1830,8.905,6.5967407,1,1,23.538597106933594,6.4844346
0,392,12.22,11.021479,1,1,23.538597106933594,7.0503654
0,1199,35.0,42.087376,1,1,23.538597106933594,15.925122
0,1519,1.2,0.83636874,1,1,23.538597106933594,3.5203805
0,1260,6.76,9.274724,1,1,23.538597106933594,7.0007253
0,2235,5.46,7.052317,1,1,23.538597106933594,13.014537
0,2238,2.08,15.275871,0,0,23.538597106933594,15.07795
0,1951,31.3,28.538494,1,1,23.538597106933594,45.59233
0,1014,2.9,3.2967548,1,1,23.538597106933594,9.465323
0,840,70.0,74.691376,1,1,23.538597106933594,44.98381
0,191,9.9,13.108587,1,1,23.538597106933594,33.189175
0,682,15.0,25.150578,1,1,23.538597106933594,41.465176
0,995,0.162,1.6600437,1,1,23.538597106933594,3.6049397
0,2240,8.1,7.8751283,1,1,23.538597106933594,11.981944
0,204,33.0,21.37612,1,0,23.538597106933594,17.685678
0,1998,31.55,18.42428,0,0,23.538597106933594,22.350878
0,687,130.0,121.552826,1,1,23.538597106933594,35.567333
0,1302,9.465833333,8.463464,1,1,23.538597106933594,4.662898
0,2242,6.6,4.152641,1,1,23.538597106933594,6.3806834
0,1,78.0,70.009,1,1,23.538597106933594,49.09091
0,648,3.76,5.2876315,1,1,23.538597106933594,4.5048494
0,1762,31.7,31.07267,1,1,23.538597106933594,43.13261
0,353,0.99,3.3033495,1,1,23.538597106933594,27.15464
0,514,3.86,5.1522374,1,1,23.538597106933594,3.3480468
0,2245,6.3,3.7746215,1,1,23.538597106933594,9.36645
0,40,0.168,0.06769436,1,1,23.538597106933594,0.875361
0,1831,5.0,5.597054,1,1,23.538597106933594,7.1809072
0,1161,7.0,6.2387314,1,1,23.538597106933594,3.8634255
0,2248,23.5,11.303439,0,0,23.538597106933594,22.740229
0,831,2.76,5.378617,1,1,23.538597106933594,6.4495077
0,1100,22.4,12.37997,1,0,23.538597106933594,19.78398
0,263,13.3,13.876214,1,1,23.538597106933594,9.110883
0,64,51.5,76.60258,0,0,23.538597106933594,48.686153
0,2254,13.8,11.032135,1,0,23.538597106933594,3.3571293
0,1108,16.0,20.91213,1,0,23.538597106933594,8.208018
0,10,28.1,24.087898,1,1,23.538597106933594,50.57643
0,64,81.0,81.084366,1,1,23.538597106933594,34.04406
0,969,88.0,79.68711,1,1,23.538597106933594,27.36585
0,1865,7.6,4.912124,1,1,23.538597106933594,6.248514
0,44,25.5,18.948645,1,1,23.538597106933594,13.815965
0,2259,1.161428571,1.0413946,1,1,23.538597106933594,3.9441195
0,1108,20.0,22.814526,1,1,23.538597106933594,6.8680944
0,1371,73.0,51.728992,0,1,23.538597106933594,68.87109
0,1712,19.0,17.229752,1,1,23.538597106933594,32.42485
0,251,2.8,4.298703,1,1,23.538597106933594,3.4431581
0,1037,2.0,26.372972,0,0,23.538597106933594,24.866444
0,597,0.2,0.26035604,1,1,23.538597106933594,9.559213
0,10,35.9,46.944916,1,1,23.538597106933594,47.052
0,1098,26.0,13.457413,0,1,23.538597106933594,26.563745
0,643,4.49,4.536296,1,1,23.538597106933594,4.387826
0,2263,0.6,1.5422347,1,1,23.538597106933594,3.045092
0,2266,1.38,3.6275089,1,1,23.538597106933594,9.358885
0,352,13.1,12.435814,1,1,23.538597106933594,6.6258526
0,2267,5.1,6.990319,1,1,23.538597106933594,5.424326
0,1023,6.55,4.896759,1,1,23.538597106933594,3.4297895
0,57,75.1,68.91645,1,1,23.538597106933594,49.765392
0,533,0.394,2.672631,1,1,23.538597106933594,6.836146
0,766,4.6,8.421734,1,0,23.538597106933594,4.8260236
0,57,30.0,55.863247,0,1,23.538597106933594,76.68147
0,1538,2.0,3.1834946,1,1,23.538597106933594,7.1251044
0,189,11.25,5.3399367,1,1,23.538597106933594,13.185859
0,242,6.0,26.413208,0,0,23.538597106933594,16.54725
0,1827,16.1,21.15842,1,1,23.538597106933594,20.310148
0,1185,2.316666667,5.1996803,1,1,23.538597106933594,12.355551
0,290,74.0,30.398066,0,1,23.538597106933594,91.447266
0,436,30.0,37.768612,1,1,23.538597106933594,41.381924
0,850,29.4,34.251736,1,0,23.538597106933594,8.24574
0,768,7.44,6.745825,1,1,23.538597106933594,5.7090936
0,2277,2.98,2.655646,1,1,23.538597106933594,4.1786957
0,238,5.5,2.7033386,1,1,23.538597106933594,5.6329675
0,776,1.173333333,1.9349816,1,1,23.538597106933594,6.703603
0,4,5.37,4.2820783,1,0,23.538597106933594,1.5177352
0,618,9.12,4.8643184,1,1,23.538597106933594,8.728622
0,248,4.5,6.8308754,1,1,23.538597106933594,7.877122
0,290,60.0,55.308002,1,1,23.538597106933594,36.07571
0,868,0.034,0.14647077,1,1,23.538597106933594,1.6003478
0,528,10.9,6.268851,1,0,23.538597106933594,8.599202
0,2090,1.1,2.4210086,1,1,23.538597106933594,7.1125927
0,1611,6.33,6.175058,1,1,23.538597106933594,7.9362926
0,1519,5.71,3.0198145,1,0,23.538597106933594,3.2892106
0,252,15.6,17.907269,1,1,23.538597106933594,16.553516
0,1108,16.25,15.707015,1,1,23.538597106933594,29.26366
0,643,16.9,10.041632,1,0,23.538597106933594,4.197595
0,686,77.6,70.79807,1,1,23.538597106933594,22.627771
0,2285,9.85,9.050884,1,1,23.538597106933594,9.417287
0,109,42.0,63.95271,0,1,23.538597106933594,48.9655
0,1099,81.0,77.96987,1,1,23.538597106933594,56.05412
0,879,19.8,16.308784,1,0,23.538597106933594,6.0922794
0,1313,12.0,7.45756,1,1,23.538597106933594,22.9986
0,2288,14.1,14.688995,1,1,23.538597106933594,15.040158
0,269,13.0,21.975811,1,1,23.538597106933594,24.585342
0,1895,1.58,3.486919,1,1,23.538597106933594,4.5181894
0,485,2.5,13.529064,1,0,23.538597106933594,11.247891
0,242,32.0,24.9778,1,1,23.538597106933594,23.554401
0,290,78.0,79.74751,1,1,23.538597106933594,19.36576
0,840,41.0,52.08363,1,1,23.538597106933594,75.76468
0,2293,81.5,27.865562,0,0,23.538597106933594,55.164577
0,723,16.0,12.54462,1,1,23.538597106933594,9.204272
0,22,46.0,72.36104,0,0,23.538597106933594,33.521606
0,351,93.8,64.68802,0,1,23.538597106933594,83.48726
0,906,18.3,12.792419,1,0,23.538597106933594,9.642986
0,2295,1.78,4.208892,1,1,23.538597106933594,11.524671
0,465,34.2,17.756933,0,0,23.538597106933594,23.619972
0,242,31.7,28.417572,1,1,23.538597106933594,11.142678
0,64,79.1,86.174286,1,0,23.538597106933594,12.038606
0,290,82.4,75.96784,1,1,23.538597106933594,32.130592
0,2297,8.496153846,7.5532556,1,1,23.538597106933594,12.602427
0,232,5.4,7.8900614,1,1,23.538597106933594,17.655998
0,1696,8.4,5.810265,1,1,23.538597106933594,5.4537454
0,1754,14.1,14.670034,1,1,23.538597106933594,18.969877
0,501,12.8,21.145615,1,1,23.538597106933594,24.158102
0,2300,12.0,8.189831,1,1,23.538597106933594,29.048647
0,1357,3.21,2.2963748,1,1,23.538597106933594,4.992881
0,22,53.0,74.19291,0,0,23.538597106933594,29.481337
0,1,14.4,53.97626,0,0,23.538597106933594,59.414547
0,204,32.0,21.754986,1,0,23.538597106933594,16.777267
0,357,4.91,5.146997,1,1,23.538597106933594,3.1609678
0,369,3.427,4.2626767,1,1,23.538597106933594,2.9113328
0,2301,33.5,29.73058,1,1,23.538597106933594,22.316818
0,224,8.8,19.079466,1,0,23.538597106933594,13.315509
0,2302,1.46,0.9779492,1,1,23.538597106933594,4.7722573
0,1139,34.5,32.906284,1,1,23.538597106933594,10.546809
0,1101,11.0,28.275827,0,0,23.538597106933594,29.263464
0,57,82.4,67.2449,0,1,23.538597106933594,63.514595
0,351,90.9,72.120125,0,1,23.538597106933594,108.64683
0,1628,4.6,9.430237,1,0,23.538597106933594,7.205046
0,1284,3.02,2.0478573,1,1,23.538597106933594,6.6102977
0,2308,3.7,3.8996234,1,1,23.538597106933594,4.4844255
0,2309,112.0,76.730804,0,0,23.538597106933594,29.378984
0,1374,4.49,5.9431467,1,1,23.538597106933594,4.0352926
0,2311,22.6,13.258443,1,1,23.538597106933594,28.445988
0,224,19.0,19.218857,1,1,23.538597106933594,12.754718
0,10,38.5,37.194542,1,1,23.538597106933594,39.372166
0,1981,2.12,5.2406,1,0,23.538597106933594,4.32341
0,1,62.9,53.583736,1,1,23.538597106933594,38.95102
0,411,64.6,74.72198,1,1,23.538597106933594,51.31669
0,1,79.8,63.47185,0,1,23.538597106933594,34.47694
0,2254,13.8,11.032135,1,0,23.538597106933594,3.3571293
0,2313,4.3,2.711901,1,1,23.538597106933594,4.3912807
0,53,4.73,3.3185122,1,1,23.538597106933594,9.945919
0,109,63.0,69.02528,1,1,23.538597106933594,42.86822
0,2315,6.16,13.774806,1,1,23.538597106933594,23.852585
0,351,36.0,35.969494,1,1,23.538597106933594,94.6116
0,2316,1.3,2.442951,1,1,23.538597106933594,9.391632
0,2317,0.478,0.52352315,1,1,23.538597106933594,1.1594976
0,648,7.1,7.4015603,1,1,23.538597106933594,5.7612534
0,1725,2.6,2.1300693,1,1,23.538597106933594,7.347479
0,678,0.72,8.8570595,1,0,23.538597106933594,12.644029
0,2319,4.85,3.4039261,1,1,23.538597106933594,5.768339
0,723,18.0,15.931015,1,1,23.538597106933594,6.6596527
0,2320,3.64,3.354142,1,1,23.538597106933594,5.2684555
0,290,68.8,71.957726,1,1,23.538597106933594,15.532457
0,2323,1.3,2.7511709,1,1,23.538597106933594,4.0919123
0,2189,22.4,11.439232,1,0,23.538597106933594,12.902871
0,402,1.38,1.8428754,1,1,23.538597106933594,2.032462
0,1,38.0,62.949284,0,0,23.538597106933594,43.118465
0,670,3.81,3.4036589,1,1,23.538597106933594,5.741291
0,227,0.76,1.503656,1,1,23.538597106933594,3.3178303
0,2324,60.0,60.41367,1,1,23.538597106933594,63.28405
0,351,88.85,66.23006,0,1,23.538597106933594,104.986626
0,1,41.1,51.439926,1,1,23.538597106933594,58.531162
0,333,8.2,8.209428,1,1,23.538597106933594,15.951612
0,581,7.2,6.566039,1,1,23.538597106933594,4.3010216
0,457,33.2,32.09951,1,1,23.538597106933594,12.253711
0,661,10.3,9.908165,1,1,23.538597106933594,5.492526
0,2327,3.65,3.9281838,1,1,23.538597106933594,3.503986
0,422,91.0,77.023384,0,1,23.538597106933594,38.611656
0,2328,85.0,83.18582,1,1,23.538597106933594,154.6278
0,687,132.0,121.45346,1,1,23.538597106933594,37.552223
0,1385,6.5,12.701809,1,0,23.538597106933594,10.794422
0,426,6.366666667,11.984538,1,1,23.538597106933594,22.739796
0,2333,15.0,16.289713,1,1,23.538597106933594,9.60705
0,514,3.845,5.1522374,1,1,23.538597106933594,3.3480468
0,64,65.0,78.98144,0,0,23.538597106933594,23.041855
0,840,66.9,75.668396,1,1,23.538597106933594,36.76089
0,64,4.3,72.639786,0,0,23.538597106933594,57.86113
0,1387,33.0,29.313478,1,1,23.538597106933594,42.125706
0,204,28.0,22.041893,1,1,23.538597106933594,16.033478
0,242,57.1,73.4851,0,0,23.538597106933594,23.961187
0,686,87.0,76.82766,1,0,23.538597106933594,17.499247
0,912,6.99,8.879468,1,1,23.538597106933594,12.105732
0,1618,84.6,65.06141,0,1,23.538597106933594,83.50494
0,352,13.0,11.277066,1,1,23.538597106933594,6.7498813
0,564,3.4,4.6996484,1,1,23.538597106933594,10.108712
0,581,4.7,5.363647,1,1,23.538597106933594,4.1128516
0,138,0.26,1.7429081,1,1,23.538597106933594,4.464201
0,743,14.4,9.99116,1,0,23.538597106933594,7.975863
0,229,6.59,7.873596,1,1,23.538597106933594,5.6936827
0,728,16.0,10.498073,1,1,23.538597106933594,15.020728
0,156,2.3,1.7544307,1,1,23.538597106933594,5.685965
0,1235,35.0,63.829105,0,0,23.538597106933594,49.325798
0,263,16.26666667,14.532107,1,1,23.538597106933594,9.63286
0,600,24.9,23.822155,1,1,23.538597106933594,18.480745
0,229,3.37,7.1197033,1,1,23.538597106933594,10.772407
0,2088,26.75,20.881178,1,1,23.538597106933594,22.569176
0,2034,4.2,11.218511,1,0,23.538597106933594,6.2507076
0,2347,21.1,16.474573,1,1,23.538597106933594,18.288319
0,610,7.4,6.1369934,1,1,23.538597106933594,10.5547695
0,909,35.6,16.002913,0,0,23.538597106933594,27.157255
0,33,17.8,13.03847,1,1,23.538597106933594,17.843147
0,351,95.3,67.60279,0,1,23.538597106933594,101.86021
0,461,51.0,76.64112,0,1,23.538597106933594,93.99873
0,227,4.07,0.003956003,1,0,23.538597106933594,5.812975
0,850,19.85,22.003754,1,1,23.538597106933594,15.193905
0,1494,13.7,14.171904,1,1,23.538597106933594,6.175156
0,912,8.843333333,7.3187523,1,1,23.538597106933594,14.005924
0,558,3.25,9.583211,1,1,23.538597106933594,16.20967
0,10,24.9,36.274006,1,1,23.538597106933594,42.65996
0,923,5.3,6.919519,1,1,23.538597106933594,7.505781
0,1866,6.4,2.7920814,1,0,23.538597106933594,4.6973352
0,1,76.0,69.25899,1,1,23.538597106933594,35.39399
0,64,88.0,86.785614,1,1,23.538597106933594,8.514509
0,587,93.7,54.65559,0,0,23.538597106933594,58.018803
0,899,2.595,2.9823184,1,1,23.538597106933594,5.438788
0,1,80.0,63.52026,0,0,23.538597106933594,32.784325
0,507,92.5,78.18127,0,1,23.538597106933594,38.01418
0,1277,32.3,26.556927,1,1,23.538597106933594,19.907045
0,1998,34.0,33.75035,1,1,23.538597106933594,15.323443
0,1618,84.0,68.02485,0,1,23.538597106933594,84.35458
0,1266,4.52,10.7134285,1,0,23.538597106933594,7.2111063
0,601,0.088,0.79261124,1,1,23.538597106933594,2.3410468
0,53,3.17,2.9195287,1,1,23.538597106933594,7.77541
0,1267,18.6,17.491453,1,1,23.538597106933594,3.169942
0,351,70.0,56.34835,0,1,23.538597106933594,72.216606
0,2359,6.22,9.554691,1,1,23.538597106933594,19.075563
0,1808,1.0,6.264799,1,1,23.538597106933594,48.5562
0,2361,2.1,2.5696418,1,1,23.538597106933594,3.2217734
0,1380,0.7,1.6030835,1,1,23.538597106933594,3.8443182
0,2057,22.2,21.41489,1,1,23.538597106933594,13.403233
0,2365,0.0725,2.7886524,1,0,23.538597106933594,3.752643
0,2347,23.4,15.7614155,1,1,23.538597106933594,20.974909
0,191,12.1,13.60825,1,1,23.538597106933594,32.00058
0,2366,3.74,2.8856907,1,1,23.538597106933594,6.664093
0,476,71.25,65.08936,1,1,23.538597106933594,56.946877
0,135,1.11,1.174241,1,1,23.538597106933594,2.800237
0,2367,25.2,18.541445,1,1,23.538597106933594,28.759708
0,1691,57.0,42.55784,0,1,23.538597106933594,70.59983
0,2369,16.6,11.490035,1,0,23.538597106933594,6.9233675
0,1370,3.12,7.0235257,1,1,23.538597106933594,8.070233
0,2370,0.032,0.40975246,1,1,23.538597106933594,1.3662026
0,1403,9.7,9.403618,1,1,23.538597106933594,11.875081
0,64,49.80666667,76.671074,0,1,23.538597106933594,61.840443
0,2372,0.34,1.0168519,1,1,23.538597106933594,5.7548823
0,2373,93.0,59.34214,0,1,23.538597106933594,81.75834
0,2376,85.0,55.71532,0,0,23.538597106933594,43.091125
0,675,32.8,44.99432,0,1,23.538597106933594,34.989414
0,1037,23.0,25.807892,1,1,23.538597106933594,22.299234
0,1385,13.9,13.776096,1,1,23.538597106933594,7.6499004
0,426,17.3,17.222494,1,1,23.538597106933594,8.37933
0,351,63.6,67.67159,1,1,23.538597106933594,84.70248
0,44,12.5,20.641531,1,0,23.538597106933594,12.616038
0,482,5.42,9.258139,1,0,23.538597106933594,4.2031565
0,64,89.2,83.73861,1,1,23.538597106933594,30.461569
0,189,3.72,3.2930648,1,1,23.538597106933594,5.739277
0,290,73.0,57.112682,0,1,23.538597106933594,39.07286
0,1455,3.4,3.7821622,1,1,23.538597106933594,8.2497
0,2385,0.21,3.0971978,1,1,23.538597106933594,6.7313704
0,1240,22.6,17.348656,1,0,23.538597106933594,8.357849
0,962,8.35,11.774644,1,1,23.538597106933594,15.286038
0,1264,6.21,6.029491,1,1,23.538597106933594,6.1231346
0,2386,2.75,4.1416254,1,1,23.538597106933594,8.320028
0,1491,7.12,11.615638,1,1,23.538597106933594,10.467377
0,2099,2.78,4.667547,1,1,23.538597106933594,7.82596
0,2293,84.5,27.66371,0,0,23.538597106933594,54.80284
0,899,5.8,4.134601,1,1,23.538597106933594,9.622423
0,567,8.2,15.807742,1,0,23.538597106933594,7.2984743
0,2320,1.08,4.856705,1,1,23.538597106933594,9.223693
0,868,0.0278,0.14401458,1,1,23.538597106933594,1.6274526
0,98,7.7,8.819933,1,1,23.538597106933594,6.4499493
0,1185,9.8,4.8954463,1,1,23.538597106933594,10.2305765
0,227,1.89,2.0326004,1,1,23.538597106933594,2.0721464
0,596,15.0,15.80914,1,1,23.538597106933594,4.131107
0,720,3.895428571,7.0328526,1,1,23.538597106933594,10.65544
0,1182,34.4,40.485733,1,1,23.538597106933594,64.60029
0,923,11.25,7.732085,1,0,23.538597106933594,6.7721424
0,422,105.3,98.49539,1,1,23.538597106933594,15.502479
0,64,85.0,84.027916,1,1,23.538597106933594,16.340418
0,1611,6.49,5.3785315,1,1,23.538597106933594,7.9931183
0,840,82.0,80.56955,1,1,23.538597106933594,32.175976
0,570,1.85,1.18456,1,1,23.538597106933594,1.9055923
0,1691,75.8,81.92364,1,0,23.538597106933594,10.354518
0,156,2.3,1.5867748,1,1,23.538597106933594,5.809339
0,1387,27.0,41.255325,0,1,23.538597106933594,36.174484
0,2400,42.8,35.502457,1,1,23.538597106933594,42.403347
0,1977,53.7,47.142166,1,1,23.538597106933594,33.852345
0,663,5.19,4.119557,1,1,23.538597106933594,6.044062
0,2401,2.12,1.3278049,1,1,23.538597106933594,4.4295335
0,587,90.5,56.90551,0,1,23.538597106933594,68.98173
0,1696,6.8,6.4540706,1,1,23.538597106933594,5.288418
0,2402,54.0,75.45806,0,0,23.538597106933594,24.080853
0,252,19.0,19.326603,1,1,23.538597106933594,14.616013
0,1049,3.24,4.7468414,1,1,23.538597106933594,4.9979606
0,1017,78.0,75.20254,1,1,23.538597106933594,46.25343
0,1185,2.25,5.657203,1,1,23.538597106933594,12.340415
0,728,3.52,7.5088673,1,1,23.538597106933594,12.935697
0,2404,20.125,15.450757,1,1,23.538597106933594,16.33883
0,49,23.1,22.01849,1,1,23.538597106933594,11.296016
0,1,65.3,56.095985,1,1,23.538597106933594,36.71046
0,14,40.0,25.312443,0,0,23.538597106933594,20.551558
0,290,82.5,77.33421,1,1,23.538597106933594,19.706549
0,289,4.8,4.9392805,1,1,23.538597106933594,9.705021
0,2406,4.7,6.813816,1,1,23.538597106933594,9.186043
0,610,12.0,5.988086,1,0,23.538597106933594,9.709056
0,1238,6.6,6.0216775,1,1,23.538597106933594,3.9011042
0,728,17.0,10.476529,1,1,23.538597106933594,15.815661
0,899,2.995,2.9118688,1,1,23.538597106933594,5.851285
0,57,72.5,73.40053,1,1,23.538597106933594,37.549477
0,2295,2.86,3.7390108,1,1,23.538597106933594,7.6751947
0,299,2.82,2.9845464,1,1,23.538597106933594,4.956136
0,2411,6.1,5.1663413,1,1,23.538597106933594,12.843627
0,57,82.5,66.74305,0,1,23.538597106933594,66.14735
0,2412,6.8,6.1702914,1,1,23.538597106933594,9.833458
0,587,94.4,55.872444,0,0,23.538597106933594,68.372894
0,357,2.53,4.6857853,1,0,23.538597106933594,3.2911696
0,867,8.346666667,8.816776,1,1,23.538597106933594,3.6574268
0,2413,2.74,3.3944972,1,1,23.538597106933594,3.88317
0,22,22.0,67.82758,0,0,23.538597106933594,39.053444
0,836,0.066,0.36785075,1,1,23.538597106933594,1.1289377
0,648,5.28,5.6142907,1,1,23.538597106933594,4.376344
0,825,67.0,67.86223,1,1,23.538597106933594,56.563988
0,728,16.7,9.854715,1,0,23.538597106933594,11.303407
0,2415,0.49,2.0458748,1,1,23.538597106933594,5.5678067
0,2242,7.05,4.6407957,1,1,23.538597106933594,6.551628
0,1569,2.87,7.175452,1,1,23.538597106933594,10.388831
0,566,8.4,5.1422076,1,1,23.538597106933594,12.631499
0,10,31.9,48.649025,0,1,23.538597106933594,46.610462
0,33,17.2,9.135409,1,1,23.538597106933594,28.134888
0,826,3.08,2.7545674,1,1,23.538597106933594,7.8239083
0,1370,4.58,7.164215,1,1,23.538597106933594,8.105798
0,22,93.4,87.63807,1,1,23.538597106933594,21.681051
0,713,6.6,6.273433,1,1,23.538597106933594,5.5730324
0,1387,32.0,30.198608,1,1,23.538597106933594,34.838512
0,953,2.58,3.3017917,1,1,23.538597106933594,6.3867764
0,1185,9.7,4.887909,1,1,23.538597106933594,10.311518
0,906,2.435,7.0449185,1,1,23.538597106933594,13.678535
0,1866,4.4,2.9910643,1,1,23.538597106933594,4.5978665
0,998,36.5,30.413107,1,1,23.538597106933594,28.345406
0,478,83.7,74.91489,1,1,23.538597106933594,49.437973
0,2401,2.12,1.3894079,1,1,23.538597106933594,4.9523373
0,570,1.75,2.238276,1,1,23.538597106933594,1.8039018
0,686,82.7,80.472244,1,1,23.538597106933594,20.005339
0,2421,6.6,4.815349,1,1,23.538597106933594,13.159906
0,195,2.226,1.480206,1,1,23.538597106933594,1.7439075
0,1,9.6,56.539677,0,0,23.538597106933594,53.275406
0,311,56.0,54.37354,1,1,23.538597106933594,69.173775
0,543,8.9,6.9593754,1,1,23.538597106933594,6.902303
0,890,9.49,9.263705,1,1,23.538597106933594,3.5357294
0,713,2.7,3.461375,1,1,23.538597106933594,4.627992
0,2423,1.1,1.7055589,1,1,23.538597106933594,6.837382
0,1717,4.28,8.5482435,1,0,23.538597106933594,6.058748
0,2424,0.37,1.2992142,1,1,23.538597106933594,3.836048
0,64,59.0,76.817085,0,1,23.538597106933594,103.45353
0,465,34.3,19.767347,0,0,23.538597106933594,27.886795
0,2426,1.585,0.98560035,1,1,23.538597106933594,10.240526
0,2427,5.2,3.6007519,1,1,23.538597106933594,9.41795
0,1061,14.0,47.11366,0,0,23.538597106933594,50.41618
0,1100,28.575,13.2932625,0,0,23.538597106933594,20.193674
0,1639,8.3,7.8224025,1,1,23.538597106933594,15.460019
0,2428,8.7,11.33426,1,1,23.538597106933594,16.79956
0,1037,23.0,26.528807,1,1,23.538597106933594,22.534473
0,49,14.0,19.535324,1,1,23.538597106933594,32.38181
0,2429,122.0,103.73226,0,1,23.538597106933594,42.091805
0,118,0.5,2.7229378,1,1,23.538597106933594,5.3131075
0,1332,81.0,71.514626,1,1,23.538597106933594,38.9193
0,487,75.0,69.18759,1,1,23.538597106933594,80.30798
0,993,10.4,13.765727,1,0,23.538597106933594,5.7439675
0,501,16.5,22.254753,1,0,23.538597106933594,8.2281885
0,906,15.89,17.453215,1,1,23.538597106933594,5.9797378
0,196,1.542,1.4359394,1,1,23.538597106933594,2.3991067
0,1136,6.28,6.2464933,1,1,23.538597106933594,7.0624976
0,2434,71.0,56.20235,0,1,23.538597106933594,59.099434
0,1235,72.0,60.348835,1,1,23.538597106933594,49.889793
0,1519,4.19,1.6671511,1,0,23.538597106933594,3.6285408
0,351,79.1,67.28797,0,1,23.538597106933594,96.218155
0,2436,0.6,1.0673925,1,1,23.538597106933594,2.9612722
0,1965,12.0,10.296687,1,1,23.538597106933594,52.636883
0,1897,0.96,3.3027344,1,1,23.538597106933594,5.9883037
0,422,102.3,100.593,1,1,23.538597106933594,15.0745735
0,2437,0.56,2.0380528,1,1,23.538597106933594,23.079119
0,2035,1.13,33.4576,0,0,23.538597106933594,29.452183
0,1161,10.5,11.043484,1,1,23.538597106933594,8.67645
0,731,12.3,11.118684,1,1,23.538597106933594,9.506675
0,2438,9.0,5.6306705,1,0,23.538597106933594,3.9278815
0,2439,0.23,4.2200875,1,0,23.538597106933594,4.782796
0,2100,10.5,7.6703305,1,1,23.538597106933594,8.513576
0,290,67.0,55.564884,1,1,23.538597106933594,42.13168
0,491,1.78,1.6850077,1,1,23.538597106933594,3.8767817
0,191,8.3,11.410594,1,1,23.538597106933594,37.970398
0,64,84.0,84.236755,1,1,23.538597106933594,17.02454
0,229,4.13,9.789958,1,1,23.538597106933594,11.664651
0,44,28.5,26.68055,1,1,23.538597106933594,25.150436
0,22,70.0,67.350586,1,1,23.538597106933594,24.568886
0,1,40.0,34.29744,1,1,23.538597106933594,63.029827
0,728,14.7,10.010673,1,1,23.538597106933594,11.971612
0,269,16.0,17.974607,1,1,23.538597106933594,26.955887
0,1359,10.2,7.936832,1,1,23.538597106933594,6.7103
0,1,59.7,53.6245,1,1,23.538597106933594,37.646748
0,269,14.9,23.060389,1,1,23.538597106933594,31.238913
0,156,2.66,1.8534286,1,1,23.538597106933594,4.642058
0,1539,6.666666667,4.506679,1,1,23.538597106933594,12.693168
0,314,4.43,3.4582615,1,1,23.538597106933594,5.8139415
0,2401,2.12,1.8287805,1,1,23.538597106933594,4.6609793
0,2450,36.5,32.29482,1,1,23.538597106933594,30.505457
0,1366,0.32,0.90173554,1,1,23.538597106933594,6.332507
0,1826,90.8,80.662254,1,1,23.538597106933594,76.638084
0,1013,17.5,17.59229,1,1,23.538597106933594,2.1793532
0,57,69.5,64.66063,1,1,23.538597106933594,45.58495
0,64,23.0,78.41788,0,0,23.538597106933594,55.982025
0,938,10.04,32.27988,0,0,23.538597106933594,29.355684
0,1992,27.2,30.60532,1,1,23.538597106933594,23.853373
0,713,2.53,3.1485841,1,1,23.538597106933594,4.2894025
0,41,2.76,6.018065,1,0,23.538597106933594,5.431712
0,2328,110.0,84.35512,0,1,23.538597106933594,127.52413
0,713,11.4,9.45765,1,1,23.538597106933594,7.9321337
0,189,10.1,3.522735,1,0,23.538597106933594,4.7031994
0,2452,2.7,2.6166656,1,1,23.538597106933594,4.743865
0,723,17.6,13.910208,1,0,23.538597106933594,6.5914373
0,269,29.0,27.201046,1,1,23.538597106933594,19.250284
0,156,0.66,1.7960304,1,1,23.538597106933594,5.3676686
0,1277,19.7,21.081587,1,1,23.538597106933594,12.6991825
0,1649,0.4,0.78012705,1,1,23.538597106933594,1.8078407
0,678,4.8,7.573951,1,1,23.538597106933594,14.033579
0,1260,7.2,9.480369,1,1,23.538597106933594,8.066377
0,2454,39.0,27.325788,1,0,23.538597106933594,12.4948015
0,64,39.0,70.48135,0,0,23.538597106933594,58.404472
0,1998,38.0,35.34324,1,1,23.538597106933594,11.664537
0,2455,0.4,0.8047454,1,0,23.538597106933594,0.68946034
0,1460,30.0,26.795567,1,1,23.538597106933594,24.61684
0,2456,0.5995,2.2634065,1,1,23.538597106933594,6.4150467
0,850,2.8,28.58404,0,0,23.538597106933594,31.791426
0,10,36.7,45.489536,1,1,23.538597106933594,50.109188
0,14,40.0,18.89319,0,0,23.538597106933594,26.414877
0,195,2.14,1.480206,1,1,23.538597106933594,1.7439075
0,351,70.3,64.258194,1,1,23.538597106933594,87.18412
0,2460,5.7,4.90587,1,1,23.538597106933594,5.973705
0,514,5.55,5.820575,1,1,23.538597106933594,5.798317
0,41,2.52,4.942945,1,1,23.538597106933594,5.087082
0,675,12.8,33.773838,0,1,23.538597106933594,46.41663
0,311,61.0,55.837845,1,1,23.538597106933594,67.252785
0,491,2.0,2.3643389,1,1,23.538597106933594,4.0707574
0,2462,81.0,40.03856,0,1,23.538597106933594,82.42462
0,616,102.0,72.83863,0,1,23.538597106933594,87.97503
0,119,25.06153846,21.76185,1,1,23.538597106933594,29.392174
0,1774,1.975,1.284763,1,1,23.538597106933594,3.6625526
0,244,7.5,14.338673,1,1,23.538597106933594,36.76578
0,1738,0.78,1.0591086,1,1,23.538597106933594,3.2235339
0,109,46.0,66.9111,0,1,23.538597106933594,45.44658
0,40,1.587,2.474908,1,1,23.538597106933594,5.528496
0,686,76.2,71.81006,1,1,23.538597106933594,15.934893
0,1,46.4,54.0857,1,1,23.538597106933594,49.380127
0,503,6.8,9.603868,1,1,23.538597106933594,14.420304
0,436,54.0,47.66876,1,1,23.538597106933594,43.976143
0,2470,9.04,6.013072,1,1,23.538597106933594,12.330696
0,144,5.83,4.026766,1,1,23.538597106933594,4.5133786
0,1277,29.4,25.259665,1,1,23.538597106933594,22.339413
0,487,42.0,59.946106,0,1,23.538597106933594,45.51527
0,245,25.0,23.943125,1,1,23.538597106933594,22.359629
0,898,82.0,79.791245,1,1,23.538597106933594,30.328531
0,2473,1.838,5.083126,1,1,23.538597106933594,9.994082
0,196,1.7225,1.2728343,1,1,23.538597106933594,2.3591752
0,2034,4.9,11.229913,1,0,23.538597106933594,6.515906
0,476,88.0,64.54043,0,1,23.538597106933594,58.574123
0,1533,7.7,4.513821,1,1,23.538597106933594,6.7243066
0,2050,4.08,4.8874526,1,1,23.538597106933594,6.7451487
0,57,76.9,69.11521,1,1,23.538597106933594,64.220825
0,263,17.6,14.149942,1,1,23.538597106933594,13.558923
0,728,15.8,10.3001375,1,1,23.538597106933594,16.091063
0,723,10.8,6.9758887,1,0,23.538597106933594,7.378627
0,1318,0.112,-0.25262365,1,1,23.538597106933594,1.1195033
0,44,31.75,22.026249,1,1,23.538597106933594,19.705538
0,422,108.0,98.30096,1,1,23.538597106933594,20.3765
0,1476,13.9,10.925981,1,1,23.538597106933594,8.659413
0,1,79.2,76.03791,1,1,23.538597106933594,28.079649
0,567,18.1,17.32908,1,1,23.538597106933594,5.9141865
0,53,3.52,3.1148932,1,1,23.538597106933594,8.599428
0,937,5.17,3.7470455,1,1,23.538597106933594,6.8816566
0,1,48.0,47.721478,1,1,23.538597106933594,75.99917
0,2041,3.19,2.5030413,1,1,23.538597106933594,6.480036
0,643,1.82,3.0295284,1,1,23.538597106933594,5.271648
0,1916,1.23,2.492004,1,1,23.538597106933594,6.0119476
0,2482,3.45,3.8018372,1,1,23.538597106933594,11.5232525
0,1992,14.0,28.285307,0,0,23.538597106933594,15.6931095
0,1,20.0,43.83349,0,1,23.538597106933594,68.440315
0,2483,0.9,2.6892178,1,1,23.538597106933594,10.101991
0,242,8.8,25.22279,0,0,23.538597106933594,15.568385
0,1264,5.69,5.3964095,1,1,23.538597106933594,7.799083
0,2486,27.05,31.179245,1,1,23.538597106933594,56.85196
0,248,6.1,6.317584,1,1,23.538597106933594,7.6647706
0,289,2.24,5.6651096,1,1,23.538597106933594,13.291422
0,438,30.7,21.455608,1,0,23.538597106933594,17.864847
0,1063,10.1,7.50021,1,1,23.538597106933594,9.076606
0,1,66.0,68.37375,1,1,23.538597106933594,34.009243
0,118,0.107,1.9921149,1,1,23.538597106933594,4.1448646
0,289,2.84,6.3132005,1,1,23.538597106933594,12.275239
0,132,7.7,6.971412,1,1,23.538597106933594,3.170126
0,44,11.0,19.208841,1,0,23.538597106933594,15.590006
0,581,4.382,5.4042816,1,1,23.538597106933594,4.0837364
0,2489,6.2,4.864869,1,1,23.538597106933594,7.922796
0,64,55.0,66.75659,1,1,23.538597106933594,84.41541
0,1754,38.7,27.044228,1,0,23.538597106933594,15.672914
0,351,98.0,67.94049,0,1,23.538597106933594,106.62076
0,148,10.3,6.6863923,1,0,23.538597106933594,3.383291
0,2493,0.23,2.2729297,1,1,23.538597106933594,7.7826324
0,1826,100.0,78.93977,0,1,23.538597106933594,65.43229
0,269,11.0,18.471722,1,1,23.538597106933594,21.051651
0,597,0.2,0.33857647,1,1,23.538597106933594,9.559213
0,674,22.5,18.803986,1,1,23.538597106933594,9.491171
0,655,29.6,28.220259,1,1,23.538597106933594,13.30648
0,2267,6.6,6.990319,1,1,23.538597106933594,5.5680747
0,1691,68.35,74.45558,1,1,23.538597106933594,36.879185
0,998,27.2,25.2382,1,1,23.538597106933594,34.438328
0,496,3.675,5.8161125,1,1,23.538597106933594,5.015242
0,758,29.5,32.219135,1,1,23.538597106933594,9.350711
0,2359,9.41,8.5644045,1,1,23.538597106933594,18.679558
0,2295,0.663333333,6.063181,1,0,23.538597106933594,9.955308
0,49,4.2,25.196215,0,0,23.538597106933594,37.49171
0,581,12.8,5.3845596,1,0,23.538597106933594,3.8608646
0,1277,22.2,25.121181,1,1,23.538597106933594,14.791874
0,2317,0.650333333,0.52352315,1,1,23.538597106933594,1.1594976
0,1,79.9,80.165215,1,1,23.538597106933594,32.814255
0,411,55.5,58.39705,1,1,23.538597106933594,66.12548
0,2027,73.0,67.40273,1,1,23.538597106933594,35.067657
0,850,33.6,34.449936,1,1,23.538597106933594,8.802744
0,189,3.66,3.4128246,1,1,23.538597106933594,7.607606
0,1696,4.52,6.1838145,1,1,23.538597106933594,5.7891455
0,10,31.0,55.4283,0,1,23.538597106933594,50.507496
0,1183,5.52,6.0642695,1,1,23.538597106933594,7.8213224
0,2504,3.68,2.8035607,1,1,23.538597106933594,4.7183347
0,678,11.0,11.825196,1,1,23.538597106933594,8.0627165
0,683,2.7,2.6867583,1,1,23.538597106933594,9.49105
0,489,2.4,0.7149037,1,1,23.538597106933594,7.5020757
0,882,1.34,5.0803094,1,1,23.538597106933594,11.511225
0,2100,10.1,7.980574,1,1,23.538597106933594,8.409767
0,290,55.0,43.422016,1,1,23.538597106933594,44.139374
0,2508,4.75,3.056613,1,1,23.538597106933594,64.79119
0,425,12.14,13.454814,1,1,23.538597106933594,5.368561
0,351,78.0,70.608696,1,1,23.538597106933594,103.801445
0,2512,9.659,9.692296,1,1,23.538597106933594,4.73525
0,487,93.6,75.20535,0,0,23.538597106933594,34.7414
0,1108,21.5,21.327936,1,1,23.538597106933594,7.9272103
0,654,1.815,4.9455647,1,1,23.538597106933594,8.18974
0,886,5.3,2.0732846,1,0,23.538597106933594,5.5580688
0,2515,2.4,2.1913495,1,1,23.538597106933594,4.4072595
0,882,11.7,6.6168675,1,1,23.538597106933594,10.994592
0,652,47.0,58.174812,1,1,23.538597106933594,100.07387
0,227,1.85,1.9949286,1,1,23.538597106933594,2.037415
0,582,3.3,7.0487304,1,1,23.538597106933594,15.026563
0,1380,0.73,1.199996,1,1,23.538597106933594,4.3644137
0,969,72.0,65.96419,1,1,23.538597106933594,45.882477
0,482,9.65,9.528264,1,1,23.538597106933594,3.1781025
0,1100,9.758333333,10.613965,1,1,23.538597106933594,19.957737
0,826,4.64,3.0256968,1,1,23.538597106933594,4.214474
0,1387,34.0,30.198608,1,1,23.538597106933594,34.838512
0,57,84.0,71.40369,0,1,23.538597106933594,45.81164
0,2519,16.3,13.174649,1,1,23.538597106933594,22.860136
0,392,11.673,11.116533,1,1,23.538597106933594,7.343858
0,64,42.9,71.97595,0,0,23.538597106933594,47.735775
0,316,25.5,24.678478,1,1,23.538597106933594,27.561378
0,269,22.0,19.272755,1,1,23.538597106933594,28.95166
0,49,26.0,57.784,0,0,23.538597106933594,57.41544
0,1951,19.8,26.691788,1,1,23.538597106933594,45.59233
0,33,17.9,13.531549,1,1,23.538597106933594,19.949053
0,1533,5.25,3.8215256,1,1,23.538597106933594,6.1473656
0,850,32.5,20.507195,0,0,23.538597106933594,10.716018
0,2522,6.38,7.722994,1,1,23.538597106933594,8.392384
0,2267,3.1,7.0585566,1,0,23.538597106933594,5.3338733
0,204,34.0,21.82109,0,0,23.538597106933594,17.53883
0,411,71.6,76.337685,1,1,23.538597106933594,48.967415
0,1855,3.28,3.7022107,1,1,23.538597106933594,2.8874474
0,728,15.5,10.185902,1,1,23.538597106933594,15.73675
0,609,6.0,3.9280787,1,1,23.538597106933594,14.004067
0,2524,2.2,0.94664645,1,1,23.538597106933594,7.918265
0,643,1.96,3.0653858,1,1,23.538597106933594,5.877712
0,182,3.06,3.9709668,1,1,23.538597106933594,6.2247643
0,923,10.6,5.565942,1,0,23.538597106933594,6.1274447
0,2526,15.6,14.594341,1,1,23.538597106933594,7.678027
0,1,74.0,72.66946,1,1,23.538597106933594,38.859997
0,728,16.3,10.899778,1,1,23.538597106933594,13.196259
0,491,4.0,2.6620905,1,1,23.538597106933594,4.2407002
0,1129,7.3,12.447144,1,0,23.538597106933594,6.376439
0,1139,37.4,31.886967,1,0,23.538597106933594,7.7003603
0,1615,10.8,7.690359,1,1,23.538597106933594,12.817248
0,2531,13.5,24.20467,1,0,23.538597106933594,20.725193
0,1895,2.65,3.2601864,1,1,23.538597106933594,4.269181
0,1061,33.5,57.53789,0,0,23.538597106933594,39.508568
0,1366,0.53,1.0043881,1,1,23.538597106933594,6.1323624
0,766,4.51,7.821744,1,0,23.538597106933594,6.0003886
0,687,118.0,124.1496,1,1,23.538597106933594,36.183983
0,1099,77.0,74.26333,1,1,23.538597106933594,53.640995
0,44,27.0,19.35512,1,1,23.538597106933594,17.713745
0,1872,3.14,4.2131557,1,1,23.538597106933594,6.8847933
0,1,68.5,51.70538,0,1,23.538597106933594,33.852665
0,507,90.95,74.90768,0,1,23.538597106933594,57.14636
0,1074,0.6,2.4029262,1,1,23.538597106933594,6.3272643
0,23,14.2,13.284715,1,1,23.538597106933594,6.9800553
0,685,77.0,79.48265,1,1,23.538597106933594,8.211367
0,422,73.5,78.15016,1,1,23.538597106933594,20.319656
0,570,2.2175,2.3571556,1,1,23.538597106933594,1.669794
0,2170,127.0,100.653885,0,1,23.538597106933594,53.973255
0,569,10.4,16.822248,1,1,23.538597106933594,14.905745
0,1267,18.7,15.91431,1,0,23.538597106933594,5.075995
0,1593,21.0,23.301743,1,1,23.538597106933594,28.593275
0,1185,1.4075,6.267599,1,1,23.538597106933594,14.150625
0,263,16.88888889,14.149942,1,1,23.538597106933594,13.558923
0,1037,23.0,26.598755,1,1,23.538597106933594,19.68693
0,1,45.9,58.742767,0,1,23.538597106933594,56.169285
0,1013,17.97,17.382172,1,1,23.538597106933594,5.1906567
0,1284,1.45,1.4166652,1,1,23.538597106933594,9.64347
0,49,27.0,65.20622,0,0,23.538597106933594,33.9943
0,655,10.8,22.7289,0,1,23.538597106933594,27.896412
0,422,108.0,99.39557,1,0,23.538597106933594,13.710683
0,64,39.2,72.46855,0,1,23.538597106933594,70.223976
0,867,8.6,8.805609,1,1,23.538597106933594,3.552739
0,1,74.0,76.8623,1,1,23.538597106933594,30.398226
0,2545,2.4,2.2717633,1,1,23.538597106933594,5.536486
0,2548,7.2,4.612499,1,1,23.538597106933594,17.19119
0,840,86.0,76.965675,1,1,23.538597106933594,31.951933
0,543,9.6,7.1194134,1,1,23.538597106933594,7.391498
0,326,38.0,20.329397,0,0,23.538597106933594,19.824173
0,1276,0.56,1.9477289,1,1,23.538597106933594,9.258605
0,64,25.0,63.89385,0,1,23.538597106933594,81.2638
0,675,90.0,61.713917,0,0,23.538597106933594,41.632133
0,1373,6.8,9.978155,1,1,23.538597106933594,18.100351
0,1758,10.0,45.737,0,1,23.538597106933594,120.74783
0,482,9.58,9.383069,1,1,23.538597106933594,3.0919137
0,2263,0.78,1.9794323,1,0,23.538597106933594,1.71951
0,2553,3.2,5.2420225,1,1,23.538597106933594,13.6663885
0,2554,2.0,10.414154,1,1,23.538597106933594,32.20612
0,1793,7.295,7.208025,1,1,23.538597106933594,7.4037395
0,2108,2.252,1.659709,1,1,23.538597106933594,2.5736208
0,2555,114.0,120.809654,1,1,23.538597106933594,33.587418
0,124,6.43,6.2875123,1,1,23.538597106933594,4.760603
0,781,73.0,42.878265,0,1,23.538597106933594,118.60576
0,1850,1.41,1.3852823,1,1,23.538597106933594,1.6817214
0,2035,0.6,33.4576,0,0,23.538597106933594,29.452183
0,700,78.2,40.875973,0,1,23.538597106933594,94.798
0,109,44.0,66.58285,0,1,23.538597106933594,49.32324
0,1052,2.11,3.278271,1,1,23.538597106933594,4.79658
0,2482,0.65,2.2705896,1,1,23.538597106933594,15.184109
0,1373,7.8,9.808706,1,1,23.538597106933594,14.8111925
0,443,6.4,30.014797,0,0,23.538597106933594,20.331944
0,1098,29.0,13.665975,0,0,23.538597106933594,26.379417
0,1267,18.5,17.39291,1,1,23.538597106933594,3.169942
0,396,19.6,24.60114,1,1,23.538597106933594,24.288094
0,2563,6.03,3.6155553,1,1,23.538597106933594,6.843486
0,30,56.5,79.5483,0,0,23.538597106933594,23.586786
0,2565,1.0,37.59842,0,1,23.538597106933594,79.181175
0,1,79.0,72.961914,1,1,23.538597106933594,46.311897
0,2568,0.85,2.3096683,1,1,23.538597106933594,7.8232603
0,2569,13.0,5.666624,1,0,23.538597106933594,5.3106585
0,570,4.46,2.5072665,1,0,23.538597106933594,2.0843306
0,1222,7.0,8.12745,1,1,23.538597106933594,11.566764
0,1256,40.0,60.984043,0,1,23.538597106933594,78.88459
0,2347,24.1,17.033499,1,1,23.538597106933594,23.233475
0,648,4.14,5.3763156,1,1,23.538597106933594,3.9274943
0,1,13.5,28.931028,0,1,23.538597106933594,61.766907
0,1806,8.6,2.874267,1,0,23.538597106933594,3.128828
0,1370,2.51,7.008949,1,0,23.538597106933594,8.070233
0,1625,5.5,4.5933685,1,1,23.538597106933594,4.8519998
0,503,5.4,10.210526,1,0,23.538597106933594,8.941078
0,1998,35.3,34.029743,1,1,23.538597106933594,11.008675
0,224,23.0,18.582523,1,1,23.538597106933594,9.415621
0,723,16.4,11.805571,1,0,23.538597106933594,9.187984
0,396,25.4,15.726058,1,1,23.538597106933594,25.907593
0,1670,3.52,8.778884,1,1,23.538597106933594,13.731545
0,2574,10.0,10.337892,1,1,23.538597106933594,28.624275
0,2576,1.0,1.0845722,1,1,23.538597106933594,5.8251815
0,643,2.83,3.0582,1,1,23.538597106933594,5.149107
0,33,16.125,6.543785,1,0,23.538597106933594,18.584871
0,1185,7.9,5.11153,1,1,23.538597106933594,12.247824
0,937,5.49,3.9553473,1,1,23.538597106933594,7.874379
0,507,47.9,56.4899,1,1,23.538597106933594,116.994606
0,1691,83.15,81.44756,1,1,23.538597106933594,19.572826
0,357,4.74,4.584253,1,1,23.538597106933594,3.045606
0,2553,1.8,3.4289546,1,1,23.538597106933594,16.779013
0,1385,8.3,12.142757,1,1,23.538597106933594,10.235551
0,132,8.5,7.7445536,1,1,23.538597106933594,3.377531
0,23,5.5,9.0335,1,1,23.538597106933594,12.432437
0,675,87.0,57.583595,0,0,23.538597106933594,46.938496
0,483,15.56,13.253504,1,1,23.538597106933594,6.329144
0,507,66.0,62.101013,1,1,23.538597106933594,103.028534
0,352,12.2,11.8546295,1,1,23.538597106933594,6.7035522
0,993,16.0,15.030471,1,1,23.538597106933594,5.8163695
0,528,14.2,6.8507595,1,0,23.538597106933594,8.125537
0,2586,1.58,2.6990805,1,1,23.538597106933594,5.029517
0,621,68.6,65.713234,1,1,23.538597106933594,88.96311
0,2588,3.465,1.9955447,1,1,23.538597106933594,25.920683
0,244,14.1,25.426277,1,1,23.538597106933594,30.230927
0,587,94.8,51.836723,0,0,23.538597106933594,62.903324
0,418,7.54,7.5442877,1,1,23.538597106933594,22.803957
0,731,14.7,13.201916,1,1,23.538597106933594,19.333815
0,390,10.5,15.014609,1,1,23.538597106933594,14.265972
0,64,47.2,62.55353,0,1,23.538597106933594,89.18143
0,1533,3.68,3.9107354,1,1,23.538597106933594,6.9850454
0,2593,1.0,6.3956394,1,1,23.538597106933594,13.082757
0,242,72.5,81.85193,1,1,23.538597106933594,21.68685
0,910,3.09,1.4673569,1,1,23.538597106933594,4.335621
0,64,81.0,86.077194,1,1,23.538597106933594,12.660036
0,2597,7.63,5.8508153,1,1,23.538597106933594,7.7377877
0,49,25.3,23.655546,1,1,23.538597106933594,15.226907
0,333,8.2,8.209428,1,1,23.538597106933594,15.951612
0,290,80.0,74.43802,1,1,23.538597106933594,23.162281
0,1,19.5,61.59661,0,0,23.538597106933594,56.97704
0,1332,80.0,79.82292,1,1,23.538597106933594,17.719576
0,1,75.2,55.189404,0,1,23.538597106933594,48.51319
0,1,68.6,62.76621,1,1,23.538597106933594,41.820232
0,675,90.7,58.00555,0,0,23.538597106933594,42.254665
0,2600,35.1,33.34123,1,1,23.538597106933594,29.793755
0,1854,5.3,6.207696,1,1,23.538597106933594,5.73878
0,49,40.0,63.622574,0,0,23.538597106933594,40.802998
0,22,66.0,77.482056,1,1,23.538597106933594,27.493948
0,743,12.4,9.976491,1,1,23.538597106933594,7.975863
0,906,17.846,17.453215,1,1,23.538597106933594,5.9797378
0,570,1.2,1.278857,1,1,23.538597106933594,1.9055923
0,601,0.048,0.81057525,1,1,23.538597106933594,2.3410468
0,883,1.04,3.569221,1,1,23.538597106933594,13.535742
0,478,86.3,62.25449,0,0,23.538597106933594,47.824493
0,446,9.2,8.322883,1,1,23.538597106933594,5.905804
0,2104,106.0,82.74971,0,0,23.538597106933594,33.976215
0,817,14.2,12.362155,1,1,23.538597106933594,7.128435
0,411,63.1,59.631165,1,1,23.538597106933594,62.84196
0,2216,4.3775,3.5210814,1,1,23.538597106933594,5.6837068
0,1267,19.2,10.806638,1,0,23.538597106933594,16.712658
0,2609,2.4625,24.269947,0,1,23.538597106933594,44.901543
0,98,8.68,10.254048,1,1,23.538597106933594,6.673019
0,685,35.0,59.971745,0,0,23.538597106933594,25.031567
0,1864,0.667,3.107178,1,1,23.538597106933594,6.5514092
0,2611,12.0,24.795095,0,1,23.538597106933594,39.54449
0,1185,4.88,4.5499854,1,1,23.538597106933594,9.575833
0,314,3.23,1.8422102,1,1,23.538597106933594,3.6220067
0,618,7.28,6.186469,1,1,23.538597106933594,6.57061
0,2614,6.7,8.043534,1,1,23.538597106933594,8.353895
0,2615,7.1,8.436103,1,1,23.538597106933594,6.6322117
0,422,97.0,98.38663,1,1,23.538597106933594,18.315561
0,2616,1.05,2.9853697,1,1,23.538597106933594,7.69938
0,1,43.9,52.991585,1,1,23.538597106933594,43.321938
0,402,1.57,1.8428754,1,1,23.538597106933594,2.032462
0,600,21.1,37.162495,0,0,23.538597106933594,19.731789
0,831,1.17,4.491168,1,1,23.538597106933594,7.026307
0,76,6.5,8.334283,1,1,23.538597106933594,8.740699
0,687,130.0,121.61203,1,1,23.538597106933594,41.880814
0,436,29.0,44.288612,0,1,23.538597106933594,42.224155
0,1,38.8,57.985256,0,1,23.538597106933594,56.54042
0,2617,1.65,2.3345785,1,1,23.538597106933594,1.7483603
0,465,30.15,19.56153,1,1,23.538597106933594,28.517708
0,1094,1.35,2.873421,1,1,23.538597106933594,15.34817
0,1494,8.1,8.001931,1,1,23.538597106933594,5.2234573
0,1749,3.5,18.227911,0,0,23.538597106933594,14.45498
0,2619,44.0,30.838865,0,1,23.538597106933594,50.441917
0,411,58.0,61.72983,1,1,23.538597106933594,59.077774
0,290,70.0,52.3779,0,1,23.538597106933594,47.0148
0,2620,90.0,77.86002,0,1,23.538597106933594,52.80516
0,289,3.0,6.886107,1,1,23.538597106933594,14.596188
0,64,18.9,62.66886,0,0,23.538597106933594,33.701706
0,483,14.9,13.508689,1,1,23.538597106933594,7.3300767
0,2297,11.0,4.424187,1,0,23.538597106933594,8.415305
0,2622,40.0,26.911385,0,1,23.538597106933594,54.790897
0,1254,2.5,6.5720716,1,0,23.538597106933594,6.4732604
0,476,75.0,73.871994,1,1,23.538597106933594,32.219006
0,192,7.85,7.456868,1,1,23.538597106933594,4.3336577
0,527,0.055,0.10558126,1,1,23.538597106933594,2.3448133
0,2623,13.9,8.258494,1,0,23.538597106933594,7.8769617
0,2625,80.0,65.05928,0,0,23.538597106933594,23.997252
0,1017,45.0,80.30042,0,0,23.538597106933594,21.751577
0,1100,20.8,11.810999,1,1,23.538597106933594,20.581766
0,1762,34.0,36.00708,1,1,23.538597106933594,26.052027
0,731,11.3,9.462842,1,1,23.538597106933594,10.206457
0,299,2.61,2.7856576,1,1,23.538597106933594,4.956136
0,547,2.15,5.6581593,1,1,23.538597106933594,7.0504684
0,244,24.1,11.952647,0,1,23.538597106933594,48.98334
0,2628,0.67,2.2424839,1,1,23.538597106933594,6.2593403
0,482,8.56,9.432887,1,1,23.538597106933594,3.3719041
0,1432,0.7,0.98742205,1,1,23.538597106933594,5.537627
0,1696,9.4,6.950557,1,1,23.538597106933594,5.331869
0,514,4.65,5.460481,1,1,23.538597106933594,3.5861654
0,2434,71.0,56.20235,0,1,23.538597106933594,59.099434
0,1462,51.4,33.99957,0,0,23.538597106933594,24.1483
0,1808,0.7,7.0979047,1,1,23.538597106933594,34.661263
0,2027,72.0,69.24783,1,1,23.538597106933594,31.02645
0,675,90.0,64.5235,0,0,23.538597106933594,40.77611
0,514,4.0,5.772001,1,1,23.538597106933594,5.798317
0,600,28.6,22.733503,1,1,23.538597106933594,17.331867
0,1277,32.8,26.305138,1,1,23.538597106933594,17.553455
0,1235,73.0,75.0722,1,1,23.538597106933594,25.974812
0,1185,4.75,3.524352,1,1,23.538597106933594,8.981881
0,22,64.0,77.828384,0,0,23.538597106933594,22.495272
0,1061,57.7,55.519424,1,1,23.538597106933594,35.85456
0,746,3.44,3.3104432,1,1,23.538597106933594,6.988595
0,581,7.38,8.271507,1,1,23.538597106933594,4.1620398
0,1866,6.2,2.8554633,1,0,23.538597106933594,4.404324
0,1185,9.8,4.9248257,1,1,23.538597106933594,10.2305765
0,686,83.0,80.87807,1,1,23.538597106933594,11.564479
0,2645,4.88,4.4516497,1,1,23.538597106933594,4.6766057
0,189,3.57,4.3212543,1,1,23.538597106933594,9.715906
0,22,71.0,71.273315,1,1,23.538597106933594,33.38256
0,1300,6.4,6.448933,1,1,23.538597106933594,10.173638
0,840,49.9,66.0686,0,1,23.538597106933594,48.84548
0,2088,11.1,16.89527,1,1,23.538597106933594,26.087011
0,1866,6.183529412,3.7384927,1,1,23.538597106933594,5.11635
0,1519,3.26,1.6822827,1,1,23.538597106933594,4.94208
0,507,43.8,62.68219,0,1,23.538597106933594,73.52521
0,1108,19.53333333,21.658747,1,1,23.538597106933594,7.988176
0,189,11.165,5.285599,1,1,23.538597106933594,13.731079
0,923,8.9,8.737612,1,1,23.538597106933594,7.359921
0,227,1.88,-0.085790984,1,1,23.538597106933594,4.5185785
0,276,98.0,63.493324,0,0,23.538597106933594,55.92679
0,2651,85.0,69.78317,0,1,23.538597106933594,89.58245
0,461,68.0,62.44797,1,1,23.538597106933594,91.852295
0,2028,3.24,1.754841,1,1,23.538597106933594,17.865932
0,227,2.25,-0.18454944,1,0,23.538597106933594,2.934188
0,2654,92.0,62.866978,0,0,23.538597106933594,42.59652
0,1074,0.125,2.1337366,1,0,23.538597106933594,3.9034185
0,64,80.2,84.027916,1,1,23.538597106933594,16.340418
0,64,20.0,55.746464,0,1,23.538597106933594,89.252304
0,570,1.8,1.7989602,1,1,23.538597106933594,1.7961764
0,2100,10.0,8.044467,1,1,23.538597106933594,8.455007
0,436,29.0,47.123928,0,1,23.538597106933594,45.116474
0,1651,17.81,11.361718,1,0,23.538597106933594,8.193024
0,1947,0.675,0.45927608,1,1,23.538597106933594,2.6494386
0,1002,4.83,4.482657,1,1,23.538597106933594,5.478618
0,1837,4.465,4.8071465,1,1,23.538597106933594,4.772726
0,2658,16.7,9.8216505,1,1,23.538597106933594,22.345478
0,33,17.0,10.160441,1,1,23.538597106933594,15.69623
0,64,24.0,65.233315,0,0,23.538597106933594,75.70293
0,879,14.0,14.112992,1,1,23.538597106933594,8.458176
0,1260,8.7,11.4614725,1,1,23.538597106933594,9.534244
0,1,40.0,41.302856,1,1,23.538597106933594,67.318405
0,443,8.4,29.862125,0,0,23.538597106933594,20.932116
0,923,8.5,6.9791527,1,1,23.538597106933594,7.2294326
0,192,8.56,7.1443415,1,1,23.538597106933594,5.186404
0,562,3.835,2.421341,1,1,23.538597106933594,12.088543
0,179,2.133333333,5.0897264,1,0,23.538597106933594,4.3028803
0,496,7.15,6.970895,1,1,23.538597106933594,2.289671
0,701,5.933333333,6.9407034,1,1,23.538597106933594,5.6842966
0,2664,0.048,1.1393224,1,1,23.538597106933594,4.0409613
0,723,16.4,11.805571,1,0,23.538597106933594,9.187984
0,850,30.82,32.72612,1,1,23.538597106933594,8.808802
0,244,22.7,24.676285,1,1,23.538597106933594,30.410294
0,655,15.5,26.54743,1,1,23.538597106933594,33.14111
0,1,51.0,32.672882,0,1,23.538597106933594,70.88806
0,686,81.4,77.540955,1,1,23.538597106933594,14.389265
0,23,7.4,9.70339,1,1,23.538597106933594,11.544394
0,1,80.0,70.25839,1,1,23.538597106933594,25.097296
0,1049,3.45,4.617957,1,1,23.538597106933594,5.062816
0,2489,2.04,3.188718,1,1,23.538597106933594,5.6839595
0,2668,53.6,39.705544,0,1,23.538597106933594,71.790596
0,316,5.5,33.26823,0,0,23.538597106933594,36.772625
0,912,8.25,8.879468,1,1,23.538597106933594,12.105732
0,1859,6.6,4.411966,1,1,23.538597106933594,7.1668425
0,1998,37.8,35.669464,1,1,23.538597106933594,11.246496
0,1044,32.5,24.147415,1,1,23.538597106933594,29.31906
0,581,7.07,6.5433655,1,1,23.538597106933594,4.333691
0,109,50.0,66.46745,0,1,23.538597106933594,51.768627
0,923,7.4,7.9038277,1,1,23.538597106933594,7.201946
0,33,17.6,10.105298,1,1,23.538597106933594,27.901243
0,1951,18.1,25.040506,1,1,23.538597106933594,28.289576
0,2673,2.686666667,4.553227,1,1,23.538597106933594,32.61563
0,685,75.0,78.5998,1,0,23.538597106933594,7.196294
0,443,4.7,36.993626,0,0,23.538597106933594,19.872797
0,1100,8.545,10.544746,1,1,23.538597106933594,22.979548
0,587,93.7,58.31624,0,0,23.538597106933594,47.722023
0,64,10.0,56.360504,0,0,23.538597106933594,41.40626
0,528,8.81,6.2478886,1,1,23.538597106933594,9.68006
0,251,4.213,4.965353,1,1,23.538597106933594,4.481533
0,2370,0.03,0.28113607,1,1,23.538597106933594,1.5846379
0,687,120.0,115.77909,1,1,23.538597106933594,40.82077
0,2285,9.985,9.050884,1,1,23.538597106933594,9.417287
0,1,40.0,72.77823,0,0,23.538597106933594,60.499043
0,1098,28.7,15.459184,0,0,23.538597106933594,22.28724
0,1866,5.4,2.7593718,1,0,23.538597106933594,3.7786036
0,850,30.0,23.387617,1,1,23.538597106933594,27.245152
0,332,17.3,8.769051,1,0,23.538597106933594,16.824518
0,720,14.85625,13.143553,1,1,23.538597106933594,12.596404
0,290,79.0,71.86311,1,1,23.538597106933594,48.0007
0,1491,1.86,11.917534,1,0,23.538597106933594,8.575836
0,914,8.7,4.1505203,1,0,23.538597106933594,5.2094297
0,64,86.5,84.140335,1,1,23.538597106933594,17.287878
0,582,2.9,5.575868,1,1,23.538597106933594,17.96192
0,1332,83.9,79.465416,1,1,23.538597106933594,13.921273
0,156,0.66,1.8605951,1,1,23.538597106933594,5.824972
0,713,2.52,3.2073104,1,1,23.538597106933594,4.8829384
0,1236,3.275,6.809494,1,1,23.538597106933594,18.453344
0,33,15.6,9.659924,1,1,23.538597106933594,15.481952
0,10,36.7,48.338642,1,1,23.538597106933594,44.32994
0,64,80.0,85.949585,1,1,23.538597106933594,14.8252945
0,156,0.53,1.7250737,1,1,23.538597106933594,4.7101674
0,1780,2.43,2.8667712,1,1,23.538597106933594,3.1716447
0,22,55.0,72.53073,0,1,23.538597106933594,41.238964
0,169,6.2,5.5965247,1,1,23.538597106933594,6.996379
0,1313,6.6,7.3276963,1,1,23.538597106933594,19.779142
0,10,33.9,53.59412,0,1,23.538597106933594,52.4173
0,487,94.77,77.068474,0,0,23.538597106933594,16.356697
0,244,25.3,24.716661,1,1,23.538597106933594,30.410294
0,655,28.3,29.363163,1,1,23.538597106933594,12.334814
0,2689,7.27,3.4586658,1,1,23.538597106933594,9.065271
0,2691,2.65,5.6754527,1,1,23.538597106933594,7.6439757
0,426,8.4,11.073741,1,1,23.538597106933594,22.050602
0,227,2.2,1.7341594,1,1,23.538597106933594,2.8787458
0,1379,15.8,34.785908,0,0,23.538597106933594,29.23478
0,1185,2.3,4.0286264,1,1,23.538597106933594,7.046963
0,119,7.0,20.839037,0,1,23.538597106933594,28.015251
0,569,14.0,16.80936,1,1,23.538597106933594,9.333345
0,2695,4.5,2.0437946,1,1,23.538597106933594,4.9188333
0,2696,4.45,3.725318,1,1,23.538597106933594,7.282213
0,2699,110.0,97.94064,0,1,23.538597106933594,70.83943
0,728,17.0,10.476529,1,1,23.538597106933594,15.815661
0,2482,1.02,1.6564802,1,1,23.538597106933594,16.462357
0,263,20.2,11.589733,1,0,23.538597106933594,14.472344
0,558,4.7,8.298312,1,1,23.538597106933594,9.370742
0,1430,2.41,2.5909836,1,1,23.538597106933594,7.9301157
0,2704,1.1,0.807349,1,1,23.538597106933594,4.288613
0,491,4.28,2.6645222,1,1,23.538597106933594,4.2407002
0,711,0.11,0.44023964,1,1,23.538597106933594,3.076012
0,2707,26.0,44.752094,0,1,23.538597106933594,47.490818
0,357,4.91,4.584253,1,1,23.538597106933594,3.045606
0,668,47.0,71.086754,0,1,23.538597106933594,93.5199
0,314,3.98,3.8508837,1,1,23.538597106933594,6.9142423
0,227,2.56,0.15226325,1,0,23.538597106933594,4.529908
0,1235,13.0,52.128864,0,0,23.538597106933594,45.09553
0,850,0.1,10.419637,1,0,23.538597106933594,17.8469
0,1387,30.0,40.095806,1,1,23.538597106933594,51.058178
0,53,2.58,2.5664093,1,1,23.538597106933594,8.320653
0,1,38.0,57.985256,0,1,23.538597106933594,56.54042
0,1,73.0,74.58882,1,1,23.538597106933594,29.148811
0,906,2.64,4.136882,1,1,23.538597106933594,9.053433
0,30,41.0,82.98001,0,0,23.538597106933594,42.011963
0,2714,6.9,13.279754,1,0,23.538597106933594,11.0820875
0,244,10.1,24.762661,0,0,23.538597106933594,26.635525
0,1845,1.6,2.66997,1,1,23.538597106933594,4.011175
0,1945,107.5,89.64042,0,1,23.538597106933594,43.219852
0,1336,0.39,1.7997963,1,1,23.538597106933594,6.0872536
0,290,82.0,77.80321,1,1,23.538597106933594,18.985811
0,597,0.52,0.15642855,1,1,23.538597106933594,9.559213
0,2064,1.06,2.6670823,1,0,23.538597106933594,2.4872777
0,351,50.0,40.221905,1,1,23.538597106933594,62.61944
0,1855,2.61,3.3234394,1,1,23.538597106933594,2.9010131
0,1738,0.83,1.0216382,1,1,23.538597106933594,3.4290645
0,2716,1.25,2.977722,1,1,23.538597106933594,6.365357
0,1977,54.0,33.037624,0,1,23.538597106933594,41.937008
0,351,73.0,53.58241,0,1,23.538597106933594,74.38679
0,64,56.0,88.50242,0,0,23.538597106933594,11.075692
0,2295,2.52,4.0849724,1,1,23.538597106933594,8.091043
0,1865,5.0,5.8710485,1,1,23.538597106933594,7.4181476
0,156,0.21,1.9477521,1,1,23.538597106933594,4.3554273
0,1988,21.0,23.579554,1,1,23.538597106933594,15.9264345
0,1281,2.755,4.856823,1,1,23.538597106933594,13.143764
0,817,0.01,12.074942,0,0,23.538597106933594,21.120096
0,2359,12.1,8.547245,1,1,23.538597106933594,17.723259
0,290,73.0,63.654514,1,1,23.538597106933594,25.095594
0,64,58.0,63.547108,1,1,23.538597106933594,46.51222
0,2722,1.975,6.898173,1,1,23.538597106933594,10.146964
0,2263,2.358,1.9794323,1,1,23.538597106933594,2.445204
0,1182,82.9,79.170525,1,1,23.538597106933594,39.317978
0,961,35.8,41.54514,1,1,23.538597106933594,42.532547
0,2658,7.0,10.16942,1,1,23.538597106933594,12.095341
0,685,61.0,69.44333,1,1,23.538597106933594,19.998487
0,1108,16.75,17.912077,1,1,23.538597106933594,16.735271
0,144,5.905,3.9199433,1,1,23.538597106933594,4.4382014
0,49,23.6,22.685917,1,1,23.538597106933594,16.594442
0,2730,3.722,3.9892018,1,1,23.538597106933594,2.5547287
0,905,35.3,25.220695,1,1,23.538597106933594,20.752584
0,1866,4.05,3.4971232,1,1,23.538597106933594,3.528632
0,722,4.02,3.1578643,1,1,23.538597106933594,5.0834165
0,675,43.6,49.136337,1,1,23.538597106933594,29.827887
0,57,69.0,60.21645,1,1,23.538597106933594,43.72444
0,10,37.6,46.906666,1,1,23.538597106933594,49.871662
0,64,44.0,65.039116,0,1,23.538597106933594,67.15739
0,2738,20.0,38.167984,0,1,23.538597106933594,44.88413
0,1,47.0,65.61797,0,1,23.538597106933594,50.12526
0,1256,14.0,64.151344,0,0,23.538597106933594,68.62033
0,507,75.0,75.92853,1,1,23.538597106933594,71.05679
0,188,71.0,66.18918,1,1,23.538597106933594,44.275753
0,1457,1.65,6.9729614,1,0,23.538597106933594,9.673517
0,1866,5.21,3.008174,1,1,23.538597106933594,5.212126
0,1044,32.0,25.82556,1,1,23.538597106933594,22.73974
0,1,62.0,46.954002,0,0,23.538597106933594,23.155294
0,1657,89.0,82.59055,1,1,23.538597106933594,15.922092
0,215,3.315,4.1808963,1,1,23.538597106933594,6.0037246
0,351,73.0,67.538605,1,1,23.538597106933594,84.70248
0,396,0.2,19.099623,0,0,23.538597106933594,24.948843
0,263,20.3,10.848622,1,1,23.538597106933594,23.709587
0,64,54.9,85.89143,0,0,23.538597106933594,17.542
0,2739,0.96,9.33001,1,0,23.538597106933594,14.034867
0,2740,0.66,5.9135075,1,1,23.538597106933594,18.401531
0,476,70.25,62.390156,1,1,23.538597106933594,56.77331
0,2741,2.65,1.9878285,1,1,23.538597106933594,2.7987394
0,64,23.0,56.69818,0,1,23.538597106933594,97.91191
0,838,0.62,1.187816,1,1,23.538597106933594,9.238279
0,1867,11.9,36.27711,0,0,23.538597106933594,22.753307
0,570,3.595,2.3795033,1,0,23.538597106933594,1.7617522
0,910,3.2,2.33388,1,1,23.538597106933594,4.441704
0,436,50.0,48.472954,1,1,23.538597106933594,44.629368
0,1,34.0,62.637333,0,1,23.538597106933594,62.244247
0,1068,8.3,36.747654,0,0,23.538597106933594,15.806793
0,991,14.5,10.863055,1,1,23.538597106933594,9.602124
0,23,9.8,11.424079,1,1,23.538597106933594,8.050742
0,675,38.4,55.061787,0,1,23.538597106933594,45.74617
0,1100,30.1,11.205512,0,0,23.538597106933594,20.023403
0,507,93.2,55.39418,0,1,23.538597106933594,111.797295
0,2436,1.2,1.2760516,1,1,23.538597106933594,2.4134965
0,64,74.7,88.50242,0,0,23.538597106933594,10.467649
0,2747,5.5,7.2806044,1,1,23.538597106933594,5.2408614
0,49,9.0,22.22899,0,0,23.538597106933594,17.969309
0,962,8.05,11.774644,1,1,23.538597106933594,15.286038
0,2057,26.25,26.890162,1,1,23.538597106933594,15.4968815
0,496,7.025,6.8904967,1,1,23.538597106933594,2.792232
0,191,11.25,13.556005,1,1,23.538597106933594,31.805998
0,2750,8.6,2.4369028,1,0,23.538597106933594,7.387536
0,2226,7.6,5.9089184,1,1,23.538597106933594,9.117699
0,1,30.0,45.1753,0,1,23.538597106933594,59.171856
0,981,10.9,14.791165,1,0,23.538597106933594,6.7818484
0,438,31.3,19.120922,0,0,23.538597106933594,20.603155
0,923,9.8,7.8851705,1,1,23.538597106933594,6.6240325
0,124,6.15,6.1461196,1,1,23.538597106933594,4.760603
0,924,0.088,1.2598135,1,1,23.538597106933594,5.512185
0,390,16.0,17.54281,1,1,23.538597106933594,14.990139
0,1793,4.31,7.141804,1,1,23.538597106933594,6.4408865
0,144,5.855,3.5251737,1,1,23.538597106933594,4.83288
0,1017,58.0,52.135284,1,1,23.538597106933594,64.17237
0,224,19.9,19.489817,1,1,23.538597106933594,13.272316
0,1,74.0,79.473976,1,1,23.538597106933594,27.782639
0,1118,14.5,18.986786,1,1,23.538597106933594,19.36184
0,728,3.7,8.622917,1,1,23.538597106933594,12.14689
0,570,1.9,1.2977117,1,1,23.538597106933594,1.9055923
0,581,5.3,5.5644197,1,1,23.538597106933594,4.0837364
0,543,2.8,3.3871055,1,1,23.538597106933594,4.0898857
0,10,32.0,43.757065,1,1,23.538597106933594,48.261692
0,2041,4.75,2.355335,1,1,23.538597106933594,6.8554215
0,192,8.4,7.245494,1,1,23.538597106933594,5.186404
0,1945,115.25,90.047356,0,0,23.538597106933594,27.872494
0,1270,1.02,1.9613099,1,1,23.538597106933594,13.395726
0,502,5.2,3.843518,1,1,23.538597106933594,14.565307
0,245,20.5,21.74676,1,1,23.538597106933594,27.636824
0,2762,40.6,27.883179,0,0,23.538597106933594,14.388198
0,476,79.89,78.16093,1,1,23.538597106933594,84.35619
0,2614,6.7,8.043534,1,1,23.538597106933594,8.353895
0,2765,0.066,0.100408345,1,1,23.538597106933594,6.3133936
0,118,0.29,2.6220715,1,0,23.538597106933594,4.218528
0,338,40.2,32.3567,1,1,23.538597106933594,25.31954
0,2766,24.5,20.468151,1,1,23.538597106933594,21.258997
0,1712,23.5,18.193542,1,1,23.538597106933594,31.429342
0,369,3.396,4.2921643,1,1,23.538597106933594,2.5867743
0,817,18.8,12.980778,1,1,23.538597106933594,12.179795
0,204,31.4,21.964115,1,0,23.538597106933594,15.233579
0,2768,9.0,7.057381,1,1,23.538597106933594,8.452526
0,119,23.304,20.752316,1,1,23.538597106933594,26.410633
0,1712,15.0,15.795122,1,1,23.538597106933594,27.885122
0,2189,5.02,7.0565953,1,1,23.538597106933594,18.150751
0,351,48.0,42.494915,1,1,23.538597106933594,93.45605
0,1606,1.39,1.685618,1,1,23.538597106933594,4.058333
0,1,28.3,54.462185,0,1,23.538597106933594,63.86339
0,2100,8.96,7.834496,1,1,23.538597106933594,9.994829
0,192,6.7,6.791838,1,1,23.538597106933594,5.6009336
0,1754,21.3,18.899818,1,1,23.538597106933594,13.996083
0,528,9.87,6.3879128,1,1,23.538597106933594,8.528522
0,44,26.3,22.973745,1,1,23.538597106933594,19.497225
0,487,77.0,79.19203,1,1,23.538597106933594,89.271385
0,886,1.475,1.2192903,1,1,23.538597106933594,7.833762
0,396,1.0,24.034246,0,0,23.538597106933594,21.532555
0,2762,28.2,28.33698,1,1,23.538597106933594,11.775482
0,64,62.0,67.72644,1,1,23.538597106933594,32.496456
0,4,5.35,4.2820783,1,0,23.538597106933594,1.5177352
0,1,72.0,66.64158,1,1,23.538597106933594,57.09611
0,2267,9.2,2.7320085,1,0,23.538597106933594,12.24478
0,878,92.9,79.41567,0,1,23.538597106933594,40.2387
0,817,10.5,12.17364,1,1,23.538597106933594,8.681719
0,1276,0.55,2.220798,1,1,23.538597106933594,6.948532
0,820,1.4,2.6110628,1,1,23.538597106933594,23.40703
0,478,77.7,55.518642,0,1,23.538597106933594,72.57898
0,2401,0.48,2.336024,1,1,23.538597106933594,6.1045
0,2770,1.2,7.3698955,1,1,23.538597106933594,20.033768
0,728,16.3,10.548432,1,1,23.538597106933594,13.626587
0,478,73.0,54.174225,0,1,23.538597106933594,66.82142
0,1,78.8,65.832146,0,1,23.538597106933594,39.530773
0,64,63.0,70.45616,1,0,23.538597106933594,12.910841
0,298,11.0,28.763016,0,0,23.538597106933594,17.746477
0,2293,86.6,27.66371,0,0,23.538597106933594,54.86483
0,2773,16.6,13.16525,1,1,23.538597106933594,16.068745
0,2774,4.7,3.811097,1,1,23.538597106933594,4.9264307
0,2421,8.83,11.563499,1,1,23.538597106933594,11.107066
0,1717,7.84,7.258802,1,1,23.538597106933594,5.7910137
0,1628,5.71,9.826099,1,0,23.538597106933594,6.5572767
0,476,64.8,70.655266,1,1,23.538597106933594,93.58313
0,290,72.0,64.51958,1,1,23.538597106933594,17.995216
0,587,97.0,56.162975,0,0,23.538597106933594,78.44886
0,2777,9.0,7.189197,1,1,23.538597106933594,9.0945835
0,1538,2.0,3.1834946,1,1,23.538597106933594,7.1251044
0,1712,23.0,16.12346,1,1,23.538597106933594,26.696394
0,1385,16.4,14.184921,1,1,23.538597106933594,7.69171
0,1808,0.54,6.3801904,1,1,23.538597106933594,48.86929
0,1485,1.27,1.8407798,1,1,23.538597106933594,4.4041
0,1061,54.0,60.38683,1,1,23.538597106933594,23.588911
0,1061,35.4,52.370914,0,1,23.538597106933594,46.467506
0,569,10.4,16.57222,1,1,23.538597106933594,12.860065
0,2028,0.634,1.8403943,1,1,23.538597106933594,18.816143
0,478,80.7,59.493645,0,1,23.538597106933594,64.20777
0,487,90.0,78.14033,0,1,23.538597106933594,32.71383
0,104,38.4,22.093346,0,1,23.538597106933594,61.10768
0,351,20.0,33.735134,0,1,23.538597106933594,94.605354
0,826,3.74,3.1279082,1,1,23.538597106933594,7.022318
0,655,11.2,26.54743,0,1,23.538597106933594,35.84146
0,1953,2.0,2.5181322,1,1,23.538597106933594,7.8669434
0,670,3.3,4.4049926,1,1,23.538597106933594,6.030688
0,276,11.8,29.18282,0,1,23.538597106933594,177.53938
0,1242,96.9,56.663433,0,0,23.538597106933594,53.770973
0,1867,27.1,37.23659,1,1,23.538597106933594,23.099709
0,1762,26.5,34.14856,1,1,23.538597106933594,27.379414
0,1318,1.968,1.71033,1,1,23.538597106933594,1.6873506
0,1332,83.0,80.90127,1,1,23.538597106933594,27.432688
0,1,57.0,60.877533,1,1,23.538597106933594,44.251186
0,64,38.7,65.57991,0,1,23.538597106933594,63.584602
0,124,5.95,6.1461196,1,1,23.538597106933594,4.760603
0,890,9.54,8.884384,1,1,23.538597106933594,3.707439
0,2216,4.255,3.4668915,1,1,23.538597106933594,5.359089
0,1825,0.0376,0.09377943,1,1,23.538597106933594,2.7834191
0,655,15.3,25.820602,1,1,23.538597106933594,24.219292
0,349,8.4,11.881034,1,1,23.538597106933594,7.932294
0,2786,6.6,7.1627502,1,1,23.538597106933594,8.198059
0,2788,4.75,3.7945814,1,1,23.538597106933594,7.9067006
0,817,15.0,13.145892,1,1,23.538597106933594,13.359227
0,49,23.5,21.970577,1,1,23.538597106933594,19.021032
0,1238,7.0,8.508535,1,1,23.538597106933594,3.726435
0,1371,81.5,54.51067,0,1,23.538597106933594,73.572235
0,840,82.0,43.666313,0,0,23.538597106933594,41.79295
0,2790,7.1,3.9587193,1,1,23.538597106933594,7.121235
0,1387,37.0,37.270775,1,1,23.538597106933594,44.64218
0,276,5.0,59.54483,0,0,23.538597106933594,48.50475
0,1845,5.185,3.3007557,1,1,23.538597106933594,6.483235
0,1014,3.0,3.3714368,1,1,23.538597106933594,9.041206
0,332,18.0,15.669268,1,1,23.538597106933594,18.392868
0,476,77.75,67.923904,1,1,23.538597106933594,27.28685
0,2791,11.0,20.7429,1,1,23.538597106933594,46.56937
0,2792,25.0,51.253887,0,1,23.538597106933594,88.21774
0,581,4.125,5.1936674,1,1,23.538597106933594,4.1128516
0,40,0.032,0.10262974,1,1,23.538597106933594,1.9206265
0,392,12.7,10.795047,1,1,23.538597106933594,7.632614
0,2762,35.7,26.8538,1,0,23.538597106933594,13.54236
0,905,26.3,23.850857,1,1,23.538597106933594,23.765957
0,655,20.5,26.479113,1,1,23.538597106933594,17.599802
0,817,9.6,13.2023115,1,1,23.538597106933594,18.059744
0,49,4.96,24.63008,0,0,23.538597106933594,17.335348
0,1118,14.0,18.88062,1,1,23.538597106933594,19.36184
0,252,19.8,18.165363,1,1,23.538597106933594,16.51338
0,463,27.6,24.248598,1,1,23.538597106933594,17.923044
0,64,43.0,83.91708,0,0,23.538597106933594,45.52766
0,49,21.6,19.61713,1,1,23.538597106933594,19.42303
0,2796,1.6,5.5099587,1,1,23.538597106933594,10.740715
0,1363,11.3,11.383844,1,1,23.538597106933594,5.094651
0,1808,0.72,6.3459935,1,1,23.538597106933594,45.737625
0,2797,50.0,50.440067,1,1,23.538597106933594,72.91722
0,1266,5.935,10.333593,1,0,23.538597106933594,6.9012127
0,675,56.5,56.489265,1,1,23.538597106933594,39.587635
0,189,2.18,3.9336953,1,1,23.538597106933594,9.760596
0,1301,0.76,2.628177,1,0,23.538597106933594,2.0729995
0,1691,70.0,67.25837,1,1,23.538597106933594,20.828848
0,826,4.71,3.1122477,1,1,23.538597106933594,9.901898
0,924,0.1,0.899503,1,1,23.538597106933594,4.945384
0,202,4.14,4.526134,1,1,23.538597106933594,9.634858
0,22,53.0,45.44477,1,1,23.538597106933594,53.059753
0,2216,5.215,3.4871752,1,1,23.538597106933594,5.6837068
0,64,39.6,68.93788,0,0,23.538597106933594,31.35939
0,1403,6.4,7.2172985,1,1,23.538597106933594,12.455111
0,2452,1.3,2.5513988,1,1,23.538597106933594,3.4395
0,1017,41.0,50.40763,1,1,23.538597106933594,72.09297
0,924,0.34,0.24603443,1,1,23.538597106933594,3.648852
0,1263,7.75,6.9700413,1,1,23.538597106933594,4.5296993
0,1,52.8,46.983902,1,1,23.538597106933594,42.281715
0,1118,9.5,16.230412,1,1,23.538597106933594,20.547075
0,2801,53.5,42.169796,1,1,23.538597106933594,70.948746
0,675,69.3,54.557087,0,1,23.538597106933594,47.69435
0,2267,8.2,7.0141163,1,1,23.538597106933594,5.2833023
0,2215,3.76,17.140278,0,0,23.538597106933594,17.469614
0,616,86.1,79.63894,1,1,23.538597106933594,82.389305
0,596,9.0,14.498347,1,0,23.538597106933594,5.202329
0,995,0.41,1.9672859,1,1,23.538597106933594,3.6081338
0,2189,7.76,9.127156,1,1,23.538597106933594,13.946633
0,2668,62.3,58.949738,1,1,23.538597106933594,59.822628
0,487,81.0,67.323494,0,1,23.538597106933594,33.224403
0,44,35.0,23.112894,0,0,23.538597106933594,20.291216
0,686,81.7,73.8765,1,1,23.538597106933594,17.32261
0,1618,37.0,55.70073,0,1,23.538597106933594,78.180336
0,2808,11.3,16.121603,1,0,23.538597106933594,6.419046
0,553,4.25,4.0681624,1,1,23.538597106933594,8.984748
0,723,10.8,6.9758887,1,0,23.538597106933594,7.378627
0,2809,1.3825,6.6101923,1,0,23.538597106933594,7.0722637
0,2810,3.2,1.899047,1,1,23.538597106933594,7.2541304
0,2486,24.4,29.939552,1,1,23.538597106933594,67.40443
0,704,1.56,1.6662441,1,1,23.538597106933594,7.488081
0,1017,48.0,81.854256,0,0,23.538597106933594,7.083136
0,422,67.6,62.855038,1,1,23.538597106933594,23.106937
0,2813,0.213333333,-0.69461304,1,1,23.538597106933594,24.273651
0,1639,8.85,9.841035,1,1,23.538597106933594,15.274056
0,357,5.0,4.955825,1,1,23.538597106933594,3.0734973
0,1494,12.2,12.598503,1,1,23.538597106933594,6.3110867
0,581,5.89,5.5382266,1,1,23.538597106933594,3.8899236
0,2519,17.2,16.123652,1,1,23.538597106933594,12.808203
0,2100,9.41,7.9604597,1,1,23.538597106933594,8.363187
0,2816,3.6,4.792855,1,1,23.538597106933594,3.4942422
0,446,0.94,4.0298104,1,0,23.538597106933594,5.177005
0,132,7.5,8.391771,1,1,23.538597106933594,3.4352198
0,396,12.2,25.182737,0,0,23.538597106933594,24.481339
0,2320,2.01,5.182425,1,1,23.538597106933594,9.77925
0,731,11.9,9.785798,1,1,23.538597106933594,12.636595
0,728,17.0,11.193472,1,1,23.538597106933594,12.409965
0,2658,17.3,10.308924,1,1,23.538597106933594,22.648067
0,44,17.5,18.940046,1,1,23.538597106933594,12.452293
0,2028,3.27,1.6403252,1,1,23.538597106933594,17.865932
0,1998,38.25,36.29294,1,1,23.538597106933594,10.613073
0,53,5.0,3.4629593,1,1,23.538597106933594,13.423022
0,1,79.0,67.15979,0,1,23.538597106933594,42.539288
0,2820,1.77,2.02262,1,1,23.538597106933594,3.5905302
0,109,37.0,61.482903,0,1,23.538597106933594,73.43197
0,2454,41.5,32.29517,1,0,23.538597106933594,12.622665
0,503,6.5,9.040727,1,1,23.538597106933594,11.587376
0,2821,23.6,16.606092,1,0,23.538597106933594,8.4550495
0,138,1.6,2.8712153,1,1,23.538597106933594,5.5872283
0,289,2.1,5.154187,1,1,23.538597106933594,11.856243
0,487,91.0,78.27856,0,1,23.538597106933594,46.055367
0,244,18.6,11.7742,1,1,23.538597106933594,41.666634
0,119,25.2,20.237087,1,1,23.538597106933594,30.079418
0,1998,36.91666667,33.970917,1,1,23.538597106933594,11.684404
0,569,12.1,16.988617,1,1,23.538597106933594,14.3475065
0,570,1.13,1.2460665,1,1,23.538597106933594,1.9055923
0,1,25.1,52.754105,0,1,23.538597106933594,63.969376
0,351,96.5,66.66928,0,1,23.538597106933594,89.61825
0,728,3.43,7.6462607,1,1,23.538597106933594,16.2674
0,713,9.5,8.004967,1,1,23.538597106933594,7.3984947
0,483,14.68,14.368737,1,1,23.538597106933594,9.478356
0,643,3.31,3.2694874,1,1,23.538597106933594,4.5483108
0,501,16.25,23.156317,1,0,23.538597106933594,10.161893
0,2828,1.2,2.1993053,1,1,23.538597106933594,12.31225
0,302,4.29,5.3253393,1,1,23.538597106933594,9.793903
0,204,22.0,20.349115,1,1,23.538597106933594,16.645292
0,23,17.7,15.020073,1,0,23.538597106933594,5.19146
0,2829,1.415,5.493534,1,1,23.538597106933594,37.166862
0,1235,65.0,67.20705,1,1,23.538597106933594,44.012882
0,2295,2.86,3.7390108,1,1,23.538597106933594,7.6751947
0,610,14.7,6.801454,1,0,23.538597106933594,7.9374566
0,2790,6.7,3.3861072,1,1,23.538597106933594,7.8897285
0,49,25.5,21.514668,1,1,23.538597106933594,10.779504
0,2832,6.46,6.3757367,1,1,23.538597106933594,5.795121
0,1182,28.6,38.29888,1,1,23.538597106933594,68.22272
0,179,4.46,4.894437,1,1,23.538597106933594,3.5164587
0,675,26.2,37.388447,1,1,23.538597106933594,34.079025
0,1756,45.9,35.461372,1,1,23.538597106933594,40.825893
0,64,32.4,65.49382,0,1,23.538597106933594,67.82123
0,487,83.2,60.60223,0,0,23.538597106933594,35.24729
0,2836,0.85,2.762351,1,0,23.538597106933594,2.906804
0,259,14.0,6.977067,1,0,23.538597106933594,13.695687
0,333,7.0,8.190187,1,1,23.538597106933594,10.645075
0,229,6.4,7.445387,1,1,23.538597106933594,5.2594204
0,570,0.936,1.18456,1,1,23.538597106933594,1.9055923
0,149,7.3,3.291714,1,0,23.538597106933594,5.588077
0,276,109.0,46.131954,0,0,23.538597106933594,37.63453
0,179,2.54,5.9483514,1,0,23.538597106933594,5.5007844
0,1061,47.6,53.188705,1,1,23.538597106933594,29.156633
0,1238,7.6,8.951122,1,1,23.538597106933594,3.420894
0,49,74.0,81.23998,1,1,23.538597106933594,29.474483
0,924,0.11,0.4299956,1,1,23.538597106933594,4.556069
0,64,43.5,75.64646,0,0,23.538597106933594,43.737366
0,2267,6.2,6.990319,1,1,23.538597106933594,5.424326
0,2696,4.45,3.725318,1,1,23.538597106933594,7.282213
0,1098,23.0,13.29171,1,1,23.538597106933594,27.58113
0,189,4.4,3.669227,1,1,23.538597106933594,3.8050022
0,943,0.73,0.75353754,1,1,23.538597106933594,1.4349535
0,191,11.05,13.209984,1,1,23.538597106933594,32.422787
0,57,82.0,67.07457,0,1,23.538597106933594,89.65819
0,1371,90.0,53.351723,0,0,23.538597106933594,72.609055
0,565,21.0,12.658009,1,1,23.538597106933594,20.465593
0,242,54.0,73.98787,0,0,23.538597106933594,26.24677
0,491,2.6,2.7871954,1,1,23.538597106933594,3.999605
0,2844,14.0,25.824137,0,1,23.538597106933594,27.874367
0,1738,0.76,1.4933522,1,1,23.538597106933594,5.589166
0,357,4.3,4.972973,1,1,23.538597106933594,3.2195048
0,1244,0.88,2.1640728,1,1,23.538597106933594,15.819312
0,2846,4.2,4.527035,1,1,23.538597106933594,6.3624864
0,655,16.1,26.027798,1,1,23.538597106933594,23.085972
0,675,90.7,59.523567,0,0,23.538597106933594,34.720795
0,351,92.1,66.66928,0,1,23.538597106933594,89.61825
0,581,6.15,6.314856,1,1,23.538597106933594,4.327289
0,1376,53.0,43.74366,1,1,23.538597106933594,95.768585
0,351,72.0,34.722748,0,1,23.538597106933594,94.24315
0,402,1.4,1.6975237,1,1,23.538597106933594,2.0110831
0,483,15.0,13.307877,1,1,23.538597106933594,8.232026
0,2848,45.0,26.564243,0,1,23.538597106933594,62.87078
0,728,15.4,10.3723,1,1,23.538597106933594,11.122184
0,64,25.0,63.60879,0,0,23.538597106933594,47.944168
0,1077,9.8,14.0035305,1,1,23.538597106933594,17.335714
0,1457,2.79,6.9668627,1,1,23.538597106933594,9.621048
0,1074,0.15,2.0144289,1,0,23.538597106933594,3.2382946
0,781,98.0,71.06931,0,1,23.538597106933594,60.212643
0,390,20.0,16.535124,1,1,23.538597106933594,13.718962
0,1341,28.0,34.265343,1,1,23.538597106933594,24.986588
0,1266,12.0,11.963771,1,1,23.538597106933594,7.145355
0,476,81.0,67.40775,0,1,23.538597106933594,79.32693
0,1626,88.6,83.284805,1,1,23.538597106933594,30.875
0,23,15.0,13.167664,1,1,23.538597106933594,6.926621
0,27,3.215,3.2834058,1,1,23.538597106933594,4.467563
0,289,2.91,5.548781,1,1,23.538597106933594,12.433929
0,411,56.3,59.50238,1,1,23.538597106933594,65.18985
0,446,10.7,9.52111,1,1,23.538597106933594,7.5269856
0,326,36.0,20.391579,0,0,23.538597106933594,17.275694
0,2853,3.795,3.7446716,1,1,23.538597106933594,4.714479
0,567,18.0,17.34366,1,1,23.538597106933594,5.9937763
0,118,8.031,7.213477,1,1,23.538597106933594,11.6043625
0,418,6.57,6.8832126,1,1,23.538597106933594,22.090055
0,2034,13.8,15.748637,1,0,23.538597106933594,3.85476
0,518,10.2,10.30311,1,1,23.538597106933594,20.189157
0,41,3.12,4.4086905,1,1,23.538597106933594,3.6561146
0,1762,45.4,29.047781,0,1,23.538597106933594,38.263885
0,514,5.584,5.9269586,1,1,23.538597106933594,5.798317
0,686,67.1,54.464397,0,1,23.538597106933594,29.126394
0,1041,15.32,11.989473,1,0,23.538597106933594,6.6117616
0,2857,0.35,12.407739,0,0,23.538597106933594,13.081459
0,298,19.0,26.698868,1,1,23.538597106933594,17.40952
0,502,6.0,4.0712876,1,1,23.538597106933594,14.547729
0,44,21.0,22.321104,1,1,23.538597106933594,12.7467785
0,838,0.6,-0.33077505,1,1,23.538597106933594,9.166095
0,1236,3.35,6.8718276,1,1,23.538597106933594,18.543442
0,621,76.3,70.13767,1,1,23.538597106933594,59.25478
0,380,0.019,0.61617965,1,1,23.538597106933594,2.0982015
0,977,1.95,7.0812325,1,1,23.538597106933594,12.026185
0,1182,91.1,81.29203,1,1,23.538597106933594,38.04519
0,1450,12.9,10.637052,1,1,23.538597106933594,8.724702
0,57,85.0,59.546795,0,1,23.538597106933594,53.28675
0,2863,1.2,1.7664453,1,1,23.538597106933594,1.7082225
0,57,83.0,54.609783,0,0,23.538597106933594,36.120388
0,10,34.9,34.771492,1,1,23.538597106933594,43.865215
0,578,2.0,3.3547816,1,1,23.538597106933594,5.879767
0,1859,6.7,4.6507072,1,1,23.538597106933594,5.6888804
0,189,9.9,3.306129,1,0,23.538597106933594,5.18083
0,1,35.0,69.86223,0,0,23.538597106933594,27.07616
0,98,12.0,11.677724,1,1,23.538597106933594,8.086547
0,648,5.56,6.4677076,1,1,23.538597106933594,5.0725927
0,1696,6.26,6.142314,1,1,23.538597106933594,5.324548
0,2872,1.0,3.5709548,1,0,23.538597106933594,4.3403254
0,564,6.3,6.293323,1,1,23.538597106933594,4.9620967
0,1108,9.4,20.816547,1,0,23.538597106933594,7.3202734
0,536,0.91,2.261724,1,1,23.538597106933594,8.924908
0,1267,18.5,17.115404,1,1,23.538597106933594,3.383962
0,1260,12.15,12.926609,1,1,23.538597106933594,6.6039577
0,2267,2.6,6.636525,1,0,23.538597106933594,5.424326
0,1450,12.8,10.488962,1,1,23.538597106933594,8.618195
0,2875,4.2,9.390865,1,1,23.538597106933594,13.303595
0,2876,8.9,9.126364,1,1,23.538597106933594,4.5618205
0,1762,21.9,30.762241,1,1,23.538597106933594,27.001434
0,1780,2.38,2.9192936,1,1,23.538597106933594,3.633768
0,1,69.0,65.61797,1,1,23.538597106933594,50.12526
0,302,4.87,4.9070377,1,1,23.538597106933594,9.044518
0,251,2.0,3.7410755,1,1,23.538597106933594,4.306884
0,269,12.0,23.839903,0,1,23.538597106933594,32.32647
0,2878,8.74,8.546362,1,1,23.538597106933594,9.476346
0,600,28.3,22.808842,1,1,23.538597106933594,17.550697
0,2879,5.4,6.442205,1,1,23.538597106933594,5.8755765
0,601,0.058,0.7598245,1,1,23.538597106933594,2.3410468
0,1611,6.52,5.3217926,1,1,23.538597106933594,6.930618
0,64,65.0,79.051636,0,1,23.538597106933594,34.39396
0,49,14.5,22.077967,1,0,23.538597106933594,14.93071
0,890,9.82,9.263705,1,1,23.538597106933594,3.5357294
0,2882,0.19,-0.1667933,1,1,23.538597106933594,5.700748
0,1526,7.3,5.6923633,1,1,23.538597106933594,11.311619
0,64,17.0,55.38717,0,1,23.538597106933594,79.70463
0,1864,0.153,2.6279175,1,1,23.538597106933594,6.6393166
0,2885,1.68,3.9958477,1,1,23.538597106933594,10.199274
0,244,2.89,14.338673,1,1,23.538597106933594,36.280827
0,775,9.0,12.579192,1,0,23.538597106933594,5.761823
0,1282,22.2,19.313118,1,1,23.538597106933594,10.059798
0,457,15.0,29.763025,0,1,23.538597106933594,59.391815
0,2887,2.55,3.0133138,1,1,23.538597106933594,3.888078
0,1854,9.9,7.465226,1,0,23.538597106933594,3.646614
0,1277,26.1,26.388887,1,1,23.538597106933594,19.248667
0,993,4.54,9.921544,1,0,23.538597106933594,8.023998
0,528,12.7,10.564647,1,1,23.538597106933594,8.218346
0,745,2.72,2.8803687,1,1,23.538597106933594,4.921794
0,17,2.53,3.1758611,1,1,23.538597106933594,4.561816
0,396,19.9,14.45372,1,1,23.538597106933594,28.344446
0,380,0.037,0.33052066,1,1,23.538597106933594,1.8518126
0,2891,3.25,0.8626508,1,1,23.538597106933594,14.902605
0,2879,5.0,6.175611,1,1,23.538597106933594,5.744422
0,581,6.463333333,5.4854226,1,1,23.538597106933594,4.0841327
0,2123,1.74,1.6078186,1,1,23.538597106933594,6.485539
0,1859,6.0,5.174693,1,1,23.538597106933594,6.257961
0,132,7.1,8.430621,1,1,23.538597106933594,3.13513
0,189,7.85,3.777904,1,0,23.538597106933594,5.8671527
0,302,3.41,4.9070377,1,1,23.538597106933594,9.044518
0,290,80.0,75.010185,1,1,23.538597106933594,25.822521
0,890,10.45,9.172708,1,1,23.538597106933594,3.707439
0,64,48.0,58.561237,1,1,23.538597106933594,60.588444
0,192,8.9,7.471548,1,1,23.538597106933594,4.206324
0,290,66.0,60.787243,1,1,23.538597106933594,42.67728
0,2896,3.5,3.0025697,1,1,23.538597106933594,4.693887
0,192,9.0,7.5855465,1,1,23.538597106933594,5.3420963
0,482,5.45,9.908172,1,0,23.538597106933594,3.6942158
0,1077,13.9,12.9806385,1,1,23.538597106933594,9.16717
0,1061,40.0,54.422436,0,1,23.538597106933594,52.254353
0,507,93.5,77.91698,0,1,23.538597106933594,68.79696
0,148,1.5,3.8750117,1,0,23.538597106933594,3.8606634
0,1014,2.7,3.2393236,1,1,23.538597106933594,9.465323
0,463,28.7,26.417957,1,1,23.538597106933594,16.489729
0,204,37.0,20.550154,0,0,23.538597106933594,22.68457
0,1998,33.7,18.795437,0,0,23.538597106933594,20.885841
0,144,6.61,4.210775,1,0,23.538597106933594,4.703013
0,138,0.147,1.3173167,1,1,23.538597106933594,3.3419166
0,352,11.64,10.637478,1,1,23.538597106933594,6.170283
0,189,5.8,1.9627119,1,0,23.538597106933594,3.9719033
0,528,11.5,9.893554,1,1,23.538597106933594,7.055444
0,2328,75.0,73.98838,1,1,23.538597106933594,90.529465
0,825,82.0,80.28887,1,1,23.538597106933594,55.400017
0,189,11.0,3.2149312,1,0,23.538597106933594,4.8493967
0,57,88.0,80.72144,1,1,23.538597106933594,16.791208
0,317,59.0,42.907013,0,1,23.538597106933594,51.104713
0,1260,8.58,9.571989,1,1,23.538597106933594,9.413994
0,1432,0.262,1.0151035,1,1,23.538597106933594,5.466382
0,850,26.25,28.333864,1,1,23.538597106933594,14.87052
0,921,0.96,27.30503,0,0,23.538597106933594,45.898006
0,44,17.5,19.479668,1,1,23.538597106933594,13.761113
0,847,28.475,12.34929,0,0,23.538597106933594,22.273699
0,137,6.0,22.808578,0,1,23.538597106933594,49.668148
0,2810,3.4,1.899047,1,1,23.538597106933594,7.2541304
0,53,4.75,2.6616392,1,1,23.538597106933594,10.219012
0,678,9.6,13.503214,1,0,23.538597106933594,7.7684274
0,76,6.4,8.580354,1,1,23.538597106933594,6.3443036
0,847,3.13,11.713879,1,1,23.538597106933594,24.582415
0,118,0.168,2.2702491,1,0,23.538597106933594,3.8948221
0,781,75.0,42.886337,0,1,23.538597106933594,108.98343
0,10,28.0,45.463993,0,1,23.538597106933594,45.436577
0,2900,33.5,36.24694,1,1,23.538597106933594,38.921368
0,567,14.3,16.2198,1,1,23.538597106933594,6.8389745
0,22,94.3,85.54909,1,1,23.538597106933594,25.006618
0,1687,0.275,9.87117,1,1,23.538597106933594,21.993683
0,1618,74.5,57.559307,0,1,23.538597106933594,78.786255
0,912,6.0,8.875692,1,1,23.538597106933594,12.105732
0,204,29.6,21.49859,1,1,23.538597106933594,18.775566
0,1754,34.0,23.227957,1,0,23.538597106933594,14.71904
0,276,82.0,55.16568,0,1,23.538597106933594,69.690384
0,1,22.0,44.88099,0,1,23.538597106933594,53.74463
0,422,103.5,95.70379,1,1,23.538597106933594,30.618685
0,2295,1.84,4.208892,1,1,23.538597106933594,11.524671
0,2905,3.5,2.6567452,1,1,23.538597106933594,4.598362
0,49,45.0,70.78202,0,0,23.538597106933594,45.619465
0,124,5.883333333,6.1711197,1,1,23.538597106933594,4.760603
0,446,10.1,8.404177,1,1,23.538597106933594,6.5290775
0,64,18.0,37.492252,0,1,23.538597106933594,40.52268
0,2836,0.44,3.5412245,1,0,23.538597106933594,3.1439342
0,148,9.3,7.6016984,1,1,23.538597106933594,5.1089835
0,64,38.0,63.711235,0,0,23.538597106933594,44.11797
0,2090,3.98,3.7983108,1,1,23.538597106933594,7.146878
0,2411,3.2,5.721499,1,1,23.538597106933594,10.433839
0,235,0.71,1.3625038,1,1,23.538597106933594,5.906042
0,1386,93.8,72.59296,0,0,23.538597106933594,40.85553
0,581,1.4,3.1163468,1,1,23.538597106933594,4.38259
0,1452,2.85,2.4933596,1,1,23.538597106933594,3.891906
0,351,95.16,66.5419,0,1,23.538597106933594,103.83201
0,478,66.1,55.271976,1,1,23.538597106933594,57.831367
0,64,60.8,71.60873,1,1,23.538597106933594,79.411995
0,483,15.2,13.327443,1,1,23.538597106933594,6.4140105
0,918,7.65,5.8643203,1,1,23.538597106933594,5.5636396
0,743,10.5,9.427151,1,1,23.538597106933594,7.7593975
0,1267,15.4,13.644582,1,1,23.538597106933594,8.402085
0,1569,2.6,7.617438,1,1,23.538597106933594,10.388831
0,64,20.0,62.567715,0,0,23.538597106933594,53.585205
0,496,4.435,5.472282,1,1,23.538597106933594,4.3876677
0,2912,1.3,11.829556,1,0,23.538597106933594,16.889547
0,204,28.0,23.729996,1,1,23.538597106933594,18.714304
0,600,26.9,23.99273,1,1,23.538597106933594,18.337648
0,204,17.0,18.142887,1,1,23.538597106933594,17.12382
0,1886,1.102857143,8.678318,1,1,23.538597106933594,15.898626
0,402,1.6,1.6975237,1,1,23.538597106933594,2.0110831
0,1098,28.0,13.864466,0,1,23.538597106933594,28.471287
0,396,23.9,17.575666,1,1,23.538597106933594,26.22482
0,2424,6.62,3.1976008,1,0,23.538597106933594,4.892798
0,2151,1.28,1.1525013,1,1,23.538597106933594,2.1424823
0,1593,20.0,24.70419,1,1,23.538597106933594,26.133904
0,2436,1.2,1.332797,1,1,23.538597106933594,4.6480246
0,913,4.25,3.3824265,1,1,23.538597106933594,2.663796
0,1485,4.22,2.7457483,1,1,23.538597106933594,4.4243255
0,338,45.8,32.413902,0,0,23.538597106933594,26.198751
0,878,76.2,74.21139,1,1,23.538597106933594,17.52754
0,2832,7.53,7.3351493,1,1,23.538597106933594,7.228215
0,44,32.0,27.06208,1,1,23.538597106933594,21.704523
0,2576,1.225,2.715504,1,1,23.538597106933594,5.0533056
0,977,8.6,6.9704084,1,1,23.538597106933594,10.203122
0,269,19.8,23.867872,1,1,23.538597106933594,24.636509
0,1,76.0,75.44761,1,1,23.538597106933594,53.060413
0,2919,3.02,3.0145962,1,1,23.538597106933594,4.429027
0,290,82.0,61.652164,0,0,23.538597106933594,35.56621
0,402,1.43,1.7200135,1,1,23.538597106933594,1.9941195
0,422,60.0,101.16803,0,0,23.538597106933594,15.138263
0,392,13.5,11.243026,1,1,23.538597106933594,8.162438
0,2004,5.5,9.667601,1,1,23.538597106933594,22.0352
0,326,15.0,19.560003,1,1,23.538597106933594,17.571102
0,951,4.835,5.740032,1,1,23.538597106933594,5.432826
0,2921,18.0,25.185022,1,1,23.538597106933594,15.943341
0,491,4.0,2.840843,1,1,23.538597106933594,4.0447755
0,634,7.85,4.800454,1,1,23.538597106933594,7.538609
0,570,1.07,1.18456,1,1,23.538597106933594,1.9055923
0,995,4.475,3.2417185,1,1,23.538597106933594,5.160324
0,880,7.0,40.71397,0,0,23.538597106933594,22.456097
0,2925,7.05,15.4006195,1,1,23.538597106933594,28.330532
0,44,26.0,17.1591,1,0,23.538597106933594,17.307629
0,189,2.92,2.068748,1,1,23.538597106933594,4.0704117
0,2926,6.73,2.887341,1,0,23.538597106933594,4.813121
0,64,60.0,72.93714,0,1,23.538597106933594,56.748928
0,2928,0.24,1.2032453,1,1,23.538597106933594,3.1212475
0,2929,1.375,3.4722922,1,1,23.538597106933594,5.764601
0,2415,0.755,1.8727759,1,1,23.538597106933594,2.87088
0,1318,0.66,0.96404254,1,1,23.538597106933594,1.9212765
0,1100,24.5,11.239386,0,0,23.538597106933594,20.439707
0,1,67.0,44.12312,0,0,23.538597106933594,39.21984
0,675,88.1,57.845688,0,0,23.538597106933594,44.613884
0,962,8.025,11.41357,1,1,23.538597106933594,16.514383
0,1526,1.3,8.080322,1,0,23.538597106933594,11.806392
0,1161,12.9,10.959076,1,1,23.538597106933594,8.67645
0,446,10.2,5.5417695,1,0,23.538597106933594,5.910932
0,144,6.6,4.268663,1,1,23.538597106933594,5.2405815
0,338,48.0,34.46414,0,0,23.538597106933594,21.6574
0,569,11.8,16.519049,1,1,23.538597106933594,18.512163
0,1330,35.0,28.884972,1,1,23.538597106933594,33.836235
0,57,88.0,72.94172,0,1,23.538597106933594,52.23954
0,189,6.225,3.481167,1,0,23.538597106933594,4.0834208
0,1260,6.1,9.274724,1,1,23.538597106933594,7.0007253
0,1,60.0,63.37685,1,1,23.538597106933594,51.81429
0,2936,4.33,5.347743,1,1,23.538597106933594,9.784084
0,1235,51.0,46.227085,1,1,23.538597106933594,59.03871
0,124,8.06,7.350805,1,1,23.538597106933594,3.8359683
0,686,76.4,62.75364,0,0,23.538597106933594,24.223776
0,570,4.51,2.6909444,1,0,23.538597106933594,2.0843306
0,463,32.16666667,26.901497,1,1,23.538597106933594,17.027136
0,1037,19.5,24.477892,1,1,23.538597106933594,21.388083
0,643,1.73,3.945283,1,1,23.538597106933594,5.3610044
0,276,2.0,34.260452,0,1,23.538597106933594,168.9754
0,2593,0.8,6.6707,1,1,23.538597106933594,13.754603
0,1084,2.68,3.15552,1,1,23.538597106933594,4.6244974
0,663,6.0,1.3967079,1,0,23.538597106933594,6.86618
0,489,3.8,0.94503194,1,0,23.538597106933594,5.385477
0,290,79.0,78.69048,1,1,23.538597106933594,9.15705
0,289,2.34,5.909185,1,1,23.538597106933594,13.155369
0,64,28.0,62.41932,0,1,23.538597106933594,82.4507
0,224,20.2,18.597012,1,1,23.538597106933594,14.06361
0,189,5.9,3.5709913,1,0,23.538597106933594,3.8842509
0,601,0.0195,0.8304982,1,1,23.538597106933594,2.3410468
0,217,21.8,17.746489,1,1,23.538597106933594,9.058866
0,57,51.0,64.15383,0,1,23.538597106933594,73.375946
0,2940,2.92,2.8978763,1,1,23.538597106933594,4.2451982
0,1738,0.75,1.6230044,1,1,23.538597106933594,6.4654617
0,227,1.85,1.9949286,1,1,23.538597106933594,2.037415
0,189,5.95,3.5427194,1,0,23.538597106933594,3.900465
0,1643,1.7,4.620987,1,1,23.538597106933594,8.606121
0,57,18.0,52.3345,0,1,23.538597106933594,75.95006
0,683,3.0,2.9227765,1,1,23.538597106933594,7.520297
0,1758,71.0,59.99948,1,1,23.538597106933594,92.51507
0,600,27.4,29.830278,1,1,23.538597106933594,17.760765
0,2942,1.75,4.36761,1,0,23.538597106933594,5.0118504
0,244,26.15,24.676285,1,1,23.538597106933594,30.410294
0,1118,8.0,16.230412,1,1,23.538597106933594,21.328093
0,2943,2.5,6.7986975,1,1,23.538597106933594,22.069847
0,1161,12.8,9.277191,1,0,23.538597106933594,5.7952394
0,1509,1.85,5.9805713,1,1,23.538597106933594,10.212959
0,2946,3.74,6.152397,1,1,23.538597106933594,7.441433
0,1,74.0,49.040462,0,0,23.538597106933594,41.48762
0,1762,44.0,31.568014,0,1,23.538597106933594,40.49778
0,2816,4.0,2.248022,1,1,23.538597106933594,4.198802
0,601,0.022,0.7096741,1,1,23.538597106933594,2.3410468
0,482,4.3,7.4893494,1,0,23.538597106933594,3.532102
0,1749,6.86,15.831537,1,0,23.538597106933594,12.911553
0,1015,36.35,34.454136,1,1,23.538597106933594,21.938553
0,2949,3.7,5.747095,1,1,23.538597106933594,4.9865966
0,57,67.5,60.431606,1,1,23.538597106933594,48.935696
0,2821,22.7,18.379719,1,1,23.538597106933594,11.42559
0,1533,6.51,3.6769297,1,1,23.538597106933594,6.685941
0,10,24.1,47.149128,0,1,23.538597106933594,52.60017
0,1872,4.24,4.722556,1,1,23.538597106933594,8.176095
0,92,13.5,19.929792,1,0,23.538597106933594,7.474295
0,686,79.6,70.757095,1,1,23.538597106933594,19.120644
0,2954,62.0,54.21509,1,1,23.538597106933594,60.38653
0,215,3.935,4.174271,1,1,23.538597106933594,7.5109773
0,2263,1.7,2.8928416,1,1,23.538597106933594,12.421108
0,867,9.64,8.816776,1,1,23.538597106933594,3.6574268
0,461,85.0,71.66448,0,1,23.538597106933594,118.24669
0,314,3.23,3.3000984,1,1,23.538597106933594,8.103014
0,905,25.6,25.13881,1,1,23.538597106933594,23.789682
0,22,54.3,54.141315,1,1,23.538597106933594,62.872078
0,2960,0.0157,2.492082,1,1,23.538597106933594,6.329289
0,762,4.71,5.5522285,1,1,23.538597106933594,12.233413
0,1593,41.0,29.728468,1,1,23.538597106933594,34.05259
0,1762,34.0,40.37419,1,1,23.538597106933594,14.766526
0,23,9.8,11.424079,1,1,23.538597106933594,8.050742
0,109,21.0,63.142838,0,0,23.538597106933594,83.90821
0,898,91.0,33.575336,0,0,23.538597106933594,91.29626
0,570,1.76,1.9724605,1,1,23.538597106933594,1.8039018
0,2219,2.1,2.9334667,1,1,23.538597106933594,7.592162
0,2962,1.55,6.7051272,1,1,23.538597106933594,13.109171
0,422,45.0,100.07426,0,0,23.538597106933594,15.889786
0,2267,7.2,3.6333957,1,1,23.538597106933594,10.061204
0,289,2.6,6.7737865,1,1,23.538597106933594,15.42781
0,2963,0.75,4.7764463,1,0,23.538597106933594,7.1189957
0,1,45.0,49.770214,1,1,23.538597106933594,56.34119
0,1,74.3,58.79903,0,1,23.538597106933594,39.33532
0,269,16.9,22.103132,1,1,23.538597106933594,27.311121
0,683,3.4,2.8379962,1,1,23.538597106933594,7.043329
0,2966,80.4,72.653435,1,1,23.538597106933594,18.004326
0,10,25.2,24.087164,1,1,23.538597106933594,51.04601
0,507,93.8,63.1941,0,1,23.538597106933594,106.52933
0,148,7.8,6.913132,1,1,23.538597106933594,3.8141844
0,290,87.0,86.53781,1,1,23.538597106933594,12.328106
0,64,56.8,69.10778,0,1,23.538597106933594,32.937138
0,678,1.7475,8.8570595,1,0,23.538597106933594,12.644029
0,289,2.88,6.248196,1,1,23.538597106933594,12.599907
0,567,17.97,17.34366,1,1,23.538597106933594,5.9937763
0,1014,3.0,3.3714368,1,1,23.538597106933594,8.852199
0,269,29.0,23.353937,1,1,23.538597106933594,28.982695
0,64,82.8,83.69802,1,1,23.538597106933594,21.550894
0,906,18.0,5.589154,0,0,23.538597106933594,6.6083727
0,1266,10.475,12.167541,1,1,23.538597106933594,6.4378505
0,134,20.0,19.798916,1,1,23.538597106933594,51.70852
0,2973,70.0,54.949657,0,1,23.538597106933594,70.169495
0,2974,88.0,74.357315,0,1,23.538597106933594,53.532566
0,1326,36.0,24.910408,1,0,23.538597106933594,18.673923
0,2975,2.2,10.080378,1,0,23.538597106933594,15.260157
0,581,6.09,6.314856,1,1,23.538597106933594,4.327289
0,422,84.0,98.49539,0,0,23.538597106933594,15.502479
0,306,2.8,8.829296,1,0,23.538597106933594,5.977993
0,575,3.02,4.291025,1,1,23.538597106933594,3.6253567
0,1182,76.4,68.223114,1,1,23.538597106933594,49.440937
0,351,91.6,64.736336,0,1,23.538597106933594,88.28211
0,912,7.0,8.256275,1,1,23.538597106933594,14.214962
0,1738,0.83,1.7804389,1,1,23.538597106933594,3.9417138
0,338,43.0,32.3567,1,1,23.538597106933594,25.31954
0,817,21.4,14.551127,1,0,23.538597106933594,9.965578
0,117,4.92,3.8203142,1,1,23.538597106933594,2.4032109
0,202,2.94,4.0592895,1,1,23.538597106933594,8.671026
0,558,2.85,10.6470585,1,0,23.538597106933594,15.2311325
0,1857,0.85,1.0002748,1,1,23.538597106933594,3.4490204
0,298,17.0,28.30083,1,0,23.538597106933594,18.46318
0,850,39.9,25.215994,0,1,23.538597106933594,65.572014
0,351,73.0,68.151344,1,1,23.538597106933594,100.29384
0,686,83.8,77.61593,1,1,23.538597106933594,17.082458
0,2242,6.6,4.50395,1,1,23.538597106933594,6.6287365
0,351,88.0,67.31192,0,1,23.538597106933594,103.41213
0,64,82.0,88.50754,1,0,23.538597106933594,10.396126
0,118,6.7,7.1209126,1,1,23.538597106933594,11.340667
0,22,43.0,67.95604,0,0,23.538597106933594,29.866005
0,2977,1.3,2.3397655,1,1,23.538597106933594,4.691112
0,192,7.4,7.1672215,1,1,23.538597106933594,4.626752
0,1783,4.2,4.4231486,1,1,23.538597106933594,3.8918378
0,422,93.0,82.49343,1,1,23.538597106933594,34.330566
0,634,6.005,4.4263573,1,1,23.538597106933594,8.916592
0,1061,25.5,43.200512,0,1,23.538597106933594,68.90101
0,290,84.0,86.520294,1,1,23.538597106933594,6.784102
0,227,1.61,1.7759755,1,1,23.538597106933594,1.5229305
0,2452,3.25,2.7884622,1,1,23.538597106933594,6.149736
0,817,16.8,12.974418,1,1,23.538597106933594,12.322033
0,289,1.98,5.0890346,1,1,23.538597106933594,13.273564
0,269,15.0,18.811491,1,1,23.538597106933594,20.732857
0,2980,1.3,1.9705051,1,1,23.538597106933594,5.625184
0,311,50.0,53.636326,1,1,23.538597106933594,67.33481
0,64,75.0,83.26408,1,1,23.538597106933594,32.24763
0,276,83.0,72.421425,1,1,23.538597106933594,48.225002
0,2981,1.416666667,2.7422247,1,1,23.538597106933594,2.7222826
0,22,65.0,75.57811,1,1,23.538597106933594,24.332973
0,2982,3.15,4.2481413,1,1,23.538597106933594,8.177781
0,1108,23.6,20.528755,1,1,23.538597106933594,7.5626407
0,2985,13.3,8.282785,1,0,23.538597106933594,9.828471
0,569,9.92,16.222551,1,1,23.538597106933594,13.115309
0,461,63.0,50.553238,0,1,23.538597106933594,88.95984
0,2990,4.0,5.5391574,1,1,23.538597106933594,9.048149
0,553,5.71,16.494915,1,0,23.538597106933594,18.936512
0,1533,1.24,4.7845974,1,1,23.538597106933594,7.2387376
0,2131,1.19,2.6703503,1,1,23.538597106933594,4.300782
0,686,84.6,83.72307,1,1,23.538597106933594,8.195658
0,634,6.535,4.822515,1,1,23.538597106933594,6.541889
0,1758,103.0,57.064205,0,0,23.538597106933594,70.081245
0,840,65.0,49.566982,0,1,23.538597106933594,71.02932
0,192,8.32,7.3771033,1,1,23.538597106933594,5.234413
0,2324,79.0,76.57983,1,1,23.538597106933594,47.330738
0,314,4.65,3.3948507,1,1,23.538597106933594,6.500082
0,1615,6.0,6.2449408,1,1,23.538597106933594,10.270186
0,1881,22.0,22.369549,1,1,23.538597106933594,50.952835
0,1185,4.675,3.2605278,1,1,23.538597106933594,8.581264
0,392,13.45,11.023553,1,1,23.538597106933594,7.1311545
0,2808,11.3,16.121603,1,0,23.538597106933594,6.419046
0,543,2.52,3.109373,1,1,23.538597106933594,3.6057873
0,1866,5.8,2.6428828,1,0,23.538597106933594,5.105054
0,618,9.12,5.3861666,1,1,23.538597106933594,8.035011
0,1277,13.3,19.849327,1,0,23.538597106933594,12.582617
0,1328,3.85,3.0317323,1,1,23.538597106933594,13.242877
0,1,57.3,59.504925,1,1,23.538597106933594,44.559174
0,70,8.7,8.668074,1,1,23.538597106933594,7.1816416
0,886,6.0,4.9537244,1,1,23.538597106933594,3.6988425
0,311,38.0,53.50854,0,1,23.538597106933594,64.41268
0,317,81.0,57.024883,0,0,23.538597106933594,40.6104
0,182,5.4,4.0867834,1,1,23.538597106933594,5.9474607
0,2034,8.3,13.467855,1,0,23.538597106933594,6.302395
0,1160,3.88875,2.645292,1,1,23.538597106933594,2.9248924
0,189,3.65,3.669227,1,1,23.538597106933594,3.8050022
0,675,93.5,45.737526,0,0,23.538597106933594,39.593826
0,1277,27.9,25.95414,1,1,23.538597106933594,14.875302
0,1691,5.1,38.08205,0,1,23.538597106933594,73.55001
0,543,6.25,5.040187,1,1,23.538597106933594,4.7728124
0,587,34.85,57.427616,0,0,23.538597106933594,41.860916
0,1,75.0,66.14235,1,1,23.538597106933594,40.2077
0,351,80.0,67.071724,0,1,23.538597106933594,103.50179
0,841,6.9,6.804218,1,1,23.538597106933594,4.256418
0,487,94.0,85.40371,1,1,23.538597106933594,59.573837
0,169,5.4,2.0810165,1,0,23.538597106933594,4.7947135
0,621,63.7,66.35498,1,1,23.538597106933594,79.08155
0,1318,0.142,0.18681498,1,1,23.538597106933594,1.2211968
0,1118,15.3,16.847157,1,1,23.538597106933594,19.489567
0,326,30.0,19.679714,1,1,23.538597106933594,22.243658
0,1108,19.35,20.859211,1,1,23.538597106933594,7.3202734
0,1129,6.155,11.491545,1,0,23.538597106933594,6.347151
0,587,94.5,55.672646,0,0,23.538597106933594,62.81474
0,53,3.4,1.9203339,1,1,23.538597106933594,7.4988685
0,609,6.0,3.8977246,1,1,23.538597106933594,13.972845
0,148,9.41,8.071613,1,1,23.538597106933594,4.370017
0,1199,37.5,39.645443,1,1,23.538597106933594,9.353119
0,1611,5.7,4.468032,1,1,23.538597106933594,13.6361
0,1765,2.9,9.344981,1,0,23.538597106933594,9.707938
0,40,1.587,5.0515733,1,0,23.538597106933594,6.0741463
0,118,0.13,3.386362,1,1,23.538597106933594,7.300491
0,1,79.0,73.55896,1,1,23.538597106933594,36.525494
0,675,50.05,50.62593,1,1,23.538597106933594,30.986023
0,3004,5.3525,7.113132,1,1,23.538597106933594,11.231436
0,826,4.85,3.1516285,1,1,23.538597106933594,4.5752597
0,491,2.465,2.493333,1,1,23.538597106933594,3.5263362
0,1271,3.3,5.107851,1,1,23.538597106933594,8.131111
0,320,7.5,13.577426,1,1,23.538597106933594,19.418623
0,1260,14.0,14.222774,1,1,23.538597106933594,6.3446927
0,1785,25.0,18.795322,1,1,23.538597106933594,19.274569
0,758,32.0,28.907024,1,1,23.538597106933594,16.632887
0,1837,5.95,5.3823805,1,1,23.538597106933594,5.206759
0,538,26.0,21.671318,1,0,23.538597106933594,3.8689158
0,422,107.0,87.3956,0,0,23.538597106933594,27.963926
0,229,4.9,7.9568057,1,1,23.538597106933594,7.368446
0,2248,18.0,10.818795,1,1,23.538597106933594,19.744482
0,3007,62.0,67.093636,1,1,23.538597106933594,32.784714
0,951,5.41,5.3027935,1,1,23.538597106933594,6.4774213
0,890,9.49,9.1891365,1,1,23.538597106933594,3.5357294
0,1023,5.11,4.023199,1,1,23.538597106933594,3.341941
0,2012,2.4,2.1299036,1,1,23.538597106933594,4.313616
0,1850,0.88,1.4100903,1,1,23.538597106933594,1.6817214
0,1947,0.78,0.5058782,1,1,23.538597106933594,2.6494386
0,1015,15.6,31.085957,0,0,23.538597106933594,22.933538
0,1,76.0,48.719048,0,1,23.538597106933594,56.93333
0,3012,5.025,2.7888415,1,1,23.538597106933594,6.986016
0,898,64.0,55.508797,1,1,23.538597106933594,56.93809
0,1426,3.59,16.08071,0,0,23.538597106933594,21.242708
0,306,2.6,10.274252,1,0,23.538597106933594,8.779719
0,189,11.2,5.285599,1,1,23.538597106933594,13.731079
0,1494,9.17,9.13583,1,1,23.538597106933594,5.1020207
0,3014,3.6,3.296276,1,1,23.538597106933594,2.2293415
0,64,53.0,72.517685,0,1,23.538597106933594,73.18038
0,1387,37.0,34.143726,1,1,23.538597106933594,34.401093
0,461,91.0,90.70724,1,1,23.538597106933594,58.24517
0,1657,89.5,57.222076,0,0,23.538597106933594,45.936554
0,49,29.0,22.561733,1,1,23.538597106933594,19.007967
0,1013,18.4,7.9363227,1,0,23.538597106933594,16.164454
0,817,16.8,14.0435295,1,1,23.538597106933594,13.708714
0,1717,9.4,8.747994,1,1,23.538597106933594,6.270875
0,923,7.4,8.51797,1,1,23.538597106933594,7.631406
0,507,80.8,57.855682,0,1,23.538597106933594,101.12224
0,2576,0.4,1.8389989,1,1,23.538597106933594,4.5549617
0,514,3.725,5.2322626,1,1,23.538597106933594,3.3480468
0,1864,0.423,2.4257047,1,1,23.538597106933594,6.7098365
0,10,25.1,40.665627,0,1,23.538597106933594,46.09538
0,567,6.8,14.107081,1,0,23.538597106933594,7.5285916
0,3017,5.815,7.3206787,1,1,23.538597106933594,10.923731
0,1758,32.0,47.171413,0,1,23.538597106933594,114.52476
0,118,0.12,3.338863,1,1,23.538597106933594,7.3736444
0,314,2.218428571,1.8422102,1,1,23.538597106933594,3.6220067
0,1084,1.24,3.2876182,1,0,23.538597106933594,3.329839
0,1526,5.0,6.8005447,1,1,23.538597106933594,11.969294
0,1866,4.5,3.0319898,1,1,23.538597106933594,5.0196614
0,1864,0.288,2.4198282,1,1,23.538597106933594,6.589341
0,2324,65.0,71.40626,1,1,23.538597106933594,49.944645
0,1462,53.0,32.490475,0,0,23.538597106933594,23.157263
0,2426,1.5325,1.6105374,1,1,23.538597106933594,4.5223036
0,2668,53.0,51.387146,1,1,23.538597106933594,49.39789
0,248,5.6,8.55703,1,1,23.538597106933594,8.8151245
0,2099,0.46,3.6656218,1,1,23.538597106933594,6.730953
0,351,82.0,69.393585,0,1,23.538597106933594,107.7462
0,436,28.0,38.69584,1,1,23.538597106933594,32.976746
0,290,83.0,65.81081,0,1,23.538597106933594,61.894127
0,189,5.0,3.7630594,1,1,23.538597106933594,3.7383146
0,487,92.0,45.011253,0,0,23.538597106933594,52.325024
0,2034,11.85,15.028593,1,0,23.538597106933594,4.6684504
0,1235,84.5,45.140305,0,0,23.538597106933594,50.558643
0,422,108.6,100.98673,1,0,23.538597106933594,13.649261
0,352,11.3,11.398127,1,1,23.538597106933594,6.4793706
0,1793,2.94,6.7753906,1,0,23.538597106933594,6.828503
0,570,1.017,1.278857,1,1,23.538597106933594,1.9055923
0,22,22.0,49.452477,0,1,23.538597106933594,62.810837
0,1749,11.5,8.906415,1,1,23.538597106933594,11.316765
0,290,47.0,42.01527,1,1,23.538597106933594,34.06832
0,838,0.6497,-0.18459043,1,1,23.538597106933594,9.143471
0,581,5.58,5.181211,1,1,23.538597106933594,3.7616665
0,1657,89.0,82.40849,1,1,23.538597106933594,21.08072
0,1758,65.0,52.387054,0,1,23.538597106933594,120.44084
0,2267,4.2,6.9065733,1,1,23.538597106933594,5.424326
0,44,7.98,18.715483,1,0,23.538597106933594,17.2145
0,961,38.8,41.553917,1,1,23.538597106933594,43.180508
0,1100,30.25,12.349574,0,0,23.538597106933594,20.193674
0,109,23.0,65.997604,0,0,23.538597106933594,82.52537
0,2099,2.78,4.7626514,1,1,23.538597106933594,8.391719
0,723,17.6,13.910208,1,0,23.538597106933594,6.5914373
0,422,105.3,100.426125,1,1,23.538597106933594,23.158813
0,1,16.0,20.405874,1,1,23.538597106933594,99.51506
0,41,2.98,5.9335446,1,1,23.538597106933594,6.0794525
0,2617,1.71,2.2967033,1,1,23.538597106933594,1.7409061
0,655,15.6,26.54743,1,1,23.538597106933594,31.87417
0,64,63.6,66.707245,1,1,23.538597106933594,74.90998
0,686,53.6,55.076447,1,1,23.538597106933594,34.50035
0,1881,26.2,22.369549,1,1,23.538597106933594,50.952835
0,3027,2.0,6.0082784,1,1,23.538597106933594,10.529841
0,1371,81.0,50.148983,0,1,23.538597106933594,70.60297
0,778,27.0,28.595442,1,1,23.538597106933594,30.429867
0,179,3.58,4.709242,1,1,23.538597106933594,4.487892
0,1185,0.115,2.580153,1,0,23.538597106933594,3.862908
0,518,24.4,26.795471,1,1,23.538597106933594,24.52863
0,182,2.5,3.8659158,1,1,23.538597106933594,6.356213
0,392,13.1,10.829421,1,1,23.538597106933594,7.50365
0,22,50.0,51.782673,1,1,23.538597106933594,67.272835
0,3032,8.71,7.711163,1,1,23.538597106933594,11.726314
0,242,41.5,79.36911,0,0,23.538597106933594,37.06244
0,2320,3.88,4.9790244,1,1,23.538597106933594,5.4225216
0,1049,3.15,4.6183295,1,1,23.538597106933594,4.9979606
0,175,1.74,6.8035545,1,1,23.538597106933594,19.299118
0,2936,2.69,3.547462,1,1,23.538597106933594,8.735426
0,850,30.5,29.231983,1,1,23.538597106933594,23.37645
0,204,36.0,22.058256,0,0,23.538597106933594,16.926565
0,3039,8.25,5.8400626,1,1,23.538597106933594,7.383207
0,826,4.335,3.3460913,1,1,23.538597106933594,6.7390966
0,138,0.115,1.1035023,1,1,23.538597106933594,3.311156
0,483,14.9,13.327002,1,1,23.538597106933594,8.7613945
0,49,9.3,22.189325,0,0,23.538597106933594,17.707905
0,333,6.8,6.89316,1,1,23.538597106933594,18.725742
0,2041,6.3,4.0925508,1,1,23.538597106933594,9.758904
0,1,77.0,67.744514,1,1,23.538597106933594,35.099213
0,461,83.3,61.56528,0,1,23.538597106933594,73.11253
0,748,13.0,7.372372,1,0,23.538597106933594,10.9851465
0,1754,46.6,36.926586,1,0,23.538597106933594,17.97224
0,529,2.74,3.4563637,1,1,23.538597106933594,23.283804
0,1032,78.0,75.41303,1,1,23.538597106933594,48.184814
0,3042,1.6,2.1174393,1,1,23.538597106933594,8.22866
0,226,7.2,4.46222,1,1,23.538597106933594,9.312065
0,3043,18.11,18.080622,1,1,23.538597106933594,6.034247
0,33,16.97,8.624294,1,1,23.538597106933594,20.884588
0,670,5.821818182,4.2939887,1,1,23.538597106933594,4.713678
0,22,73.3,70.3416,1,1,23.538597106933594,12.964316
0,3045,10.5,9.318212,1,1,23.538597106933594,13.186771
0,2028,3.28,1.6475242,1,1,23.538597106933594,17.934061
0,937,4.18,3.7182646,1,1,23.538597106933594,7.2686877
0,1303,93.6,72.70759,0,1,23.538597106933594,89.31554
0,227,1.89,2.1302278,1,1,23.538597106933594,2.0721464
0,64,47.6,62.351963,0,1,23.538597106933594,97.185814
0,600,27.8,23.277458,1,1,23.538597106933594,17.260214
0,1826,95.5,73.39019,0,1,23.538597106933594,96.27858
0,49,4.0,27.021059,0,0,23.538597106933594,33.951332
0,906,18.1,7.655546,1,0,23.538597106933594,13.6781225
0,3047,2.0,2.532514,1,1,23.538597106933594,8.266123
0,1831,4.8,5.743821,1,1,23.538597106933594,7.9867935
0,1403,12.85,11.340567,1,1,23.538597106933594,13.242342
0,686,36.5,43.04754,1,1,23.538597106933594,46.785892
0,1826,40.0,75.78123,0,1,23.538597106933594,100.02371
0,476,78.49,77.794815,1,1,23.538597106933594,84.21732
0,487,39.5,60.68123,0,1,23.538597106933594,45.63292
0,3049,4.898,4.231123,1,1,23.538597106933594,6.9162855
0,2925,6.62,14.668091,1,1,23.538597106933594,26.402376
0,1572,0.569,0.50766957,1,1,23.538597106933594,2.4157622
0,1,60.0,68.02791,1,1,23.538597106933594,33.681175
0,3051,0.091333333,-0.044139657,1,1,23.538597106933594,1.3417084
0,2554,21.0,12.279921,1,1,23.538597106933594,31.683159
0,1284,1.98,2.4027674,1,1,23.538597106933594,4.563101
0,1386,75.0,67.80314,1,1,23.538597106933594,29.539446
0,156,0.67,2.1188695,1,1,23.538597106933594,5.0445647
0,1774,3.7,1.3234994,1,0,23.538597106933594,4.221143
0,609,6.7,3.8977246,1,1,23.538597106933594,13.972845
0,3056,1.96,3.6275203,1,1,23.538597106933594,8.58667
0,64,88.0,85.774414,1,1,23.538597106933594,18.777737
0,27,3.56,3.1587462,1,1,23.538597106933594,4.655872
0,648,3.25,5.380914,1,1,23.538597106933594,4.2946005
0,351,81.0,69.57318,1,1,23.538597106933594,105.72341
0,227,2.11,0.030250505,1,0,23.538597106933594,3.4731581
0,352,6.6,10.244878,1,0,23.538597106933594,7.0173473
0,1827,24.5,20.25018,1,1,23.538597106933594,19.6531
0,40,1.062,1.7295686,1,1,23.538597106933594,4.0682
0,1476,8.1,6.4577217,1,1,23.538597106933594,10.550676
0,1032,88.0,83.847206,1,1,23.538597106933594,22.428997
0,943,1.69,0.7160091,1,0,23.538597106933594,1.4786727
0,446,10.2,7.691454,1,1,23.538597106933594,6.152036
0,289,2.36,5.276153,1,1,23.538597106933594,12.947236
0,1100,13.9,10.49568,1,1,23.538597106933594,22.743116
0,1691,48.0,35.617935,0,1,23.538597106933594,49.36132
0,1269,76.4,68.197334,1,1,23.538597106933594,51.78136
0,317,70.0,55.632515,0,1,23.538597106933594,50.098236
0,1242,98.5,56.89176,0,0,23.538597106933594,54.14111
0,476,76.91,72.26695,1,1,23.538597106933594,86.123886
0,224,20.0,18.765495,1,1,23.538597106933594,10.429517
0,27,3.65,3.0923257,1,1,23.538597106933594,4.6034856
0,1254,2.5,6.521075,1,0,23.538597106933594,6.289642
0,204,25.0,21.446753,1,1,23.538597106933594,15.121172
0,40,1.2,2.2585227,1,1,23.538597106933594,3.394684
0,23,15.9,14.1155405,1,1,23.538597106933594,6.400637
0,22,89.0,79.803566,1,1,23.538597106933594,32.417618
0,688,10.8,3.7363722,1,0,23.538597106933594,7.6957307
0,1185,4.2,4.906784,1,1,23.538597106933594,10.020921
0,507,86.5,54.242886,0,1,23.538597106933594,109.92352
0,457,51.5,31.099314,0,1,23.538597106933594,66.49671
0,49,33.1,22.146063,1,0,23.538597106933594,14.599565
0,2813,0.79475,-0.69461304,1,1,23.538597106933594,24.273651
0,1491,3.88,11.806579,1,0,23.538597106933594,10.511788
0,663,6.0,1.3895694,1,0,23.538597106933594,6.86618
0,728,14.6,9.4785,1,1,23.538597106933594,16.349115
0,3061,2.144,2.9287543,1,1,23.538597106933594,6.4766755
0,37,10.1,8.602439,1,1,23.538597106933594,8.432226
0,40,1.63,2.511965,1,1,23.538597106933594,4.1041956
0,1242,107.1,57.14046,0,0,23.538597106933594,53.96703
0,878,91.5,86.86495,1,1,23.538597106933594,25.157482
0,1269,63.6,73.14737,1,0,23.538597106933594,17.603266
1,3,1.1,2.4785743,1,1,22.995438385009763,4.8520956
1,4,4.85,4.7468953,1,1,22.995438385009763,2.3573396
1,6,33.0,31.380892,1,1,22.995438385009763,31.729645
1,10,28.1,38.132233,1,1,22.995438385009763,31.610533
1,13,20.2,21.766651,1,1,22.995438385009763,23.903515
1,17,5.28,4.196914,1,1,22.995438385009763,4.302217
1,28,20.0,58.48448,0,0,22.995438385009763,55.68102
1,32,18.5,14.4029455,1,1,22.995438385009763,8.950555
1,35,21.8,20.920118,1,1,22.995438385009763,26.972683
1,40,1.17,2.3152406,1,1,22.995438385009763,5.274167
1,41,3.45,4.0462723,1,1,22.995438385009763,3.8379326
1,45,20.1,29.79457,1,0,22.995438385009763,15.797123
1,47,0.088,-0.52757055,1,1,22.995438385009763,2.870112
1,50,78.0,74.76275,1,1,22.995438385009763,40.050323
1,54,9.226,6.811824,1,0,22.995438385009763,3.3070965
1,56,1.2,1.3962938,1,1,22.995438385009763,1.9691459
1,58,2.825,3.4255161,1,1,22.995438385009763,4.090419
1,50,70.0,70.84645,1,1,22.995438385009763,42.190163
1,65,30.4,22.79793,1,1,22.995438385009763,28.24812
1,54,6.8,6.7988834,1,1,22.995438385009763,5.801484
1,72,6.6,6.5503926,1,1,22.995438385009763,7.729517
1,75,1.63,1.8774918,1,1,22.995438385009763,6.213517
1,65,22.2,17.798716,1,1,22.995438385009763,23.90904
1,81,85.1,94.98111,1,0,22.995438385009763,16.67435
1,82,2.13,2.958023,1,1,22.995438385009763,6.5876646
1,87,2.353333333,5.9237976,1,1,22.995438385009763,7.302554
1,89,1.61,2.3889418,1,1,22.995438385009763,3.1944911
1,93,1.835,3.3726616,1,1,22.995438385009763,4.839444
1,94,10.2,4.2113533,1,0,22.995438385009763,4.5075655
1,65,23.1,20.500317,1,1,22.995438385009763,26.327702
1,98,11.2,10.373071,1,1,22.995438385009763,9.693391
1,99,0.0164,0.62653524,1,1,22.995438385009763,1.9049627
1,102,8.5,7.5189486,1,1,22.995438385009763,18.504322
1,107,1.57,4.72,1,0,22.995438385009763,4.4285245
1,108,13.3,13.811922,1,1,22.995438385009763,15.773105
1,110,0.325,1.6009285,1,1,22.995438385009763,6.9924498
1,111,60.0,36.631298,0,1,22.995438385009763,77.14523
1,119,14.3,27.330465,0,0,22.995438385009763,26.053633
1,120,14.2,15.260347,1,1,22.995438385009763,29.874641
1,123,10.5,10.063228,1,1,22.995438385009763,8.130618
1,124,6.44,6.4312367,1,1,22.995438385009763,6.183097
1,126,80.89,80.36799,1,1,22.995438385009763,21.085194
1,133,4.0275,3.069069,1,1,22.995438385009763,2.5177484
1,134,27.0,16.733276,1,1,22.995438385009763,69.35049
1,137,29.0,18.711235,1,1,22.995438385009763,34.254745
1,151,3.465,1.520899,1,0,22.995438385009763,3.2968562
1,157,0.24,-0.18298323,1,1,22.995438385009763,4.1248293
1,161,10.3,7.3588567,1,0,22.995438385009763,5.8522387
1,165,19.2,36.15207,0,0,22.995438385009763,23.834095
1,166,7.181,4.6544724,1,1,22.995438385009763,6.4778056
1,169,6.358285714,3.7611551,1,0,22.995438385009763,5.14758
1,171,17.0,22.86198,1,1,22.995438385009763,33.207226
1,177,76.0,77.74339,1,1,22.995438385009763,90.19626
1,180,23.5,30.252623,1,1,22.995438385009763,50.873722
1,181,103.7,98.20805,1,1,22.995438385009763,60.913967
1,186,2.09,7.4129214,1,1,22.995438385009763,15.100946
1,187,4.2,5.1152143,1,1,22.995438385009763,6.397122
1,188,66.0,50.41219,0,1,22.995438385009763,50.20989
1,161,7.0,10.927764,1,1,22.995438385009763,16.675207
1,191,10.05,10.3802185,1,1,22.995438385009763,10.228855
1,192,7.55,7.2412806,1,1,22.995438385009763,4.993875
1,194,1.6,5.7416587,1,0,22.995438385009763,6.8485975
1,195,2.05,1.7506344,1,1,22.995438385009763,1.6959895
1,89,0.703,2.3449852,1,0,22.995438385009763,3.270455
1,196,1.8,1.4005638,1,1,22.995438385009763,5.39678
1,199,11.8,14.113766,1,1,22.995438385009763,8.727205
1,201,0.15,6.544634,1,1,22.995438385009763,110.35643
1,203,18.5,15.911868,1,1,22.995438385009763,12.070928
1,205,30.0,40.764446,1,1,22.995438385009763,33.323784
1,208,5.95,3.9848788,1,0,22.995438385009763,3.1318648
1,166,3.012,2.3125439,1,1,22.995438385009763,5.37492
1,119,18.0,16.197748,1,1,22.995438385009763,18.211945
1,216,19.6,27.107014,1,1,22.995438385009763,26.67222
1,218,8.7,10.414259,1,1,22.995438385009763,6.896061
1,219,5.867142857,5.5180798,1,1,22.995438385009763,5.764756
1,220,3.28,1.891237,1,1,22.995438385009763,4.7513156
1,221,10.25,11.181903,1,1,22.995438385009763,22.491756
1,89,2.81,2.1217496,1,1,22.995438385009763,2.3430161
1,224,16.8,20.184263,1,1,22.995438385009763,16.438082
1,10,37.8,34.200058,1,1,22.995438385009763,44.35666
1,227,1.77,1.1813761,1,1,22.995438385009763,2.2950246
1,228,18.01,16.108698,1,1,22.995438385009763,14.808452
1,230,35.0,33.480244,1,1,22.995438385009763,120.745926
1,231,6.2,9.039527,1,1,22.995438385009763,10.936292
1,233,1.2,3.7287326,1,1,22.995438385009763,5.5326724
1,236,89.88,88.276665,1,1,22.995438385009763,10.472918
1,194,9.2,6.815731,1,1,22.995438385009763,5.6504493
1,241,3.57,4.9694734,1,1,22.995438385009763,9.707494
1,248,4.8,6.6536455,1,1,22.995438385009763,11.557443
1,250,3.5,4.481872,1,1,22.995438385009763,6.4132285
1,161,11.4,7.444746,1,0,22.995438385009763,6.3235626
1,254,43.5,35.831123,1,1,22.995438385009763,92.307625
1,255,100.0,74.650894,0,1,22.995438385009763,71.989075
1,256,1.25,3.2127428,1,1,22.995438385009763,5.6615167
1,227,3.01,0.9348934,1,0,22.995438385009763,2.3462746
1,257,35.1,23.96832,1,1,22.995438385009763,29.023958
1,260,3.47,7.190705,1,1,22.995438385009763,13.886429
1,262,3.57,3.396142,1,1,22.995438385009763,5.119076
1,41,3.223,4.5180087,1,1,22.995438385009763,4.161507
1,268,6.79,4.3529367,1,1,22.995438385009763,5.135243
1,203,8.1,14.193344,1,1,22.995438385009763,14.849053
1,50,76.0,78.07071,1,1,22.995438385009763,27.55807
1,41,3.64,4.415318,1,1,22.995438385009763,5.503949
1,273,15.6,29.722464,0,0,22.995438385009763,13.930335
1,275,2.84,3.201499,1,1,22.995438385009763,5.9750237
1,166,2.444,2.3653479,1,1,22.995438385009763,5.896529
1,54,8.76,6.8652563,1,0,22.995438385009763,3.006285
1,280,0.88,1.4789973,1,1,22.995438385009763,5.157795
1,282,38.11,36.76318,1,1,22.995438385009763,3.671548
1,285,9.4,10.922887,1,1,22.995438385009763,9.017833
1,287,7.7,8.101818,1,1,22.995438385009763,2.8791804
1,291,110.0,97.48682,0,1,22.995438385009763,66.8678
1,292,57.7,51.666134,1,1,22.995438385009763,74.10906
1,297,0.08,7.7219872,1,0,22.995438385009763,14.722885
1,299,1.0,3.8662677,1,1,22.995438385009763,6.36182
1,301,41.0,73.39321,0,0,22.995438385009763,30.8058
1,302,5.93,4.0894027,1,1,22.995438385009763,10.849315
1,303,3.549542857,3.7517776,1,1,22.995438385009763,3.1705482
1,304,0.575,2.0089712,1,1,22.995438385009763,3.9583724
1,306,2.3,0.4714744,1,0,22.995438385009763,3.0562425
1,233,0.97,3.8363523,1,1,22.995438385009763,6.1929293
1,314,4.3,4.1723886,1,1,22.995438385009763,7.9267554
1,318,3.4,2.757734,1,1,22.995438385009763,4.4018297
1,321,89.4,81.24428,1,1,22.995438385009763,73.85748
1,241,13.9,11.436956,1,1,22.995438385009763,6.331194
1,329,4.109,3.5716474,1,1,22.995438385009763,3.6677644
1,330,3.3,2.640186,1,1,22.995438385009763,2.9963086
1,292,53.0,36.228092,0,1,22.995438385009763,57.1386
1,331,19.4,18.377201,1,1,22.995438385009763,22.98125
1,335,1.38,4.7449594,1,1,22.995438385009763,12.020151
1,292,53.0,60.221886,1,1,22.995438385009763,66.16405
1,338,41.1,26.127842,0,1,22.995438385009763,33.642414
1,341,1.565,1.811143,1,1,22.995438385009763,1.7940172
1,346,3.575,5.8289647,1,1,22.995438385009763,76.25186
1,349,5.03,8.120832,1,1,22.995438385009763,7.811206
1,302,8.42,4.2421746,1,1,22.995438385009763,8.937448
1,351,82.0,71.65159,1,1,22.995438385009763,81.28015
1,236,64.5,83.74742,0,0,22.995438385009763,38.052456
1,89,1.6,2.3889418,1,1,22.995438385009763,3.1944911
1,216,42.4,64.79878,0,0,22.995438385009763,22.960964
1,364,0.73,2.025977,1,1,22.995438385009763,4.2479377
1,366,6.4,10.198605,1,1,22.995438385009763,15.3643055
1,367,1.49,4.4721007,1,1,22.995438385009763,9.866137
1,201,0.15,6.544634,1,1,22.995438385009763,110.35643
1,382,107.0,109.40153,1,1,22.995438385009763,65.19628
1,383,17.9,17.891932,1,1,22.995438385009763,4.311958
1,241,13.6,10.598117,1,1,22.995438385009763,6.542584
1,137,36.7,18.711235,0,0,22.995438385009763,34.254745
1,393,60.0,38.347218,0,0,22.995438385009763,41.353374
1,394,18.0,17.872044,1,1,22.995438385009763,24.957672
1,396,25.5,18.756145,1,1,22.995438385009763,22.680735
1,397,0.75,9.305748,1,1,22.995438385009763,43.086136
1,403,13.3,10.917958,1,1,22.995438385009763,6.5076704
1,218,8.67,7.9772935,1,1,22.995438385009763,10.155298
1,414,0.1075,1.827141,1,1,22.995438385009763,8.753125
1,415,6.48,4.775943,1,1,22.995438385009763,6.010727
1,137,28.0,18.989693,1,1,22.995438385009763,34.764454
1,292,26.2,39.442974,0,1,22.995438385009763,66.810776
1,418,5.78,7.3495226,1,1,22.995438385009763,10.24214
1,425,5.48,10.415042,1,0,22.995438385009763,6.2507663
1,428,80.2,87.492294,1,1,22.995438385009763,27.133472
1,429,8.0,14.19431,1,1,22.995438385009763,44.525974
1,432,4.0,6.1244435,1,1,22.995438385009763,7.0563593
1,6,34.0,30.415674,1,1,22.995438385009763,39.454132
1,166,7.194,4.608351,1,1,22.995438385009763,6.91565
1,438,27.85,24.348877,1,1,22.995438385009763,42.26754
1,439,4.0,3.8082907,1,1,22.995438385009763,9.321978
1,440,91.0,85.755295,1,1,22.995438385009763,81.51302
1,442,17.7,13.229774,1,0,22.995438385009763,5.1385784
1,445,77.0,72.229454,1,1,22.995438385009763,110.66815
1,446,10.9,3.732488,1,1,22.995438385009763,15.723219
1,429,21.0,23.596153,1,1,22.995438385009763,21.387117
1,54,4.47,4.274571,1,1,22.995438385009763,3.121321
1,452,0.72,4.0148926,1,1,22.995438385009763,7.5712085
1,453,1.290384615,41.80551,0,0,22.995438385009763,48.479397
1,459,2.76,3.2686627,1,1,22.995438385009763,5.8401794
1,464,28.5,49.57287,0,1,22.995438385009763,65.97084
1,442,17.7,13.74523,1,0,22.995438385009763,5.116383
1,72,6.76,6.187141,1,1,22.995438385009763,4.3456755
1,366,14.15,10.997843,1,1,22.995438385009763,14.508359
1,473,74.0,97.29325,0,1,22.995438385009763,66.22847
1,429,26.4,18.53194,1,1,22.995438385009763,48.55762
1,476,83.71,66.676506,0,1,22.995438385009763,38.96285
1,314,3.82,4.6700964,1,1,22.995438385009763,10.016747
1,477,9.3,7.572118,1,1,22.995438385009763,4.7480373
1,480,1.1,2.9325721,1,1,22.995438385009763,7.256597
1,481,2.2,4.8539157,1,1,22.995438385009763,6.744959
1,192,7.1,6.3608875,1,1,22.995438385009763,5.2961016
1,273,28.4,27.977718,1,1,22.995438385009763,19.638144
1,10,31.6,32.86736,1,1,22.995438385009763,38.99721
1,485,2.5,8.257384,1,1,22.995438385009763,13.7784815
1,486,81.4,38.888695,0,0,22.995438385009763,30.723219
1,487,94.0,81.15765,0,1,22.995438385009763,53.415817
1,490,1.78,4.0473638,1,1,22.995438385009763,8.488887
1,492,3.61,2.2633314,1,1,22.995438385009763,4.2990336
1,218,11.8,12.0939665,1,1,22.995438385009763,6.9688406
1,495,2.3,3.9216225,1,1,22.995438385009763,9.758194
1,282,38.05,36.63619,1,1,22.995438385009763,3.5807815
1,499,10.8,9.121715,1,1,22.995438385009763,7.721321
1,501,14.6,16.402021,1,1,22.995438385009763,16.228455
1,503,6.0,11.795445,1,0,22.995438385009763,7.122478
1,442,18.1,17.621752,1,1,22.995438385009763,4.7239037
1,492,3.56,3.3641741,1,1,22.995438385009763,5.3207717
1,123,2.6,8.858491,1,0,22.995438385009763,8.059304
1,403,8.72,5.4967575,1,0,22.995438385009763,6.3477645
1,508,7.2,5.6769114,1,1,22.995438385009763,25.36911
1,510,88.0,94.84536,1,1,22.995438385009763,18.192684
1,285,10.9,10.60051,1,1,22.995438385009763,9.655457
1,161,11.2,12.58664,1,1,22.995438385009763,9.287549
1,516,68.1,75.83341,1,0,22.995438385009763,12.763919
1,188,65.0,55.43132,1,1,22.995438385009763,60.18414
1,196,0.9865,1.7992886,1,1,22.995438385009763,5.9117694
1,521,4.21,5.415764,1,1,22.995438385009763,6.684095
1,525,36.0,31.576416,1,1,22.995438385009763,48.989735
1,446,6.0,2.2778454,1,1,22.995438385009763,11.908439
1,527,0.02,0.10464326,1,1,22.995438385009763,1.9726295
1,533,0.345,1.8568575,1,1,22.995438385009763,6.3004675
1,534,72.0,31.044811,0,0,22.995438385009763,69.41706
1,535,6.68,6.7072897,1,1,22.995438385009763,4.684459
1,429,32.6,30.691582,1,1,22.995438385009763,29.226538
1,440,94.2,88.8387,1,1,22.995438385009763,66.826546
1,540,24.1,18.918133,1,1,22.995438385009763,18.35324
1,543,2.52,3.4929888,1,1,22.995438385009763,4.4203467
1,546,22.0,34.5411,0,1,22.995438385009763,69.379875
1,547,1.47,7.670379,1,1,22.995438385009763,17.328823
1,157,0.145,0.41167602,1,1,22.995438385009763,4.367388
1,549,2.86,2.7453988,1,1,22.995438385009763,5.8046465
1,551,31.7,24.382637,1,1,22.995438385009763,46.43028
1,302,7.33,4.0894027,1,1,22.995438385009763,10.849315
1,335,1.4,6.201894,1,0,22.995438385009763,8.406342
1,555,12.7,15.084764,1,1,22.995438385009763,28.3492
1,557,34.0,26.641903,1,1,22.995438385009763,20.095346
1,224,19.1,18.310919,1,1,22.995438385009763,13.645118
1,558,3.85,9.263532,1,0,22.995438385009763,10.752027
1,216,11.7,17.713905,1,1,22.995438385009763,15.865085
1,559,32.84363636,38.03234,1,0,22.995438385009763,9.044488
1,560,2.3,3.9389973,1,1,22.995438385009763,6.3327265
1,65,29.9,21.727901,1,1,22.995438385009763,24.750124
1,561,46.0,61.749744,0,0,22.995438385009763,19.812723
1,563,5.6,5.338765,1,1,22.995438385009763,3.9238462
1,569,11.8,16.168278,1,0,22.995438385009763,6.7594833
1,547,2.3,6.2032323,1,1,22.995438385009763,11.147123
1,351,59.0,88.7528,0,0,22.995438385009763,33.68522
1,573,0.48,3.201261,1,1,22.995438385009763,7.8864765
1,292,71.0,70.48434,1,1,22.995438385009763,50.54967
1,574,0.28,8.1861315,1,1,22.995438385009763,16.949251
1,429,13.5,10.293228,1,1,22.995438385009763,43.96073
1,559,19.45,35.233517,0,0,22.995438385009763,19.001646
1,577,14.2,9.311985,1,1,22.995438385009763,13.187473
1,579,9.743333333,13.304458,1,1,22.995438385009763,17.688278
1,208,3.625,4.045018,1,1,22.995438385009763,2.5769715
1,351,95.0,69.484375,0,1,22.995438385009763,109.14491
1,273,24.0,30.109972,1,1,22.995438385009763,33.51705
1,216,39.0,24.29118,0,0,22.995438385009763,24.772696
1,582,3.9,6.0123425,1,1,22.995438385009763,14.9973135
1,586,70.6,85.93407,0,1,22.995438385009763,59.14945
1,588,3.8,2.4703407,1,1,22.995438385009763,4.380808
1,589,124.0,123.14365,1,1,22.995438385009763,35.967094
1,592,0.46,2.072591,1,1,22.995438385009763,4.3649654
1,598,10.5,11.176234,1,1,22.995438385009763,12.4296
1,600,20.2,9.739788,1,1,22.995438385009763,21.530659
1,351,78.0,86.46504,1,1,22.995438385009763,27.937416
1,602,10.1,3.4580116,1,1,22.995438385009763,30.156698
1,605,76.0,77.46429,1,1,22.995438385009763,19.45046
1,607,5.7,4.6606073,1,1,22.995438385009763,17.331299
1,287,7.7,7.9123898,1,1,22.995438385009763,7.533213
1,610,8.45,6.79978,1,1,22.995438385009763,12.130072
1,613,1.966666667,10.854681,1,0,22.995438385009763,8.134256
1,616,95.8,79.70667,0,1,22.995438385009763,33.92542
1,620,9.6,17.355274,1,1,22.995438385009763,17.92489
1,623,1.56,4.132466,1,0,22.995438385009763,4.0580745
1,429,15.0,17.068996,1,1,22.995438385009763,23.620235
1,561,33.0,57.99991,0,0,22.995438385009763,20.814852
1,216,34.7,33.408386,1,1,22.995438385009763,27.757994
1,627,72.0,65.63804,1,1,22.995438385009763,112.53202
1,630,4.77,4.1156244,1,1,22.995438385009763,13.522525
1,632,0.43,1.1323004,1,1,22.995438385009763,2.948874
1,58,2.2,3.4341102,1,1,22.995438385009763,4.0554175
1,635,16.3,8.561024,1,1,22.995438385009763,25.526114
1,636,4.05,4.911869,1,1,22.995438385009763,8.4893
1,638,1.21,2.4159725,1,1,22.995438385009763,12.212708
1,644,1.4275,2.6916547,1,1,22.995438385009763,3.146893
1,54,9.02,6.7152677,1,0,22.995438385009763,3.3148377
1,650,6.8,9.633904,1,1,22.995438385009763,7.903776
1,632,0.435,0.81694835,1,1,22.995438385009763,2.3797212
1,654,3.05,5.6485596,1,1,22.995438385009763,9.32888
1,287,8.63,7.794699,1,1,22.995438385009763,3.5806541
1,50,76.0,75.82001,1,1,22.995438385009763,25.409014
1,664,132.0,114.88747,0,1,22.995438385009763,412.42352
1,666,38.0,30.342087,1,1,22.995438385009763,42.378017
1,588,3.9,2.756604,1,1,22.995438385009763,3.678726
1,216,31.9,51.0804,0,0,22.995438385009763,27.594576
1,671,3.055,3.1631923,1,1,22.995438385009763,8.907205
1,674,17.0,16.363356,1,1,22.995438385009763,33.422638
1,366,3.4,8.687025,1,1,22.995438385009763,16.794827
1,675,94.0,68.265976,0,0,22.995438385009763,51.057655
1,600,28.3,11.398044,0,0,22.995438385009763,16.78078
1,487,94.9,74.62669,0,1,22.995438385009763,53.162872
1,678,8.3,10.472751,1,1,22.995438385009763,11.298882
1,521,3.07,2.7815936,1,1,22.995438385009763,4.431036
1,679,0.9,11.2824545,1,0,22.995438385009763,18.419586
1,680,1.864,0.93751574,1,1,22.995438385009763,1.9362297
1,681,3.76,3.2548769,1,1,22.995438385009763,2.9957805
1,683,3.4,2.6204574,1,1,22.995438385009763,3.9685323
1,685,47.0,54.526573,1,1,22.995438385009763,30.451511
1,166,6.55,4.608351,1,1,22.995438385009763,6.5807753
1,688,1.1,2.412941,1,1,22.995438385009763,5.104144
1,693,1.306666667,2.5000494,1,1,22.995438385009763,15.143333
1,429,25.0,20.567404,1,1,22.995438385009763,24.269321
1,700,82.0,48.609318,0,0,22.995438385009763,58.86196
1,702,45.0,36.053905,1,1,22.995438385009763,34.631176
1,260,4.02,7.5760264,1,1,22.995438385009763,17.413847
1,705,7.4,15.158464,1,1,22.995438385009763,157.66676
1,707,3.133333333,2.4610918,1,1,22.995438385009763,8.647715
1,636,3.11,4.037834,1,1,22.995438385009763,11.281176
1,569,10.1,15.899572,1,0,22.995438385009763,10.637372
1,119,21.6,16.047338,1,1,22.995438385009763,18.680134
1,6,30.0,32.413445,1,1,22.995438385009763,28.987898
1,440,72.66666667,39.378986,0,0,22.995438385009763,35.061413
1,709,8.3,8.559571,1,1,22.995438385009763,19.275276
1,713,2.53,4.7330246,1,1,22.995438385009763,5.356445
1,476,87.99,69.208405,0,0,22.995438385009763,31.222672
1,191,11.8,11.258068,1,1,22.995438385009763,8.98778
1,720,3.86,8.34436,1,1,22.995438385009763,13.329005
1,208,4.25,4.0865955,1,1,22.995438385009763,3.6976635
1,724,4.6,2.0305645,1,0,22.995438385009763,2.5594597
1,725,55.3,52.99043,1,1,22.995438385009763,88.05368
1,236,83.6,85.68233,1,1,22.995438385009763,18.015564
1,224,15.0,19.886633,1,1,22.995438385009763,13.52887
1,730,9.55,6.2227874,1,0,22.995438385009763,5.455123
1,364,3.3,2.6669827,1,1,22.995438385009763,5.8541384
1,195,2.15,1.7506344,1,1,22.995438385009763,1.6959895
1,477,7.7,7.0623827,1,1,22.995438385009763,5.0219555
1,733,5.2,4.3977013,1,1,22.995438385009763,4.341901
1,737,9.2,5.834141,1,1,22.995438385009763,21.09683
1,748,11.8,9.934373,1,1,22.995438385009763,7.6268992
1,749,60.0,71.695045,0,1,22.995438385009763,82.58641
1,685,66.0,67.87762,1,1,22.995438385009763,45.902718
1,331,19.3,18.377201,1,1,22.995438385009763,22.98125
1,756,49.0,27.984365,0,0,22.995438385009763,26.935709
1,757,6.9,4.853523,1,1,22.995438385009763,4.65888
1,4,5.56,4.6363993,1,1,22.995438385009763,2.3573396
1,761,0.755,21.467865,0,0,22.995438385009763,17.082216
1,208,3.625,3.9521072,1,1,22.995438385009763,2.5943248
1,764,3.92,8.85523,1,1,22.995438385009763,47.2698
1,47,0.0475,1.6421378,1,1,22.995438385009763,10.292828
1,191,10.9,9.666379,1,1,22.995438385009763,22.184172
1,58,4.45,4.860391,1,1,22.995438385009763,39.614162
1,767,2.8,8.953977,1,0,22.995438385009763,6.1663084
1,771,2.66,3.0401988,1,1,22.995438385009763,9.22948
1,772,1.3,2.6111407,1,1,22.995438385009763,3.7191114
1,773,17.0,18.184467,1,1,22.995438385009763,84.03316
1,774,38.0,36.7625,1,1,22.995438385009763,38.340137
1,777,6.95,6.4153395,1,1,22.995438385009763,3.0385575
1,171,20.4,18.998716,1,1,22.995438385009763,31.283653
1,781,75.0,75.96625,1,1,22.995438385009763,154.90152
1,783,1.57,1.6400543,1,1,22.995438385009763,5.287305
1,784,5.61,7.1041317,1,1,22.995438385009763,6.629841
1,675,59.8,65.94096,1,1,22.995438385009763,56.286488
1,785,1.2,2.7828124,1,1,22.995438385009763,7.554666
1,40,1.378,2.4567065,1,1,22.995438385009763,5.58356
1,788,27.0,52.666508,0,1,22.995438385009763,88.7242
1,161,5.4,12.634402,1,1,22.995438385009763,18.44108
1,790,1.61,2.220407,1,1,22.995438385009763,1.6702082
1,273,25.0,30.429766,1,1,22.995438385009763,34.43497
1,216,33.0,29.565687,1,1,22.995438385009763,25.368542
1,791,1.78,2.7939339,1,1,22.995438385009763,3.6412923
1,683,3.62,2.6565578,1,1,22.995438385009763,3.8131924
1,796,30.7,25.356363,1,1,22.995438385009763,123.31574
1,797,0.86,2.0938826,1,1,22.995438385009763,11.420722
1,521,2.7,2.0873857,1,1,22.995438385009763,4.98599
1,40,1.668,2.9784713,1,1,22.995438385009763,6.342812
1,802,5.265,3.6967645,1,1,22.995438385009763,4.7146387
1,241,12.5,10.617671,1,1,22.995438385009763,5.480629
1,555,17.0,22.099895,1,1,22.995438385009763,21.62591
1,473,65.3,91.703606,0,1,22.995438385009763,92.356865
1,804,19.0,21.505941,1,1,22.995438385009763,29.07024
1,203,12.5,13.683349,1,1,22.995438385009763,14.646198
1,808,2.91,2.3427622,1,1,22.995438385009763,14.260059
1,688,9.8,3.772103,1,0,22.995438385009763,6.967273
1,812,5.6,13.8241,1,1,22.995438385009763,34.47459
1,813,2.12,4.477042,1,1,22.995438385009763,9.26717
1,816,20.86,17.907738,1,1,22.995438385009763,16.318552
1,817,15.0,11.40124,1,1,22.995438385009763,16.346485
1,120,10.9,15.635813,1,1,22.995438385009763,25.591766
1,825,81.0,83.44608,1,1,22.995438385009763,51.272655
1,429,9.4,12.512693,1,1,22.995438385009763,22.825169
1,817,17.8,10.282482,1,1,22.995438385009763,20.106646
1,829,5.575,5.509776,1,1,22.995438385009763,3.9512095
1,89,2.28,2.4898796,1,1,22.995438385009763,3.2509646
1,89,4.19,2.8114371,1,1,22.995438385009763,3.9733305
1,796,7.0,26.114195,0,1,22.995438385009763,126.05966
1,10,28.0,37.350933,1,1,22.995438385009763,32.43656
1,579,11.42,9.782146,1,1,22.995438385009763,14.812762
1,836,0.046,0.18142657,1,1,22.995438385009763,1.0936786
1,784,5.27,7.828137,1,1,22.995438385009763,6.4078255
1,218,8.5,7.2768946,1,1,22.995438385009763,9.138121
1,839,7.775,6.8644557,1,1,22.995438385009763,6.441377
1,58,2.0,4.207153,1,1,22.995438385009763,4.845436
1,216,4.51,17.428638,0,0,22.995438385009763,16.572203
1,840,91.1,81.02095,1,1,22.995438385009763,40.19927
1,205,58.0,40.739307,0,1,22.995438385009763,37.08545
1,187,7.6,5.108553,1,1,22.995438385009763,6.637683
1,605,81.0,86.125435,1,1,22.995438385009763,17.824778
1,292,64.0,51.824234,0,1,22.995438385009763,29.824087
1,28,20.0,60.382126,0,0,22.995438385009763,61.150414
1,58,3.7,13.984998,1,1,22.995438385009763,28.533354
1,10,36.7,34.12074,1,1,22.995438385009763,41.11911
1,854,42.0,31.279173,1,0,22.995438385009763,17.74873
1,855,40.0,41.422997,1,1,22.995438385009763,95.51944
1,525,50.3,48.457935,1,1,22.995438385009763,17.419027
1,476,69.0,68.3364,1,1,22.995438385009763,56.62315
1,503,6.7,10.918593,1,1,22.995438385009763,8.472885
1,857,16.0,17.763115,1,1,22.995438385009763,15.218039
1,784,4.5,5.394018,1,1,22.995438385009763,4.1817575
1,58,3.236666667,3.240755,1,1,22.995438385009763,4.6311717
1,35,17.0,11.548456,1,1,22.995438385009763,45.99405
1,866,93.75,81.80658,0,1,22.995438385009763,77.63277
1,870,1.7,4.8963237,1,1,22.995438385009763,7.192556
1,733,1.723,3.1677747,1,1,22.995438385009763,6.5678587
1,102,8.5,7.7527356,1,1,22.995438385009763,6.263843
1,876,7.9,5.0622063,1,1,22.995438385009763,13.422533
1,273,25.0,29.936945,1,1,22.995438385009763,41.74824
1,880,14.0,36.266613,0,1,22.995438385009763,67.57364
1,192,8.99,7.897169,1,1,22.995438385009763,5.3908453
1,396,24.6,17.418217,1,1,22.995438385009763,26.970406
1,425,12.6,11.333465,1,1,22.995438385009763,6.1566076
1,610,2.8,6.8600273,1,1,22.995438385009763,11.617284
1,292,33.0,62.01218,0,1,22.995438385009763,92.00242
1,885,1.4,2.2591698,1,1,22.995438385009763,7.7606125
1,236,79.42,78.646225,1,1,22.995438385009763,8.849529
1,314,5.986666667,4.932662,1,1,22.995438385009763,8.716157
1,93,3.7032,3.4319944,1,1,22.995438385009763,5.879919
1,256,1.75,3.181806,1,1,22.995438385009763,4.276572
1,825,63.0,62.94271,1,1,22.995438385009763,42.780724
1,893,1.22,1.5508828,1,1,22.995438385009763,4.979451
1,895,5.07,5.6497707,1,1,22.995438385009763,7.179462
1,816,23.6,19.861828,1,1,22.995438385009763,12.97932
1,510,87.0,92.173225,1,1,22.995438385009763,58.582462
1,896,17.99,17.481916,1,1,22.995438385009763,4.5241566
1,898,67.0,75.143776,1,1,22.995438385009763,35.058716
1,902,6.6,7.551083,1,1,22.995438385009763,10.732913
1,906,5.6,4.5848517,1,1,22.995438385009763,5.9218435
1,909,4.87,31.698612,0,0,22.995438385009763,21.539867
1,499,13.7,9.48741,1,0,22.995438385009763,7.02965
1,911,89.7,77.8782,0,1,22.995438385009763,42.990044
1,549,4.8,2.3474956,1,1,22.995438385009763,6.254971
1,913,2.04,2.9323878,1,1,22.995438385009763,3.455003
1,644,2.385,2.6969032,1,1,22.995438385009763,3.6176937
1,804,22.7,20.052929,1,1,22.995438385009763,33.546673
1,916,4.4,2.3042479,1,0,22.995438385009763,3.2085268
1,918,3.7,4.8879366,1,1,22.995438385009763,7.5551786
1,921,0.98,21.448854,0,1,22.995438385009763,66.795586
1,282,38.6,35.785675,1,1,22.995438385009763,5.837872
1,924,0.126,1.3286347,1,1,22.995438385009763,8.096267
1,600,23.0,7.0414276,0,0,22.995438385009763,23.301779
1,925,4.0,52.52738,0,0,22.995438385009763,50.335922
1,291,35.0,87.3942,0,0,22.995438385009763,70.96625
1,927,7.214,7.270393,1,1,22.995438385009763,2.8426993
1,929,6.0,10.412691,1,1,22.995438385009763,19.813976
1,292,91.0,74.83078,0,1,22.995438385009763,37.53634
1,233,1.32,3.7287326,1,1,22.995438385009763,5.5326724
1,932,18.8,17.767227,1,1,22.995438385009763,39.725292
1,933,2.4,5.8866034,1,1,22.995438385009763,14.323982
1,934,1.39,3.147365,1,1,22.995438385009763,5.108399
1,287,8.7,7.045552,1,1,22.995438385009763,4.3590274
1,273,16.3,26.543594,1,1,22.995438385009763,35.8335
1,936,2.49,2.3653462,1,1,22.995438385009763,4.788017
1,937,3.3,4.1797233,1,1,22.995438385009763,5.7046804
1,607,4.7,4.8943324,1,1,22.995438385009763,20.353397
1,473,76.0,93.12708,0,1,22.995438385009763,37.796085
1,813,5.8,4.5410857,1,1,22.995438385009763,9.648766
1,943,0.24835,-0.024581518,1,1,22.995438385009763,1.5779252
1,945,3.78,4.64448,1,1,22.995438385009763,8.1507635
1,6,2.5,6.5870314,1,1,22.995438385009763,46.261307
1,816,27.0,19.739824,1,1,22.995438385009763,15.914475
1,250,0.47,1.5976605,1,1,22.995438385009763,3.734526
1,477,7.21,6.0167856,1,1,22.995438385009763,5.9140463
1,442,17.9,15.427287,1,1,22.995438385009763,5.867672
1,216,21.15,21.253445,1,1,22.995438385009763,18.058279
1,955,0.28,0.6555186,1,1,22.995438385009763,2.790696
1,839,4.1125,5.9968324,1,1,22.995438385009763,7.942149
1,957,1.6,0.42051575,1,0,22.995438385009763,2.257317
1,429,36.5,22.175186,0,1,22.995438385009763,44.162415
1,958,1.15,2.9604223,1,1,22.995438385009763,5.7977757
1,403,10.0,9.741205,1,1,22.995438385009763,6.046519
1,959,2.7,1.8163413,1,1,22.995438385009763,1.9475791
1,961,50.7,59.028866,1,1,22.995438385009763,35.04826
1,110,0.68,2.1492069,1,1,22.995438385009763,5.120932
1,720,10.0,12.309312,1,1,22.995438385009763,13.036679
1,569,10.7,15.695288,1,0,22.995438385009763,7.0148935
1,965,31.65,29.449995,1,1,22.995438385009763,18.304869
1,330,3.3,2.640186,1,1,22.995438385009763,2.9963086
1,257,36.5,23.770971,0,0,22.995438385009763,18.682764
1,216,33.7,28.782696,1,1,22.995438385009763,22.374434
1,973,13.1,10.732676,1,1,22.995438385009763,9.521951
1,195,1.35,1.6839116,1,1,22.995438385009763,3.124227
1,216,17.2,17.889986,1,1,22.995438385009763,15.865085
1,975,2.9,6.1962814,1,1,22.995438385009763,45.040188
1,979,3.12,7.347796,1,1,22.995438385009763,9.379417
1,187,7.2,4.3274703,1,0,22.995438385009763,5.5825405
1,250,0.35,1.6363609,1,1,22.995438385009763,4.24896
1,610,10.1,7.3474674,1,1,22.995438385009763,9.566735
1,331,16.3,17.440943,1,1,22.995438385009763,23.591532
1,984,2.39,2.2365184,1,1,22.995438385009763,4.5954237
1,199,12.6,15.535635,1,1,22.995438385009763,8.335303
1,292,50.55,61.108643,1,1,22.995438385009763,94.47127
1,6,31.8,17.562937,0,1,22.995438385009763,61.858936
1,987,1.68,1.7850775,1,1,22.995438385009763,2.1354728
1,993,5.1,8.808217,1,1,22.995438385009763,9.990683
1,65,21.2,21.931646,1,1,22.995438385009763,29.648775
1,994,2.835,2.3652287,1,1,22.995438385009763,7.0062065
1,351,92.0,82.024185,1,1,22.995438385009763,21.84011
1,383,13.6,16.50394,1,1,22.995438385009763,6.6722784
1,119,26.34666667,23.55302,1,1,22.995438385009763,25.030638
1,627,63.0,70.81869,1,1,22.995438385009763,116.504906
1,250,4.74,4.659461,1,1,22.995438385009763,7.2370353
1,192,8.18,6.4452844,1,1,22.995438385009763,5.5594287
1,446,7.94,3.238647,1,1,22.995438385009763,11.668616
1,89,2.16,2.640037,1,1,22.995438385009763,3.0065322
1,476,74.0,67.724144,1,1,22.995438385009763,44.1195
1,1000,2.2,3.6501384,1,1,22.995438385009763,5.2425623
1,1002,4.33,3.9371598,1,1,22.995438385009763,5.146044
1,1004,3.15,2.393334,1,1,22.995438385009763,3.1342452
1,93,2.35,3.520901,1,1,22.995438385009763,5.350011
1,605,81.0,84.04121,1,1,22.995438385009763,14.668131
1,1010,5.8,2.603791,1,1,22.995438385009763,9.24427
1,224,16.0,19.358732,1,1,22.995438385009763,16.438082
1,1011,7.5,8.399535,1,1,22.995438385009763,7.6705003
1,671,1.65,3.0122433,1,1,22.995438385009763,13.672969
1,65,12.7,9.19317,1,1,22.995438385009763,18.787544
1,1012,49.0,64.802956,0,1,22.995438385009763,98.943665
1,911,40.1,41.955704,1,1,22.995438385009763,40.574303
1,351,89.1,86.815956,1,1,22.995438385009763,23.316277
1,675,88.5,76.53256,0,1,22.995438385009763,68.88516
1,533,0.37,1.9560349,1,1,22.995438385009763,5.786767
1,224,5.8,20.040272,0,0,22.995438385009763,12.357395
1,559,17.6,36.07895,0,0,22.995438385009763,15.568159
1,1016,85.0,69.0924,0,0,22.995438385009763,27.400778
1,1020,3.9475,3.5712085,1,1,22.995438385009763,9.061944
1,1021,0.5,5.299827,1,1,22.995438385009763,12.640583
1,749,56.7,64.36733,1,1,22.995438385009763,69.67671
1,1026,4.1,3.570067,1,1,22.995438385009763,7.4195843
1,89,3.31,2.647907,1,1,22.995438385009763,3.4215438
1,382,107.0,113.162796,1,1,22.995438385009763,68.24468
1,351,88.5,74.6921,0,1,22.995438385009763,44.321217
1,558,3.7,9.219767,1,0,22.995438385009763,7.570763
1,955,0.142,0.43584535,1,1,22.995438385009763,3.226528
1,1032,82.0,78.16412,1,1,22.995438385009763,17.764254
1,54,8.15,6.620866,1,1,22.995438385009763,3.521304
1,1036,1.1,3.1392903,1,1,22.995438385009763,7.2338195
1,1041,15.32,12.868346,1,1,22.995438385009763,7.5270905
1,428,10.0,87.446465,0,0,22.995438385009763,63.01196
1,1043,3.54,3.6298862,1,1,22.995438385009763,8.31526
1,486,86.1,45.969788,0,0,22.995438385009763,29.49692
1,1044,31.35,21.189304,1,1,22.995438385009763,40.335545
1,1045,3.7,5.482532,1,1,22.995438385009763,14.786869
1,473,24.0,84.726295,0,0,22.995438385009763,102.04734
1,1050,87.0,76.61222,1,1,22.995438385009763,23.97104
1,1051,0.795,8.73781,1,0,22.995438385009763,6.003808
1,54,8.87,6.7592964,1,0,22.995438385009763,3.3070965
1,10,37.7,34.93592,1,1,22.995438385009763,31.92305
1,1060,24.2,17.156933,1,1,22.995438385009763,16.269794
1,45,20.0,28.586338,1,0,22.995438385009763,12.876321
1,32,15.0,13.954566,1,1,22.995438385009763,15.045247
1,429,30.0,52.64985,0,0,22.995438385009763,30.44547
1,1064,111.0,111.66547,1,1,22.995438385009763,61.233143
1,1068,36.0,37.430244,1,1,22.995438385009763,6.5301356
1,1070,53.6,48.90807,1,1,22.995438385009763,42.26915
1,610,10.152,12.280569,1,1,22.995438385009763,7.7071395
1,216,17.7,20.941252,1,1,22.995438385009763,27.567616
1,10,33.2,21.861166,1,1,22.995438385009763,44.765625
1,1071,4.63,4.023416,1,1,22.995438385009763,7.548619
1,1073,0.095,1.8830448,1,1,22.995438385009763,9.1354
1,681,2.39,2.8930457,1,1,22.995438385009763,3.7448425
1,1074,3.39,2.157054,1,1,22.995438385009763,4.791433
1,817,19.1,12.682009,1,0,22.995438385009763,10.655835
1,166,2.01,2.6281724,1,1,22.995438385009763,6.2848673
1,1080,2.1,3.5540946,1,1,22.995438385009763,8.640635
1,89,4.16,2.8114371,1,1,22.995438385009763,3.9733305
1,292,67.6,64.09562,1,1,22.995438385009763,40.873066
1,366,18.2,16.711655,1,1,22.995438385009763,12.224319
1,1087,0.45,0.8526667,1,1,22.995438385009763,2.6712031
1,1089,6.0,5.680528,1,1,22.995438385009763,7.161519
1,187,5.4,4.302872,1,1,22.995438385009763,5.7469063
1,236,89.465,86.90061,1,1,22.995438385009763,12.755756
1,205,65.0,48.91484,0,1,22.995438385009763,43.43872
1,383,16.0,15.805796,1,1,22.995438385009763,8.406239
1,1098,23.5,11.24055,0,1,22.995438385009763,35.779842
1,45,16.0,31.022076,0,0,22.995438385009763,13.203591
1,1100,29.1,19.149363,1,1,22.995438385009763,27.83611
1,840,74.0,62.05829,0,1,22.995438385009763,41.26175
1,65,25.6,23.358955,1,1,22.995438385009763,29.445257
1,1104,67.9,74.411354,1,1,22.995438385009763,69.9257
1,119,25.4,22.819656,1,1,22.995438385009763,25.054832
1,680,0.61,0.9302317,1,1,22.995438385009763,1.8515068
1,192,7.78,6.3424435,1,1,22.995438385009763,5.946545
1,366,18.6,16.54102,1,1,22.995438385009763,12.236425
1,473,81.35,88.28045,1,1,22.995438385009763,101.742325
1,605,71.0,71.58219,1,1,22.995438385009763,20.300423
1,1117,1.7,3.0475502,1,1,22.995438385009763,5.3950925
1,817,21.0,13.7432995,1,0,22.995438385009763,14.396157
1,1120,0.5,2.9580095,1,1,22.995438385009763,5.6599154
1,605,55.0,66.62776,0,0,22.995438385009763,19.696173
1,1128,1.3,3.2642643,1,1,22.995438385009763,5.44947
1,292,85.0,63.35252,0,1,22.995438385009763,51.485855
1,1131,117.0,121.34308,1,1,22.995438385009763,77.678925
1,510,78.8,83.844376,1,1,22.995438385009763,36.083744
1,1132,6.0,40.13995,0,0,22.995438385009763,41.498684
1,557,33.0,26.607216,1,1,22.995438385009763,20.488897
1,216,37.0,23.416803,0,1,22.995438385009763,31.106985
1,196,1.815,1.3640871,1,1,22.995438385009763,4.9041457
1,1044,32.0,20.425613,0,1,22.995438385009763,34.93538
1,1138,1.52,1.3905741,1,1,22.995438385009763,7.182347
1,473,47.0,78.14132,0,1,22.995438385009763,110.01316
1,1140,40.1,26.023151,0,1,22.995438385009763,68.881
1,1141,6.5,2.7172668,1,0,22.995438385009763,5.983908
1,1036,3.51,4.525417,1,1,22.995438385009763,7.1974754
1,1142,3.125,1.4917614,1,1,22.995438385009763,3.9541745
1,1143,67.0,41.03707,0,0,22.995438385009763,51.28361
1,6,25.2,20.304113,1,1,22.995438385009763,16.798903
1,1144,6.3,5.925754,1,1,22.995438385009763,4.676287
1,32,5.9,13.07708,1,1,22.995438385009763,17.827312
1,1145,2.133333333,3.3821611,1,1,22.995438385009763,5.432168
1,329,3.875,3.3232505,1,1,22.995438385009763,5.745214
1,724,2.6,2.1172788,1,1,22.995438385009763,1.9360324
1,1149,5.83,3.5468626,1,1,22.995438385009763,4.6612854
1,559,30.8,36.4385,1,1,22.995438385009763,15.465837
1,816,21.2,15.594206,1,0,22.995438385009763,8.473968
1,216,12.0,17.889986,1,1,22.995438385009763,15.865085
1,1144,6.8,6.039823,1,1,22.995438385009763,4.2842374
1,1151,33.0,27.181265,1,1,22.995438385009763,31.893116
1,936,2.5,2.3794332,1,1,22.995438385009763,4.788017
1,199,11.1,13.866677,1,1,22.995438385009763,9.035709
1,1153,2.4525,2.5633636,1,1,22.995438385009763,2.9255831
1,1156,33.2,31.475761,1,1,22.995438385009763,32.732304
1,1159,3.07,3.0027955,1,1,22.995438385009763,12.495282
1,1162,12.3,9.329918,1,1,22.995438385009763,15.176644
1,720,11.5,13.8693285,1,1,22.995438385009763,9.750502
1,1165,0.6,1.2738241,1,1,22.995438385009763,3.402756
1,216,37.0,33.039295,1,1,22.995438385009763,29.230547
1,1171,4.1,10.442926,1,0,22.995438385009763,11.48074
1,678,10.66,10.943685,1,1,22.995438385009763,9.821268
1,216,37.0,23.848692,0,0,22.995438385009763,24.325619
1,1173,3.5,1.7459234,1,1,22.995438385009763,8.250031
1,1178,1.27,2.7159424,1,1,22.995438385009763,4.60889
1,181,102.5,97.232666,1,1,22.995438385009763,64.872
1,108,18.9,14.545244,1,1,22.995438385009763,14.741692
1,126,25.0,53.78458,0,0,22.995438385009763,46.281944
1,396,8.2,20.762506,0,0,22.995438385009763,24.539194
1,829,6.55,6.084357,1,1,22.995438385009763,4.0819325
1,1044,32.0,24.40381,1,1,22.995438385009763,29.793692
1,1186,6.2,11.0669775,1,1,22.995438385009763,19.246159
1,254,46.0,29.572277,0,1,22.995438385009763,66.70064
1,1188,0.93,3.8639905,1,1,22.995438385009763,6.431781
1,1189,2.22,3.2481067,1,1,22.995438385009763,6.156464
1,287,6.9,7.7401614,1,1,22.995438385009763,4.0095925
1,126,79.0,65.538895,0,1,22.995438385009763,40.588852
1,1194,0.35,3.7574835,1,1,22.995438385009763,8.352265
1,675,78.5,59.575413,0,1,22.995438385009763,46.51881
1,248,7.0,7.7455435,1,1,22.995438385009763,11.880064
1,285,12.5,13.89315,1,1,22.995438385009763,7.616916
1,54,6.2,5.778077,1,1,22.995438385009763,5.7506156
1,1149,5.96,3.4990666,1,0,22.995438385009763,4.6612854
1,1201,0.76,4.3087454,1,1,22.995438385009763,7.9775248
1,6,13.2,10.253482,1,1,22.995438385009763,23.513449
1,773,17.1,17.684982,1,1,22.995438385009763,85.11766
1,440,28.0,40.270332,0,1,22.995438385009763,38.259872
1,1205,4.2,0.49632278,1,0,22.995438385009763,3.8580086
1,473,41.0,81.63865,0,1,22.995438385009763,114.60439
1,521,2.742333333,3.3633814,1,1,22.995438385009763,5.534261
1,1208,118.0,109.802315,1,1,22.995438385009763,45.197525
1,1210,3.145,4.0580463,1,1,22.995438385009763,5.6963563
1,54,4.465,4.305938,1,1,22.995438385009763,3.274788
1,477,9.7,10.051085,1,1,22.995438385009763,6.014121
1,216,29.2,23.338718,1,0,22.995438385009763,11.18134
1,610,12.1,7.1893034,1,1,22.995438385009763,10.258146
1,1215,9.4,5.469588,1,1,22.995438385009763,9.076069
1,1216,16.2,35.455257,0,0,22.995438385009763,32.866817
1,1217,3.09,4.643826,1,1,22.995438385009763,4.960827
1,784,4.5,7.0159907,1,1,22.995438385009763,7.1901784
1,248,7.8,5.736304,1,1,22.995438385009763,12.286302
1,943,0.54,0.20275778,1,1,22.995438385009763,1.7462867
1,1098,29.0,13.537906,0,1,22.995438385009763,36.980515
1,292,69.0,34.238224,0,0,22.995438385009763,59.664097
1,476,71.79,54.983723,0,1,22.995438385009763,35.934864
1,1223,91.4,64.23124,0,0,22.995438385009763,10.963872
1,1224,4.3,7.372892,1,1,22.995438385009763,8.746443
1,1225,8.11,7.953341,1,1,22.995438385009763,6.9040737
1,273,17.3,26.426622,1,1,22.995438385009763,23.068941
1,1226,2.565,13.174471,1,1,22.995438385009763,59.35161
1,1050,87.0,78.564156,1,0,22.995438385009763,16.802017
1,216,24.9,22.297543,1,1,22.995438385009763,31.369503
1,1227,4.45,3.5712957,1,1,22.995438385009763,2.8185325
1,292,70.5,66.76701,1,1,22.995438385009763,15.488163
1,1228,35.5,27.154566,1,1,22.995438385009763,32.14408
1,1230,1.74,2.0256555,1,1,22.995438385009763,4.921341
1,216,28.0,29.678064,1,1,22.995438385009763,29.580074
1,201,0.15,6.754914,1,1,22.995438385009763,118.441895
1,1234,2.108,3.9352536,1,1,22.995438385009763,3.876652
1,282,37.8,36.533897,1,1,22.995438385009763,4.1264734
1,1237,37.2,16.770866,0,1,22.995438385009763,56.267105
1,1238,7.7,6.589038,1,1,22.995438385009763,5.057765
1,216,21.5,22.383924,1,1,22.995438385009763,21.05948
1,89,1.79,1.7824095,1,1,22.995438385009763,2.0660968
1,840,78.5,60.914673,0,1,22.995438385009763,45.45054
1,166,1.3,3.586395,1,1,22.995438385009763,6.636295
1,429,30.1,27.840393,1,1,22.995438385009763,23.939558
1,119,40.0,26.219978,0,1,22.995438385009763,29.523298
1,813,4.2,4.882419,1,1,22.995438385009763,9.729946
1,929,5.7,8.990431,1,1,22.995438385009763,18.309645
1,221,17.2,11.51518,1,1,22.995438385009763,35.902687
1,364,2.58,2.1611407,1,1,22.995438385009763,5.561506
1,126,76.67,79.66448,1,1,22.995438385009763,15.155392
1,1247,4.35,3.15264,1,1,22.995438385009763,4.600529
1,1248,3.08,2.9650686,1,1,22.995438385009763,5.641412
1,196,1.7,1.3164413,1,1,22.995438385009763,5.541282
1,1210,3.67,4.3943253,1,1,22.995438385009763,5.021563
1,675,89.75,67.76299,0,1,22.995438385009763,50.82635
1,551,31.1,22.380682,1,1,22.995438385009763,39.126266
1,166,1.278,3.1083183,1,1,22.995438385009763,5.558049
1,292,80.0,37.113857,0,1,22.995438385009763,86.48654
1,1255,25.7,24.388037,1,1,22.995438385009763,36.81033
1,120,14.7,16.145403,1,1,22.995438385009763,28.472813
1,1089,9.05,5.8575706,1,1,22.995438385009763,7.9927335
1,124,7.32,6.720609,1,1,22.995438385009763,6.1478977
1,191,12.15,21.898441,1,1,22.995438385009763,101.56123
1,1260,14.0,10.347879,1,1,22.995438385009763,8.279038
1,383,14.1,15.434573,1,1,22.995438385009763,8.681913
1,171,14.8,22.31624,1,1,22.995438385009763,26.972452
1,383,15.8,15.805796,1,1,22.995438385009763,8.406239
1,1032,75.0,53.39177,0,1,22.995438385009763,98.48953
1,1265,3.743,3.6570494,1,1,22.995438385009763,2.6353984
1,1266,7.81,11.292376,1,1,22.995438385009763,7.166738
1,1268,3.52,5.398549,1,1,22.995438385009763,9.89751
1,675,83.0,65.22623,0,1,22.995438385009763,53.502636
1,473,66.0,91.11007,0,1,22.995438385009763,87.060936
1,1247,1.658,2.6348097,1,1,22.995438385009763,6.4939914
1,256,1.51,3.1281548,1,1,22.995438385009763,5.6615167
1,1270,8.326,2.8724515,1,0,22.995438385009763,4.772594
1,99,0.067866667,0.9559621,1,1,22.995438385009763,2.28538
1,1271,4.0,4.080751,1,1,22.995438385009763,9.518806
1,1273,9.19,8.37523,1,1,22.995438385009763,3.6318388
1,216,24.6,24.221022,1,1,22.995438385009763,24.411371
1,784,6.75,7.828137,1,1,22.995438385009763,6.4078255
1,224,19.8,20.421762,1,1,22.995438385009763,16.332773
1,171,17.2,22.369455,1,1,22.995438385009763,26.972452
1,1140,9.0,21.444786,0,1,22.995438385009763,65.51167
1,1281,2.8,5.39788,1,1,22.995438385009763,28.907797
1,476,79.24,58.36426,0,1,22.995438385009763,47.583885
1,58,4.5,3.7618363,1,1,22.995438385009763,4.685201
1,429,0.001,14.298807,0,0,22.995438385009763,19.85824
1,429,28.3,20.045238,1,1,22.995438385009763,47.690643
1,285,7.8,6.4634714,1,1,22.995438385009763,6.577543
1,1151,5.0,62.201546,0,0,22.995438385009763,102.18103
1,1291,17.7,17.656387,1,1,22.995438385009763,3.3442407
1,936,2.55,2.150865,1,1,22.995438385009763,4.788017
1,588,3.5,2.9112506,1,1,22.995438385009763,4.9439735
1,1292,1.245,0.8571327,1,1,22.995438385009763,5.8290634
1,351,95.6,81.57316,0,0,22.995438385009763,21.19034
1,1294,2.96,6.5284696,1,1,22.995438385009763,32.860725
1,1036,3.51,4.447507,1,1,22.995438385009763,5.9915075
1,1296,30.4,24.205046,1,1,22.995438385009763,39.59616
1,1297,10.9,14.879138,1,1,22.995438385009763,9.169359
1,1299,11.79666667,4.8549213,1,0,22.995438385009763,7.962171
1,876,6.3,5.828763,1,1,22.995438385009763,13.400542
1,473,84.0,87.23872,1,1,22.995438385009763,33.72988
1,65,17.2,14.435539,1,1,22.995438385009763,23.894789
1,99,0.22,3.4839675,1,0,22.995438385009763,5.266116
1,65,31.0,23.434937,1,1,22.995438385009763,30.018057
1,817,13.0,8.943189,1,1,22.995438385009763,19.896555
1,396,3.5,19.352087,0,0,22.995438385009763,24.539194
1,1307,0.11,2.4153576,1,0,22.995438385009763,4.349948
1,161,8.6,7.400632,1,1,22.995438385009763,6.896916
1,1308,4.37,3.4661894,1,1,22.995438385009763,2.947564
1,1210,4.68,4.2814217,1,1,22.995438385009763,6.337238
1,1296,29.8,21.290203,1,1,22.995438385009763,38.550896
1,351,94.2,84.66334,1,1,22.995438385009763,30.47471
1,54,8.08,6.8332353,1,1,22.995438385009763,3.3937826
1,40,0.264,0.26845282,1,1,22.995438385009763,2.2290728
1,396,15.6,12.5540905,1,1,22.995438385009763,29.810097
1,292,82.0,39.073433,0,0,22.995438385009763,68.40246
1,1316,2.38,2.982089,1,1,22.995438385009763,4.414892
1,4,4.83,4.5725594,1,1,22.995438385009763,2.3573396
1,10,38.7,33.742252,1,1,22.995438385009763,33.266445
1,58,2.0,3.8734229,1,1,22.995438385009763,4.4134164
1,817,19.2,12.881082,1,1,22.995438385009763,21.555874
1,1322,6.5,5.121799,1,1,22.995438385009763,7.178883
1,119,26.0,16.070086,1,0,22.995438385009763,17.24108
1,287,8.3,7.7401614,1,1,22.995438385009763,3.8604147
1,224,21.2,17.130402,1,1,22.995438385009763,12.752718
1,1325,12.2,18.886765,1,1,22.995438385009763,17.947803
1,181,103.7,81.37596,0,1,22.995438385009763,78.366264
1,733,8.3,4.241906,1,0,22.995438385009763,4.3286443
1,1328,0.38,5.4174714,1,0,22.995438385009763,5.771018
1,366,18.6,15.946083,1,1,22.995438385009763,13.75111
1,241,12.3,11.787655,1,1,22.995438385009763,6.0178905
1,10,25.0,37.35267,0,1,22.995438385009763,44.751507
1,804,23.0,19.662857,1,1,22.995438385009763,36.72516
1,216,20.3,18.359388,1,1,22.995438385009763,16.104475
1,330,3.08,2.5713694,1,1,22.995438385009763,3.592331
1,1333,0.052,-0.46748424,1,0,22.995438385009763,0.95078677
1,925,82.0,62.4184,0,1,22.995438385009763,44.556793
1,1334,0.7,5.5102205,1,1,22.995438385009763,16.385458
1,1335,4.08,5.435716,1,1,22.995438385009763,18.695585
1,1336,1.4,1.9534509,1,1,22.995438385009763,4.916423
1,32,18.0,11.939593,1,0,22.995438385009763,11.757634
1,1165,1.01,1.2738241,1,1,22.995438385009763,3.402756
1,675,90.0,69.03035,0,1,22.995438385009763,52.348454
1,285,13.0,13.339871,1,1,22.995438385009763,5.988516
1,191,11.87272727,11.676019,1,1,22.995438385009763,8.477583
1,414,2.0,3.4017522,1,1,22.995438385009763,7.7275467
1,1189,2.07,3.8662872,1,1,22.995438385009763,5.9241576
1,161,8.8,7.400632,1,1,22.995438385009763,6.896916
1,1216,17.8,52.163353,0,0,22.995438385009763,23.257603
1,41,3.18,4.577492,1,1,22.995438385009763,5.023383
1,45,9.2,29.153208,0,0,22.995438385009763,12.754074
1,169,3.6,1.9286064,1,1,22.995438385009763,4.020158
1,1351,7.1,5.4572372,1,1,22.995438385009763,5.5244784
1,1352,2.52,2.4106393,1,1,22.995438385009763,3.4149537
1,1353,82.0,88.33878,1,1,22.995438385009763,25.168093
1,440,90.8,83.31801,1,1,22.995438385009763,73.377106
1,1357,3.54,3.0936701,1,1,22.995438385009763,4.6193213
1,543,5.1,4.1336775,1,1,22.995438385009763,5.394432
1,1359,10.65,8.407831,1,1,22.995438385009763,9.389337
1,166,1.647,3.5823145,1,1,22.995438385009763,6.455152
1,351,85.0,85.08109,1,1,22.995438385009763,32.368923
1,187,7.7,4.813697,1,1,22.995438385009763,6.06208
1,346,3.6,16.968826,0,1,22.995438385009763,40.84659
1,1363,11.3,12.487448,1,1,22.995438385009763,8.48328
1,236,89.88,86.69672,1,1,22.995438385009763,14.477164
1,1365,19.0,32.015324,0,1,22.995438385009763,71.92339
1,6,3.0,16.949345,0,1,22.995438385009763,44.659855
1,955,0.18,1.4895555,1,1,22.995438385009763,4.3171434
1,955,0.105,-0.15009084,1,1,22.995438385009763,1.9295222
1,918,5.2,5.4456,1,1,22.995438385009763,5.8963084
1,579,3.103333333,14.632643,0,0,22.995438385009763,19.80641
1,227,2.21,1.2480664,1,0,22.995438385009763,1.6113085
1,906,16.9,17.875212,1,1,22.995438385009763,4.4756513
1,1375,3.0,2.4389658,1,1,22.995438385009763,3.5258105
1,1377,16.4,8.620151,1,0,22.995438385009763,6.9878964
1,415,13.8,12.81025,1,1,22.995438385009763,13.175841
1,1380,0.65,2.4439454,1,0,22.995438385009763,3.4690704
1,72,6.9,6.8164177,1,1,22.995438385009763,7.5322948
1,1381,5.86,5.9353333,1,1,22.995438385009763,7.6627645
1,1021,0.1,9.533462,1,1,22.995438385009763,21.055717
1,1382,58.5,65.942566,1,1,22.995438385009763,48.750225
1,171,15.2,23.92049,1,1,22.995438385009763,27.567265
1,1384,12.5,8.73672,1,1,22.995438385009763,10.261129
1,1098,21.5,7.379897,0,1,22.995438385009763,34.12721
1,1216,33.3,49.54385,0,0,22.995438385009763,17.813684
1,473,62.1,94.35551,0,0,22.995438385009763,19.96584
1,341,1.02,1.811143,1,1,22.995438385009763,1.7940172
1,1385,17.8,17.722832,1,1,22.995438385009763,4.4407463
1,577,13.4,9.139788,1,1,22.995438385009763,12.975328
1,1391,5.83,24.556063,0,0,22.995438385009763,21.424469
1,563,3.6,3.2902834,1,1,22.995438385009763,3.6744277
1,477,7.5,7.582114,1,1,22.995438385009763,5.0826073
1,1394,36.6,32.819275,1,1,22.995438385009763,11.198515
1,157,0.084,0.030068494,1,1,22.995438385009763,4.3549266
1,1395,111.0,53.62424,0,0,22.995438385009763,87.97136
1,1396,5.6,4.3570094,1,1,22.995438385009763,9.929471
1,1398,30.0,17.975687,0,1,22.995438385009763,58.980175
1,994,0.76,2.3520226,1,1,22.995438385009763,4.6203604
1,1002,3.51,3.8872516,1,1,22.995438385009763,6.5124164
1,134,40.0,22.259323,0,1,22.995438385009763,72.87004
1,1404,3.56,2.9802022,1,1,22.995438385009763,6.481125
1,351,89.0,73.66934,0,1,22.995438385009763,49.72189
1,767,2.8,8.953977,1,0,22.995438385009763,6.1663084
1,1410,1.845,9.179207,1,1,22.995438385009763,26.922161
1,338,31.3,26.098503,1,1,22.995438385009763,34.022068
1,527,0.05,0.3793369,1,1,22.995438385009763,1.8906851
1,1178,1.4,3.3376646,1,1,22.995438385009763,6.0208077
1,1412,0.6,2.1063602,1,1,22.995438385009763,4.1967907
1,1413,7.0,6.688679,1,1,22.995438385009763,9.448671
1,1237,16.0,18.34742,1,1,22.995438385009763,50.857742
1,1414,5.72,5.1201544,1,1,22.995438385009763,5.258302
1,1266,9.95,11.237897,1,1,22.995438385009763,7.3149753
1,1415,11.5,12.76851,1,1,22.995438385009763,4.489637
1,1032,10.0,52.75024,0,0,22.995438385009763,76.2744
1,65,28.5,22.79793,1,1,22.995438385009763,28.24812
1,428,56.7,88.35304,0,1,22.995438385009763,65.367325
1,1417,2.1,2.9083748,1,1,22.995438385009763,6.9725103
1,6,30.6,24.475882,1,1,22.995438385009763,24.989706
1,1419,3.0,4.0122123,1,1,22.995438385009763,9.398546
1,1100,7.73,8.670137,1,1,22.995438385009763,47.03696
1,508,5.62,4.4209905,1,1,22.995438385009763,28.107563
1,866,93.3,87.31381,1,1,22.995438385009763,74.03348
1,1421,1.3,1.645311,1,1,22.995438385009763,2.3404691
1,351,37.5,88.87348,0,0,22.995438385009763,34.64269
1,1422,5.9,5.4635262,1,1,22.995438385009763,8.700895
1,180,21.0,31.007378,1,1,22.995438385009763,50.32628
1,1316,2.79,2.3748157,1,1,22.995438385009763,5.365624
1,1044,31.35,24.389292,1,1,22.995438385009763,32.29924
1,713,10.8,10.259378,1,1,22.995438385009763,6.64573
1,1430,2.862,2.7318673,1,1,22.995438385009763,9.571417
1,302,8.24,4.7569404,1,1,22.995438385009763,8.744412
1,1433,2.13,3.25486,1,1,22.995438385009763,4.3894634
1,1266,7.02,11.226727,1,0,22.995438385009763,7.2861857
1,1435,2.79,3.5194266,1,1,22.995438385009763,5.485548
1,598,3.15,8.226322,1,1,22.995438385009763,17.216782
1,1098,22.0,13.967989,1,1,22.995438385009763,38.527836
1,1436,6.94,6.2280593,1,1,22.995438385009763,7.879539
1,1438,38.0,38.67139,1,1,22.995438385009763,38.952324
1,236,88.0,73.03628,0,1,22.995438385009763,52.44603
1,41,2.418,3.2301831,1,1,22.995438385009763,2.8280454
1,476,74.5,63.879078,1,1,22.995438385009763,51.595844
1,1441,1.8,2.3239255,1,1,22.995438385009763,3.658344
1,1442,6.24,6.207936,1,1,22.995438385009763,6.315278
1,1443,2.86,2.3724797,1,1,22.995438385009763,4.1411743
1,825,83.0,86.35815,1,1,22.995438385009763,81.90749
1,321,90.15,79.24863,1,1,22.995438385009763,46.261616
1,675,91.0,76.26542,0,1,22.995438385009763,45.829872
1,292,32.0,33.33943,1,1,22.995438385009763,58.34832
1,857,15.8,17.803255,1,1,22.995438385009763,16.165388
1,1447,53.5,56.383186,1,1,22.995438385009763,98.47685
1,442,16.7,5.558503,1,0,22.995438385009763,4.2607336
1,1419,3.675,5.003465,1,1,22.995438385009763,8.687047
1,473,86.0,83.42774,1,1,22.995438385009763,86.00398
1,730,9.55,6.2227874,1,0,22.995438385009763,5.455123
1,10,34.8,33.559975,1,1,22.995438385009763,39.18458
1,549,3.8,3.1329982,1,1,22.995438385009763,6.7265973
1,1463,11.07,8.282411,1,1,22.995438385009763,6.44696
1,1466,1.15,1.4296126,1,1,22.995438385009763,4.9893184
1,89,4.01,2.5538497,1,1,22.995438385009763,3.2472186
1,1471,7.25,36.761005,0,0,22.995438385009763,26.279552
1,65,18.95,12.578879,1,1,22.995438385009763,48.222534
1,1475,22.8,50.610153,0,0,22.995438385009763,28.050573
1,366,20.05,16.54102,1,1,22.995438385009763,12.236425
1,17,1.38,3.0112264,1,1,22.995438385009763,4.354389
1,1477,75.1,59.40016,0,1,22.995438385009763,51.84475
1,1325,24.0,26.750166,1,1,22.995438385009763,21.30054
1,171,10.8,22.962414,0,0,22.995438385009763,21.297329
1,857,1.6,16.444242,0,0,22.995438385009763,14.825255
1,476,73.5,63.7966,1,1,22.995438385009763,61.04763
1,1482,25.4,15.613087,1,0,22.995438385009763,8.842925
1,341,0.556,1.811143,1,0,22.995438385009763,1.7940172
1,1483,15.0,21.354048,1,1,22.995438385009763,25.347424
1,292,60.0,39.890087,0,1,22.995438385009763,78.73717
1,166,0.727,3.3208418,1,1,22.995438385009763,6.289171
1,627,69.0,67.78873,1,1,22.995438385009763,121.13504
1,50,18.0,37.830383,0,1,22.995438385009763,83.6038
1,1089,1.3,2.6643984,1,1,22.995438385009763,5.6874485
1,1487,40.2,30.837465,1,0,22.995438385009763,16.532919
1,1488,0.93,2.8242111,1,1,22.995438385009763,4.879207
1,1489,4.37,3.449334,1,1,22.995438385009763,3.6964817
1,1490,1.835,6.1990323,1,1,22.995438385009763,28.253698
1,429,6.1,19.823788,0,0,22.995438385009763,21.238623
1,171,2.0,21.810835,0,0,22.995438385009763,20.903616
1,764,15.4,16.655418,1,1,22.995438385009763,35.96725
1,1132,39.0,38.832123,1,1,22.995438385009763,3.791272
1,218,9.18,8.84801,1,1,22.995438385009763,9.54387
1,1496,0.9,4.236078,1,1,22.995438385009763,7.2221045
1,1497,7.6,4.941725,1,1,22.995438385009763,5.9569197
1,1498,57.1,50.65386,1,1,22.995438385009763,41.979324
1,1500,1.856666667,1.2405714,1,1,22.995438385009763,8.594408
1,817,10.9,10.772236,1,1,22.995438385009763,29.386868
1,1501,2.892,2.4305503,1,1,22.995438385009763,3.925675
1,1502,5.1,4.3963084,1,1,22.995438385009763,7.1191216
1,1503,2.6,1.2353787,1,0,22.995438385009763,2.5071292
1,1504,46.0,48.786705,1,1,22.995438385009763,65.40043
1,1226,5.8,8.90265,1,1,22.995438385009763,38.6847
1,40,1.615,3.1277237,1,1,22.995438385009763,9.990478
1,1507,3.7,2.759241,1,1,22.995438385009763,11.279209
1,675,44.95,69.0706,0,1,22.995438385009763,63.183125
1,123,8.8,4.727416,1,1,22.995438385009763,9.124126
1,292,87.0,71.56036,0,1,22.995438385009763,38.85992
1,47,0.0138,-0.16212699,1,1,22.995438385009763,2.9638205
1,1513,5.8,9.07525,1,1,22.995438385009763,32.585545
1,1517,4.1,2.317136,1,1,22.995438385009763,4.100663
1,10,27.8,33.164364,1,1,22.995438385009763,39.487625
1,1520,2.425,3.8093913,1,1,22.995438385009763,5.315336
1,1237,31.3,16.717997,0,1,22.995438385009763,63.406857
1,54,6.09,6.526139,1,1,22.995438385009763,5.916561
1,756,45.3,30.923433,0,0,22.995438385009763,25.513475
1,1165,1.48,1.3136977,1,1,22.995438385009763,3.0466442
1,89,4.17,2.8106995,1,1,22.995438385009763,3.730305
1,1384,11.6,9.885687,1,1,22.995438385009763,7.7203817
1,1524,1.32,3.396649,1,1,22.995438385009763,7.5669985
1,1526,3.8,6.4217954,1,1,22.995438385009763,7.028302
1,338,48.0,23.693645,0,0,22.995438385009763,42.374744
1,10,28.0,37.21209,1,1,22.995438385009763,50.16321
1,1501,1.5,2.9836366,1,1,22.995438385009763,5.6889815
1,1375,1.4,2.3012614,1,1,22.995438385009763,3.4717567
1,681,4.02,2.9841483,1,1,22.995438385009763,3.3089535
1,1532,6.6,4.200936,1,1,22.995438385009763,9.028183
1,351,93.4,83.23659,1,1,22.995438385009763,21.564589
1,521,3.0,3.721341,1,1,22.995438385009763,5.232081
1,1534,21.0,20.816076,1,1,22.995438385009763,37.15891
1,10,30.3,25.157642,1,1,22.995438385009763,43.07961
1,216,30.04,29.523903,1,1,22.995438385009763,16.399742
1,1535,5.203333333,2.8340836,1,1,22.995438385009763,5.11955
1,559,35.5,38.0429,1,1,22.995438385009763,9.044488
1,1537,4.425,4.6642013,1,1,22.995438385009763,4.8777933
1,1539,5.062857143,3.698575,1,1,22.995438385009763,12.035991
1,65,20.0,20.500317,1,1,22.995438385009763,26.327702
1,428,81.0,84.21251,1,1,22.995438385009763,31.589005
1,1294,2.13,9.72146,1,1,22.995438385009763,32.403656
1,195,2.13,1.712804,1,1,22.995438385009763,1.7200532
1,166,6.17,4.6036086,1,1,22.995438385009763,6.4778056
1,1548,1.32,3.2883956,1,0,22.995438385009763,3.6093254
1,925,50.0,68.5263,0,1,22.995438385009763,49.246414
1,1551,18.04,18.263672,1,1,22.995438385009763,4.657276
1,733,3.0,3.5578618,1,1,22.995438385009763,6.176198
1,1552,2.3,3.138579,1,1,22.995438385009763,3.4430711
1,473,75.0,88.52562,0,1,22.995438385009763,98.53775
1,713,11.0,10.570709,1,1,22.995438385009763,6.8018723
1,1554,30.15,10.429607,0,0,22.995438385009763,27.037405
1,586,69.4,89.17235,0,1,22.995438385009763,64.971245
1,285,16.0,18.115595,1,0,22.995438385009763,3.80982
1,1555,4.25,9.591477,1,1,22.995438385009763,23.358503
1,1032,70.0,66.443726,1,1,22.995438385009763,48.908607
1,1556,8.5,14.962048,1,1,22.995438385009763,40.37647
1,911,85.0,62.40453,0,1,22.995438385009763,71.35485
1,241,12.2,9.703435,1,1,22.995438385009763,8.717938
1,124,8.22,7.504528,1,1,22.995438385009763,5.4608707
1,54,5.47,5.305106,1,1,22.995438385009763,5.597133
1,292,28.5,60.59932,0,1,22.995438385009763,93.75198
1,1559,4.92,8.21785,1,1,22.995438385009763,8.106596
1,675,91.1,76.5332,0,1,22.995438385009763,46.883556
1,781,107.0,89.50167,0,1,22.995438385009763,100.502106
1,1561,1.1,1.83888,1,1,22.995438385009763,7.7918196
1,99,0.28,1.8638434,1,0,22.995438385009763,3.1284878
1,1564,32.0,27.203184,1,1,22.995438385009763,21.83435
1,216,41.45,51.19813,1,1,22.995438385009763,27.662004
1,1565,51.4,42.37607,1,1,22.995438385009763,47.871433
1,965,9.95,26.68495,0,0,22.995438385009763,20.23181
1,1395,40.0,48.015,1,1,22.995438385009763,80.38715
1,508,5.93,5.9751754,1,1,22.995438385009763,23.543802
1,203,14.5,12.9525,1,1,22.995438385009763,13.440787
1,1570,22.2,20.126522,1,1,22.995438385009763,22.03801
1,870,0.85,4.8424664,1,0,22.995438385009763,7.192556
1,6,31.0,30.279675,1,1,22.995438385009763,22.286236
1,273,9.2,26.571003,0,0,22.995438385009763,9.914809
1,1579,2.155,6.2714167,1,0,22.995438385009763,7.020858
1,50,40.0,58.162594,0,1,22.995438385009763,36.698353
1,551,30.0,20.949934,1,1,22.995438385009763,30.48399
1,196,1.172,1.6595479,1,1,22.995438385009763,5.8429837
1,490,4.3,3.2077982,1,1,22.995438385009763,6.5757666
1,1414,7.01,5.3983307,1,1,22.995438385009763,5.0468903
1,499,15.8,9.936152,1,0,22.995438385009763,6.9775624
1,1463,4.49,7.14963,1,1,22.995438385009763,6.734748
1,681,4.49,3.496482,1,1,22.995438385009763,3.872824
1,1044,31.8,23.29034,1,1,22.995438385009763,30.088556
1,383,18.1,17.466616,1,1,22.995438385009763,4.4054656
1,680,1.88,0.930854,1,1,22.995438385009763,1.9362297
1,955,0.21,0.7856583,1,1,22.995438385009763,3.511912
1,1584,10.58,11.435335,1,1,22.995438385009763,8.013647
1,126,81.27,80.45159,1,1,22.995438385009763,18.99203
1,1586,62.7,63.508434,1,1,22.995438385009763,59.121105
1,1587,40.0,25.007269,0,1,22.995438385009763,41.066692
1,1588,6.02,28.092665,0,1,22.995438385009763,47.863205
1,429,4.7,23.344511,0,0,22.995438385009763,25.885386
1,549,6.9,2.8840876,1,0,22.995438385009763,6.0557666
1,216,33.0,25.394474,1,0,22.995438385009763,11.939585
1,1589,14.7,10.87405,1,0,22.995438385009763,6.6061893
1,171,19.2,22.40993,1,1,22.995438385009763,27.382269
1,241,5.3,11.909839,1,0,22.995438385009763,11.2515955
1,54,4.51,4.274571,1,1,22.995438385009763,3.0617766
1,1592,2.4,13.874001,1,0,22.995438385009763,21.783972
1,446,10.6,3.8153296,1,1,22.995438385009763,14.464193
1,1228,28.9,21.299843,1,1,22.995438385009763,40.602
1,1593,33.0,25.893963,1,1,22.995438385009763,30.22394
1,1595,15.2,15.541185,1,1,22.995438385009763,2.5978057
1,733,4.6,4.089879,1,1,22.995438385009763,4.2844048
1,577,13.75,9.311985,1,1,22.995438385009763,13.187473
1,1596,0.725,3.212967,1,1,22.995438385009763,21.822584
1,557,19.8,32.236805,0,0,22.995438385009763,19.43614
1,137,23.5,19.79527,1,1,22.995438385009763,20.904898
1,1471,4.2,23.417974,0,1,22.995438385009763,39.811954
1,351,24.2,88.9507,0,0,22.995438385009763,37.59282
1,1601,0.75,2.8296413,1,1,22.995438385009763,12.979028
1,254,43.0,26.837305,0,1,22.995438385009763,52.905754
1,534,75.0,81.13772,1,1,22.995438385009763,103.11578
1,1608,2.1,1.4423106,1,1,22.995438385009763,1.9044597
1,45,23.0,32.688152,1,1,22.995438385009763,87.838425
1,403,8.77,5.2121797,1,0,22.995438385009763,6.233686
1,1610,1.2,2.4043882,1,1,22.995438385009763,5.2486925
1,490,1.29,2.1272004,1,1,22.995438385009763,5.5042067
1,1559,7.13,8.356177,1,1,22.995438385009763,8.559053
1,208,3.655,4.171973,1,1,22.995438385009763,2.5769715
1,208,5.5,3.9848788,1,1,22.995438385009763,3.1318648
1,945,3.6,4.3411555,1,1,22.995438385009763,8.631484
1,600,16.0,8.374666,1,1,22.995438385009763,21.428856
1,675,67.6,69.37915,1,1,22.995438385009763,62.014576
1,199,9.8,15.117129,1,0,22.995438385009763,10.049842
1,638,3.2,2.1433475,1,1,22.995438385009763,8.054442
1,292,63.8,61.42485,1,1,22.995438385009763,85.23988
1,1621,52.0,46.724617,1,1,22.995438385009763,70.06974
1,241,14.16666667,11.950111,1,1,22.995438385009763,6.331194
1,476,90.88,80.89835,1,1,22.995438385009763,25.603739
1,1225,8.14,7.424319,1,1,22.995438385009763,6.5930233
1,1032,58.0,56.81022,1,1,22.995438385009763,63.527107
1,54,7.62,7.5449815,1,1,22.995438385009763,4.046264
1,1628,12.54,11.082793,1,1,22.995438385009763,6.8779974
1,1629,0.58,3.0261974,1,1,22.995438385009763,7.859721
1,1156,36.2,34.44986,1,1,22.995438385009763,28.56864
1,1631,4.5,1.7924515,1,0,22.995438385009763,4.4619627
1,273,26.0,31.15506,1,1,22.995438385009763,48.607372
1,1151,29.2,24.320423,1,1,22.995438385009763,37.94926
1,898,74.0,71.04167,1,1,22.995438385009763,32.5458
1,351,90.7,64.925835,0,1,22.995438385009763,128.82863
1,123,2.9,8.912135,1,0,22.995438385009763,8.059304
1,166,3.196,4.4348006,1,1,22.995438385009763,6.91565
1,1504,62.0,51.89432,1,1,22.995438385009763,24.967478
1,383,18.0,18.003773,1,1,22.995438385009763,4.2941976
1,1265,2.5,3.3274002,1,1,22.995438385009763,3.1047914
1,383,16.85,16.435427,1,1,22.995438385009763,5.3531604
1,1641,7.14,6.709119,1,1,22.995438385009763,6.234538
1,195,1.92,1.7506344,1,1,22.995438385009763,1.6959895
1,383,14.6,16.434204,1,1,22.995438385009763,4.8131323
1,1225,7.51,7.8067946,1,1,22.995438385009763,7.1559687
1,501,4.86,15.2800865,1,1,22.995438385009763,34.288086
1,1644,0.0074,0.9832121,1,1,22.995438385009763,3.0966504
1,1645,1.3,2.4883244,1,1,22.995438385009763,4.920649
1,1377,16.3,9.005654,1,0,22.995438385009763,6.5133667
1,65,23.3,23.97643,1,1,22.995438385009763,105.903145
1,1647,2.3,4.097323,1,1,22.995438385009763,6.227042
1,979,3.1,7.347796,1,1,22.995438385009763,9.379417
1,6,33.0,24.697746,1,1,22.995438385009763,27.54691
1,1648,7.12,5.3415885,1,1,22.995438385009763,5.1917353
1,1650,3.2,3.4350543,1,1,22.995438385009763,6.8747787
1,973,15.0,11.905393,1,1,22.995438385009763,9.620526
1,1652,81.0,50.671265,0,0,22.995438385009763,58.228355
1,292,70.15,74.86552,1,1,22.995438385009763,11.916846
1,440,89.4,71.231415,0,0,22.995438385009763,34.217617
1,1657,90.0,87.83898,1,1,22.995438385009763,16.410387
1,10,25.2,35.594677,1,1,22.995438385009763,36.603123
1,675,44.7,46.693405,1,1,22.995438385009763,58.913612
1,1658,0.13,0.034559395,1,1,22.995438385009763,2.432631
1,1659,4.38,4.2545433,1,1,22.995438385009763,4.4153323
1,558,4.15,9.002981,1,1,22.995438385009763,10.787467
1,292,91.8,88.96648,1,1,22.995438385009763,23.316065
1,1328,0.69,4.116529,1,0,22.995438385009763,6.6858625
1,218,8.9,10.963707,1,1,22.995438385009763,6.3109684
1,65,27.9,23.47362,1,1,22.995438385009763,30.338797
1,1433,2.6,3.6460674,1,1,22.995438385009763,5.520322
1,1661,2.58,1.5298332,1,1,22.995438385009763,7.0010076
1,476,75.0,43.855095,0,0,22.995438385009763,48.446613
1,65,24.525,21.112825,1,1,22.995438385009763,26.240562
1,10,28.7,32.826546,1,1,22.995438385009763,32.583595
1,241,15.4,9.817893,1,0,22.995438385009763,10.8805485
1,490,1.17,2.5153954,1,1,22.995438385009763,5.3293924
1,1296,28.0,18.746117,1,1,22.995438385009763,40.911526
1,1064,113.0,110.15598,1,1,22.995438385009763,80.921074
1,551,30.0,19.043234,1,1,22.995438385009763,33.465736
1,65,18.7,15.846671,1,1,22.995438385009763,24.960241
1,1668,1.7,2.0117447,1,1,22.995438385009763,10.273307
1,857,11.7,18.00641,1,1,22.995438385009763,15.334797
1,366,6.185,14.884704,1,0,22.995438385009763,14.544485
1,65,29.35,11.137532,0,1,22.995438385009763,58.382816
1,1670,3.525,24.023066,0,1,22.995438385009763,44.28642
1,338,45.6,24.842693,0,0,22.995438385009763,37.303932
1,231,10.2,9.100592,1,1,22.995438385009763,8.925962
1,784,2.44,5.7734995,1,0,22.995438385009763,6.6037827
1,89,2.84,2.3994663,1,1,22.995438385009763,2.9177485
1,224,15.7,21.519749,1,1,22.995438385009763,15.041702
1,428,48.9,90.44059,0,0,22.995438385009763,59.770657
1,216,26.0,18.876604,1,1,22.995438385009763,23.827734
1,1673,44.0,47.10666,1,1,22.995438385009763,42.73833
1,1674,71.0,59.962563,1,1,22.995438385009763,61.04555
1,285,12.7,12.843138,1,1,22.995438385009763,8.821304
1,1675,9.4,10.77369,1,1,22.995438385009763,6.523301
1,403,8.81,5.6049495,1,1,22.995438385009763,6.4330583
1,1556,12.1,15.091031,1,1,22.995438385009763,36.18834
1,208,3.628,3.981986,1,1,22.995438385009763,2.5943248
1,1680,3.5,3.8128724,1,1,22.995438385009763,5.673979
1,1681,3.1,3.5650728,1,1,22.995438385009763,3.2181234
1,120,12.2,16.90135,1,1,22.995438385009763,26.639221
1,137,26.0,19.77794,1,1,22.995438385009763,26.93669
1,45,34.0,32.6499,1,1,22.995438385009763,16.126001
1,925,86.0,61.478443,0,0,22.995438385009763,29.591614
1,945,2.5,4.5806184,1,1,22.995438385009763,11.159849
1,6,22.9,15.773987,1,0,22.995438385009763,14.077521
1,1683,3.9,4.6109476,1,1,22.995438385009763,7.377675
1,1684,45.0,32.973858,0,0,22.995438385009763,23.097233
1,1685,0.669222222,0.2847352,1,1,22.995438385009763,1.3420016
1,126,84.11,80.405266,1,1,22.995438385009763,13.411029
1,1687,0.175,8.748982,1,1,22.995438385009763,37.22569
1,557,33.0,26.966206,1,1,22.995438385009763,21.702568
1,1230,1.9,2.0256555,1,1,22.995438385009763,4.921341
1,318,4.08,3.178788,1,1,22.995438385009763,4.636548
1,1690,8.9,16.70048,1,1,22.995438385009763,45.738274
1,166,1.468,2.812068,1,1,22.995438385009763,6.2848673
1,1695,1.4,1.6062013,1,1,22.995438385009763,3.9477057
1,292,85.0,73.32601,0,1,22.995438385009763,52.717106
1,829,8.41,6.885217,1,0,22.995438385009763,2.489572
1,1703,80.0,44.54971,0,0,22.995438385009763,31.707458
1,1705,1.46,6.7681956,1,1,22.995438385009763,18.677776
1,47,0.55,0.20266189,1,1,22.995438385009763,4.602147
1,635,4.9,9.661496,1,1,22.995438385009763,26.595116
1,134,31.5,16.733276,0,1,22.995438385009763,69.35049
1,1210,3.93,3.6443653,1,1,22.995438385009763,4.829141
1,216,29.2,26.976234,1,1,22.995438385009763,19.00439
1,559,33.3,38.04537,1,1,22.995438385009763,10.3151
1,840,64.0,59.922684,1,1,22.995438385009763,47.943066
1,1436,8.77,7.320721,1,1,22.995438385009763,7.2271123
1,6,4.4,6.248869,1,1,22.995438385009763,44.556057
1,1716,5.5,9.589323,1,1,22.995438385009763,17.96295
1,1719,28.0,21.383259,1,1,22.995438385009763,23.153084
1,813,4.53,4.5410857,1,1,22.995438385009763,9.823723
1,262,2.67,2.4793055,1,1,22.995438385009763,4.198617
1,1720,11.5,8.874854,1,1,22.995438385009763,7.282625
1,1721,7.7,1.2599989,1,0,22.995438385009763,8.696421
1,216,10.2,27.115902,0,0,22.995438385009763,27.008654
1,557,25.0,27.235428,1,1,22.995438385009763,20.905025
1,476,63.31,45.3508,0,1,22.995438385009763,53.559883
1,1726,60.0,39.304794,0,1,22.995438385009763,82.1612
1,906,17.705,3.9287715,0,0,22.995438385009763,8.619028
1,82,2.13,3.2040656,1,1,22.995438385009763,6.2852864
1,1729,2.4,4.8755693,1,1,22.995438385009763,9.314167
1,1730,1.25,3.1780539,1,1,22.995438385009763,4.721629
1,1732,3.81,4.6985593,1,1,22.995438385009763,29.099512
1,35,32.0,21.668108,1,1,22.995438385009763,24.547247
1,126,86.0,77.94807,1,0,22.995438385009763,13.336387
1,228,18.28,16.862309,1,1,22.995438385009763,14.808452
1,1736,73.0,51.944904,0,1,22.995438385009763,63.485275
1,1296,27.125,19.701622,1,1,22.995438385009763,32.943863
1,54,8.4,6.7896667,1,1,22.995438385009763,3.6923068
1,1628,2.346666667,7.9227524,1,0,22.995438385009763,7.216681
1,816,22.38,18.434755,1,1,22.995438385009763,9.6972475
1,675,87.8,75.25528,0,1,22.995438385009763,67.17501
1,501,15.5,16.301828,1,1,22.995438385009763,17.491186
1,825,31.0,56.31249,0,0,22.995438385009763,45.35423
1,418,4.82,7.538118,1,1,22.995438385009763,11.08811
1,1742,0.244,1.1013883,1,1,22.995438385009763,3.0940578
1,6,17.0,16.050571,1,1,22.995438385009763,30.477364
1,937,3.33,4.1797233,1,1,22.995438385009763,5.7046804
1,733,6.866666667,4.3917556,1,0,22.995438385009763,4.3008275
1,1744,14.0,58.154068,0,0,22.995438385009763,83.04987
1,351,92.5,85.09586,1,1,22.995438385009763,23.066912
1,1747,13.635,10.2065735,1,1,22.995438385009763,10.266462
1,65,1.88,10.849208,1,1,22.995438385009763,43.176117
1,1294,2.8,8.234856,1,1,22.995438385009763,34.82569
1,906,16.2,17.875212,1,1,22.995438385009763,4.4756513
1,632,0.047,1.1614114,1,0,22.995438385009763,1.8110316
1,208,3.766,4.2072096,1,1,22.995438385009763,2.6395023
1,1234,3.959,4.1090574,1,1,22.995438385009763,3.8500018
1,1753,109.0,101.27246,1,1,22.995438385009763,39.888515
1,428,81.0,90.494545,1,1,22.995438385009763,20.550888
1,1754,22.1,16.733685,1,1,22.995438385009763,19.69991
1,808,2.9,2.876819,1,1,22.995438385009763,14.400304
1,1535,4.3,4.537052,1,1,22.995438385009763,5.7991586
1,955,0.18,0.80400085,1,1,22.995438385009763,3.5734882
1,1761,2.94,3.8834374,1,1,22.995438385009763,4.4569035
1,492,3.22,3.1105847,1,1,22.995438385009763,5.0332365
1,473,50.0,80.926544,0,1,22.995438385009763,110.91625
1,216,40.0,27.324394,0,0,22.995438385009763,22.066042
1,1359,11.0,7.9141045,1,1,22.995438385009763,8.142911
1,1767,1.0325,2.6852403,1,1,22.995438385009763,11.635266
1,364,0.69,1.3893785,1,1,22.995438385009763,3.5435357
1,1768,10.1,11.161276,1,1,22.995438385009763,6.6177077
1,1535,1.7,2.2508883,1,1,22.995438385009763,3.7671633
1,6,3.0,7.220413,1,1,22.995438385009763,43.53884
1,973,11.6,9.934069,1,1,22.995438385009763,9.731972
1,1517,1.3,2.2505112,1,1,22.995438385009763,5.0482097
1,876,6.7,5.0113873,1,1,22.995438385009763,13.986822
1,394,24.0,25.339857,1,1,22.995438385009763,13.551972
1,1776,30.0,29.895716,1,1,22.995438385009763,21.452454
1,1260,14.4,10.347879,1,1,22.995438385009763,8.279038
1,675,83.6,81.65131,1,1,22.995438385009763,65.1606
1,1565,46.4,40.842438,1,1,22.995438385009763,58.043
1,1165,0.89,1.3136977,1,1,22.995438385009763,3.0953155
1,1778,10.8,10.348488,1,1,22.995438385009763,6.6783814
1,1781,1.864,1.6165291,1,1,22.995438385009763,40.603775
1,1089,8.28,7.2381573,1,1,22.995438385009763,7.192197
1,366,17.0,12.632643,1,1,22.995438385009763,14.823279
1,292,43.9,51.62282,1,1,22.995438385009763,59.696003
1,1782,4.39,3.1644297,1,1,22.995438385009763,4.4124794
1,216,33.2,29.852629,1,1,22.995438385009763,29.088326
1,1271,4.05,3.8275323,1,1,22.995438385009763,10.555607
1,630,5.65,4.420473,1,1,22.995438385009763,13.338522
1,1210,4.07,3.5623822,1,1,22.995438385009763,5.27661
1,1784,2.5,4.6733603,1,1,22.995438385009763,8.011953
1,1785,25.0,22.84649,1,1,22.995438385009763,22.41615
1,203,15.8,13.870076,1,1,22.995438385009763,12.4015255
1,685,79.0,74.6871,1,1,22.995438385009763,44.192226
1,610,6.021666667,6.521182,1,1,22.995438385009763,10.114048
1,1787,2.0,1.2067193,1,0,22.995438385009763,1.5565975
1,1535,5.83,4.9798064,1,1,22.995438385009763,5.781048
1,241,14.6,12.03388,1,1,22.995438385009763,6.06231
1,644,2.05,2.6916547,1,1,22.995438385009763,3.1994615
1,1210,2.33,3.6866825,1,1,22.995438385009763,4.9899435
1,171,15.5,18.998716,1,1,22.995438385009763,31.283653
1,218,7.7,8.110444,1,1,22.995438385009763,10.674146
1,1789,4.3,2.9595332,1,1,22.995438385009763,7.1608915
1,675,34.2,51.965637,0,1,22.995438385009763,62.123203
1,1791,2.82,0.5755357,1,0,22.995438385009763,3.2178743
1,89,3.6,2.6600327,1,1,22.995438385009763,3.1912484
1,816,21.27,17.907738,1,1,22.995438385009763,16.318552
1,177,70.0,75.26485,1,1,22.995438385009763,89.594154
1,1436,6.295,5.7601805,1,1,22.995438385009763,7.9180436
1,477,9.8,10.261743,1,1,22.995438385009763,4.4492598
1,1796,2.5275,6.3472786,1,1,22.995438385009763,11.75621
1,366,11.3,12.792336,1,1,22.995438385009763,14.235633
1,1021,0.525,9.701907,1,1,22.995438385009763,22.45268
1,1736,107.0,57.152496,0,0,22.995438385009763,85.524506
1,403,8.77,4.705062,1,0,22.995438385009763,6.061913
1,10,25.1,35.96642,1,1,22.995438385009763,48.63717
1,89,2.06,1.8275739,1,1,22.995438385009763,2.090628
1,1804,5.6,13.084378,1,1,22.995438385009763,19.814283
1,638,3.2,2.3145394,1,1,22.995438385009763,7.603957
1,1498,51.7,41.258068,1,1,22.995438385009763,45.281876
1,1165,1.52,1.3136977,1,1,22.995438385009763,3.6304739
1,1810,8.0,3.8818285,1,0,22.995438385009763,5.4332175
1,40,1.355,2.5821097,1,1,22.995438385009763,5.5995817
1,1812,2.56,3.3409097,1,1,22.995438385009763,4.9724445
1,1813,6.8,4.1308637,1,1,22.995438385009763,5.605702
1,1074,0.127,0.48785454,1,1,22.995438385009763,1.9069772
1,255,103.0,43.94583,0,0,22.995438385009763,91.16673
1,1814,2.62,2.1578016,1,1,22.995438385009763,3.3570147
1,1165,1.73,1.3136977,1,1,22.995438385009763,3.6304739
1,191,11.2,12.474748,1,1,22.995438385009763,33.912247
1,89,0.68,2.3449852,1,0,22.995438385009763,3.270455
1,216,39.35,29.49476,1,1,22.995438385009763,22.02862
1,292,88.7,86.26847,1,1,22.995438385009763,26.60834
1,1819,23.2,27.964005,1,1,22.995438385009763,34.823627
1,1822,11.0,30.892963,0,0,22.995438385009763,4.1112843
1,816,15.75,17.944695,1,1,22.995438385009763,10.330165
1,577,13.0,9.211912,1,1,22.995438385009763,11.123691
1,1825,0.09,0.09809499,1,1,22.995438385009763,1.1681036
1,216,33.0,29.033821,1,1,22.995438385009763,20.951302
1,161,11.7,8.626593,1,1,22.995438385009763,6.1816335
1,208,3.69,3.959568,1,1,22.995438385009763,2.664763
1,396,19.9,15.17512,1,1,22.995438385009763,25.196117
1,231,8.2,8.94434,1,1,22.995438385009763,9.761684
1,1827,10.3,15.326688,1,1,22.995438385009763,25.765802
1,1828,16.15,14.467543,1,1,22.995438385009763,6.2719316
1,403,8.72,5.0787935,1,0,22.995438385009763,6.047492
1,816,19.04,16.940582,1,1,22.995438385009763,9.699603
1,1831,5.3,3.5359287,1,1,22.995438385009763,7.84614
1,1395,69.1,81.716156,0,1,22.995438385009763,39.169224
1,186,2.09,7.4129214,1,1,22.995438385009763,15.100946
1,817,20.2,11.970619,1,1,22.995438385009763,22.59166
1,199,14.0,15.3478,1,1,22.995438385009763,11.698141
1,816,26.0,21.588957,1,1,22.995438385009763,16.292234
1,89,2.77,2.4524794,1,1,22.995438385009763,2.6048975
1,292,27.8,53.999992,0,1,22.995438385009763,57.30983
1,191,11.4,11.668497,1,1,22.995438385009763,35.733704
1,45,32.0,30.261639,1,1,22.995438385009763,17.870663
1,203,0.001,13.819481,0,0,22.995438385009763,14.1497755
1,987,0.78,1.8648193,1,1,22.995438385009763,2.173785
1,54,8.76,6.6478786,1,0,22.995438385009763,3.430971
1,1074,0.067,0.76039547,1,1,22.995438385009763,2.9177942
1,429,21.0,18.516582,1,1,22.995438385009763,27.987715
1,65,29.0,22.79793,1,1,22.995438385009763,28.24812
1,1068,20.9,37.18649,0,0,22.995438385009763,6.399335
1,161,11.3,8.781418,1,1,22.995438385009763,6.098083
1,961,48.6,50.870358,1,1,22.995438385009763,32.398785
1,1308,4.03,3.3239756,1,1,22.995438385009763,2.7809432
1,632,2.38,5.3010387,1,0,22.995438385009763,5.8102927
1,1848,2.23,2.728026,1,1,22.995438385009763,4.2154374
1,119,25.9,18.244892,1,1,22.995438385009763,25.891184
1,773,16.6,15.463822,1,1,22.995438385009763,86.95721
1,573,3.36,2.5071845,1,1,22.995438385009763,5.743274
1,829,0.016,4.2726207,1,0,22.995438385009763,5.848444
1,1850,1.69,1.6814995,1,1,22.995438385009763,1.7492883
1,1210,3.94,3.6443653,1,1,22.995438385009763,4.829141
1,236,90.36,88.19085,1,1,22.995438385009763,10.683681
1,1852,16.0,24.598812,1,1,22.995438385009763,33.56833
1,955,0.41,0.35417145,1,1,22.995438385009763,2.0749352
1,45,20.0,30.179443,1,0,22.995438385009763,17.685024
1,1853,7.283333333,14.604192,1,1,22.995438385009763,15.110528
1,876,8.7,4.8977814,1,1,22.995438385009763,14.17625
1,876,12.2,4.5287232,1,0,22.995438385009763,12.832207
1,1854,8.8,7.5220547,1,1,22.995438385009763,4.3467073
1,767,2.8,8.953977,1,0,22.995438385009763,6.1663084
1,700,84.0,81.05668,1,1,22.995438385009763,78.422714
1,1159,8.6,1.9418819,1,1,22.995438385009763,17.122158
1,817,11.3,12.462901,1,1,22.995438385009763,29.185915
1,1579,7.35,7.2058835,1,1,22.995438385009763,7.0535374
1,1316,2.77,3.0695605,1,1,22.995438385009763,5.691175
1,1857,0.523363636,0.72499657,1,1,22.995438385009763,1.8899946
1,224,23.35,17.23129,1,1,22.995438385009763,13.746709
1,866,90.4,79.87225,1,1,22.995438385009763,68.41282
1,785,2.05,2.67921,1,1,22.995438385009763,8.279432
1,292,36.0,34.98408,1,1,22.995438385009763,57.37286
1,1860,14.0,14.018357,1,1,22.995438385009763,11.552544
1,383,18.2,17.936245,1,1,22.995438385009763,4.3068285
1,351,97.4,86.46504,1,1,22.995438385009763,27.937416
1,1862,1.37,1.8063446,1,1,22.995438385009763,7.50094
1,65,7.2,11.229751,1,1,22.995438385009763,34.399406
1,1753,101.0,89.94443,1,1,22.995438385009763,56.83441
1,557,17.0,29.582617,0,0,22.995438385009763,19.306585
1,785,0.785,1.9917209,1,1,22.995438385009763,7.6649284
1,559,38.5,37.947872,1,1,22.995438385009763,8.410416
1,241,12.2,9.703435,1,1,22.995438385009763,8.717938
1,559,35.5,34.755787,1,1,22.995438385009763,11.102099
1,45,23.0,27.910452,1,1,22.995438385009763,15.469855
1,1866,4.6,3.9949772,1,1,22.995438385009763,3.6184127
1,166,5.91,4.608351,1,1,22.995438385009763,6.91565
1,285,15.2,15.818361,1,1,22.995438385009763,6.972976
1,1870,5.1,5.746722,1,1,22.995438385009763,6.5142765
1,442,18.1,17.082247,1,1,22.995438385009763,5.5171
1,934,5.3,4.4671364,1,1,22.995438385009763,4.2347016
1,1873,2.55,1.8301526,1,1,22.995438385009763,2.2462413
1,933,8.6,2.6256819,1,0,22.995438385009763,9.253114
1,1875,3.48,5.1520658,1,1,22.995438385009763,4.9479504
1,54,4.54,4.575602,1,1,22.995438385009763,3.442793
1,292,85.0,80.00189,1,1,22.995438385009763,25.370731
1,1726,58.5,31.37329,0,1,22.995438385009763,68.2177
1,675,31.8,45.29969,0,1,22.995438385009763,58.744785
1,1074,0.116,0.4051011,1,1,22.995438385009763,2.1542375
1,987,1.84,1.7850775,1,1,22.995438385009763,2.1354728
1,1237,31.3,16.327505,0,1,22.995438385009763,61.456066
1,685,20.0,43.204853,0,0,22.995438385009763,27.85013
1,558,4.4,8.912344,1,1,22.995438385009763,10.356416
1,913,1.92,3.4119477,1,1,22.995438385009763,4.918397
1,1814,2.46,2.4046535,1,1,22.995438385009763,3.4391437
1,268,5.32,4.4042397,1,1,22.995438385009763,5.4070644
1,1885,2.3,2.9681022,1,1,22.995438385009763,9.463397
1,1140,30.1,24.612772,1,1,22.995438385009763,67.12122
1,1336,2.625,2.3951824,1,1,22.995438385009763,9.039768
1,1223,41.2,35.326073,1,1,22.995438385009763,53.527245
1,126,85.0,53.910347,0,0,22.995438385009763,61.230663
1,1238,5.5,6.903221,1,1,22.995438385009763,4.582224
1,733,8.733333333,4.5667887,1,0,22.995438385009763,4.3286443
1,636,5.43,4.6920247,1,1,22.995438385009763,6.2052736
1,1895,3.9,3.564988,1,1,22.995438385009763,4.709772
1,1896,9.9,6.832528,1,1,22.995438385009763,15.460107
1,89,2.85,2.3998,1,1,22.995438385009763,2.9177485
1,351,97.0,84.79078,0,1,22.995438385009763,30.54488
1,1899,1.7,3.139328,1,1,22.995438385009763,4.64105
1,216,15.0,28.048033,0,1,22.995438385009763,27.244314
1,1900,2.22375,0.48829165,1,1,22.995438385009763,3.9456606
1,1902,3.1065,8.33811,1,0,22.995438385009763,7.280857
1,749,48.9,61.098446,0,1,22.995438385009763,68.907295
1,527,0.064,0.20295691,1,1,22.995438385009763,1.5350847
1,1850,1.86,1.5966927,1,1,22.995438385009763,1.7492883
1,45,33.0,32.11857,1,1,22.995438385009763,14.941741
1,89,0.4,2.3247528,1,0,22.995438385009763,3.270455
1,1905,99.0,78.296745,0,1,22.995438385009763,73.02258
1,285,7.15,9.071946,1,1,22.995438385009763,7.5287952
1,559,30.0,34.7133,1,1,22.995438385009763,13.731689
1,1906,5.016666667,4.00303,1,1,22.995438385009763,5.703427
1,1907,0.2,7.7341247,1,0,22.995438385009763,14.885176
1,525,60.0,54.318752,1,1,22.995438385009763,58.05514
1,216,22.25,21.285885,1,1,22.995438385009763,15.865085
1,428,43.1,86.260925,0,0,22.995438385009763,63.068005
1,1908,1.37,1.6905665,1,1,22.995438385009763,5.096687
1,108,7.16,12.373809,1,1,22.995438385009763,16.58972
1,1551,18.06,18.128502,1,1,22.995438385009763,4.713273
1,1073,0.045,1.879683,1,1,22.995438385009763,9.370766
1,473,35.0,70.19283,0,0,22.995438385009763,69.0121
1,1909,9.45,8.882306,1,1,22.995438385009763,23.14856
1,866,92.45,87.69271,1,1,22.995438385009763,97.4396
1,1266,4.2,10.802102,1,0,22.995438385009763,7.2685027
1,256,1.56,3.1868038,1,1,22.995438385009763,5.6615167
1,191,11.75,11.785277,1,1,22.995438385009763,8.454298
1,287,7.35,8.122464,1,1,22.995438385009763,2.490408
1,1436,7.85,7.0002303,1,1,22.995438385009763,7.2271123
1,99,0.0423,0.74516153,1,1,22.995438385009763,2.0506964
1,854,40.45,36.236465,1,1,22.995438385009763,13.251688
1,1915,4.38,3.4258974,1,1,22.995438385009763,4.413188
1,1916,0.48,2.603912,1,1,22.995438385009763,4.64239
1,477,10.2,10.240145,1,1,22.995438385009763,4.310241
1,1918,1.22,2.4497871,1,1,22.995438385009763,9.125479
1,196,1.528,1.2918066,1,1,22.995438385009763,6.1768517
1,1857,0.87,0.14781883,1,1,22.995438385009763,1.6548691
1,285,14.4,15.564956,1,1,22.995438385009763,7.8552027
1,1921,7.575,2.6766295,1,0,22.995438385009763,4.7993298
1,1922,92.0,59.760548,0,0,22.995438385009763,41.176956
1,1924,5.245,4.052082,1,1,22.995438385009763,6.112202
1,1628,10.02,10.61476,1,1,22.995438385009763,7.3012176
1,1925,2.2,2.9686086,1,1,22.995438385009763,5.844329
1,1926,89.9,82.42838,1,1,22.995438385009763,29.805067
1,1610,2.55,4.0218916,1,1,22.995438385009763,6.0282125
1,282,37.75,35.722294,1,1,22.995438385009763,5.65567
1,262,2.67,3.4375534,1,1,22.995438385009763,2.553872
1,396,25.5,15.79168,1,1,22.995438385009763,29.590734
1,1436,5.26,6.031494,1,1,22.995438385009763,8.056586
1,1513,2.75,8.291658,1,1,22.995438385009763,27.812866
1,250,2.4,4.7645216,1,1,22.995438385009763,6.3109508
1,41,2.48,4.3196735,1,1,22.995438385009763,5.543151
1,65,8.71,10.327576,1,1,22.995438385009763,34.052967
1,403,8.77,5.1560864,1,0,22.995438385009763,5.5393524
1,394,24.0,35.80743,0,1,22.995438385009763,103.702034
1,925,76.5,63.79763,0,1,22.995438385009763,29.740124
1,1848,1.937,1.8601763,1,1,22.995438385009763,4.5391746
1,1223,53.9,37.360355,0,0,22.995438385009763,32.981537
1,965,12.8,20.50045,1,1,22.995438385009763,19.20405
1,885,1.6,2.4687862,1,1,22.995438385009763,10.276237
1,1404,3.965,3.2300935,1,1,22.995438385009763,6.149208
1,208,7.3,3.978752,1,0,22.995438385009763,3.336391
1,569,10.3,16.089409,1,0,22.995438385009763,9.721242
1,1929,7.0,12.295777,1,1,22.995438385009763,36.413216
1,756,40.0,25.109205,0,0,22.995438385009763,26.698442
1,1930,2.1,0.8366083,1,1,22.995438385009763,4.3570843
1,748,12.0,9.796911,1,1,22.995438385009763,7.9356728
1,171,21.2,18.998716,1,1,22.995438385009763,31.283653
1,1931,3.4,6.225231,1,1,22.995438385009763,8.722975
1,616,97.6,84.43047,0,1,22.995438385009763,35.787174
1,1932,3.69,5.640507,1,1,22.995438385009763,4.689843
1,1934,1.85,2.3950698,1,1,22.995438385009763,8.50902
1,924,1.128,1.6871607,1,1,22.995438385009763,2.3964832
1,767,3.7,9.666487,1,0,22.995438385009763,6.6913123
1,1151,10.0,20.907888,1,1,22.995438385009763,28.05318
1,1395,99.0,81.62283,0,1,22.995438385009763,59.637
1,1073,0.71,3.0465531,1,1,22.995438385009763,4.7002172
1,1316,2.51,2.4787009,1,1,22.995438385009763,6.7230444
1,292,82.0,36.20409,0,0,22.995438385009763,65.626
1,839,0.25,7.249447,1,0,22.995438385009763,11.412814
1,1210,4.31,4.274604,1,1,22.995438385009763,5.220783
1,476,67.04,52.285275,0,1,22.995438385009763,40.136524
1,50,66.0,67.5862,1,1,22.995438385009763,42.438744
1,351,73.5,71.65159,1,1,22.995438385009763,81.28015
1,1074,6.6,1.9213585,1,0,22.995438385009763,4.6342115
1,490,3.83,4.226825,1,1,22.995438385009763,6.8787985
1,1946,11.8,18.350714,1,0,22.995438385009763,11.542208
1,1100,25.3,18.011747,1,1,22.995438385009763,37.058846
1,840,45.0,50.334274,1,1,22.995438385009763,33.152237
1,1554,28.5,10.248874,0,0,22.995438385009763,26.61559
1,65,25.5,21.22044,1,1,22.995438385009763,26.240562
1,1950,5.6,4.115789,1,1,22.995438385009763,16.864286
1,588,3.3,2.6092472,1,1,22.995438385009763,3.7023497
1,924,0.88,2.6623423,1,1,22.995438385009763,19.875118
1,1956,22.0,17.733995,1,1,22.995438385009763,29.406942
1,1866,6.63,4.100773,1,0,22.995438385009763,3.7592893
1,1959,2.63,2.4717624,1,1,22.995438385009763,4.243566
1,108,16.4,9.341949,1,1,22.995438385009763,19.168331
1,1960,3.08,1.7799438,1,1,22.995438385009763,3.7900271
1,1961,43.0,38.13392,1,1,22.995438385009763,49.223286
1,681,2.09,2.7746434,1,1,22.995438385009763,3.1781876
1,1149,1.87,2.9994593,1,1,22.995438385009763,4.4978714
1,573,4.81,3.0916858,1,1,22.995438385009763,7.0050235
1,1265,3.669,3.4894688,1,1,22.995438385009763,2.664763
1,292,90.4,88.12731,1,1,22.995438385009763,11.729763
1,157,0.13,-0.18298323,1,1,22.995438385009763,4.4014645
1,1866,5.57,3.7280076,1,0,22.995438385009763,2.9369156
1,510,88.4,95.99878,1,1,22.995438385009763,19.974585
1,248,7.5,6.1810327,1,1,22.995438385009763,11.967541
1,1973,1.95,1.8454771,1,1,22.995438385009763,5.9604607
1,241,12.1,9.449065,1,1,22.995438385009763,8.735598
1,1977,53.5,44.488083,1,0,22.995438385009763,16.971363
1,203,13.6,13.686085,1,1,22.995438385009763,12.249566
1,99,0.0005,1.0840526,1,1,22.995438385009763,4.9370146
1,194,5.9,5.62161,1,1,22.995438385009763,6.1568823
1,650,7.36625,10.14831,1,1,22.995438385009763,6.5180974
1,192,8.73,7.08957,1,1,22.995438385009763,4.618965
1,32,19.0,14.05238,1,0,22.995438385009763,9.755297
1,54,4.64,6.091237,1,1,22.995438385009763,4.1011066
1,1687,0.26,8.748982,1,1,22.995438385009763,37.22569
1,351,97.0,86.77408,1,1,22.995438385009763,27.937416
1,287,8.8,8.225379,1,1,22.995438385009763,9.104179
1,1987,3.85,7.0828958,1,1,22.995438385009763,19.803091
1,1336,2.065,1.6741166,1,1,22.995438385009763,5.3475986
1,1988,18.0,24.151287,1,1,22.995438385009763,17.48508
1,895,7.34,6.1720343,1,1,22.995438385009763,7.4323196
1,1977,51.45,43.10816,1,1,22.995438385009763,27.082827
1,1991,4.2,3.1002355,1,1,22.995438385009763,3.132725
1,893,1.34,1.8614801,1,1,22.995438385009763,4.847373
1,177,70.0,70.99019,1,1,22.995438385009763,69.05818
1,1992,13.5,31.006819,0,1,22.995438385009763,48.48766
1,1377,16.1,16.874403,1,1,22.995438385009763,7.3616285
1,473,51.0,89.72291,0,1,22.995438385009763,105.43701
1,1680,2.3,3.604221,1,1,22.995438385009763,5.6771064
1,273,24.0,29.483238,1,1,22.995438385009763,45.261635
1,28,12.0,58.60801,0,0,22.995438385009763,52.882774
1,1992,13.8,23.732891,1,1,22.995438385009763,39.35062
1,366,3.53,8.746374,1,1,22.995438385009763,18.306126
1,1068,39.0,37.95747,1,1,22.995438385009763,12.813084
1,1999,4.2,14.884432,1,0,22.995438385009763,15.313783
1,1068,32.9,37.591454,1,0,22.995438385009763,6.489834
1,331,21.13333333,17.99103,1,1,22.995438385009763,23.097383
1,331,15.8,18.377201,1,1,22.995438385009763,22.98125
1,2000,2.014,2.0532777,1,1,22.995438385009763,2.3989425
1,2001,0.59,8.735661,1,0,22.995438385009763,15.441941
1,165,7.3,36.84807,0,0,22.995438385009763,23.684267
1,199,10.1,14.07492,1,1,22.995438385009763,8.555696
1,58,4.7,3.618271,1,1,22.995438385009763,3.4470887
1,10,37.6,35.32424,1,1,22.995438385009763,37.35644
1,1117,1.306666667,2.8864262,1,1,22.995438385009763,5.067897
1,473,68.05,95.708664,0,1,22.995438385009763,74.172874
1,166,0.449,3.585924,1,0,22.995438385009763,6.1986094
1,1644,4.69,3.7263134,1,1,22.995438385009763,2.6893668
1,1608,0.32,1.0063521,1,1,22.995438385009763,1.835613
1,2005,18.2,23.567698,1,1,22.995438385009763,31.829111
1,292,43.5,56.250774,0,1,22.995438385009763,74.70352
1,428,34.0,85.51667,0,0,22.995438385009763,63.047916
1,351,93.4,65.46128,0,1,22.995438385009763,97.33493
1,2009,9.8,5.090862,1,0,22.995438385009763,5.1385603
1,924,0.106,1.6852818,1,1,22.995438385009763,8.03005
1,292,37.4,65.85921,0,1,22.995438385009763,97.88966
1,1556,12.0,14.739118,1,1,22.995438385009763,31.2959
1,840,75.0,71.863495,1,1,22.995438385009763,31.632544
1,89,3.11,2.250724,1,1,22.995438385009763,2.8174486
1,331,13.9,18.469236,1,1,22.995438385009763,22.98125
1,383,16.2,15.805796,1,1,22.995438385009763,8.406239
1,2013,2.1,1.4919745,1,1,22.995438385009763,6.568505
1,1644,2.35,2.6253607,1,1,22.995438385009763,3.359
1,2016,72.0,81.02822,1,1,22.995438385009763,64.80816
1,2017,0.018,1.0018117,1,1,22.995438385009763,8.35287
1,733,6.61,4.316582,1,0,22.995438385009763,4.289864
1,89,2.98,2.4192197,1,1,22.995438385009763,2.9021149
1,2019,7.8,6.78354,1,1,22.995438385009763,5.0386877
1,241,12.1,9.449065,1,1,22.995438385009763,8.735598
1,216,39.0,14.075361,0,0,22.995438385009763,30.772152
1,473,13.0,76.8067,0,0,22.995438385009763,108.57287
1,650,10.0,9.60054,1,1,22.995438385009763,7.2293243
1,473,30.0,92.08012,0,0,22.995438385009763,68.73073
1,1781,1.88,1.6165291,1,1,22.995438385009763,40.603775
1,725,29.4,50.80657,0,1,22.995438385009763,101.89834
1,473,79.0,88.7585,1,1,22.995438385009763,100.91616
1,943,0.4,-0.027228575,1,1,22.995438385009763,1.5997833
1,1210,3.25,4.233229,1,1,22.995438385009763,4.7440906
1,476,77.5,61.363518,0,1,22.995438385009763,43.677532
1,1382,62.0,64.474945,1,1,22.995438385009763,39.61111
1,2022,10.2,9.7835045,1,1,22.995438385009763,22.944263
1,99,0.035,1.2347598,1,1,22.995438385009763,2.6657925
1,675,77.3,64.90037,0,1,22.995438385009763,50.537373
1,1120,0.072,2.9892402,1,1,22.995438385009763,6.2836785
1,929,5.6,6.463846,1,1,22.995438385009763,16.345804
1,817,8.5,11.018936,1,1,22.995438385009763,29.51653
1,221,16.8,11.825405,1,1,22.995438385009763,26.485882
1,2031,30.0,27.16493,1,1,22.995438385009763,48.383625
1,366,7.4,12.582115,1,1,22.995438385009763,14.401847
1,2034,2.73,3.4912279,1,1,22.995438385009763,15.158882
1,241,15.1,11.513345,1,0,22.995438385009763,6.2091765
1,4,5.17,4.7468953,1,1,22.995438385009763,2.3573396
1,2035,0.46,41.96452,0,0,22.995438385009763,49.91492
1,2036,0.917754545,0.57290536,1,1,22.995438385009763,1.3022653
1,2038,5.13,7.366959,1,1,22.995438385009763,10.778669
1,32,10.1,13.977085,1,1,22.995438385009763,15.045247
1,65,21.1,13.758127,1,1,22.995438385009763,26.078245
1,2043,34.9,21.935179,0,1,22.995438385009763,36.745617
1,1487,42.6,29.95377,0,0,22.995438385009763,22.609879
1,749,54.2,62.66719,1,1,22.995438385009763,57.287548
1,2045,20.0,14.268748,1,1,22.995438385009763,18.232195
1,2047,13.8,8.6435795,1,0,22.995438385009763,7.510019
1,955,0.11,0.11030221,1,1,22.995438385009763,2.0072744
1,2048,8.5,6.3530226,1,1,22.995438385009763,11.446098
1,1463,11.32,9.480592,1,1,22.995438385009763,7.7320685
1,1070,53.5,47.769676,1,1,22.995438385009763,43.30336
1,383,17.8,17.666159,1,1,22.995438385009763,4.426055
1,733,1.84,3.1873868,1,1,22.995438385009763,6.516793
1,644,2.683333333,2.7721758,1,1,22.995438385009763,3.146893
1,559,24.0,34.736862,1,0,22.995438385009763,13.467998
1,1999,3.9,14.440505,1,0,22.995438385009763,15.279853
1,2056,2.97,2.8611336,1,1,22.995438385009763,5.929106
1,1768,10.1,11.161276,1,1,22.995438385009763,6.6177077
1,503,7.1,12.122092,1,0,22.995438385009763,7.497312
1,2060,47.8,49.124554,1,1,22.995438385009763,90.452934
1,685,52.0,64.5354,0,1,22.995438385009763,35.17543
1,6,14.75,12.885073,1,1,22.995438385009763,14.903654
1,2063,2.5,11.049272,1,0,22.995438385009763,8.662483
1,2065,1.06,5.0392523,1,0,22.995438385009763,7.686283
1,2067,20.3,20.784527,1,1,22.995438385009763,9.237702
1,2068,2.87,1.6595148,1,1,22.995438385009763,7.9074187
1,32,14.3,12.650163,1,1,22.995438385009763,13.03166
1,6,16.0,22.339306,1,1,22.995438385009763,56.420914
1,2070,3.2,2.4189246,1,1,22.995438385009763,4.8205996
1,945,3.0,4.4999623,1,1,22.995438385009763,11.651458
1,1685,0.75,0.65692794,1,1,22.995438385009763,1.3420016
1,338,47.2,25.12512,0,0,22.995438385009763,40.311054
1,2073,92.0,73.27516,0,1,22.995438385009763,83.16391
1,1670,2.705,25.17927,0,0,22.995438385009763,44.001236
1,675,47.0,65.08958,0,1,22.995438385009763,53.73797
1,192,8.6,7.0712585,1,1,22.995438385009763,5.634577
1,54,6.54,6.720186,1,1,22.995438385009763,6.141699
1,813,1.0,4.31096,1,1,22.995438385009763,8.824737
1,1556,17.0,13.905016,1,1,22.995438385009763,9.53672
1,499,13.4,8.882799,1,0,22.995438385009763,7.710282
1,788,43.0,56.661568,0,1,22.995438385009763,96.44329
1,2075,18.0,24.019238,1,0,22.995438385009763,11.232503
1,1234,1.602,3.6741886,1,0,22.995438385009763,3.876652
1,268,6.08,4.460181,1,1,22.995438385009763,5.5870714
1,2078,0.95,3.3755684,1,0,22.995438385009763,4.6343393
1,1377,16.2,16.321857,1,1,22.995438385009763,6.262663
1,216,29.5,22.10289,1,1,22.995438385009763,22.578636
1,2082,2.97,2.366453,1,1,22.995438385009763,4.3881884
1,2083,0.770428571,0.8037088,1,1,22.995438385009763,2.0820382
1,829,3.47,4.484626,1,1,22.995438385009763,4.4424953
1,2084,84.0,73.978386,1,1,22.995438385009763,24.705414
1,476,65.64,47.71338,0,1,22.995438385009763,42.578117
1,6,34.8,34.345364,1,1,22.995438385009763,30.220322
1,199,13.5,16.088943,1,1,22.995438385009763,8.497112
1,829,0.095,4.5209503,1,0,22.995438385009763,5.1481276
1,2085,1.9,2.6149304,1,1,22.995438385009763,4.763545
1,2088,5.1,12.636214,1,1,22.995438385009763,28.740839
1,1482,25.5,16.612528,1,0,22.995438385009763,8.66412
1,1475,33.85,52.160564,0,0,22.995438385009763,24.061409
1,2096,0.13,1.0908022,1,1,22.995438385009763,4.4119744
1,2097,11.1,7.480619,1,1,22.995438385009763,11.285747
1,1497,7.316,4.6552076,1,1,22.995438385009763,6.2510834
1,932,5.6,17.78175,0,1,22.995438385009763,35.233032
1,2100,9.92,7.524806,1,1,22.995438385009763,8.582735
1,72,6.97,6.1974964,1,1,22.995438385009763,4.844635
1,1234,3.127,4.1622715,1,1,22.995438385009763,3.876652
1,65,29.5,14.519431,0,0,22.995438385009763,20.770454
1,98,14.05,11.345409,1,1,22.995438385009763,9.4423895
1,774,88.0,74.17557,0,1,22.995438385009763,53.22333
1,680,1.94,0.9229263,1,0,22.995438385009763,1.8515068
1,495,4.86,2.942937,1,1,22.995438385009763,5.4850597
1,216,8.0,25.607414,0,0,22.995438385009763,27.002605
1,2106,1.03,3.2909937,1,1,22.995438385009763,5.770042
1,1489,3.4,3.6677196,1,1,22.995438385009763,5.5947824
1,1248,3.67,3.937328,1,1,22.995438385009763,5.587579
1,993,5.59,10.39583,1,0,22.995438385009763,8.797296
1,1924,6.72,3.461692,1,0,22.995438385009763,5.1855683
1,1266,8.1,11.168264,1,1,22.995438385009763,7.806199
1,2110,2.23,3.3977535,1,1,22.995438385009763,6.7432837
1,2111,4.635,7.807331,1,1,22.995438385009763,16.945679
1,54,4.58,5.2133875,1,1,22.995438385009763,4.319218
1,1498,68.3,60.836895,1,1,22.995438385009763,43.12591
1,1782,5.41,3.166838,1,0,22.995438385009763,4.3318067
1,254,53.0,36.515125,0,1,22.995438385009763,89.57904
1,1210,4.29,4.1485853,1,1,22.995438385009763,4.782567
1,2115,109.0,94.54329,0,1,22.995438385009763,46.456425
1,1767,1.04,2.6852403,1,1,22.995438385009763,11.635266
1,2117,3.8,3.2471879,1,1,22.995438385009763,6.9572077
1,543,7.4,5.1521797,1,1,22.995438385009763,5.8616176
1,216,40.0,24.658209,0,0,22.995438385009763,20.210773
1,555,19.0,25.621212,1,1,22.995438385009763,16.177431
1,65,28.8,23.011734,1,1,22.995438385009763,30.018057
1,527,0.033,0.028805347,1,1,22.995438385009763,2.1944385
1,54,9.079,6.7656612,1,0,22.995438385009763,3.2743402
1,2123,1.5,2.157165,1,1,22.995438385009763,4.72294
1,1977,46.9,40.611427,1,1,22.995438385009763,29.893023
1,600,26.0,10.807094,0,0,22.995438385009763,28.527987
1,1565,51.8,43.836628,1,1,22.995438385009763,51.097965
1,1159,9.2,2.9970438,1,1,22.995438385009763,14.6657095
1,543,7.9,6.188054,1,1,22.995438385009763,7.294924
1,2128,45.0,47.84102,1,1,22.995438385009763,51.377712
1,973,16.2,12.26114,1,1,22.995438385009763,10.232751
1,486,26.0,16.17959,1,1,22.995438385009763,69.031876
1,2131,0.37,2.1187577,1,1,22.995438385009763,5.086205
1,2132,1.3,2.7083066,1,1,22.995438385009763,10.781123
1,165,29.3,36.885,1,1,22.995438385009763,20.688246
1,1442,3.5,5.489639,1,1,22.995438385009763,6.357869
1,2097,10.27666667,7.5497746,1,1,22.995438385009763,10.174962
1,228,18.9,18.055573,1,1,22.995438385009763,13.503594
1,767,3.7,9.666487,1,0,22.995438385009763,6.6913123
1,65,28.96666667,23.748215,1,1,22.995438385009763,30.840687
1,2133,4.5,4.218222,1,1,22.995438385009763,6.695304
1,543,2.53,3.6817508,1,1,22.995438385009763,4.3800335
1,65,25.0,21.759287,1,1,22.995438385009763,28.582764
1,1226,1.895,8.626371,1,1,22.995438385009763,37.74344
1,241,4.2,5.10395,1,1,22.995438385009763,9.630781
1,1736,107.0,53.6341,0,0,22.995438385009763,86.90569
1,616,110.0,95.63223,0,1,22.995438385009763,90.24019
1,993,14.0,13.146496,1,1,22.995438385009763,7.7106376
1,216,39.25,31.989378,1,1,22.995438385009763,25.65953
1,2034,14.45,16.945723,1,0,22.995438385009763,4.224422
1,1477,85.8,93.04171,1,1,22.995438385009763,55.85947
1,559,37.0,37.96183,1,1,22.995438385009763,8.561462
1,630,5.97,4.3900023,1,1,22.995438385009763,13.285201
1,840,36.0,34.40368,1,1,22.995438385009763,38.070957
1,414,0.1425,1.827141,1,1,22.995438385009763,8.753125
1,569,11.8,17.688301,1,1,22.995438385009763,17.420732
1,285,8.2,10.617298,1,1,22.995438385009763,7.531101
1,161,8.9,7.280409,1,1,22.995438385009763,5.8334084
1,1782,6.52,3.471846,1,0,22.995438385009763,4.5792336
1,192,8.74,7.1277447,1,1,22.995438385009763,4.868432
1,2142,9.1,7.1382475,1,1,22.995438385009763,9.848329
1,287,4.25,8.377205,1,0,22.995438385009763,4.6595225
1,228,18.41,16.66545,1,1,22.995438385009763,13.526307
1,2145,0.465,1.7259113,1,1,22.995438385009763,8.044017
1,1443,2.4,2.3724797,1,1,22.995438385009763,4.1411743
1,785,1.2,2.1659553,1,1,22.995438385009763,7.2016344
1,216,33.55,32.25583,1,1,22.995438385009763,21.815691
1,492,5.66,4.184969,1,1,22.995438385009763,5.7200484
1,2146,4.9,16.993164,0,0,22.995438385009763,4.934261
1,555,18.2,24.999056,1,1,22.995438385009763,14.236963
1,654,7.0,6.7093916,1,1,22.995438385009763,8.403319
1,2149,0.65,38.55247,0,1,22.995438385009763,146.4119
1,161,7.6,7.2006984,1,1,22.995438385009763,6.113217
1,194,3.2,5.610408,1,1,22.995438385009763,6.139574
1,2152,0.5,2.570906,1,1,22.995438385009763,4.6388946
1,108,4.1,7.945256,1,1,22.995438385009763,19.418907
1,767,3.7,9.666487,1,0,22.995438385009763,6.6913123
1,2156,5.74,2.8340962,1,1,22.995438385009763,7.7967105
1,492,3.16,2.9694195,1,1,22.995438385009763,4.497407
1,675,38.0,53.492348,0,1,22.995438385009763,55.76598
1,195,2.18,1.7506344,1,1,22.995438385009763,1.7230119
1,495,6.75,2.9024384,1,0,22.995438385009763,5.5317745
1,503,7.2,11.152397,1,0,22.995438385009763,5.7377553
1,936,2.49,2.3794332,1,1,22.995438385009763,4.788017
1,569,12.1,15.984281,1,1,22.995438385009763,9.697466
1,1080,2.1,3.5540946,1,1,22.995438385009763,8.640635
1,487,28.0,55.717007,0,0,22.995438385009763,38.72997
1,2065,1.64,4.952264,1,0,22.995438385009763,5.2698426
1,709,8.6,8.630782,1,1,22.995438385009763,20.492937
1,2161,22.0,29.31336,1,1,22.995438385009763,16.72875
1,216,35.5,28.541622,1,1,22.995438385009763,20.951302
1,1559,5.4,9.649731,1,1,22.995438385009763,10.448006
1,2162,3.0,5.1783953,1,1,22.995438385009763,16.803257
1,2163,8.6,6.74052,1,1,22.995438385009763,5.512047
1,713,4.6,5.40522,1,1,22.995438385009763,5.4916573
1,330,3.09,2.568595,1,1,22.995438385009763,3.5606606
1,490,2.82,4.336597,1,1,22.995438385009763,7.779126
1,54,8.55,6.538351,1,0,22.995438385009763,2.9308677
1,965,27.85,28.562426,1,1,22.995438385009763,19.224867
1,28,16.0,56.395317,0,0,22.995438385009763,59.20757
1,579,5.96,9.597613,1,1,22.995438385009763,14.121123
1,254,34.0,26.941256,1,1,22.995438385009763,56.462864
1,366,13.93333333,14.566885,1,1,22.995438385009763,14.544485
1,1946,43.5,23.915411,0,0,22.995438385009763,21.791132
1,906,16.9,9.112177,1,0,22.995438385009763,10.71264
1,2056,2.1,2.1591132,1,1,22.995438385009763,6.662782
1,1353,77.0,79.58457,1,1,22.995438385009763,45.85304
1,979,2.8,9.01291,1,0,22.995438385009763,8.272361
1,984,2.3,2.6752143,1,1,22.995438385009763,4.4328694
1,2173,18.2,16.04758,1,1,22.995438385009763,4.683418
1,749,60.3,74.10784,0,1,22.995438385009763,84.84878
1,227,2.28,1.0241274,1,0,22.995438385009763,1.8619437
1,1924,4.655,4.0749288,1,1,22.995438385009763,5.1299624
1,2174,1.64,1.7542783,1,1,22.995438385009763,4.6475496
1,605,41.0,43.42006,1,1,22.995438385009763,10.889527
1,1149,4.91,3.356288,1,1,22.995438385009763,4.6612854
1,2177,14.2,15.426796,1,1,22.995438385009763,17.379375
1,273,28.1,28.011782,1,1,22.995438385009763,19.886429
1,2182,5.96,5.1363335,1,1,22.995438385009763,10.824922
1,2183,9.35,12.961123,1,1,22.995438385009763,15.498298
1,349,7.56,8.513635,1,1,22.995438385009763,7.2396293
1,2184,4.76,16.145716,1,0,22.995438385009763,17.31132
1,2185,0.064,2.0932958,1,1,22.995438385009763,4.350826
1,171,12.0,23.025414,1,0,22.995438385009763,21.754267
1,1266,13.5,12.551805,1,1,22.995438385009763,7.3747635
1,351,64.5,32.24694,0,1,22.995438385009763,207.78084
1,1857,0.69,1.4364302,1,1,22.995438385009763,2.126255
1,961,43.0,49.915188,1,1,22.995438385009763,24.612406
1,2188,11.0,23.746128,0,0,22.995438385009763,15.787284
1,2191,7.8,2.863347,1,0,22.995438385009763,7.4952297
1,428,36.7,84.254616,0,0,22.995438385009763,64.9774
1,934,3.0,3.538308,1,1,22.995438385009763,6.125067
1,2194,6.728571429,8.851715,1,1,22.995438385009763,18.276865
1,495,6.814619048,3.0336683,1,0,22.995438385009763,6.363885
1,2196,2.89,3.526508,1,1,22.995438385009763,5.0219393
1,338,44.9,25.12512,0,1,22.995438385009763,40.311054
1,171,15.7,25.137379,1,1,22.995438385009763,22.852968
1,221,19.8,12.605392,1,1,22.995438385009763,21.923376
1,1736,93.0,58.487297,0,1,22.995438385009763,75.50324
1,1228,35.4,31.563494,1,1,22.995438385009763,31.581163
1,784,2.9,6.243948,1,1,22.995438385009763,7.0470977
1,236,79.8,85.904106,1,1,22.995438385009763,22.153173
1,216,26.4,22.538649,1,1,22.995438385009763,32.569954
1,906,18.2,14.238615,1,0,22.995438385009763,7.5720267
1,1992,13.2,47.9345,0,1,22.995438385009763,96.162285
1,236,19.0,69.37758,0,0,22.995438385009763,39.653404
1,438,30.35,24.827864,1,1,22.995438385009763,22.100176
1,2207,3.9,1.9515663,1,1,22.995438385009763,4.669146
1,573,0.03,3.266291,1,1,22.995438385009763,10.155343
1,477,7.2,6.7518578,1,1,22.995438385009763,5.528685
1,2211,1.32,0.3485003,1,1,22.995438385009763,4.203649
1,216,42.5,65.06858,0,0,22.995438385009763,29.780113
1,955,0.13,0.22655872,1,1,22.995438385009763,2.6563818
1,1992,26.0,29.200615,1,1,22.995438385009763,55.319336
1,473,48.3,80.7064,0,1,22.995438385009763,108.96397
1,32,17.0,12.78646,1,1,22.995438385009763,12.987069
1,748,13.5,10.064488,1,1,22.995438385009763,7.6268992
1,559,35.0,38.03234,1,1,22.995438385009763,9.044488
1,236,92.5,83.68885,1,1,22.995438385009763,30.47457
1,241,14.9,11.667435,1,0,22.995438385009763,6.331194
1,1482,24.9,15.797122,1,0,22.995438385009763,9.317819
1,638,2.79,2.4074984,1,1,22.995438385009763,11.487947
1,525,76.0,73.97449,1,1,22.995438385009763,56.506943
1,1628,14.42,11.757555,1,1,22.995438385009763,6.393719
1,2217,0.324,2.8987467,1,1,22.995438385009763,5.659927
1,302,2.2,4.9126325,1,1,22.995438385009763,5.8275375
1,559,30.335,36.400463,1,1,22.995438385009763,15.465837
1,1852,21.0,24.849417,1,1,22.995438385009763,31.7336
1,273,36.0,35.342484,1,1,22.995438385009763,15.47849
1,1559,3.64,10.001255,1,0,22.995438385009763,10.837821
1,65,28.1,22.804262,1,1,22.995438385009763,25.040855
1,75,1.63,2.0262887,1,1,22.995438385009763,3.289573
1,119,33.5,25.414911,1,1,22.995438385009763,26.1043
1,1224,8.3,6.930962,1,1,22.995438385009763,6.240549
1,1419,5.1,5.0483527,1,1,22.995438385009763,6.7664237
1,2225,0.48,3.5649502,1,1,22.995438385009763,6.339421
1,351,79.2,70.2065,1,1,22.995438385009763,87.95936
1,1791,1.92,0.5755357,1,1,22.995438385009763,3.2178743
1,1234,1.608,3.8485973,1,0,22.995438385009763,3.876652
1,1234,2.582,4.0742264,1,1,22.995438385009763,3.876652
1,476,65.36,45.23086,0,1,22.995438385009763,41.170822
1,330,3.11,2.568595,1,1,22.995438385009763,3.5606606
1,1579,7.31,7.9420495,1,1,22.995438385009763,6.8210707
1,203,9.5,14.0994425,1,1,22.995438385009763,14.474963
1,2229,1.3,10.73894,1,1,22.995438385009763,18.936666
1,1228,26.8,27.713335,1,1,22.995438385009763,33.60342
1,241,9.15,9.337437,1,1,22.995438385009763,5.441132
1,503,5.4,11.782201,1,0,22.995438385009763,7.774709
1,1504,54.0,50.04129,1,1,22.995438385009763,21.382013
1,58,4.48,3.5341349,1,1,22.995438385009763,4.0176396
1,241,9.7,10.70297,1,1,22.995438385009763,5.4853745
1,1866,2.46,3.7038903,1,1,22.995438385009763,2.743568
1,813,2.92,4.6996784,1,1,22.995438385009763,9.414354
1,203,15.5,13.628786,1,1,22.995438385009763,12.690478
1,898,62.0,69.84213,1,1,22.995438385009763,32.44233
1,1433,2.5,3.3000875,1,1,22.995438385009763,5.06088
1,1260,6.76,7.491586,1,1,22.995438385009763,5.3045406
1,233,1.36,3.6188886,1,1,22.995438385009763,5.7670174
1,2235,5.46,6.259032,1,1,22.995438385009763,8.561053
1,802,2.2,3.780404,1,1,22.995438385009763,8.402222
1,428,47.0,89.503075,0,0,22.995438385009763,59.360916
1,1565,43.3,37.450825,1,1,22.995438385009763,52.203728
1,1579,9.535,7.9177184,1,1,22.995438385009763,6.751321
1,2237,57.5,33.69156,0,1,22.995438385009763,126.843445
1,636,2.93,5.3438783,1,1,22.995438385009763,10.301382
1,1208,118.0,123.446075,1,1,22.995438385009763,33.244972
1,840,70.0,68.71163,1,1,22.995438385009763,63.423607
1,1210,3.0,3.6575272,1,1,22.995438385009763,4.7883377
1,1812,4.51,3.5323508,1,1,22.995438385009763,4.912507
1,1489,2.2,3.70324,1,1,22.995438385009763,5.996628
1,191,9.9,10.069862,1,1,22.995438385009763,9.427529
1,82,3.9,3.0774288,1,1,22.995438385009763,6.5313025
1,987,1.31,1.7872105,1,1,22.995438385009763,2.173785
1,579,10.3,14.086159,1,1,22.995438385009763,19.313358
1,126,87.0,78.637634,1,1,22.995438385009763,18.18787
1,929,6.7,6.6003447,1,1,22.995438385009763,28.73158
1,2241,30.4,26.554781,1,1,22.995438385009763,30.62916
1,429,30.675,28.820004,1,1,22.995438385009763,21.716358
1,126,82.5,78.347244,1,1,22.995438385009763,19.554934
1,829,4.4,4.80414,1,1,22.995438385009763,4.2297826
1,415,15.1,5.3697047,1,0,22.995438385009763,8.190711
1,984,2.42,2.2603784,1,1,22.995438385009763,4.635737
1,133,1.48,0.6762158,1,1,22.995438385009763,4.125698
1,632,1.25,2.3167315,1,1,22.995438385009763,4.555175
1,644,1.92,2.7699857,1,1,22.995438385009763,3.0851734
1,414,2.1,3.4017522,1,1,22.995438385009763,7.7275467
1,733,6.0,4.3917556,1,1,22.995438385009763,4.3008275
1,440,93.8,70.40349,0,1,22.995438385009763,54.750492
1,429,27.7,19.57173,1,1,22.995438385009763,19.687248
1,40,0.168,0.070310004,1,1,22.995438385009763,1.47093
1,813,5.16,4.5796175,1,1,22.995438385009763,9.648766
1,987,0.86,1.7736288,1,1,22.995438385009763,2.173785
1,1831,5.0,3.934988,1,1,22.995438385009763,7.6300344
1,490,4.64,4.8969297,1,1,22.995438385009763,6.1632876
1,1100,22.4,18.844894,1,1,22.995438385009763,27.83611
1,2249,5.4,4.8418107,1,1,22.995438385009763,7.375657
1,32,13.0,13.868264,1,1,22.995438385009763,15.279435
1,2253,24.0,39.764015,0,1,22.995438385009763,37.056248
1,45,30.0,32.267998,1,1,22.995438385009763,17.182974
1,579,4.3825,11.207772,1,1,22.995438385009763,18.586948
1,181,102.5,84.93266,0,1,22.995438385009763,68.18778
1,10,28.1,34.523678,1,1,22.995438385009763,38.840603
1,2256,10.054,5.701174,1,0,22.995438385009763,7.8336215
1,82,2.31,2.8430488,1,1,22.995438385009763,6.326568
1,199,11.2,13.950191,1,1,22.995438385009763,8.727205
1,2259,1.161428571,1.7564831,1,1,22.995438385009763,4.0517173
1,216,35.0,29.842278,1,1,22.995438385009763,23.480295
1,2133,4.6,3.3662689,1,1,22.995438385009763,7.8177648
1,10,35.9,35.952873,1,1,22.995438385009763,41.255016
1,1226,13.3,12.268292,1,1,22.995438385009763,58.420235
1,1098,26.0,14.042999,0,1,22.995438385009763,37.748745
1,816,24.12,14.913929,1,0,22.995438385009763,7.9135413
1,1433,2.89,3.6980824,1,1,22.995438385009763,6.3170643
1,54,4.67,5.3045225,1,1,22.995438385009763,4.178139
1,89,2.25,2.303175,1,1,22.995438385009763,2.755029
1,65,27.6,17.42638,1,1,22.995438385009763,33.759514
1,1159,0.57,5.104799,1,1,22.995438385009763,19.00948
1,533,0.394,1.2618814,1,1,22.995438385009763,3.6838045
1,89,2.49,2.7351556,1,1,22.995438385009763,3.7421963
1,1294,3.1,8.772095,1,1,22.995438385009763,33.26
1,1827,16.1,17.017666,1,1,22.995438385009763,24.637403
1,2274,5.0,6.274437,1,1,22.995438385009763,20.51913
1,429,30.0,30.411297,1,1,22.995438385009763,24.667006
1,403,9.82,6.448278,1,0,22.995438385009763,6.3217106
1,2276,6.2,4.773724,1,1,22.995438385009763,6.3453445
1,58,4.7,5.7892127,1,1,22.995438385009763,11.047736
1,82,0.2,3.5603712,1,0,22.995438385009763,6.2535334
1,785,0.27,2.3381727,1,1,22.995438385009763,8.20123
1,495,6.9,3.1924448,1,1,22.995438385009763,10.768417
1,4,5.37,4.7468953,1,1,22.995438385009763,2.3573396
1,2279,3.02,3.9552372,1,1,22.995438385009763,4.5419364
1,477,7.5,6.8137207,1,1,22.995438385009763,5.2774587
1,1353,74.1,72.800125,1,1,22.995438385009763,62.337822
1,248,4.5,6.0076337,1,1,22.995438385009763,11.836574
1,2280,29.6,16.069227,0,1,22.995438385009763,50.709114
1,2282,3.5,3.464735,1,1,22.995438385009763,6.9055176
1,1489,4.643,3.8359835,1,1,22.995438385009763,4.0089536
1,2174,1.63,1.5203574,1,1,22.995438385009763,4.814532
1,292,36.0,67.03807,0,1,22.995438385009763,75.05243
1,65,14.8,10.4405985,1,1,22.995438385009763,31.139778
1,2284,2.45,1.4529171,1,1,22.995438385009763,3.9456606
1,510,65.3,90.292366,0,1,22.995438385009763,66.57016
1,45,28.0,30.260513,1,1,22.995438385009763,18.032604
1,1641,4.0,6.709119,1,1,22.995438385009763,6.234538
1,366,15.88,15.96209,1,1,22.995438385009763,11.883076
1,2285,9.85,9.442038,1,1,22.995438385009763,4.7933784
1,2286,17.2,13.759057,1,1,22.995438385009763,30.312654
1,2253,44.0,45.04514,1,1,22.995438385009763,32.260353
1,292,69.0,36.20226,0,0,22.995438385009763,59.843697
1,58,4.5,4.112931,1,1,22.995438385009763,4.130425
1,123,12.3,10.128671,1,1,22.995438385009763,8.130618
1,876,7.1,5.277651,1,1,22.995438385009763,13.275473
1,516,68.8,75.64037,1,0,22.995438385009763,12.476406
1,1673,43.0,46.775295,1,1,22.995438385009763,44.413723
1,273,44.0,28.688265,0,1,22.995438385009763,61.17227
1,1895,1.58,3.5240436,1,1,22.995438385009763,4.1739492
1,2290,7.49,6.096712,1,1,22.995438385009763,4.4498854
1,485,2.5,7.7622757,1,1,22.995438385009763,10.636187
1,1946,46.0,24.630144,0,0,22.995438385009763,24.633907
1,236,78.0,83.08371,1,1,22.995438385009763,38.075676
1,2292,2.4,1.0836753,1,1,22.995438385009763,3.438576
1,840,41.0,49.44601,1,1,22.995438385009763,67.348755
1,2294,4.216666667,3.847127,1,1,22.995438385009763,6.2221103
1,351,93.8,64.925835,0,1,22.995438385009763,128.3085
1,906,18.3,13.522838,1,0,22.995438385009763,8.413152
1,2297,8.496153846,5.46611,1,1,22.995438385009763,10.900525
1,1754,14.1,15.311001,1,1,22.995438385009763,16.306074
1,501,12.8,17.23408,1,1,22.995438385009763,22.018923
1,2299,0.45,3.6076396,1,0,22.995438385009763,4.855444
1,1357,3.21,2.8912015,1,1,22.995438385009763,5.820036
1,1291,15.4,15.81395,1,1,22.995438385009763,5.826687
1,285,13.3,11.747887,1,1,22.995438385009763,7.5095296
1,224,8.8,19.886633,1,0,22.995438385009763,13.52887
1,1050,77.4,78.17135,1,1,22.995438385009763,11.63887
1,473,48.0,83.65153,0,1,22.995438385009763,102.842705
1,2303,5.15,0.8826641,1,0,22.995438385009763,5.4811826
1,929,6.3,5.852965,1,1,22.995438385009763,15.111779
1,749,45.5,57.85871,0,1,22.995438385009763,57.314
1,351,90.9,86.815956,1,1,22.995438385009763,23.316277
1,756,10.0,16.616182,1,1,22.995438385009763,21.901287
1,1628,4.6,9.049329,1,0,22.995438385009763,7.44491
1,2306,1.24,2.7535367,1,1,22.995438385009763,8.398725
1,2307,5.3,24.393616,0,1,22.995438385009763,50.14045
1,292,37.4,47.304897,1,1,22.995438385009763,62.056038
1,2207,5.998272727,4.633138,1,1,22.995438385009763,6.5169687
1,224,19.0,16.463892,1,1,22.995438385009763,13.056055
1,394,24.0,24.93004,1,1,22.995438385009763,15.178913
1,10,38.5,35.012257,1,1,22.995438385009763,35.974167
1,1381,4.71,5.286174,1,1,22.995438385009763,8.229025
1,2313,4.3,3.6268122,1,1,22.995438385009763,3.3357515
1,1149,1.4,3.054641,1,1,22.995438385009763,4.4924088
1,632,0.9,1.2664621,1,1,22.995438385009763,4.2591605
1,216,26.3,22.971987,1,1,22.995438385009763,12.950198
1,1736,70.0,51.944904,0,1,22.995438385009763,63.485275
1,1959,3.76,3.100252,1,1,22.995438385009763,3.887808
1,65,30.7,23.748215,1,1,22.995438385009763,29.980343
1,351,36.0,31.304792,1,1,22.995438385009763,201.5376
1,678,0.72,4.5270495,1,1,22.995438385009763,10.830448
1,2318,0.3,3.4715722,1,1,22.995438385009763,9.774182
1,577,14.048,7.9316487,1,0,22.995438385009763,12.11986
1,1149,6.0,3.4990666,1,0,22.995438385009763,4.6612854
1,784,7.2,7.3114667,1,1,22.995438385009763,6.556387
1,287,7.8,7.8858037,1,1,22.995438385009763,3.6299
1,2320,3.64,2.871162,1,1,22.995438385009763,5.0652184
1,774,58.0,56.338764,1,1,22.995438385009763,63.03821
1,1226,15.96666667,9.67051,1,1,22.995438385009763,56.48577
1,227,0.76,1.1536076,1,1,22.995438385009763,1.5213517
1,166,0.668,3.586395,1,1,22.995438385009763,6.1986094
1,351,88.85,85.51633,1,1,22.995438385009763,31.388489
1,1073,0.03,1.8544934,1,1,22.995438385009763,8.01924
1,282,38.6,33.77215,1,1,22.995438385009763,14.819147
1,1225,7.92,7.7182627,1,1,22.995438385009763,7.4155126
1,292,51.0,56.942772,1,1,22.995438385009763,57.990395
1,1559,12.7,11.6284275,1,1,22.995438385009763,9.865922
1,2328,85.0,78.58947,1,1,22.995438385009763,100.222946
1,2329,0.9,1.5916867,1,1,22.995438385009763,5.3950863
1,473,86.0,85.02502,1,1,22.995438385009763,28.94277
1,535,5.71,4.086879,1,1,22.995438385009763,4.5951147
1,473,73.0,88.86948,0,1,22.995438385009763,96.32718
1,1385,6.5,13.646436,1,0,22.995438385009763,8.728926
1,440,85.0,80.35839,1,1,22.995438385009763,50.91847
1,2336,8.7,5.6232,1,1,22.995438385009763,7.129081
1,840,66.9,65.68084,1,1,22.995438385009763,53.530132
1,123,3.8,9.499388,1,0,22.995438385009763,8.059304
1,2337,2.9965,8.915325,1,1,22.995438385009763,27.510763
1,199,16.1,16.088943,1,1,22.995438385009763,8.497112
1,216,28.4,18.44675,1,1,22.995438385009763,23.486086
1,292,87.7,53.907993,0,1,22.995438385009763,74.905685
1,680,1.2,0.9039622,1,1,22.995438385009763,1.9362297
1,1210,3.48,3.7089622,1,1,22.995438385009763,4.594118
1,492,4.41,3.3925447,1,1,22.995438385009763,4.3728256
1,72,6.44,5.9884367,1,1,22.995438385009763,5.328057
1,1120,1.1,3.2945914,1,1,22.995438385009763,7.556629
1,260,2.59,6.488292,1,1,22.995438385009763,13.076045
1,1504,58.0,50.383297,1,1,22.995438385009763,21.137455
1,1908,4.46,2.8764155,1,1,22.995438385009763,5.287935
1,600,24.9,13.2946615,0,0,22.995438385009763,23.0509
1,2345,20.0,49.545094,0,0,22.995438385009763,52.377037
1,984,0.85,3.1357005,1,1,22.995438385009763,5.6551557
1,2088,26.75,22.199497,1,1,22.995438385009763,17.10268
1,1132,41.4,38.77377,1,0,22.995438385009763,4.0681305
1,2034,4.2,3.84471,1,1,22.995438385009763,14.761537
1,610,7.4,7.3474674,1,1,22.995438385009763,9.566735
1,262,2.32,1.2943536,1,1,22.995438385009763,2.8866386
1,2348,1.88,4.0100293,1,1,22.995438385009763,7.5425725
1,2349,5.083333333,4.8831167,1,1,22.995438385009763,25.76801
1,774,88.0,38.08939,0,0,22.995438385009763,86.25293
1,909,35.6,33.41881,1,1,22.995438385009763,21.026411
1,151,0.2,1.5950495,1,1,22.995438385009763,8.567188
1,829,7.815,6.6292477,1,1,22.995438385009763,2.4440947
1,351,95.3,81.57316,0,0,22.995438385009763,21.19034
1,477,9.1,6.2040052,1,0,22.995438385009763,4.7898808
1,227,4.07,1.0178821,1,0,22.995438385009763,0.98246783
1,2352,6.496666667,7.2546144,1,1,22.995438385009763,20.681658
1,2353,28.0,52.13869,0,1,22.995438385009763,69.88361
1,558,3.25,9.250078,1,0,22.995438385009763,8.534259
1,10,24.9,40.16852,0,1,22.995438385009763,33.48716
1,1753,110.0,103.54197,1,1,22.995438385009763,37.592922
1,1149,5.94,3.8127062,1,1,22.995438385009763,4.949623
1,1866,6.4,4.2786417,1,1,22.995438385009763,6.0828977
1,2355,26.0,41.88142,0,1,22.995438385009763,50.19738
1,2356,5.0,6.9037976,1,1,22.995438385009763,7.6883307
1,110,0.655,2.1492069,1,1,22.995438385009763,5.120932
1,429,2.05,20.887817,0,0,22.995438385009763,31.778824
1,1384,13.2,8.578486,1,1,22.995438385009763,10.43846
1,1266,4.52,10.533153,1,0,22.995438385009763,8.950738
1,351,70.0,69.484375,1,1,22.995438385009763,109.14491
1,516,68.3,74.15057,1,1,22.995438385009763,17.35675
1,2360,8.716666667,1.9744487,1,0,22.995438385009763,6.834557
1,1565,50.0,39.29192,1,1,22.995438385009763,58.20655
1,1380,0.7,2.7381127,1,0,22.995438385009763,3.6724365
1,605,80.0,81.867096,1,1,22.995438385009763,17.702555
1,2363,2.2625,8.536347,1,1,22.995438385009763,28.636898
1,331,15.7,18.311466,1,1,22.995438385009763,22.98125
1,191,12.1,11.6761875,1,1,22.995438385009763,9.31284
1,89,1.68,2.2153332,1,1,22.995438385009763,2.755029
1,2366,3.74,2.3312018,1,1,22.995438385009763,3.0528138
1,476,71.25,65.50819,1,1,22.995438385009763,61.18109
1,428,80.0,81.41365,1,1,22.995438385009763,30.499168
1,549,5.2,2.2586195,1,1,22.995438385009763,6.1806464
1,2370,0.032,-0.59893876,1,0,22.995438385009763,1.1142746
1,2371,3.1,4.357559,1,1,22.995438385009763,5.0744514
1,415,10.5,4.63192,1,0,22.995438385009763,6.8104367
1,675,32.8,56.95159,0,1,22.995438385009763,57.43306
1,1385,13.9,12.910317,1,1,22.995438385009763,7.840298
1,534,40.0,53.41726,0,1,22.995438385009763,89.262764
1,1335,4.06,5.57727,1,1,22.995438385009763,18.695585
1,351,63.6,73.23508,1,1,22.995438385009763,83.3111
1,1384,13.2,9.529532,1,1,22.995438385009763,8.671872
1,2380,16.04,18.103289,1,1,22.995438385009763,4.7694983
1,2381,3.75,5.0484786,1,1,22.995438385009763,9.855955
1,1497,3.5,3.4798803,1,1,22.995438385009763,6.943773
1,1814,2.68,2.1687734,1,1,22.995438385009763,3.516763
1,241,14.6,12.03388,1,1,22.995438385009763,6.06231
1,1299,9.5,5.041088,1,0,22.995438385009763,5.7645507
1,256,1.773,3.496454,1,1,22.995438385009763,5.964592
1,2384,0.39,2.1135979,1,1,22.995438385009763,23.736954
1,2385,0.21,3.2625804,1,1,22.995438385009763,7.3218937
1,893,1.53,1.816253,1,1,22.995438385009763,4.7707033
1,329,3.86,3.3232505,1,1,22.995438385009763,5.745214
1,45,19.0,29.81148,1,1,22.995438385009763,24.89532
1,2320,1.08,5.4665995,1,0,22.995438385009763,7.661077
1,1395,72.0,59.529938,0,1,22.995438385009763,65.17255
1,579,11.67,9.234605,1,1,22.995438385009763,16.240034
1,1149,3.11,3.1206162,1,1,22.995438385009763,4.5042815
1,199,14.05,13.016866,1,1,22.995438385009763,17.804672
1,2390,6.4,2.459995,1,0,22.995438385009763,6.8618135
1,98,7.7,8.455865,1,1,22.995438385009763,9.688102
1,2391,4.8,4.0319095,1,1,22.995438385009763,6.8415256
1,227,1.89,1.3162978,1,1,22.995438385009763,2.2753408
1,403,15.1,11.745473,1,1,22.995438385009763,6.9632206
1,525,64.1,70.72024,1,1,22.995438385009763,15.561095
1,1463,7.355,7.9506607,1,1,22.995438385009763,6.8440423
1,720,3.895428571,6.3588204,1,1,22.995438385009763,16.860823
1,2307,5.51,25.023558,0,1,22.995438385009763,53.188515
1,724,4.6,2.0305645,1,0,22.995438385009763,2.5594597
1,1414,7.11,5.3983307,1,1,22.995438385009763,5.0468903
1,2396,18.3,18.496792,1,1,22.995438385009763,3.2955792
1,840,82.0,83.43287,1,1,22.995438385009763,38.849003
1,1234,1.248,3.6741886,1,0,22.995438385009763,3.876652
1,2397,68.2,58.929096,1,1,22.995438385009763,104.91264
1,2182,5.96,4.782934,1,1,22.995438385009763,11.323877
1,2017,0.054,0.8185015,1,1,22.995438385009763,8.368158
1,521,3.76,2.8014896,1,1,22.995438385009763,4.431036
1,1334,0.85,5.140884,1,1,22.995438385009763,14.231755
1,194,8.7,6.5395923,1,1,22.995438385009763,6.040684
1,166,4.227,4.5241547,1,1,22.995438385009763,6.91565
1,510,92.8,94.9743,1,1,22.995438385009763,15.119463
1,525,68.0,64.648315,1,1,22.995438385009763,69.004234
1,473,61.0,91.932915,0,0,22.995438385009763,50.99471
1,559,32.9,38.01433,1,0,22.995438385009763,9.74925
1,1977,53.7,44.971237,1,1,22.995438385009763,18.085835
1,2402,54.0,72.128365,0,1,22.995438385009763,47.627415
1,65,8.4,10.040131,1,1,22.995438385009763,43.065346
1,341,1.22,1.811143,1,1,22.995438385009763,1.7940172
1,2404,20.125,9.751949,1,1,22.995438385009763,25.156042
1,808,1.11,2.2869768,1,1,22.995438385009763,17.418108
1,1736,100.0,57.660126,0,0,22.995438385009763,81.13856
1,679,13.7,13.971307,1,1,22.995438385009763,13.948479
1,610,12.0,7.1893034,1,1,22.995438385009763,9.845108
1,1238,6.6,5.8644724,1,1,22.995438385009763,5.639087
1,559,32.0,36.4385,1,1,22.995438385009763,15.465837
1,1297,4.56,14.243269,1,0,22.995438385009763,9.357368
1,829,0.6,3.612511,1,0,22.995438385009763,5.6381364
1,2409,4.0,3.273768,1,1,22.995438385009763,9.649975
1,1026,4.2,4.002326,1,1,22.995438385009763,4.4723697
1,54,6.985,8.242339,1,1,22.995438385009763,4.5866327
1,2019,0.75,2.4230914,1,1,22.995438385009763,4.794893
1,1247,2.245,2.8538086,1,1,22.995438385009763,7.0204206
1,2345,60.0,57.2533,1,1,22.995438385009763,59.45814
1,299,2.82,3.3101337,1,1,22.995438385009763,4.4095716
1,216,32.0,22.111172,1,0,22.995438385009763,15.664873
1,2410,8.4,12.91197,1,1,22.995438385009763,16.563452
1,1908,1.75,2.0121357,1,1,22.995438385009763,5.5496564
1,1089,7.86,6.755557,1,1,22.995438385009763,9.266163
1,82,1.85,3.6801279,1,1,22.995438385009763,6.777119
1,784,2.43,5.694229,1,0,22.995438385009763,6.5133266
1,605,30.0,37.985104,1,1,22.995438385009763,18.343102
1,680,0.83,0.9498179,1,1,22.995438385009763,1.8515068
1,870,0.84,5.2406774,1,0,22.995438385009763,8.765633
1,2299,5.3,3.477836,1,1,22.995438385009763,5.3779483
1,836,0.066,0.068416096,1,1,22.995438385009763,0.9627249
1,825,67.0,75.04288,1,1,22.995438385009763,51.757736
1,561,25.0,46.047173,0,1,22.995438385009763,59.30382
1,473,19.0,94.732834,0,0,22.995438385009763,79.01514
1,1675,8.2,10.723548,1,1,22.995438385009763,6.739696
1,10,31.9,36.450165,1,1,22.995438385009763,40.173187
1,2416,6.0,6.525226,1,1,22.995438385009763,18.5088
1,521,5.13,4.8554893,1,1,22.995438385009763,5.9916916
1,1784,2.4,5.847528,1,0,22.995438385009763,6.5095344
1,1353,68.4,76.94968,1,1,22.995438385009763,76.1379
1,713,6.6,7.1275554,1,1,22.995438385009763,5.7480073
1,1117,0.53,1.9236985,1,0,22.995438385009763,2.5944388
1,126,87.0,79.82271,1,1,22.995438385009763,25.78605
1,906,2.435,9.101392,1,0,22.995438385009763,9.931933
1,45,34.0,32.17165,1,1,22.995438385009763,15.489953
1,1866,4.4,3.9715922,1,1,22.995438385009763,3.4938927
1,2420,1.652222222,1.2585015,1,1,22.995438385009763,1.867286
1,521,2.7,2.0873857,1,1,22.995438385009763,4.98599
1,627,76.0,64.09513,0,1,22.995438385009763,129.60165
1,195,2.226,1.7506344,1,1,22.995438385009763,1.7230119
1,543,8.9,6.3114605,1,1,22.995438385009763,7.583123
1,713,2.7,5.2327065,1,1,22.995438385009763,5.36413
1,2423,1.1,2.141804,1,1,22.995438385009763,4.776114
1,199,10.4,14.849582,1,1,22.995438385009763,11.907619
1,2424,0.37,1.8906724,1,1,22.995438385009763,4.686106
1,756,32.5,28.106323,1,1,22.995438385009763,25.874767
1,2426,1.585,2.3186212,1,1,22.995438385009763,6.652319
1,1100,28.575,18.733076,1,1,22.995438385009763,27.83611
1,2428,8.7,12.394704,1,1,22.995438385009763,16.432135
1,2345,14.0,52.679134,0,0,22.995438385009763,60.804485
1,2429,122.0,111.603935,1,1,22.995438385009763,80.27423
1,492,2.36,3.4089398,1,1,22.995438385009763,4.3728256
1,487,75.0,70.93863,1,1,22.995438385009763,36.056435
1,993,10.4,12.26554,1,1,22.995438385009763,7.7828436
1,501,16.5,19.301712,1,1,22.995438385009763,11.007667
1,906,15.89,17.875212,1,1,22.995438385009763,4.4756513
1,196,1.542,1.3441223,1,1,22.995438385009763,5.8910418
1,351,79.1,71.69787,1,1,22.995438385009763,81.28015
1,65,29.0,24.464966,1,1,22.995438385009763,31.677866
1,2035,1.13,41.96452,0,0,22.995438385009763,49.91492
1,2438,9.0,5.6992354,1,0,22.995438385009763,6.1915455
1,2441,0.35,2.3036861,1,1,22.995438385009763,5.762647
1,2100,10.5,7.2063627,1,0,22.995438385009763,6.4397283
1,191,8.3,12.442923,1,1,22.995438385009763,8.706289
1,486,35.0,15.110791,0,1,22.995438385009763,68.971794
1,1226,14.3,7.5372233,1,1,22.995438385009763,52.619278
1,341,2.21,1.811143,1,1,22.995438385009763,1.7940172
1,216,18.26666667,18.835218,1,1,22.995438385009763,15.865085
1,241,12.3,11.787655,1,1,22.995438385009763,6.0178905
1,2443,21.9,12.110906,1,1,22.995438385009763,19.877188
1,1463,10.99,9.9561615,1,1,22.995438385009763,8.146728
1,429,27.9,19.999958,1,1,22.995438385009763,17.917765
1,2005,23.3,22.546406,1,1,22.995438385009763,47.399185
1,1559,8.4,9.824976,1,1,22.995438385009763,9.034388
1,1359,10.2,6.995208,1,1,22.995438385009763,8.404696
1,2447,4.5,2.9299974,1,1,22.995438385009763,3.4303722
1,2448,1.76,3.1709917,1,1,22.995438385009763,7.209419
1,304,5.82,8.157539,1,1,22.995438385009763,7.3947606
1,1924,6.175,3.9323444,1,1,22.995438385009763,5.3520184
1,1539,6.666666667,3.698575,1,1,22.995438385009763,12.035991
1,429,3.2005,12.570657,1,1,22.995438385009763,24.907644
1,525,28.9,32.98958,1,1,22.995438385009763,45.401146
1,321,92.7,69.87277,0,0,22.995438385009763,42.20711
1,314,4.43,4.0854344,1,1,22.995438385009763,7.540627
1,876,12.3,6.167809,1,1,22.995438385009763,13.786609
1,945,3.01,4.4967933,1,1,22.995438385009763,14.805051
1,1414,4.42,5.1104126,1,1,22.995438385009763,4.6188426
1,492,3.73,3.0390935,1,1,22.995438385009763,5.848941
1,429,4.925,20.599487,0,0,22.995438385009763,22.703114
1,273,10.8,27.89487,0,1,22.995438385009763,38.120464
1,241,6.3,10.551383,1,1,22.995438385009763,11.569357
1,2451,3.75,3.5412142,1,1,22.995438385009763,3.4715147
1,1992,27.2,25.273994,1,1,22.995438385009763,39.213547
1,1226,10.875,8.699574,1,1,22.995438385009763,51.65038
1,713,2.53,4.7330246,1,1,22.995438385009763,5.356445
1,588,3.7,2.0609488,1,1,22.995438385009763,4.0746202
1,41,2.76,4.5953984,1,1,22.995438385009763,5.3377814
1,2152,1.746666667,2.578381,1,1,22.995438385009763,7.8365507
1,2328,110.0,76.8791,0,1,22.995438385009763,115.92556
1,788,88.3,81.726364,1,1,22.995438385009763,23.867426
1,292,64.6,64.52519,1,1,22.995438385009763,19.63999
1,713,11.4,11.052484,1,1,22.995438385009763,6.771244
1,749,41.1,57.149746,0,1,22.995438385009763,56.961403
1,1946,36.33333333,20.885252,0,0,22.995438385009763,21.1105
1,678,4.8,8.691494,1,1,22.995438385009763,12.82805
1,321,93.0,77.355316,0,0,22.995438385009763,25.641235
1,1260,7.2,7.7062893,1,1,22.995438385009763,5.680825
1,574,0.093,7.5328894,1,1,22.995438385009763,15.069074
1,1223,77.4,54.78816,0,0,22.995438385009763,10.628306
1,383,14.6,17.463112,1,0,22.995438385009763,3.5589705
1,10,36.7,34.92062,1,1,22.995438385009763,42.007713
1,195,2.14,1.7506344,1,1,22.995438385009763,1.6959895
1,292,31.0,33.14977,1,1,22.995438385009763,71.85761
1,108,12.3,8.75005,1,1,22.995438385009763,20.04943
1,351,70.3,70.961365,1,1,22.995438385009763,82.42605
1,1610,3.0,3.5476303,1,1,22.995438385009763,6.247172
1,1565,45.0,40.219143,1,1,22.995438385009763,59.13468
1,41,2.52,4.4571633,1,1,22.995438385009763,5.44733
1,675,12.8,46.175232,0,0,22.995438385009763,66.041664
1,58,4.5575,3.9887838,1,1,22.995438385009763,3.6043363
1,534,21.0,49.23829,0,1,22.995438385009763,88.70641
1,292,60.0,64.12873,1,1,22.995438385009763,77.70142
1,681,2.61,2.889353,1,1,22.995438385009763,3.146893
1,616,102.0,82.77358,0,1,22.995438385009763,41.90056
1,119,25.06153846,15.632145,1,1,22.995438385009763,27.095873
1,804,23.2,20.03146,1,1,22.995438385009763,32.123066
1,429,34.50333333,31.389698,1,1,22.995438385009763,25.266644
1,40,1.587,1.6074108,1,1,22.995438385009763,9.687765
1,503,6.8,11.307362,1,0,22.995438385009763,6.639823
1,2469,7.5,7.1564617,1,1,22.995438385009763,12.224004
1,166,5.35,4.413025,1,1,22.995438385009763,6.91565
1,1776,13.5,27.83746,0,0,22.995438385009763,25.018066
1,216,34.0,30.20088,1,1,22.995438385009763,24.14447
1,287,7.214,7.8000197,1,1,22.995438385009763,3.5280058
1,487,42.0,62.57317,0,0,22.995438385009763,40.00831
1,1178,0.69,3.443046,1,0,22.995438385009763,5.378162
1,1351,3.5,4.3628516,1,1,22.995438385009763,3.892149
1,2174,1.51,1.4543996,1,1,22.995438385009763,3.9135609
1,898,82.0,75.84522,1,1,22.995438385009763,20.066654
1,559,37.7,37.87308,1,1,22.995438385009763,8.561462
1,331,9.81,18.1766,1,1,22.995438385009763,22.6729
1,477,7.4,7.627475,1,1,22.995438385009763,5.1395073
1,196,1.7225,1.5265095,1,1,22.995438385009763,4.7148595
1,521,4.04,5.415764,1,1,22.995438385009763,6.684095
1,521,3.76,2.7700596,1,1,22.995438385009763,4.4391947
1,2034,4.9,7.106684,1,1,22.995438385009763,10.516714
1,47,0.385,-0.17448784,1,1,22.995438385009763,6.170855
1,429,11.6,12.839026,1,1,22.995438385009763,22.825169
1,486,10.0,15.313152,1,1,22.995438385009763,71.29386
1,476,88.0,45.218884,0,0,22.995438385009763,28.087263
1,2476,3.3,3.554362,1,1,22.995438385009763,10.996705
1,632,0.33,1.0531824,1,1,22.995438385009763,2.6135063
1,273,75.0,26.26346,0,0,22.995438385009763,47.302402
1,733,2.4,3.3167055,1,1,22.995438385009763,3.8915625
1,911,56.55,55.20698,1,1,22.995438385009763,36.416992
1,2477,4.0,13.730711,1,0,22.995438385009763,17.059004
1,937,5.17,4.3628364,1,1,22.995438385009763,5.7645307
1,216,4.98,26.27763,0,0,22.995438385009763,27.224497
1,216,36.0,30.956936,1,1,22.995438385009763,25.996717
1,415,17.61,5.9917126,0,0,22.995438385009763,7.1184826
1,2097,9.8,7.41931,1,1,22.995438385009763,9.615659
1,1916,1.23,1.5592657,1,1,22.995438385009763,3.421791
1,534,41.0,54.158184,0,1,22.995438385009763,85.80326
1,2479,0.21,2.2583027,1,1,22.995438385009763,5.47799
1,1050,81.0,78.67898,1,1,22.995438385009763,12.168721
1,2480,1.2,4.411571,1,1,22.995438385009763,11.253418
1,2481,3.9,3.585578,1,1,22.995438385009763,4.907985
1,2183,9.35,12.961123,1,1,22.995438385009763,15.498298
1,1992,14.0,20.148935,1,1,22.995438385009763,41.981697
1,2485,3.2,3.8532364,1,1,22.995438385009763,30.133717
1,1225,11.2,6.883056,1,0,22.995438385009763,6.985695
1,248,6.1,5.8289576,1,1,22.995438385009763,12.641965
1,557,33.4,22.755991,1,0,22.995438385009763,20.11592
1,440,48.0,62.290123,0,1,22.995438385009763,41.893597
1,636,5.12,4.717627,1,1,22.995438385009763,7.4696727
1,438,30.7,24.819603,1,1,22.995438385009763,31.380266
1,1814,2.26,2.6615498,1,1,22.995438385009763,3.881517
1,681,2.82,3.3254507,1,1,22.995438385009763,3.9071674
1,241,14.1,9.299471,1,0,22.995438385009763,8.84004
1,994,0.9,2.5271897,1,1,22.995438385009763,6.192873
1,785,1.165,2.303697,1,1,22.995438385009763,8.20123
1,2491,1.66,2.7060564,1,1,22.995438385009763,7.2948813
1,1754,38.7,17.3263,0,0,22.995438385009763,22.236895
1,351,98.0,82.05347,0,0,22.995438385009763,21.84011
1,292,74.0,54.917156,0,1,22.995438385009763,54.26391
1,256,1.51,4.5914626,1,0,22.995438385009763,4.3692913
1,1787,0.64,1.3308616,1,1,22.995438385009763,1.6378905
1,674,22.5,17.628342,1,1,22.995438385009763,21.185064
1,250,0.27,1.5177213,1,1,22.995438385009763,5.0235376
1,2495,0.066,2.199212,1,1,22.995438385009763,126.539314
1,632,0.21,0.9414375,1,1,22.995438385009763,3.1562405
1,287,8.4,8.319032,1,1,22.995438385009763,7.9972095
1,473,49.0,83.65153,0,1,22.995438385009763,102.842705
1,241,13.8,11.513345,1,1,22.995438385009763,6.2091765
1,1463,4.17,6.961132,1,1,22.995438385009763,6.948618
1,1587,39.0,29.5488,1,1,22.995438385009763,55.012417
1,870,1.5,4.518719,1,1,22.995438385009763,8.504771
1,2503,6.1,3.5121863,1,1,22.995438385009763,5.468362
1,10,31.0,37.40477,1,1,22.995438385009763,47.66387
1,1435,2.13,3.560168,1,1,22.995438385009763,5.0087576
1,1073,0.155,2.4740064,1,1,22.995438385009763,6.1170616
1,171,14.1,23.859491,1,1,22.995438385009763,22.579441
1,929,5.7,6.0541263,1,1,22.995438385009763,12.077819
1,1223,19.0,37.34829,0,1,22.995438385009763,50.997177
1,678,11.0,10.536099,1,1,22.995438385009763,13.402619
1,683,2.7,2.7978392,1,1,22.995438385009763,6.084471
1,955,0.11,-0.40238225,1,1,22.995438385009763,2.051626
1,2106,3.906,3.306728,1,1,22.995438385009763,5.118468
1,1165,1.27,1.3136977,1,1,22.995438385009763,3.0041177
1,2100,10.1,7.256621,1,1,22.995438385009763,6.6503005
1,756,20.0,24.973833,1,1,22.995438385009763,16.51274
1,321,92.85,74.82587,0,1,22.995438385009763,42.265305
1,2508,4.75,7.7132473,1,1,22.995438385009763,79.24679
1,1610,1.9,2.7339861,1,1,22.995438385009763,5.2486925
1,2511,4.7,6.383456,1,1,22.995438385009763,6.6125083
1,65,7.0,9.597309,1,1,22.995438385009763,39.324635
1,425,12.14,11.49297,1,1,22.995438385009763,6.1566076
1,166,2.134,4.00553,1,1,22.995438385009763,6.7472053
1,351,78.0,86.35527,1,1,22.995438385009763,36.28278
1,487,93.6,80.89111,0,1,22.995438385009763,62.989246
1,893,0.94,1.5391501,1,1,22.995438385009763,5.3377886
1,161,11.02,7.3588567,1,0,22.995438385009763,5.8522387
1,1414,8.2,6.084418,1,1,22.995438385009763,4.4817095
1,654,1.815,5.332438,1,1,22.995438385009763,8.094731
1,1782,5.88,3.3735151,1,0,22.995438385009763,4.2908955
1,2515,2.4,2.0910292,1,1,22.995438385009763,3.828453
1,2009,8.8,6.123669,1,1,22.995438385009763,5.4870334
1,89,3.2,2.4990118,1,1,22.995438385009763,3.541817
1,227,1.85,1.2566571,1,1,22.995438385009763,2.1590521
1,582,3.3,6.6761866,1,1,22.995438385009763,14.608678
1,473,22.0,79.64429,0,0,22.995438385009763,113.21054
1,816,10.87,13.21507,1,1,22.995438385009763,8.9846525
1,429,22.5,16.408653,1,1,22.995438385009763,20.95607
1,1380,0.73,2.4812207,1,1,22.995438385009763,3.6240242
1,58,4.27,3.4929018,1,1,22.995438385009763,4.8476076
1,1100,9.758333333,17.468332,1,1,22.995438385009763,25.858114
1,364,2.7,3.0215273,1,1,22.995438385009763,7.519714
1,857,16.3,16.54536,1,1,22.995438385009763,17.192001
1,2522,6.38,6.3794904,1,1,22.995438385009763,8.853174
1,292,90.1,80.24765,1,1,22.995438385009763,30.480383
1,1736,63.0,54.087353,1,1,22.995438385009763,90.53008
1,1644,2.11,1.6560931,1,1,22.995438385009763,3.6808684
1,254,51.0,31.83499,0,1,22.995438385009763,66.09498
1,1104,75.56666667,66.80284,1,1,22.995438385009763,48.608147
1,1210,4.68,4.2814217,1,1,22.995438385009763,6.337238
1,1513,5.936666667,7.443412,1,1,22.995438385009763,16.693472
1,203,12.1,34.65872,0,1,22.995438385009763,113.29396
1,335,7.7,6.8126545,1,1,22.995438385009763,8.613693
1,54,8.42,7.0420666,1,1,22.995438385009763,3.006285
1,1554,29.9,13.361484,0,0,22.995438385009763,26.88643
1,2532,9.0,6.951221,1,1,22.995438385009763,9.490103
1,1895,2.65,3.319963,1,1,22.995438385009763,4.7161098
1,1814,2.42,2.6411514,1,1,22.995438385009763,3.5176337
1,1822,22.0,30.754484,1,0,22.995438385009763,5.180749
1,521,3.07,2.7815936,1,1,22.995438385009763,4.431036
1,535,5.38,6.0571437,1,1,22.995438385009763,3.9692488
1,273,50.0,30.72576,0,1,22.995438385009763,46.300194
1,535,5.98,6.4463096,1,1,22.995438385009763,3.9693282
1,99,0.0111,0.94119054,1,1,22.995438385009763,2.0119162
1,1685,0.72,0.650545,1,1,22.995438385009763,1.3420016
1,1074,0.6,1.3743888,1,1,22.995438385009763,5.0654855
1,685,77.0,74.34163,1,1,22.995438385009763,39.914665
1,525,50.0,37.750828,0,1,22.995438385009763,45.06093
1,1489,4.643,3.8359835,1,1,22.995438385009763,4.0089536
1,2534,37.3,27.666756,1,0,22.995438385009763,9.786397
1,429,7.233333333,17.837961,1,1,22.995438385009763,24.7896
1,1504,64.0,52.39973,0,1,22.995438385009763,28.371572
1,2535,5.016666667,4.2890716,1,1,22.995438385009763,15.148322
1,1579,8.355,7.8354096,1,1,22.995438385009763,6.938115
1,569,10.4,14.682162,1,1,22.995438385009763,12.841402
1,292,17.8,46.10513,0,1,22.995438385009763,73.51718
1,1593,21.0,21.417347,1,1,22.995438385009763,30.50047
1,876,10.2,4.942421,1,1,22.995438385009763,14.59123
1,1482,22.06666667,16.418938,1,0,22.995438385009763,8.561494
1,1228,32.0,27.313587,1,1,22.995438385009763,34.828392
1,473,77.0,89.51749,0,1,22.995438385009763,107.98618
1,2538,4.57,2.8206644,1,1,22.995438385009763,7.6022935
1,72,6.88,6.113137,1,1,22.995438385009763,4.617246
1,1296,28.4,20.308573,1,1,22.995438385009763,37.989098
1,893,1.45,1.5475574,1,1,22.995438385009763,4.965388
1,1217,3.45,4.2867293,1,1,22.995438385009763,5.0907454
1,2543,3.3,4.62457,1,1,22.995438385009763,8.434185
1,2546,1.2775,3.009011,1,1,22.995438385009763,11.598004
1,287,8.15,7.948846,1,1,22.995438385009763,3.3739636
1,932,34.5,19.958725,0,1,22.995438385009763,50.799206
1,840,86.0,78.705826,1,1,22.995438385009763,27.491997
1,543,9.6,6.6841083,1,1,22.995438385009763,7.704405
1,675,90.0,76.26542,0,1,22.995438385009763,45.829872
1,1565,55.3,39.52986,0,1,22.995438385009763,56.398266
1,2550,2.75,4.080578,1,1,22.995438385009763,9.310656
1,870,1.63,4.857269,1,1,22.995438385009763,7.192556
1,2552,29.5,28.254366,1,1,22.995438385009763,41.103462
1,2553,3.2,5.312985,1,1,22.995438385009763,12.292044
1,1149,3.155,3.1206162,1,1,22.995438385009763,4.5042815
1,124,6.43,6.5020437,1,1,22.995438385009763,6.0931606
1,781,73.0,38.270584,0,1,22.995438385009763,216.05388
1,1850,1.41,1.6839799,1,1,22.995438385009763,1.7492883
1,2035,0.6,41.96452,0,0,22.995438385009763,49.91492
1,428,60.0,89.995605,0,0,22.995438385009763,55.95631
1,700,78.2,42.43243,0,1,22.995438385009763,72.614624
1,2557,0.421,0.4731611,1,1,22.995438385009763,3.0532954
1,2558,15.8,13.488206,1,1,22.995438385009763,18.858362
1,2163,7.532352941,6.74052,1,1,22.995438385009763,5.512047
1,577,10.7,9.078014,1,1,22.995438385009763,13.3922415
1,292,74.9,65.01832,1,1,22.995438385009763,57.030006
1,635,16.7,9.652476,1,1,22.995438385009763,25.333313
1,292,75.6,57.74141,0,1,22.995438385009763,63.34018
1,1098,29.0,13.58631,0,1,22.995438385009763,36.980515
1,396,19.6,21.737143,1,1,22.995438385009763,25.266241
1,321,92.05,80.71529,1,1,22.995438385009763,68.342636
1,2563,6.03,4.333538,1,1,22.995438385009763,5.6918135
1,1463,11.24,8.294138,1,1,22.995438385009763,7.4055824
1,534,41.0,72.8835,0,1,22.995438385009763,90.96449
1,2573,1.13,3.8929973,1,1,22.995438385009763,6.2896748
1,559,36.0,37.87308,1,1,22.995438385009763,8.711164
1,2065,1.76,5.65328,1,0,22.995438385009763,7.523633
1,503,5.4,11.782201,1,0,22.995438385009763,7.774709
1,224,23.0,17.675604,1,1,22.995438385009763,13.394451
1,816,8.8,16.485231,1,1,22.995438385009763,17.005682
1,1946,40.85,26.697376,0,0,22.995438385009763,18.583313
1,396,25.4,15.031261,1,1,22.995438385009763,30.72148
1,1670,3.52,24.232878,0,1,22.995438385009763,44.978382
1,2575,7.2,2.3239522,1,0,22.995438385009763,8.011908
1,535,6.61,4.0658917,1,0,22.995438385009763,4.4410233
1,2577,5.75,4.6129026,1,1,22.995438385009763,8.300129
1,440,81.0,80.45471,1,1,22.995438385009763,58.97672
1,291,90.0,108.098465,0,1,22.995438385009763,74.56496
1,636,4.205,4.71476,1,1,22.995438385009763,7.721393
1,937,5.49,4.5458484,1,1,22.995438385009763,5.290411
1,473,76.0,87.32267,1,1,22.995438385009763,106.24958
1,1210,3.256,4.4842324,1,1,22.995438385009763,5.1053042
1,1482,18.9,15.225523,1,1,22.995438385009763,10.242314
1,440,90.0,83.88772,1,1,22.995438385009763,71.96538
1,1422,5.9,5.482599,1,1,22.995438385009763,10.806403
1,54,4.45,4.738553,1,1,22.995438385009763,3.2108037
1,473,80.0,95.64625,0,1,22.995438385009763,39.63672
1,2553,1.8,4.1200013,1,1,22.995438385009763,11.732494
1,1385,8.3,13.434653,1,1,22.995438385009763,10.5926075
1,120,9.86,13.570377,1,1,22.995438385009763,22.05365
1,1210,2.99,3.6575272,1,1,22.995438385009763,4.7883377
1,292,20.5,50.666206,0,1,22.995438385009763,91.051025
1,705,7.0,15.158464,1,1,22.995438385009763,157.66676
1,675,87.0,68.81405,0,1,22.995438385009763,61.788284
1,2582,0.53,4.8521852,1,0,22.995438385009763,6.0131755
1,1554,35.6,14.40758,0,0,22.995438385009763,24.165968
1,993,16.0,13.34349,1,1,22.995438385009763,7.3301888
1,2585,0.046,-0.51311064,1,0,22.995438385009763,0.74853903
1,2587,2.7,3.2073739,1,1,22.995438385009763,6.586687
1,681,3.2,3.3310382,1,1,22.995438385009763,4.281048
1,477,10.3,10.261743,1,1,22.995438385009763,4.4492598
1,440,92.0,82.52304,1,1,22.995438385009763,70.66133
1,429,34.4,29.898706,1,1,22.995438385009763,36.41078
1,573,0.7,3.145155,1,1,22.995438385009763,8.37126
1,418,7.54,8.117511,1,1,22.995438385009763,9.092054
1,579,7.52,9.882752,1,1,22.995438385009763,15.072837
1,166,3.616,2.432065,1,1,22.995438385009763,5.721421
1,2591,5.21,5.443738,1,1,22.995438385009763,11.539749
1,2191,7.876,2.9271085,1,0,22.995438385009763,6.489532
1,1004,2.1,2.1729188,1,1,22.995438385009763,8.00238
1,89,2.82,2.3994663,1,1,22.995438385009763,2.9177485
1,2593,1.0,8.275732,1,0,22.995438385009763,7.7443337
1,1559,4.3,9.833047,1,1,22.995438385009763,11.628373
1,764,8.72,9.293877,1,1,22.995438385009763,45.54077
1,2595,6.25,3.742557,1,1,22.995438385009763,8.602709
1,82,2.65,2.7323532,1,1,22.995438385009763,6.189933
1,2596,92.0,108.04753,0,1,22.995438385009763,58.012993
1,1365,8.0,29.418087,0,1,22.995438385009763,65.86666
1,816,25.3,10.444479,0,0,22.995438385009763,11.456652
1,2019,7.8,6.78354,1,1,22.995438385009763,5.0386877
1,573,1.49,3.301869,1,1,22.995438385009763,4.3963513
1,675,90.7,68.61763,0,1,22.995438385009763,50.33077
1,2600,35.1,32.86437,1,1,22.995438385009763,16.935686
1,1854,5.3,5.281184,1,1,22.995438385009763,7.1479025
1,1216,48.7,50.24401,1,1,22.995438385009763,12.437126
1,2420,0.8125,1.1063664,1,1,22.995438385009763,1.9218279
1,906,17.846,17.875212,1,1,22.995438385009763,4.4756513
1,784,4.8,6.0046463,1,1,22.995438385009763,7.322153
1,2601,24.5,13.529198,1,0,22.995438385009763,10.192123
1,199,10.3,13.296098,1,1,22.995438385009763,12.688299
1,2605,4.4,3.9434683,1,1,22.995438385009763,3.198801
1,58,4.533333333,3.8067427,1,1,22.995438385009763,2.4645395
1,2241,18.9,24.353546,1,1,22.995438385009763,34.247864
1,446,9.2,3.062599,1,1,22.995438385009763,12.922916
1,817,14.2,9.11824,1,1,22.995438385009763,24.034752
1,273,13.7,29.425064,0,0,22.995438385009763,17.903101
1,2606,1.27,4.5624323,1,1,22.995438385009763,34.609676
1,216,40.0,16.311,0,0,22.995438385009763,34.157463
1,1601,0.75,3.0191607,1,1,22.995438385009763,12.20686
1,231,13.4,10.215626,1,1,22.995438385009763,8.7696085
1,2609,2.4625,8.034491,1,1,22.995438385009763,12.142675
1,98,8.68,8.308824,1,1,22.995438385009763,8.65758
1,685,35.0,49.56076,0,1,22.995438385009763,29.258417
1,2610,0.99,9.102739,1,1,22.995438385009763,18.293436
1,314,3.23,2.365679,1,1,22.995438385009763,3.9632769
1,216,36.9,50.110474,0,0,22.995438385009763,21.986107
1,171,17.75,22.31624,1,1,22.995438385009763,27.382269
1,876,9.2,4.8848343,1,1,22.995438385009763,13.430457
1,2616,1.05,2.8974187,1,1,22.995438385009763,7.7842083
1,1365,20.0,29.327927,1,1,22.995438385009763,68.28528
1,600,21.1,7.421602,0,0,22.995438385009763,18.582172
1,199,10.6,13.731042,1,1,22.995438385009763,11.905527
1,1661,1.986666667,1.5298332,1,1,22.995438385009763,7.0010076
1,785,1.445,2.426138,1,1,22.995438385009763,6.2515974
1,1064,99.0,93.5411,1,1,22.995438385009763,89.48161
1,1089,2.9,2.843337,1,1,22.995438385009763,6.0391445
1,187,6.3,5.1447115,1,1,22.995438385009763,6.4596915
1,2479,1.03,2.3826437,1,1,22.995438385009763,5.291257
1,65,11.0,11.948972,1,1,22.995438385009763,20.493706
1,2297,11.0,5.3698716,1,0,22.995438385009763,6.4233475
1,476,75.0,63.986958,1,1,22.995438385009763,37.78127
1,192,7.85,7.139958,1,1,22.995438385009763,4.9281774
1,527,0.055,0.24025768,1,1,22.995438385009763,1.6116357
1,2625,80.0,59.335957,0,1,22.995438385009763,50.32837
1,1100,20.8,16.655113,1,1,22.995438385009763,36.99859
1,2538,4.3,3.7891865,1,1,22.995438385009763,11.14815
1,299,2.61,3.3645432,1,1,22.995438385009763,4.4095716
1,547,2.15,4.135354,1,1,22.995438385009763,11.870184
1,816,26.9,12.868386,0,0,22.995438385009763,8.78285
1,813,3.48,4.6445355,1,1,22.995438385009763,9.659296
1,521,3.0,2.586304,1,1,22.995438385009763,4.6213164
1,1489,3.72,3.5918512,1,1,22.995438385009763,3.5230663
1,2630,74.0,63.80303,1,1,22.995438385009763,67.41714
1,577,12.6,8.617919,1,1,22.995438385009763,14.16096
1,635,7.4,9.557046,1,1,22.995438385009763,26.595116
1,675,90.0,74.1894,0,1,22.995438385009763,45.2296
1,123,14.0,11.264089,1,1,22.995438385009763,8.731893
1,2174,1.4,1.3812501,1,1,22.995438385009763,3.1987977
1,205,72.0,52.95156,0,1,22.995438385009763,38.626682
1,600,28.6,11.16224,0,0,22.995438385009763,17.335152
1,788,90.1,84.30465,1,1,22.995438385009763,26.423399
1,2636,25.05,22.144466,1,1,22.995438385009763,12.446257
1,58,3.955,3.9676619,1,1,22.995438385009763,4.0176396
1,1500,1.6,1.6518108,1,1,22.995438385009763,9.434581
1,236,89.8,87.13645,1,1,22.995438385009763,24.591322
1,50,79.0,64.62364,0,1,22.995438385009763,41.72873
1,1926,89.7,82.25514,1,1,22.995438385009763,34.40403
1,1210,4.44,3.5523381,1,1,22.995438385009763,5.0283613
1,2638,9.0,9.946733,1,1,22.995438385009763,35.97079
1,58,2.65,3.5543544,1,1,22.995438385009763,4.4658318
1,1866,6.2,3.948752,1,1,22.995438385009763,6.0828977
1,1517,3.14,2.374687,1,1,22.995438385009763,4.841197
1,241,13.6,10.598117,1,1,22.995438385009763,6.542584
1,857,7.0,16.278389,1,1,22.995438385009763,21.949299
1,440,92.45,90.0934,1,1,22.995438385009763,80.34099
1,2017,0.165,0.7344564,1,1,22.995438385009763,8.368158
1,2646,0.82,2.6963956,1,1,22.995438385009763,10.901606
1,331,18.8,18.377201,1,1,22.995438385009763,22.98125
1,2013,2.8,1.6940116,1,1,22.995438385009763,5.8589087
1,840,49.9,63.22609,0,1,22.995438385009763,49.875107
1,2088,11.1,19.990934,1,1,22.995438385009763,26.416246
1,1307,0.08,2.478698,1,0,22.995438385009763,4.294353
1,1866,6.183529412,4.854017,1,1,22.995438385009763,3.8683527
1,473,55.0,91.18714,0,0,22.995438385009763,69.79767
1,241,13.3,12.01551,1,1,22.995438385009763,6.06231
1,1680,2.54,3.541066,1,1,22.995438385009763,6.9376845
1,870,0.855,4.8963237,1,0,22.995438385009763,7.192556
1,227,1.88,0.77331257,1,0,22.995438385009763,1.671512
1,54,5.72,5.339416,1,1,22.995438385009763,5.597133
1,784,6.2,5.5571623,1,1,22.995438385009763,6.538204
1,208,7.175,3.8746223,1,0,22.995438385009763,3.0135002
1,2652,5.05,6.367043,1,1,22.995438385009763,6.284854
1,227,2.25,0.46019694,1,0,22.995438385009763,2.000428
1,973,17.3,12.16315,1,0,22.995438385009763,10.232751
1,1074,0.125,0.79769033,1,1,22.995438385009763,2.6846092
1,415,16.1,6.292518,1,0,22.995438385009763,9.072483
1,2655,18.01,16.89181,1,1,22.995438385009763,4.5241566
1,233,1.0,3.6233866,1,1,22.995438385009763,5.7333317
1,1050,87.0,76.29475,1,1,22.995438385009763,22.535751
1,2656,15.0,19.605692,1,0,22.995438385009763,6.5922756
1,2100,10.0,7.202654,1,1,22.995438385009763,7.6232214
1,161,5.5,7.433294,1,1,22.995438385009763,10.119718
1,1002,4.83,3.9552133,1,1,22.995438385009763,5.1610775
1,428,82.0,90.85173,1,1,22.995438385009763,18.440231
1,383,15.4,15.487005,1,1,22.995438385009763,8.973914
1,1260,8.7,7.97328,1,1,22.995438385009763,6.56827
1,241,16.45,5.595113,1,0,22.995438385009763,14.334524
1,285,13.0,14.5269375,1,1,22.995438385009763,4.7105107
1,192,8.56,6.9961796,1,1,22.995438385009763,5.165053
1,45,55.0,35.056583,0,1,22.995438385009763,87.21688
1,2661,0.343333333,1.027156,1,1,22.995438385009763,10.823357
1,2662,1.92,3.1673026,1,1,22.995438385009763,6.1559124
1,89,1.76,1.9732453,1,1,22.995438385009763,2.1772604
1,292,76.4,78.43889,1,1,22.995438385009763,45.044548
1,535,5.6,5.8013377,1,1,22.995438385009763,3.9324572
1,925,32.0,68.67047,0,0,22.995438385009763,45.26215
1,2356,5.8,7.896536,1,1,22.995438385009763,8.17854
1,241,10.0,11.006333,1,1,22.995438385009763,5.4015083
1,784,8.5,6.7963314,1,1,22.995438385009763,5.782085
1,2667,0.78,1.4972975,1,1,22.995438385009763,4.637633
1,477,7.7,6.3264527,1,1,22.995438385009763,5.671534
1,1225,8.9,7.1923347,1,1,22.995438385009763,6.6241727
1,632,0.59,1.3480663,1,1,22.995438385009763,4.2961836
1,331,7.53,17.288631,1,1,22.995438385009763,25.679615
1,126,65.0,47.177002,0,1,22.995438385009763,50.617058
1,203,7.5,13.330615,1,1,22.995438385009763,15.773531
1,1044,32.5,20.729565,0,1,22.995438385009763,34.65008
1,588,3.7,2.912271,1,1,22.995438385009763,4.6411505
1,6,32.5,20.298347,0,1,22.995438385009763,49.28556
1,442,16.6,5.558503,1,0,22.995438385009763,4.2607336
1,216,25.0,21.911217,1,1,22.995438385009763,23.83839
1,216,40.0,19.652517,0,0,22.995438385009763,25.440512
1,685,75.0,69.729965,1,1,22.995438385009763,40.53675
1,574,0.07,2.5971718,1,1,22.995438385009763,7.9020104
1,1100,8.545,8.761528,1,1,22.995438385009763,47.262897
1,89,2.57,2.4440439,1,1,22.995438385009763,2.755029
1,788,91.65,84.059715,1,1,22.995438385009763,27.57028
1,679,0.35,8.827771,1,1,22.995438385009763,23.45484
1,2679,4.0,6.369022,1,1,22.995438385009763,9.115678
1,1447,49.0,60.486164,1,1,22.995438385009763,100.094765
1,292,80.0,39.442078,0,1,22.995438385009763,82.67382
1,2370,0.03,0.31499034,1,1,22.995438385009763,1.634536
1,157,0.175,-0.18298323,1,1,22.995438385009763,4.220018
1,636,3.255,4.287674,1,1,22.995438385009763,8.024113
1,2285,9.985,9.442038,1,1,22.995438385009763,4.7933784
1,89,3.59,2.8744512,1,1,22.995438385009763,3.6217713
1,81,64.3,93.1815,0,0,22.995438385009763,15.91638
1,2019,0.67,2.6589544,1,1,22.995438385009763,5.804097
1,1098,28.7,10.905726,0,1,22.995438385009763,36.947968
1,1866,5.4,4.3459573,1,1,22.995438385009763,5.5854464
1,366,14.83333333,12.792336,1,1,22.995438385009763,14.235633
1,241,9.7,10.70297,1,1,22.995438385009763,5.4853745
1,761,0.72,21.406567,0,0,22.995438385009763,17.082216
1,777,4.83,5.921099,1,1,22.995438385009763,3.2146542
1,2681,16.2,9.293737,1,0,22.995438385009763,8.193206
1,720,14.85625,14.185328,1,1,22.995438385009763,10.291156
1,429,2.5,19.662151,0,0,22.995438385009763,23.261385
1,1535,6.2,4.9798064,1,1,22.995438385009763,5.7984724
1,582,2.9,7.0493426,1,1,22.995438385009763,17.019604
1,2683,0.82,1.8290411,1,1,22.995438385009763,3.9953895
1,1520,1.95,3.634365,1,1,22.995438385009763,4.5914125
1,713,2.52,4.95102,1,1,22.995438385009763,5.316131
1,10,36.7,34.17304,1,1,22.995438385009763,42.663174
1,2684,0.87,4.14166,1,0,22.995438385009763,5.49405
1,157,3.3,0.76528865,1,1,22.995438385009763,5.2476897
1,169,6.2,5.347363,1,1,22.995438385009763,5.1417
1,2688,2.63,2.0609772,1,1,22.995438385009763,42.911686
1,10,33.9,34.355263,1,1,22.995438385009763,50.665993
1,89,3.92,2.8196335,1,1,22.995438385009763,3.303692
1,487,94.77,77.420235,0,1,22.995438385009763,53.511784
1,1532,6.125,4.189461,1,1,22.995438385009763,8.922746
1,2689,7.27,6.0164375,1,1,22.995438385009763,8.879847
1,1661,3.05,1.5298332,1,1,22.995438385009763,7.0010076
1,292,4.2,44.854954,0,1,22.995438385009763,99.431244
1,227,2.2,1.392521,1,1,22.995438385009763,1.7763652
1,1414,5.58,5.1201544,1,1,22.995438385009763,5.258302
1,119,7.0,16.070086,1,1,22.995438385009763,18.211945
1,216,20.0,30.632511,1,0,22.995438385009763,18.102282
1,54,4.55,4.6703796,1,1,22.995438385009763,3.8527942
1,1950,5.6,2.5548732,1,1,22.995438385009763,7.6051736
1,569,14.0,16.235693,1,1,22.995438385009763,6.907235
1,2695,4.5,4.1934376,1,1,22.995438385009763,5.8482866
1,199,13.3,15.512997,1,1,22.995438385009763,8.497112
1,857,12.6,16.259094,1,1,22.995438385009763,22.71965
1,2697,2.5,2.5845973,1,1,22.995438385009763,7.384232
1,2038,2.6,7.343601,1,1,22.995438385009763,10.803994
1,1596,1.425,3.212967,1,1,22.995438385009763,21.822584
1,1016,86.0,68.9551,0,1,22.995438385009763,41.416798
1,1189,2.3,4.009279,1,1,22.995438385009763,5.6552
1,2698,19.2,18.788572,1,1,22.995438385009763,2.795346
1,965,32.0,29.449995,1,1,22.995438385009763,18.304869
1,218,8.5,9.587609,1,1,22.995438385009763,7.023164
1,2701,10.9,18.350552,1,1,22.995438385009763,16.033922
1,559,33.15,38.081882,1,1,22.995438385009763,10.728659
1,2702,1.3,2.3791096,1,1,22.995438385009763,6.2033296
1,287,8.8,7.7718067,1,1,22.995438385009763,6.294303
1,2703,0.004156667,0.5805019,1,1,22.995438385009763,1.8969189
1,1384,11.0,9.503376,1,1,22.995438385009763,5.6228385
1,1395,95.0,51.398872,0,1,22.995438385009763,112.77733
1,1120,0.07,2.9892402,1,1,22.995438385009763,6.2836785
1,559,33.0,36.4385,1,1,22.995438385009763,16.370714
1,558,4.7,9.577381,1,0,22.995438385009763,8.342378
1,1430,2.41,3.280257,1,1,22.995438385009763,7.526583
1,994,0.82,2.16751,1,1,22.995438385009763,5.589906
1,2704,1.1,0.9763873,1,1,22.995438385009763,1.9972358
1,945,3.6,4.64448,1,1,22.995438385009763,8.1507635
1,2707,26.0,43.491207,0,1,22.995438385009763,85.66911
1,784,9.116666667,7.0667305,1,1,22.995438385009763,5.5044284
1,473,85.0,86.106064,1,1,22.995438385009763,31.370968
1,314,3.98,4.932662,1,1,22.995438385009763,8.716157
1,2708,1.51,3.0818417,1,1,22.995438385009763,6.517133
1,227,2.56,0.9371505,1,0,22.995438385009763,1.9701266
1,724,2.6,2.1172788,1,1,22.995438385009763,1.9360324
1,2710,3.3,2.785516,1,1,22.995438385009763,3.9637263
1,2711,48.35,38.619823,1,1,22.995438385009763,52.42152
1,65,20.6,15.486269,1,1,22.995438385009763,26.65693
1,2712,3.9,4.8489475,1,1,22.995438385009763,5.391405
1,906,2.64,2.794882,1,1,22.995438385009763,5.8703604
1,598,2.82,8.952775,1,1,22.995438385009763,17.960066
1,490,4.53,4.8969297,1,1,22.995438385009763,6.1632876
1,216,36.9,30.333708,1,1,22.995438385009763,24.290085
1,1336,0.39,1.4262658,1,1,22.995438385009763,5.5878096
1,2013,2.6,1.3648156,1,1,22.995438385009763,6.1106815
1,351,50.0,53.521034,1,1,22.995438385009763,72.86569
1,2307,5.4,26.083267,0,1,22.995438385009763,53.434193
1,1732,1.4,4.6985593,1,1,22.995438385009763,29.099512
1,1977,54.0,35.844246,0,0,22.995438385009763,20.058407
1,351,73.0,69.484375,1,1,22.995438385009763,109.14491
1,2601,25.6,14.557186,1,0,22.995438385009763,14.503766
1,2718,0.296666667,1.3641826,1,1,22.995438385009763,6.061664
1,1988,21.0,22.92563,1,1,22.995438385009763,20.889887
1,2719,0.135,6.7359505,1,1,22.995438385009763,43.875416
1,1281,2.755,5.39788,1,1,22.995438385009763,28.907797
1,817,0.01,11.159513,1,1,22.995438385009763,31.979967
1,555,7.0,12.914635,1,1,22.995438385009763,35.39214
1,292,52.7,60.37191,1,1,22.995438385009763,66.59722
1,382,110.0,117.45562,1,1,22.995438385009763,58.612564
1,1382,56.0,63.255478,1,1,22.995438385009763,57.337704
1,486,70.8,30.574078,0,0,22.995438385009763,43.61203
1,679,29.8,25.865831,1,1,22.995438385009763,24.332115
1,725,72.7,64.83403,1,1,22.995438385009763,72.52391
1,733,4.9,4.364059,1,1,22.995438385009763,4.42485
1,285,13.9,17.07781,1,0,22.995438385009763,5.508132
1,2352,3.8,8.56941,1,1,22.995438385009763,14.7531595
1,636,5.2,4.768036,1,1,22.995438385009763,8.0737
1,490,1.63,3.006135,1,1,22.995438385009763,6.8367753
1,961,35.8,38.458843,1,1,22.995438385009763,18.468767
1,685,61.0,66.37334,1,1,22.995438385009763,38.657013
1,1433,1.0,6.908449,1,0,22.995438385009763,11.649915
1,1217,3.01,4.643826,1,1,22.995438385009763,4.960827
1,2730,3.722,4.045921,1,1,22.995438385009763,3.0857368
1,58,4.81,3.547141,1,1,22.995438385009763,4.4658318
1,2479,3.36,2.9244597,1,1,22.995438385009763,5.4607224
1,273,18.1,26.891632,1,1,22.995438385009763,22.83641
1,2732,15.0,9.898379,1,1,22.995438385009763,22.517845
1,1294,2.92,8.234856,1,1,22.995438385009763,34.82569
1,477,9.7,9.910883,1,1,22.995438385009763,3.7295341
1,58,4.5,3.8495553,1,1,22.995438385009763,6.0128193
1,194,7.7,5.976228,1,1,22.995438385009763,5.7092533
1,1866,4.05,3.3928535,1,1,22.995438385009763,2.743568
1,89,3.35,2.9724424,1,1,22.995438385009763,4.7290955
1,675,43.6,56.456295,0,1,22.995438385009763,51.098545
1,2735,6.0,5.3381844,1,1,22.995438385009763,8.406476
1,1433,2.71,3.7723002,1,1,22.995438385009763,4.964196
1,10,37.6,33.570587,1,1,22.995438385009763,44.35666
1,2738,20.0,32.310314,0,1,22.995438385009763,45.066864
1,2534,41.4,28.091156,0,0,22.995438385009763,14.403172
1,188,71.0,63.789112,1,1,22.995438385009763,39.027054
1,1866,5.21,3.9715922,1,1,22.995438385009763,3.8245816
1,1044,32.0,21.936766,1,1,22.995438385009763,31.696444
1,1657,89.0,84.22932,1,1,22.995438385009763,34.978745
1,351,73.0,71.26764,1,1,22.995438385009763,81.04567
1,396,0.2,10.745504,1,1,22.995438385009763,29.512493
1,476,70.25,62.290474,1,1,22.995438385009763,69.59904
1,1870,2.29,5.239207,1,1,22.995438385009763,6.0050797
1,216,19.8,21.598356,1,1,22.995438385009763,21.078808
1,1579,4.63,6.252671,1,1,22.995438385009763,6.9521832
1,2741,2.65,2.1133056,1,1,22.995438385009763,4.318687
1,1433,2.92,4.362213,1,1,22.995438385009763,8.458003
1,2743,65.9,68.49098,1,1,22.995438385009763,50.80069
1,429,33.0,30.002434,1,1,22.995438385009763,22.665237
1,1068,8.3,36.4492,0,0,22.995438385009763,8.114145
1,605,63.0,68.995544,1,1,22.995438385009763,15.283754
1,216,16.0,20.505114,1,1,22.995438385009763,32.71434
1,65,18.7,22.949778,1,1,22.995438385009763,30.458508
1,630,4.78,4.12591,1,1,22.995438385009763,13.998483
1,675,38.4,71.137,0,0,22.995438385009763,61.971268
1,1100,30.1,17.782879,0,1,22.995438385009763,26.208862
1,292,80.0,37.169445,0,1,22.995438385009763,86.48654
1,2745,119.0,90.47686,0,1,22.995438385009763,125.188644
1,2746,6.2,15.245909,1,1,22.995438385009763,18.437967
1,1419,2.7,4.4846897,1,1,22.995438385009763,10.942109
1,2711,22.0,39.4442,0,1,22.995438385009763,54.8036
1,216,19.5,21.172964,1,1,22.995438385009763,25.417732
1,1860,16.3,14.541079,1,1,22.995438385009763,7.5327387
1,191,11.25,11.596335,1,1,22.995438385009763,9.790035
1,499,14.0,9.315076,1,0,22.995438385009763,7.012535
1,1674,77.0,54.017204,0,1,22.995438385009763,79.78995
1,2751,45.0,60.895702,0,1,22.995438385009763,40.560024
1,438,31.3,24.287443,1,1,22.995438385009763,32.658306
1,124,6.15,6.4137197,1,1,22.995438385009763,6.0931606
1,394,24.0,34.65136,1,1,22.995438385009763,111.042274
1,1661,0.8,4.1704774,1,1,22.995438385009763,9.590898
1,2753,0.92,4.698767,1,1,22.995438385009763,31.931753
1,924,0.088,2.2321796,1,1,22.995438385009763,10.225335
1,65,25.9,15.626799,1,1,22.995438385009763,29.068096
1,292,91.4,86.44195,1,1,22.995438385009763,25.931108
1,586,68.2,90.90357,0,1,22.995438385009763,46.40477
1,2755,6.4,3.152414,1,0,22.995438385009763,6.0707784
1,1375,2.1,2.3916147,1,1,22.995438385009763,3.4547057
1,644,3.07,2.7623594,1,1,22.995438385009763,3.146893
1,241,15.1,11.513345,1,0,22.995438385009763,6.2091765
1,1946,40.4,24.417183,0,0,22.995438385009763,17.696583
1,2757,14.0,13.585924,1,1,22.995438385009763,7.2164507
1,224,19.9,20.16259,1,1,22.995438385009763,16.164436
1,216,33.0,29.498487,1,1,22.995438385009763,21.478523
1,331,10.6,17.243088,1,1,22.995438385009763,25.679615
1,1559,10.6,10.287789,1,1,22.995438385009763,9.429566
1,2758,2.891666667,12.993408,1,1,22.995438385009763,39.122173
1,2759,11.9,8.528814,1,1,22.995438385009763,9.278297
1,813,3.12,4.5410857,1,1,22.995438385009763,9.823723
1,1419,3.5,5.472128,1,1,22.995438385009763,11.169343
1,543,2.8,4.0364404,1,1,22.995438385009763,4.2985654
1,10,32.0,36.220104,1,1,22.995438385009763,50.654125
1,192,8.4,7.052498,1,1,22.995438385009763,5.144331
1,1270,1.02,1.8463477,1,1,22.995438385009763,6.7104874
1,1419,3.2,4.9438324,1,1,22.995438385009763,11.262547
1,476,79.89,64.09352,0,1,22.995438385009763,42.493813
1,208,5.03,4.17369,1,1,22.995438385009763,2.8691552
1,866,91.3,80.8332,1,1,22.995438385009763,102.444725
1,82,1.78,3.3982513,1,1,22.995438385009763,6.2852864
1,2764,15.0,21.334646,1,1,22.995438385009763,55.860554
1,2765,0.066,1.2511998,1,1,22.995438385009763,11.903149
1,1498,54.8,43.16203,0,1,22.995438385009763,47.265724
1,292,55.6,36.617958,0,1,22.995438385009763,43.139378
1,338,40.2,25.929058,0,1,22.995438385009763,40.036373
1,817,18.8,12.294401,1,1,22.995438385009763,21.231272
1,292,87.5,81.85325,1,1,22.995438385009763,34.372574
1,119,23.304,16.070086,1,1,22.995438385009763,17.24108
1,1924,5.57,4.3557353,1,1,22.995438385009763,4.840717
1,216,30.5,25.957417,1,1,22.995438385009763,22.189276
1,216,34.8,26.400923,1,1,22.995438385009763,29.674126
1,6,29.0,29.900913,1,1,22.995438385009763,19.803581
1,495,6.675,3.5182755,1,1,22.995438385009763,6.360701
1,535,6.85,6.109187,1,1,22.995438385009763,4.710299
1,351,48.0,31.304792,0,1,22.995438385009763,201.5376
1,2047,13.7,8.129435,1,0,22.995438385009763,8.7570305
1,709,8.6,8.821169,1,1,22.995438385009763,21.899227
1,126,87.0,75.894325,1,0,22.995438385009763,20.261711
1,32,12.0,12.905203,1,1,22.995438385009763,24.098318
1,2769,1.41,6.1954727,1,1,22.995438385009763,18.263006
1,925,85.5,71.721344,0,1,22.995438385009763,33.702217
1,157,0.072,-0.09314563,1,1,22.995438385009763,4.402508
1,216,30.6,28.066103,1,1,22.995438385009763,30.583448
1,292,76.0,57.71723,0,1,22.995438385009763,43.261494
1,2100,8.96,8.372371,1,1,22.995438385009763,5.9095573
1,2764,14.0,21.55141,1,1,22.995438385009763,54.277184
1,192,6.7,6.270495,1,1,22.995438385009763,5.6856146
1,1754,21.3,14.323485,1,1,22.995438385009763,18.98173
1,495,7.05,2.9691865,1,0,22.995438385009763,5.5317745
1,2353,49.0,58.949306,1,1,22.995438385009763,48.077843
1,487,77.0,81.293755,1,1,22.995438385009763,78.49566
1,1016,68.0,59.53107,1,1,22.995438385009763,61.775574
1,396,1.0,21.83194,0,0,22.995438385009763,26.650093
1,1012,49.0,65.66188,0,1,22.995438385009763,94.472046
1,273,55.0,31.647137,0,0,22.995438385009763,41.527092
1,2106,2.5,2.1920567,1,1,22.995438385009763,5.869216
1,4,5.35,4.662666,1,1,22.995438385009763,2.3573396
1,282,37.58,36.13505,1,1,22.995438385009763,5.35977
1,383,16.1,18.072208,1,0,22.995438385009763,3.1376755
1,586,67.7,84.090416,0,1,22.995438385009763,57.711765
1,1564,90.0,57.570465,0,1,22.995438385009763,99.463776
1,817,10.5,9.93102,1,1,22.995438385009763,25.12827
1,959,1.6,1.7681694,1,1,22.995438385009763,1.5854213
1,2683,1.44,1.8703493,1,1,22.995438385009763,3.9953895
1,774,74.0,35.454475,0,0,22.995438385009763,43.468407
1,1628,5.71,9.737703,1,0,22.995438385009763,7.518016
1,383,17.45,5.6568103,0,0,22.995438385009763,8.413558
1,476,64.8,43.4243,0,1,22.995438385009763,44.139282
1,236,28.0,69.50505,0,0,22.995438385009763,33.48683
1,216,12.0,30.780115,0,0,22.995438385009763,18.758404
1,555,11.0,18.394627,1,1,22.995438385009763,44.27134
1,216,29.0,23.022743,1,1,22.995438385009763,15.744409
1,2778,3.6,4.32246,1,1,22.995438385009763,7.9439344
1,428,80.0,82.561874,1,1,22.995438385009763,34.903793
1,1385,16.4,12.781332,1,1,22.995438385009763,7.5492887
1,569,10.4,15.578697,1,1,22.995438385009763,14.359955
1,671,2.16,4.576107,1,1,22.995438385009763,9.145046
1,2688,2.45,2.4513745,1,1,22.995438385009763,41.633293
1,487,90.0,77.860344,0,1,22.995438385009763,48.25037
1,1247,4.4,3.6070352,1,1,22.995438385009763,6.895853
1,2781,3.0,1.6103258,1,1,22.995438385009763,10.118492
1,1210,4.48,3.5523381,1,1,22.995438385009763,5.0283613
1,1675,5.2,9.951508,1,0,22.995438385009763,6.739696
1,2782,3.4375,6.740643,1,1,22.995438385009763,16.154322
1,351,20.0,32.28206,0,1,22.995438385009763,205.58693
1,650,8.5,8.452296,1,1,22.995438385009763,7.728217
1,291,76.0,93.94684,0,1,22.995438385009763,55.952175
1,2785,0.945,1.5690652,1,1,22.995438385009763,2.7724693
1,1210,3.46,3.7089622,1,1,22.995438385009763,4.594118
1,586,67.4,91.75178,0,1,22.995438385009763,56.252922
1,124,5.95,6.450751,1,1,22.995438385009763,6.0931606
1,58,2.8,3.9579487,1,1,22.995438385009763,4.4134164
1,273,28.0,27.242826,1,1,22.995438385009763,19.478067
1,1825,0.0376,0.8731318,1,1,22.995438385009763,3.115489
1,679,26.9,22.880241,1,1,22.995438385009763,15.756386
1,1297,7.18,13.769785,1,1,22.995438385009763,16.536259
1,349,8.4,8.426092,1,1,22.995438385009763,7.5064774
1,1404,4.615,2.5730064,1,1,22.995438385009763,4.4928145
1,817,15.0,14.764107,1,1,22.995438385009763,28.486696
1,473,46.5,77.13422,0,1,22.995438385009763,96.97579
1,1238,7.0,6.7338552,1,1,22.995438385009763,4.2579684
1,840,82.0,39.94272,0,0,22.995438385009763,57.02489
1,440,92.9,80.91956,0,1,22.995438385009763,71.44557
1,1234,0.632,3.3404868,1,0,22.995438385009763,3.8494606
1,54,7.85,7.3539677,1,1,22.995438385009763,3.7875557
1,89,4.23,2.8622603,1,1,22.995438385009763,4.2007084
1,1291,14.5,15.562321,1,1,22.995438385009763,5.747067
1,476,77.75,67.404175,1,1,22.995438385009763,33.773643
1,2792,25.0,42.779224,0,0,22.995438385009763,30.307293
1,2097,9.0,7.348994,1,1,22.995438385009763,8.655044
1,1584,13.35,12.215042,1,1,22.995438385009763,8.213491
1,650,7.28,10.22666,1,1,22.995438385009763,6.308493
1,40,0.032,0.37091234,1,1,22.995438385009763,2.0843275
1,2794,3.27,10.7158375,1,1,22.995438385009763,67.601425
1,605,46.0,50.650574,1,1,22.995438385009763,11.903129
1,817,9.6,12.403901,1,1,22.995438385009763,30.370296
1,1363,11.3,12.487448,1,1,22.995438385009763,8.48328
1,816,25.61,19.388638,1,0,22.995438385009763,8.25807
1,287,9.05,7.794699,1,1,22.995438385009763,3.5806541
1,1266,5.935,10.396382,1,1,22.995438385009763,8.950738
1,675,56.5,60.65746,1,1,22.995438385009763,53.22193
1,1814,2.52,2.2555215,1,1,22.995438385009763,4.0519643
1,89,4.18,2.4889064,1,0,22.995438385009763,3.372327
1,2794,3.3,12.777899,1,1,22.995438385009763,77.35452
1,2798,5.22,5.458548,1,1,22.995438385009763,6.670242
1,1564,26.0,27.53916,1,1,22.995438385009763,24.242014
1,1217,3.01,4.6774273,1,1,22.995438385009763,4.960827
1,924,0.1,1.4374131,1,1,22.995438385009763,7.8620214
1,429,14.8,16.092402,1,1,22.995438385009763,24.34969
1,341,0.87,1.811143,1,0,22.995438385009763,1.7940172
1,2022,4.9,9.343991,1,1,22.995438385009763,22.51447
1,218,7.5,7.2768946,1,1,22.995438385009763,9.138121
1,924,0.34,-0.15106027,1,1,22.995438385009763,4.4837227
1,473,53.0,88.119064,0,1,22.995438385009763,97.53882
1,110,0.36,1.6009285,1,1,22.995438385009763,6.9924498
1,428,81.0,91.02433,1,1,22.995438385009763,37.468502
1,1210,2.35,3.6866825,1,1,22.995438385009763,4.9899435
1,301,28.0,69.54663,0,0,22.995438385009763,50.418163
1,287,8.05,7.3644004,1,1,22.995438385009763,8.163203
1,774,70.0,35.07765,0,0,22.995438385009763,46.19579
1,675,69.3,57.257523,0,1,22.995438385009763,56.7213
1,911,73.5,70.96196,1,1,22.995438385009763,38.50401
1,616,86.1,88.06887,1,1,22.995438385009763,42.909153
1,1149,4.2,3.1662602,1,1,22.995438385009763,4.4001884
1,1210,4.07,3.5623822,1,1,22.995438385009763,5.27661
1,2803,0.59,0.9300338,1,1,22.995438385009763,8.097261
1,89,4.8,3.1211,1,1,22.995438385009763,4.7972856
1,487,81.0,68.13992,0,1,22.995438385009763,41.28162
1,2804,0.46,1.4802985,1,1,22.995438385009763,95.31358
1,2805,5.9,3.408691,1,0,22.995438385009763,4.7441697
1,473,78.0,87.412704,1,1,22.995438385009763,100.94255
1,216,22.0,29.747246,1,1,22.995438385009763,30.789467
1,733,5.08,4.3715563,1,1,22.995438385009763,3.9896142
1,1559,3.2,10.282928,1,0,22.995438385009763,11.210033
1,2812,1.95,4.959739,1,1,22.995438385009763,8.17106
1,2813,0.213333333,3.541516,1,1,22.995438385009763,8.805861
1,1685,0.14,1.3128217,1,1,22.995438385009763,2.573153
1,292,76.6,78.082436,1,1,22.995438385009763,27.249624
1,559,28.0,38.081882,1,0,22.995438385009763,10.728659
1,2100,9.41,7.202882,1,1,22.995438385009763,6.5939636
1,446,0.94,2.860698,1,1,22.995438385009763,11.484566
1,6,36.4,29.736885,1,1,22.995438385009763,42.15422
1,6,29.5,21.604967,1,1,22.995438385009763,20.8714
1,89,3.805,2.4889064,1,1,22.995438385009763,3.372327
1,2156,5.74,2.8340962,1,1,22.995438385009763,7.7967105
1,396,12.2,21.039877,1,1,22.995438385009763,26.471256
1,2320,2.01,5.4480605,1,0,22.995438385009763,6.314967
1,2818,1.54,1.5716653,1,1,22.995438385009763,3.4150589
1,2684,1.51,1.6229384,1,1,22.995438385009763,5.58603
1,2274,10.0,11.916559,1,1,22.995438385009763,20.324223
1,2820,1.77,1.5728676,1,1,22.995438385009763,3.9516997
1,2256,2.0,5.81065,1,1,22.995438385009763,7.6598825
1,503,6.5,12.235635,1,0,22.995438385009763,6.7359815
1,2821,23.6,23.014568,1,1,22.995438385009763,9.213061
1,487,91.0,81.16723,1,1,22.995438385009763,55.844822
1,119,25.2,16.047338,1,0,22.995438385009763,17.174868
1,1579,8.5,6.5556417,1,1,22.995438385009763,6.6424565
1,569,12.1,15.246998,1,1,22.995438385009763,12.535358
1,1873,2.2,1.8575149,1,1,22.995438385009763,1.8032721
1,351,96.5,65.46128,0,1,22.995438385009763,97.33493
1,1705,1.47,6.7681956,1,1,22.995438385009763,18.677776
1,2823,1.8,2.0373857,1,1,22.995438385009763,4.3198485
1,2824,86.0,75.87311,1,1,22.995438385009763,48.423634
1,257,37.8,23.278606,0,0,22.995438385009763,18.682764
1,2825,3.3,6.6973248,1,1,22.995438385009763,110.08006
1,713,9.5,8.304829,1,1,22.995438385009763,5.7904596
1,501,16.25,17.129679,1,1,22.995438385009763,16.97012
1,2827,13.7,13.737614,1,1,22.995438385009763,6.1789355
1,302,4.29,3.3954632,1,1,22.995438385009763,11.130418
1,216,13.0,21.172964,1,1,22.995438385009763,25.417732
1,1435,3.04,3.539676,1,1,22.995438385009763,5.1348653
1,2830,10.3,4.0696225,1,0,22.995438385009763,9.350546
1,2831,1.35,2.15975,1,1,22.995438385009763,4.1370335
1,292,44.2,49.296474,1,1,22.995438385009763,30.725815
1,364,6.29,3.2107286,1,1,22.995438385009763,7.9261246
1,610,14.7,8.822078,1,0,22.995438385009763,9.368979
1,250,1.93,4.474974,1,1,22.995438385009763,7.01494
1,65,27.3,21.931646,1,1,22.995438385009763,30.136164
1,216,34.3,18.785645,0,1,22.995438385009763,47.58669
1,2833,4.1,3.184249,1,1,22.995438385009763,25.50247
1,2834,24.2,29.69869,1,1,22.995438385009763,39.010315
1,675,26.2,49.74768,0,1,22.995438385009763,55.641933
1,93,4.875,3.7379577,1,1,22.995438385009763,5.4624324
1,89,4.12,2.8622603,1,1,22.995438385009763,4.2007084
1,487,83.2,70.74376,0,1,22.995438385009763,55.309135
1,429,18.0,24.448217,1,1,22.995438385009763,23.436752
1,161,5.5,10.186748,1,1,22.995438385009763,14.804895
1,166,6.14,4.5831647,1,1,22.995438385009763,6.91565
1,605,15.0,33.242813,0,0,22.995438385009763,28.59761
1,273,20.2,29.11564,1,1,22.995438385009763,18.451424
1,1929,18.0,12.602924,1,1,22.995438385009763,36.818657
1,1929,0.22,7.5106206,1,1,22.995438385009763,47.203217
1,671,2.1792,3.6434166,1,1,22.995438385009763,12.264807
1,2838,2.42,3.4086142,1,1,22.995438385009763,5.2308035
1,987,2.0,1.7850775,1,1,22.995438385009763,2.1354728
1,559,27.25,35.3957,1,1,22.995438385009763,17.435953
1,535,6.58,6.6662755,1,1,22.995438385009763,4.0509095
1,1238,7.6,6.827084,1,1,22.995438385009763,6.077645
1,924,0.11,0.609362,1,1,22.995438385009763,6.495603
1,2842,0.21,3.5648303,1,1,22.995438385009763,6.7186627
1,123,4.8,9.677659,1,0,22.995438385009763,8.060743
1,366,3.463333333,9.504734,1,1,22.995438385009763,16.037748
1,1098,23.0,13.877941,1,1,22.995438385009763,38.81928
1,943,0.73,0.025268575,1,1,22.995438385009763,1.6491768
1,955,0.18,1.7057259,1,1,22.995438385009763,3.8124926
1,1415,11.5,12.76851,1,1,22.995438385009763,4.489637
1,191,11.05,11.536285,1,1,22.995438385009763,9.291239
1,1684,13.0,28.57386,0,1,22.995438385009763,42.325294
1,366,12.95,12.583052,1,1,22.995438385009763,14.823279
1,199,9.7,14.467864,1,1,22.995438385009763,17.724382
1,1489,5.595,3.7138536,1,1,22.995438385009763,4.0084124
1,218,10.5,10.414259,1,1,22.995438385009763,6.896061
1,2845,2.715,2.60145,1,1,22.995438385009763,6.8688116
1,99,0.5,2.6553335,1,0,22.995438385009763,3.797037
1,1556,15.2,14.299486,1,1,22.995438385009763,12.322432
1,429,3.65,9.1656065,1,1,22.995438385009763,18.587675
1,2846,4.2,5.2207537,1,1,22.995438385009763,12.007966
1,166,1.42,2.9687963,1,1,22.995438385009763,6.2848673
1,241,13.496,11.950111,1,1,22.995438385009763,6.331194
1,473,85.0,81.27198,1,1,22.995438385009763,106.19874
1,933,8.45,2.8076253,1,1,22.995438385009763,11.428389
1,675,90.7,69.508736,0,1,22.995438385009763,63.74343
1,351,92.1,65.45014,0,1,22.995438385009763,97.33493
1,1050,76.8,77.04409,1,1,22.995438385009763,9.899202
1,292,57.0,56.6186,1,1,22.995438385009763,57.331596
1,351,72.0,32.28206,0,1,22.995438385009763,205.58693
1,813,4.0,4.869945,1,1,22.995438385009763,9.729946
1,1073,0.5,2.7643824,1,1,22.995438385009763,5.523235
1,473,34.0,92.100784,0,0,22.995438385009763,98.259964
1,1132,30.0,39.10378,1,0,22.995438385009763,13.237771
1,1074,0.15,0.91521066,1,1,22.995438385009763,2.2929747
1,2207,3.6,1.9260955,1,1,22.995438385009763,4.6524506
1,6,31.8,16.952059,0,1,22.995438385009763,55.027412
1,781,98.0,87.51563,1,1,22.995438385009763,102.95697
1,54,4.76,5.1199365,1,1,22.995438385009763,3.9114718
1,199,9.9,14.245449,1,1,22.995438385009763,16.847313
1,1296,26.25,21.770515,1,1,22.995438385009763,46.12556
1,2850,5.4,16.130703,1,1,22.995438385009763,32.354187
1,1266,12.0,11.887189,1,1,22.995438385009763,7.2254057
1,644,2.9725,2.7721758,1,1,22.995438385009763,3.146893
1,216,27.0,23.338718,1,1,22.995438385009763,11.18134
1,2352,6.0,9.603837,1,1,22.995438385009763,15.17426
1,2241,30.5,26.297028,1,1,22.995438385009763,30.70177
1,476,81.0,49.666027,0,1,22.995438385009763,71.936005
1,2812,3.05,6.682061,1,1,22.995438385009763,8.261606
1,1419,5.0,4.750252,1,1,22.995438385009763,6.092111
1,984,2.42,2.2603784,1,1,22.995438385009763,4.635737
1,1414,4.02,5.1104126,1,1,22.995438385009763,4.6188426
1,446,10.7,4.39481,1,1,22.995438385009763,15.095154
1,187,4.45,4.256691,1,1,22.995438385009763,6.1584973
1,415,13.2,4.7945547,1,0,22.995438385009763,7.5593476
1,65,31.2,24.87588,1,1,22.995438385009763,31.195274
1,282,36.5,10.372843,0,0,22.995438385009763,23.456324
1,1959,3.29,2.9666126,1,1,22.995438385009763,3.6351511
1,1016,26.0,50.089203,0,0,22.995438385009763,43.475945
1,418,6.57,7.9646797,1,1,22.995438385009763,9.428367
1,1742,1.1,1.0471052,1,1,22.995438385009763,2.630959
1,2034,13.8,16.250614,1,0,22.995438385009763,4.8184724
1,2290,7.75,7.0550885,1,1,22.995438385009763,3.5505106
1,41,3.12,3.7892077,1,1,22.995438385009763,3.958716
1,429,31.5,22.377901,1,1,22.995438385009763,44.2368
1,285,13.3,14.870837,1,1,22.995438385009763,7.2890615
1,256,1.79,3.202769,1,1,22.995438385009763,6.048747
1,2855,1.1,1.8476102,1,1,22.995438385009763,6.6735854
1,1482,3.65,15.014616,1,0,22.995438385009763,11.595794
1,292,90.7,87.38887,1,1,22.995438385009763,14.409322
1,630,5.67,4.3626766,1,1,22.995438385009763,13.338522
1,1041,15.32,12.868346,1,1,22.995438385009763,7.5270905
1,216,29.7,23.338718,1,0,22.995438385009763,11.18134
1,54,4.47,3.9348378,1,1,22.995438385009763,3.3909209
1,2858,1.9,3.1724243,1,1,22.995438385009763,6.546252
1,1463,1.5,4.2606854,1,0,22.995438385009763,5.3113256
1,82,2.02,3.0453718,1,1,22.995438385009763,6.4660807
1,45,23.85,29.139744,1,1,22.995438385009763,18.032604
1,492,2.93,3.2724028,1,1,22.995438385009763,5.3207717
1,45,20.5,28.210361,1,0,22.995438385009763,14.30798
1,1537,3.82,4.603582,1,1,22.995438385009763,4.940992
1,65,19.66428571,13.984291,1,1,22.995438385009763,23.4278
1,2174,1.25,2.358124,1,1,22.995438385009763,6.0845623
1,216,36.0,29.164082,1,1,22.995438385009763,23.307213
1,10,34.9,34.213852,1,1,22.995438385009763,29.842035
1,561,10.0,52.792137,0,0,22.995438385009763,26.122805
1,98,12.0,9.193076,1,1,22.995438385009763,8.916657
1,99,0.031,0.8665291,1,1,22.995438385009763,2.0830276
1,429,30.4,30.043827,1,1,22.995438385009763,35.411526
1,2834,22.7,27.736387,1,1,22.995438385009763,31.522097
1,1684,34.0,29.54955,1,1,22.995438385009763,28.616976
1,987,1.22,1.7872105,1,1,22.995438385009763,2.173785
1,2870,20.0,28.794865,1,1,22.995438385009763,25.166023
1,89,3.5,2.6792865,1,1,22.995438385009763,3.1912484
1,292,86.2,71.64931,0,0,22.995438385009763,23.243214
1,1488,0.715,2.8132105,1,1,22.995438385009763,4.742785
1,1260,12.15,9.513399,1,1,22.995438385009763,7.192904
1,216,40.0,22.65485,0,0,22.995438385009763,21.274033
1,2764,11.0,23.605204,0,1,22.995438385009763,60.914234
1,2874,0.36,0.48718607,1,1,22.995438385009763,1.9671626
1,2652,5.03,6.367043,1,1,22.995438385009763,6.284854
1,216,25.0,21.285885,1,1,22.995438385009763,15.865085
1,302,4.87,3.7453904,1,1,22.995438385009763,7.5531836
1,600,28.3,11.241058,0,0,22.995438385009763,17.19473
1,2879,5.4,6.1037145,1,1,22.995438385009763,7.2783675
1,216,23.0,23.936441,1,1,22.995438385009763,20.01016
1,329,3.888,3.2801952,1,1,22.995438385009763,5.658133
1,2303,5.04,1.6212606,1,0,22.995438385009763,4.4036164
1,1587,36.0,29.565798,1,1,22.995438385009763,53.60825
1,440,42.0,49.09461,1,1,22.995438385009763,37.474056
1,6,18.6,15.791315,1,1,22.995438385009763,14.077521
1,1526,7.3,4.918973,1,1,22.995438385009763,7.206534
1,2084,80.0,73.601166,1,1,22.995438385009763,26.40251
1,171,17.7,21.992163,1,1,22.995438385009763,27.88909
1,2887,2.55,2.8566022,1,1,22.995438385009763,5.26117
1,1854,9.9,7.7929077,1,1,22.995438385009763,4.419348
1,925,73.5,42.165,0,0,22.995438385009763,28.188356
1,993,4.54,7.363113,1,1,22.995438385009763,10.210359
1,171,17.1,25.758516,1,1,22.995438385009763,23.087082
1,644,3.0,2.5294037,1,1,22.995438385009763,4.909537
1,203,13.5,15.438414,1,1,22.995438385009763,9.464524
1,17,2.53,3.5210404,1,1,22.995438385009763,4.354389
1,1870,4.1,5.0854015,1,1,22.995438385009763,6.1061816
1,396,19.9,14.461374,1,1,22.995438385009763,24.51064
1,2879,5.0,5.4839315,1,1,22.995438385009763,7.7038226
1,2123,1.74,1.8634866,1,1,22.995438385009763,4.8340197
1,65,30.675,23.97643,1,1,22.995438385009763,105.903145
1,2353,44.0,52.691433,1,1,22.995438385009763,52.58905
1,1144,6.0,6.1281714,1,1,22.995438385009763,4.676287
1,216,16.5,23.845623,1,1,22.995438385009763,19.572685
1,440,92.0,80.88551,1,1,22.995438385009763,68.00343
1,302,3.41,3.7453904,1,1,22.995438385009763,7.5531836
1,1685,0.37,0.5381614,1,1,22.995438385009763,1.2898415
1,192,8.9,7.5546727,1,1,22.995438385009763,6.2332067
1,1475,34.8,52.16187,0,0,22.995438385009763,29.465643
1,192,9.0,7.4304395,1,1,22.995438385009763,5.4311266
1,681,4.33,3.291302,1,1,22.995438385009763,3.3299532
1,216,6.5,17.641949,1,0,22.995438385009763,15.8400545
1,733,6.75,4.5283866,1,0,22.995438385009763,4.38061
1,2328,75.0,76.41182,1,1,22.995438385009763,116.72818
1,825,82.0,85.03678,1,1,22.995438385009763,53.02271
1,1885,8.0,6.697104,1,1,22.995438385009763,9.049557
1,45,32.0,32.035255,1,1,22.995438385009763,14.201811
1,1504,60.0,49.44384,1,1,22.995438385009763,23.683968
1,1260,8.58,7.474154,1,1,22.995438385009763,6.0519714
1,1223,27.8,39.06756,1,1,22.995438385009763,40.361862
1,586,66.5,84.66819,0,1,22.995438385009763,55.170174
1,429,13.975,12.839026,1,1,22.995438385009763,22.825169
1,921,0.96,19.851322,0,1,22.995438385009763,62.30536
1,216,36.0,25.979729,1,0,22.995438385009763,19.819597
1,492,5.15,3.4120586,1,1,22.995438385009763,4.535027
1,273,23.0,29.156763,1,1,22.995438385009763,16.880154
1,137,6.0,23.394773,0,0,22.995438385009763,19.076094
1,678,9.6,11.026817,1,1,22.995438385009763,12.051682
1,495,1.9425,3.737297,1,1,22.995438385009763,7.9600344
1,2899,1.5,2.764687,1,1,22.995438385009763,6.409833
1,429,25.0,25.064892,1,1,22.995438385009763,18.562283
1,1398,30.0,18.01481,0,1,22.995438385009763,59.54481
1,429,21.0,16.20577,1,1,22.995438385009763,50.17051
1,65,29.58571429,23.164152,1,1,22.995438385009763,28.24812
1,429,2.1,8.477072,1,1,22.995438385009763,30.761906
1,781,75.0,58.68439,0,1,22.995438385009763,188.11061
1,10,28.0,36.43897,1,1,22.995438385009763,41.256294
1,804,8.95,19.534622,1,1,22.995438385009763,29.922987
1,1687,0.275,9.799637,1,1,22.995438385009763,30.342453
1,1433,2.11,2.9706893,1,1,22.995438385009763,3.8127565
1,260,4.52,7.265048,1,1,22.995438385009763,15.392278
1,1517,3.2,2.7680106,1,1,22.995438385009763,4.60415
1,1754,34.0,17.694626,0,0,22.995438385009763,18.610004
1,89,2.76,2.4524794,1,1,22.995438385009763,2.6048975
1,1477,73.1,74.26944,1,1,22.995438385009763,57.94606
1,784,4.92,7.0712886,1,1,22.995438385009763,6.7032533
1,45,5.55,27.997625,0,0,22.995438385009763,16.268969
1,2906,15.4,17.78734,1,1,22.995438385009763,23.591532
1,525,77.9,86.099205,1,1,22.995438385009763,16.801382
1,124,5.883333333,6.3251076,1,1,22.995438385009763,6.0931606
1,446,10.1,3.9343083,1,1,22.995438385009763,15.8208685
1,2907,10.0,23.119757,0,1,22.995438385009763,35.18443
1,216,40.0,17.21939,0,0,22.995438385009763,41.895763
1,2874,0.44,0.24424486,1,1,22.995438385009763,2.2206244
1,2910,21.5,10.842269,1,1,22.995438385009763,39.06679
1,945,2.19,6.964932,1,0,22.995438385009763,7.7537346
1,65,31.5,23.748215,1,1,22.995438385009763,29.980343
1,1645,1.3,2.4883244,1,1,22.995438385009763,4.920649
1,1291,16.8,16.148949,1,1,22.995438385009763,4.8657985
1,351,95.16,84.75645,1,1,22.995438385009763,26.520401
1,1178,1.4,3.2093456,1,1,22.995438385009763,6.3317456
1,918,7.65,5.943038,1,1,22.995438385009763,6.1227727
1,1382,62.0,60.093975,1,1,22.995438385009763,55.913033
1,756,21.0,20.130945,1,1,22.995438385009763,18.204863
1,1477,70.9,51.56859,0,1,22.995438385009763,55.34797
1,236,90.83333333,87.66077,1,1,22.995438385009763,23.909472
1,1205,6.92,0.15888625,1,0,22.995438385009763,2.0010393
1,756,28.9,25.628624,1,1,22.995438385009763,27.201378
1,2913,4.44,6.5838404,1,1,22.995438385009763,14.658149
1,600,26.9,12.35844,0,0,22.995438385009763,22.823896
1,89,3.58,2.6600327,1,1,22.995438385009763,3.1912484
1,771,2.1,2.722842,1,1,22.995438385009763,9.789598
1,1641,3.94,6.709119,1,1,22.995438385009763,6.234538
1,1098,28.0,8.898569,0,0,22.995438385009763,32.36102
1,495,3.736666667,2.8523254,1,1,22.995438385009763,5.6068964
1,2914,8.0,7.5560827,1,1,22.995438385009763,6.5035524
1,396,23.9,17.454472,1,1,22.995438385009763,28.093252
1,2424,6.62,3.036458,1,0,22.995438385009763,5.1210165
1,1201,4.6,2.286165,1,1,22.995438385009763,8.284639
1,671,1.2,3.7297761,1,1,22.995438385009763,13.078459
1,1593,20.0,18.527039,1,1,22.995438385009763,27.909996
1,1475,44.4,51.721256,1,1,22.995438385009763,26.884012
1,510,89.5,95.944305,1,1,22.995438385009763,18.788496
1,913,4.25,2.9273307,1,1,22.995438385009763,4.0241466
1,338,45.8,32.71919,0,1,22.995438385009763,43.515232
1,1307,0.32,2.278989,1,1,22.995438385009763,4.4896345
1,2735,6.0,4.706534,1,1,22.995438385009763,7.8612075
1,54,6.84,6.7223845,1,1,22.995438385009763,5.801484
1,120,7.46,10.862418,1,1,22.995438385009763,21.416027
1,1178,2.68,3.0654845,1,1,22.995438385009763,5.4275417
1,2919,3.02,2.8893945,1,1,22.995438385009763,4.229995
1,2353,22.0,38.68207,0,1,22.995438385009763,74.40096
1,586,104.4,103.36782,1,1,22.995438385009763,54.00571
1,45,24.0,27.09887,1,1,22.995438385009763,17.709568
1,1498,59.8,57.340992,1,1,22.995438385009763,41.922462
1,2345,55.0,62.89852,1,1,22.995438385009763,66.78373
1,880,7.0,34.86919,0,1,22.995438385009763,66.61402
1,440,93.0,70.50712,0,1,22.995438385009763,46.822296
1,2925,7.05,10.957462,1,1,22.995438385009763,16.568136
1,2827,12.1,12.162024,1,1,22.995438385009763,6.346684
1,194,10.3,7.253346,1,0,22.995438385009763,5.4130354
1,2929,1.375,4.8333535,1,1,22.995438385009763,10.254647
1,1475,43.8,51.700947,1,1,22.995438385009763,23.826496
1,1225,5.74,7.6650133,1,1,22.995438385009763,7.213101
1,2708,2.84,3.6475751,1,1,22.995438385009763,8.194064
1,292,32.0,34.297226,1,1,22.995438385009763,76.47596
1,415,15.2,8.437023,1,0,22.995438385009763,11.002148
1,161,10.8,8.779343,1,1,22.995438385009763,6.2732882
1,429,12.3,17.132862,1,1,22.995438385009763,15.7530775
1,1100,24.5,17.347345,1,1,22.995438385009763,25.595455
1,2249,5.323333333,4.0647984,1,1,22.995438385009763,9.814503
1,675,88.1,69.07592,0,1,22.995438385009763,53.391193
1,1526,1.3,8.029483,1,0,22.995438385009763,4.8386116
1,829,2.575,4.186128,1,1,22.995438385009763,5.0747647
1,559,36.25,37.88812,1,1,22.995438385009763,8.561462
1,2128,52.0,47.373905,1,1,22.995438385009763,60.133755
1,446,10.2,3.638186,1,1,22.995438385009763,15.231696
1,338,48.0,24.161167,0,0,22.995438385009763,42.374744
1,569,11.8,16.506866,1,1,22.995438385009763,15.522443
1,1822,17.0,30.892963,0,0,22.995438385009763,4.1112843
1,1260,6.1,7.491586,1,1,22.995438385009763,5.3045406
1,2935,14.17727273,14.355469,1,1,22.995438385009763,6.5480156
1,429,22.45,18.554478,1,1,22.995438385009763,26.258656
1,499,14.7,9.775544,1,0,22.995438385009763,7.06627
1,124,8.06,7.498442,1,1,22.995438385009763,6.1478977
1,383,15.775,15.498946,1,1,22.995438385009763,6.521534
1,199,14.0,16.088943,1,1,22.995438385009763,8.497112
1,499,12.0,9.476726,1,1,22.995438385009763,6.092973
1,2593,0.8,8.053684,1,0,22.995438385009763,8.316733
1,1787,1.52,1.1732535,1,1,22.995438385009763,2.2112467
1,157,0.117,0.013254965,1,1,22.995438385009763,4.276523
1,866,93.45,84.18135,1,1,22.995438385009763,85.93624
1,1946,47.0,22.37032,0,0,22.995438385009763,23.398432
1,429,33.0,26.919786,1,1,22.995438385009763,19.311464
1,224,20.2,20.008224,1,1,22.995438385009763,13.255226
1,2939,1.175,7.1290627,1,1,22.995438385009763,31.100176
1,382,102.0,113.55809,0,1,22.995438385009763,77.183395
1,227,1.85,1.2566571,1,1,22.995438385009763,2.1590521
1,473,61.0,92.59692,0,1,22.995438385009763,79.23016
1,216,28.414,24.044632,1,1,22.995438385009763,11.18134
1,65,28.0,20.405565,1,1,22.995438385009763,25.090345
1,1719,26.2,18.688427,1,1,22.995438385009763,16.060966
1,1924,6.415,3.727498,1,1,22.995438385009763,5.7959466
1,683,3.0,2.5266926,1,1,22.995438385009763,3.6885936
1,600,27.4,8.354954,0,0,22.995438385009763,14.778766
1,383,18.0,17.916643,1,1,22.995438385009763,4.3068285
1,925,17.0,70.955025,0,0,22.995438385009763,31.750015
1,292,49.0,44.61308,1,1,22.995438385009763,63.561855
1,216,9.5875,25.326122,0,0,22.995438385009763,27.002605
1,2943,2.5,5.1951447,1,1,22.995438385009763,27.200472
1,236,87.2,85.486946,1,1,22.995438385009763,15.765182
1,557,21.0,30.574419,1,0,22.995438385009763,17.531305
1,1050,87.0,74.818665,0,1,22.995438385009763,28.265493
1,2946,3.74,6.115131,1,1,22.995438385009763,8.223816
1,2947,8.8,6.640781,1,1,22.995438385009763,6.4790735
1,35,35.0,20.555666,0,1,22.995438385009763,30.906693
1,2838,2.42,3.4086142,1,1,22.995438385009763,5.2308035
1,2950,64.4,33.228626,0,0,22.995438385009763,38.33411
1,1227,0.7,1.6673502,1,1,22.995438385009763,3.1695976
1,2821,22.7,21.51866,1,1,22.995438385009763,11.509274
1,10,24.1,35.06,1,1,22.995438385009763,42.54211
1,932,45.7,16.309475,0,0,22.995438385009763,53.349125
1,2812,3.05,6.682061,1,1,22.995438385009763,8.261606
1,54,5.31,5.1352954,1,1,22.995438385009763,5.360154
1,1782,4.89,3.0707047,1,1,22.995438385009763,4.4124794
1,199,10.4,14.185416,1,1,22.995438385009763,8.318093
1,314,3.23,3.1775901,1,1,22.995438385009763,8.6288395
1,2956,2.8,5.9071875,1,1,22.995438385009763,24.12282
1,2959,2.2,2.277011,1,1,22.995438385009763,5.1798644
1,2667,0.96,1.4972975,1,1,22.995438385009763,4.637633
1,383,17.9,17.979355,1,1,22.995438385009763,4.071099
1,772,1.25,2.242584,1,1,22.995438385009763,4.4827056
1,287,7.95,7.952649,1,1,22.995438385009763,3.2694101
1,2960,0.0157,2.971186,1,0,22.995438385009763,4.1101217
1,1593,41.0,28.88029,0,1,22.995438385009763,33.746704
1,559,35.78,37.88438,1,1,22.995438385009763,9.19109
1,1587,42.5,24.541578,0,1,22.995438385009763,55.770897
1,1535,7.3,4.5007706,1,1,22.995438385009763,6.0325923
1,35,28.0,33.951283,1,1,22.995438385009763,20.928251
1,898,91.0,53.25146,0,0,22.995438385009763,66.055115
1,331,13.4,17.431126,1,1,22.995438385009763,23.17073
1,559,37.53333333,37.94643,1,1,22.995438385009763,8.561462
1,683,3.4,2.590953,1,1,22.995438385009763,3.8131924
1,10,25.2,34.834682,1,1,22.995438385009763,37.139072
1,678,1.7475,4.5270495,1,1,22.995438385009763,10.830448
1,429,19.98,13.54045,1,1,22.995438385009763,21.560274
1,54,5.15,6.138186,1,1,22.995438385009763,5.213073
1,906,18.0,3.7847095,0,0,22.995438385009763,4.634117
1,65,0.77,9.341519,1,1,22.995438385009763,35.761127
1,1391,5.8,24.5074,0,0,22.995438385009763,20.186806
1,2972,16.0,19.124813,1,1,22.995438385009763,27.58528
1,1266,10.475,11.749868,1,1,22.995438385009763,7.5075817
1,134,20.0,37.916084,0,1,22.995438385009763,44.536797
1,1477,86.0,81.934235,1,1,22.995438385009763,55.16331
1,2975,2.2,4.432834,1,1,22.995438385009763,17.833054
1,58,4.66,3.547141,1,1,22.995438385009763,4.4658318
1,306,2.8,0.08381823,1,0,22.995438385009763,3.5156379
1,351,91.6,65.44986,0,1,22.995438385009763,96.86597
1,54,4.65,5.3045225,1,1,22.995438385009763,4.676413
1,560,2.79,3.5361183,1,1,22.995438385009763,5.793637
1,338,43.0,25.929058,0,1,22.995438385009763,40.036373
1,89,3.87,2.8575442,1,1,22.995438385009763,4.1038384
1,817,21.4,15.581689,1,1,22.995438385009763,14.726967
1,287,8.03,7.724577,1,1,22.995438385009763,9.094812
1,558,2.85,10.085504,1,0,22.995438385009763,8.17202
1,1857,0.85,0.54188615,1,1,22.995438385009763,1.5214562
1,2174,1.53,1.6954291,1,1,22.995438385009763,5.253499
1,351,73.0,73.66934,1,1,22.995438385009763,49.72189
1,89,2.66,2.2635977,1,1,22.995438385009763,3.0412436
1,785,1.585,2.4134097,1,1,22.995438385009763,8.526751
1,351,88.0,86.51777,1,1,22.995438385009763,27.937416
1,287,7.388,8.148412,1,1,22.995438385009763,2.5550308
1,166,5.872,4.413025,1,1,22.995438385009763,6.91565
1,199,14.0,14.113766,1,1,22.995438385009763,8.727205
1,192,7.4,7.1893096,1,1,22.995438385009763,5.154574
1,45,15.0,29.266748,0,0,22.995438385009763,11.715943
1,1217,2.92,4.643826,1,1,22.995438385009763,4.960827
1,254,53.5,32.959263,0,1,22.995438385009763,78.67951
1,1950,5.05,4.115789,1,1,22.995438385009763,16.864286
1,227,1.61,1.180171,1,1,22.995438385009763,2.3497624
1,1436,8.86,6.915984,1,1,22.995438385009763,7.2271123
1,817,16.8,12.939336,1,1,22.995438385009763,25.416048
1,2978,10.9,5.636054,1,0,22.995438385009763,8.102308
1,559,37.0,37.88438,1,1,22.995438385009763,8.262667
1,1565,54.85,38.852592,0,1,22.995438385009763,55.89635
1,2683,1.25,2.1300719,1,1,22.995438385009763,4.0385165
1,1870,2.15,5.07644,1,1,22.995438385009763,5.9862714
1,2982,3.15,3.9998963,1,1,22.995438385009763,6.9230523
1,35,22.0,12.744032,1,1,22.995438385009763,33.31362
1,477,7.7,6.8265376,1,1,22.995438385009763,5.6821094
1,2769,1.09,6.123629,1,1,22.995438385009763,18.933187
1,2984,1.8,7.031186,1,0,22.995438385009763,9.274599
1,569,9.92,15.633216,1,0,22.995438385009763,9.997578
1,199,16.12,16.299944,1,1,22.995438385009763,7.4624147
1,273,19.8,27.516993,1,1,22.995438385009763,27.431133
1,632,0.53,1.1776985,1,1,22.995438385009763,4.683081
1,2131,1.19,4.201364,1,0,22.995438385009763,5.3000045
1,89,2.62,2.2635977,1,1,22.995438385009763,3.0412436
1,2991,0.67,1.6023581,1,1,22.995438385009763,2.591427
1,1352,2.64,2.5708528,1,1,22.995438385009763,3.9264007
1,1482,24.6,15.393523,1,0,22.995438385009763,10.740376
1,840,65.0,47.921154,0,1,22.995438385009763,70.211555
1,192,8.32,6.9360113,1,1,22.995438385009763,5.8949723
1,65,27.3,22.390644,1,1,22.995438385009763,30.831308
1,314,4.65,4.047847,1,1,22.995438385009763,7.642879
1,415,10.1,4.673489,1,0,22.995438385009763,6.1377163
1,1565,0.2,35.52823,0,0,22.995438385009763,55.10739
1,2292,2.3,1.0222706,1,1,22.995438385009763,3.5883
1,543,2.52,3.4929888,1,1,22.995438385009763,4.4203467
1,292,62.0,37.9877,0,1,22.995438385009763,84.90537
1,1866,5.8,2.9099696,1,0,22.995438385009763,4.936619
1,58,4.7,5.7892127,1,1,22.995438385009763,11.047736
1,1946,27.6,18.01224,1,0,22.995438385009763,18.028484
1,1352,2.62,2.5386078,1,1,22.995438385009763,3.3164916
1,241,15.3,11.950111,1,0,22.995438385009763,6.331194
1,89,3.88,2.8196335,1,1,22.995438385009763,3.303692
1,1328,3.85,5.0591655,1,1,22.995438385009763,8.754508
1,521,2.8,3.8168025,1,1,22.995438385009763,4.61582
1,1782,6.07,3.5961068,1,0,22.995438385009763,4.2908955
1,925,73.1,57.396698,0,1,22.995438385009763,36.098167
1,525,87.9,89.03962,1,1,22.995438385009763,14.518082
1,415,14.72,4.650721,1,0,22.995438385009763,5.8063755
1,1565,54.2,46.615612,1,1,22.995438385009763,39.76451
1,2034,8.3,9.803831,1,1,22.995438385009763,7.806853
1,2710,3.38,2.8907692,1,1,22.995438385009763,4.3968897
1,366,20.15,15.716511,1,1,22.995438385009763,12.236425
1,911,86.8,76.4306,1,1,22.995438385009763,40.62671
1,675,93.5,61.314518,0,1,22.995438385009763,64.66692
1,45,47.7,33.000465,0,1,22.995438385009763,83.08698
1,45,23.0,27.481525,1,1,22.995438385009763,15.957859
1,516,79.0,72.01681,1,1,22.995438385009763,30.714329
1,1870,3.12,5.25194,1,1,22.995438385009763,7.319383
1,543,6.25,4.6028852,1,1,22.995438385009763,5.4665804
1,351,80.0,84.96378,1,1,22.995438385009763,30.31733
1,487,94.0,82.96523,1,1,22.995438385009763,68.163734
1,169,5.4,2.6601658,1,0,22.995438385009763,4.2812734
1,559,33.85,38.03234,1,1,22.995438385009763,9.044488
1,2913,5.745,4.1726966,1,1,22.995438385009763,12.1826105
1,292,26.0,30.220259,1,1,22.995438385009763,58.305325
1,3001,3.0,3.7539067,1,1,22.995438385009763,8.849164
1,199,15.7,14.113766,1,1,22.995438385009763,8.727205
1,292,80.5,63.161,0,1,22.995438385009763,42.508514
1,341,1.86,1.811143,1,1,22.995438385009763,1.7940172
1,644,2.69,2.771889,1,1,22.995438385009763,3.6786444
1,236,50.0,73.41937,0,0,22.995438385009763,30.170797
1,1559,5.4,9.81359,1,1,22.995438385009763,11.5661335
1,40,1.587,4.668973,1,1,22.995438385009763,12.914763
1,477,7.5,7.0079145,1,1,22.995438385009763,4.2381167
1,675,50.05,53.047085,1,1,22.995438385009763,48.683804
1,50,71.0,74.51603,1,1,22.995438385009763,38.48811
1,157,0.025,0.0769124,1,1,22.995438385009763,4.303613
1,1271,3.3,5.700744,1,1,22.995438385009763,5.6420245
1,945,3.7,4.490806,1,1,22.995438385009763,10.637855
1,1260,14.0,10.347879,1,1,22.995438385009763,8.279038
1,1785,25.0,19.609222,1,1,22.995438385009763,26.105223
1,777,6.66,6.4877005,1,1,22.995438385009763,2.6496542
1,2156,5.71,2.4061909,1,1,22.995438385009763,15.83846
1,2241,22.6,21.687553,1,1,22.995438385009763,26.147345
1,925,83.0,64.294815,0,0,22.995438385009763,29.45494
1,477,8.6,7.8879895,1,1,22.995438385009763,5.597328
1,6,8.9,10.00666,1,1,22.995438385009763,23.847813
1,2349,2.425,11.00631,1,0,22.995438385009763,16.745762
1,3007,62.0,42.240997,0,1,22.995438385009763,57.69094
1,1010,6.2,3.4967275,1,1,22.995438385009763,10.396076
1,3008,0.455,8.160524,1,0,22.995438385009763,13.774516
1,208,3.644,4.0903907,1,1,22.995438385009763,2.6395023
1,1850,0.88,1.641986,1,1,22.995438385009763,1.7492883
1,898,64.0,67.61733,1,1,22.995438385009763,31.489876
1,285,17.0,15.493559,1,1,22.995438385009763,6.509844
1,2075,23.0,25.153797,1,1,22.995438385009763,10.849441
1,306,2.6,0.6605429,1,0,22.995438385009763,2.9617121
1,3013,5.67,9.339537,1,1,22.995438385009763,13.794214
1,1089,7.53,5.894648,1,1,22.995438385009763,8.068828
1,58,3.51,3.6552582,1,1,22.995438385009763,3.1731107
1,1610,2.33,2.7883918,1,1,22.995438385009763,5.7743974
1,492,2.25,3.3360386,1,1,22.995438385009763,5.3207717
1,171,16.8,24.075268,1,1,22.995438385009763,27.252722
1,321,91.5,87.25967,1,1,22.995438385009763,23.205011
1,1657,89.5,68.96703,0,1,22.995438385009763,54.766136
1,123,7.5,9.706586,1,1,22.995438385009763,8.547356
1,817,16.8,13.3411045,1,1,22.995438385009763,27.611763
1,3015,1.775,2.6517947,1,1,22.995438385009763,7.5535383
1,1297,11.85,14.480567,1,1,22.995438385009763,10.386466
1,598,2.4,8.507622,1,1,22.995438385009763,15.654953
1,551,31.7,25.491488,1,1,22.995438385009763,28.375147
1,187,7.9,5.001458,1,1,22.995438385009763,6.485793
1,1852,30.0,24.9804,1,1,22.995438385009763,30.988966
1,1870,1.31,4.0237083,1,1,22.995438385009763,6.878235
1,10,25.1,36.79065,0,1,22.995438385009763,51.579853
1,216,33.3,18.712748,0,1,22.995438385009763,42.090668
1,2396,18.1,18.599033,1,1,22.995438385009763,3.6480293
1,428,80.0,83.6158,1,1,22.995438385009763,31.402456
1,216,42.4,72.0389,0,1,22.995438385009763,81.986176
1,314,2.218428571,2.365679,1,1,22.995438385009763,3.9632769
1,559,38.3,37.886044,1,1,22.995438385009763,9.044488
1,1524,5.3,3.4725835,1,1,22.995438385009763,9.739503
1,1189,1.8,2.6956003,1,1,22.995438385009763,5.033555
1,1526,5.0,7.842934,1,0,22.995438385009763,4.7014613
1,1866,4.5,4.0344005,1,1,22.995438385009763,3.6837275
1,2426,1.5325,2.592616,1,1,22.995438385009763,4.925943
1,994,1.7,1.4954032,1,1,22.995438385009763,7.4121304
1,3022,65.0,72.29082,1,1,22.995438385009763,34.03906
1,248,5.6,7.4705696,1,1,22.995438385009763,12.922375
1,351,82.0,85.826324,1,1,22.995438385009763,24.263496
1,559,25.5,36.188267,1,0,22.995438385009763,15.869629
1,292,69.3,58.967052,1,1,22.995438385009763,57.49257
1,1178,4.43,3.2109902,1,1,22.995438385009763,5.7838364
1,473,80.0,94.856094,0,1,22.995438385009763,31.898535
1,487,92.0,50.4129,0,0,22.995438385009763,78.532326
1,2034,11.85,15.53933,1,0,22.995438385009763,6.6083765
1,1781,0.68125,0.8975204,1,1,22.995438385009763,31.690193
1,535,6.28,3.9990807,1,0,22.995438385009763,4.414373
1,1657,89.0,80.55682,1,1,22.995438385009763,35.708107
1,3024,0.912666667,4.7055964,1,0,22.995438385009763,6.9189687
1,3025,6.41,12.727161,1,0,22.995438385009763,9.022447
1,961,38.8,39.32527,1,1,22.995438385009763,18.548107
1,1100,30.25,18.777796,1,1,22.995438385009763,27.83611
1,1384,13.0,8.688655,1,1,22.995438385009763,10.176191
1,2812,1.96,4.959739,1,1,22.995438385009763,8.17106
1,41,2.98,5.1700754,1,1,22.995438385009763,5.6402826
1,2307,4.71,27.91642,0,1,22.995438385009763,48.195362
1,3026,4.5,8.918974,1,1,22.995438385009763,9.007437
1,2292,2.5,0.96785295,1,1,22.995438385009763,4.0841017
1,3027,2.0,6.3065023,1,1,22.995438385009763,8.676001
1,1918,0.65,4.918286,1,1,22.995438385009763,13.20283
1,383,18.0,17.936245,1,1,22.995438385009763,4.3068285
1,292,72.0,87.228836,0,1,22.995438385009763,30.861486
1,3029,0.9,2.3072252,1,1,22.995438385009763,4.869106
1,54,4.94,6.700719,1,1,22.995438385009763,6.1901107
1,929,5.8,9.98024,1,1,22.995438385009763,22.132904
1,65,28.2,22.766584,1,1,22.995438385009763,28.24812
1,2874,0.2,0.6005545,1,1,22.995438385009763,1.4205805
1,808,0.6,6.328433,1,1,22.995438385009763,21.405561
1,2320,3.88,3.6716726,1,1,22.995438385009763,4.6255326
1,54,6.56,6.7450213,1,1,22.995438385009763,6.1175222
1,2833,4.1,1.1272137,1,1,22.995438385009763,6.597781
1,1395,38.0,53.060375,0,1,22.995438385009763,68.319954
1,65,20.4,24.056316,1,1,22.995438385009763,32.050682
1,3036,8.311428571,6.6032453,1,1,22.995438385009763,7.588726
1,2812,2.05,4.959739,1,1,22.995438385009763,8.17106
1,2838,2.44,3.4009237,1,1,22.995438385009763,5.2308035
1,1149,5.14,3.3490956,1,1,22.995438385009763,4.4001884
1,1178,1.71,3.0145307,1,1,22.995438385009763,5.283821
1,737,9.8,5.834141,1,1,22.995438385009763,20.508999
1,2833,4.12,8.742036,1,1,22.995438385009763,21.852106
1,973,10.3,8.217651,1,1,22.995438385009763,9.683613
1,331,21.05,17.988115,1,1,22.995438385009763,22.98125
1,748,13.0,9.948623,1,1,22.995438385009763,7.3486896
1,1726,52.5,32.980984,0,1,22.995438385009763,92.96572
1,1754,46.6,24.334127,0,1,22.995438385009763,57.860207
1,1384,13.1,8.570003,1,0,22.995438385009763,8.174602
1,1032,78.0,73.12066,1,1,22.995438385009763,28.910046
1,241,14.9,11.667435,1,0,22.995438385009763,6.331194
1,282,37.3,11.779738,0,0,22.995438385009763,25.476044
1,1234,0.907,3.5565662,1,0,22.995438385009763,3.876652
1,1394,36.8,30.856668,1,0,22.995438385009763,9.745463
1,937,4.18,4.377564,1,1,22.995438385009763,5.7645307
1,82,2.04,3.191018,1,1,22.995438385009763,6.2852864
1,227,1.89,1.3162978,1,1,22.995438385009763,2.2753408
1,123,6.0,9.558518,1,1,22.995438385009763,8.010653
1,600,27.8,12.251799,0,0,22.995438385009763,17.472168
1,292,58.8,46.133183,0,1,22.995438385009763,69.617874
1,906,18.1,9.237255,1,0,22.995438385009763,10.102029
1,1831,4.8,4.355799,1,1,22.995438385009763,8.163654
1,194,4.4,5.6294084,1,1,22.995438385009763,5.8853526
1,429,3.65,8.390355,1,1,22.995438385009763,19.291435
1,216,14.4,68.81924,0,1,22.995438385009763,132.05235
1,199,11.7,14.895304,1,1,22.995438385009763,8.107214
1,1273,9.18,6.6557245,1,0,22.995438385009763,4.1370296
1,429,8.1,23.672218,0,0,22.995438385009763,28.417608
1,476,78.49,62.730892,0,1,22.995438385009763,34.13082
1,487,39.5,61.535786,0,0,22.995438385009763,33.66747
1,2812,2.84,6.688295,1,1,22.995438385009763,7.8807654
1,2925,6.62,14.489761,1,1,22.995438385009763,18.441029
1,216,40.0,22.514189,0,0,22.995438385009763,24.700827
1,473,87.0,82.17314,1,1,22.995438385009763,33.61523
1,804,13.3,20.39268,1,1,22.995438385009763,29.454062
1,1442,6.45,6.2310834,1,1,22.995438385009763,6.2819242
1,331,20.1,17.988115,1,1,22.995438385009763,22.98125
1,382,104.0,109.42529,1,1,22.995438385009763,69.096245
1,58,4.5,3.8495553,1,1,22.995438385009763,6.0128193
1,635,12.5,9.61719,1,1,22.995438385009763,25.739563
1,161,11.17,8.779343,1,1,22.995438385009763,6.2732882
1,65,23.0,12.089845,1,1,22.995438385009763,72.88546
1,1959,0.65,3.8490202,1,1,22.995438385009763,8.683981
1,65,15.5,9.021713,1,1,22.995438385009763,28.54262
1,749,40.0,55.947056,0,1,22.995438385009763,61.740635
1,351,81.0,86.11623,1,1,22.995438385009763,35.334633
1,227,2.11,1.0241274,1,0,22.995438385009763,1.7523758
1,1827,24.5,15.457922,1,1,22.995438385009763,26.101988
1,40,1.062,3.3277125,1,1,22.995438385009763,6.0798526
1,1032,88.0,81.7152,1,1,22.995438385009763,17.820755
1,1384,12.5,8.30283,1,1,22.995438385009763,10.284114
1,627,77.0,65.43097,0,1,22.995438385009763,132.45169
1,943,1.69,0.0072126803,1,0,22.995438385009763,1.9695985
1,123,15.6,11.322238,1,1,22.995438385009763,9.409161
1,2397,61.0,58.929096,1,1,22.995438385009763,104.91264
1,446,10.2,3.2037942,1,1,22.995438385009763,15.67496
1,1100,13.9,11.838481,1,1,22.995438385009763,44.347916
1,1433,0.210166667,6.9488487,1,0,22.995438385009763,12.256081
1,476,76.91,51.608685,0,0,22.995438385009763,47.389847
1,573,0.76,3.3276346,1,0,22.995438385009763,4.3104887
1,224,20.0,18.045149,1,1,22.995438385009763,10.327749
1,2396,16.0,18.09766,1,1,22.995438385009763,4.8347416
1,40,1.2,2.247862,1,1,22.995438385009763,4.3636546
1,2019,1.19,2.2385836,1,1,22.995438385009763,6.149011
1,688,10.8,4.027818,1,0,22.995438385009763,6.9100704
1,3058,8.0,9.305648,1,1,22.995438385009763,249.55916
1,3059,4.6,2.7229452,1,1,22.995438385009763,4.4009724
1,429,21.96,37.021732,0,1,22.995438385009763,75.40795
1,45,19.5,32.72959,0,0,22.995438385009763,23.1841
1,2813,0.79475,3.541516,1,1,22.995438385009763,8.805861
1,1652,88.0,47.123177,0,0,22.995438385009763,74.36374
1,203,17.4,15.079353,1,1,22.995438385009763,12.786514
1,166,4.77,4.5241547,1,1,22.995438385009763,6.91565
1,99,0.0238,0.5979887,1,1,22.995438385009763,2.0830276
1,331,14.0,17.42624,1,1,22.995438385009763,25.481874
1,1489,3.28,3.4886875,1,1,22.995438385009763,4.1695538
1,1441,1.8,2.5438654,1,1,22.995438385009763,3.9166467
1,40,1.63,3.5644703,1,1,22.995438385009763,7.305035
1,3062,22.0,16.122713,1,1,22.995438385009763,79.42855
1,994,0.9,2.4320867,1,1,22.995438385009763,7.314065
1,54,8.87,6.55652,1,0,22.995438385009763,2.9308677
2,3,1.1,1.9984393,1,1,22.84134864807129,2.5673828
2,4,4.85,6.2168326,1,1,22.84134864807129,12.508893
2,6,33.0,33.23085,1,1,22.84134864807129,11.22266
2,8,9.7,3.346427,1,1,22.84134864807129,15.079264
2,14,40.0,22.751766,0,1,22.84134864807129,36.769676
2,15,83.0,12.101561,0,0,22.84134864807129,30.55226
2,18,11.9,5.804573,1,0,22.84134864807129,6.716862
2,23,14.2,14.122777,1,1,22.84134864807129,8.633921
2,27,2.78,3.5713482,1,1,22.84134864807129,4.5976686
2,33,17.5,14.020098,1,1,22.84134864807129,9.892995
2,37,12.0,10.860676,1,1,22.84134864807129,6.412732
2,48,40.0,43.52112,1,1,22.84134864807129,50.724293
2,54,9.226,7.971224,1,1,22.84134864807129,3.9777102
2,60,39.3,28.062325,1,1,22.84134864807129,23.904566
2,62,20.34,11.786146,1,0,22.84134864807129,7.0671515
2,63,23.8,16.228275,1,1,22.84134864807129,52.525604
2,54,6.8,7.229267,1,1,22.84134864807129,4.973452
2,68,3.94,5.252927,1,0,22.84134864807129,2.569593
2,69,0.61,1.4986602,1,1,22.84134864807129,5.3691945
2,72,6.6,6.428303,1,1,22.84134864807129,4.1902924
2,76,6.86,7.702479,1,1,22.84134864807129,7.7857265
2,79,12.7,10.927072,1,1,22.84134864807129,5.2438655
2,82,2.13,3.1993659,1,1,22.84134864807129,4.8477287
2,84,4.0635,5.5092363,1,1,22.84134864807129,5.9176025
2,93,1.835,3.6030269,1,1,22.84134864807129,6.8854966
2,95,1.5,3.4703193,1,1,22.84134864807129,6.858508
2,98,11.2,8.051116,1,1,22.84134864807129,8.253363
2,101,3.293333333,2.8483016,1,1,22.84134864807129,5.045689
2,102,8.5,9.756498,1,1,22.84134864807129,10.469155
2,103,3.06,2.561079,1,1,22.84134864807129,5.1572204
2,107,1.57,3.3973494,1,1,22.84134864807129,8.66173
2,108,13.3,12.485401,1,1,22.84134864807129,18.38305
2,110,0.325,1.6025704,1,1,22.84134864807129,3.9700918
2,111,60.0,67.66396,1,1,22.84134864807129,83.869
2,112,1.26,1.4847015,1,1,22.84134864807129,5.5021906
2,119,14.3,28.777216,0,0,22.84134864807129,28.633007
2,122,7.0,5.071273,1,1,22.84134864807129,7.0156293
2,127,3.3445,3.0587676,1,1,22.84134864807129,5.1245804
2,129,44.0,60.931763,0,1,22.84134864807129,38.37337
2,130,0.557,1.691986,1,1,22.84134864807129,9.249313
2,131,2.31,7.7640057,1,1,22.84134864807129,17.282917
2,133,4.0275,4.432375,1,1,22.84134864807129,5.0187526
2,137,29.0,20.441912,1,1,22.84134864807129,28.81857
2,140,4.16,3.4699585,1,1,22.84134864807129,5.189023
2,142,6.4,7.6434045,1,1,22.84134864807129,7.5595093
2,143,1.99,2.579195,1,1,22.84134864807129,3.6570575
2,148,7.2,7.5955434,1,1,22.84134864807129,3.4359577
2,152,85.5,78.559944,1,1,22.84134864807129,42.893963
2,156,2.04,1.1719348,1,1,22.84134864807129,4.3688087
2,157,0.24,0.5956642,1,1,22.84134864807129,4.8491044
2,158,0.76,7.4950686,1,0,22.84134864807129,6.476572
2,171,17.0,18.740623,1,1,22.84134864807129,18.334583
2,173,1.38,3.0669606,1,1,22.84134864807129,23.298145
2,27,3.32,3.5159285,1,1,22.84134864807129,4.872786
2,176,6.2,5.9455934,1,1,22.84134864807129,8.428793
2,180,23.5,25.55435,1,1,22.84134864807129,32.63124
2,184,23.0,46.1311,0,0,22.84134864807129,35.474396
2,194,1.6,3.772231,1,1,22.84134864807129,5.8783264
2,199,11.8,14.299886,1,1,22.84134864807129,8.053817
2,200,0.075,-0.48364812,1,0,22.84134864807129,1.0616452
2,112,0.254,1.4499727,1,1,22.84134864807129,5.3371944
2,202,5.2,3.7032173,1,1,22.84134864807129,11.078601
2,204,27.0,22.659815,1,1,22.84134864807129,16.867561
2,208,5.95,3.630115,1,0,22.84134864807129,3.2204049
2,209,0.43,2.6066208,1,1,22.84134864807129,4.539068
2,119,18.0,14.859534,1,1,22.84134864807129,46.014248
2,215,4.35,3.8883543,1,1,22.84134864807129,5.6082067
2,216,19.6,24.682705,1,1,22.84134864807129,10.95106
2,218,8.7,11.006153,1,1,22.84134864807129,6.064982
2,219,5.867142857,4.339383,1,1,22.84134864807129,11.336915
2,221,10.25,15.487654,1,1,22.84134864807129,25.698595
2,226,6.5,14.821264,1,0,22.84134864807129,12.453919
2,227,1.77,1.6913733,1,1,22.84134864807129,3.219579
2,230,35.0,59.24359,0,1,22.84134864807129,49.898323
2,232,5.5,8.437682,1,0,22.84134864807129,4.717685
2,200,0.03,-0.29856881,1,1,22.84134864807129,1.4978222
2,236,89.88,85.15209,1,1,22.84134864807129,12.793443
2,237,14.5,14.494924,1,1,22.84134864807129,8.644061
2,194,9.2,7.886436,1,1,22.84134864807129,6.3284793
2,240,12.0,32.602314,0,0,22.84134864807129,12.499888
2,241,3.57,4.771546,1,1,22.84134864807129,9.989446
2,79,13.6,10.365644,1,0,22.84134864807129,5.675145
2,79,14.1,12.025283,1,1,22.84134864807129,6.3201375
2,246,8.1,10.336041,1,1,22.84134864807129,49.248028
2,253,31.0,25.603228,1,1,22.84134864807129,26.678009
2,227,3.01,1.2138156,1,0,22.84134864807129,2.500036
2,148,9.61,8.16535,1,0,22.84134864807129,2.8474574
2,152,92.0,76.5029,0,1,22.84134864807129,59.18299
2,259,14.0,9.431662,1,1,22.84134864807129,14.401794
2,260,3.47,10.199021,1,1,22.84134864807129,17.782492
2,263,15.6,15.322706,1,1,22.84134864807129,6.2219205
2,265,2.1,2.0452259,1,1,22.84134864807129,5.0148883
2,267,1.95,1.7706543,1,1,22.84134864807129,2.429989
2,268,6.79,5.5782795,1,1,22.84134864807129,3.9669204
2,269,16.9,15.502985,1,1,22.84134864807129,20.751923
2,270,0.55,17.69785,0,1,22.84134864807129,36.833347
2,273,15.6,30.589903,0,0,22.84134864807129,21.43307
2,278,6.15,8.275519,1,1,22.84134864807129,12.890626
2,54,8.76,7.457346,1,1,22.84134864807129,3.6993096
2,280,0.88,2.147124,1,1,22.84134864807129,6.5045147
2,286,27.8,49.507587,0,0,22.84134864807129,32.67514
2,290,82.0,81.17949,1,1,22.84134864807129,18.426962
2,291,110.0,113.20248,1,1,22.84134864807129,56.114426
2,294,15.0,32.324566,0,0,22.84134864807129,28.73568
2,297,0.08,4.823388,1,1,22.84134864807129,17.472878
2,286,45.05,50.39347,1,1,22.84134864807129,32.31403
2,310,3.0,2.6889372,1,1,22.84134864807129,3.788459
2,312,6.8,5.116533,1,1,22.84134864807129,7.934976
2,313,1.4,4.5798793,1,1,22.84134864807129,11.114616
2,62,20.26,14.324213,1,0,22.84134864807129,6.6872306
2,317,29.0,56.745068,0,0,22.84134864807129,39.25135
2,321,89.4,78.285164,1,1,22.84134864807129,36.311966
2,241,13.9,11.77544,1,1,22.84134864807129,6.6095824
2,323,38.0,35.167374,1,1,22.84134864807129,20.75763
2,327,32.0,36.71125,1,1,22.84134864807129,48.364353
2,143,1.96,2.773761,1,1,22.84134864807129,3.6570575
2,328,1.37,3.4738343,1,1,22.84134864807129,4.317281
2,329,4.109,3.247589,1,1,22.84134864807129,4.3999915
2,332,18.3,15.060144,1,1,22.84134864807129,13.795213
2,336,36.3,41.596004,1,1,22.84134864807129,72.24748
2,152,78.0,74.37237,1,1,22.84134864807129,18.861326
2,156,2.2,0.18893626,1,1,22.84134864807129,5.576855
2,338,41.1,30.769321,1,1,22.84134864807129,37.7663
2,341,1.565,1.854027,1,1,22.84134864807129,2.5186217
2,344,14.0,15.315554,1,1,22.84134864807129,29.928572
2,347,62.0,69.74689,1,1,22.84134864807129,41.151924
2,200,0.06,-0.5751236,1,0,22.84134864807129,1.0488281
2,349,5.03,7.3657675,1,1,22.84134864807129,10.841038
2,354,6.35,4.669655,1,1,22.84134864807129,7.0510073
2,355,3.3,4.285813,1,1,22.84134864807129,11.433848
2,356,11.1,7.793721,1,1,22.84134864807129,7.832365
2,360,0.7,6.086615,1,0,22.84134864807129,5.4796834
2,79,14.1,11.65062,1,1,22.84134864807129,5.2121267
2,236,64.5,85.03613,0,1,22.84134864807129,51.659172
2,362,11.0,14.558741,1,1,22.84134864807129,63.67381
2,216,42.4,45.457962,1,1,22.84134864807129,40.02924
2,363,1.1,2.680159,1,0,22.84134864807129,2.9662292
2,364,0.73,1.8099127,1,1,22.84134864807129,5.6731286
2,368,1.0,2.1650598,1,1,22.84134864807129,7.5810304
2,369,3.81,2.6919768,1,1,22.84134864807129,7.434107
2,375,115.0,90.34931,0,1,22.84134864807129,61.07634
2,377,22.29,27.847336,1,1,22.84134864807129,16.89188
2,241,13.6,11.256957,1,1,22.84134864807129,7.1248713
2,385,3.7,7.763575,1,0,22.84134864807129,6.3688903
2,286,85.0,79.679214,1,1,22.84134864807129,21.21956
2,79,15.0,11.812421,1,0,22.84134864807129,6.3201375
2,137,36.7,20.441912,0,0,22.84134864807129,28.81857
2,401,2.67,4.0489597,1,1,22.84134864807129,5.1425514
2,62,20.7,3.8448539,0,0,22.84134864807129,7.123256
2,218,8.67,11.38685,1,0,22.84134864807129,5.2076454
2,137,28.0,20.25946,1,1,22.84134864807129,19.46615
2,418,5.78,4.6696935,1,1,22.84134864807129,52.05798
2,426,15.65,15.9511595,1,1,22.84134864807129,13.930014
2,431,1.6,5.901601,1,0,22.84134864807129,5.7734804
2,6,34.0,30.488905,1,1,22.84134864807129,20.80119
2,286,21.5,42.23652,0,1,22.84134864807129,59.252666
2,79,12.7,4.2396884,1,0,22.84134864807129,6.729225
2,54,4.47,4.5183,1,1,22.84134864807129,2.9659822
2,456,9.8,10.362272,1,1,22.84134864807129,9.035352
2,463,30.0,25.410166,1,1,22.84134864807129,19.600504
2,467,54.4,74.652756,0,1,22.84134864807129,50.223682
2,468,1.07,4.573346,1,1,22.84134864807129,7.652423
2,72,6.76,5.7084303,1,1,22.84134864807129,6.558162
2,156,2.2,0.3549273,1,1,22.84134864807129,4.1527505
2,472,14.2,8.120011,1,0,22.84134864807129,8.541318
2,473,74.0,71.39071,1,1,22.84134864807129,65.154686
2,475,1.0429,3.5336988,1,1,22.84134864807129,4.99861
2,476,83.71,66.7811,0,1,22.84134864807129,37.014694
2,477,9.3,7.7952933,1,1,22.84134864807129,4.4826555
2,480,1.1,2.9145522,1,1,22.84134864807129,7.0207453
2,273,28.4,28.496582,1,1,22.84134864807129,22.583084
2,488,5.033571429,4.578148,1,1,22.84134864807129,5.2086034
2,494,2.11,2.3608825,1,1,22.84134864807129,13.45379
2,218,11.8,12.017689,1,1,22.84134864807129,5.263934
2,140,3.05,3.7725816,1,1,22.84134864807129,4.7718916
2,499,10.8,7.526034,1,0,22.84134864807129,4.6415424
2,501,14.6,13.539739,1,1,22.84134864807129,21.729664
2,502,6.0,4.351879,1,1,22.84134864807129,7.3080196
2,503,6.0,10.669835,1,0,22.84134864807129,7.3417826
2,504,17.2,16.985098,1,1,22.84134864807129,6.3106704
2,505,7.8,5.7000127,1,1,22.84134864807129,7.4532266
2,511,3.73,3.5721207,1,1,22.84134864807129,5.02465
2,515,42.0,91.85114,0,0,22.84134864807129,49.885544
2,520,7.795,8.413608,1,1,22.84134864807129,5.0077467
2,521,4.21,4.216748,1,1,22.84134864807129,6.507869
2,332,16.5,16.048311,1,1,22.84134864807129,15.547547
2,523,4.12,5.0227127,1,1,22.84134864807129,4.751949
2,327,7.0,34.192467,0,0,22.84134864807129,42.759346
2,526,3.8,3.333218,1,1,22.84134864807129,7.072627
2,527,0.02,0.284053,1,1,22.84134864807129,2.1421738
2,529,1.75,4.059199,1,1,22.84134864807129,7.682746
2,530,17.35,16.419106,1,1,22.84134864807129,17.585676
2,130,0.67,1.5439674,1,1,22.84134864807129,5.809647
2,33,17.2,14.056803,1,1,22.84134864807129,8.176153
2,537,2.19,2.4824758,1,1,22.84134864807129,5.7316675
2,511,4.78,4.224119,1,1,22.84134864807129,5.306482
2,541,0.6,0.3282711,1,1,22.84134864807129,1.9004531
2,62,19.8,15.1924715,1,0,22.84134864807129,6.6872306
2,157,0.145,0.22442965,1,1,22.84134864807129,4.6958733
2,33,17.4,10.123468,1,0,22.84134864807129,12.874026
2,549,2.86,1.9112232,1,1,22.84134864807129,6.7530065
2,551,31.7,26.212437,1,1,22.84134864807129,31.27816
2,62,19.8,16.881979,1,0,22.84134864807129,5.750637
2,556,7.6,6.9676733,1,1,22.84134864807129,9.240141
2,557,34.0,18.202703,0,0,22.84134864807129,27.356714
2,336,4.4,59.688286,0,0,22.84134864807129,48.777718
2,523,3.875,5.7529597,1,1,22.84134864807129,5.3213935
2,216,11.7,14.90469,1,1,22.84134864807129,46.78645
2,563,5.6,5.4449525,1,1,22.84134864807129,3.789516
2,564,4.48,6.425363,1,1,22.84134864807129,7.3070188
2,200,0.026,-0.20855613,1,1,22.84134864807129,1.6376165
2,142,5.8,7.252857,1,1,22.84134864807129,6.581507
2,237,14.8,14.431475,1,1,22.84134864807129,9.438505
2,571,21.0,6.9018407,0,0,22.84134864807129,14.67671
2,62,20.375,15.574283,1,0,22.84134864807129,6.406412
2,336,42.2,58.568905,0,1,22.84134864807129,39.29941
2,576,7.42,6.4246325,1,1,22.84134864807129,5.11264
2,208,3.625,4.079821,1,1,22.84134864807129,2.7801714
2,580,80.0,80.42822,1,1,22.84134864807129,49.258247
2,273,24.0,35.93087,0,0,22.84134864807129,17.590353
2,216,39.0,22.614628,0,0,22.84134864807129,21.433722
2,581,7.52,6.363684,1,1,22.84134864807129,2.9291372
2,584,49.0,88.83687,0,0,22.84134864807129,42.83207
2,585,8.7,14.315335,1,1,22.84134864807129,27.52779
2,586,70.6,78.91924,1,1,22.84134864807129,38.460518
2,232,5.4,8.425584,1,0,22.84134864807129,2.4799442
2,587,96.3,39.88396,0,0,22.84134864807129,75.249626
2,590,2.6,5.9626365,1,1,22.84134864807129,12.6956215
2,594,14.9,15.201277,1,1,22.84134864807129,6.3483486
2,595,2.41,3.6861782,1,1,22.84134864807129,3.9281967
2,596,13.0,16.261816,1,0,22.84134864807129,5.2119627
2,597,0.1,0.6346497,1,1,22.84134864807129,4.57728
2,599,1.433333333,1.953566,1,1,22.84134864807129,4.3577747
2,601,0.0318,1.0022278,1,1,22.84134864807129,2.972277
2,603,80.0,32.474773,0,0,22.84134864807129,77.8644
2,611,33.0,29.515831,1,1,22.84134864807129,52.705296
2,615,1.4,2.421131,1,1,22.84134864807129,5.1365294
2,619,0.75,2.621457,1,1,22.84134864807129,10.523479
2,621,69.1,58.703407,1,1,22.84134864807129,47.677715
2,622,13.1,12.440186,1,1,22.84134864807129,5.9172654
2,216,34.7,32.841335,1,1,22.84134864807129,14.9821005
2,627,72.0,74.05713,1,1,22.84134864807129,62.315983
2,23,14.2,14.122777,1,1,22.84134864807129,8.633921
2,629,1.05,3.4562125,1,1,22.84134864807129,6.9981527
2,631,2.016666667,3.9843917,1,1,22.84134864807129,7.477404
2,143,1.54,2.2809896,1,1,22.84134864807129,4.0287933
2,639,92.0,67.42756,0,1,22.84134864807129,59.684326
2,642,79.5,76.23277,1,1,22.84134864807129,29.253923
2,643,1.49,1.45272,1,1,22.84134864807129,8.754879
2,54,9.02,7.649578,1,1,22.84134864807129,3.9899037
2,646,4.0,4.00193,1,1,22.84134864807129,12.795486
2,647,0.77,1.6520866,1,1,22.84134864807129,2.9017565
2,649,73.6,74.83443,1,1,22.84134864807129,24.456247
2,652,30.0,81.34526,0,0,22.84134864807129,48.008648
2,655,14.1,23.833504,1,1,22.84134864807129,30.236086
2,658,0.054,2.1698964,1,1,22.84134864807129,6.1671243
2,659,7.3,14.059482,1,0,22.84134864807129,6.3293858
2,660,2.0,4.3829813,1,1,22.84134864807129,7.990389
2,369,4.115,3.836015,1,1,22.84134864807129,6.489655
2,643,4.82,4.8631387,1,1,22.84134864807129,5.7843704
2,286,55.25,50.74093,1,1,22.84134864807129,23.176336
2,663,6.0,1.6818844,1,0,22.84134864807129,6.0542707
2,375,110.0,68.794266,0,0,22.84134864807129,58.213528
2,286,46.0,49.923405,1,1,22.84134864807129,58.842407
2,216,31.9,45.215694,0,1,22.84134864807129,27.54768
2,671,3.055,3.899334,1,1,22.84134864807129,10.088465
2,521,3.07,4.3520303,1,1,22.84134864807129,8.30408
2,204,35.0,25.424524,1,1,22.84134864807129,20.350134
2,655,30.55,29.576347,1,1,22.84134864807129,24.583414
2,681,3.76,2.5578876,1,1,22.84134864807129,2.5914254
2,683,3.4,3.6168427,1,1,22.84134864807129,3.6942167
2,684,92.0,112.15236,0,0,22.84134864807129,37.47813
2,691,0.1,7.855104,1,1,22.84134864807129,69.63606
2,692,2.86,2.123861,1,1,22.84134864807129,4.4885683
2,699,0.16,1.2870785,1,1,22.84134864807129,3.1149373
2,700,82.0,54.691635,0,1,22.84134864807129,74.61182
2,290,82.0,81.696144,1,1,22.84134864807129,21.055855
2,260,4.02,11.68777,1,1,22.84134864807129,26.23713
2,707,3.133333333,5.93535,1,1,22.84134864807129,6.250296
2,143,1.366666667,2.6020615,1,1,22.84134864807129,3.7573373
2,119,21.6,15.578771,1,1,22.84134864807129,47.119568
2,6,30.0,31.78635,1,1,22.84134864807129,18.037016
2,716,12.2,4.997901,1,0,22.84134864807129,5.018033
2,476,87.99,71.144615,0,0,22.84134864807129,20.266441
2,290,82.0,87.15384,1,0,22.84134864807129,8.073242
2,719,1.9,3.1239471,1,1,22.84134864807129,3.667411
2,208,4.25,4.1962867,1,1,22.84134864807129,2.7225075
2,236,83.6,85.036804,1,1,22.84134864807129,24.179745
2,729,0.021,3.0789402,1,1,22.84134864807129,6.459595
2,730,9.55,7.14546,1,1,22.84134864807129,7.9630876
2,364,3.3,2.9652233,1,1,22.84134864807129,7.6037054
2,732,3.7,2.9251287,1,1,22.84134864807129,6.7726927
2,477,7.7,7.4664187,1,1,22.84134864807129,3.2652173
2,733,5.2,4.8235507,1,1,22.84134864807129,4.12897
2,734,4.15,5.2635646,1,1,22.84134864807129,4.729692
2,735,8.7,7.340709,1,1,22.84134864807129,10.2354765
2,736,6.58,5.9525223,1,1,22.84134864807129,7.175831
2,738,6.62,4.5542684,1,1,22.84134864807129,8.412787
2,639,92.0,67.54809,0,1,22.84134864807129,75.516716
2,739,71.0,80.35288,1,1,22.84134864807129,35.01304
2,286,40.0,54.132656,0,1,22.84134864807129,37.427235
2,743,17.04,17.533531,1,1,22.84134864807129,5.843543
2,744,33.1,22.073462,1,1,22.84134864807129,25.150091
2,286,88.1,79.52355,1,1,22.84134864807129,19.800104
2,753,16.0,57.045284,0,0,22.84134864807129,32.913136
2,755,24.9,21.631083,1,1,22.84134864807129,18.047962
2,758,33.45,32.78109,1,1,22.84134864807129,7.5886345
2,4,5.56,6.2168326,1,1,22.84134864807129,13.694592
2,761,0.755,30.91595,0,0,22.84134864807129,34.472874
2,762,1.1,1.8446862,1,1,22.84134864807129,5.551748
2,208,3.625,4.07801,1,1,22.84134864807129,2.824133
2,765,6.5,1.6363351,1,0,22.84134864807129,3.5856755
2,769,70.5,76.91622,1,1,22.84134864807129,42.94206
2,621,63.8,55.895496,1,1,22.84134864807129,45.600376
2,773,17.0,14.502139,1,1,22.84134864807129,26.681448
2,776,0.543333333,2.006529,1,1,22.84134864807129,5.084387
2,131,2.49,8.190438,1,1,22.84134864807129,17.282917
2,171,20.4,13.679753,1,1,22.84134864807129,24.912643
2,781,75.0,76.50693,1,1,22.84134864807129,40.812252
2,784,5.61,6.5957403,1,1,22.84134864807129,6.2244678
2,595,2.95,3.8426073,1,1,22.84134864807129,4.5387874
2,786,18.0,27.607641,1,1,22.84134864807129,22.047256
2,787,5.84,5.098984,1,1,22.84134864807129,15.019945
2,788,27.0,69.17633,0,1,22.84134864807129,118.26189
2,790,1.61,1.9101809,1,1,22.84134864807129,4.481627
2,84,8.14,6.022923,1,1,22.84134864807129,12.268682
2,273,25.0,37.20811,0,0,22.84134864807129,16.772808
2,216,33.0,29.2802,1,1,22.84134864807129,16.663454
2,683,3.62,3.6134093,1,1,22.84134864807129,4.208103
2,521,2.7,3.2751637,1,1,22.84134864807129,8.462801
2,798,8.7,8.959241,1,1,22.84134864807129,6.7000914
2,799,1.72,3.526713,1,1,22.84134864807129,6.3865047
2,241,12.5,9.972147,1,1,22.84134864807129,7.707314
2,473,65.3,62.543106,1,1,22.84134864807129,117.939606
2,807,91.0,86.524796,1,1,22.84134864807129,26.399508
2,808,2.91,2.7531557,1,1,22.84134864807129,7.4056478
2,810,30.0,27.052376,1,1,22.84134864807129,20.508726
2,816,20.86,15.452862,1,1,22.84134864807129,30.295267
2,581,7.305,5.881671,1,0,22.84134864807129,2.615323
2,587,96.3,37.89806,0,0,22.84134864807129,75.18741
2,824,2.2,4.7651916,1,1,22.84134864807129,6.0558968
2,621,49.3,55.955013,1,1,22.84134864807129,54.779972
2,684,132.9,123.72044,1,1,22.84134864807129,60.13374
2,643,4.05,4.1915555,1,1,22.84134864807129,6.641349
2,826,3.26,3.3049016,1,1,22.84134864807129,3.6666946
2,655,15.6,23.654686,1,1,22.84134864807129,32.506966
2,827,2.3,2.3659682,1,1,22.84134864807129,7.7701592
2,829,5.575,3.7774105,1,0,22.84134864807129,3.5915825
2,831,3.18,7.117839,1,0,22.84134864807129,7.571041
2,68,3.85,5.0110927,1,1,22.84134864807129,2.4320085
2,833,1.27,1.8314519,1,1,22.84134864807129,4.0998573
2,834,4.5,4.861253,1,1,22.84134864807129,7.799396
2,836,0.046,0.18560147,1,1,22.84134864807129,1.269849
2,784,5.27,6.3534923,1,1,22.84134864807129,5.670349
2,218,8.5,10.3950405,1,1,22.84134864807129,4.9858656
2,839,7.775,7.080569,1,1,22.84134864807129,6.3049607
2,216,4.51,13.10865,1,1,22.84134864807129,45.76018
2,842,14.4,11.502283,1,1,22.84134864807129,6.799919
2,290,82.0,70.07827,0,1,22.84134864807129,50.848656
2,846,51.0,45.129612,1,1,22.84134864807129,28.816616
2,621,49.8,55.955013,1,1,22.84134864807129,54.779972
2,62,20.0,16.881979,1,0,22.84134864807129,5.750637
2,855,40.0,37.12616,1,1,22.84134864807129,63.92497
2,856,6.93,6.84282,1,1,22.84134864807129,5.2993155
2,476,69.0,67.339035,1,1,22.84134864807129,65.01597
2,639,35.0,71.74179,0,0,22.84134864807129,68.94411
2,503,6.7,11.216899,1,0,22.84134864807129,3.5298
2,857,16.0,19.853586,1,1,22.84134864807129,20.974812
2,784,4.5,4.8821635,1,1,22.84134864807129,3.447257
2,103,3.65,3.1421826,1,1,22.84134864807129,7.934974
2,861,92.3,73.69693,0,1,22.84134864807129,83.22541
2,866,93.75,89.899734,1,1,22.84134864807129,78.30098
2,868,0.0555,0.3119896,1,1,22.84134864807129,1.6726245
2,733,1.723,2.9436789,1,1,22.84134864807129,2.9488378
2,874,1.2,1.4584782,1,1,22.84134864807129,2.802749
2,102,8.5,10.514099,1,1,22.84134864807129,4.9568453
2,62,9.1,11.985293,1,1,22.84134864807129,7.5950847
2,273,25.0,35.67233,1,1,22.84134864807129,32.85949
2,236,79.42,79.239746,1,1,22.84134864807129,10.549474
2,93,3.7032,3.6182435,1,1,22.84134864807129,5.9516454
2,886,8.2,5.5488076,1,1,22.84134864807129,6.6471395
2,122,7.0,5.025021,1,1,22.84134864807129,9.677027
2,891,2.1,2.9228222,1,1,22.84134864807129,6.479259
2,62,19.7,13.598547,1,0,22.84134864807129,6.646652
2,816,23.6,18.148441,1,1,22.84134864807129,30.909061
2,897,0.09,1.7358425,1,1,22.84134864807129,4.688686
2,556,5.0,9.788333,1,0,22.84134864807129,8.836354
2,904,87.0,61.64564,0,1,22.84134864807129,55.186054
2,907,14.7,14.013344,1,1,22.84134864807129,42.520714
2,909,4.87,24.108147,0,0,22.84134864807129,10.7608795
2,499,13.7,7.5921397,1,0,22.84134864807129,4.5005116
2,549,4.8,1.5441641,1,1,22.84134864807129,7.222779
2,914,7.4775,4.3631124,1,1,22.84134864807129,7.0778313
2,920,0.31,0.5480868,1,1,22.84134864807129,2.3902187
2,291,35.0,90.22634,0,0,22.84134864807129,55.63407
2,581,7.49,6.363684,1,1,22.84134864807129,2.9291372
2,928,10.0,10.194983,1,1,22.84134864807129,12.051079
2,929,6.0,11.595972,1,1,22.84134864807129,15.316877
2,934,1.39,2.5298536,1,1,22.84134864807129,5.6348195
2,659,15.35,16.259544,1,1,22.84134864807129,5.6017876
2,286,63.0,51.345333,0,1,22.84134864807129,23.822742
2,273,16.3,27.739666,0,1,22.84134864807129,32.431774
2,286,4.0,46.06526,0,0,22.84134864807129,41.01045
2,79,13.7,10.18082,1,0,22.84134864807129,4.6228642
2,798,8.1,9.114065,1,1,22.84134864807129,6.838686
2,270,0.30475,0.81425244,1,1,22.84134864807129,33.757164
2,79,15.0,11.281034,1,0,22.84134864807129,5.4925117
2,940,9.3,6.2862706,1,1,22.84134864807129,8.108205
2,473,76.0,73.574326,1,1,22.84134864807129,46.633457
2,944,1.8,1.9159964,1,1,22.84134864807129,4.435187
2,6,2.5,3.172737,1,1,22.84134864807129,36.56618
2,816,27.0,17.031813,1,1,22.84134864807129,28.415455
2,639,68.0,62.96309,1,1,22.84134864807129,61.48011
2,477,7.21,5.9831343,1,1,22.84134864807129,4.0066214
2,286,55.0,61.03766,1,1,22.84134864807129,36.410316
2,216,21.15,20.299719,1,1,22.84134864807129,11.407715
2,23,5.5,7.7357273,1,1,22.84134864807129,11.276072
2,954,1.05,2.5647557,1,1,22.84134864807129,6.6582403
2,955,0.28,0.44927606,1,1,22.84134864807129,3.1595469
2,839,4.1125,3.7721853,1,1,22.84134864807129,6.2792425
2,956,46.0,47.082684,1,1,22.84134864807129,50.53283
2,957,1.6,0.9000888,1,1,22.84134864807129,3.0659475
2,33,17.8,13.9022875,1,1,22.84134864807129,15.2312
2,958,1.15,3.905732,1,1,22.84134864807129,6.9015975
2,655,10.8,20.910145,1,1,22.84134864807129,28.703402
2,961,50.7,78.58198,0,0,22.84134864807129,19.540085
2,110,0.68,1.3447945,1,1,22.84134864807129,3.849096
2,964,8.905,8.136171,1,1,22.84134864807129,6.27006
2,286,67.5,65.319466,1,1,22.84134864807129,42.4303
2,969,83.0,60.73098,0,1,22.84134864807129,54.16334
2,216,33.7,30.47944,1,1,22.84134864807129,15.185067
2,972,4.58,4.1514754,1,1,22.84134864807129,4.847464
2,511,6.54,4.6430044,1,1,22.84134864807129,5.596419
2,37,11.3,9.198172,1,1,22.84134864807129,5.7613835
2,79,14.4,10.099474,1,0,22.84134864807129,4.677872
2,216,17.2,18.13735,1,1,22.84134864807129,38.69318
2,982,9.9,4.0158343,1,0,22.84134864807129,5.045454
2,743,6.8,7.681578,1,1,22.84134864807129,12.386414
2,984,2.39,2.6955788,1,1,22.84134864807129,5.4277477
2,986,3.5,2.4513214,1,1,22.84134864807129,5.383036
2,199,12.6,14.45598,1,1,22.84134864807129,7.578544
2,60,32.5,28.299421,1,1,22.84134864807129,16.43827
2,62,19.9,14.060958,1,0,22.84134864807129,6.646652
2,6,31.8,20.168026,0,1,22.84134864807129,38.11875
2,356,9.89,5.3957148,1,0,22.84134864807129,4.4709196
2,990,3.586666667,1.3498051,1,1,22.84134864807129,8.448881
2,594,13.1,12.77482,1,1,22.84134864807129,7.519375
2,79,13.9,10.57662,1,0,22.84134864807129,5.2438655
2,993,5.1,8.33104,1,1,22.84134864807129,7.2860255
2,994,2.835,1.6638014,1,1,22.84134864807129,4.04015
2,119,26.34666667,20.68042,1,1,22.84134864807129,51.525288
2,627,63.0,80.40756,0,1,22.84134864807129,53.75483
2,23,5.5,7.7357273,1,1,22.84134864807129,11.276072
2,753,20.0,58.502003,0,0,22.84134864807129,37.08936
2,476,74.0,65.95989,1,1,22.84134864807129,45.566727
2,1003,1.875,5.480266,1,1,22.84134864807129,20.395777
2,1004,3.15,2.3109472,1,1,22.84134864807129,3.7408216
2,93,2.35,3.7324543,1,1,22.84134864807129,6.2919636
2,1006,0.57,2.1659493,1,1,22.84134864807129,7.5886593
2,1011,7.5,8.854948,1,1,22.84134864807129,8.484291
2,671,1.65,6.367945,1,1,22.84134864807129,10.635705
2,1012,49.0,33.725197,0,1,22.84134864807129,62.589203
2,317,49.0,59.081146,1,1,22.84134864807129,30.059954
2,246,9.0,13.452497,1,1,22.84134864807129,56.168945
2,964,9.85,8.817158,1,1,22.84134864807129,4.952588
2,1022,2.0,2.360507,1,1,22.84134864807129,9.405045
2,286,12.0,49.51358,0,0,22.84134864807129,37.935535
2,1025,5.0,8.88979,1,0,22.84134864807129,6.8043942
2,142,5.5,6.840837,1,1,22.84134864807129,6.1944356
2,1028,1.9,20.672459,0,0,22.84134864807129,18.128977
2,564,5.45,6.564023,1,1,22.84134864807129,4.2911606
2,152,49.9,61.049007,1,1,22.84134864807129,44.751205
2,1028,16.4,22.806005,1,1,22.84134864807129,27.166586
2,1031,4.92,4.070728,1,1,22.84134864807129,4.295359
2,955,0.142,0.00036803886,1,1,22.84134864807129,1.6924808
2,54,8.15,7.18118,1,1,22.84134864807129,3.8025322
2,1036,1.1,4.2416687,1,1,22.84134864807129,7.791641
2,1041,15.32,12.041821,1,1,22.84134864807129,8.978353
2,323,38.0,36.81978,1,1,22.84134864807129,10.711949
2,473,24.0,67.14607,0,1,22.84134864807129,111.24699
2,79,11.5,10.019619,1,1,22.84134864807129,5.4649873
2,1056,0.68,1.8586863,1,1,22.84134864807129,3.5003514
2,54,8.87,7.962358,1,1,22.84134864807129,3.9777102
2,861,90.2,75.988594,0,1,22.84134864807129,44.16568
2,1063,8.66,6.680188,1,1,22.84134864807129,7.063627
2,232,5.2,7.220831,1,1,22.84134864807129,4.8103538
2,152,91.8,81.55985,1,0,22.84134864807129,6.5525546
2,1065,1.48,2.3458755,1,1,22.84134864807129,2.6203277
2,431,4.4625,6.7565293,1,1,22.84134864807129,9.992788
2,736,7.033333333,6.073386,1,1,22.84134864807129,7.582395
2,1069,22.4,14.060995,1,0,22.84134864807129,9.641772
2,142,6.0,7.5331187,1,1,22.84134864807129,7.351252
2,786,5.8,2.964714,1,1,22.84134864807129,6.392992
2,216,17.7,18.512093,1,1,22.84134864807129,15.24435
2,1028,31.4,28.712568,1,1,22.84134864807129,10.276697
2,681,2.39,2.7330804,1,1,22.84134864807129,3.2779274
2,158,9.7,5.6362,1,1,22.84134864807129,8.781376
2,1077,12.4,18.855255,1,1,22.84134864807129,16.199146
2,907,14.7,22.593752,1,1,22.84134864807129,38.55629
2,1078,2.4,4.630408,1,1,22.84134864807129,6.887046
2,1080,2.1,1.6818308,1,1,22.84134864807129,9.1079235
2,60,35.6,28.138401,1,1,22.84134864807129,19.102318
2,1083,106.0,108.62902,1,1,22.84134864807129,77.53679
2,1087,0.45,1.31949,1,1,22.84134864807129,3.886404
2,1089,6.0,6.7679553,1,1,22.84134864807129,3.8388736
2,323,38.0,34.42429,1,1,22.84134864807129,21.962664
2,431,4.21,5.9271364,1,1,22.84134864807129,4.066968
2,956,57.9,64.131134,1,1,22.84134864807129,26.888842
2,236,89.465,85.81137,1,1,22.84134864807129,15.758429
2,263,20.2,16.11267,1,0,22.84134864807129,5.2001386
2,1095,0.39,8.96942,1,0,22.84134864807129,9.465324
2,1097,3.87,3.6534672,1,1,22.84134864807129,4.3454976
2,1101,20.0,26.656797,1,1,22.84134864807129,30.478113
2,1102,1.073333333,1.9197108,1,1,22.84134864807129,5.9200172
2,1104,67.9,68.32667,1,1,22.84134864807129,25.706085
2,119,25.4,21.73664,1,1,22.84134864807129,47.50256
2,79,12.5,10.40633,1,1,22.84134864807129,5.2206726
2,1106,10.95775,7.135164,1,1,22.84134864807129,8.474387
2,473,81.35,56.70733,0,1,22.84134864807129,121.39412
2,1111,17.0,18.200378,1,1,22.84134864807129,24.200644
2,1114,6.0,7.529084,1,1,22.84134864807129,6.9019203
2,1116,2.76,1.9192218,1,1,22.84134864807129,4.3346343
2,684,102.0,113.72711,0,1,22.84134864807129,42.121323
2,286,13.5,45.835938,0,0,22.84134864807129,42.472256
2,1118,18.1,20.185583,1,1,22.84134864807129,10.062026
2,1123,3.5,2.2315533,1,1,22.84134864807129,3.595672
2,1124,3.4,7.726761,1,0,22.84134864807129,6.2379203
2,1125,0.158,0.23070966,1,1,22.84134864807129,2.3670845
2,1127,3.52,3.7526174,1,1,22.84134864807129,7.602549
2,1128,1.3,4.4584823,1,0,22.84134864807129,5.5339713
2,286,16.3,50.903896,0,0,22.84134864807129,36.93498
2,79,6.05,9.7004795,1,0,22.84134864807129,4.015966
2,1130,3.3,7.234122,1,1,22.84134864807129,11.294173
2,684,98.0,115.076706,0,1,22.84134864807129,46.955513
2,557,33.0,18.154266,0,0,22.84134864807129,27.806217
2,216,37.0,22.967804,0,0,22.84134864807129,22.528482
2,1134,56.0,39.220566,0,1,22.84134864807129,91.30521
2,204,34.3,19.401756,0,0,22.84134864807129,15.499124
2,1136,6.277142857,5.200024,1,1,22.84134864807129,5.9761667
2,1139,34.0,22.3324,0,0,22.84134864807129,15.296637
2,739,65.0,72.58891,1,1,22.84134864807129,29.063023
2,473,47.0,62.1112,0,1,22.84134864807129,109.60886
2,1036,3.51,4.82593,1,1,22.84134864807129,8.484387
2,826,1.66,2.085597,1,1,22.84134864807129,2.3543537
2,6,25.2,24.458105,1,1,22.84134864807129,16.824785
2,152,90.5,76.513756,0,1,22.84134864807129,32.974197
2,1056,1.72,1.7005397,1,1,22.84134864807129,3.139045
2,1145,2.133333333,2.725354,1,1,22.84134864807129,5.6646657
2,1146,87.5,59.425205,0,1,22.84134864807129,117.66414
2,329,3.875,3.9384978,1,1,22.84134864807129,3.3729644
2,1148,7.0,7.342248,1,1,22.84134864807129,5.6844206
2,816,21.2,13.40436,1,1,22.84134864807129,25.453787
2,286,68.3,62.596058,1,1,22.84134864807129,48.98041
2,216,12.0,18.13735,1,1,22.84134864807129,38.69318
2,1056,1.42,2.5124197,1,1,22.84134864807129,3.8005836
2,84,7.355,6.027527,1,1,22.84134864807129,11.9603815
2,1118,18.0,19.06739,1,1,22.84134864807129,10.661544
2,199,11.1,12.485215,1,1,22.84134864807129,7.7070484
2,84,6.377,6.0061097,1,1,22.84134864807129,12.264324
2,594,11.5,12.3843155,1,1,22.84134864807129,8.37308
2,1157,6.5,5.720421,1,1,22.84134864807129,6.146338
2,753,13.0,52.319073,0,0,22.84134864807129,32.791492
2,1134,50.0,39.439934,1,1,22.84134864807129,86.189766
2,62,19.7,13.684379,1,0,22.84134864807129,6.446318
2,956,83.0,63.207817,0,0,22.84134864807129,30.698454
2,286,47.0,48.41315,1,1,22.84134864807129,43.096252
2,1158,7.4,1.9866058,1,0,22.84134864807129,7.623229
2,1159,3.07,3.9058888,1,1,22.84134864807129,11.275805
2,286,2.1,43.39464,0,0,22.84134864807129,39.801136
2,1160,1.0,3.0864253,1,0,22.84134864807129,3.1769347
2,1161,7.6,6.255469,1,1,22.84134864807129,3.6754534
2,1162,12.3,12.231453,1,1,22.84134864807129,6.1795487
2,897,0.055,0.9817543,1,1,22.84134864807129,5.123345
2,1164,8.4,4.420405,1,0,22.84134864807129,5.1208158
2,216,37.0,32.80911,1,1,22.84134864807129,14.133734
2,1167,4.64,5.0011206,1,1,22.84134864807129,11.918522
2,1171,4.1,11.992031,1,0,22.84134864807129,3.9847136
2,216,37.0,20.957155,0,0,22.84134864807129,12.749814
2,1174,1.55,2.147194,1,1,22.84134864807129,3.3985546
2,108,18.9,16.904865,1,1,22.84134864807129,18.248276
2,1181,15.6,7.6125484,1,0,22.84134864807129,8.06692
2,972,0.932,2.0323653,1,1,22.84134864807129,3.1503406
2,829,6.55,3.802384,1,0,22.84134864807129,3.7717497
2,1190,9.9,8.202395,1,1,22.84134864807129,5.037303
2,294,36.0,32.324493,1,1,22.84134864807129,38.802876
2,79,8.5,11.733997,1,0,22.84134864807129,5.478609
2,1196,1.0,7.8516207,1,1,22.84134864807129,14.123631
2,401,3.9,3.8700888,1,1,22.84134864807129,4.851671
2,54,6.2,5.617251,1,1,22.84134864807129,3.9501078
2,6,13.2,10.415832,1,1,22.84134864807129,31.009071
2,773,17.1,15.405772,1,1,22.84134864807129,29.32258
2,1205,4.2,0.28034198,1,0,22.84134864807129,2.1657982
2,861,89.8,57.16543,0,1,22.84134864807129,117.007904
2,473,41.0,65.115654,0,1,22.84134864807129,112.824936
2,426,19.75,16.284056,1,1,22.84134864807129,13.662392
2,521,2.742333333,2.2582252,1,1,22.84134864807129,5.437945
2,856,4.9,6.615723,1,1,22.84134864807129,4.682023
2,655,14.1,18.24311,1,1,22.84134864807129,30.600578
2,54,4.465,4.6368766,1,1,22.84134864807129,3.013387
2,1211,2.05,2.8521821,1,1,22.84134864807129,18.110136
2,477,9.7,9.386956,1,1,22.84134864807129,5.741285
2,216,29.2,23.3633,1,1,22.84134864807129,16.918728
2,1215,9.4,6.3674827,1,1,22.84134864807129,7.6953773
2,784,4.5,6.5369444,1,1,22.84134864807129,6.5717564
2,964,17.0,8.880266,1,0,22.84134864807129,6.7122116
2,356,1.697,3.5099514,1,0,22.84134864807129,3.0356667
2,129,34.6,57.35072,0,1,22.84134864807129,50.99993
2,739,62.0,70.47591,1,1,22.84134864807129,24.079618
2,476,71.79,49.46733,0,1,22.84134864807129,89.43787
2,1025,7.79,13.383815,1,0,22.84134864807129,6.415125
2,1223,91.4,64.05761,0,0,22.84134864807129,14.109652
2,1125,0.101,0.20293684,1,1,22.84134864807129,2.2500427
2,273,17.3,30.88987,0,0,22.84134864807129,21.403683
2,647,0.658,3.5638275,1,1,22.84134864807129,7.792604
2,216,24.9,16.954515,1,0,22.84134864807129,15.823568
2,1231,8.4,6.813202,1,1,22.84134864807129,9.324818
2,216,28.0,26.841467,1,1,22.84134864807129,16.643412
2,1235,36.0,36.860268,1,1,22.84134864807129,34.44378
2,739,30.0,74.1715,0,0,22.84134864807129,49.0633
2,1237,37.2,27.38211,1,1,22.84134864807129,48.743683
2,37,9.0,8.93037,1,1,22.84134864807129,6.3492284
2,216,21.5,20.693184,1,1,22.84134864807129,11.26053
2,1239,2.22,2.8624783,1,1,22.84134864807129,4.0680356
2,886,5.0,5.138341,1,1,22.84134864807129,6.3182716
2,79,10.9,9.5700035,1,1,22.84134864807129,3.8911245
2,79,13.5,11.984058,1,1,22.84134864807129,5.9963527
2,119,40.0,29.669815,1,1,22.84134864807129,32.35756
2,1242,96.9,48.326416,0,0,22.84134864807129,76.54993
2,84,4.11,5.925099,1,1,22.84134864807129,11.129771
2,929,5.7,9.272862,1,1,22.84134864807129,14.797209
2,221,17.2,15.175966,1,1,22.84134864807129,27.73056
2,364,2.58,2.5176463,1,1,22.84134864807129,6.4102917
2,1247,4.35,3.2845159,1,1,22.84134864807129,6.645673
2,1248,3.08,2.3642335,1,1,22.84134864807129,4.0806413
2,204,32.6,21.195604,1,0,22.84134864807129,13.602215
2,173,2.59,3.768625,1,1,22.84134864807129,21.78951
2,551,31.1,25.847965,1,1,22.84134864807129,28.785658
2,1167,4.24,3.616676,1,1,22.84134864807129,11.94854
2,1254,4.5,6.5936885,1,1,22.84134864807129,6.4421163
2,1254,4.12,6.3372717,1,1,22.84134864807129,6.357994
2,1255,25.7,29.452538,1,1,22.84134864807129,67.1336
2,581,6.3,3.933724,1,0,22.84134864807129,3.1117032
2,1257,1.4,1.4536548,1,1,22.84134864807129,2.365949
2,1089,9.05,6.9358816,1,1,22.84134864807129,5.413804
2,1260,14.0,12.55784,1,1,22.84134864807129,6.948771
2,1261,3.18,2.1559432,1,1,22.84134864807129,7.016708
2,171,14.8,16.883121,1,1,22.84134864807129,17.993746
2,541,0.13,0.35259268,1,1,22.84134864807129,2.1086683
2,576,7.1,5.540266,1,1,22.84134864807129,5.8369365
2,597,0.1675,0.5499925,1,1,22.84134864807129,4.6586785
2,1264,3.7,4.8779545,1,1,22.84134864807129,8.182505
2,1265,3.743,3.9542878,1,1,22.84134864807129,2.561884
2,426,11.6,14.999819,1,1,22.84134864807129,16.373592
2,1267,18.4,17.308666,1,1,22.84134864807129,6.149176
2,1268,3.52,6.964513,1,1,22.84134864807129,16.125267
2,473,66.0,54.09688,0,1,22.84134864807129,119.797775
2,1247,1.658,3.4120939,1,1,22.84134864807129,7.11807
2,529,6.45,2.2792172,1,0,22.84134864807129,5.124765
2,216,24.6,20.77028,1,1,22.84134864807129,24.118704
2,1275,0.69,0.8969237,1,1,22.84134864807129,1.80218
2,1277,26.0,28.327562,1,1,22.84134864807129,19.23657
2,784,6.75,6.3534923,1,1,22.84134864807129,5.670349
2,786,4.0875,2.8329723,1,1,22.84134864807129,6.392992
2,663,4.35,1.4530445,1,1,22.84134864807129,9.005256
2,171,17.2,16.837135,1,1,22.84134864807129,18.4504
2,684,100.0,116.53307,0,1,22.84134864807129,47.904163
2,1281,2.8,9.268048,1,1,22.84134864807129,15.343582
2,476,79.24,49.991722,0,1,22.84134864807129,75.82818
2,1283,22.1,23.34153,1,1,22.84134864807129,27.704565
2,739,77.0,68.40054,1,1,22.84134864807129,20.694471
2,240,13.56,30.184158,0,0,22.84134864807129,15.589911
2,286,21.9,51.402237,0,0,22.84134864807129,36.921402
2,1288,10.0,33.236946,0,1,22.84134864807129,100.31051
2,1290,0.84,1.522481,1,1,22.84134864807129,2.8607156
2,581,7.15,5.8385844,1,0,22.84134864807129,2.5682516
2,267,1.36,1.1008172,1,1,22.84134864807129,2.5304677
2,1293,31.0,23.621084,1,1,22.84134864807129,15.477059
2,1294,2.96,10.664845,1,1,22.84134864807129,21.492434
2,1036,3.51,5.315943,1,1,22.84134864807129,8.473932
2,928,17.4,17.521078,1,1,22.84134864807129,6.2177043
2,1298,52.4,43.69708,1,1,22.84134864807129,72.65515
2,1300,8.7,5.176465,1,1,22.84134864807129,9.32898
2,263,20.0,16.351458,1,0,22.84134864807129,5.540561
2,286,41.5,54.129467,0,1,22.84134864807129,57.88403
2,1160,0.98,2.88801,1,0,22.84134864807129,3.8117902
2,152,79.0,77.328354,1,1,22.84134864807129,55.322468
2,1124,4.2,7.273908,1,1,22.84134864807129,6.321443
2,1302,11.0,7.804567,1,1,22.84134864807129,6.4186473
2,473,84.0,82.543365,1,1,22.84134864807129,10.563655
2,431,1.86,5.8158693,1,0,22.84134864807129,5.755462
2,1308,4.37,3.7816076,1,1,22.84134864807129,4.3884835
2,868,0.0619,0.21526852,1,1,22.84134864807129,3.568405
2,1003,2.6,3.0072005,1,1,22.84134864807129,5.8440776
2,601,0.048,0.7038615,1,1,22.84134864807129,2.9372623
2,956,37.8,54.000565,0,1,22.84134864807129,59.080185
2,54,8.08,7.189436,1,1,22.84134864807129,4.1546655
2,1314,30.0,22.303091,1,1,22.84134864807129,56.282578
2,4,4.83,6.226564,1,1,22.84134864807129,13.694592
2,269,11.0,25.884134,0,0,22.84134864807129,23.785517
2,377,11.83,29.292028,0,0,22.84134864807129,24.919973
2,119,26.0,14.859534,1,1,22.84134864807129,45.658993
2,504,18.54,17.431124,1,1,22.84134864807129,5.9919844
2,286,22.0,53.920143,0,0,22.84134864807129,42.922718
2,129,43.0,65.657906,0,0,22.84134864807129,35.932976
2,1324,10.5,8.777119,1,1,22.84134864807129,6.882379
2,356,9.25,5.122052,1,0,22.84134864807129,4.039978
2,928,18.3,15.441645,1,1,22.84134864807129,7.524056
2,964,9.6,8.517289,1,1,22.84134864807129,4.348994
2,143,1.85,2.3324273,1,1,22.84134864807129,3.899637
2,733,8.3,4.477046,1,0,22.84134864807129,3.640131
2,603,77.0,69.72137,1,1,22.84134864807129,47.79897
2,1190,8.98,8.430839,1,1,22.84134864807129,4.898646
2,241,12.3,9.982587,1,1,22.84134864807129,7.1607137
2,1332,1.5,58.187748,0,0,22.84134864807129,80.08633
2,216,20.3,18.36792,1,1,22.84134864807129,33.61049
2,956,63.0,43.270245,0,1,22.84134864807129,46.82965
2,769,53.5,64.24361,1,1,22.84134864807129,70.38016
2,596,11.5,16.261816,1,0,22.84134864807129,5.2119627
2,1254,4.0,6.145429,1,1,22.84134864807129,6.2225
2,856,5.17,6.638624,1,1,22.84134864807129,5.3984113
2,1343,10.093625,7.5708,1,1,22.84134864807129,6.501343
2,1344,2.8,3.358566,1,1,22.84134864807129,4.4405193
2,1346,34.0,51.69193,0,1,22.84134864807129,59.002285
2,743,15.8,15.7122755,1,1,22.84134864807129,7.5020328
2,1347,4.76,6.6389604,1,1,22.84134864807129,5.9150476
2,63,22.8,16.228275,1,1,22.84134864807129,52.525604
2,1348,17.3,7.355764,1,0,22.84134864807129,8.11061
2,504,18.5,17.264444,1,1,22.84134864807129,6.61009
2,1352,2.52,2.2948143,1,1,22.84134864807129,5.9706364
2,1353,82.0,90.94253,1,1,22.84134864807129,30.095888
2,1283,28.0,23.34153,1,1,22.84134864807129,27.704565
2,1242,107.0,52.840725,0,0,22.84134864807129,81.245575
2,240,11.0,16.230715,1,1,22.84134864807129,11.113905
2,1357,3.54,2.7442117,1,1,22.84134864807129,4.7978435
2,1264,5.43,4.3606586,1,1,22.84134864807129,5.9311967
2,62,19.8,14.047485,1,0,22.84134864807129,6.646652
2,76,6.4,6.684366,1,1,22.84134864807129,5.682999
2,1359,10.65,7.3186483,1,0,22.84134864807129,4.836342
2,494,3.02,2.7096546,1,1,22.84134864807129,9.072927
2,127,3.2755,3.2056909,1,1,22.84134864807129,3.4891
2,236,89.88,87.644356,1,1,22.84134864807129,16.576853
2,6,3.0,16.835901,0,1,22.84134864807129,34.291584
2,955,0.18,1.5159948,1,1,22.84134864807129,3.0554266
2,955,0.105,0.15785493,1,1,22.84134864807129,0.90685993
2,956,58.0,40.533264,0,1,22.84134864807129,49.486248
2,1367,13.2,4.667636,1,0,22.84134864807129,10.754144
2,897,0.066,0.82037896,1,1,22.84134864807129,5.49974
2,1368,2.5,3.3151429,1,1,22.84134864807129,7.347321
2,227,2.21,1.5390453,1,1,22.84134864807129,2.846617
2,1369,3.9,3.3282075,1,1,22.84134864807129,7.1750617
2,23,17.1,15.954164,1,1,22.84134864807129,5.524252
2,596,16.0,17.32671,1,1,22.84134864807129,5.670754
2,798,9.4,9.269101,1,1,22.84134864807129,7.071726
2,1379,39.1,47.55486,1,1,22.84134864807129,43.307198
2,1380,0.65,2.3797848,1,1,22.84134864807129,4.181203
2,72,6.9,6.3278084,1,1,22.84134864807129,4.1902924
2,171,15.2,17.477045,1,1,22.84134864807129,14.04742
2,286,74.0,53.34756,0,0,22.84134864807129,27.34748
2,473,62.1,84.08856,0,0,22.84134864807129,20.69652
2,341,1.02,1.8234217,1,1,22.84134864807129,2.5186217
2,647,0.55,1.7055408,1,1,22.84134864807129,2.9017565
2,972,2.39,2.0987792,1,1,22.84134864807129,3.1503406
2,1389,4.655,3.8526828,1,1,22.84134864807129,5.1996145
2,563,3.6,2.918018,1,1,22.84134864807129,3.8099053
2,1257,1.4,3.3847616,1,1,22.84134864807129,5.2601047
2,477,7.5,7.662945,1,1,22.84134864807129,3.2966435
2,467,60.6,72.64125,0,1,22.84134864807129,48.508755
2,1394,36.6,33.01237,1,1,22.84134864807129,15.048546
2,157,0.084,0.55069023,1,1,22.84134864807129,4.3210897
2,1395,111.0,62.991585,0,0,22.84134864807129,62.45044
2,1398,30.0,28.336128,1,1,22.84134864807129,83.497574
2,994,0.76,1.879538,1,1,22.84134864807129,4.8499103
2,467,62.1,66.383484,1,1,22.84134864807129,33.82044
2,1399,16.6,12.249033,1,1,22.84134864807129,12.46755
2,1139,36.2,31.81315,1,1,22.84134864807129,9.474827
2,736,7.7,6.4171925,1,1,22.84134864807129,5.1734447
2,1400,11.84,7.470645,1,1,22.84134864807129,11.741414
2,1404,3.56,2.7871108,1,1,22.84134864807129,5.811286
2,1405,76.0,68.442856,1,1,22.84134864807129,68.90708
2,622,12.8,11.724366,1,1,22.84134864807129,5.51506
2,152,86.0,62.318398,0,1,22.84134864807129,68.390686
2,338,31.3,30.983305,1,1,22.84134864807129,38.497757
2,286,68.0,64.579956,1,1,22.84134864807129,45.347794
2,527,0.05,0.30423057,1,1,22.84134864807129,1.732385
2,1413,7.0,5.781159,1,1,22.84134864807129,17.313719
2,1237,16.0,24.03089,1,1,22.84134864807129,55.316742
2,511,5.6,4.394947,1,1,22.84134864807129,4.636255
2,142,10.5,8.156798,1,0,22.84134864807129,4.482407
2,1415,11.5,12.538536,1,1,22.84134864807129,6.349617
2,6,30.6,26.027498,1,1,22.84134864807129,15.445493
2,646,3.5,3.779807,1,1,22.84134864807129,11.862915
2,866,93.3,87.57343,1,1,22.84134864807129,60.78476
2,1420,24.0,57.810635,0,0,22.84134864807129,60.41438
2,131,2.2,7.4810476,1,1,22.84134864807129,14.751761
2,1422,5.9,5.6596155,1,1,22.84134864807129,5.6567097
2,1423,4.52,3.8042808,1,1,22.84134864807129,4.4911194
2,1190,9.45,8.170967,1,1,22.84134864807129,4.9646754
2,1424,37.5,48.586384,1,1,22.84134864807129,81.08916
2,576,7.2,6.032963,1,1,22.84134864807129,4.8738956
2,180,21.0,24.804007,1,1,22.84134864807129,29.929949
2,1379,26.2,39.473885,0,1,22.84134864807129,44.314342
2,148,9.05,8.198347,1,1,22.84134864807129,3.8237164
2,1427,2.7,4.7314467,1,1,22.84134864807129,28.008764
2,1431,5.3,4.123344,1,1,22.84134864807129,4.9208007
2,253,32.0,25.758213,1,1,22.84134864807129,25.463907
2,1056,1.64,1.6758091,1,1,22.84134864807129,3.139045
2,642,14.85,45.762417,0,1,22.84134864807129,63.41969
2,738,6.04,4.4964857,1,1,22.84134864807129,7.6958566
2,1436,6.94,5.877062,1,1,22.84134864807129,6.024083
2,1437,9.2,29.053318,0,0,22.84134864807129,30.221663
2,148,9.4,8.95529,1,1,22.84134864807129,4.218137
2,1254,4.5,6.5891466,1,1,22.84134864807129,6.085897
2,236,88.0,73.3096,0,0,22.84134864807129,21.807886
2,1439,9.85,5.1767206,1,0,22.84134864807129,8.715979
2,476,74.5,54.52318,0,1,22.84134864807129,44.444324
2,1440,0.964,5.3546295,1,1,22.84134864807129,11.853692
2,1442,6.24,1.6963328,1,0,22.84134864807129,4.713871
2,321,90.15,80.913155,1,1,22.84134864807129,81.91371
2,857,15.8,21.3585,1,1,22.84134864807129,18.145416
2,130,0.59,1.7300273,1,1,22.84134864807129,8.83497
2,1447,53.5,45.6829,1,1,22.84134864807129,81.7775
2,1451,3.273333333,2.4129806,1,1,22.84134864807129,7.9993153
2,1454,2.3,1.6991962,1,1,22.84134864807129,12.878901
2,473,86.0,74.34852,0,1,22.84134864807129,25.695568
2,336,39.65,56.915337,0,1,22.84134864807129,51.105392
2,730,9.55,7.14546,1,1,22.84134864807129,7.9630876
2,1457,2.44,4.241336,1,1,22.84134864807129,8.082736
2,642,84.7,75.8942,1,1,22.84134864807129,29.755365
2,1459,14.4,18.672138,1,1,22.84134864807129,23.467068
2,1460,20.0,13.781505,1,1,22.84134864807129,16.985308
2,1077,5.0,8.356599,1,1,22.84134864807129,13.695737
2,549,3.8,2.7667913,1,1,22.84134864807129,8.3009205
2,1466,1.15,2.8357046,1,1,22.84134864807129,6.654154
2,1470,50.0,42.35741,1,1,22.84134864807129,84.34683
2,655,26.5,25.649675,1,1,22.84134864807129,24.593517
2,907,14.7,13.712825,1,1,22.84134864807129,41.49348
2,1475,22.8,44.637974,0,0,22.84134864807129,33.041615
2,1476,13.8,11.497593,1,1,22.84134864807129,6.778451
2,327,23.0,34.320675,1,1,22.84134864807129,42.78223
2,1477,75.1,70.13451,1,1,22.84134864807129,53.710243
2,734,5.2,6.5792136,1,1,22.84134864807129,4.0352583
2,1479,102.0,92.4075,1,1,22.84134864807129,60.655495
2,62,19.2,16.822548,1,1,22.84134864807129,6.018652
2,171,10.8,21.33073,1,0,22.84134864807129,13.628662
2,857,1.6,19.173855,0,0,22.84134864807129,21.960558
2,476,73.5,52.75921,0,1,22.84134864807129,41.841812
2,286,23.5,50.045605,0,0,22.84134864807129,46.696873
2,341,0.556,1.8119049,1,1,22.84134864807129,2.5186217
2,1485,4.5,3.7286344,1,1,22.84134864807129,3.9966419
2,627,69.0,77.122765,1,1,22.84134864807129,56.71148
2,732,3.9,2.937931,1,1,22.84134864807129,5.0436196
2,1293,33.0,22.844126,1,0,22.84134864807129,17.033766
2,1486,2.2,9.157868,1,0,22.84134864807129,7.1844716
2,1089,1.3,2.9338684,1,1,22.84134864807129,3.3152068
2,286,10.1,45.149235,0,0,22.84134864807129,39.87266
2,1488,0.93,2.7345545,1,1,22.84134864807129,4.7363086
2,171,2.0,21.137533,0,0,22.84134864807129,12.674439
2,684,133.5,121.77787,0,1,22.84134864807129,45.73158
2,152,84.5,81.82754,1,1,22.84134864807129,42.247513
2,1492,5.405,6.3485546,1,1,22.84134864807129,74.70023
2,1494,9.85,12.004478,1,1,22.84134864807129,6.872855
2,286,77.0,67.92411,1,0,22.84134864807129,12.724161
2,269,12.0,27.3176,0,1,22.84134864807129,30.866547
2,1495,9.5,6.3298025,1,1,22.84134864807129,7.035146
2,590,10.3,6.7716312,1,1,22.84134864807129,12.284531
2,218,9.18,11.616614,1,1,22.84134864807129,5.7142105
2,1496,0.9,4.8646193,1,0,22.84134864807129,7.378578
2,1500,1.856666667,1.3520093,1,1,22.84134864807129,3.8778362
2,14,40.0,23.115599,0,1,22.84134864807129,46.2731
2,1097,3.73,3.158691,1,1,22.84134864807129,4.4690027
2,463,32.5,25.381407,1,1,22.84134864807129,18.498993
2,152,89.0,81.086754,1,1,22.84134864807129,22.29929
2,1136,6.233333333,5.200024,1,1,22.84134864807129,5.9761667
2,529,5.5,3.3825188,1,1,22.84134864807129,7.251904
2,886,8.5,5.516978,1,1,22.84134864807129,6.858407
2,1504,46.0,51.735813,1,1,22.84134864807129,114.40795
2,1505,2.0,1.8420882,1,1,22.84134864807129,4.4887757
2,79,9.6,10.358406,1,1,22.84134864807129,5.241163
2,1508,2.0,9.804542,1,0,22.84134864807129,7.9877753
2,1006,1.26,2.1846275,1,1,22.84134864807129,7.749831
2,1025,5.53,12.726597,1,0,22.84134864807129,7.6445007
2,290,82.0,74.443504,1,1,22.84134864807129,33.406982
2,1514,1.4,3.056423,1,0,22.84134864807129,2.2989461
2,1517,4.1,2.9841301,1,1,22.84134864807129,8.514406
2,1519,6.62,2.6431513,1,0,22.84134864807129,3.9734306
2,1237,31.3,20.441618,1,1,22.84134864807129,57.466637
2,54,6.09,7.2395034,1,1,22.84134864807129,4.1142216
2,1521,0.38,2.71311,1,1,22.84134864807129,26.14313
2,504,19.1,18.360254,1,1,22.84134864807129,5.7866316
2,152,83.5,77.74397,1,1,22.84134864807129,49.817158
2,1527,4.1,5.0172963,1,1,22.84134864807129,5.405814
2,338,48.0,28.976957,0,1,22.84134864807129,40.859615
2,684,134.7,123.50256,1,1,22.84134864807129,59.046978
2,681,4.02,2.6311338,1,0,22.84134864807129,2.372783
2,521,3.0,3.3649263,1,1,22.84134864807129,6.7243695
2,216,30.04,27.872444,1,1,22.84134864807129,17.126438
2,1519,2.26,2.0819433,1,1,22.84134864807129,4.4871078
2,1536,44.0,34.77041,1,1,22.84134864807129,41.642384
2,152,81.0,69.07709,0,1,22.84134864807129,44.600826
2,286,66.5,65.84525,1,1,22.84134864807129,39.72741
2,1540,0.58,1.3240764,1,1,22.84134864807129,4.96541
2,897,0.06,1.0297327,1,1,22.84134864807129,4.5626464
2,79,12.7,10.013737,1,1,22.84134864807129,7.029001
2,1294,2.13,17.172482,0,0,22.84134864807129,21.101263
2,290,82.0,65.93364,0,1,22.84134864807129,56.95396
2,1544,1.65,3.174843,1,1,22.84134864807129,7.01854
2,972,1.38,2.086864,1,1,22.84134864807129,3.1503406
2,639,87.0,64.85478,0,1,22.84134864807129,51.45556
2,1550,2.6,3.485752,1,1,22.84134864807129,3.8414645
2,152,86.3,76.48586,1,1,22.84134864807129,29.976562
2,733,3.0,3.864398,1,1,22.84134864807129,2.8586087
2,956,65.0,48.02786,0,1,22.84134864807129,54.142143
2,1553,3.833333333,2.493413,1,1,22.84134864807129,3.7647214
2,473,75.0,65.003,1,1,22.84134864807129,109.75297
2,152,76.0,79.21039,1,1,22.84134864807129,29.380672
2,586,69.4,81.893486,0,1,22.84134864807129,49.511246
2,152,87.6,77.774635,1,1,22.84134864807129,25.824375
2,1555,4.25,8.238424,1,1,22.84134864807129,14.978778
2,1556,8.5,27.46436,0,0,22.84134864807129,30.462536
2,241,12.2,10.348435,1,1,22.84134864807129,9.006712
2,523,2.69,4.525521,1,1,22.84134864807129,7.274248
2,54,5.47,5.048209,1,1,22.84134864807129,3.9698687
2,1559,4.92,11.941905,1,0,22.84134864807129,8.478474
2,649,80.9,74.916985,1,1,22.84134864807129,70.239334
2,781,107.0,84.99033,0,1,22.84134864807129,47.870605
2,556,4.68,8.951312,1,1,22.84134864807129,8.866262
2,216,41.45,43.05738,1,1,22.84134864807129,40.85109
2,1395,40.0,64.24599,0,1,22.84134864807129,49.921757
2,1567,2.1,2.4012356,1,1,22.84134864807129,7.0530157
2,1568,39.0,18.703068,0,0,22.84134864807129,27.91318
2,743,15.8,13.795687,1,1,22.84134864807129,9.171412
2,62,19.3,17.31592,1,1,22.84134864807129,5.5349197
2,1571,9.1,14.20997,1,1,22.84134864807129,64.91598
2,130,0.546,1.691986,1,1,22.84134864807129,9.249313
2,753,23.0,57.8119,0,0,22.84134864807129,31.631832
2,79,6.0,10.2724495,1,0,22.84134864807129,5.0764365
2,1575,8.2,5.4794836,1,1,22.84134864807129,5.7728004
2,928,14.6,17.07927,1,1,22.84134864807129,5.859664
2,6,31.0,32.128857,1,1,22.84134864807129,10.418196
2,1576,11.9,13.642716,1,1,22.84134864807129,8.577239
2,1577,1.6,1.5200471,1,1,22.84134864807129,3.1215978
2,273,9.2,26.333858,0,0,22.84134864807129,31.924715
2,1235,65.0,66.97918,1,1,22.84134864807129,58.231575
2,79,14.0,12.036752,1,1,22.84134864807129,6.3201375
2,1400,10.92,5.300082,1,1,22.84134864807129,12.077401
2,551,30.0,16.837358,0,1,22.84134864807129,28.454643
2,204,17.0,22.903362,1,1,22.84134864807129,15.441572
2,269,9.95,13.639164,1,1,22.84134864807129,20.122263
2,1553,1.4325,1.7258848,1,1,22.84134864807129,4.419059
2,499,15.8,7.2302947,1,0,22.84134864807129,4.1771913
2,681,4.49,2.9352894,1,0,22.84134864807129,2.4817648
2,130,0.46,1.694635,1,1,22.84134864807129,9.249313
2,956,53.8,56.223522,1,1,22.84134864807129,48.71853
2,204,10.0,24.11872,0,0,22.84134864807129,14.605983
2,955,0.21,1.2549491,1,1,22.84134864807129,2.8931344
2,103,3.73,3.2957942,1,1,22.84134864807129,4.5831203
2,467,66.9,70.68258,1,1,22.84134864807129,53.93303
2,148,9.8,8.760371,1,1,22.84134864807129,4.1047754
2,142,7.9,7.3164077,1,1,22.84134864807129,6.603978
2,62,17.6,15.589765,1,1,22.84134864807129,6.44779
2,549,6.9,2.0923395,1,0,22.84134864807129,5.4165177
2,1459,15.2,11.316197,1,1,22.84134864807129,12.473744
2,216,33.0,23.687748,1,0,22.84134864807129,16.098457
2,810,33.0,27.896275,1,1,22.84134864807129,31.3042
2,171,19.2,14.784943,1,1,22.84134864807129,24.963112
2,456,5.0,10.142886,1,0,22.84134864807129,8.370312
2,241,5.3,8.214268,1,1,22.84134864807129,8.280021
2,1590,2.9,3.401653,1,1,22.84134864807129,5.360729
2,54,4.51,4.533963,1,1,22.84134864807129,2.9659822
2,956,68.3,66.80171,1,1,22.84134864807129,26.544336
2,253,31.0,25.603228,1,1,22.84134864807129,27.241222
2,735,9.2,7.2253513,1,1,22.84134864807129,11.045643
2,122,7.0,5.071273,1,1,22.84134864807129,7.0156293
2,1595,15.2,15.309649,1,1,22.84134864807129,7.913499
2,733,4.6,2.1730502,1,0,22.84134864807129,2.9367425
2,1596,0.725,5.8128023,1,1,22.84134864807129,22.99116
2,356,12.0,7.828328,1,0,22.84134864807129,6.736049
2,557,19.8,26.572466,1,1,22.84134864807129,22.886887
2,581,6.905,6.024025,1,1,22.84134864807129,3.1751466
2,1599,1.3,2.576672,1,1,22.84134864807129,4.009374
2,33,17.9,9.560914,1,0,22.84134864807129,16.097692
2,137,23.5,23.125418,1,1,22.84134864807129,25.625282
2,1604,123.5,126.78567,1,1,22.84134864807129,63.99208
2,1605,1.254033333,1.1764373,1,1,22.84134864807129,2.160687
2,956,27.5,48.25909,0,0,22.84134864807129,28.507435
2,1332,84.3,83.210335,1,1,22.84134864807129,66.61019
2,143,1.3,2.71528,1,1,22.84134864807129,4.3229027
2,1609,6.1,4.3975744,1,1,22.84134864807129,6.880383
2,37,11.7,11.418171,1,1,22.84134864807129,6.2795024
2,1610,1.2,2.1884384,1,1,22.84134864807129,4.7997456
2,23,9.8,12.516307,1,1,22.84134864807129,10.42
2,1559,7.13,10.974557,1,0,22.84134864807129,4.8988967
2,208,3.655,4.079821,1,1,22.84134864807129,2.7801714
2,208,5.5,3.630115,1,0,22.84134864807129,3.2204049
2,611,33.0,25.255878,1,1,22.84134864807129,36.92616
2,199,9.8,11.559787,1,1,22.84134864807129,6.899913
2,1618,50.0,74.21864,0,1,22.84134864807129,54.524265
2,1136,4.3,5.5916767,1,1,22.84134864807129,7.5932493
2,241,14.16666667,11.6375,1,1,22.84134864807129,6.373156
2,476,90.88,81.361145,1,0,22.84134864807129,16.66979
2,1624,86.0,84.58488,1,1,22.84134864807129,19.800608
2,1625,3.56,4.147761,1,1,22.84134864807129,5.239306
2,1626,91.1,86.83546,1,1,22.84134864807129,27.725554
2,54,7.62,7.5309176,1,1,22.84134864807129,4.2157083
2,1629,0.58,2.4885294,1,1,22.84134864807129,4.3718452
2,647,0.808,1.6520866,1,1,22.84134864807129,2.9017565
2,273,26.0,29.783682,1,1,22.84134864807129,75.23729
2,369,3.81,2.6919768,1,1,22.84134864807129,7.434107
2,1633,1.989218182,3.3605223,1,1,22.84134864807129,3.5043905
2,1634,1.78,1.5173934,1,1,22.84134864807129,1.5435566
2,1635,7.0,89.57245,0,0,22.84134864807129,50.664986
2,1636,0.05,2.5993865,1,1,22.84134864807129,8.75295
2,826,2.0,2.0957627,1,1,22.84134864807129,2.2490158
2,1637,34.0,34.069294,1,1,22.84134864807129,11.72089
2,1504,62.0,40.513885,0,1,22.84134864807129,119.353226
2,1265,2.5,3.191203,1,1,22.84134864807129,3.351869
2,286,52.9,53.540516,1,1,22.84134864807129,54.49282
2,1640,14.8,12.335955,1,1,22.84134864807129,6.099988
2,1641,7.14,6.2025247,1,1,22.84134864807129,7.5796814
2,1642,2.54,4.0791063,1,1,22.84134864807129,4.8137946
2,1167,4.583333333,3.510518,1,1,22.84134864807129,9.04853
2,501,4.86,15.454737,1,1,22.84134864807129,38.448288
2,79,14.0,10.554087,1,0,22.84134864807129,6.001303
2,152,89.6,81.81308,1,1,22.84134864807129,17.530304
2,6,33.0,30.079508,1,1,22.84134864807129,16.780779
2,1649,2.037307692,1.6479534,1,1,22.84134864807129,1.688029
2,1650,3.2,4.6828785,1,1,22.84134864807129,7.9855156
2,1653,5.55,3.7428863,1,1,22.84134864807129,4.686928
2,1654,103.0,95.071556,1,1,22.84134864807129,39.009495
2,1267,15.4,14.694513,1,1,22.84134864807129,7.700783
2,1161,10.9,4.3746176,1,0,22.84134864807129,8.2484
2,1118,12.0,19.477564,1,0,22.84134864807129,9.258144
2,1656,0.61,3.5658271,1,0,22.84134864807129,3.9951367
2,68,4.1,5.2642198,1,1,22.84134864807129,2.7545624
2,202,6.79,4.128216,1,1,22.84134864807129,11.8650465
2,1658,0.13,0.8472102,1,1,22.84134864807129,3.0480382
2,611,35.0,24.915756,1,1,22.84134864807129,52.331924
2,218,8.9,10.953536,1,1,22.84134864807129,5.4849463
2,143,1.62,2.6855223,1,1,22.84134864807129,4.3736873
2,1661,2.58,1.1752529,1,1,22.84134864807129,8.487366
2,476,75.0,46.596336,0,1,22.84134864807129,87.09901
2,1618,68.6,79.30444,1,1,22.84134864807129,53.818638
2,241,15.4,8.879266,1,0,22.84134864807129,7.9684463
2,551,30.0,26.680143,1,1,22.84134864807129,33.60432
2,857,11.7,19.817934,1,1,22.84134864807129,20.420649
2,1669,28.4,29.84843,1,1,22.84134864807129,21.274023
2,1670,3.525,14.951089,0,1,22.84134864807129,141.51952
2,338,45.6,29.74412,0,1,22.84134864807129,41.51642
2,784,2.44,5.002871,1,1,22.84134864807129,7.277224
2,856,5.96,6.638624,1,1,22.84134864807129,5.3984113
2,216,26.0,14.896983,1,1,22.84134864807129,44.52322
2,1674,71.0,55.04316,0,1,22.84134864807129,42.403263
2,79,10.5,10.494551,1,1,22.84134864807129,5.3410044
2,529,1.75,3.9471471,1,1,22.84134864807129,6.8824334
2,1677,5.11,3.553663,1,1,22.84134864807129,8.381769
2,240,11.0,14.217131,1,1,22.84134864807129,9.698056
2,1678,4.06,3.5802662,1,1,22.84134864807129,4.3683267
2,1521,0.42,2.6415024,1,1,22.84134864807129,26.14313
2,1556,12.1,27.393867,0,0,22.84134864807129,30.352215
2,208,3.628,4.0815415,1,1,22.84134864807129,2.7801714
2,137,26.0,23.221315,1,1,22.84134864807129,29.552694
2,1190,9.76,9.180206,1,1,22.84134864807129,5.6660824
2,1267,18.4,17.092176,1,1,22.84134864807129,6.3813257
2,6,22.9,20.924273,1,1,22.84134864807129,26.535435
2,541,0.55,0.37698027,1,1,22.84134864807129,2.0608416
2,1683,3.9,4.9790745,1,1,22.84134864807129,9.272121
2,1685,0.669222222,0.34860015,1,1,22.84134864807129,2.930674
2,1686,88.9,76.26969,0,0,22.84134864807129,19.985933
2,557,33.0,18.289349,0,0,22.84134864807129,27.356714
2,758,34.0,29.147688,1,1,22.84134864807129,18.00173
2,1695,1.4,2.8018572,1,1,22.84134864807129,7.48273
2,332,16.0,16.327381,1,1,22.84134864807129,22.089775
2,356,10.6,7.894157,1,1,22.84134864807129,7.038634
2,904,92.8,35.467964,0,0,22.84134864807129,92.20261
2,130,0.519,1.7300273,1,1,22.84134864807129,6.2935586
2,1699,3.0,3.0877736,1,1,22.84134864807129,4.986181
2,1702,1.5,2.6501162,1,1,22.84134864807129,9.784406
2,829,8.41,5.1256123,1,0,22.84134864807129,3.8004105
2,1706,16.4,14.74163,1,1,22.84134864807129,5.5456095
2,1709,28.0,15.082811,0,1,22.84134864807129,44.876736
2,62,17.4,12.285539,1,0,22.84134864807129,6.74722
2,336,12.2,10.07472,1,1,22.84134864807129,124.51551
2,1379,14.0,35.189766,0,0,22.84134864807129,39.09583
2,1713,1.7,4.1026125,1,1,22.84134864807129,7.4287205
2,216,29.2,22.928154,1,1,22.84134864807129,16.995487
2,158,8.593333333,6.5918183,1,1,22.84134864807129,7.0414295
2,1714,0.4,0.8557917,1,1,22.84134864807129,2.128053
2,130,0.58,1.7300273,1,1,22.84134864807129,9.019376
2,1436,8.77,7.8445463,1,1,22.84134864807129,6.1097465
2,6,4.4,4.944068,1,1,22.84134864807129,36.605484
2,1715,9.60375,9.536223,1,1,22.84134864807129,49.801838
2,738,6.45,4.497893,1,1,22.84134864807129,7.7005215
2,1718,1.8,18.71887,0,0,22.84134864807129,26.882923
2,216,10.2,21.178251,1,0,22.84134864807129,11.822128
2,84,6.45,6.022923,1,1,22.84134864807129,12.268682
2,1056,2.32,2.4397087,1,1,22.84134864807129,3.5139146
2,79,13.5,10.085773,1,0,22.84134864807129,5.162377
2,557,25.0,25.463055,1,1,22.84134864807129,23.686478
2,476,63.31,51.5054,0,1,22.84134864807129,82.28211
2,1725,0.045,1.713469,1,1,22.84134864807129,10.463826
2,82,2.13,4.7598486,1,0,22.84134864807129,4.856946
2,1729,2.4,6.7212715,1,1,22.84134864807129,21.003334
2,541,0.25,0.5046898,1,1,22.84134864807129,2.1019099
2,356,10.0,4.6354566,1,0,22.84134864807129,5.7615414
2,1730,1.25,2.0305789,1,1,22.84134864807129,4.399883
2,1732,3.81,4.767575,1,1,22.84134864807129,17.180471
2,1733,2.516666667,9.141676,1,0,22.84134864807129,12.141521
2,684,118.5,121.49501,1,1,22.84134864807129,42.67507
2,1190,8.85,8.205204,1,1,22.84134864807129,5.1972404
2,1735,3.09,2.72268,1,1,22.84134864807129,5.4818616
2,1737,4.95,1.5375484,1,0,22.84134864807129,5.650205
2,54,8.4,7.054591,1,1,22.84134864807129,3.6867907
2,62,19.8,16.749628,1,0,22.84134864807129,6.018652
2,868,0.0609,0.20536298,1,1,22.84134864807129,3.0639062
2,639,92.0,67.58703,0,1,22.84134864807129,52.86931
2,816,22.38,18.401768,1,1,22.84134864807129,17.685738
2,1741,20.6,48.422077,0,0,22.84134864807129,46.803535
2,501,15.5,16.058699,1,1,22.84134864807129,28.383482
2,418,4.82,4.8630743,1,1,22.84134864807129,43.98909
2,6,17.0,16.538925,1,1,22.84134864807129,33.441505
2,733,6.866666667,4.8148193,1,0,22.84134864807129,4.020459
2,1744,14.0,69.59011,0,0,22.84134864807129,61.23606
2,232,5.5,8.437682,1,0,22.84134864807129,4.717685
2,1746,6.4701,6.4033875,1,1,22.84134864807129,3.3800411
2,79,13.2,10.377652,1,0,22.84134864807129,4.677872
2,622,10.2,11.384753,1,1,22.84134864807129,5.396438
2,79,5.25,9.869199,1,0,22.84134864807129,4.087488
2,639,87.0,64.05193,0,1,22.84134864807129,78.11652
2,267,1.04,1.2909707,1,1,22.84134864807129,2.5304677
2,1294,2.8,16.52187,0,0,22.84134864807129,21.13151
2,647,1.014,1.4297005,1,1,22.84134864807129,3.5635982
2,286,81.0,75.22685,1,1,22.84134864807129,26.738123
2,208,3.766,4.343417,1,1,22.84134864807129,2.7801714
2,290,43.0,57.67708,0,1,22.84134864807129,107.92433
2,1752,11.0,12.901659,1,1,22.84134864807129,5.57184
2,1754,22.1,16.892765,1,1,22.84134864807129,17.427956
2,1756,55.6,45.82478,1,1,22.84134864807129,34.931206
2,1757,3.02,1.8155311,1,1,22.84134864807129,5.3767943
2,79,14.0,11.833401,1,1,22.84134864807129,5.5349903
2,808,2.9,2.9191163,1,1,22.84134864807129,8.056299
2,1097,3.66,2.8320782,1,1,22.84134864807129,5.4685364
2,79,12.9,10.385992,1,1,22.84134864807129,5.6024084
2,955,0.18,0.52873933,1,1,22.84134864807129,2.481565
2,956,63.0,63.64437,1,1,22.84134864807129,37.27014
2,204,37.4,29.91462,1,0,22.84134864807129,14.81778
2,336,6.6,46.305172,0,0,22.84134864807129,72.96063
2,473,50.0,62.383236,0,1,22.84134864807129,114.44858
2,1078,2.0,4.4386096,1,1,22.84134864807129,6.1225176
2,216,40.0,26.912844,0,0,22.84134864807129,14.588258
2,1359,11.0,8.434133,1,1,22.84134864807129,7.612273
2,1763,0.7,4.7573237,1,0,22.84134864807129,5.8556366
2,826,4.73,2.5583649,1,0,22.84134864807129,3.5642533
2,1764,3.91,6.010843,1,1,22.84134864807129,8.948674
2,758,35.6,33.355495,1,1,22.84134864807129,6.6587496
2,246,7.4,16.092731,1,1,22.84134864807129,96.257126
2,1766,4.5,8.826556,1,1,22.84134864807129,11.462432
2,1767,1.0325,3.0107691,1,1,22.84134864807129,9.674698
2,364,0.69,1.6141403,1,1,22.84134864807129,5.034114
2,1161,12.8,8.203261,1,0,22.84134864807129,7.8787837
2,1770,5.3,4.9373155,1,1,22.84134864807129,9.359586
2,1772,8.0,20.067125,0,1,22.84134864807129,31.230427
2,1775,50.0,54.022537,1,1,22.84134864807129,97.93714
2,6,3.0,5.252144,1,1,22.84134864807129,39.52979
2,1517,1.3,2.3357286,1,1,22.84134864807129,7.807311
2,1776,30.0,29.32608,1,1,22.84134864807129,25.019459
2,1260,14.4,12.55784,1,1,22.84134864807129,6.948771
2,734,1.9,8.594986,1,0,22.84134864807129,12.5387745
2,1777,2.5,4.788928,1,1,22.84134864807129,11.929735
2,1780,2.38,2.711765,1,1,22.84134864807129,5.492747
2,1089,8.28,5.971952,1,1,22.84134864807129,5.106286
2,1782,4.39,3.2352161,1,1,22.84134864807129,4.594949
2,928,13.6,16.704529,1,0,22.84134864807129,6.1243544
2,216,33.2,25.963722,1,1,22.84134864807129,16.128319
2,356,10.6,7.053236,1,1,22.84134864807129,7.311792
2,1784,2.5,3.2681425,1,1,22.84134864807129,10.12871
2,79,13.7,10.395368,1,0,22.84134864807129,5.932906
2,431,2.87,5.6676617,1,0,22.84134864807129,4.3378634
2,1786,3.7,4.544019,1,1,22.84134864807129,6.03232
2,1787,2.0,1.5438445,1,1,22.84134864807129,1.4984711
2,241,14.6,10.908243,1,0,22.84134864807129,7.3383718
2,171,15.5,13.811067,1,1,22.84134864807129,24.481981
2,218,7.7,11.871522,1,0,22.84134864807129,5.622689
2,62,20.75,15.236805,1,0,22.84134864807129,6.546516
2,327,12.5,34.320675,0,0,22.84134864807129,42.78223
2,504,19.2,18.336843,1,1,22.84134864807129,5.7866316
2,1791,2.82,1.3460279,1,1,22.84134864807129,4.627685
2,831,2.23,6.8616366,1,0,22.84134864807129,7.5576262
2,1794,15.5,6.886542,1,0,22.84134864807129,15.086137
2,1795,2.5,3.6335008,1,1,22.84134864807129,13.129921
2,816,21.27,15.452862,1,1,22.84134864807129,30.295267
2,37,11.3,10.062716,1,1,22.84134864807129,5.9766793
2,1436,6.295,5.3711233,1,1,22.84134864807129,5.6950006
2,477,9.8,9.723972,1,1,22.84134864807129,5.452043
2,1796,2.5275,5.6626477,1,0,22.84134864807129,4.890527
2,1797,9.22,3.547121,1,0,22.84134864807129,9.116384
2,1799,1.0,4.0464973,1,1,22.84134864807129,6.1345453
2,1800,2.9,1.779502,1,1,22.84134864807129,7.2754464
2,1167,5.25,5.0756397,1,1,22.84134864807129,11.918522
2,286,70.0,72.8072,1,1,22.84134864807129,37.058407
2,1618,35.3,82.60475,0,0,22.84134864807129,61.742157
2,327,21.0,34.320675,0,1,22.84134864807129,42.78223
2,1804,5.6,10.886918,1,1,22.84134864807129,11.259697
2,173,2.45,2.9520218,1,1,22.84134864807129,21.519403
2,1025,5.97,13.817429,1,0,22.84134864807129,7.2345467
2,1806,7.833333333,3.0841017,1,0,22.84134864807129,4.272088
2,684,115.0,122.01568,1,1,22.84134864807129,98.696754
2,868,0.0672,0.2920372,1,1,22.84134864807129,3.0639062
2,60,34.0,29.802149,1,1,22.84134864807129,18.352129
2,692,2.12,2.0612662,1,1,22.84134864807129,4.9124303
2,286,89.5,82.39612,1,0,22.84134864807129,13.227342
2,684,121.0,113.578636,1,1,22.84134864807129,46.017944
2,1810,8.0,4.7350917,1,0,22.84134864807129,6.0798445
2,1764,6.0,5.4922805,1,1,22.84134864807129,8.253992
2,79,13.8,10.067009,1,0,22.84134864807129,5.4071717
2,504,18.8,18.295128,1,1,22.84134864807129,5.8286777
2,1815,3.5375,2.7421463,1,1,22.84134864807129,7.8462033
2,1816,17.6,19.967201,1,1,22.84134864807129,33.15805
2,369,3.73,2.8848457,1,1,22.84134864807129,2.36271
2,356,7.62,6.050538,1,1,22.84134864807129,4.742313
2,1817,4.2,3.9272585,1,1,22.84134864807129,3.595733
2,62,20.4,15.1924715,1,0,22.84134864807129,6.6872306
2,286,38.0,49.08846,1,1,22.84134864807129,59.154278
2,216,39.35,31.002872,1,0,22.84134864807129,15.819783
2,1190,9.97,8.566011,1,1,22.84134864807129,5.553117
2,1818,0.158,1.8717594,1,0,22.84134864807129,3.2874424
2,79,14.3,10.385992,1,0,22.84134864807129,5.6024084
2,601,0.0332,1.0022278,1,1,22.84134864807129,2.972277
2,1127,3.44,4.3655176,1,1,22.84134864807129,7.9776926
2,816,15.75,17.946741,1,1,22.84134864807129,16.830166
2,148,8.99,8.324215,1,1,22.84134864807129,3.6222024
2,216,33.0,30.783255,1,1,22.84134864807129,14.9210415
2,208,3.69,4.0817614,1,1,22.84134864807129,3.01831
2,659,7.3,14.059482,1,0,22.84134864807129,6.3293858
2,259,12.0,9.203765,1,1,22.84134864807129,18.203558
2,62,19.9,16.822548,1,0,22.84134864807129,6.018652
2,1830,1.566666667,1.2962866,1,1,22.84134864807129,4.9502816
2,130,0.573,0.95236874,1,1,22.84134864807129,4.5064673
2,1097,2.77,2.8320782,1,1,22.84134864807129,5.4685364
2,816,19.04,14.245738,1,1,22.84134864807129,24.580982
2,84,1.449,5.4681506,1,0,22.84134864807129,4.481454
2,152,78.5,68.389305,1,1,22.84134864807129,46.123325
2,1395,69.1,88.098526,0,1,22.84134864807129,46.446995
2,1833,9.2,5.7171154,1,1,22.84134864807129,7.3944426
2,1834,22.6,20.360779,1,1,22.84134864807129,24.594166
2,199,14.0,15.215795,1,1,22.84134864807129,8.740638
2,816,26.0,20.474798,1,1,22.84134864807129,24.017975
2,1254,2.82,6.466132,1,0,22.84134864807129,5.9446425
2,601,0.038,0.9515807,1,1,22.84134864807129,2.9372623
2,54,8.76,7.649578,1,1,22.84134864807129,3.9899037
2,1843,1.5,1.3103316,1,1,22.84134864807129,1.943251
2,467,41.3,52.53187,1,1,22.84134864807129,49.24915
2,587,96.8,43.63619,0,0,22.84134864807129,51.646606
2,1423,3.77,3.9998314,1,1,22.84134864807129,4.4170876
2,956,68.0,41.81281,0,0,22.84134864807129,45.14087
2,961,48.6,78.09464,0,0,22.84134864807129,19.516132
2,1308,4.03,3.3800957,1,1,22.84134864807129,4.0877285
2,595,2.605,3.736332,1,1,22.84134864807129,3.9281967
2,1261,3.68,2.1472783,1,1,22.84134864807129,6.599216
2,1846,2.78,3.0453827,1,1,22.84134864807129,22.372433
2,1847,6.09,5.4178376,1,1,22.84134864807129,8.027945
2,119,25.9,12.924709,0,1,22.84134864807129,55.94888
2,1277,35.1,27.498337,1,0,22.84134864807129,12.35276
2,1849,63.0,74.4598,0,0,22.84134864807129,22.396091
2,773,16.6,19.116005,1,1,22.84134864807129,21.72317
2,344,4.61,18.117767,0,1,22.84134864807129,31.794268
2,581,6.3,3.933724,1,0,22.84134864807129,3.1117032
2,79,11.0,10.364776,1,1,22.84134864807129,5.5612717
2,642,85.2,75.113716,1,1,22.84134864807129,29.55394
2,829,0.016,2.2444427,1,0,22.84134864807129,3.703947
2,1850,1.69,1.6066809,1,1,22.84134864807129,1.688029
2,286,88.0,82.04953,1,0,22.84134864807129,11.28281
2,236,90.36,85.94382,1,1,22.84134864807129,17.094006
2,587,87.2,76.568085,1,1,22.84134864807129,43.902225
2,699,1.021,1.435608,1,1,22.84134864807129,3.0579534
2,955,0.41,0.31157464,1,1,22.84134864807129,2.8988168
2,735,8.9,7.30287,1,1,22.84134864807129,10.356939
2,700,84.0,71.65071,0,1,22.84134864807129,85.279854
2,1159,8.6,4.6515255,1,0,22.84134864807129,7.7526326
2,1063,3.54,5.6471634,1,1,22.84134864807129,7.0961947
2,868,0.045,0.20570906,1,1,22.84134864807129,1.6726245
2,564,5.83,6.2707033,1,1,22.84134864807129,6.5412483
2,369,3.342,3.5357623,1,1,22.84134864807129,4.965409
2,1857,0.523363636,0.7959045,1,1,22.84134864807129,2.4390104
2,866,90.4,87.150024,1,1,22.84134864807129,103.05275
2,1167,3.51,3.8783276,1,1,22.84134864807129,9.187237
2,1859,4.5,2.4318156,1,0,22.84134864807129,2.59467
2,504,17.7,18.360254,1,1,22.84134864807129,5.7866316
2,356,11.5,6.599908,1,0,22.84134864807129,7.4119706
2,79,13.225,10.853932,1,1,22.84134864807129,5.3993
2,286,33.9,50.719097,0,1,22.84134864807129,40.500313
2,647,0.761,1.6572341,1,1,22.84134864807129,2.9017565
2,1863,0.455,0.8777953,1,1,22.84134864807129,2.869845
2,557,17.0,25.294395,1,1,22.84134864807129,23.208189
2,1267,16.4,16.793488,1,1,22.84134864807129,6.3813257
2,241,12.2,10.348435,1,1,22.84134864807129,9.006712
2,1864,0.541,2.634475,1,1,22.84134864807129,4.188327
2,1865,10.1,6.506448,1,0,22.84134864807129,6.529231
2,1871,10.2,9.731393,1,1,22.84134864807129,6.602668
2,934,5.3,3.4962146,1,1,22.84134864807129,4.4326982
2,54,4.54,4.48307,1,1,22.84134864807129,2.8334684
2,1876,4.2,11.290122,1,0,22.84134864807129,10.661544
2,84,8.25,6.022923,1,1,22.84134864807129,12.268682
2,1878,4.59,4.576282,1,1,22.84134864807129,5.971913
2,564,5.03,5.9526577,1,1,22.84134864807129,7.122569
2,286,72.3,65.7531,1,1,22.84134864807129,15.789489
2,1879,14.7,11.061815,1,1,22.84134864807129,11.915973
2,1237,31.3,21.022284,1,1,22.84134864807129,54.352615
2,1764,3.12,6.1371126,1,1,22.84134864807129,11.022378
2,1884,4.5,3.7354689,1,1,22.84134864807129,6.2136765
2,268,5.32,5.201371,1,1,22.84134864807129,4.6265364
2,1056,2.36,2.401029,1,1,22.84134864807129,3.436719
2,1886,1.0,5.5982494,1,1,22.84134864807129,22.687647
2,1888,7.4,8.827419,1,1,22.84134864807129,14.302251
2,601,0.051,0.9515807,1,1,22.84134864807129,2.972277
2,1223,41.2,34.885284,1,1,22.84134864807129,29.703133
2,286,57.0,61.245373,1,1,22.84134864807129,36.597393
2,1890,1.21,3.5040133,1,1,22.84134864807129,5.5833063
2,1235,40.0,43.77134,1,1,22.84134864807129,52.698204
2,1892,38.6,38.805336,1,1,22.84134864807129,18.776018
2,130,0.415,1.694635,1,1,22.84134864807129,9.249313
2,1893,18.14,17.6682,1,1,22.84134864807129,3.2463398
2,1894,2.4,4.003805,1,0,22.84134864807129,2.7106538
2,401,5.47,4.5289397,1,1,22.84134864807129,5.200805
2,733,8.733333333,4.6970067,1,0,22.84134864807129,3.5958102
2,581,2.7,4.018933,1,1,22.84134864807129,3.2145085
2,290,86.0,86.42976,1,1,22.84134864807129,8.91352
2,1896,9.9,2.8481643,1,1,22.84134864807129,16.121536
2,716,4.575,5.668307,1,1,22.84134864807129,7.6051283
2,1174,2.46,2.1907456,1,1,22.84134864807129,3.8981078
2,216,15.0,25.463596,1,0,22.84134864807129,10.686295
2,1900,2.22375,2.027157,1,1,22.84134864807129,5.35365
2,286,32.0,53.06994,0,0,22.84134864807129,37.96451
2,1901,1.51,4.00719,1,1,22.84134864807129,5.4602537
2,527,0.064,0.33950895,1,1,22.84134864807129,1.4799979
2,1850,1.86,1.604203,1,1,22.84134864807129,1.688029
2,152,77.7,79.81874,1,1,22.84134864807129,23.31605
2,1903,6.5,5.762971,1,1,22.84134864807129,7.517615
2,1127,2.05,4.705471,1,1,22.84134864807129,8.877682
2,969,72.0,69.074265,1,1,22.84134864807129,48.18969
2,1332,83.9,85.53084,1,1,22.84134864807129,15.720351
2,216,22.25,19.472174,1,1,22.84134864807129,37.50568
2,108,7.16,12.197506,1,1,22.84134864807129,17.972553
2,1519,6.8,3.1155562,1,0,22.84134864807129,4.764793
2,473,35.0,64.15555,0,0,22.84134864807129,47.693127
2,143,1.7,2.3682756,1,1,22.84134864807129,4.3116307
2,866,92.45,88.37489,1,1,22.84134864807129,83.349205
2,639,85.0,51.65994,0,0,22.84134864807129,46.84487
2,1332,46.5,73.38421,0,1,22.84134864807129,87.860466
2,1436,7.85,6.3988037,1,1,22.84134864807129,6.2221513
2,1834,34.1,30.218336,1,1,22.84134864807129,20.289259
2,290,82.0,70.14284,0,1,22.84134864807129,42.882347
2,477,10.2,9.632487,1,1,22.84134864807129,5.3097305
2,62,19.85,15.8543215,1,0,22.84134864807129,6.401693
2,1919,0.29,2.1991901,1,1,22.84134864807129,3.950203
2,1857,0.87,0.77730715,1,1,22.84134864807129,4.377493
2,130,0.602666667,1.7300273,1,1,22.84134864807129,9.224633
2,621,40.9,50.01622,1,1,22.84134864807129,59.60293
2,1924,5.245,2.7484515,1,1,22.84134864807129,5.3596263
2,1277,22.1,28.175348,1,1,22.84134864807129,14.954926
2,152,34.0,56.18653,0,1,22.84134864807129,77.06232
2,1610,2.55,3.5544562,1,1,22.84134864807129,4.6365047
2,1764,7.1,5.7364125,1,1,22.84134864807129,7.3227134
2,1436,5.26,5.4241996,1,1,22.84134864807129,6.0521965
2,594,13.6,14.539164,1,1,22.84134864807129,7.388966
2,647,0.304,3.5943713,1,1,22.84134864807129,7.7766705
2,504,18.75,17.264444,1,1,22.84134864807129,6.61009
2,1223,53.9,42.321217,0,1,22.84134864807129,25.586842
2,1404,3.965,3.6109314,1,1,22.84134864807129,6.2341294
2,240,19.95,34.108437,0,0,22.84134864807129,14.715654
2,1139,37.1,32.655174,1,0,22.84134864807129,7.221229
2,208,7.3,3.5531,1,0,22.84134864807129,3.2204049
2,564,3.3,9.175048,1,0,22.84134864807129,10.88201
2,240,32.5,30.3031,1,1,22.84134864807129,15.259899
2,1190,10.1,8.44194,1,1,22.84134864807129,5.4651136
2,1930,2.1,1.5512013,1,1,22.84134864807129,5.649462
2,294,12.5,30.437218,0,0,22.84134864807129,12.352817
2,171,21.2,13.811067,1,1,22.84134864807129,24.481981
2,1932,3.69,4.9285927,1,1,22.84134864807129,5.3963923
2,1933,2.41,2.5166323,1,1,22.84134864807129,2.840341
2,504,18.1,17.735332,1,1,22.84134864807129,5.730359
2,1934,1.85,1.5140613,1,1,22.84134864807129,9.481477
2,1935,25.85,32.604626,1,1,22.84134864807129,14.930176
2,79,13.6,4.2336116,1,0,22.84134864807129,6.6780124
2,1025,6.03,12.469805,1,0,22.84134864807129,7.0443244
2,156,1.1,1.0260646,1,1,22.84134864807129,6.4814324
2,1936,18.0,15.486362,1,1,22.84134864807129,34.878483
2,1395,99.0,81.257996,0,1,22.84134864807129,61.191322
2,1940,10.2,11.503515,1,1,22.84134864807129,6.0061398
2,839,0.25,5.5561776,1,0,22.84134864807129,9.38037
2,476,67.04,50.84748,0,1,22.84134864807129,87.92611
2,1677,5.51,3.355971,1,1,22.84134864807129,8.12459
2,204,9.0,16.61277,1,0,22.84134864807129,15.033991
2,1944,5.0,8.33194,1,0,22.84134864807129,3.6928759
2,1945,111.0,99.441895,0,1,22.84134864807129,34.808483
2,1946,11.8,15.66481,1,1,22.84134864807129,47.060238
2,1277,34.5,27.924818,1,0,22.84134864807129,12.982335
2,581,6.86,5.2784524,1,0,22.84134864807129,2.6854117
2,152,83.3,77.4981,1,1,22.84134864807129,54.3995
2,684,134.0,120.47117,0,1,22.84134864807129,50.794334
2,897,0.025,0.94777817,1,1,22.84134864807129,4.3372498
2,1955,1.9,1.1794009,1,1,22.84134864807129,5.655031
2,647,0.785,1.6520866,1,1,22.84134864807129,2.9017565
2,739,17.0,64.08033,0,0,22.84134864807129,33.050518
2,595,1.36,3.8340118,1,0,22.84134864807129,2.7480817
2,131,2.2,7.4471607,1,1,22.84134864807129,14.251508
2,108,16.4,16.009596,1,1,22.84134864807129,17.149254
2,263,15.3,15.646092,1,1,22.84134864807129,6.127639
2,681,2.09,2.623254,1,1,22.84134864807129,3.1604733
2,1964,1.09,2.160139,1,1,22.84134864807129,3.4814663
2,1686,90.65,77.68777,0,0,22.84134864807129,25.006203
2,148,10.1,8.9776535,1,1,22.84134864807129,3.683384
2,1965,17.0,10.011176,1,1,22.84134864807129,79.30208
2,494,3.0,2.9694455,1,1,22.84134864807129,10.539578
2,1293,33.0,22.844126,1,0,22.84134864807129,17.033766
2,1265,3.669,3.7914257,1,1,22.84134864807129,2.6603994
2,739,62.0,70.238075,1,1,22.84134864807129,52.038197
2,356,7.375,6.6912723,1,1,22.84134864807129,5.788385
2,157,0.13,0.119136006,1,1,22.84134864807129,5.0168047
2,655,22.1,22.1273,1,1,22.84134864807129,26.712885
2,62,21.0,11.903936,1,0,22.84134864807129,7.462068
2,699,1.135,1.2252444,1,1,22.84134864807129,3.0579534
2,511,3.34,3.3593426,1,1,22.84134864807129,4.839794
2,1974,23.7,23.887714,1,1,22.84134864807129,16.643612
2,241,12.1,9.064835,1,1,22.84134864807129,8.544393
2,140,3.79,4.1130314,1,1,22.84134864807129,4.909824
2,684,122.0,113.858734,1,1,22.84134864807129,45.820545
2,1976,0.095,2.1170325,1,1,22.84134864807129,4.740775
2,581,5.42,5.1334124,1,1,22.84134864807129,2.7514074
2,1978,3.4,3.331386,1,1,22.84134864807129,3.8976274
2,152,82.0,76.57157,1,1,22.84134864807129,34.602528
2,194,5.9,5.9855814,1,1,22.84134864807129,6.375003
2,356,8.27,4.132103,1,0,22.84134864807129,5.0826607
2,732,3.36,2.9251287,1,1,22.84134864807129,6.7726927
2,1888,8.65,9.118716,1,1,22.84134864807129,15.440259
2,1843,0.03,0.59131634,1,1,22.84134864807129,3.5319257
2,269,8.2,20.908688,0,0,22.84134864807129,20.440104
2,1190,9.9,8.566011,1,1,22.84134864807129,5.553117
2,1981,2.04,5.729907,1,0,22.84134864807129,7.3795767
2,54,4.64,4.6743126,1,1,22.84134864807129,3.2860866
2,1983,13.4,15.2352495,1,1,22.84134864807129,4.6947336
2,204,18.0,14.316931,1,1,22.84134864807129,13.884428
2,515,75.0,86.29578,1,1,22.84134864807129,44.615723
2,1986,5.9,3.7337518,1,1,22.84134864807129,7.707456
2,1118,11.0,19.234102,1,0,22.84134864807129,9.258144
2,68,3.88,5.2359233,1,0,22.84134864807129,2.6272256
2,79,13.1,9.700564,1,0,22.84134864807129,4.5996714
2,401,3.325,3.8700888,1,1,22.84134864807129,4.851671
2,1993,6.55,13.083803,1,1,22.84134864807129,18.261576
2,473,51.0,63.297676,0,1,22.84134864807129,120.813675
2,1476,3.8,8.598842,1,0,22.84134864807129,6.484708
2,1955,1.74,1.1439235,1,1,22.84134864807129,6.9247117
2,273,24.0,25.977045,1,1,22.84134864807129,94.20341
2,84,7.39,6.027527,1,1,22.84134864807129,11.9603815
2,84,3.558,5.4845815,1,1,22.84134864807129,4.6845417
2,1669,16.45,28.814621,0,0,22.84134864807129,20.915508
2,1332,37.7,62.68206,0,1,22.84134864807129,100.44254
2,621,73.8,69.03862,1,1,22.84134864807129,49.94202
2,2001,0.59,1.4711857,1,1,22.84134864807129,7.7935724
2,611,30.0,28.9871,1,1,22.84134864807129,50.538567
2,2002,2.7,5.4926195,1,1,22.84134864807129,7.797714
2,199,10.1,12.001232,1,1,22.84134864807129,7.539265
2,290,82.0,60.270145,0,1,22.84134864807129,54.03913
2,1553,0.3,1.6532763,1,1,22.84134864807129,4.9681463
2,473,68.05,69.59406,1,1,22.84134864807129,60.87701
2,739,67.0,64.55854,1,1,22.84134864807129,36.09975
2,286,51.7,54.995045,1,1,22.84134864807129,56.27394
2,2006,80.0,78.681206,1,1,22.84134864807129,51.24831
2,336,26.0,61.19056,0,0,22.84134864807129,40.657734
2,587,96.0,48.67816,0,0,22.84134864807129,44.62712
2,152,82.0,75.12968,1,1,22.84134864807129,37.363922
2,2009,9.8,6.079364,1,0,22.84134864807129,5.6175404
2,1556,12.0,27.432566,0,0,22.84134864807129,30.352215
2,642,83.0,76.266014,1,1,22.84134864807129,16.62446
2,426,13.5,15.635944,1,1,22.84134864807129,13.930014
2,2013,2.1,1.862178,1,1,22.84134864807129,6.7407327
2,684,135.0,121.501396,0,1,22.84134864807129,42.67507
2,286,72.6,71.3373,1,1,22.84134864807129,34.877365
2,2015,3.9,3.1921334,1,1,22.84134864807129,6.0962186
2,732,3.04,2.5504966,1,1,22.84134864807129,4.589137
2,1981,2.046,5.2077246,1,1,22.84134864807129,7.247119
2,733,6.61,4.7781672,1,1,22.84134864807129,4.12897
2,241,12.1,9.064835,1,1,22.84134864807129,8.544393
2,62,17.4,11.148794,1,0,22.84134864807129,8.275569
2,216,39.0,13.00157,0,0,22.84134864807129,33.477116
2,473,13.0,62.64224,0,1,22.84134864807129,128.23643
2,76,6.6,7.244614,1,1,22.84134864807129,7.724941
2,473,30.0,53.444534,0,1,22.84134864807129,132.25085
2,473,79.0,56.643486,0,1,22.84134864807129,126.672676
2,476,77.5,60.84904,0,0,22.84134864807129,31.324549
2,2023,78.0,75.1534,1,1,22.84134864807129,27.00682
2,2025,45.2,50.175655,1,1,22.84134864807129,64.44922
2,79,8.12,7.5070395,1,1,22.84134864807129,3.3946333
2,611,40.0,24.915756,0,1,22.84134864807129,52.331924
2,621,77.0,74.833824,1,1,22.84134864807129,52.01582
2,33,16.4,13.253172,1,1,22.84134864807129,8.2119255
2,354,6.42,5.294047,1,1,22.84134864807129,5.890537
2,929,5.6,8.551413,1,1,22.84134864807129,11.955718
2,736,7.663333333,6.6294904,1,1,22.84134864807129,5.261015
2,221,16.8,15.777962,1,1,22.84134864807129,27.447786
2,2030,4.0,3.371805,1,1,22.84134864807129,4.122607
2,1494,7.92,8.264543,1,1,22.84134864807129,6.036565
2,1568,11.0,26.60539,0,0,22.84134864807129,13.7620125
2,328,1.35,3.7703044,1,0,22.84134864807129,3.8913102
2,2032,9.2,9.668042,1,1,22.84134864807129,5.4852433
2,33,17.75,14.030672,1,1,22.84134864807129,15.512392
2,1933,2.84,2.4077926,1,1,22.84134864807129,2.8379514
2,152,79.5,75.71541,1,1,22.84134864807129,40.590202
2,241,15.1,11.463562,1,0,22.84134864807129,6.1044874
2,4,5.17,6.2168326,1,1,22.84134864807129,13.694592
2,1677,5.52,5.3510203,1,1,22.84134864807129,16.539232
2,356,1.694,3.5099514,1,0,22.84134864807129,3.0356667
2,2035,0.46,4.2481394,1,1,22.84134864807129,185.56364
2,152,86.0,80.199,1,1,22.84134864807129,26.914421
2,2038,5.13,6.3895288,1,1,22.84134864807129,9.54347
2,68,7.3,5.621939,1,1,22.84134864807129,8.641848
2,897,0.09,1.3919389,1,1,22.84134864807129,4.4663143
2,904,53.2,62.901894,1,1,22.84134864807129,74.98549
2,2042,27.0,26.311817,1,1,22.84134864807129,33.172173
2,2044,15.4,22.122421,1,0,22.84134864807129,12.628142
2,62,20.0,16.881979,1,0,22.84134864807129,5.750637
2,2045,20.0,18.01389,1,1,22.84134864807129,20.80919
2,2046,8.3,6.6253448,1,1,22.84134864807129,6.166943
2,955,0.11,0.07538086,1,1,22.84134864807129,1.4794152
2,290,80.0,65.28822,0,1,22.84134864807129,38.863243
2,2048,8.5,7.4548016,1,1,22.84134864807129,9.344055
2,1025,11.2,15.269381,1,0,22.84134864807129,6.399242
2,152,86.3,78.77892,1,1,22.84134864807129,27.751049
2,1981,2.85,5.1272297,1,1,22.84134864807129,7.190198
2,928,16.6,17.521078,1,1,22.84134864807129,6.2177043
2,733,1.84,3.0909078,1,1,22.84134864807129,2.9488378
2,603,68.0,55.92482,0,1,22.84134864807129,44.4897
2,2051,91.0,70.17094,0,1,22.84134864807129,47.930714
2,2055,3.6,5.558129,1,1,22.84134864807129,24.925585
2,84,1.449,5.707988,1,0,22.84134864807129,6.0124826
2,503,7.1,11.335172,1,0,22.84134864807129,4.4400463
2,956,63.5,50.294643,0,0,22.84134864807129,15.492784
2,33,8.5,13.797264,1,1,22.84134864807129,15.625014
2,1519,4.91,2.8589935,1,1,22.84134864807129,4.359922
2,2058,35.4,15.834978,0,0,22.84134864807129,17.593834
2,1078,2.3,4.677314,1,1,22.84134864807129,6.8609385
2,691,0.5,7.724659,1,1,22.84134864807129,67.52001
2,6,14.75,16.60628,1,1,22.84134864807129,29.75426
2,2063,2.5,6.78348,1,1,22.84134864807129,51.530117
2,2065,1.06,2.490015,1,1,22.84134864807129,7.291039
2,286,28.5,46.6392,0,1,22.84134864807129,65.87092
2,2066,34.0,61.721287,0,1,22.84134864807129,121.81885
2,2068,2.87,2.8014019,1,1,22.84134864807129,6.1243954
2,140,3.45,4.4431086,1,1,22.84134864807129,5.189023
2,1242,98.4,50.13427,0,0,22.84134864807129,85.752426
2,581,1.95,4.2212186,1,0,22.84134864807129,2.6134834
2,597,0.385,0.7404108,1,1,22.84134864807129,4.6138206
2,240,15.0,33.80335,0,0,22.84134864807129,14.795516
2,1494,11.0,12.805523,1,1,22.84134864807129,6.428144
2,290,78.0,81.017204,1,1,22.84134864807129,17.304209
2,6,16.0,21.71442,1,1,22.84134864807129,36.83928
2,152,79.16666667,72.84375,1,1,22.84134864807129,45.591717
2,1685,0.75,0.2794835,1,1,22.84134864807129,2.930674
2,338,47.2,31.047264,0,1,22.84134864807129,35.71193
2,2072,18.0,57.90763,0,0,22.84134864807129,59.202477
2,1892,11.0,35.0427,0,0,22.84134864807129,9.158274
2,1978,3.934,3.331386,1,1,22.84134864807129,3.8976274
2,2074,32.0,23.34595,1,0,22.84134864807129,16.749022
2,1670,2.705,16.68786,0,1,22.84134864807129,138.75821
2,886,8.1425,5.9997215,1,1,22.84134864807129,6.214417
2,1843,0.15,0.59131634,1,1,22.84134864807129,3.5319257
2,54,6.54,7.03971,1,1,22.84134864807129,5.1470947
2,1556,17.0,26.909134,1,1,22.84134864807129,29.184422
2,62,17.9,12.575391,1,0,22.84134864807129,6.6302867
2,499,13.4,7.757786,1,0,22.84134864807129,4.4726944
2,269,7.5,16.338478,1,1,22.84134864807129,20.225769
2,788,43.0,69.2513,0,1,22.84134864807129,123.63823
2,253,31.9,25.026497,1,1,22.84134864807129,30.346056
2,148,10.02,9.046257,1,1,22.84134864807129,3.5752225
2,268,6.08,5.5940013,1,1,22.84134864807129,4.4874196
2,130,0.624,1.6770245,1,1,22.84134864807129,5.809647
2,286,25.93,50.61669,0,0,22.84134864807129,45.269173
2,1892,35.6,37.5254,1,1,22.84134864807129,21.936056
2,2079,1.425,9.102185,1,1,22.84134864807129,22.27169
2,216,29.5,19.900206,1,1,22.84134864807129,26.424805
2,2081,91.0,89.31046,1,1,22.84134864807129,15.270651
2,829,3.47,3.1631749,1,1,22.84134864807129,3.7198508
2,2084,84.0,69.491455,0,0,22.84134864807129,9.480848
2,1505,2.12,1.3082694,1,1,22.84134864807129,4.728172
2,476,65.64,49.592888,0,1,22.84134864807129,77.60366
2,6,34.8,34.823402,1,1,22.84134864807129,19.600239
2,649,64.8,80.417946,0,1,22.84134864807129,38.991352
2,199,13.5,16.156355,1,1,22.84134864807129,7.046083
2,758,34.7,32.695343,1,1,22.84134864807129,7.847095
2,79,13.3,8.851125,1,0,22.84134864807129,5.3585806
2,523,7.05,5.8305006,1,1,22.84134864807129,5.577832
2,829,0.095,2.2789645,1,0,22.84134864807129,3.782717
2,2088,5.1,29.050276,0,0,22.84134864807129,14.487612
2,1475,33.85,47.584522,0,1,22.84134864807129,33.32329
2,142,7.0,8.256518,1,1,22.84134864807129,7.0468345
2,263,16.3,16.515915,1,1,22.84134864807129,6.9035974
2,152,79.0,70.125,1,1,22.84134864807129,40.934788
2,72,6.97,5.7904167,1,1,22.84134864807129,6.318514
2,597,0.27,0.71669227,1,1,22.84134864807129,4.338221
2,642,77.05,76.52235,1,1,22.84134864807129,22.602186
2,956,52.0,35.886925,0,1,22.84134864807129,51.92206
2,98,14.05,10.611644,1,1,22.84134864807129,8.657979
2,216,8.0,21.709093,0,0,22.84134864807129,18.156319
2,2105,13.4,12.256361,1,1,22.84134864807129,25.475317
2,684,94.0,120.021996,0,0,22.84134864807129,37.692413
2,354,1.6,4.4065676,1,1,22.84134864807129,6.814674
2,1634,1.82,1.5584828,1,1,22.84134864807129,1.8618041
2,1248,3.67,3.9659352,1,1,22.84134864807129,5.318908
2,993,5.59,10.451407,1,0,22.84134864807129,7.1104636
2,734,4.9,4.7318716,1,1,22.84134864807129,8.105212
2,1924,6.72,2.0445905,1,0,22.84134864807129,5.8836427
2,2110,2.23,3.0071268,1,1,22.84134864807129,6.6353507
2,2112,14.5,9.471005,1,1,22.84134864807129,10.391266
2,54,4.58,4.486272,1,1,22.84134864807129,3.0714266
2,401,3.9,3.2657797,1,1,22.84134864807129,6.0092416
2,68,2.25,6.441703,1,0,22.84134864807129,6.851134
2,1782,5.41,3.4105577,1,1,22.84134864807129,4.8353696
2,1795,14.9,7.860354,1,1,22.84134864807129,17.373768
2,699,1.155,1.466067,1,1,22.84134864807129,3.0579534
2,1767,1.04,3.0107691,1,1,22.84134864807129,9.674698
2,1314,20.0,25.54278,1,1,22.84134864807129,68.523834
2,2116,0.65,20.687933,0,0,22.84134864807129,36.91828
2,2117,3.8,3.0232246,1,1,22.84134864807129,6.797297
2,2118,44.0,33.049362,1,1,22.84134864807129,54.852818
2,2119,9.25,6.9031067,1,1,22.84134864807129,6.045674
2,216,40.0,26.242018,0,0,22.84134864807129,18.787455
2,527,0.033,0.51595044,1,1,22.84134864807129,2.422405
2,54,9.079,7.9260063,1,1,22.84134864807129,3.9777102
2,286,15.0,32.231895,0,1,22.84134864807129,61.139435
2,2122,12.0,14.106003,1,1,22.84134864807129,40.22926
2,2124,3.3,5.172601,1,1,22.84134864807129,9.055726
2,1159,9.2,5.442233,1,0,22.84134864807129,7.034698
2,1965,17.0,10.011176,1,1,22.84134864807129,79.30208
2,2130,2.0,9.327402,1,1,22.84134864807129,22.607153
2,79,7.85,9.37813,1,1,22.84134864807129,5.637764
2,286,59.3,60.994267,1,1,22.84134864807129,36.799377
2,1267,18.4,16.842175,1,1,22.84134864807129,6.3813257
2,972,5.6,4.1627417,1,1,22.84134864807129,4.671804
2,2131,0.37,2.6428044,1,1,22.84134864807129,8.258527
2,928,14.8,17.130287,1,1,22.84134864807129,5.859664
2,401,3.12,3.8716903,1,1,22.84134864807129,4.7899384
2,1442,3.5,1.7061224,1,1,22.84134864807129,5.949805
2,2134,8.8,8.947065,1,1,22.84134864807129,5.6220264
2,2136,89.25,81.304306,1,1,22.84134864807129,16.542217
2,755,8.3,15.856575,1,1,22.84134864807129,16.531507
2,241,4.2,4.704016,1,1,22.84134864807129,9.493851
2,1134,53.9,56.218555,1,1,22.84134864807129,65.16469
2,993,14.0,13.727297,1,1,22.84134864807129,6.8109345
2,290,78.0,81.29447,1,1,22.84134864807129,18.475222
2,216,39.25,33.55864,1,1,22.84134864807129,14.25153
2,2138,3.61,4.150395,1,1,22.84134864807129,9.287845
2,33,16.3,13.344589,1,1,22.84134864807129,8.167105
2,1477,85.8,83.56235,1,1,22.84134864807129,49.114285
2,1486,2.27,9.613326,1,0,22.84134864807129,6.443767
2,2140,6.78,4.2611055,1,1,22.84134864807129,6.5535665
2,152,58.5,70.800804,0,1,22.84134864807129,67.84757
2,1782,6.52,4.7180033,1,1,22.84134864807129,5.1005874
2,2141,42.0,33.709064,1,1,22.84134864807129,34.43088
2,1125,0.09,0.18370417,1,1,22.84134864807129,3.705176
2,216,33.55,31.126513,1,1,22.84134864807129,14.670522
2,286,26.0,41.516148,0,1,22.84134864807129,57.743168
2,1618,66.4,81.18749,0,1,22.84134864807129,56.124676
2,1293,31.15,23.621084,1,1,22.84134864807129,15.477059
2,2148,2.25,1.4106824,1,1,22.84134864807129,5.4405174
2,2150,1.6,2.7241597,1,1,22.84134864807129,3.7273514
2,523,3.32,5.8553386,1,1,22.84134864807129,6.2289357
2,194,3.2,4.6724906,1,1,22.84134864807129,5.799669
2,537,3.1,2.4824758,1,1,22.84134864807129,5.7316675
2,2152,0.5,3.0720325,1,1,22.84134864807129,10.422997
2,1780,2.43,2.7280893,1,1,22.84134864807129,5.8396683
2,1935,15.0,32.42272,0,0,22.84134864807129,15.135884
2,108,4.1,13.3171425,1,0,22.84134864807129,17.991793
2,831,4.27,7.1988134,1,1,22.84134864807129,7.9859915
2,2156,5.74,4.668138,1,1,22.84134864807129,8.63129
2,2157,17.0,39.961952,0,1,22.84134864807129,54.70253
2,1379,20.2,32.09786,0,1,22.84134864807129,42.54161
2,1677,4.65,3.6397676,1,1,22.84134864807129,8.7383
2,2159,1.5,2.0889564,1,1,22.84134864807129,2.9311042
2,972,2.79,4.115785,1,1,22.84134864807129,4.847464
2,1965,15.0,10.011176,1,1,22.84134864807129,79.30208
2,758,32.96666667,31.504065,1,1,22.84134864807129,7.9337964
2,699,1.145,1.2694312,1,1,22.84134864807129,3.0277462
2,739,65.0,68.24506,1,1,22.84134864807129,22.710402
2,286,5.2,27.867199,0,1,22.84134864807129,64.89112
2,571,22.6,8.6406355,0,0,22.84134864807129,8.999119
2,503,7.2,11.748755,1,0,22.84134864807129,2.472889
2,1118,10.85,19.2606,1,0,22.84134864807129,9.642397
2,2160,2.66,2.6034203,1,1,22.84134864807129,5.204451
2,1056,0.42,2.4842649,1,0,22.84134864807129,4.034337
2,62,20.4,13.598547,1,0,22.84134864807129,6.646652
2,1080,2.1,1.6818308,1,1,22.84134864807129,9.1079235
2,286,14.4,44.37518,0,0,22.84134864807129,43.960163
2,1677,4.66,4.8566027,1,1,22.84134864807129,12.570676
2,2065,1.64,2.3826327,1,1,22.84134864807129,4.844711
2,2015,8.946666667,2.9082856,1,0,22.84134864807129,5.568851
2,216,35.5,28.76811,1,1,22.84134864807129,13.601798
2,1559,5.4,13.855526,1,0,22.84134864807129,8.863951
2,601,0.0138,1.0062242,1,1,22.84134864807129,2.972277
2,2162,3.0,2.4743907,1,1,22.84134864807129,6.9415298
2,401,2.61,2.2423594,1,1,22.84134864807129,4.282446
2,1677,4.745,5.054294,1,1,22.84134864807129,12.437462
2,290,57.9,60.698547,1,1,22.84134864807129,34.82286
2,1775,98.0,58.08931,0,1,22.84134864807129,85.70827
2,54,8.55,7.5604057,1,1,22.84134864807129,3.863805
2,1946,43.5,27.156193,0,1,22.84134864807129,45.60266
2,286,59.0,69.04743,1,1,22.84134864807129,39.750416
2,1978,3.2,2.9813807,1,1,22.84134864807129,4.034945
2,362,19.3,41.699734,0,0,22.84134864807129,35.256474
2,1978,3.97,3.4673247,1,1,22.84134864807129,3.9997296
2,1300,8.2,5.38354,1,1,22.84134864807129,8.717327
2,152,79.5,74.01543,1,1,22.84134864807129,40.167942
2,1353,77.0,80.16491,1,1,22.84134864807129,42.782772
2,984,2.3,2.7139313,1,1,22.84134864807129,7.1209717
2,278,2.9,8.326981,1,1,22.84134864807129,12.856862
2,2172,5.0,6.299178,1,1,22.84134864807129,6.392298
2,79,10.01,8.583259,1,1,22.84134864807129,3.8733513
2,227,2.28,2.2600305,1,1,22.84134864807129,1.9255325
2,1924,4.655,2.8602307,1,1,22.84134864807129,5.9357343
2,2174,1.64,2.1517262,1,1,22.84134864807129,4.8500185
2,1267,18.0,17.032856,1,1,22.84134864807129,6.3680587
2,1139,31.5,17.735638,0,0,22.84134864807129,15.358477
2,1097,2.59,2.8748333,1,1,22.84134864807129,4.9025674
2,62,10.2,7.1131997,1,1,22.84134864807129,8.278201
2,2176,11.93,6.824833,1,0,22.84134864807129,7.6695404
2,743,16.5,17.134855,1,1,22.84134864807129,7.0592484
2,831,1.87,7.221024,1,0,22.84134864807129,7.387434
2,273,28.1,28.567303,1,1,22.84134864807129,23.204273
2,148,7.4,7.5955434,1,1,22.84134864807129,3.4359577
2,2182,5.96,4.466833,1,1,22.84134864807129,6.991442
2,263,1.35,14.159445,0,0,22.84134864807129,13.07697
2,732,2.75,5.0739827,1,1,22.84134864807129,5.1813264
2,1190,9.96,8.830616,1,1,22.84134864807129,5.7486215
2,349,7.56,8.743467,1,1,22.84134864807129,8.696279
2,621,40.9,50.296925,1,1,22.84134864807129,60.742672
2,171,12.0,22.196861,1,0,22.84134864807129,13.577796
2,1677,5.21,5.272476,1,1,22.84134864807129,12.533508
2,1857,0.69,0.77296627,1,1,22.84134864807129,5.6872716
2,2187,0.19,1.2169242,1,1,22.84134864807129,5.8211603
2,961,43.0,78.37099,0,0,22.84134864807129,20.803886
2,541,0.08,0.58492905,1,1,22.84134864807129,2.6049335
2,456,6.0,9.330266,1,1,22.84134864807129,18.413181
2,2190,17.75,18.626245,1,1,22.84134864807129,3.8049037
2,1288,8.0,30.85727,0,1,22.84134864807129,64.197945
2,1888,2.305,7.734214,1,1,22.84134864807129,14.587658
2,934,3.0,3.096282,1,1,22.84134864807129,5.4960065
2,286,85.9,81.65244,1,1,22.84134864807129,8.839458
2,263,19.9,16.350119,1,0,22.84134864807129,5.540561
2,1879,7.1,10.811469,1,1,22.84134864807129,14.492778
2,338,44.9,31.047264,0,1,22.84134864807129,35.71193
2,171,15.7,18.720285,1,1,22.84134864807129,13.838182
2,221,19.8,15.461727,1,1,22.84134864807129,25.305382
2,642,80.6,76.415504,1,1,22.84134864807129,40.129356
2,1892,24.2,34.883987,1,1,22.84134864807129,24.361631
2,2198,4.25,5.257037,1,1,22.84134864807129,42.938515
2,784,2.9,5.904772,1,1,22.84134864807129,8.0516815
2,236,79.8,84.9638,1,1,22.84134864807129,21.945168
2,216,26.4,17.248499,1,1,22.84134864807129,32.16038
2,1056,1.93,2.5212243,1,1,22.84134864807129,3.5664325
2,236,19.0,57.06574,0,1,22.84134864807129,150.6962
2,1919,6.7,2.4886577,1,0,22.84134864807129,3.1046526
2,33,16.4,14.406357,1,1,22.84134864807129,15.9852705
2,142,10.5,7.5196123,1,0,22.84134864807129,5.846747
2,2203,2.81,4.9031835,1,1,22.84134864807129,8.106992
2,477,7.2,7.203986,1,1,22.84134864807129,4.254326
2,232,5.2,7.220831,1,1,22.84134864807129,4.8103538
2,1190,9.73,9.046605,1,1,22.84134864807129,5.486849
2,216,42.5,44.675266,1,1,22.84134864807129,46.05928
2,955,0.13,0.2114566,1,1,22.84134864807129,1.5330161
2,356,5.7,6.536766,1,1,22.84134864807129,5.8885636
2,2212,65.7,81.41487,0,0,22.84134864807129,19.972559
2,473,48.3,66.76455,0,1,22.84134864807129,129.16205
2,2215,3.68,9.49395,1,1,22.84134864807129,34.374165
2,596,17.7,17.709944,1,1,22.84134864807129,5.358738
2,62,17.9,16.754635,1,1,22.84134864807129,6.018652
2,152,86.0,68.39716,0,1,22.84134864807129,55.543175
2,236,92.5,71.55741,0,1,22.84134864807129,69.892426
2,241,14.9,11.761666,1,1,22.84134864807129,6.546889
2,68,5.34,5.5515094,1,1,22.84134864807129,2.6832805
2,204,32.0,21.502935,1,0,22.84134864807129,15.548401
2,758,37.8,33.747585,1,0,22.84134864807129,6.887662
2,2218,14.4,23.942274,1,0,22.84134864807129,5.344733
2,2081,78.0,77.0696,1,1,22.84134864807129,11.152558
2,1725,0.75,2.2603922,1,1,22.84134864807129,6.1701813
2,2219,2.865,2.805537,1,1,22.84134864807129,2.4861822
2,273,36.0,34.056046,1,1,22.84134864807129,25.566744
2,1559,3.64,11.823573,1,0,22.84134864807129,8.377745
2,33,17.3,13.532685,1,1,22.84134864807129,8.773725
2,2222,75.0,74.23065,1,1,22.84134864807129,94.55637
2,1167,4.78,4.268054,1,1,22.84134864807129,8.235716
2,119,33.5,25.33128,1,1,22.84134864807129,23.413343
2,84,9.275,5.9208636,1,1,22.84134864807129,11.9603815
2,2225,0.48,6.821059,1,0,22.84134864807129,11.173812
2,2227,2.4,3.2240026,1,1,22.84134864807129,2.8806407
2,1791,1.92,1.3460279,1,1,22.84134864807129,4.627685
2,1935,9.53,32.60244,0,0,22.84134864807129,14.883128
2,476,65.36,49.421555,0,1,22.84134864807129,78.1966
2,2228,40.0,50.956055,1,1,22.84134864807129,57.049606
2,826,4.32,3.5771124,1,1,22.84134864807129,3.7842412
2,643,1.49,5.7316923,1,1,22.84134864807129,9.034564
2,246,8.35,14.366024,1,1,22.84134864807129,64.207245
2,643,2.36,2.9387226,1,1,22.84134864807129,10.160261
2,241,9.15,8.536599,1,1,22.84134864807129,8.992972
2,1235,54.0,58.985,1,1,22.84134864807129,68.6411
2,2140,7.0,3.0929809,1,0,22.84134864807129,6.2092676
2,503,5.4,11.730877,1,0,22.84134864807129,5.561492
2,1504,54.0,37.386787,0,1,22.84134864807129,110.646576
2,241,9.7,10.118116,1,1,22.84134864807129,7.878297
2,1626,92.5,87.633514,1,1,22.84134864807129,42.493683
2,2234,43.0,34.18121,1,1,22.84134864807129,25.961317
2,68,7.0,6.480646,1,1,22.84134864807129,7.0821037
2,868,0.0763,0.2141284,1,1,22.84134864807129,3.516954
2,347,81.0,89.13191,1,1,22.84134864807129,16.767082
2,1642,1.11,3.7302408,1,1,22.84134864807129,5.793826
2,344,20.0,10.813224,1,1,22.84134864807129,25.81221
2,1830,8.905,5.8934693,1,1,22.84134864807129,7.327302
2,1519,1.2,1.8378702,1,1,22.84134864807129,4.3268995
2,1260,6.76,9.571495,1,1,22.84134864807129,6.146822
2,798,11.8,13.137853,1,1,22.84134864807129,6.2277393
2,79,14.0,12.06994,1,1,22.84134864807129,5.997275
2,1028,21.4,25.607647,1,1,22.84134864807129,31.245686
2,286,44.1,56.421333,0,1,22.84134864807129,68.0056
2,62,19.7,13.27058,1,0,22.84134864807129,7.1679025
2,456,10.025,10.523894,1,1,22.84134864807129,8.272967
2,82,3.9,3.5535157,1,1,22.84134864807129,6.4190354
2,204,33.0,19.745989,0,0,22.84134864807129,16.793219
2,929,6.7,7.5390067,1,1,22.84134864807129,15.054601
2,1302,9.465833333,7.804567,1,1,22.84134864807129,6.4186473
2,356,8.5,3.701408,1,0,22.84134864807129,5.123495
2,829,4.4,3.2372456,1,1,22.84134864807129,3.590378
2,2244,75.1,63.220432,0,1,22.84134864807129,55.23649
2,984,2.42,2.6853366,1,1,22.84134864807129,5.741054
2,133,1.48,1.7308567,1,1,22.84134864807129,3.7264373
2,733,6.0,4.8148193,1,1,22.84134864807129,4.020459
2,143,1.89,2.6932654,1,1,22.84134864807129,3.0819905
2,2245,6.3,4.385869,1,1,22.84134864807129,5.1888433
2,2246,2.48,3.6995618,1,1,22.84134864807129,8.947963
2,2247,2.85,4.380992,1,1,22.84134864807129,8.259437
2,1888,8.93,9.350387,1,1,22.84134864807129,15.440259
2,1161,7.0,5.261569,1,1,22.84134864807129,3.7089145
2,594,9.7,8.295025,1,1,22.84134864807129,7.0649667
2,810,29.9,25.258879,1,1,22.84134864807129,20.796236
2,831,2.76,6.9618187,1,0,22.84134864807129,7.443086
2,810,32.8,27.251991,1,1,22.84134864807129,20.96794
2,263,13.3,15.12667,1,1,22.84134864807129,7.5054326
2,856,5.46,6.638624,1,1,22.84134864807129,5.3984113
2,611,26.0,28.559008,1,1,22.84134864807129,52.85738
2,734,0.303333333,7.8796506,1,0,22.84134864807129,12.367894
2,79,6.7,9.935563,1,1,22.84134864807129,7.9108286
2,286,27.4,50.6889,0,0,22.84134864807129,37.399117
2,456,9.8,10.284945,1,1,22.84134864807129,9.370656
2,2257,76.5,59.12311,0,0,22.84134864807129,23.840437
2,82,2.31,2.9354286,1,1,22.84134864807129,3.8667226
2,969,88.0,82.61355,1,1,22.84134864807129,29.531717
2,328,4.25,3.6355627,1,1,22.84134864807129,6.1425085
2,647,0.495,3.4730036,1,1,22.84134864807129,6.7136374
2,1865,7.6,6.467674,1,1,22.84134864807129,6.791815
2,199,11.2,12.68468,1,1,22.84134864807129,8.09312
2,216,35.0,31.987005,1,1,22.84134864807129,16.429808
2,62,20.29,11.815275,1,0,22.84134864807129,8.183835
2,597,0.2,0.57254,1,1,22.84134864807129,4.5545936
2,643,4.49,4.5191035,1,1,22.84134864807129,5.6149697
2,816,24.12,13.580902,1,1,22.84134864807129,28.270191
2,130,0.519,1.7300273,1,1,22.84134864807129,6.2935586
2,336,23.4,44.09131,0,1,22.84134864807129,68.40716
2,62,19.6,15.819989,1,0,22.84134864807129,6.44779
2,54,4.67,4.4776692,1,1,22.84134864807129,3.0714266
2,143,1.58,2.6778748,1,1,22.84134864807129,3.523542
2,1159,0.57,8.160177,1,0,22.84134864807129,4.7243514
2,639,93.0,66.68879,0,1,22.84134864807129,73.6386
2,158,9.5,5.78659,1,1,22.84134864807129,11.074492
2,1389,2.66,5.9741745,1,0,22.84134864807129,5.0748663
2,79,6.5,11.127643,1,0,22.84134864807129,5.3993
2,344,17.6,19.749617,1,1,22.84134864807129,34.33801
2,622,12.0,10.462102,1,1,22.84134864807129,5.912086
2,2271,36.0,34.6651,1,1,22.84134864807129,26.293444
2,1294,3.1,16.258821,0,0,22.84134864807129,20.501263
2,290,74.0,60.115623,0,1,22.84134864807129,144.37407
2,82,0.2,4.868296,1,0,22.84134864807129,5.226021
2,327,25.0,37.185375,0,1,22.84134864807129,48.16444
2,776,1.173333333,2.0579205,1,1,22.84134864807129,4.894584
2,2278,5.0,3.9714732,1,1,22.84134864807129,12.752859
2,4,5.37,6.2168326,1,1,22.84134864807129,13.694592
2,477,7.5,7.182514,1,1,22.84134864807129,4.590504
2,1353,74.1,72.60142,1,1,22.84134864807129,65.59815
2,1167,4.5,3.4963763,1,1,22.84134864807129,9.04853
2,290,60.0,58.049767,1,1,22.84134864807129,42.328197
2,684,135.0,121.08498,0,1,22.84134864807129,43.63074
2,868,0.034,0.41102728,1,1,22.84134864807129,1.7609364
2,1022,3.4,2.8988428,1,1,22.84134864807129,3.690275
2,1346,73.0,78.50902,1,1,22.84134864807129,31.646555
2,2174,1.63,2.327736,1,1,22.84134864807129,4.11082
2,1519,5.71,3.0571265,1,0,22.84134864807129,4.5402765
2,1127,2.36,4.251119,1,1,22.84134864807129,9.613269
2,734,6.085,4.8159084,1,1,22.84134864807129,7.8118477
2,643,16.9,10.144604,1,0,22.84134864807129,7.7359295
2,1641,4.0,6.2403617,1,1,22.84134864807129,7.021216
2,286,10.0,51.027336,0,0,22.84134864807129,36.661713
2,2288,14.1,14.158791,1,1,22.84134864807129,16.521637
2,273,44.0,39.854313,1,1,22.84134864807129,23.18314
2,1288,3.0,31.369036,0,1,22.84134864807129,99.86106
2,269,13.0,29.626892,0,0,22.84134864807129,30.090536
2,1946,46.0,29.137096,0,1,22.84134864807129,35.21507
2,236,78.0,86.70972,1,1,22.84134864807129,52.117977
2,290,78.0,81.214325,1,1,22.84134864807129,17.547884
2,684,132.0,120.07688,0,1,22.84134864807129,39.232777
2,732,3.97,5.4227166,1,1,22.84134864807129,4.956632
2,1637,28.6,25.066208,1,1,22.84134864807129,11.275979
2,290,82.4,73.32388,1,1,22.84134864807129,41.11435
2,232,5.4,8.425584,1,0,22.84134864807129,2.4799442
2,1754,14.1,10.6423435,1,1,22.84134864807129,30.990011
2,501,12.8,15.127697,1,1,22.84134864807129,39.052673
2,152,85.9,79.95723,1,1,22.84134864807129,24.53826
2,2299,0.45,5.1609073,1,0,22.84134864807129,5.1595893
2,1357,3.21,2.5145273,1,1,22.84134864807129,4.862915
2,62,19.8,14.299334,1,0,22.84134864807129,6.646652
2,204,32.0,20.15285,0,0,22.84134864807129,13.775684
2,732,3.9,2.9869401,1,1,22.84134864807129,4.216183
2,684,135.8,123.68843,0,1,22.84134864807129,53.746708
2,734,6.0,9.140158,1,1,22.84134864807129,10.963081
2,286,81.6,78.46672,1,1,22.84134864807129,31.928968
2,369,3.427,3.433585,1,1,22.84134864807129,4.965409
2,1025,7.1,12.782146,1,0,22.84134864807129,7.469262
2,473,48.0,66.56779,0,1,22.84134864807129,114.992
2,494,1.74,5.747614,1,1,22.84134864807129,18.196255
2,1139,34.5,31.998734,1,1,22.84134864807129,21.837656
2,1101,11.0,26.656797,0,0,22.84134864807129,30.478113
2,929,6.3,16.230413,1,0,22.84134864807129,16.272196
2,286,6.3,47.387512,0,0,22.84134864807129,60.89564
2,112,1.76,1.5954484,1,1,22.84134864807129,5.5756836
2,2307,5.3,17.133738,0,1,22.84134864807129,162.42975
2,286,72.025,68.27347,1,1,22.84134864807129,10.668118
2,286,63.3,70.433846,1,1,22.84134864807129,43.02722
2,401,3.78,3.5318158,1,1,22.84134864807129,4.945455
2,84,7.536,6.0061097,1,1,22.84134864807129,12.264324
2,1981,2.12,4.800132,1,1,22.84134864807129,8.337696
2,1459,13.5,15.656048,1,1,22.84134864807129,49.445164
2,2119,9.25,6.9031067,1,1,22.84134864807129,6.045674
2,216,26.3,23.767067,1,1,22.84134864807129,17.88182
2,62,19.8,6.302504,0,0,22.84134864807129,7.217549
2,1725,2.6,2.1537516,1,1,22.84134864807129,9.683208
2,1752,10.0,12.527283,1,1,22.84134864807129,5.3445697
2,1677,5.58,4.886546,1,1,22.84134864807129,15.369346
2,944,1.6,1.9159964,1,1,22.84134864807129,4.435187
2,2319,4.85,4.0863886,1,1,22.84134864807129,4.6290793
2,784,7.2,6.3463974,1,1,22.84134864807129,5.403969
2,1540,0.03,1.464409,1,1,22.84134864807129,5.0466166
2,2320,3.64,2.473175,1,1,22.84134864807129,5.7195044
2,2321,36.0,42.403343,1,1,22.84134864807129,42.468697
2,290,68.8,78.562996,1,0,22.84134864807129,14.258842
2,246,9.6,11.441827,1,1,22.84134864807129,21.345226
2,1888,5.5,12.250935,1,1,22.84134864807129,19.483858
2,227,0.76,0.6638592,1,1,22.84134864807129,3.8728836
2,1764,5.0,5.6573615,1,1,22.84134864807129,7.8109827
2,571,24.0,5.759272,0,0,22.84134864807129,10.01029
2,581,7.2,6.0129313,1,1,22.84134864807129,2.835288
2,2327,3.65,3.8833826,1,1,22.84134864807129,3.4849591
2,1559,12.7,13.115208,1,1,22.84134864807129,6.2588024
2,473,86.0,84.87485,1,1,22.84134864807129,8.328279
2,79,14.0,11.4026165,1,1,22.84134864807129,6.236412
2,473,73.0,61.561615,0,1,22.84134864807129,126.72324
2,2228,28.0,51.456314,0,1,22.84134864807129,57.105812
2,2331,3.8,2.8168292,1,1,22.84134864807129,5.44961
2,1288,7.38,40.0439,0,0,22.84134864807129,63.45068
2,2332,84.0,77.60408,1,1,22.84134864807129,39.23762
2,426,6.366666667,14.732791,1,1,22.84134864807129,19.409132
2,2333,15.0,14.137336,1,1,22.84134864807129,7.1716776
2,2334,8.8,10.822143,1,1,22.84134864807129,6.3620954
2,2335,9.19,8.267919,1,1,22.84134864807129,6.366734
2,504,19.1,16.758427,1,1,22.84134864807129,6.6725674
2,112,3.2,2.2182803,1,1,22.84134864807129,5.597488
2,204,28.0,20.136093,1,0,22.84134864807129,13.881658
2,1288,91.5,83.39828,1,1,22.84134864807129,39.91292
2,2338,0.97,0.73060787,1,1,22.84134864807129,3.6205108
2,2228,47.0,52.313854,1,1,22.84134864807129,59.849243
2,199,16.1,16.156355,1,1,22.84134864807129,7.046083
2,1618,84.6,77.39185,1,1,22.84134864807129,54.63831
2,216,28.4,17.457253,1,1,22.84134864807129,28.85313
2,564,3.4,6.930398,1,1,22.84134864807129,10.790429
2,581,4.7,5.1217613,1,1,22.84134864807129,2.4919014
2,743,14.4,9.500405,1,1,22.84134864807129,12.007551
2,739,50.0,74.53449,0,1,22.84134864807129,50.764168
2,72,6.44,5.577005,1,1,22.84134864807129,6.919942
2,260,2.59,10.924394,1,1,22.84134864807129,21.243631
2,156,2.3,1.0112782,1,1,22.84134864807129,4.6654763
2,246,8.8,14.073186,1,1,22.84134864807129,28.591774
2,1235,35.0,52.925762,0,0,22.84134864807129,32.58728
2,1504,58.0,38.50189,0,1,22.84134864807129,113.49625
2,856,8.58,6.1058154,1,1,22.84134864807129,5.1596675
2,684,133.0,121.2014,0,1,22.84134864807129,56.008736
2,2023,84.0,68.78118,0,1,22.84134864807129,65.12881
2,511,3.24,3.7284591,1,1,22.84134864807129,5.32075
2,263,16.26666667,15.646092,1,1,22.84134864807129,6.127639
2,1863,0.216666667,-0.3168428,1,1,22.84134864807129,3.4053776
2,2343,6.7,8.208216,1,1,22.84134864807129,7.861972
2,2344,2.76,5.511484,1,1,22.84134864807129,7.1383142
2,684,104.5,120.021996,0,1,22.84134864807129,37.829025
2,984,0.85,2.9134493,1,1,22.84134864807129,7.3875265
2,2088,26.75,33.48558,1,1,22.84134864807129,13.78757
2,2346,1.45,1.9627266,1,1,22.84134864807129,7.312479
2,909,35.6,22.976477,0,0,22.84134864807129,12.246598
2,829,7.815,4.728872,1,0,22.84134864807129,3.7717497
2,33,17.8,13.745336,1,1,22.84134864807129,10.084298
2,477,9.1,6.097937,1,0,22.84134864807129,3.9286046
2,227,4.07,0.022419425,1,0,22.84134864807129,2.8241243
2,1494,13.7,15.224938,1,1,22.84134864807129,6.280234
2,2150,6.7,5.500396,1,1,22.84134864807129,8.943157
2,595,2.8,3.6433454,1,1,22.84134864807129,4.2596607
2,1437,10.6,24.79661,0,0,22.84134864807129,18.566189
2,587,93.7,37.290333,0,0,22.84134864807129,64.75965
2,1514,1.4,1.4481096,1,1,22.84134864807129,2.2994258
2,1167,5.24,4.1299667,1,1,22.84134864807129,8.656046
2,110,0.655,1.3447945,1,1,22.84134864807129,3.849096
2,1277,32.3,28.86409,1,1,22.84134864807129,12.982335
2,504,18.5,18.360254,1,1,22.84134864807129,5.7866316
2,62,17.9,14.060958,1,0,22.84134864807129,6.646652
2,1618,84.0,82.94427,1,1,22.84134864807129,55.209293
2,601,0.088,0.6897799,1,1,22.84134864807129,2.9372623
2,2358,6.0,5.0665817,1,1,22.84134864807129,5.0016613
2,1267,18.6,17.403929,1,1,22.84134864807129,5.665444
2,286,59.8,65.343506,1,1,22.84134864807129,54.057755
2,1380,0.7,2.1956313,1,1,22.84134864807129,4.990629
2,1775,75.0,59.66412,0,1,22.84134864807129,76.9592
2,810,26.1,13.548198,0,1,22.84134864807129,39.589184
2,267,1.86,1.7258517,1,1,22.84134864807129,2.429989
2,286,35.8,43.672398,1,1,22.84134864807129,89.736946
2,2365,0.0725,1.895046,1,0,22.84134864807129,3.6357849
2,595,3.32,3.8554537,1,1,22.84134864807129,4.5387874
2,2366,3.74,2.8986247,1,1,22.84134864807129,6.58691
2,476,71.25,51.08251,0,1,22.84134864807129,41.628014
2,127,3.2595,3.233619,1,1,22.84134864807129,3.489915
2,549,5.2,1.7345461,1,1,22.84134864807129,7.546411
2,1123,3.7,5.409798,1,1,22.84134864807129,4.9487805
2,62,7.4,10.298199,1,1,22.84134864807129,8.955355
2,2374,15.5,4.7332225,1,0,22.84134864807129,12.347815
2,2379,1.56,1.2397166,1,1,22.84134864807129,2.7821069
2,426,17.3,16.149931,1,1,22.84134864807129,13.017726
2,647,1.182,1.270667,1,1,22.84134864807129,3.3453493
2,79,12.7,8.928631,1,0,22.84134864807129,3.9349394
2,1892,35.0,36.14961,1,1,22.84134864807129,22.635221
2,241,14.6,10.908243,1,0,22.84134864807129,7.3383718
2,2383,40.0,33.021893,1,1,22.84134864807129,23.92
2,290,73.0,63.894363,1,1,22.84134864807129,53.407433
2,956,73.0,53.62476,0,1,22.84134864807129,56.1045
2,1264,6.21,5.2165055,1,1,22.84134864807129,5.733625
2,79,6.5,9.352882,1,1,22.84134864807129,7.1650057
2,329,3.86,3.9384978,1,1,22.84134864807129,3.3729644
2,142,10.35,8.361135,1,1,22.84134864807129,5.7216268
2,753,20.0,64.37685,0,0,22.84134864807129,35.46329
2,140,1.82,4.506407,1,0,22.84134864807129,5.1480427
2,2320,1.08,4.421699,1,0,22.84134864807129,6.239985
2,1395,72.0,73.74462,1,1,22.84134864807129,44.994244
2,199,14.05,12.813607,1,1,22.84134864807129,17.478678
2,2389,0.69,1.6830404,1,1,22.84134864807129,5.341816
2,868,0.0278,0.25522274,1,1,22.84134864807129,1.7609364
2,2390,6.4,2.3473887,1,0,22.84134864807129,7.431567
2,98,7.7,3.7699494,1,1,22.84134864807129,9.12771
2,2391,4.8,4.188196,1,1,22.84134864807129,7.0761614
2,227,1.89,2.2094758,1,1,22.84134864807129,3.2302885
2,1424,43.0,64.25711,0,1,22.84134864807129,73.41642
2,2392,13.5,9.253286,1,1,22.84134864807129,11.710417
2,596,15.0,16.972012,1,1,22.84134864807129,5.1707916
2,2307,5.51,17.006865,0,1,22.84134864807129,148.23375
2,1006,2.7,3.865034,1,1,22.84134864807129,8.651582
2,286,44.1,54.19897,1,1,22.84134864807129,38.47256
2,1127,3.62,3.9087226,1,1,22.84134864807129,7.894115
2,2398,3.6,2.490224,1,1,22.84134864807129,3.4940753
2,2182,5.96,5.550231,1,1,22.84134864807129,6.5988884
2,521,3.76,4.2643046,1,1,22.84134864807129,8.30408
2,194,8.7,7.8683295,1,1,22.84134864807129,6.134002
2,156,2.3,1.3224187,1,1,22.84134864807129,4.9123287
2,2399,2.67,3.378761,1,1,22.84134864807129,7.1754317
2,473,61.0,77.45045,0,1,22.84134864807129,71.88984
2,2400,42.8,31.417276,1,1,22.84134864807129,51.32052
2,663,5.19,1.2564703,1,0,22.84134864807129,5.9814305
2,587,90.5,53.705498,0,0,22.84134864807129,47.51246
2,356,11.8,6.2731733,1,0,22.84134864807129,7.3668923
2,2402,54.0,67.966255,0,0,22.84134864807129,25.208376
2,341,1.22,1.854027,1,1,22.84134864807129,2.5186217
2,286,50.5,50.77979,1,1,22.84134864807129,22.245901
2,14,40.0,26.535355,0,1,22.84134864807129,36.18673
2,290,82.5,82.285965,1,1,22.84134864807129,17.863115
2,808,1.11,3.2888572,1,1,22.84134864807129,14.063291
2,829,0.6,2.6835392,1,0,22.84134864807129,4.107723
2,79,14.8,11.812421,1,1,22.84134864807129,6.3201375
2,54,6.985,7.0848575,1,1,22.84134864807129,4.599024
2,1247,2.245,3.5365353,1,1,22.84134864807129,6.485699
2,216,32.0,22.043121,1,0,22.84134864807129,19.427633
2,1677,5.38,4.8566027,1,1,22.84134864807129,12.570676
2,1089,7.86,6.4037404,1,1,22.84134864807129,5.587467
2,82,1.85,5.513389,1,0,22.84134864807129,5.1748943
2,587,94.4,44.76569,0,0,22.84134864807129,48.80425
2,784,2.43,5.1762047,1,1,22.84134864807129,7.469661
2,1568,11.0,25.348774,0,0,22.84134864807129,19.825302
2,1677,5.58,4.886546,1,1,22.84134864807129,15.369346
2,2413,2.74,3.0607014,1,1,22.84134864807129,4.9579697
2,1167,5.12,3.616676,1,1,22.84134864807129,11.94854
2,2299,5.3,5.266034,1,1,22.84134864807129,5.1595893
2,1424,48.0,64.829155,0,1,22.84134864807129,65.86635
2,836,0.066,0.045594413,1,1,22.84134864807129,1.0944743
2,2415,0.49,2.0372183,1,1,22.84134864807129,5.3049974
2,473,19.0,61.67522,0,1,22.84134864807129,127.053856
2,521,5.13,4.331667,1,1,22.84134864807129,6.395389
2,33,17.2,14.008012,1,1,22.84134864807129,16.29148
2,1784,2.4,4.528899,1,1,22.84134864807129,7.3757253
2,826,3.08,2.4575577,1,1,22.84134864807129,3.0398152
2,1353,68.4,71.2451,1,1,22.84134864807129,80.07716
2,904,89.9,56.60243,0,0,22.84134864807129,32.415565
2,1892,18.4,34.86132,0,0,22.84134864807129,9.821169
2,2418,19.5,19.265955,1,1,22.84134864807129,17.521963
2,1919,8.1,2.6990347,1,0,22.84134864807129,3.2152712
2,1699,1.916666667,3.67254,1,1,22.84134864807129,10.546874
2,2228,51.0,51.50162,1,1,22.84134864807129,66.29056
2,2420,1.652222222,1.1964761,1,1,22.84134864807129,2.1543195
2,68,3.93,5.289314,1,0,22.84134864807129,2.569593
2,521,2.7,3.2751637,1,1,22.84134864807129,8.462801
2,627,76.0,69.56115,1,1,22.84134864807129,65.979935
2,920,0.63,0.45160353,1,1,22.84134864807129,2.1803374
2,2422,2.5,2.5401826,1,1,22.84134864807129,9.643353
2,2423,1.1,3.7393756,1,1,22.84134864807129,6.1698422
2,810,21.0,21.624187,1,1,22.84134864807129,30.211184
2,199,10.4,12.982736,1,1,22.84134864807129,8.670356
2,2425,1.24,5.549983,1,1,22.84134864807129,8.805163
2,79,14.38,10.757378,1,0,22.84134864807129,5.8012886
2,2430,54.8,80.69185,0,0,22.84134864807129,12.943324
2,1332,81.0,82.80311,1,1,22.84134864807129,23.731586
2,993,10.4,11.651421,1,1,22.84134864807129,6.6329365
2,286,25.4,48.972004,0,1,22.84134864807129,57.164967
2,501,16.5,20.636396,1,1,22.84134864807129,10.6262455
2,1136,6.28,5.5916767,1,1,22.84134864807129,7.5932493
2,2434,71.0,49.155224,0,1,22.84134864807129,77.848045
2,504,18.1,17.143059,1,1,22.84134864807129,5.730359
2,642,29.9,62.173557,0,0,22.84134864807129,46.19865
2,2435,8.8,3.399168,1,0,22.84134864807129,5.970901
2,1795,17.0,7.8315935,1,0,22.84134864807129,16.16509
2,1235,72.0,58.448112,0,1,22.84134864807129,52.0945
2,1519,4.19,2.4292252,1,1,22.84134864807129,7.2917495
2,1965,12.0,10.011176,1,1,22.84134864807129,79.30208
2,286,37.0,55.333252,0,1,22.84134864807129,72.41627
2,112,3.005,2.2182803,1,1,22.84134864807129,5.597488
2,2035,1.13,4.056382,1,1,22.84134864807129,185.56364
2,1161,10.5,7.678157,1,1,22.84134864807129,8.398505
2,1134,64.0,55.647396,1,1,22.84134864807129,50.82099
2,290,67.0,61.19488,1,1,22.84134864807129,64.08725
2,341,2.21,1.8712534,1,1,22.84134864807129,2.5186217
2,216,18.26666667,18.13735,1,1,22.84134864807129,38.69318
2,241,12.3,9.982587,1,1,22.84134864807129,7.1607137
2,84,1.855,5.5092363,1,0,22.84134864807129,5.9176025
2,622,13.5,12.751165,1,1,22.84134864807129,6.660589
2,732,3.7,2.937931,1,1,22.84134864807129,5.0436196
2,2445,2.02,3.07128,1,1,22.84134864807129,14.012186
2,269,16.0,23.561504,1,1,22.84134864807129,27.04091
2,1559,8.4,13.578859,1,0,22.84134864807129,6.9657407
2,1359,10.2,7.344531,1,0,22.84134864807129,4.9227767
2,2447,4.5,3.2291968,1,1,22.84134864807129,6.2749743
2,494,2.53,2.457603,1,1,22.84134864807129,17.703056
2,269,14.9,25.794905,1,1,22.84134864807129,25.16529
2,1924,6.175,2.2700238,1,0,22.84134864807129,5.3523555
2,156,2.66,1.1198237,1,1,22.84134864807129,4.296878
2,321,92.7,75.72672,0,0,22.84134864807129,23.838928
2,1181,16.6,15.751652,1,1,22.84134864807129,7.493403
2,2055,3.6,5.558129,1,1,22.84134864807129,24.925585
2,642,84.2,77.59032,1,1,22.84134864807129,35.206394
2,273,10.8,22.951986,0,1,22.84134864807129,36.046097
2,241,6.3,8.778777,1,1,22.84134864807129,7.919505
2,2152,1.746666667,3.27179,1,1,22.84134864807129,15.171765
2,684,105.0,113.464424,1,1,22.84134864807129,45.69945
2,2244,77.9,73.84771,1,1,22.84134864807129,39.041714
2,788,88.3,78.48682,1,1,22.84134864807129,24.185974
2,1946,36.33333333,23.48142,0,1,22.84134864807129,49.208622
2,269,29.0,18.224154,1,1,22.84134864807129,33.343544
2,156,0.66,1.1964465,1,1,22.84134864807129,3.3650818
2,1277,19.7,23.362053,1,1,22.84134864807129,14.443252
2,1649,0.4,1.5645778,1,0,22.84134864807129,1.6306816
2,321,93.0,81.10214,0,0,22.84134864807129,20.292248
2,1260,7.2,9.670026,1,1,22.84134864807129,6.3129807
2,2454,39.0,28.45394,1,0,22.84134864807129,15.494241
2,1879,10.0,12.770821,1,1,22.84134864807129,16.235952
2,2455,0.4,0.219273,1,1,22.84134864807129,2.9555936
2,1223,77.4,54.724792,0,0,22.84134864807129,14.396643
2,1460,30.0,37.12743,1,1,22.84134864807129,35.759502
2,1686,87.1,77.786606,1,0,22.84134864807129,12.903287
2,504,19.2,18.26715,1,1,22.84134864807129,5.7866316
2,515,77.0,93.259254,0,1,22.84134864807129,47.552963
2,1879,15.8,11.682079,1,1,22.84134864807129,9.304853
2,2457,3.2,9.170095,1,1,22.84134864807129,33.074238
2,14,40.0,23.00771,0,1,22.84134864807129,36.103645
2,2458,7.49,2.005897,1,0,22.84134864807129,6.31619
2,142,11.1,8.5655155,1,1,22.84134864807129,6.0473228
2,108,12.3,13.231795,1,1,22.84134864807129,18.19359
2,1610,3.0,3.2889335,1,1,22.84134864807129,4.2307553
2,84,6.0,5.925099,1,1,22.84134864807129,11.129771
2,356,5.845,6.020885,1,1,22.84134864807129,4.762876
2,2461,1.1,2.6866539,1,1,22.84134864807129,5.9592657
2,681,2.61,2.7263832,1,1,22.84134864807129,3.238989
2,2464,19.0,77.06953,0,0,22.84134864807129,39.79494
2,119,25.06153846,18.717735,1,1,22.84134864807129,51.997337
2,327,30.0,36.154385,1,1,22.84134864807129,52.00595
2,2465,1.13,1.4689361,1,1,22.84134864807129,6.3845944
2,2466,4.942,3.4688096,1,1,22.84134864807129,5.0644984
2,2468,0.56,3.477874,1,0,22.84134864807129,5.2461824
2,503,6.8,11.948352,1,0,22.84134864807129,3.3420165
2,2469,7.5,6.4386916,1,1,22.84134864807129,10.133994
2,1637,38.5,37.56459,1,1,22.84134864807129,7.8255124
2,1776,13.5,32.721237,0,0,22.84134864807129,25.462498
2,216,34.0,30.294792,1,1,22.84134864807129,15.536235
2,336,21.0,23.129023,1,1,22.84134864807129,74.79434
2,1277,29.4,23.195988,1,1,22.84134864807129,18.999203
2,240,12.0,28.764471,0,0,22.84134864807129,13.427023
2,286,37.875,46.830784,1,1,22.84134864807129,42.65443
2,2174,1.51,1.7593577,1,1,22.84134864807129,3.992627
2,2473,1.838,4.946156,1,1,22.84134864807129,11.356153
2,286,45.2,64.443756,0,0,22.84134864807129,35.260956
2,649,72.2,87.04818,0,1,22.84134864807129,30.622715
2,477,7.4,7.560608,1,1,22.84134864807129,3.3164928
2,152,80.8,76.589516,1,1,22.84134864807129,53.514744
2,1624,88.45,82.51133,1,1,22.84134864807129,22.348825
2,521,4.04,4.216748,1,1,22.84134864807129,6.507869
2,521,3.76,4.215984,1,1,22.84134864807129,8.394187
2,476,88.0,42.23219,0,0,22.84134864807129,56.802414
2,1459,15.0,11.3343,1,1,22.84134864807129,16.292776
2,152,88.5,71.184845,0,1,22.84134864807129,43.90228
2,263,17.6,16.351458,1,1,22.84134864807129,5.540561
2,273,75.0,36.81,0,0,22.84134864807129,18.282726
2,1157,6.13,5.3777657,1,1,22.84134864807129,8.181288
2,1476,13.9,11.497593,1,1,22.84134864807129,6.778451
2,733,2.4,1.799674,1,1,22.84134864807129,2.7834656
2,2477,4.0,12.533168,1,0,22.84134864807129,9.948924
2,216,4.98,19.882088,0,0,22.84134864807129,14.912329
2,2136,86.0,85.55388,1,1,22.84134864807129,6.605594
2,786,4.8,2.8675978,1,1,22.84134864807129,6.646671
2,216,36.0,31.726559,1,1,22.84134864807129,17.076065
2,1634,2.14,1.5921127,1,1,22.84134864807129,1.9395355
2,595,2.195,3.6367507,1,1,22.84134864807129,3.7820733
2,643,1.82,2.732899,1,1,22.84134864807129,11.834316
2,594,12.5,12.722961,1,1,22.84134864807129,7.787389
2,2479,0.21,2.8205023,1,1,22.84134864807129,5.6899333
2,347,70.0,81.159836,1,1,22.84134864807129,32.25789
2,1264,5.69,4.64455,1,1,22.84134864807129,7.15229
2,2484,43.0,26.687214,0,1,22.84134864807129,44.237053
2,2487,8.0,21.19051,0,1,22.84134864807129,43.266277
2,2488,3.3,2.6706252,1,1,22.84134864807129,2.9900646
2,1834,29.5,26.551771,1,1,22.84134864807129,22.710787
2,286,57.4,60.132675,1,1,22.84134864807129,35.802185
2,557,33.4,14.838422,0,0,22.84134864807129,31.553776
2,1190,10.1,8.44194,1,1,22.84134864807129,5.4651136
2,1314,25.0,22.21217,1,1,22.84134864807129,30.632833
2,1063,10.1,6.945025,1,1,22.84134864807129,7.1474657
2,681,2.82,2.3591747,1,1,22.84134864807129,5.3574247
2,401,3.3,3.2688632,1,1,22.84134864807129,6.465323
2,241,14.1,8.93636,1,0,22.84134864807129,8.350344
2,856,6.44,6.84282,1,1,22.84134864807129,5.2993155
2,994,0.9,2.1224527,1,1,22.84134864807129,6.671896
2,581,4.382,5.2182174,1,1,22.84134864807129,2.4666197
2,1754,38.7,16.656874,0,0,22.84134864807129,18.660803
2,1006,1.92,4.1196327,1,1,22.84134864807129,7.0436206
2,148,10.3,8.5003605,1,1,22.84134864807129,4.038286
2,1787,0.64,1.4690262,1,0,22.84134864807129,1.4908162
2,1903,6.6925,6.1451583,1,1,22.84134864807129,8.316596
2,269,11.0,13.164325,1,1,22.84134864807129,20.941647
2,597,0.2,0.57254,1,1,22.84134864807129,4.5545936
2,655,29.6,26.738333,1,1,22.84134864807129,25.1009
2,2398,2.1,2.045596,1,1,22.84134864807129,4.8992934
2,904,91.7,56.594482,0,0,22.84134864807129,50.29837
2,473,49.0,66.56779,0,1,22.84134864807129,114.992
2,241,13.8,11.463562,1,1,22.84134864807129,6.1044874
2,758,29.5,31.0385,1,1,22.84134864807129,13.764116
2,581,12.8,5.138663,1,0,22.84134864807129,2.7514074
2,1936,18.5,19.251724,1,1,22.84134864807129,26.276398
2,736,7.233333333,6.931969,1,1,22.84134864807129,5.0089808
2,1277,22.2,24.942492,1,1,22.84134864807129,12.422264
2,2500,5.7,11.21847,1,0,22.84134864807129,8.789608
2,143,1.64,2.1235986,1,1,22.84134864807129,4.400564
2,2501,13.0,5.0190706,1,1,22.84134864807129,20.701305
2,1669,26.05,30.346798,1,1,22.84134864807129,22.296083
2,2504,3.68,3.630897,1,1,22.84134864807129,5.125778
2,171,14.1,22.097178,1,0,22.84134864807129,13.577796
2,929,5.7,7.3395433,1,1,22.84134864807129,10.434691
2,1223,19.0,43.055355,0,0,22.84134864807129,31.102797
2,683,2.7,3.433496,1,1,22.84134864807129,5.16022
2,955,0.11,0.0056687235,1,1,22.84134864807129,0.8601389
2,290,55.0,36.775616,0,1,22.84134864807129,49.661488
2,2458,8.09,1.8185455,1,0,22.84134864807129,4.654661
2,321,92.85,79.07545,0,1,22.84134864807129,38.087616
2,2508,4.75,4.7905626,1,1,22.84134864807129,46.747414
2,595,3.3,3.8636594,1,1,22.84134864807129,4.5387874
2,1610,1.9,2.1262746,1,1,22.84134864807129,4.317149
2,2510,2.8,11.232285,1,1,22.84134864807129,23.227486
2,456,12.0,10.284945,1,1,22.84134864807129,9.370656
2,886,5.3,2.6985166,1,0,22.84134864807129,4.099628
2,1782,5.88,3.6930592,1,1,22.84134864807129,4.710741
2,2009,8.8,6.0064864,1,1,22.84134864807129,5.676499
2,511,3.0,3.0254936,1,1,22.84134864807129,5.510241
2,2517,4.175,4.313237,1,1,22.84134864807129,6.852105
2,63,10.33666667,16.228275,1,1,22.84134864807129,52.525604
2,652,47.0,84.32417,0,0,22.84134864807129,39.897804
2,227,1.85,2.3527162,1,1,22.84134864807129,3.4691918
2,473,22.0,64.91762,0,1,22.84134864807129,103.82468
2,504,18.3,16.77249,1,1,22.84134864807129,6.2040453
2,816,10.87,12.746223,1,1,22.84134864807129,19.955322
2,1380,0.73,1.7434814,1,1,22.84134864807129,7.4697275
2,969,72.0,47.54393,0,1,22.84134864807129,53.351067
2,1056,2.23,2.4637764,1,1,22.84134864807129,3.438014
2,1288,16.0,33.15028,0,1,22.84134864807129,88.530266
2,826,4.64,2.6073678,1,0,22.84134864807129,2.8181498
2,286,56.8925,61.0039,1,1,22.84134864807129,37.97864
2,286,30.7,46.83464,0,1,22.84134864807129,54.510212
2,2331,1.815,2.919171,1,1,22.84134864807129,4.0279255
2,364,2.7,3.4410264,1,1,22.84134864807129,5.173719
2,857,16.3,21.616623,1,1,22.84134864807129,18.913511
2,269,22.0,28.212425,1,1,22.84134864807129,19.600922
2,286,33.6,52.978374,0,0,22.84134864807129,36.508892
2,33,17.9,14.531608,1,1,22.84134864807129,15.935452
2,2522,6.38,6.687851,1,1,22.84134864807129,13.332373
2,1816,11.6,16.05404,1,1,22.84134864807129,28.03343
2,2523,4.2,8.204687,1,1,22.84134864807129,15.852337
2,204,34.0,22.927914,1,0,22.84134864807129,16.913713
2,1104,75.56666667,64.41051,1,0,22.84134864807129,13.89375
2,270,0.152,1.6621301,1,1,22.84134864807129,33.225624
2,2524,2.2,3.7414217,1,1,22.84134864807129,8.691617
2,643,1.96,2.8516803,1,1,22.84134864807129,11.177879
2,2525,13.0,10.200763,1,1,22.84134864807129,20.842588
2,362,14.0,16.485756,1,1,22.84134864807129,47.18679
2,2527,2.36,3.3052464,1,1,22.84134864807129,6.7403316
2,1139,37.4,31.864956,1,0,22.84134864807129,8.5755205
2,2530,3.33,4.1063814,1,1,22.84134864807129,17.10551
2,54,8.42,7.457346,1,1,22.84134864807129,3.7167473
2,2532,9.0,5.103378,1,0,22.84134864807129,6.450486
2,1346,46.0,65.39531,0,1,22.84134864807129,44.238144
2,2487,17.0,25.743343,1,1,22.84134864807129,42.053684
2,521,3.07,4.3520303,1,1,22.84134864807129,8.30408
2,273,50.0,39.57658,1,1,22.84134864807129,29.08907
2,1685,0.72,0.2794835,1,1,22.84134864807129,2.930674
2,986,2.2,1.5785359,1,1,22.84134864807129,5.774091
2,2533,12.0,26.108728,0,1,22.84134864807129,51.206253
2,23,14.2,14.122777,1,1,22.84134864807129,8.633921
2,79,14.33333333,11.374561,1,0,22.84134864807129,5.422493
2,2534,37.3,20.125782,0,1,22.84134864807129,41.746426
2,1504,64.0,40.327232,0,1,22.84134864807129,119.22738
2,68,3.77,5.9221354,1,1,22.84134864807129,8.597349
2,2535,5.016666667,4.469842,1,1,22.84134864807129,11.871149
2,286,35.0,53.345776,0,1,22.84134864807129,38.113686
2,1267,18.7,16.270802,1,1,22.84134864807129,6.3650904
2,2536,3.0,2.860103,1,1,22.84134864807129,18.951223
2,336,5.0,61.032646,0,0,22.84134864807129,55.98194
2,263,16.88888889,16.351458,1,1,22.84134864807129,5.540561
2,129,43.0,61.138515,0,1,22.84134864807129,39.981342
2,473,77.0,60.93065,0,1,22.84134864807129,88.637375
2,2540,13.0,25.54808,0,1,22.84134864807129,35.15454
2,72,6.88,5.5238166,1,1,22.84134864807129,7.036577
2,62,18.9,16.754635,1,1,22.84134864807129,6.018652
2,655,10.8,22.456266,0,1,22.84134864807129,28.461397
2,1400,12.01,6.907681,1,1,22.84134864807129,14.788399
2,286,32.0,50.37004,0,1,22.84134864807129,37.347054
2,647,0.725,2.664167,1,1,22.84134864807129,7.144461
2,755,5.41,14.121873,1,1,22.84134864807129,18.491299
2,2542,2.5,3.3056078,1,1,22.84134864807129,3.8637125
2,240,35.0,33.337753,1,1,22.84134864807129,11.174774
2,2548,7.2,9.439859,1,1,22.84134864807129,22.26501
2,130,0.525,1.7300273,1,1,22.84134864807129,6.2935586
2,595,3.3,3.8752227,1,1,22.84134864807129,4.5387874
2,2549,68.0,46.43374,0,1,22.84134864807129,47.56622
2,2552,29.5,23.451532,1,1,22.84134864807129,19.998856
2,286,14.9,34.479607,0,1,22.84134864807129,66.51133
2,2553,3.2,3.438737,1,1,22.84134864807129,8.263286
2,79,12.6,11.647974,1,1,22.84134864807129,6.3201375
2,2555,114.0,115.803604,1,1,22.84134864807129,48.128025
2,84,2.493,5.5403323,1,0,22.84134864807129,3.767197
2,781,73.0,50.83952,0,1,22.84134864807129,50.23998
2,1850,1.41,1.6074903,1,1,22.84134864807129,1.688029
2,2035,0.6,4.2481394,1,1,22.84134864807129,185.56364
2,700,78.2,57.241123,0,1,22.84134864807129,92.85461
2,956,38.8,53.067245,0,1,22.84134864807129,45.848988
2,2557,0.421,0.24838646,1,1,22.84134864807129,4.4854765
2,571,22.0,7.504392,0,0,22.84134864807129,7.8753853
2,2559,2.1,5.580218,1,1,22.84134864807129,51.799206
2,140,2.71,4.484799,1,1,22.84134864807129,5.189023
2,2561,3.65,4.3857603,1,1,22.84134864807129,4.688138
2,1267,18.5,17.308666,1,1,22.84134864807129,5.665444
2,321,92.05,81.08323,1,1,22.84134864807129,59.61673
2,2563,6.03,3.3412335,1,0,22.84134864807129,5.1412883
2,2567,1.35,2.0421567,1,1,22.84134864807129,4.0771875
2,362,41.8,38.77772,1,1,22.84134864807129,34.71622
2,2569,13.0,4.3084846,1,0,22.84134864807129,4.9501824
2,143,1.48,2.393521,1,1,22.84134864807129,3.7830973
2,2570,2.9,3.3080904,1,1,22.84134864807129,5.3085837
2,2203,3.26,5.0347233,1,1,22.84134864807129,8.811173
2,1863,0.035,-0.31453145,1,1,22.84134864807129,3.0983467
2,1806,8.6,3.0156248,1,0,22.84134864807129,4.272088
2,2573,1.13,4.197038,1,0,22.84134864807129,5.7548494
2,1625,5.5,4.579136,1,1,22.84134864807129,4.8721027
2,1741,31.0,56.657196,0,1,22.84134864807129,67.36169
2,2065,1.76,2.1827152,1,1,22.84134864807129,3.5029287
2,503,5.4,11.730877,1,0,22.84134864807129,5.561492
2,310,3.0,2.6889372,1,1,22.84134864807129,3.788459
2,1709,22.0,14.710353,1,1,22.84134864807129,45.3861
2,816,8.8,14.357157,1,1,22.84134864807129,24.545912
2,798,10.6,12.351226,1,1,22.84134864807129,6.3054814
2,1946,40.85,27.61484,0,1,22.84134864807129,40.925827
2,1670,3.52,12.714326,1,1,22.84134864807129,139.20746
2,2134,9.19,9.181502,1,1,22.84134864807129,5.642127
2,2430,26.1,80.043015,0,0,22.84134864807129,20.4219
2,2577,5.75,5.01031,1,1,22.84134864807129,6.067204
2,643,2.83,3.4257243,1,1,22.84134864807129,9.203304
2,33,16.125,8.989116,1,1,22.84134864807129,28.460306
2,291,90.0,116.07199,0,1,22.84134864807129,69.74737
2,473,76.0,58.299942,0,1,22.84134864807129,113.46299
2,1422,5.9,5.272222,1,1,22.84134864807129,7.7624116
2,54,4.45,4.4677987,1,1,22.84134864807129,2.9659822
2,152,80.0,70.603134,1,1,22.84134864807129,57.101173
2,473,80.0,75.04125,1,1,22.84134864807129,28.184742
2,2553,1.8,2.0517147,1,1,22.84134864807129,8.268957
2,286,66.78571429,55.52429,1,1,22.84134864807129,25.003986
2,23,5.5,7.7357273,1,1,22.84134864807129,11.276072
2,1025,7.42,15.2137165,1,0,22.84134864807129,7.163299
2,1656,3.7,3.7989523,1,1,22.84134864807129,4.2266574
2,68,4.15,5.487225,1,1,22.84134864807129,2.7614858
2,993,16.0,13.727297,1,1,22.84134864807129,6.8109345
2,2584,1.533333333,5.3619313,1,1,22.84134864807129,13.19891
2,621,68.6,59.44749,1,1,22.84134864807129,46.20456
2,681,3.2,2.50476,1,1,22.84134864807129,2.776605
2,477,10.3,9.723972,1,1,22.84134864807129,5.452043
2,129,15.8,48.05194,0,0,22.84134864807129,49.084442
2,587,94.8,39.07804,0,0,22.84134864807129,72.54387
2,418,7.54,4.7052803,1,1,22.84134864807129,54.71885
2,2589,2.9,2.660578,1,1,22.84134864807129,3.9857507
2,856,6.25,6.856137,1,1,22.84134864807129,5.2993155
2,1004,2.1,2.214057,1,1,22.84134864807129,4.7035956
2,1559,4.3,14.228927,1,0,22.84134864807129,9.669613
2,2594,8.405,6.390089,1,1,22.84134864807129,5.9970984
2,2595,6.25,4.65274,1,1,22.84134864807129,10.178635
2,82,2.65,2.8633015,1,1,22.84134864807129,3.9819524
2,2597,7.63,6.2320113,1,1,22.84134864807129,6.5512013
2,729,6.0,20.72498,0,0,22.84134864807129,12.47624
2,494,2.9,5.801612,1,1,22.84134864807129,12.720796
2,816,25.3,16.057447,1,1,22.84134864807129,24.587841
2,290,80.0,74.16486,1,1,22.84134864807129,38.426994
2,523,6.8,4.4579115,1,1,22.84134864807129,6.429526
2,2598,0.80775,2.7119043,1,0,22.84134864807129,2.6253037
2,1332,80.0,83.74687,1,0,22.84134864807129,5.882564
2,286,64.4,59.676125,1,1,22.84134864807129,54.621105
2,2600,35.1,33.42905,1,1,22.84134864807129,17.722994
2,2420,0.8125,0.86401814,1,1,22.84134864807129,2.1173668
2,743,12.4,8.946208,1,1,22.84134864807129,12.119048
2,784,4.8,5.772112,1,1,22.84134864807129,5.3890376
2,2601,24.5,16.390648,1,1,22.84134864807129,18.297672
2,199,10.3,10.865736,1,1,22.84134864807129,7.9565644
2,286,3.5,39.662796,0,0,22.84134864807129,54.117466
2,601,0.048,0.9515807,1,1,22.84134864807129,2.972277
2,143,1.71,2.1238232,1,1,22.84134864807129,4.449025
2,2605,4.4,4.288104,1,1,22.84134864807129,6.1304507
2,152,72.9,76.79642,1,1,22.84134864807129,43.952152
2,62,17.2,13.54434,1,0,22.84134864807129,7.0999503
2,273,13.7,28.324438,0,0,22.84134864807129,23.45626
2,216,40.0,13.991646,0,0,22.84134864807129,42.042244
2,1267,19.2,9.577204,1,0,22.84134864807129,12.120174
2,98,8.68,5.4541874,1,1,22.84134864807129,8.697078
2,1843,2.03,1.3103316,1,1,22.84134864807129,1.943251
2,1864,0.667,2.6427476,1,1,22.84134864807129,4.188327
2,2610,0.99,8.6573305,1,0,22.84134864807129,5.9618
2,216,36.9,44.792553,1,1,22.84134864807129,27.929964
2,2612,2.95,2.5105422,1,1,22.84134864807129,5.397039
2,171,17.75,15.833034,1,1,22.84134864807129,25.249926
2,142,9.6,7.397486,1,1,22.84134864807129,6.632548
2,142,10.05,7.3986926,1,1,22.84134864807129,6.672389
2,2615,7.1,7.3762617,1,1,22.84134864807129,6.8698072
2,240,16.0,15.472846,1,1,22.84134864807129,10.342435
2,2002,5.6,5.954314,1,1,22.84134864807129,7.797714
2,1097,3.8,3.08856,1,1,22.84134864807129,4.284505
2,831,1.17,7.1126146,1,0,22.84134864807129,5.7355175
2,76,6.5,7.702479,1,1,22.84134864807129,7.7857265
2,199,10.6,12.161091,1,1,22.84134864807129,9.496832
2,1661,1.986666667,1.1752529,1,1,22.84134864807129,8.487366
2,79,13.0,11.1750345,1,1,22.84134864807129,5.5309114
2,2617,1.65,3.078193,1,1,22.84134864807129,4.09909
2,1089,2.9,3.1634068,1,1,22.84134864807129,2.7134893
2,1494,8.1,9.15107,1,1,22.84134864807129,6.592643
2,2618,7.07,6.041165,1,1,22.84134864807129,8.396581
2,2619,44.0,33.59406,1,1,22.84134864807129,29.530855
2,290,70.0,59.518585,1,1,22.84134864807129,58.937817
2,130,0.38,1.7982539,1,1,22.84134864807129,9.249313
2,729,3.5,2.9745302,1,1,22.84134864807129,6.4596276
2,2105,7.66,8.430148,1,1,22.84134864807129,24.786081
2,1097,1.6,1.9566638,1,1,22.84134864807129,4.798377
2,1167,4.11,5.0011206,1,1,22.84134864807129,11.918522
2,2479,1.03,2.0991902,1,1,22.84134864807129,4.875762
2,2622,40.0,26.211592,0,1,22.84134864807129,65.10367
2,1254,2.5,6.247668,1,0,22.84134864807129,5.5940695
2,456,11.68,10.429126,1,1,22.84134864807129,9.370656
2,476,75.0,65.758415,1,1,22.84134864807129,41.58359
2,527,0.055,0.71365595,1,1,22.84134864807129,2.351186
2,2623,13.9,9.453263,1,0,22.84134864807129,6.796941
2,2624,3.1,2.748105,1,1,22.84134864807129,4.568353
2,2625,80.0,68.14511,0,0,22.84134864807129,20.927422
2,2271,36.0,30.074785,1,1,22.84134864807129,24.721333
2,152,82.0,64.777794,0,1,22.84134864807129,67.931984
2,816,26.9,13.237004,0,1,22.84134864807129,28.165304
2,468,2.27,3.751021,1,1,22.84134864807129,5.605398
2,521,3.0,4.252214,1,1,22.84134864807129,8.272075
2,2461,5.6,3.1017823,1,1,22.84134864807129,5.194724
2,2434,71.0,49.155224,0,1,22.84134864807129,77.848045
2,336,25.6,33.973557,1,1,22.84134864807129,74.10411
2,515,25.0,82.37457,0,0,22.84134864807129,37.63217
2,1157,5.82,4.975517,1,1,22.84134864807129,8.799504
2,2632,3.4,2.6158245,1,1,22.84134864807129,8.326061
2,2633,2.1,3.8607397,1,1,22.84134864807129,27.731949
2,2174,1.4,1.4503448,1,1,22.84134864807129,3.847488
2,2634,1.79,3.477961,1,1,22.84134864807129,7.452317
2,1277,32.8,27.498337,1,1,22.84134864807129,12.35276
2,788,90.1,76.54812,0,1,22.84134864807129,34.845825
2,2636,25.05,17.355091,1,1,22.84134864807129,21.610329
2,1235,73.0,69.74679,1,1,22.84134864807129,41.859463
2,62,20.29,11.964502,1,0,22.84134864807129,7.585578
2,286,84.1,81.66064,1,1,22.84134864807129,14.248417
2,1500,1.6,1.1947455,1,1,22.84134864807129,4.4642415
2,236,89.8,87.37055,1,1,22.84134864807129,19.527346
2,62,20.7,14.080853,1,0,22.84134864807129,6.646652
2,2136,87.7,86.54693,1,1,22.84134864807129,10.755724
2,2638,9.0,15.720005,1,1,22.84134864807129,45.277767
2,2430,33.8,80.4467,0,0,22.84134864807129,20.804031
2,581,7.38,6.214891,1,1,22.84134864807129,2.9291372
2,1517,3.14,2.6160188,1,1,22.84134864807129,7.242686
2,1642,1.18,3.7754219,1,1,22.84134864807129,6.282879
2,504,20.7,15.152548,1,0,22.84134864807129,7.638584
2,241,13.6,11.256957,1,1,22.84134864807129,7.1248713
2,786,4.3,2.9658387,1,1,22.84134864807129,6.043681
2,857,7.0,19.479422,0,0,22.84134864807129,20.19302
2,2643,2.32,3.3072426,1,1,22.84134864807129,33.961643
2,2023,8.0,59.463703,0,0,22.84134864807129,69.62593
2,129,42.0,58.635586,0,1,22.84134864807129,40.66784
2,2645,4.88,4.310107,1,1,22.84134864807129,4.8967404
2,647,0.9,1.7493991,1,1,22.84134864807129,2.9017565
2,2013,2.8,2.3741574,1,1,22.84134864807129,5.9423857
2,1300,6.4,5.191909,1,1,22.84134864807129,9.529984
2,556,4.43,8.999081,1,0,22.84134864807129,8.866262
2,2088,11.1,32.177853,0,0,22.84134864807129,13.922135
2,356,6.185,6.9320235,1,1,22.84134864807129,6.5150313
2,1519,3.26,2.0560277,1,1,22.84134864807129,7.147365
2,473,55.0,54.416733,1,1,22.84134864807129,124.43811
2,241,13.3,10.850102,1,1,22.84134864807129,7.031161
2,84,1.449,4.8900237,1,1,22.84134864807129,12.1811905
2,904,91.7,47.4733,0,0,22.84134864807129,73.31596
2,2649,40.0,27.206861,0,1,22.84134864807129,63.772972
2,227,1.88,0.76270777,1,0,22.84134864807129,2.1024148
2,54,5.72,5.0676074,1,1,22.84134864807129,3.9698687
2,2651,85.0,84.3281,1,1,22.84134864807129,47.141705
2,79,6.0,10.254171,1,0,22.84134864807129,5.1582913
2,784,6.2,5.077697,1,1,22.84134864807129,7.379388
2,208,7.175,3.4486704,1,0,22.84134864807129,3.635097
2,2212,71.5,82.5376,1,0,22.84134864807129,12.99429
2,1459,15.2,15.1935,1,1,22.84134864807129,6.9091825
2,227,2.25,1.4241838,1,1,22.84134864807129,2.2454665
2,2654,92.0,82.94586,1,1,22.84134864807129,43.556267
2,152,80.8,77.07501,1,1,22.84134864807129,38.221138
2,1127,5.1,4.257421,1,1,22.84134864807129,5.256091
2,2657,4.3,6.457495,1,1,22.84134864807129,11.604347
2,33,17.0,9.021985,1,0,22.84134864807129,10.007074
2,2659,6.82,5.095084,1,1,22.84134864807129,5.874626
2,1260,8.7,10.198275,1,1,22.84134864807129,7.2579665
2,1609,6.8,4.529751,1,1,22.84134864807129,6.775781
2,241,16.45,6.5565257,1,0,22.84134864807129,14.422063
2,278,10.1,8.275519,1,1,22.84134864807129,12.827659
2,2662,1.92,3.4081123,1,1,22.84134864807129,5.2730794
2,286,85.5,73.596,0,1,22.84134864807129,31.23093
2,241,10.0,9.9916725,1,1,22.84134864807129,8.084737
2,2665,3.0,1.6481493,1,1,22.84134864807129,4.987735
2,784,8.5,5.9346533,1,0,22.84134864807129,4.214857
2,655,15.5,24.084734,1,1,22.84134864807129,31.489727
2,286,44.5,58.19246,0,1,22.84134864807129,38.901443
2,824,1.71,2.65261,1,1,22.84134864807129,6.2104893
2,1025,11.2,14.655121,1,0,22.84134864807129,6.269098
2,23,7.4,8.627466,1,1,22.84134864807129,11.695617
2,477,7.7,7.336027,1,1,22.84134864807129,4.2091837
2,1986,5.7,5.068688,1,1,22.84134864807129,6.9676533
2,2247,2.75,4.0473924,1,1,22.84134864807129,8.342534
2,2668,53.6,40.93577,0,1,22.84134864807129,85.303955
2,1859,6.6,2.538961,1,0,22.84134864807129,2.832766
2,581,7.07,5.891165,1,1,22.84134864807129,2.7203436
2,2046,5.09,4.5548606,1,1,22.84134864807129,5.9396844
2,2671,63.5,62.13122,1,1,22.84134864807129,17.453968
2,33,17.6,13.842666,1,1,22.84134864807129,15.610706
2,2673,2.686666667,2.9363103,1,1,22.84134864807129,19.787666
2,504,19.0,18.278631,1,1,22.84134864807129,5.9389305
2,286,4.6,30.895187,0,1,22.84134864807129,52.633526
2,6,32.5,18.44312,0,1,22.84134864807129,39.06949
2,216,25.0,21.888954,1,1,22.84134864807129,11.075671
2,216,40.0,18.089785,0,0,22.84134864807129,37.36965
2,2675,1.4,2.5911555,1,1,22.84134864807129,6.7225413
2,587,93.7,38.60192,0,0,22.84134864807129,74.26079
2,788,91.65,76.23884,0,1,22.84134864807129,48.615227
2,2247,2.75,4.380992,1,1,22.84134864807129,8.259437
2,1447,49.0,45.702393,1,1,22.84134864807129,80.648125
2,511,3.45,3.3116448,1,1,22.84134864807129,5.0843472
2,157,0.175,0.34281182,1,1,22.84134864807129,4.8491044
2,18,13.8,7.2723336,1,0,22.84134864807129,7.7861643
2,332,17.3,16.7211,1,1,22.84134864807129,22.517094
2,286,60.6,59.742523,1,1,22.84134864807129,28.89547
2,241,9.7,10.118116,1,1,22.84134864807129,7.878297
2,761,0.72,30.91595,0,0,22.84134864807129,34.472874
2,611,44.0,24.915756,0,1,22.84134864807129,52.331924
2,2681,16.2,11.109841,1,0,22.84134864807129,8.49054
2,2112,21.5,9.221803,0,0,22.84134864807129,8.807314
2,290,79.0,76.97069,1,1,22.84134864807129,47.49801
2,1288,14.0,33.03413,0,1,22.84134864807129,100.26506
2,914,8.7,3.9136765,1,0,22.84134864807129,7.0829167
2,1332,83.9,84.84114,1,1,22.84134864807129,15.257561
2,2683,0.82,1.6552032,1,1,22.84134864807129,4.206134
2,156,0.66,1.1191522,1,1,22.84134864807129,3.3149385
2,1056,1.09,1.9019139,1,1,22.84134864807129,3.4676657
2,684,135.4,123.78969,0,1,22.84134864807129,51.893497
2,1123,3.5,2.2315533,1,1,22.84134864807129,3.595672
2,1006,0.14,1.9389532,1,1,22.84134864807129,7.798263
2,33,15.6,8.948437,1,0,22.84134864807129,8.999047
2,79,14.1,10.385271,1,0,22.84134864807129,7.290764
2,156,0.53,1.1579319,1,1,22.84134864807129,4.300065
2,2685,37.0,21.507162,0,1,22.84134864807129,55.960808
2,157,3.3,1.4386455,1,1,22.84134864807129,7.5152884
2,1780,2.43,2.7280893,1,1,22.84134864807129,5.8396683
2,2686,3.2,2.5666163,1,1,22.84134864807129,3.6433034
2,2688,2.63,5.8046026,1,1,22.84134864807129,46.799076
2,1599,1.4,1.996903,1,1,22.84134864807129,3.5300934
2,655,28.3,26.057293,1,1,22.84134864807129,25.826088
2,1661,3.05,1.1752529,1,1,22.84134864807129,8.487366
2,2690,2.3,4.921427,1,1,22.84134864807129,7.271361
2,426,8.4,14.213913,1,1,22.84134864807129,19.097605
2,227,2.2,1.6177267,1,1,22.84134864807129,2.4760425
2,1379,15.8,36.34899,0,1,22.84134864807129,43.48663
2,2692,33.9,51.42472,0,0,22.84134864807129,24.463123
2,119,7.0,14.859534,1,1,22.84134864807129,46.014248
2,216,20.0,32.822746,0,0,22.84134864807129,14.0610895
2,54,4.55,4.401191,1,1,22.84134864807129,2.7208314
2,199,13.3,16.159657,1,1,22.84134864807129,7.2532916
2,857,12.6,21.837658,1,1,22.84134864807129,19.595203
2,2038,2.6,6.4586005,1,1,22.84134864807129,10.561066
2,1596,1.425,5.8128023,1,1,22.84134864807129,22.99116
2,152,79.0,74.82104,1,1,22.84134864807129,37.911514
2,218,8.5,10.871888,1,1,22.84134864807129,5.8269477
2,856,3.72,6.2796135,1,1,22.84134864807129,5.3055854
2,263,20.2,15.338322,1,0,22.84134864807129,8.268706
2,1395,95.0,72.51273,0,1,22.84134864807129,53.205715
2,994,0.82,1.5367785,1,1,22.84134864807129,5.240584
2,1167,4.35,3.2455232,1,1,22.84134864807129,9.04853
2,784,9.116666667,6.335559,1,0,22.84134864807129,5.057438
2,473,85.0,84.19952,1,1,22.84134864807129,10.16081
2,227,2.56,2.229528,1,1,22.84134864807129,1.7588477
2,1400,8.91,9.120128,1,1,22.84134864807129,11.031685
2,1235,13.0,38.781273,0,0,22.84134864807129,40.336094
2,60,25.6,27.578686,1,1,22.84134864807129,15.764151
2,68,3.86,5.223032,1,0,22.84134864807129,2.3473308
2,79,12.5,11.204614,1,1,22.84134864807129,5.755258
2,972,1.89,2.086864,1,1,22.84134864807129,3.1503406
2,216,36.9,32.0267,1,1,22.84134864807129,16.429808
2,240,22.0,32.955345,1,0,22.84134864807129,14.902702
2,1945,107.5,96.70295,1,1,22.84134864807129,43.94792
2,290,82.0,82.232475,1,1,22.84134864807129,19.491009
2,2715,5.0,6.6645346,1,1,22.84134864807129,8.234343
2,597,0.52,0.77088416,1,1,22.84134864807129,4.6138206
2,1127,2.7,4.8380337,1,1,22.84134864807129,8.542711
2,2013,2.6,2.0871718,1,1,22.84134864807129,6.734073
2,62,19.5,10.933065,1,0,22.84134864807129,13.855814
2,2307,5.4,14.544217,1,1,22.84134864807129,161.41034
2,2716,1.25,3.289278,1,1,22.84134864807129,6.20013
2,1732,1.4,4.767575,1,1,22.84134864807129,17.180471
2,2685,37.0,21.654852,0,0,22.84134864807129,21.9385
2,1865,5.0,4.048852,1,1,22.84134864807129,4.6797414
2,2601,25.6,23.08663,1,1,22.84134864807129,17.722672
2,2717,0.46,0.5517202,1,1,22.84134864807129,4.4037232
2,2234,47.2,33.117344,0,0,22.84134864807129,26.606318
2,2533,11.0,24.54238,0,1,22.84134864807129,52.097893
2,156,0.21,1.0490901,1,1,22.84134864807129,4.229561
2,1281,2.755,9.268048,1,1,22.84134864807129,15.343582
2,290,73.0,65.001884,1,1,22.84134864807129,39.472416
2,62,19.6,17.19178,1,1,22.84134864807129,5.750637
2,200,0.028,-0.33621836,1,1,22.84134864807129,1.7147346
2,2722,1.975,4.0869017,1,1,22.84134864807129,14.54495
2,733,4.9,4.5774584,1,1,22.84134864807129,4.020459
2,84,3.478,5.922232,1,1,22.84134864807129,5.808983
2,2726,15.0,14.034661,1,1,22.84134864807129,8.509117
2,2332,55.0,74.25617,0,1,22.84134864807129,42.052883
2,961,35.8,79.13175,0,0,22.84134864807129,17.936792
2,684,134.2,123.50256,1,1,22.84134864807129,56.98792
2,2728,9.2,9.349608,1,1,22.84134864807129,3.826186
2,2729,3.46,3.2799025,1,1,22.84134864807129,8.992153
2,79,8.2,10.007578,1,1,22.84134864807129,5.4649873
2,2479,3.36,2.4952424,1,1,22.84134864807129,5.209546
2,734,5.3,5.176806,1,1,22.84134864807129,7.8118477
2,273,18.1,24.148155,1,1,22.84134864807129,25.960478
2,1294,2.92,16.52187,0,0,22.84134864807129,21.13151
2,286,18.7,38.370827,0,1,22.84134864807129,50.40935
2,477,9.7,9.36153,1,1,22.84134864807129,3.5957494
2,194,7.7,6.319011,1,1,22.84134864807129,6.184172
2,684,127.0,115.65725,1,1,22.84134864807129,47.244385
2,2733,1.8,2.043398,1,1,22.84134864807129,7.5718956
2,1741,29.0,51.08231,0,1,22.84134864807129,58.292797
2,684,108.5,118.12444,1,1,22.84134864807129,38.769794
2,2736,6.0,3.8553836,1,1,22.84134864807129,20.332952
2,152,81.0,77.36627,1,1,22.84134864807129,55.630726
2,2534,41.4,21.216892,0,0,22.84134864807129,39.636017
2,152,82.8,75.26771,1,1,22.84134864807129,58.41456
2,1457,1.65,4.4770136,1,1,22.84134864807129,7.714511
2,215,3.315,3.8680542,1,1,22.84134864807129,4.9176297
2,263,20.3,14.649949,1,1,22.84134864807129,13.329961
2,476,70.25,51.69147,0,1,22.84134864807129,42.7515
2,216,19.8,20.299719,1,1,22.84134864807129,11.407715
2,2742,2.3825,1.50409,1,1,22.84134864807129,6.4290113
2,286,63.66666667,52.296116,1,1,22.84134864807129,23.43136
2,2744,29.0,16.495974,0,0,22.84134864807129,23.296856
2,152,74.0,71.02883,1,1,22.84134864807129,58.526512
2,810,32.3,18.776155,0,1,22.84134864807129,29.234026
2,798,1.54,5.6108766,1,0,22.84134864807129,7.983624
2,216,16.0,16.890585,1,1,22.84134864807129,49.490677
2,79,9.7,11.312338,1,1,22.84134864807129,5.451815
2,1298,64.8,51.021236,0,1,22.84134864807129,72.66957
2,2533,9.0,24.581078,0,1,22.84134864807129,52.097893
2,23,9.8,12.516307,1,1,22.84134864807129,10.42
2,684,101.0,120.00705,0,1,22.84134864807129,40.622837
2,1022,3.1,3.0822146,1,1,22.84134864807129,3.0263891
2,2745,119.0,85.1479,0,1,22.84134864807129,100.19989
2,2746,6.2,16.120062,1,0,22.84134864807129,17.3962
2,173,0.68,3.4897618,1,1,22.84134864807129,22.118109
2,216,19.5,18.816132,1,1,22.84134864807129,15.24435
2,2749,21.0,18.631927,1,1,22.84134864807129,17.840973
2,152,78.0,66.99291,1,1,22.84134864807129,52.511032
2,499,14.0,7.642413,1,0,22.84134864807129,4.489085
2,2750,8.6,1.2917554,1,0,22.84134864807129,7.246662
2,1674,77.0,55.59955,0,1,22.84134864807129,54.509377
2,1116,2.72,1.8627881,1,1,22.84134864807129,4.3346343
2,2751,45.0,61.27849,0,1,22.84134864807129,37.46475
2,68,0.788,5.623673,1,0,22.84134864807129,5.8456593
2,84,3.625,5.941935,1,1,22.84134864807129,5.8025894
2,2752,32.0,27.462519,1,1,22.84134864807129,36.299877
2,1661,0.8,2.7337258,1,1,22.84134864807129,12.060772
2,1439,8.56,4.5473866,1,0,22.84134864807129,6.46019
2,586,68.2,88.94163,0,1,22.84134864807129,53.09469
2,2755,6.4,2.6547525,1,1,22.84134864807129,15.863541
2,1888,5.92,12.286251,1,1,22.84134864807129,14.514434
2,241,15.1,11.463562,1,0,22.84134864807129,6.1044874
2,2756,44.0,54.48694,1,0,22.84134864807129,20.79603
2,1946,40.4,27.40543,0,1,22.84134864807129,36.471764
2,1118,14.5,19.051441,1,1,22.84134864807129,9.945595
2,62,20.45,15.1924715,1,0,22.84134864807129,6.6872306
2,216,33.0,30.647411,1,1,22.84134864807129,14.533477
2,1559,10.6,13.131638,1,1,22.84134864807129,6.6243196
2,2758,2.891666667,4.5393667,1,1,22.84134864807129,30.794228
2,2760,1.658,2.6031344,1,1,22.84134864807129,8.368591
2,581,5.3,5.601762,1,1,22.84134864807129,2.721709
2,1945,115.25,100.350845,0,1,22.84134864807129,30.821058
2,502,5.2,2.9318833,1,1,22.84134864807129,8.254502
2,1933,2.71,2.4399266,1,1,22.84134864807129,2.8379514
2,2762,40.6,31.827288,1,1,22.84134864807129,27.106403
2,294,32.0,30.325949,1,1,22.84134864807129,29.360176
2,476,79.89,63.706314,0,1,22.84134864807129,47.28449
2,208,5.03,4.1648083,1,1,22.84134864807129,2.973934
2,866,91.3,75.79267,0,1,22.84134864807129,81.03494
2,82,1.78,5.5407043,1,0,22.84134864807129,5.0878477
2,375,115.0,96.87889,0,1,22.84134864807129,59.825733
2,2764,15.0,37.087414,0,1,22.84134864807129,116.79362
2,2765,0.066,0.30786568,1,1,22.84134864807129,14.423588
2,1799,0.17,5.079025,1,0,22.84134864807129,6.5192237
2,338,40.2,29.11051,1,1,22.84134864807129,32.067505
2,2766,24.5,20.9277,1,1,22.84134864807129,29.350376
2,369,3.396,3.6953058,1,1,22.84134864807129,5.140316
2,127,3.2945,3.0871258,1,1,22.84134864807129,5.1245804
2,204,31.4,20.057568,1,0,22.84134864807129,13.232183
2,2768,9.0,4.958855,1,0,22.84134864807129,6.3556023
2,119,23.304,14.859534,1,1,22.84134864807129,45.658993
2,1924,5.57,2.615238,1,1,22.84134864807129,6.166503
2,216,30.5,28.01012,1,1,22.84134864807129,14.664432
2,216,34.8,25.485907,1,0,22.84134864807129,15.30165
2,6,29.0,30.67974,1,1,22.84134864807129,11.7278805
2,1677,4.58,3.8579497,1,1,22.84134864807129,8.438157
2,157,0.072,0.23479633,1,1,22.84134864807129,4.6958733
2,62,20.1,14.291611,1,0,22.84134864807129,6.646652
2,216,30.6,23.237371,1,0,22.84134864807129,10.309627
2,2764,14.0,35.46847,0,1,22.84134864807129,96.88962
2,1754,21.3,14.0049925,1,1,22.84134864807129,19.030369
2,928,14.6,17.07927,1,1,22.84134864807129,5.859664
2,886,1.475,4.0401697,1,1,22.84134864807129,8.542808
2,152,89.0,79.63164,1,0,22.84134864807129,13.230223
2,1012,49.0,29.206938,0,1,22.84134864807129,64.19524
2,2762,28.2,29.117813,1,1,22.84134864807129,25.89707
2,273,55.0,33.473686,0,0,22.84134864807129,18.36188
2,1167,4.5,2.8554802,1,1,22.84134864807129,12.633808
2,2105,10.29,11.140956,1,1,22.84134864807129,24.786081
2,79,12.9,10.494551,1,1,22.84134864807129,5.3410044
2,4,5.35,6.2168326,1,1,22.84134864807129,13.694592
2,84,6.6,5.9547725,1,1,22.84134864807129,11.722137
2,586,67.7,78.96,1,1,22.84134864807129,47.918095
2,336,56.4,54.16169,1,1,22.84134864807129,61.7129
2,431,4.57,5.996629,1,1,22.84134864807129,5.173262
2,684,123.0,114.97621,1,1,22.84134864807129,46.517223
2,68,4.9,5.623673,1,1,22.84134864807129,5.8456593
2,2683,1.44,1.6771574,1,1,22.84134864807129,4.156825
2,2775,27.0,36.424294,1,1,22.84134864807129,31.721457
2,476,64.8,47.00949,0,1,22.84134864807129,78.31475
2,290,72.0,67.71919,1,1,22.84134864807129,25.342224
2,735,9.0,6.396198,1,1,22.84134864807129,7.820001
2,240,18.0,32.468807,0,0,22.84134864807129,12.288118
2,236,28.0,58.787125,0,1,22.84134864807129,148.41054
2,739,65.0,66.65612,1,1,22.84134864807129,20.123594
2,587,97.0,48.67816,0,0,22.84134864807129,44.62712
2,216,12.0,31.968746,0,0,22.84134864807129,16.3252
2,216,29.0,20.055937,1,1,22.84134864807129,27.008799
2,1485,1.27,2.3676345,1,1,22.84134864807129,4.3168874
2,356,7.6,7.5444627,1,1,22.84134864807129,8.374757
2,595,0.47,3.8271992,1,0,22.84134864807129,5.8289094
2,671,2.16,4.5440507,1,1,22.84134864807129,10.686515
2,1890,0.0775,2.8505652,1,0,22.84134864807129,4.663347
2,176,6.9,6.049677,1,1,22.84134864807129,8.490919
2,2688,2.45,3.6578226,1,1,22.84134864807129,22.66962
2,2780,7.5,5.2702208,1,1,22.84134864807129,15.987229
2,1056,1.61,1.550892,1,1,22.84134864807129,3.113141
2,1459,13.0,15.632456,1,1,22.84134864807129,6.401682
2,1247,4.4,3.7997167,1,1,22.84134864807129,6.31777
2,356,5.6,6.5035386,1,1,22.84134864807129,5.461808
2,237,15.1,14.540351,1,1,22.84134864807129,15.350087
2,826,3.74,3.112783,1,1,22.84134864807129,3.4978251
2,655,11.2,23.249123,0,1,22.84134864807129,31.767256
2,2335,9.22,8.285135,1,1,22.84134864807129,5.496018
2,2561,3.65,3.229453,1,1,22.84134864807129,3.7236645
2,1863,0.22,1.0563192,1,1,22.84134864807129,3.270846
2,291,76.0,104.2373,0,0,22.84134864807129,37.76679
2,1242,96.9,50.088985,0,0,22.84134864807129,81.01957
2,2783,0.75,1.5625253,1,1,22.84134864807129,4.1922812
2,2784,4.0,3.7399027,1,1,22.84134864807129,4.2875266
2,1332,83.0,84.41385,1,1,22.84134864807129,5.2696395
2,586,67.4,87.039314,0,1,22.84134864807129,49.740814
2,152,80.5,71.94642,1,1,22.84134864807129,57.397655
2,273,28.0,28.270054,1,1,22.84134864807129,23.8437
2,655,15.3,18.875732,1,1,22.84134864807129,31.62636
2,349,8.4,8.313171,1,1,22.84134864807129,8.862065
2,1404,4.615,3.1992314,1,1,22.84134864807129,5.676515
2,2787,0.805,0.8582268,1,1,22.84134864807129,2.9257703
2,1056,1.87,2.5100374,1,1,22.84134864807129,3.8005836
2,473,46.5,68.849396,0,1,22.84134864807129,109.04349
2,2789,8.375,4.8049536,1,1,22.84134864807129,51.525627
2,79,8.8,11.631018,1,0,22.84134864807129,5.656307
2,2458,9.24,1.8657225,1,0,22.84134864807129,8.732091
2,54,7.85,7.327385,1,1,22.84134864807129,4.247756
2,240,30.31,32.38982,1,1,22.84134864807129,14.418529
2,1656,3.59,3.8401334,1,1,22.84134864807129,4.2266574
2,209,0.43,2.6138701,1,1,22.84134864807129,4.5073643
2,332,18.0,13.779088,1,1,22.84134864807129,13.053697
2,476,77.75,66.162544,0,1,22.84134864807129,30.401983
2,2792,25.0,44.93619,0,1,22.84134864807129,62.54232
2,581,4.125,4.8561506,1,1,22.84134864807129,2.627186
2,2793,1.675,2.869544,1,1,22.84134864807129,5.3285313
2,130,0.48,1.7300273,1,1,22.84134864807129,6.2935586
2,2762,35.7,29.346617,1,1,22.84134864807129,29.873325
2,655,20.5,30.595045,1,1,22.84134864807129,26.245909
2,286,56.1,61.966476,1,1,22.84134864807129,46.972775
2,1118,14.0,18.586445,1,1,22.84134864807129,9.673673
2,463,27.6,23.054533,1,1,22.84134864807129,13.899976
2,286,56.1,57.400234,1,1,22.84134864807129,56.551327
2,1553,1.52,2.728052,1,1,22.84134864807129,5.3737607
2,769,43.0,62.049656,0,1,22.84134864807129,60.79418
2,684,133.4,124.2454,1,1,22.84134864807129,54.852917
2,816,25.61,18.15339,1,1,22.84134864807129,17.352003
2,1521,0.41,2.6595988,1,1,22.84134864807129,26.14313
2,356,6.5,5.485586,1,1,22.84134864807129,4.655162
2,826,4.71,2.5335577,1,0,22.84134864807129,2.3887541
2,202,4.14,4.540729,1,1,22.84134864807129,14.643846
2,344,16.475,11.308851,1,1,22.84134864807129,30.452997
2,341,0.87,1.8234217,1,1,22.84134864807129,2.5186217
2,173,2.84,3.1550984,1,1,22.84134864807129,20.47081
2,2244,54.9,61.77083,1,1,22.84134864807129,65.60516
2,218,7.5,10.3950405,1,0,22.84134864807129,4.9858656
2,473,53.0,65.03027,0,1,22.84134864807129,107.935196
2,110,0.36,1.6025704,1,1,22.84134864807129,3.9700918
2,1118,9.5,19.262373,1,0,22.84134864807129,8.906591
2,356,12.75,5.1321936,1,0,22.84134864807129,6.126586
2,739,47.0,61.47041,0,0,22.84134864807129,21.283777
2,642,86.3,76.95937,1,1,22.84134864807129,35.772953
2,2800,1.04,3.2354095,1,1,22.84134864807129,5.0567117
2,1888,9.6,10.947443,1,1,22.84134864807129,16.23936
2,2422,2.72,2.435484,1,1,22.84134864807129,9.643353
2,1346,34.0,59.154682,0,1,22.84134864807129,67.854774
2,2215,3.76,8.151047,1,1,22.84134864807129,34.8871
2,596,9.0,16.26675,1,0,22.84134864807129,6.5017304
2,1056,1.74,1.813376,1,1,22.84134864807129,3.0403445
2,2803,0.59,3.3261302,1,0,22.84134864807129,4.124179
2,2668,62.3,58.221245,1,1,22.84134864807129,32.956623
2,2002,2.9,5.510947,1,1,22.84134864807129,8.538717
2,130,0.65,1.6770245,1,1,22.84134864807129,5.809647
2,473,78.0,57.673546,0,1,22.84134864807129,121.73441
2,2430,30.9,81.55569,0,0,22.84134864807129,17.777588
2,1618,37.0,69.235504,0,0,22.84134864807129,57.503365
2,2808,11.3,15.403026,1,0,22.84134864807129,4.859536
2,216,22.0,25.969007,1,1,22.84134864807129,15.69895
2,2458,7.61,2.0221477,1,0,22.84134864807129,4.778338
2,2809,1.3825,2.6148932,1,1,22.84134864807129,8.886421
2,336,10.6,21.205612,1,1,22.84134864807129,74.1046
2,2072,24.0,61.907024,0,0,22.84134864807129,61.51076
2,733,5.08,4.113009,1,1,22.84134864807129,3.552769
2,2811,1.545,3.0425522,1,1,22.84134864807129,5.109407
2,649,84.7,87.87783,1,1,22.84134864807129,26.10699
2,1559,3.2,13.68137,1,0,22.84134864807129,8.966907
2,1685,0.14,2.4170945,1,0,22.84134864807129,2.6530778
2,1494,12.2,13.535921,1,1,22.84134864807129,5.9107366
2,1677,4.9,5.054294,1,1,22.84134864807129,12.437462
2,581,5.89,5.0963845,1,1,22.84134864807129,2.6854117
2,2814,50.5,41.608845,1,1,22.84134864807129,42.044437
2,431,3.16,5.649479,1,1,22.84134864807129,5.0882525
2,6,36.4,19.402237,0,1,22.84134864807129,41.16497
2,6,29.5,26.82461,1,1,22.84134864807129,16.88696
2,2156,5.74,4.668138,1,1,22.84134864807129,8.63129
2,2392,10.0,9.056074,1,1,22.84134864807129,12.452743
2,2320,2.01,3.6391532,1,1,22.84134864807129,5.9801207
2,122,7.0,5.025021,1,1,22.84134864807129,9.677027
2,1400,10.74,7.695852,1,1,22.84134864807129,12.247348
2,504,18.7,17.172379,1,1,22.84134864807129,6.321146
2,2454,41.5,32.760708,1,0,22.84134864807129,16.205893
2,503,6.5,11.539088,1,0,22.84134864807129,4.252387
2,2821,23.6,22.93648,1,1,22.84134864807129,11.562115
2,475,1.933333333,3.5336988,1,1,22.84134864807129,4.99861
2,1346,31.0,51.208904,0,1,22.84134864807129,67.08989
2,753,21.0,65.30873,0,0,22.84134864807129,39.04698
2,119,25.2,16.035906,1,1,22.84134864807129,44.895428
2,2822,4.0,3.0702612,1,1,22.84134864807129,4.3000903
2,129,65.0,72.40671,1,1,22.84134864807129,32.69727
2,643,3.31,3.7752302,1,1,22.84134864807129,7.522396
2,501,16.25,19.357542,1,1,22.84134864807129,17.821184
2,2828,1.2,6.810274,1,1,22.84134864807129,25.852018
2,216,13.0,18.816132,1,1,22.84134864807129,15.24435
2,204,22.0,15.655607,1,1,22.84134864807129,14.607807
2,23,17.7,16.018353,1,1,22.84134864807129,5.2372704
2,1235,65.0,66.53084,1,1,22.84134864807129,60.97668
2,660,2.8,3.9137998,1,1,22.84134864807129,7.265349
2,130,0.55,1.7126485,1,1,22.84134864807129,9.249313
2,364,6.29,3.2621286,1,0,22.84134864807129,5.1213474
2,286,65.4,64.671555,1,1,22.84134864807129,50.061417
2,286,82.0,77.116,1,1,22.84134864807129,38.220158
2,2832,6.46,6.1061373,1,1,22.84134864807129,6.2767835
2,216,34.3,19.267914,0,0,22.84134864807129,16.907412
2,2430,48.5,81.15275,0,0,22.84134864807129,19.331202
2,1123,4.18,3.709334,1,1,22.84134864807129,4.066006
2,1756,45.9,48.022873,1,1,22.84134864807129,33.059116
2,93,4.875,4.0962296,1,1,22.84134864807129,6.6243434
2,356,10.2,6.2567997,1,0,22.84134864807129,7.4055357
2,1677,5.19,5.272476,1,1,22.84134864807129,12.533508
2,259,14.0,9.461456,1,1,22.84134864807129,15.039165
2,273,20.2,29.673414,1,1,22.84134864807129,24.5478
2,354,4.68,4.6034017,1,1,22.84134864807129,7.0510073
2,671,2.1792,5.122406,1,1,22.84134864807129,8.742885
2,2837,23.0,18.993282,1,1,22.84134864807129,34.97907
2,79,11.0,9.961316,1,1,22.84134864807129,7.8022747
2,2464,19.0,79.72644,0,0,22.84134864807129,37.813515
2,2374,10.2,5.692874,1,1,22.84134864807129,14.936153
2,1624,87.8,81.95807,1,1,22.84134864807129,22.845646
2,1775,88.0,61.897625,0,1,22.84134864807129,78.788536
2,955,0.18,1.1634991,1,1,22.84134864807129,3.1901894
2,1415,11.5,12.538536,1,1,22.84134864807129,6.349617
2,143,1.56,1.9862615,1,1,22.84134864807129,4.3286653
2,199,9.7,10.525294,1,1,22.84134864807129,10.87599
2,218,10.5,11.006153,1,1,22.84134864807129,6.064982
2,2844,14.0,18.526915,1,1,22.84134864807129,37.59449
2,1876,1.075,4.082239,1,1,22.84134864807129,9.145173
2,1556,15.2,26.855007,0,1,22.84134864807129,29.241295
2,2846,4.2,6.892993,1,1,22.84134864807129,8.910795
2,241,13.496,11.6375,1,1,22.84134864807129,6.373156
2,473,85.0,60.642082,0,1,22.84134864807129,78.28618
2,655,16.1,18.421478,1,1,22.84134864807129,31.475464
2,2847,11.6,20.398233,1,1,22.84134864807129,17.705732
2,581,6.15,6.024025,1,1,22.84134864807129,3.1751466
2,112,1.36,1.5812652,1,1,22.84134864807129,5.708745
2,972,2.45,2.0987792,1,1,22.84134864807129,3.1503406
2,473,34.0,63.66581,0,1,22.84134864807129,110.11428
2,2458,9.6,1.7918643,1,0,22.84134864807129,5.4900546
2,1077,9.8,12.655458,1,1,22.84134864807129,27.679472
2,1457,2.79,4.2747307,1,1,22.84134864807129,7.125695
2,2849,1.1,2.8964767,1,1,22.84134864807129,8.308261
2,6,31.8,14.215167,0,1,22.84134864807129,44.055477
2,781,98.0,77.97025,0,0,22.84134864807129,33.153553
2,54,4.76,4.518729,1,1,22.84134864807129,2.9935048
2,199,9.9,10.092139,1,1,22.84134864807129,9.394072
2,216,27.0,23.3633,1,1,22.84134864807129,16.918728
2,286,27.1,40.150543,0,1,22.84134864807129,50.325138
2,246,9.45,13.199605,1,1,22.84134864807129,116.59668
2,1025,8.87,15.646623,1,0,22.84134864807129,6.483652
2,476,81.0,51.571735,0,0,22.84134864807129,56.9416
2,1626,88.6,86.70606,1,1,22.84134864807129,18.744108
2,23,15.0,14.442308,1,1,22.84134864807129,8.45397
2,27,3.215,3.3079689,1,1,22.84134864807129,4.6138396
2,1344,3.46,3.586152,1,1,22.84134864807129,4.385887
2,984,2.42,2.6853366,1,1,22.84134864807129,5.741054
2,267,2.85,2.0480897,1,1,22.84134864807129,2.5173848
2,1834,28.0,22.7823,1,1,22.84134864807129,24.589224
2,2212,74.1,83.05607,1,0,22.84134864807129,13.004507
2,418,6.57,4.0752726,1,1,22.84134864807129,52.643948
2,2854,0.37,1.970325,1,1,22.84134864807129,6.150373
2,1637,38.5,37.20612,1,1,22.84134864807129,9.018524
2,1669,37.75,29.877954,1,1,22.84134864807129,16.072418
2,1041,15.32,12.041821,1,1,22.84134864807129,8.978353
2,216,29.7,23.3633,1,1,22.84134864807129,16.918728
2,755,22.2,21.735071,1,1,22.84134864807129,16.687626
2,54,4.47,4.664691,1,1,22.84134864807129,3.013387
2,2858,1.9,3.0782862,1,1,22.84134864807129,6.344427
2,1892,32.0,35.87556,1,1,22.84134864807129,22.646517
2,323,38.0,36.616577,1,1,22.84134864807129,10.489923
2,82,2.02,4.4449778,1,1,22.84134864807129,4.8575916
2,515,74.0,93.204025,0,1,22.84134864807129,45.58014
2,502,6.0,2.6434424,1,1,22.84134864807129,9.920594
2,2859,2.67,3.109528,1,1,22.84134864807129,3.4273276
2,152,78.0,75.37714,1,1,22.84134864807129,28.279757
2,956,15.0,53.22666,0,0,22.84134864807129,53.112316
2,621,76.3,73.606636,1,1,22.84134864807129,52.49605
2,2860,1.04,1.2738106,1,1,22.84134864807129,7.1883273
2,642,81.5,76.32118,1,1,22.84134864807129,18.644236
2,2271,33.0,30.162613,1,1,22.84134864807129,24.75727
2,1919,7.5,2.4867547,1,0,22.84134864807129,2.9407651
2,1028,32.0,28.13579,1,1,22.84134864807129,17.677454
2,594,8.6,8.056262,1,1,22.84134864807129,9.37042
2,2863,1.2,1.6411092,1,1,22.84134864807129,3.8163962
2,2174,1.25,3.2633915,1,1,22.84134864807129,5.699674
2,595,1.73,3.6778398,1,0,22.84134864807129,3.444906
2,267,2.78,1.8048549,1,1,22.84134864807129,2.5173848
2,216,36.0,31.089067,1,1,22.84134864807129,13.680291
2,504,19.0,17.264444,1,1,22.84134864807129,6.61009
2,152,82.0,77.937935,1,1,22.84134864807129,20.94727
2,1677,5.2,5.3667254,1,1,22.84134864807129,14.789295
2,1859,6.7,2.8565397,1,0,22.84134864807129,2.750459
2,2864,41.0,47.86568,1,1,22.84134864807129,62.366165
2,456,6.5,10.403213,1,1,22.84134864807129,8.253885
2,98,12.0,5.59661,1,0,22.84134864807129,8.763447
2,2865,10.8,7.98475,1,1,22.84134864807129,7.0473094
2,2867,3.61,3.8532767,1,1,22.84134864807129,3.9698668
2,79,12.9,11.374561,1,1,22.84134864807129,5.422493
2,327,31.0,37.174408,1,1,22.84134864807129,48.3271
2,2870,20.0,24.354239,1,1,22.84134864807129,33.177055
2,1933,2.53,2.3993323,1,1,22.84134864807129,2.9409564
2,2872,1.0,3.142382,1,1,22.84134864807129,4.958721
2,564,6.3,6.0937386,1,1,22.84134864807129,5.5210924
2,649,77.3,77.70734,1,1,22.84134864807129,47.845566
2,142,11.6,8.5655155,1,0,22.84134864807129,6.0473228
2,2873,0.69,2.8680246,1,1,22.84134864807129,10.3875885
2,1267,18.5,17.092176,1,1,22.84134864807129,6.3813257
2,699,1.13,1.2206846,1,1,22.84134864807129,3.0579534
2,1488,0.715,2.2143488,1,1,22.84134864807129,3.5556283
2,1260,12.15,12.326262,1,1,22.84134864807129,7.170216
2,216,40.0,20.138645,0,0,22.84134864807129,22.733538
2,2764,11.0,33.22367,0,1,22.84134864807129,127.83898
2,2867,3.67,3.3299158,1,1,22.84134864807129,3.46391
2,1780,2.38,2.711765,1,1,22.84134864807129,5.492747
2,216,25.0,19.970106,1,1,22.84134864807129,35.691086
2,2334,13.2,10.717633,1,1,22.84134864807129,7.393095
2,286,52.2,58.901352,1,1,22.84134864807129,42.426968
2,63,15.35,16.228275,1,1,22.84134864807129,52.525604
2,269,12.0,25.23644,0,0,22.84134864807129,25.705465
2,286,78.35,79.54356,1,1,22.84134864807129,20.151785
2,601,0.058,1.0022278,1,1,22.84134864807129,2.972277
2,216,23.0,22.181494,1,1,22.84134864807129,11.17776
2,286,29.2,53.13995,0,0,22.84134864807129,41.9247
2,312,4.8,4.7261524,1,1,22.84134864807129,7.7947636
2,401,5.352857143,4.5289397,1,1,22.84134864807129,5.200805
2,329,3.888,3.5376372,1,1,22.84134864807129,3.283853
2,2880,82.0,86.85871,1,1,22.84134864807129,31.36914
2,6,18.6,21.895443,1,1,22.84134864807129,25.582989
2,2780,7.5,5.2702208,1,1,22.84134864807129,15.987229
2,1424,25.0,43.781677,0,1,22.84134864807129,98.454315
2,2084,80.0,69.29867,1,0,22.84134864807129,11.078662
2,2883,3.5,4.891585,1,1,22.84134864807129,5.453157
2,1864,0.153,2.5021455,1,0,22.84134864807129,4.2817655
2,171,17.7,14.784943,1,1,22.84134864807129,24.963112
2,2685,37.0,24.839437,0,1,22.84134864807129,26.227774
2,2885,1.68,3.170439,1,1,22.84134864807129,9.431902
2,1167,5.44,3.1274784,1,1,22.84134864807129,11.507906
2,1847,5.977142857,5.4178376,1,1,22.84134864807129,8.027945
2,62,19.8,13.694666,1,0,22.84134864807129,7.1406317
2,1277,26.1,27.996208,1,1,22.84134864807129,12.982335
2,993,4.54,7.8375964,1,1,22.84134864807129,7.529776
2,171,17.1,22.241516,1,1,22.84134864807129,13.463348
2,594,10.6,11.152472,1,1,22.84134864807129,7.648649
2,152,75.6,75.05413,1,1,22.84134864807129,65.87281
2,810,30.0,26.967802,1,1,22.84134864807129,20.668716
2,581,6.463333333,5.9118237,1,1,22.84134864807129,2.5914712
2,1843,0.57,0.59131634,1,1,22.84134864807129,3.5319257
2,1859,6.0,2.6761026,1,0,22.84134864807129,2.5338523
2,603,70.0,65.39389,1,1,22.84134864807129,46.53112
2,216,16.5,17.873503,1,1,22.84134864807129,29.834126
2,1685,0.37,0.34789795,1,1,22.84134864807129,2.035831
2,290,80.0,71.04678,1,1,22.84134864807129,38.026093
2,515,40.0,89.84879,0,0,22.84134864807129,38.812943
2,290,66.0,65.10384,1,1,22.84134864807129,53.573948
2,1475,34.8,46.73265,0,1,22.84134864807129,32.636337
2,2895,0.68,3.8367374,1,1,22.84134864807129,9.698609
2,1077,13.9,17.520107,1,1,22.84134864807129,12.507382
2,1116,2.7,1.9023284,1,1,22.84134864807129,4.6949344
2,148,1.5,3.4003704,1,0,22.84134864807129,3.3235567
2,681,4.33,2.6838145,1,0,22.84134864807129,2.322865
2,1699,3.1,2.7721956,1,1,22.84134864807129,5.938576
2,463,28.7,25.395916,1,1,22.84134864807129,15.546465
2,204,37.0,30.030975,1,1,22.84134864807129,15.228273
2,216,6.5,10.64637,1,1,22.84134864807129,40.6679
2,733,6.75,3.543131,1,0,22.84134864807129,3.361391
2,1871,10.2,9.731393,1,1,22.84134864807129,6.602668
2,1427,2.9,5.0394387,1,1,22.84134864807129,27.92623
2,286,4.0,41.153824,0,0,22.84134864807129,49.580265
2,1504,60.0,40.692184,0,1,22.84134864807129,115.52002
2,317,59.0,63.569794,1,1,22.84134864807129,28.597971
2,1260,8.58,9.876755,1,1,22.84134864807129,6.971507
2,1223,27.8,42.428753,0,0,22.84134864807129,28.871298
2,586,66.5,77.39698,1,1,22.84134864807129,50.684788
2,216,36.0,27.447958,1,0,22.84134864807129,9.258158
2,603,41.0,38.345238,1,1,22.84134864807129,63.661835
2,273,23.0,29.773766,1,1,22.84134864807129,24.388147
2,137,6.0,25.564068,0,0,22.84134864807129,17.737553
2,1399,14.75,11.8057575,1,1,22.84134864807129,12.5591755
2,76,6.4,7.921202,1,1,22.84134864807129,5.686403
2,2783,0.62,1.4447361,1,1,22.84134864807129,3.8129332
2,286,65.8,59.450882,1,1,22.84134864807129,55.263924
2,603,58.0,45.680084,0,1,22.84134864807129,48.98871
2,1398,30.0,28.362238,1,1,22.84134864807129,83.2889
2,781,75.0,66.24261,1,1,22.84134864807129,24.701473
2,1799,0.5,5.0862837,1,0,22.84134864807129,6.192501
2,286,33.0,52.60289,0,0,22.84134864807129,38.4784
2,260,4.52,12.257518,1,1,22.84134864807129,33.23378
2,1618,74.5,75.14951,1,1,22.84134864807129,54.05036
2,62,12.6,7.8159575,1,1,22.84134864807129,14.1507845
2,2901,2.116666667,2.9603465,1,1,22.84134864807129,7.4350667
2,204,29.6,20.025618,1,0,22.84134864807129,12.736925
2,1517,3.2,2.8675146,1,1,22.84134864807129,6.404379
2,1754,34.0,17.057127,0,0,22.84134864807129,18.252867
2,60,38.8,28.151367,1,1,22.84134864807129,21.718193
2,1477,73.1,71.74473,1,1,22.84134864807129,47.990078
2,1298,60.5,57.88349,1,1,22.84134864807129,73.03174
2,784,4.92,6.451329,1,1,22.84134864807129,6.2612453
2,2685,37.0,19.329126,0,0,22.84134864807129,25.522675
2,1459,11.5,12.854993,1,1,22.84134864807129,11.633784
2,1314,22.0,21.895212,1,1,22.84134864807129,46.408195
2,2032,8.984,9.2323475,1,1,22.84134864807129,5.278953
2,2902,2.08,15.414104,0,1,22.84134864807129,30.41976
2,63,10.1,16.228275,1,1,22.84134864807129,52.525604
2,2904,2.9,3.1142395,1,1,22.84134864807129,8.910769
2,2906,15.4,15.726134,1,1,22.84134864807129,10.765576
2,739,55.0,71.85311,0,1,22.84134864807129,52.29978
2,148,9.3,8.028535,1,1,22.84134864807129,3.550265
2,356,7.85,5.002504,1,0,22.84134864807129,3.9940064
2,504,18.55,17.20811,1,1,22.84134864807129,5.8771415
2,639,87.0,64.92725,0,1,22.84134864807129,46.9226
2,2908,1.34,6.7999787,1,0,22.84134864807129,6.7111883
2,216,40.0,16.409517,0,0,22.84134864807129,25.412447
2,1764,4.0,5.4038,1,1,22.84134864807129,7.499799
2,581,1.4,3.6938767,1,0,22.84134864807129,3.4959137
2,920,0.50525,0.5480868,1,1,22.84134864807129,2.1803374
2,356,11.63333333,7.184199,1,0,22.84134864807129,7.4496837
2,684,96.0,120.12349,0,0,22.84134864807129,39.493996
2,456,10.6,10.687036,1,1,22.84134864807129,8.908522
2,897,0.047,0.98162913,1,1,22.84134864807129,4.4743176
2,743,10.5,8.558663,1,1,22.84134864807129,12.100455
2,375,95.0,100.571686,1,1,22.84134864807129,44.21864
2,1097,4.38,3.158691,1,1,22.84134864807129,4.4690027
2,336,35.0,47.05251,0,1,22.84134864807129,50.361427
2,1267,15.4,12.069283,1,1,22.84134864807129,7.9248204
2,1477,70.9,59.134285,0,1,22.84134864807129,59.65989
2,755,15.9,20.951492,1,1,22.84134864807129,19.40571
2,236,90.83333333,87.023796,1,1,22.84134864807129,25.483784
2,1205,6.92,0.37708944,1,0,22.84134864807129,1.9212832
2,2271,31.0,29.627542,1,1,22.84134864807129,27.837181
2,204,28.0,22.900349,1,1,22.84134864807129,15.989833
2,354,6.42,5.074222,1,1,22.84134864807129,5.6059704
2,2715,7.04,7.019089,1,1,22.84134864807129,6.8473215
2,286,72.35,73.60591,1,1,22.84134864807129,37.11098
2,1677,5.32,3.7718427,1,1,22.84134864807129,8.438157
2,327,26.5,37.185375,1,1,22.84134864807129,48.16444
2,204,17.0,15.735332,1,1,22.84134864807129,15.570787
2,1886,1.102857143,5.683679,1,1,22.84134864807129,22.646812
2,1641,3.94,6.2403617,1,1,22.84134864807129,7.021216
2,671,1.2,6.14833,1,1,22.84134864807129,11.832475
2,1475,44.4,47.385197,1,1,22.84134864807129,33.122536
2,1485,4.22,3.7788646,1,1,22.84134864807129,4.3356705
2,338,45.8,20.759819,0,0,22.84134864807129,28.354555
2,2917,2.4,4.230969,1,1,22.84134864807129,6.9799113
2,2832,7.53,7.5837865,1,1,22.84134864807129,6.1445093
2,54,6.84,7.3744087,1,1,22.84134864807129,4.973452
2,269,19.8,25.451365,1,1,22.84134864807129,25.717731
2,290,82.0,63.67794,0,1,22.84134864807129,51.06544
2,2157,21.0,39.974327,0,1,22.84134864807129,56.876247
2,964,9.52,8.491959,1,1,22.84134864807129,4.0671988
2,2675,2.7,3.9570825,1,1,22.84134864807129,6.5971737
2,586,104.4,99.011246,1,1,22.84134864807129,50.743446
2,129,3.5,42.00775,0,0,22.84134864807129,47.401745
2,1764,2.8,6.248009,1,1,22.84134864807129,12.781232
2,2922,3.5,3.1315813,1,1,22.84134864807129,2.826066
2,2923,5.1,7.830548,1,1,22.84134864807129,8.249897
2,1777,3.1,4.444993,1,1,22.84134864807129,11.183897
2,1764,2.28,6.3286486,1,1,22.84134864807129,13.829441
2,62,20.0,15.1924715,1,0,22.84134864807129,6.6872306
2,194,10.3,7.916307,1,1,22.84134864807129,5.850577
2,2928,0.24,1.7530547,1,1,22.84134864807129,3.9546432
2,1475,43.8,47.68722,1,1,22.84134864807129,32.307945
2,62,7.3,11.8343935,1,0,22.84134864807129,7.728542
2,2930,0.06,-0.05262216,1,1,22.84134864807129,5.6833415
2,1575,8.2,5.5870366,1,0,22.84134864807129,4.546905
2,2931,16.35,12.903674,1,1,22.84134864807129,11.309934
2,286,57.6,71.4563,0,1,22.84134864807129,31.349697
2,2458,8.77,2.3210526,1,0,22.84134864807129,5.480951
2,2415,0.755,2.1079965,1,1,22.84134864807129,5.746728
2,2932,24.0,18.772131,1,1,22.84134864807129,18.168386
2,2933,0.175,3.6370997,1,0,22.84134864807129,4.422266
2,286,91.5,82.04722,1,0,22.84134864807129,9.626534
2,1161,12.9,7.7620153,1,0,22.84134864807129,8.63393
2,699,0.51,0.77239203,1,1,22.84134864807129,2.9541442
2,829,2.575,2.8831913,1,1,22.84134864807129,3.8068883
2,338,48.0,29.264898,0,1,22.84134864807129,39.787594
2,286,75.0,73.84974,1,1,22.84134864807129,39.7689
2,79,13.6,10.248811,1,0,22.84134864807129,5.2351136
2,956,41.0,35.95612,1,1,22.84134864807129,69.94053
2,1260,6.1,9.571495,1,0,22.84134864807129,6.146822
2,2425,2.0,4.082141,1,1,22.84134864807129,9.929318
2,1344,1.4,3.2674406,1,1,22.84134864807129,4.2497053
2,1235,51.0,48.942646,1,1,22.84134864807129,36.511486
2,499,14.7,7.620104,1,0,22.84134864807129,4.525813
2,463,32.16666667,25.268848,1,1,22.84134864807129,18.699594
2,199,14.0,16.156355,1,1,22.84134864807129,7.046083
2,643,1.73,2.769444,1,1,22.84134864807129,13.53845
2,499,12.0,7.394275,1,0,22.84134864807129,4.3156133
2,1787,1.52,1.4237385,1,1,22.84134864807129,1.64682
2,157,0.117,0.6982152,1,1,22.84134864807129,4.4504886
2,866,93.45,84.00438,1,1,22.84134864807129,37.899483
2,1946,47.0,23.765972,0,1,22.84134864807129,49.207897
2,663,6.0,1.1632497,1,0,22.84134864807129,5.6729937
2,2657,5.2,6.377226,1,1,22.84134864807129,11.604347
2,290,79.0,78.22231,1,1,22.84134864807129,24.167107
2,601,0.0195,0.9515807,1,1,22.84134864807129,2.9372623
2,336,26.5,33.013428,1,1,22.84134864807129,40.40578
2,2685,37.0,29.646763,1,1,22.84134864807129,18.739634
2,227,1.85,2.3527162,1,1,22.84134864807129,3.4691918
2,473,61.0,57.443336,1,1,22.84134864807129,110.94798
2,216,28.414,23.607485,1,1,22.84134864807129,14.890446
2,2332,45.0,71.04968,0,0,22.84134864807129,39.505962
2,684,127.0,115.64519,1,1,22.84134864807129,47.244385
2,79,13.36666667,12.025283,1,1,22.84134864807129,6.3201375
2,1924,6.415,1.9062153,1,0,22.84134864807129,5.1602015
2,286,25.2,47.47391,0,1,22.84134864807129,60.67177
2,683,3.0,3.6701906,1,1,22.84134864807129,3.7213295
2,1118,8.0,19.50185,0,0,22.84134864807129,8.890883
2,639,52.75,62.29608,1,1,22.84134864807129,50.021095
2,216,9.5875,18.900911,1,0,22.84134864807129,18.37608
2,2943,2.5,3.0035927,1,1,22.84134864807129,29.754787
2,1161,12.8,7.7700443,1,0,22.84134864807129,7.199111
2,236,87.2,85.29588,1,1,22.84134864807129,26.291412
2,557,21.0,25.822058,1,1,22.84134864807129,23.208189
2,2945,7.0,3.5738435,1,1,22.84134864807129,18.214561
2,2946,3.74,6.078654,1,1,22.84134864807129,6.276895
2,1735,3.02,2.72268,1,1,22.84134864807129,5.4818616
2,601,0.022,0.9515807,1,1,22.84134864807129,2.9372623
2,504,19.1,16.77249,1,1,22.84134864807129,6.2040453
2,1097,1.26,1.9210758,1,1,22.84134864807129,4.021679
2,2821,22.7,22.948551,1,1,22.84134864807129,17.188133
2,956,40.0,48.388638,1,1,22.84134864807129,25.321077
2,54,5.31,5.1946616,1,1,22.84134864807129,3.8852594
2,1782,4.89,3.4373164,1,1,22.84134864807129,4.693354
2,199,10.4,11.7070675,1,1,22.84134864807129,7.1635184
2,142,5.08,7.3164077,1,1,22.84134864807129,6.603978
2,215,3.935,4.3256135,1,1,22.84134864807129,5.5781574
2,2081,91.0,89.46771,1,1,22.84134864807129,22.60976
2,286,65.6,74.49759,1,1,22.84134864807129,33.34907
2,2671,50.0,61.58983,0,0,22.84134864807129,19.500456
2,2958,9.9,9.902457,1,1,22.84134864807129,6.8648973
2,140,4.2,3.672263,1,1,22.84134864807129,5.1271176
2,2533,13.0,24.543652,0,1,22.84134864807129,50.50898
2,762,4.71,5.242202,1,1,22.84134864807129,6.4574623
2,2961,17.6,15.403404,1,1,22.84134864807129,47.577793
2,23,9.8,12.516307,1,1,22.84134864807129,10.42
2,1955,2.9,1.8703517,1,1,22.84134864807129,5.1189675
2,2219,2.1,2.3357294,1,1,22.84134864807129,1.5909348
2,2964,28.0,27.81975,1,1,22.84134864807129,12.705369
2,269,16.9,27.455656,1,1,22.84134864807129,33.010296
2,2484,26.0,20.031397,1,1,22.84134864807129,64.20056
2,683,3.4,3.6335275,1,1,22.84134864807129,3.9787834
2,2966,80.4,65.5685,0,0,22.84134864807129,13.345244
2,148,7.8,5.7993245,1,0,22.84134864807129,3.0436792
2,290,87.0,79.54312,1,0,22.84134864807129,6.771388
2,2023,66.0,63.39205,1,1,22.84134864807129,30.224566
2,2971,1.525,7.2308984,1,1,22.84134864807129,12.78539
2,269,29.0,28.38145,1,1,22.84134864807129,27.735352
2,54,5.15,4.8820653,1,1,22.84134864807129,3.513252
2,240,14.0,21.149485,1,0,22.84134864807129,11.611154
2,143,1.72,2.2303264,1,1,22.84134864807129,3.7811127
2,103,4.12,3.644262,1,1,22.84134864807129,4.35783
2,2972,16.0,26.217274,1,0,22.84134864807129,17.586954
2,79,14.0,11.850203,1,1,22.84134864807129,6.141511
2,1944,10.0,8.806543,1,1,22.84134864807129,3.5818274
2,2973,70.0,58.90984,1,1,22.84134864807129,84.355736
2,2974,88.0,78.49003,1,1,22.84134864807129,64.83648
2,1288,10.0,32.66356,0,1,22.84134864807129,66.228485
2,130,0.344,1.7982539,1,1,22.84134864807129,9.272585
2,286,71.6,66.50001,1,1,22.84134864807129,46.837833
2,699,1.14,1.2953308,1,1,22.84134864807129,3.0579534
2,1477,86.0,76.36125,1,1,22.84134864807129,43.997776
2,2975,2.2,6.439391,1,0,22.84134864807129,5.8091908
2,798,12.4,14.032317,1,1,22.84134864807129,5.791799
2,581,6.09,6.024025,1,1,22.84134864807129,3.1751466
2,2976,90.0,46.03196,0,0,22.84134864807129,58.14429
2,286,9.0,39.01674,0,0,22.84134864807129,52.375946
2,54,4.65,4.5879345,1,1,22.84134864807129,6.316155
2,79,11.6,10.967348,1,1,22.84134864807129,5.2264066
2,904,92.8,53.76886,0,0,22.84134864807129,54.9702
2,338,43.0,29.11051,0,1,22.84134864807129,32.067505
2,202,2.94,3.4342058,1,1,22.84134864807129,9.971738
2,1857,0.85,0.42065352,1,1,22.84134864807129,4.261942
2,2174,1.53,3.0815344,1,1,22.84134864807129,5.139566
2,611,32.0,25.30929,1,1,22.84134864807129,49.82698
2,584,36.0,88.83881,0,0,22.84134864807129,50.282135
2,1261,2.8,1.6374458,1,1,22.84134864807129,6.828642
2,2977,1.3,2.7458196,1,1,22.84134864807129,3.389083
2,199,14.0,14.299886,1,1,22.84134864807129,8.053817
2,130,0.539,1.7300273,1,1,22.84134864807129,8.83497
2,833,0.49,1.4335308,1,1,22.84134864807129,5.34497
2,290,84.0,79.77741,1,1,22.84134864807129,21.554302
2,227,1.61,1.833954,1,1,22.84134864807129,3.2062182
2,1436,8.86,7.0210443,1,1,22.84134864807129,6.1564107
2,1833,10.5,5.762101,1,0,22.84134864807129,8.276669
2,2978,10.9,4.590847,1,0,22.84134864807129,5.3730335
2,269,15.0,19.27945,1,1,22.84134864807129,22.90571
2,79,12.97125,10.757378,1,1,22.84134864807129,5.8012886
2,286,83.0,79.576836,1,1,22.84134864807129,22.738686
2,2683,1.25,1.711675,1,1,22.84134864807129,4.156825
2,2982,3.15,3.5548613,1,1,22.84134864807129,7.516217
2,477,7.7,7.2933984,1,1,22.84134864807129,4.456471
2,798,14.1,15.147155,1,1,22.84134864807129,6.5938034
2,286,62.9,60.867382,1,1,22.84134864807129,51.53024
2,2986,0.676666667,1.8389492,1,1,22.84134864807129,2.8392153
2,2931,16.8,7.25362,1,0,22.84134864807129,7.409145
2,62,20.0,16.822548,1,0,22.84134864807129,5.750637
2,199,16.12,16.617426,1,1,22.84134864807129,6.9819994
2,2334,13.2,10.717633,1,1,22.84134864807129,7.393095
2,2988,24.0,23.308115,1,1,22.84134864807129,7.955092
2,273,19.8,30.262476,1,1,22.84134864807129,40.2495
2,2989,1.24,0.7257951,1,1,22.84134864807129,5.633495
2,2131,1.19,3.3721883,1,0,22.84134864807129,3.772362
2,2991,0.67,1.8417549,1,1,22.84134864807129,5.197919
2,1352,2.64,2.3964894,1,1,22.84134864807129,3.2497103
2,2964,22.0,22.990875,1,1,22.84134864807129,26.392906
2,2808,11.3,15.403026,1,0,22.84134864807129,4.859536
2,62,11.7,12.539171,1,1,22.84134864807129,6.994455
2,79,11.9,9.848495,1,1,22.84134864807129,4.768033
2,1946,27.6,16.35766,1,1,22.84134864807129,47.593273
2,62,19.0,17.37475,1,1,22.84134864807129,5.5349197
2,1277,13.3,19.81269,1,1,22.84134864807129,15.166837
2,1352,2.62,2.3618653,1,1,22.84134864807129,5.279906
2,241,15.3,11.6375,1,0,22.84134864807129,6.373156
2,521,2.8,3.037167,1,1,22.84134864807129,4.757048
2,1782,6.07,4.195277,1,1,22.84134864807129,5.029792
2,886,6.0,5.138341,1,1,22.84134864807129,6.3182716
2,2525,12.0,8.847919,1,1,22.84134864807129,18.927027
2,317,81.0,66.20647,0,0,22.84134864807129,25.846436
2,2023,47.0,55.105995,1,1,22.84134864807129,51.006832
2,2533,11.8,24.202332,0,1,22.84134864807129,50.79358
2,928,17.6,17.521078,1,1,22.84134864807129,5.766986
2,2995,16.0,17.140757,1,1,22.84134864807129,5.4323926
2,1160,3.88875,3.1611874,1,1,22.84134864807129,3.1769347
2,79,11.0,11.330135,1,1,22.84134864807129,5.6434093
2,286,91.5,79.703865,0,0,22.84134864807129,18.780394
2,1277,27.9,25.676226,1,1,22.84134864807129,12.282326
2,576,7.29,6.231175,1,1,22.84134864807129,5.019814
2,587,34.85,38.715557,1,1,22.84134864807129,78.58986
2,2999,2.75,12.032607,1,1,22.84134864807129,39.686527
2,928,17.4,17.521078,1,1,22.84134864807129,6.2177043
2,621,63.7,55.31957,1,1,22.84134864807129,45.61551
2,2187,1.075,2.755657,1,1,22.84134864807129,6.5897927
2,1118,15.3,19.093956,1,1,22.84134864807129,9.945595
2,356,6.1,3.2033932,1,0,22.84134864807129,4.756132
2,199,15.7,14.299886,1,1,22.84134864807129,8.053817
2,646,4.8,3.1117435,1,1,22.84134864807129,11.944779
2,341,1.86,1.8435664,1,1,22.84134864807129,2.5186217
2,587,94.5,47.34964,0,0,22.84134864807129,49.613075
2,354,6.14,5.5813284,1,1,22.84134864807129,6.2320895
2,148,9.41,7.81178,1,0,22.84134864807129,2.7511225
2,236,50.0,56.466705,1,1,22.84134864807129,157.13737
2,1559,5.4,15.109108,1,0,22.84134864807129,8.137087
2,755,17.8,20.69871,1,1,22.84134864807129,15.604289
2,152,80.2,75.44394,1,1,22.84134864807129,60.053192
2,152,89.0,81.371216,1,1,22.84134864807129,20.124763
2,904,93.2,48.71677,0,0,22.84134864807129,50.98114
2,477,7.5,7.506713,1,1,22.84134864807129,4.388033
2,356,6.245,6.63211,1,1,22.84134864807129,5.788385
2,157,0.025,1.1968639,1,1,22.84134864807129,4.923089
2,826,4.85,3.32151,1,1,22.84134864807129,3.7196832
2,1260,14.0,12.55784,1,1,22.84134864807129,6.948771
2,758,32.0,23.733274,1,0,22.84134864807129,12.886985
2,2156,5.71,5.3232565,1,1,22.84134864807129,24.969006
2,3005,0.94,3.206427,1,1,22.84134864807129,6.283623
2,1847,3.1,4.6350207,1,1,22.84134864807129,10.150308
2,477,8.6,7.8443055,1,1,22.84134864807129,3.8332293
2,3006,6.7,6.025967,1,1,22.84134864807129,7.395017
2,6,8.9,8.688679,1,1,22.84134864807129,36.765
2,734,5.5,4.8159084,1,1,22.84134864807129,7.8118477
2,1640,13.65,12.230783,1,1,22.84134864807129,6.246585
2,208,3.644,4.086194,1,1,22.84134864807129,2.7801714
2,3010,1.9,5.700618,1,1,22.84134864807129,14.771009
2,1850,0.88,1.5590639,1,1,22.84134864807129,1.688029
2,739,76.0,67.642975,1,1,22.84134864807129,18.490269
2,2203,3.62,5.4559226,1,1,22.84134864807129,9.816087
2,504,18.25,17.431124,1,1,22.84134864807129,5.9919844
2,2995,16.09,17.29316,1,1,22.84134864807129,5.30292
2,3013,5.67,7.4809284,1,1,22.84134864807129,16.86258
2,1494,9.17,9.257244,1,1,22.84134864807129,7.4217815
2,3014,3.6,3.7862122,1,1,22.84134864807129,4.168701
2,1089,7.53,6.970174,1,1,22.84134864807129,4.968239
2,1610,2.33,2.2299426,1,1,22.84134864807129,4.3432274
2,171,16.8,17.283915,1,1,22.84134864807129,14.04742
2,321,91.5,88.266655,1,1,22.84134864807129,15.153004
2,3015,1.775,11.429981,1,0,22.84134864807129,9.366867
2,2867,3.2,2.8962636,1,1,22.84134864807129,4.5422707
2,551,31.7,26.294388,1,1,22.84134864807129,25.5907
2,1864,0.423,2.466113,1,1,22.84134864807129,4.188327
2,1699,1.85,3.7406535,1,1,22.84134864807129,6.6947284
2,79,10.03333333,10.358406,1,1,22.84134864807129,5.241163
2,2964,24.0,30.881992,1,0,22.84134864807129,8.768886
2,216,33.3,17.238657,0,0,22.84134864807129,18.36897
2,286,79.2,79.45407,1,1,22.84134864807129,27.043127
2,1834,6.98,15.742281,1,1,22.84134864807129,29.12214
2,3019,60.0,61.45684,1,1,22.84134864807129,38.895267
2,684,92.5,111.35807,0,0,22.84134864807129,37.47813
2,2859,3.08,5.3172026,1,1,22.84134864807129,4.8002963
2,2458,7.96,1.9249004,1,0,22.84134864807129,4.654661
2,2458,9.09,1.7990265,1,0,22.84134864807129,6.3950915
2,1056,1.48,1.7612593,1,1,22.84134864807129,3.3631892
2,216,42.4,46.09499,1,1,22.84134864807129,45.15417
2,130,0.66,1.5439674,1,1,22.84134864807129,5.809647
2,504,17.1,16.69678,1,1,22.84134864807129,6.2987356
2,1637,7.5,23.337788,0,0,22.84134864807129,14.15768
2,1864,0.288,2.56967,1,0,22.84134864807129,4.188327
2,2668,53.0,42.71891,1,1,22.84134864807129,71.916626
2,994,1.7,1.2222649,1,1,22.84134864807129,3.5191865
2,972,2.78,2.1100457,1,1,22.84134864807129,2.9188538
2,1843,3.2,1.3103316,1,0,22.84134864807129,1.943251
2,103,4.12,3.7034252,1,1,22.84134864807129,4.269462
2,2332,55.0,72.56748,0,1,22.84134864807129,44.117577
2,3023,9.39,6.2411175,1,1,22.84134864807129,9.652166
2,290,83.0,66.27701,0,1,22.84134864807129,52.02159
2,1097,2.08,1.7774222,1,1,22.84134864807129,4.259854
2,473,80.0,72.22419,1,1,22.84134864807129,28.319126
2,856,6.88,5.7404838,1,1,22.84134864807129,6.698734
2,1235,84.5,43.14798,0,0,22.84134864807129,62.95418
2,504,19.45,17.328207,1,1,22.84134864807129,6.321146
2,401,2.48,3.9657183,1,1,22.84134864807129,5.1425514
2,3006,6.2,6.0135503,1,1,22.84134864807129,7.395017
2,290,47.0,58.01488,1,1,22.84134864807129,57.615215
2,347,44.0,61.60166,0,0,22.84134864807129,34.52013
2,581,5.58,5.187809,1,1,22.84134864807129,2.7043233
2,2864,54.0,43.524284,1,1,22.84134864807129,51.445614
2,1797,10.0,3.547121,1,0,22.84134864807129,9.116384
2,3025,6.41,11.956126,1,0,22.84134864807129,6.3136315
2,961,38.8,78.507835,0,0,22.84134864807129,20.276432
2,130,0.5315,1.694635,1,1,22.84134864807129,9.249313
2,2307,4.71,16.933504,0,1,22.84134864807129,159.43558
2,2617,1.71,3.0434356,1,1,22.84134864807129,3.596791
2,655,15.6,25.544088,1,1,22.84134864807129,28.153616
2,786,33.2,35.595325,1,1,22.84134864807129,5.7603273
2,786,28.1,31.048157,1,1,22.84134864807129,18.58609
2,964,4.2,5.0192575,1,1,22.84134864807129,4.3636436
2,84,5.523,5.9547725,1,1,22.84134864807129,11.890345
2,240,19.0,33.053864,0,0,22.84134864807129,14.229361
2,54,4.94,7.108372,1,1,22.84134864807129,4.669633
2,929,5.8,11.746049,1,1,22.84134864807129,15.470162
2,3031,3.6835,4.055823,1,1,22.84134864807129,4.871756
2,808,0.6,2.6377656,1,1,22.84134864807129,14.60682
2,611,34.0,25.381552,1,1,22.84134864807129,50.734566
2,286,4.0,45.819542,0,0,22.84134864807129,64.98453
2,2320,3.88,3.6268604,1,1,22.84134864807129,4.432437
2,54,6.56,7.0356665,1,1,22.84134864807129,4.777256
2,1395,38.0,76.380844,0,0,22.84134864807129,48.360233
2,1955,2.9,1.8703517,1,1,22.84134864807129,5.1189675
2,204,36.0,30.211628,1,1,22.84134864807129,20.581682
2,79,10.7,8.788125,1,1,22.84134864807129,4.6818743
2,1590,3.2,3.0242815,1,1,22.84134864807129,6.24956
2,826,4.335,3.2942064,1,1,22.84134864807129,4.21986
2,286,47.5,50.4901,1,1,22.84134864807129,40.025135
2,336,30.6,21.762901,1,1,22.84134864807129,87.130554
2,1863,0.03,-0.31453145,1,1,22.84134864807129,3.0983467
2,267,3.4,2.1871433,1,1,22.84134864807129,2.465608
2,1847,2.75,4.3145213,1,1,22.84134864807129,8.915699
2,62,20.2,15.1924715,1,0,22.84134864807129,6.6872306
2,1754,46.6,30.937145,0,0,22.84134864807129,20.885983
2,529,2.74,1.7891791,1,1,22.84134864807129,5.9312673
2,1978,3.64,2.8898966,1,1,22.84134864807129,3.7836173
2,467,53.5,60.13334,1,1,22.84134864807129,33.703003
2,286,62.6,62.12451,1,1,22.84134864807129,51.99135
2,241,14.9,11.761666,1,1,22.84134864807129,6.546889
2,684,115.0,116.15668,1,1,22.84134864807129,66.812386
2,226,7.2,4.6814585,1,1,22.84134864807129,10.92367
2,3043,18.11,17.804909,1,1,22.84134864807129,3.5083642
2,504,19.1,18.375834,1,1,22.84134864807129,5.7866316
2,33,16.97,8.480068,1,0,22.84134864807129,14.860532
2,2458,8.39,2.2611709,1,0,22.84134864807129,7.075373
2,1394,36.8,33.60525,1,1,22.84134864807129,13.800904
2,2488,2.24,2.6484132,1,1,22.84134864807129,3.1971118
2,82,2.04,5.0477843,1,0,22.84134864807129,5.071562
2,227,1.89,2.2094758,1,1,22.84134864807129,3.2302885
2,194,4.4,4.920239,1,1,22.84134864807129,6.3742895
2,216,14.4,39.761024,0,1,22.84134864807129,160.26266
2,199,11.7,15.7440195,1,0,22.84134864807129,7.74603
2,603,51.0,42.288956,1,1,22.84134864807129,59.807083
2,1167,4.656666667,3.510518,1,1,22.84134864807129,9.04853
2,646,2.6,3.1122546,1,1,22.84134864807129,11.289076
2,476,78.49,60.521847,0,1,22.84134864807129,58.04801
2,1167,5.2,4.9903736,1,1,22.84134864807129,11.918522
2,3050,3.365,1.5367246,1,1,22.84134864807129,5.602559
2,691,0.525,7.724659,1,1,22.84134864807129,67.60381
2,216,40.0,18.964767,0,0,22.84134864807129,23.917204
2,473,87.0,84.23739,1,1,22.84134864807129,7.6490045
2,523,6.366666667,4.39733,1,1,22.84134864807129,6.665313
2,3052,16.4,30.18148,0,1,22.84134864807129,77.58234
2,1442,6.45,1.9984573,1,0,22.84134864807129,5.3270354
2,79,11.9,4.099191,1,0,22.84134864807129,4.778506
2,156,0.67,1.0271306,1,1,22.84134864807129,4.229561
2,856,8.0,5.6131196,1,1,22.84134864807129,6.122708
2,3053,0.6,2.2707832,1,1,22.84134864807129,7.170936
2,2533,8.0,25.11916,0,1,22.84134864807129,53.997723
2,1028,24.5,22.634798,1,1,22.84134864807129,25.691053
2,684,110.0,114.535965,1,1,22.84134864807129,46.550606
2,142,11.2,8.426867,1,1,22.84134864807129,5.9666467
2,3054,5.5,4.3672843,1,1,22.84134864807129,11.6932125
2,3055,3.49,3.3626647,1,1,22.84134864807129,4.240285
2,286,81.8,79.201035,1,1,22.84134864807129,30.563215
2,27,3.56,3.3424284,1,1,22.84134864807129,4.521268
2,1834,25.2,22.023535,1,1,22.84134864807129,22.697378
2,227,2.11,2.2721958,1,1,22.84134864807129,2.1024148
2,769,71.0,73.505135,1,1,22.84134864807129,47.12345
2,129,50.0,64.95947,0,1,22.84134864807129,35.581684
2,1476,8.1,6.537225,1,1,22.84134864807129,6.934772
2,1288,7.0,31.369036,0,1,22.84134864807129,99.86106
2,627,77.0,74.09683,1,1,22.84134864807129,58.696888
2,649,66.0,86.5756,0,0,22.84134864807129,19.672014
2,964,9.48,8.921164,1,1,22.84134864807129,5.335949
2,317,70.0,65.6373,1,1,22.84134864807129,29.293089
2,1242,98.5,51.129616,0,0,22.84134864807129,81.892296
2,476,76.91,47.56887,0,1,22.84134864807129,87.91415
2,27,3.65,3.3007843,1,1,22.84134864807129,4.5544343
2,1254,2.5,6.459707,1,0,22.84134864807129,6.020861
2,511,4.51,3.394195,1,1,22.84134864807129,7.5586042
2,204,25.0,17.668518,1,0,22.84134864807129,14.436982
2,1568,10.6,23.868544,0,0,22.84134864807129,11.631532
2,62,17.88,14.3974085,1,0,22.84134864807129,6.446318
2,23,15.9,15.445587,1,1,22.84134864807129,5.74566
2,286,62.7,66.482086,1,1,22.84134864807129,38.298626
2,1006,2.86,4.2392926,1,1,22.84134864807129,8.409382
2,1124,4.85,7.5537286,1,1,22.84134864807129,6.141626
2,68,7.34,6.1138425,1,1,22.84134864807129,4.8591046
2,663,6.0,1.2810451,1,0,22.84134864807129,7.613567
2,37,10.1,9.175196,1,1,22.84134864807129,6.1055255
2,956,79.45,65.773254,0,0,22.84134864807129,25.679502
2,1242,107.1,53.989716,0,0,22.84134864807129,75.97304
2,347,13.0,54.515682,0,0,22.84134864807129,37.509956
2,3062,22.0,26.934175,1,1,22.84134864807129,129.52304
2,356,2.945,2.6958563,1,1,22.84134864807129,4.3154554
2,994,0.9,1.563012,1,1,22.84134864807129,5.017403
2,54,8.87,7.581205,1,1,22.84134864807129,3.863805
2,2150,1.6,3.3456392,1,1,22.84134864807129,4.1910834
3,0,31.2,24.804354,1,1,19.9462158203125,22.461916
3,3,1.1,2.1558049,1,1,19.9462158203125,3.711214
3,5,9.4,11.961074,1,1,19.9462158203125,6.2718744
3,6,33.0,37.658028,1,1,19.9462158203125,19.13329
3,16,10.9,7.407893,1,1,19.9462158203125,9.167625
3,21,65.0,44.663776,0,1,19.9462158203125,58.433807
3,22,50.7,55.610188,1,1,19.9462158203125,41.837112
3,25,8.9,6.902193,1,1,19.9462158203125,5.4347873
3,27,2.78,3.186622,1,1,19.9462158203125,4.1023064
3,28,20.0,50.8286,0,1,19.9462158203125,75.27811
3,30,24.8,79.556786,0,0,19.9462158203125,94.15505
3,34,1.655,1.5972809,1,1,19.9462158203125,2.811138
3,38,3.726,4.333587,1,1,19.9462158203125,2.854197
3,41,3.45,5.0879154,1,0,19.9462158203125,2.483426
3,50,78.0,71.26355,1,1,19.9462158203125,28.641811
3,57,82.5,45.341625,0,0,19.9462158203125,41.578465
3,58,2.825,3.5780847,1,1,19.9462158203125,18.811192
3,59,94.2,80.81675,0,1,19.9462158203125,29.808971
3,61,8.1,2.5754046,1,0,19.9462158203125,4.092681
3,62,20.34,12.825217,1,0,19.9462158203125,8.030248
3,50,70.0,75.16366,1,1,19.9462158203125,32.322285
3,65,30.4,16.013565,0,0,19.9462158203125,17.476965
3,69,0.61,0.76268727,1,1,19.9462158203125,3.1026242
3,70,12.7,7.648943,1,0,19.9462158203125,6.8292956
3,72,6.6,7.1688075,1,1,19.9462158203125,3.4555137
3,73,1.966666667,3.8488595,1,1,19.9462158203125,4.354926
3,65,22.2,14.7595415,1,1,19.9462158203125,21.198868
3,81,85.1,79.44838,1,1,19.9462158203125,41.058636
3,82,2.13,3.6783931,1,1,19.9462158203125,6.021871
3,83,83.0,75.777794,1,1,19.9462158203125,33.07188
3,86,77.5,67.11094,0,1,19.9462158203125,51.403385
3,87,2.353333333,4.102019,1,1,19.9462158203125,7.1419644
3,91,77.5,34.874752,0,0,19.9462158203125,43.55591
3,65,23.1,12.133355,0,0,19.9462158203125,21.481348
3,103,3.06,2.0026484,1,1,19.9462158203125,3.7153673
3,106,2.8,4.161746,1,1,19.9462158203125,3.4562452
3,111,60.0,52.922295,1,1,19.9462158203125,72.98711
3,112,1.26,1.7223222,1,1,19.9462158203125,3.7780752
3,116,27.5,18.59148,1,0,19.9462158203125,16.254023
3,59,70.0,85.19452,0,0,19.9462158203125,17.654171
3,120,14.2,12.14748,1,1,19.9462158203125,23.77556
3,123,10.5,10.565779,1,1,19.9462158203125,8.771021
3,124,6.44,4.964449,1,1,19.9462158203125,6.7097397
3,126,80.89,82.1026,1,1,19.9462158203125,44.968876
3,128,13.4,17.658333,1,1,19.9462158203125,13.060989
3,131,2.31,5.035796,1,1,19.9462158203125,7.9161525
3,140,4.16,3.2124877,1,1,19.9462158203125,3.451019
3,154,3.51,2.426312,1,1,19.9462158203125,3.4716978
3,156,2.04,1.893732,1,1,19.9462158203125,4.1470447
3,157,0.24,1.0638583,1,1,19.9462158203125,4.454076
3,160,91.5,74.27464,0,1,19.9462158203125,53.369137
3,164,1.5,4.7266536,1,0,19.9462158203125,5.078145
3,166,7.181,5.4414763,1,1,19.9462158203125,7.7745647
3,168,29.7,16.155567,0,1,19.9462158203125,32.718506
3,170,3.34,1.9725642,1,1,19.9462158203125,5.6801834
3,173,1.38,5.3710756,1,1,19.9462158203125,15.80087
3,27,3.32,3.0900967,1,1,19.9462158203125,3.9653215
3,175,0.5,2.8759973,1,0,19.9462158203125,4.2992363
3,22,16.9,55.695984,0,0,19.9462158203125,46.536255
3,86,82.25,58.58556,0,1,19.9462158203125,97.63394
3,183,112.0,78.319695,0,0,19.9462158203125,66.150856
3,192,7.55,6.8559556,1,1,19.9462158203125,3.590853
3,194,1.6,8.1176605,1,0,19.9462158203125,3.941895
3,195,2.05,1.6096727,1,1,19.9462158203125,1.6809716
3,197,1.425,4.848005,1,1,19.9462158203125,9.48148
3,112,0.254,1.0112159,1,1,19.9462158203125,4.513403
3,202,5.2,4.718529,1,1,19.9462158203125,6.742337
3,208,5.95,3.814197,1,0,19.9462158203125,3.3695822
3,209,0.43,3.8755393,1,1,19.9462158203125,14.102211
3,210,6.1,37.28351,0,0,19.9462158203125,7.115617
3,166,3.012,3.577543,1,1,19.9462158203125,7.2199616
3,211,1.97,1.8110238,1,1,19.9462158203125,6.439677
3,212,7.5,5.948,1,1,19.9462158203125,17.47548
3,215,4.35,3.3358808,1,1,19.9462158203125,6.088021
3,216,19.6,22.058636,1,1,19.9462158203125,25.412346
3,222,1.32,1.7163478,1,1,19.9462158203125,3.9493973
3,226,6.5,18.420347,0,1,19.9462158203125,31.841137
3,228,18.01,17.559906,1,1,19.9462158203125,14.720536
3,229,2.31,4.003726,1,0,19.9462158203125,3.107001
3,154,2.8,2.3835647,1,1,19.9462158203125,3.4716978
3,236,89.88,86.01334,1,1,19.9462158203125,28.17852
3,194,9.2,8.6781225,1,1,19.9462158203125,6.4131317
3,240,12.0,27.62143,0,1,19.9462158203125,32.506195
3,0,35.28,31.113575,1,1,19.9462158203125,20.339874
3,245,19.5,23.84834,1,1,19.9462158203125,20.137785
3,86,71.2,69.60882,1,1,19.9462158203125,32.03428
3,246,8.1,9.423392,1,1,19.9462158203125,20.583029
3,250,3.5,3.7474456,1,1,19.9462158203125,7.9084516
3,256,1.25,2.4595296,1,1,19.9462158203125,5.503976
3,263,15.6,14.764495,1,1,19.9462158203125,5.832532
3,266,8.5,8.156604,1,1,19.9462158203125,18.438124
3,41,3.223,4.771698,1,0,19.9462158203125,2.1717162
3,269,16.9,17.160128,1,1,19.9462158203125,35.79439
3,270,0.55,11.507747,0,1,19.9462158203125,77.74476
3,50,76.0,74.36778,1,1,19.9462158203125,26.493116
3,41,3.64,4.810245,1,1,19.9462158203125,2.4196312
3,272,13.6,12.363582,1,1,19.9462158203125,7.0774746
3,273,15.6,28.823986,0,0,19.9462158203125,17.88089
3,166,2.444,4.0130587,1,1,19.9462158203125,7.411974
3,285,9.4,10.084543,1,1,19.9462158203125,7.409403
3,289,2.96,5.009931,1,1,19.9462158203125,6.807124
3,290,82.0,82.82136,1,1,19.9462158203125,19.632637
3,293,8.52,5.7482224,1,1,19.9462158203125,6.4572835
3,300,6.6,3.9969666,1,0,19.9462158203125,5.103676
3,301,41.0,80.46503,0,0,19.9462158203125,55.052113
3,302,5.93,6.1027126,1,1,19.9462158203125,6.7646613
3,303,3.549542857,3.4459326,1,1,19.9462158203125,3.2390258
3,312,6.8,6.8006444,1,1,19.9462158203125,7.685451
3,62,20.26,14.338391,1,0,19.9462158203125,5.3858843
3,317,29.0,59.269062,0,0,19.9462158203125,22.56185
3,318,3.4,3.2228868,1,1,19.9462158203125,5.6748238
3,319,85.5,75.1153,0,1,19.9462158203125,49.797802
3,322,73.0,61.79416,0,1,19.9462158203125,22.754942
3,325,4.36,5.707522,1,1,19.9462158203125,6.774817
3,328,1.37,4.3492994,1,1,19.9462158203125,6.236763
3,330,3.3,2.8638813,1,1,19.9462158203125,2.983191
3,332,18.3,18.52093,1,1,19.9462158203125,31.53147
3,334,4.49,1.6869601,1,0,19.9462158203125,3.7243557
3,0,19.0,22.0524,1,1,19.9462158203125,38.24056
3,156,2.2,1.8474839,1,1,19.9462158203125,4.4513946
3,339,4.1,2.7527227,1,1,19.9462158203125,4.2447357
3,341,1.565,1.3979526,1,1,19.9462158203125,1.6692907
3,346,3.575,12.670974,1,1,19.9462158203125,68.68813
3,347,62.0,74.120316,0,1,19.9462158203125,26.959946
3,349,5.03,10.271607,1,0,19.9462158203125,6.8958306
3,302,8.42,6.8511267,1,1,19.9462158203125,7.945764
3,350,79.0,70.19664,1,1,19.9462158203125,18.84696
3,355,3.3,6.5473156,1,1,19.9462158203125,13.697912
3,356,11.1,6.2845607,1,0,19.9462158203125,7.467552
3,361,10.7,11.809373,1,1,19.9462158203125,7.8623347
3,236,64.5,77.05226,0,1,19.9462158203125,64.83473
3,362,11.0,24.740183,0,0,19.9462158203125,12.823266
3,216,42.4,52.513428,0,1,19.9462158203125,24.904428
3,300,7.74,3.0045667,1,0,19.9462158203125,3.914313
3,370,11.9,11.851831,1,1,19.9462158203125,6.7802205
3,371,6.2,5.7594957,1,1,19.9462158203125,5.3982606
3,374,10.3,11.00919,1,1,19.9462158203125,31.910618
3,377,22.29,27.965187,1,1,19.9462158203125,17.32179
3,378,1.2,2.1417797,1,1,19.9462158203125,3.9175484
3,0,38.0,32.30425,1,1,19.9462158203125,27.954472
3,388,0.783333333,1.0082064,1,1,19.9462158203125,16.909138
3,389,2.025,8.431377,1,1,19.9462158203125,49.045513
3,391,76.0,69.98949,1,1,19.9462158203125,77.68961
3,392,12.1,12.068497,1,1,19.9462158203125,6.836989
3,393,60.0,67.6334,1,1,19.9462158203125,46.57975
3,398,13.0,7.7361927,1,0,19.9462158203125,7.434265
3,400,36.0,27.368626,1,1,19.9462158203125,24.516615
3,403,13.3,11.444417,1,1,19.9462158203125,5.8605113
3,404,12.4,10.994762,1,1,19.9462158203125,4.215662
3,62,20.7,6.2904096,0,0,19.9462158203125,8.3863535
3,406,0.029666667,0.43636876,1,1,19.9462158203125,8.720972
3,407,46.0,46.704227,1,1,19.9462158203125,70.28032
3,409,3.82,3.7287154,1,1,19.9462158203125,2.4985058
3,410,2.5,4.154904,1,1,19.9462158203125,4.676305
3,412,17.98,17.418875,1,1,19.9462158203125,5.6104283
3,414,0.1075,2.733992,1,1,19.9462158203125,7.813808
3,422,102.0,17.866306,0,0,19.9462158203125,58.437057
3,57,57.5,63.983467,1,1,19.9462158203125,22.232199
3,6,34.0,38.181732,1,1,19.9462158203125,16.908909
3,166,7.194,5.4414763,1,1,19.9462158203125,7.7745647
3,437,14.5,17.360655,1,1,19.9462158203125,13.591238
3,439,4.0,4.0961375,1,1,19.9462158203125,6.04207
3,440,91.0,72.01474,0,1,19.9462158203125,46.977425
3,443,15.2,33.507584,0,1,19.9462158203125,37.28988
3,445,77.0,67.19333,1,1,19.9462158203125,95.46143
3,446,10.9,9.327005,1,1,19.9462158203125,9.513608
3,448,0.85,2.0547235,1,1,19.9462158203125,4.024085
3,454,3.193333333,3.1868908,1,1,19.9462158203125,6.820601
3,456,9.8,12.0206585,1,1,19.9462158203125,8.709829
3,458,1.5,8.126148,1,0,19.9462158203125,7.9526324
3,459,2.76,5.393715,1,1,19.9462158203125,5.723613
3,59,89.1,87.92497,1,1,19.9462158203125,20.035482
3,463,30.0,28.431973,1,1,19.9462158203125,29.08422
3,464,28.5,56.450577,0,0,19.9462158203125,41.519802
3,469,71.9,53.03878,0,1,19.9462158203125,63.18917
3,72,6.76,5.2002687,1,1,19.9462158203125,4.6601434
3,156,2.2,1.9574453,1,1,19.9462158203125,4.4513946
3,391,80.0,34.419407,0,0,19.9462158203125,85.05709
3,471,5.0,9.929526,1,1,19.9462158203125,15.103285
3,472,14.2,8.492768,1,0,19.9462158203125,8.308046
3,211,0.74,1.1068498,1,1,19.9462158203125,4.167554
3,481,2.2,0.8025709,1,1,19.9462158203125,7.819783
3,192,7.1,6.6658454,1,1,19.9462158203125,3.5231001
3,273,28.4,27.389267,1,1,19.9462158203125,23.684498
3,490,1.78,4.977267,1,0,19.9462158203125,5.077867
3,59,84.0,87.42755,1,1,19.9462158203125,16.784025
3,361,6.9,11.175572,1,1,19.9462158203125,8.5755625
3,493,1.5975,3.062027,1,1,19.9462158203125,9.671705
3,140,3.05,3.3567877,1,1,19.9462158203125,3.839673
3,499,10.8,9.218959,1,1,19.9462158203125,5.451765
3,350,54.5,29.829847,0,1,19.9462158203125,116.51662
3,123,2.6,9.617335,1,0,19.9462158203125,8.798622
3,403,8.72,6.263261,1,1,19.9462158203125,8.300601
3,34,0.805,1.7651644,1,1,19.9462158203125,3.0023823
3,510,88.0,78.71846,1,1,19.9462158203125,39.08404
3,511,3.73,3.4986718,1,1,19.9462158203125,5.944682
3,285,10.9,10.173848,1,1,19.9462158203125,7.161752
3,515,42.0,77.307076,0,0,19.9462158203125,49.247143
3,517,1.725,3.0294542,1,1,19.9462158203125,4.2177052
3,106,2.5,4.758797,1,1,19.9462158203125,5.6796536
3,332,16.5,18.14491,1,1,19.9462158203125,31.131618
3,446,6.0,5.5437827,1,1,19.9462158203125,5.7916226
3,528,11.4,10.959519,1,1,19.9462158203125,6.3364987
3,350,84.0,30.656836,0,1,19.9462158203125,110.15511
3,529,1.75,2.5304961,1,1,19.9462158203125,4.733661
3,532,8.3,2.5823796,1,0,19.9462158203125,3.2315962
3,536,1.13,4.0627694,1,0,19.9462158203125,2.7260132
3,440,94.2,72.93137,0,0,19.9462158203125,42.275974
3,540,24.1,19.343107,1,1,19.9462158203125,16.855438
3,511,4.78,3.4183512,1,1,19.9462158203125,6.3234463
3,0,25.6,32.32236,1,1,19.9462158203125,26.529268
3,544,5.3,12.953794,1,0,19.9462158203125,15.277432
3,62,19.8,14.335069,1,0,19.9462158203125,5.252812
3,157,0.145,1.0432609,1,1,19.9462158203125,3.9619913
3,549,2.86,3.4147263,1,1,19.9462158203125,6.644275
3,551,31.7,24.666761,1,1,19.9462158203125,27.673012
3,300,6.2,2.9887784,1,0,19.9462158203125,4.4441423
3,302,7.33,6.1027126,1,1,19.9462158203125,6.7646613
3,62,19.8,17.221663,1,0,19.9462158203125,4.404474
3,554,11.0,17.928185,1,1,19.9462158203125,26.790543
3,557,34.0,22.686663,0,0,19.9462158203125,21.650326
3,86,84.8,80.55578,1,1,19.9462158203125,23.841997
3,558,3.85,6.0844855,1,1,19.9462158203125,20.298563
3,216,11.7,15.308457,1,1,19.9462158203125,34.125984
3,65,29.9,15.673593,0,0,19.9462158203125,14.108301
3,562,9.0,5.441456,1,1,19.9462158203125,7.998684
3,86,56.8,60.42648,1,1,19.9462158203125,25.526907
3,563,5.6,5.3861413,1,1,19.9462158203125,3.6938357
3,566,6.4,7.257302,1,1,19.9462158203125,10.349201
3,568,3.92,8.422946,1,1,19.9462158203125,24.417624
3,573,0.48,1.570193,1,1,19.9462158203125,10.698159
3,62,20.375,15.422643,1,0,19.9462158203125,5.0630565
3,208,3.625,4.098931,1,1,19.9462158203125,3.3743868
3,273,24.0,31.940678,1,1,19.9462158203125,42.99657
3,216,39.0,18.420795,0,0,19.9462158203125,24.748976
3,581,7.52,6.3466763,1,1,19.9462158203125,3.5794933
3,583,24.2,54.809982,0,1,19.9462158203125,66.34983
3,584,49.0,84.93193,0,0,19.9462158203125,46.96636
3,586,70.6,60.44511,0,1,19.9462158203125,44.56514
3,57,82.0,63.61542,0,0,19.9462158203125,35.907375
3,588,3.8,3.4872835,1,1,19.9462158203125,3.3382812
3,590,2.6,8.599151,1,1,19.9462158203125,15.0009
3,591,0.645,0.62717277,1,1,19.9462158203125,5.3752112
3,592,0.46,1.8148216,1,1,19.9462158203125,5.0902123
3,422,80.5,79.63083,1,1,19.9462158203125,46.40496
3,59,73.7,86.07499,0,0,19.9462158203125,19.735281
3,597,0.1,3.2326357,1,1,19.9462158203125,7.1095266
3,600,20.2,31.067646,0,1,19.9462158203125,33.493935
3,59,108.7,85.56691,0,1,19.9462158203125,64.534195
3,602,10.1,7.879933,1,1,19.9462158203125,27.640465
3,61,0.83,2.2382839,1,1,19.9462158203125,4.3222723
3,603,80.0,34.363297,0,0,19.9462158203125,62.27493
3,604,7.4,12.50696,1,0,19.9462158203125,5.9639897
3,605,76.0,63.082867,0,1,19.9462158203125,35.0238
3,611,33.0,38.092953,1,1,19.9462158203125,59.73618
3,613,1.966666667,9.4540415,1,1,19.9462158203125,38.678055
3,615,1.4,3.2470465,1,1,19.9462158203125,5.10777
3,617,50.5,57.149998,1,1,19.9462158203125,49.762856
3,22,55.3,61.12087,1,1,19.9462158203125,33.365406
3,154,2.206,2.3143594,1,1,19.9462158203125,3.4404757
3,626,20.2,19.314045,1,1,19.9462158203125,22.11789
3,216,34.7,33.058876,1,1,19.9462158203125,10.176828
3,628,0.75,2.5367742,1,1,19.9462158203125,5.7252517
3,630,4.77,5.369299,1,1,19.9462158203125,5.9978914
3,631,2.016666667,1.068593,1,1,19.9462158203125,11.161023
3,632,0.43,0.615941,1,1,19.9462158203125,1.8654692
3,58,2.2,3.6842737,1,1,19.9462158203125,18.705387
3,636,4.05,4.457241,1,1,19.9462158203125,3.6219358
3,637,6.3,1.9234383,1,0,19.9462158203125,4.1971035
3,646,4.0,5.472064,1,1,19.9462158203125,16.505314
3,168,37.8,27.697931,0,1,19.9462158203125,24.207762
3,245,26.9,27.373604,1,1,19.9462158203125,16.688166
3,0,8.0,19.066784,0,1,19.9462158203125,44.780468
3,649,73.6,78.59025,1,1,19.9462158203125,42.832844
3,632,0.435,0.5496066,1,1,19.9462158203125,1.8654692
3,652,30.0,65.97625,0,0,19.9462158203125,51.00362
3,654,3.05,2.9041467,1,1,19.9462158203125,7.9234576
3,660,2.0,1.50162,1,1,19.9462158203125,7.364621
3,5,11.7,12.63381,1,1,19.9462158203125,7.3523436
3,661,10.4,9.044233,1,1,19.9462158203125,4.6298137
3,604,8.7,12.880704,1,0,19.9462158203125,7.249929
3,22,63.0,68.85019,1,1,19.9462158203125,43.67397
3,374,3.93,9.6996,1,1,19.9462158203125,15.527862
3,50,76.0,74.33605,1,1,19.9462158203125,24.22992
3,70,15.48,11.236051,1,0,19.9462158203125,7.346854
3,669,3.9,3.6845875,1,1,19.9462158203125,8.393301
3,588,3.9,3.4964516,1,1,19.9462158203125,3.24173
3,216,31.9,39.074123,1,1,19.9462158203125,21.842598
3,671,3.055,6.092221,1,1,19.9462158203125,11.461614
3,600,28.3,19.763733,1,1,19.9462158203125,65.28083
3,0,12.8,20.015146,1,1,19.9462158203125,31.627028
3,685,47.0,66.65284,0,1,19.9462158203125,53.615612
3,166,6.55,5.4414763,1,1,19.9462158203125,7.7745647
3,688,1.1,1.5547042,1,1,19.9462158203125,4.718019
3,692,2.86,2.5686345,1,1,19.9462158203125,2.948475
3,693,1.306666667,5.2613597,1,1,19.9462158203125,18.405405
3,604,9.4,12.591838,1,1,19.9462158203125,7.04472
3,695,128.7,102.05203,0,0,19.9462158203125,38.20543
3,211,2.105,2.2382364,1,1,19.9462158203125,4.7301507
3,86,80.0,73.53456,1,1,19.9462158203125,19.61801
3,697,13.6,12.097408,1,1,19.9462158203125,6.1348047
3,22,91.5,85.73392,1,1,19.9462158203125,22.73494
3,290,82.0,84.333,1,1,19.9462158203125,15.900526
3,22,36.0,40.71391,1,1,19.9462158203125,40.60137
3,636,3.11,3.563136,1,1,19.9462158203125,4.4313674
3,183,110.0,84.390976,0,1,19.9462158203125,57.053795
3,6,30.0,31.492985,1,1,19.9462158203125,19.475908
3,440,72.66666667,59.216595,0,1,19.9462158203125,73.9407
3,374,9.875,13.392424,1,1,19.9462158203125,31.910618
3,709,8.3,6.706621,1,1,19.9462158203125,3.987021
3,5,13.05,13.055073,1,1,19.9462158203125,5.4621153
3,290,82.0,89.14712,1,0,19.9462158203125,7.2624326
3,718,0.59,1.7143185,1,1,19.9462158203125,3.962487
3,719,1.9,3.1496124,1,1,19.9462158203125,4.8642635
3,183,108.0,77.18318,0,0,19.9462158203125,47.139267
3,208,4.25,3.6362882,1,1,19.9462158203125,2.9933615
3,724,4.6,1.9295206,1,0,19.9462158203125,1.4631517
3,725,55.3,45.69555,1,1,19.9462158203125,50.098907
3,236,83.6,82.734314,1,1,19.9462158203125,33.691006
3,729,0.021,2.8355875,1,1,19.9462158203125,7.493684
3,730,9.55,7.4614177,1,1,19.9462158203125,4.1786895
3,195,2.15,1.6657516,1,1,19.9462158203125,1.6809716
3,70,5.7,7.559312,1,1,19.9462158203125,7.2719736
3,566,5.4,7.283382,1,1,19.9462158203125,9.956585
3,86,58.2,46.252014,0,1,19.9462158203125,59.391438
3,741,37.0,71.01365,0,0,19.9462158203125,60.464245
3,116,23.65,16.869164,1,1,19.9462158203125,20.076963
3,669,0.95,1.732676,1,1,19.9462158203125,6.810577
3,749,60.0,69.468765,1,1,19.9462158203125,65.22383
3,128,15.0,15.919419,1,1,19.9462158203125,5.646206
3,751,8.5,7.533659,1,1,19.9462158203125,7.2302814
3,685,66.0,66.00333,1,1,19.9462158203125,54.492718
3,59,78.7,85.37932,1,1,19.9462158203125,17.438442
3,763,0.98,2.3586907,1,1,19.9462158203125,3.9884782
3,208,3.625,4.022008,1,1,19.9462158203125,3.0657856
3,765,6.5,1.2244885,1,0,19.9462158203125,6.9584217
3,58,4.45,6.221474,1,1,19.9462158203125,36.65698
3,517,1.9,2.9982872,1,1,19.9462158203125,4.3561177
3,768,1.3,4.1484675,1,1,19.9462158203125,5.819381
3,131,2.49,5.491142,1,1,19.9462158203125,8.398331
3,781,75.0,58.41296,0,1,19.9462158203125,119.911736
3,0,10.0,18.646082,1,1,19.9462158203125,41.000633
3,34,0.84,1.88933,1,1,19.9462158203125,3.3934405
3,170,0.41,1.3111612,1,1,19.9462158203125,5.23203
3,785,1.2,2.812289,1,1,19.9462158203125,6.0994267
3,273,25.0,34.68642,1,1,19.9462158203125,49.66124
3,216,33.0,27.082067,1,1,19.9462158203125,14.427019
3,792,22.4,19.62558,1,1,19.9462158203125,55.3456
3,211,2.06,1.1344612,1,1,19.9462158203125,3.6608212
3,800,5.07,3.7559032,1,1,19.9462158203125,3.2262735
3,802,5.265,3.5676868,1,1,19.9462158203125,4.1779346
3,183,116.0,73.73181,0,0,19.9462158203125,62.7269
3,805,1.8,7.5753675,1,0,19.9462158203125,6.881338
3,808,2.91,3.8036985,1,1,19.9462158203125,5.078844
3,688,9.8,3.9049587,1,0,19.9462158203125,5.2669063
3,437,14.3,15.714297,1,1,19.9462158203125,33.47443
3,211,1.85,1.4345118,1,1,19.9462158203125,4.1105766
3,814,89.8,88.413666,1,1,19.9462158203125,24.817278
3,120,10.9,12.754211,1,1,19.9462158203125,18.681362
3,22,78.3,83.58155,1,1,19.9462158203125,29.074593
3,581,7.305,5.647224,1,0,19.9462158203125,3.2515483
3,822,111.5,92.859116,0,1,19.9462158203125,80.903984
3,823,2.225,2.481509,1,1,19.9462158203125,4.839161
3,824,2.2,4.2548437,1,1,19.9462158203125,7.271501
3,116,19.7,16.164442,1,1,19.9462158203125,17.13803
3,828,5.7,1.6694891,1,0,19.9462158203125,5.4822164
3,837,10.0,7.124834,1,1,19.9462158203125,7.144941
3,838,0.7,2.081232,1,1,19.9462158203125,5.910999
3,58,2.0,4.008645,1,1,19.9462158203125,14.402762
3,216,4.51,15.168091,0,1,19.9462158203125,35.88061
3,841,6.2,4.0748034,1,0,19.9462158203125,3.2997775
3,605,81.0,71.56985,1,1,19.9462158203125,34.760326
3,290,82.0,58.254124,0,0,19.9462158203125,33.167217
3,28,20.0,50.696945,0,1,19.9462158203125,69.74053
3,850,11.6,21.943348,0,0,19.9462158203125,18.644512
3,62,20.0,17.148745,1,0,19.9462158203125,4.5767946
3,58,3.7,10.606743,1,1,19.9462158203125,38.49523
3,852,2.3,3.8493176,1,1,19.9462158203125,3.6414108
3,853,10.3,8.909192,1,1,19.9462158203125,4.9315405
3,856,6.93,7.0892897,1,1,19.9462158203125,6.9162545
3,103,3.65,3.2618234,1,1,19.9462158203125,3.4805288
3,58,3.236666667,2.9247942,1,1,19.9462158203125,20.310335
3,350,23.0,24.864515,1,1,19.9462158203125,18.796595
3,867,7.8,6.870226,1,1,19.9462158203125,3.8036802
3,870,1.7,5.7662234,1,1,19.9462158203125,10.182502
3,871,21.0,31.550085,0,1,19.9462158203125,60.861313
3,876,7.9,7.6917863,1,1,19.9462158203125,13.121721
3,62,9.1,11.952916,1,1,19.9462158203125,7.3375387
3,877,81.8,67.49635,0,1,19.9462158203125,63.20027
3,5,13.9,13.376638,1,1,19.9462158203125,5.3403354
3,273,25.0,32.18888,1,1,19.9462158203125,51.8034
3,880,14.0,59.857216,0,0,19.9462158203125,38.162704
3,192,8.99,7.438147,1,1,19.9462158203125,4.023343
3,883,0.85,4.989771,1,1,19.9462158203125,22.415133
3,885,1.4,1.5465316,1,1,19.9462158203125,4.4714007
3,236,79.42,76.15003,1,1,19.9462158203125,15.823098
3,890,9.11,8.5397625,1,1,19.9462158203125,5.272421
3,5,1.5175,5.073336,1,1,19.9462158203125,8.325204
3,256,1.75,2.03005,1,1,19.9462158203125,6.024965
3,350,14.3,51.41891,0,0,19.9462158203125,36.456917
3,891,2.1,2.6209223,1,1,19.9462158203125,4.5359926
3,892,10.7,11.499,1,1,19.9462158203125,5.758053
3,62,19.7,13.281079,1,0,19.9462158203125,6.7202725
3,894,28.6,21.663591,1,1,19.9462158203125,34.33475
3,895,5.07,6.7722178,1,1,19.9462158203125,6.455871
3,510,87.0,58.91678,0,0,19.9462158203125,34.41228
3,59,84.0,13.841522,0,0,19.9462158203125,27.634184
3,898,67.0,54.33332,0,0,19.9462158203125,21.354542
3,899,3.935,4.264439,1,1,19.9462158203125,3.2237084
3,901,17.6,16.19362,1,1,19.9462158203125,6.6881723
3,902,6.6,6.0394487,1,1,19.9462158203125,7.053021
3,814,80.0,82.71957,1,1,19.9462158203125,25.292543
3,908,4.72,4.2599936,1,1,19.9462158203125,3.3924232
3,499,13.7,9.098275,1,0,19.9462158203125,6.239525
3,562,8.1,8.081263,1,1,19.9462158203125,7.8314595
3,910,3.8,3.2129447,1,1,19.9462158203125,3.1573987
3,911,89.7,75.33911,0,1,19.9462158203125,41.22249
3,549,4.8,2.9717574,1,1,19.9462158203125,5.899175
3,912,8.0,11.220298,1,1,19.9462158203125,6.97118
3,914,7.4775,4.464963,1,0,19.9462158203125,5.085338
3,374,8.7,29.108767,0,0,19.9462158203125,38.256096
3,915,3.642,3.12121,1,1,19.9462158203125,3.122642
3,617,38.7,50.571854,0,1,19.9462158203125,43.333584
3,128,11.0,20.590868,1,1,19.9462158203125,24.278429
3,0,24.5,24.865425,1,1,19.9462158203125,22.461916
3,899,2.99,4.229671,1,1,19.9462158203125,2.813111
3,528,3.4,7.6897273,1,0,19.9462158203125,7.226961
3,800,0.37,2.7449467,1,1,19.9462158203125,5.5446258
3,922,11.0225,6.8171225,1,0,19.9462158203125,5.3533
3,800,2.93,3.556972,1,1,19.9462158203125,2.9901857
3,59,89.9,82.05281,1,1,19.9462158203125,27.41595
3,391,73.0,86.17036,0,1,19.9462158203125,38.11727
3,600,23.0,27.975502,1,1,19.9462158203125,45.251698
3,581,7.49,6.3199983,1,1,19.9462158203125,3.5794933
3,928,10.0,10.568189,1,1,19.9462158203125,7.0255127
3,22,73.0,56.651337,0,1,19.9462158203125,36.215797
3,932,18.8,17.130926,1,1,19.9462158203125,45.81806
3,933,2.4,5.192449,1,1,19.9462158203125,7.652514
3,934,1.39,4.010829,1,1,19.9462158203125,11.656958
3,273,16.3,24.642483,1,1,19.9462158203125,35.901295
3,270,0.30475,14.116764,0,1,19.9462158203125,37.18608
3,106,4.8,3.5485895,1,1,19.9462158203125,4.7861533
3,940,9.3,6.121369,1,1,19.9462158203125,7.2152486
3,6,2.5,16.30233,0,0,19.9462158203125,25.03442
3,250,0.47,2.5346937,1,1,19.9462158203125,7.631284
3,216,21.15,20.496988,1,1,19.9462158203125,17.811735
3,850,26.5,19.678764,1,1,19.9462158203125,21.340218
3,958,1.15,2.8088622,1,1,19.9462158203125,5.8471
3,403,10.0,10.124873,1,1,19.9462158203125,6.907089
3,961,50.7,72.43366,0,0,19.9462158203125,28.293833
3,168,40.4,22.670984,0,0,19.9462158203125,28.546068
3,86,92.4,91.23393,1,1,19.9462158203125,8.720058
3,86,89.1,61.284466,0,1,19.9462158203125,67.0647
3,57,57.5,49.664993,1,1,19.9462158203125,18.19004
3,330,3.3,2.8638813,1,1,19.9462158203125,2.983191
3,966,6.6,7.7540927,1,1,19.9462158203125,14.61258
3,617,89.5,75.206696,0,1,19.9462158203125,40.899284
3,967,50.525,41.55054,1,1,19.9462158203125,25.14106
3,216,33.7,28.512022,1,1,19.9462158203125,11.76736
3,972,4.58,3.68352,1,1,19.9462158203125,3.8945262
3,511,6.54,4.513334,1,1,19.9462158203125,6.5678086
3,973,13.1,10.250992,1,1,19.9462158203125,9.293349
3,195,1.35,1.3710061,1,1,19.9462158203125,1.7081132
3,400,37.7,29.40387,1,1,19.9462158203125,23.467003
3,216,17.2,20.301804,1,1,19.9462158203125,32.001534
3,977,1.1,10.89189,1,0,19.9462158203125,7.181246
3,979,3.12,6.3607197,1,1,19.9462158203125,8.599025
3,980,79.9,83.17888,1,1,19.9462158203125,44.717632
3,250,0.35,3.229864,1,1,19.9462158203125,7.3686523
3,981,10.9,13.760122,1,1,19.9462158203125,7.7402573
3,400,13.0,24.239363,0,1,19.9462158203125,29.63528
3,62,19.9,13.852524,1,0,19.9462158203125,6.4209914
3,6,31.8,21.48999,0,0,19.9462158203125,19.655403
3,356,9.89,5.537819,1,0,19.9462158203125,4.963688
3,160,91.5,76.17695,0,1,19.9462158203125,47.318806
3,168,30.7,21.76722,1,1,19.9462158203125,28.196064
3,604,9.5,12.468318,1,1,19.9462158203125,6.345927
3,991,14.8,8.551018,1,0,19.9462158203125,5.588532
3,422,107.25,95.121155,0,1,19.9462158203125,75.15791
3,65,21.2,16.137287,1,1,19.9462158203125,21.185266
3,915,3.8,3.1209474,1,1,19.9462158203125,3.506436
3,850,29.0,21.477377,1,1,19.9462158203125,30.056837
3,997,4.0,4.659029,1,1,19.9462158203125,5.5115833
3,250,4.74,4.741342,1,1,19.9462158203125,7.9084516
3,192,8.18,6.24531,1,1,19.9462158203125,4.6348085
3,768,3.0,4.843787,1,1,19.9462158203125,6.411735
3,38,3.938,4.4532766,1,1,19.9462158203125,3.01034
3,446,7.94,5.8299756,1,1,19.9462158203125,6.4563274
3,1000,2.2,3.842472,1,1,19.9462158203125,3.9656856
3,1007,6.7,8.495547,1,1,19.9462158203125,7.8063555
3,1008,27.4,21.589935,1,1,19.9462158203125,27.537895
3,1009,37.9,42.048576,1,1,19.9462158203125,25.831306
3,605,81.0,70.7883,0,1,19.9462158203125,35.94587
3,1011,7.5,9.209307,1,1,19.9462158203125,8.276736
3,5,11.5,12.718564,1,1,19.9462158203125,6.0045967
3,671,1.65,5.961601,1,1,19.9462158203125,10.905465
3,65,12.7,8.974973,1,1,19.9462158203125,19.215881
3,911,40.1,61.948105,0,1,19.9462158203125,72.98176
3,1008,24.5,17.119732,1,1,19.9462158203125,22.99016
3,317,49.0,62.738884,0,0,19.9462158203125,20.095778
3,246,9.0,8.897533,1,1,19.9462158203125,23.227573
3,1014,3.0,3.1831794,1,1,19.9462158203125,7.9669166
3,1020,3.9475,2.2768817,1,1,19.9462158203125,5.787227
3,749,56.7,71.26549,0,1,19.9462158203125,57.76233
3,1026,4.1,3.812116,1,1,19.9462158203125,5.585271
3,1027,13.0,11.093771,1,1,19.9462158203125,4.503509
3,1028,1.9,18.545612,0,0,19.9462158203125,19.85083
3,558,3.7,6.385862,1,1,19.9462158203125,18.281366
3,1028,16.4,21.244774,1,1,19.9462158203125,14.532851
3,1032,82.0,74.21807,1,1,19.9462158203125,23.818542
3,1035,2.71,2.903161,1,1,19.9462158203125,11.720093
3,1036,1.1,3.1650848,1,1,19.9462158203125,6.6493187
3,1037,2.0,30.340425,0,0,19.9462158203125,39.448246
3,1041,15.32,12.138414,1,1,19.9462158203125,7.5585003
3,1042,1.57,0.58845073,1,1,19.9462158203125,2.2165165
3,1043,3.54,2.3452733,1,1,19.9462158203125,8.652199
3,1044,31.35,28.825422,1,1,19.9462158203125,16.04864
3,1046,2.6,4.0516577,1,1,19.9462158203125,6.6118093
3,1047,28.0,53.699673,0,0,19.9462158203125,50.07872
3,1051,0.795,4.8412805,1,0,19.9462158203125,6.77445
3,1052,1.14,3.4957397,1,1,19.9462158203125,5.233622
3,1055,4.97,5.7631664,1,1,19.9462158203125,6.1258764
3,1059,17.0,13.774958,1,1,19.9462158203125,32.52349
3,1061,28.0,38.222824,0,1,19.9462158203125,69.761665
3,980,86.0,86.82736,1,1,19.9462158203125,31.83659
3,272,14.8,9.364402,1,0,19.9462158203125,6.5896897
3,1065,1.48,3.3790407,1,1,19.9462158203125,4.0267153
3,22,25.0,66.66962,0,0,19.9462158203125,52.989857
3,591,0.51,0.62717277,1,1,19.9462158203125,5.3752112
3,1069,22.4,10.53265,0,0,19.9462158203125,17.488377
3,1070,53.6,34.37157,0,1,19.9462158203125,55.925793
3,216,17.7,20.348951,1,1,19.9462158203125,19.102804
3,1028,31.4,25.127335,1,1,19.9462158203125,21.698591
3,86,80.5,84.45154,1,1,19.9462158203125,11.730683
3,1072,12.8,9.966444,1,1,19.9462158203125,8.369385
3,967,53.0,47.83241,1,1,19.9462158203125,25.805239
3,1075,128.0,120.468506,1,1,19.9462158203125,53.37084
3,166,2.01,4.697299,1,1,19.9462158203125,7.6359887
3,86,89.2,82.51443,1,1,19.9462158203125,17.346834
3,1082,6.4,6.0751424,1,1,19.9462158203125,9.883595
3,1083,106.0,97.13902,1,1,19.9462158203125,73.16792
3,1088,11.5,13.36221,1,1,19.9462158203125,7.611304
3,1089,6.0,5.346734,1,1,19.9462158203125,4.724685
3,236,89.465,86.17851,1,1,19.9462158203125,29.958086
3,1037,10.0,22.430489,0,1,19.9462158203125,40.40816
3,263,20.2,15.685147,1,0,19.9462158203125,8.782706
3,1097,3.87,3.2814746,1,1,19.9462158203125,2.5396466
3,1099,54.0,39.08924,0,1,19.9462158203125,52.096066
3,65,25.6,17.18227,1,1,19.9462158203125,21.64053
3,1105,2.55,3.2748206,1,1,19.9462158203125,9.3136215
3,192,7.78,5.984524,1,1,19.9462158203125,5.040382
3,1107,2.2,1.4965769,1,1,19.9462158203125,5.6965804
3,605,71.0,63.837036,1,1,19.9462158203125,36.673
3,1111,17.0,16.075861,1,1,19.9462158203125,15.78967
3,339,5.5,4.5937347,1,1,19.9462158203125,4.5809755
3,1113,51.6,82.053116,0,0,19.9462158203125,46.8541
3,1115,78.0,80.77183,1,1,19.9462158203125,18.843111
3,669,2.95,1.1991259,1,1,19.9462158203125,6.746301
3,469,83.8,69.01849,0,1,19.9462158203125,59.73042
3,211,2.02,1.9154457,1,1,19.9462158203125,5.2282414
3,1117,1.7,3.1259449,1,1,19.9462158203125,3.023051
3,1120,0.5,2.1766472,1,1,19.9462158203125,4.2475753
3,1122,106.0,91.720924,0,1,19.9462158203125,38.12205
3,605,55.0,59.9269,1,1,19.9462158203125,41.225
3,1123,3.5,2.5948343,1,1,19.9462158203125,2.7424114
3,1127,3.52,4.64953,1,1,19.9462158203125,4.0273027
3,604,18.6,13.01067,1,0,19.9462158203125,7.1676455
3,22,70.0,83.83852,0,0,19.9462158203125,20.956099
3,1130,3.3,6.603235,1,1,19.9462158203125,8.878021
3,510,78.8,79.07525,1,1,19.9462158203125,14.341472
3,1132,6.0,37.032597,0,0,19.9462158203125,9.34397
3,557,33.0,22.727558,0,1,19.9462158203125,21.964712
3,216,37.0,17.224342,0,0,19.9462158203125,21.64562
3,1136,6.277142857,5.8249264,1,1,19.9462158203125,7.7609425
3,1044,32.0,28.531775,1,1,19.9462158203125,32.702606
3,168,32.0,17.958975,0,1,19.9462158203125,28.737743
3,1141,6.5,4.402911,1,1,19.9462158203125,5.684491
3,1036,3.51,4.808758,1,1,19.9462158203125,5.9164414
3,6,25.2,27.062044,1,1,19.9462158203125,17.397211
3,915,2.85,2.962688,1,1,19.9462158203125,4.743463
3,724,2.6,1.7450317,1,0,19.9462158203125,1.5874684
3,0,18.0,22.0524,1,1,19.9462158203125,38.24056
3,216,12.0,19.972994,1,1,19.9462158203125,32.008984
3,912,8.105,9.290912,1,1,19.9462158203125,4.8168373
3,59,92.2,87.50182,1,1,19.9462158203125,17.173277
3,86,89.0,84.88414,1,1,19.9462158203125,26.576147
3,1156,33.2,36.325813,1,1,19.9462158203125,36.212627
3,877,79.5,66.74508,0,1,19.9462158203125,57.57591
3,62,19.7,13.7121525,1,0,19.9462158203125,6.4810896
3,1162,12.3,10.356074,1,1,19.9462158203125,7.3647017
3,57,64.0,66.58895,1,1,19.9462158203125,20.738853
3,966,11.02,7.8475523,1,1,19.9462158203125,13.721911
3,1165,0.6,1.5113277,1,1,19.9462158203125,4.0562444
3,216,37.0,32.00583,1,1,19.9462158203125,10.258513
3,1168,82.5,79.28902,1,1,19.9462158203125,26.6841
3,1169,2.9,9.2070875,1,1,19.9462158203125,56.999653
3,1170,3.32,3.5589728,1,1,19.9462158203125,7.153945
3,1171,4.1,7.2056847,1,0,19.9462158203125,4.269709
3,216,37.0,19.99547,0,0,19.9462158203125,21.188175
3,1174,1.55,2.134864,1,1,19.9462158203125,3.379517
3,1177,1.2,2.6323898,1,1,19.9462158203125,4.05324
3,1099,64.0,37.685436,0,0,19.9462158203125,34.354946
3,981,14.55,14.551573,1,1,19.9462158203125,7.106404
3,22,36.0,68.55959,0,0,19.9462158203125,56.745075
3,126,25.0,62.562355,0,1,19.9462158203125,75.18839
3,1182,61.1,61.65975,1,1,19.9462158203125,37.32571
3,972,0.932,1.939049,1,1,19.9462158203125,3.087022
3,1044,32.0,27.033245,1,1,19.9462158203125,21.566446
3,1183,3.99,7.042143,1,1,19.9462158203125,9.057887
3,1187,17.5,20.299257,1,1,19.9462158203125,44.023396
3,1014,2.9,3.1831794,1,1,19.9462158203125,7.9669166
3,1188,0.93,3.5362678,1,1,19.9462158203125,7.431838
3,371,1.94,6.313333,1,0,19.9462158203125,4.217633
3,59,70.0,82.718895,0,0,19.9462158203125,16.794142
3,126,79.0,66.5377,0,1,19.9462158203125,67.35012
3,1192,0.935,0.7351982,1,1,19.9462158203125,4.615166
3,1194,0.35,3.8619153,1,1,19.9462158203125,8.22898
3,1197,4.8,4.4103246,1,1,19.9462158203125,4.822845
3,34,1.49,1.5484018,1,1,19.9462158203125,2.9316328
3,1199,18.0,44.919056,0,0,19.9462158203125,27.130716
3,285,12.5,11.903375,1,1,19.9462158203125,6.8231764
3,1200,3.5,2.6724606,1,1,19.9462158203125,7.43153
3,1201,0.76,3.4623358,1,1,19.9462158203125,5.5664043
3,6,13.2,18.017849,1,1,19.9462158203125,19.047388
3,1204,6.45,7.6248026,1,1,19.9462158203125,6.047225
3,25,11.6,9.232641,1,1,19.9462158203125,6.379107
3,325,4.85,5.643095,1,1,19.9462158203125,5.726957
3,440,28.0,31.911839,1,1,19.9462158203125,78.586716
3,837,6.65,9.363048,1,1,19.9462158203125,7.619012
3,1206,1.65,0.7535747,1,1,19.9462158203125,1.9899988
3,59,93.0,70.75009,0,1,19.9462158203125,47.05449
3,422,75.75,69.35899,1,1,19.9462158203125,62.98279
3,1207,2.13,1.8302631,1,1,19.9462158203125,1.951098
3,856,4.9,7.252182,1,1,19.9462158203125,6.9753833
3,1208,118.0,88.96867,0,0,19.9462158203125,47.331573
3,1210,3.145,3.2989209,1,1,19.9462158203125,3.7497578
3,216,29.2,22.513609,1,1,19.9462158203125,14.759845
3,356,1.697,3.2290804,1,1,19.9462158203125,3.7526784
3,1218,5.8,4.7680907,1,1,19.9462158203125,8.806433
3,1222,7.0,8.235417,1,1,19.9462158203125,5.9120584
3,1223,91.4,65.621574,0,0,19.9462158203125,34.548134
3,1224,4.3,5.9851637,1,1,19.9462158203125,7.421871
3,850,32.5,36.1255,1,1,19.9462158203125,24.162083
3,273,17.3,29.591726,0,0,19.9462158203125,23.553446
3,216,24.9,20.111973,1,1,19.9462158203125,26.006865
3,910,2.95,3.2071888,1,1,19.9462158203125,3.1573987
3,1228,35.5,28.13399,1,1,19.9462158203125,30.872433
3,216,28.0,27.845402,1,1,19.9462158203125,19.038303
3,1233,5.6,10.023871,1,1,19.9462158203125,9.902272
3,1235,36.0,47.628387,0,1,19.9462158203125,35.901665
3,1237,37.2,29.32802,1,1,19.9462158203125,60.79888
3,216,21.5,20.771427,1,1,19.9462158203125,16.943989
3,166,1.3,4.8074045,1,0,19.9462158203125,6.6202025
3,1244,0.76,2.7483106,1,1,19.9462158203125,6.5895395
3,126,76.67,87.08373,0,1,19.9462158203125,33.64707
3,391,69.7,75.81022,1,1,19.9462158203125,61.904987
3,183,114.0,76.53611,0,0,19.9462158203125,58.773476
3,1210,3.67,3.8388863,1,1,19.9462158203125,2.4527578
3,173,2.59,6.5994034,1,1,19.9462158203125,46.367302
3,551,31.1,26.021608,1,1,19.9462158203125,30.702593
3,604,11.9,12.901455,1,1,19.9462158203125,5.759074
3,166,1.278,3.891168,1,1,19.9462158203125,7.50903
3,1253,50.0,67.5823,0,1,19.9462158203125,51.944675
3,59,90.0,87.5354,1,1,19.9462158203125,16.611788
3,120,14.7,12.300053,1,1,19.9462158203125,21.057554
3,1244,1.48,0.72941095,1,1,19.9462158203125,6.859778
3,581,6.3,4.3339586,1,0,19.9462158203125,2.7376285
3,197,1.5,6.418115,1,0,19.9462158203125,6.849357
3,1089,9.05,5.2604594,1,0,19.9462158203125,5.4684076
3,124,7.32,6.624015,1,1,19.9462158203125,6.3947
3,1032,75.0,57.500114,0,1,19.9462158203125,74.17638
3,61,8.253333333,3.6681132,1,0,19.9462158203125,4.8836684
3,597,0.1675,3.4082057,1,1,19.9462158203125,7.6136937
3,61,1.67,2.325342,1,1,19.9462158203125,4.0777326
3,1264,3.7,5.7359924,1,1,19.9462158203125,4.150665
3,256,1.51,2.4341826,1,1,19.9462158203125,5.503976
3,1273,9.19,8.864432,1,1,19.9462158203125,2.9259462
3,529,6.45,2.564268,1,0,19.9462158203125,6.403954
3,216,24.6,22.428837,1,1,19.9462158203125,23.449621
3,1277,26.0,23.93511,1,1,19.9462158203125,21.645958
3,86,60.55,61.940617,1,1,19.9462158203125,86.8506
3,850,14.7,20.12633,1,1,19.9462158203125,20.855963
3,1281,2.8,3.9949,1,1,19.9462158203125,4.4750867
3,58,4.5,2.7942777,1,1,19.9462158203125,15.602529
3,300,5.8,3.9027152,1,1,19.9462158203125,5.0262175
3,240,13.56,28.462845,0,0,19.9462158203125,19.440077
3,285,7.8,7.96993,1,1,19.9462158203125,7.4967194
3,86,91.19,91.27911,1,1,19.9462158203125,6.534352
3,1287,127.0,101.42627,0,0,19.9462158203125,38.186787
3,57,86.0,51.383095,0,0,19.9462158203125,21.14254
3,34,1.16,2.2388995,1,1,19.9462158203125,4.5366945
3,168,34.0,15.613983,0,0,19.9462158203125,33.190136
3,581,7.15,5.9063973,1,1,19.9462158203125,3.3856003
3,1014,2.8,3.1839452,1,1,19.9462158203125,7.9669166
3,588,3.5,3.7449753,1,1,19.9462158203125,4.7417583
3,1293,31.0,20.883608,0,1,19.9462158203125,52.776302
3,1036,3.51,4.7888794,1,1,19.9462158203125,6.1567616
3,1297,10.9,18.6546,1,1,19.9462158203125,23.25476
3,928,17.4,16.866365,1,1,19.9462158203125,4.411832
3,876,6.3,7.5773883,1,1,19.9462158203125,7.8097897
3,1300,8.7,3.6631982,1,0,19.9462158203125,9.73214
3,404,12.4,10.994762,1,1,19.9462158203125,4.215662
3,1301,0.64,2.1490715,1,0,19.9462158203125,2.4119694
3,263,20.0,14.884917,1,0,19.9462158203125,8.6830845
3,59,89.26666667,85.429726,1,1,19.9462158203125,18.316832
3,65,17.2,13.413993,1,1,19.9462158203125,19.38478
3,59,73.9,87.315445,0,0,19.9462158203125,16.784025
3,437,15.0,17.486341,1,1,19.9462158203125,13.211849
3,1303,91.8,92.54865,1,1,19.9462158203125,32.27891
3,877,86.9,68.98581,0,1,19.9462158203125,56.585598
3,65,31.0,17.891428,0,0,19.9462158203125,22.17556
3,300,6.0,4.0980277,1,1,19.9462158203125,4.332909
3,422,108.5,82.38075,0,0,19.9462158203125,41.940197
3,1210,4.68,4.4458327,1,1,19.9462158203125,1.9066273
3,1311,37.14,25.422058,0,1,19.9462158203125,27.534018
3,1312,2.5,2.4083717,1,1,19.9462158203125,2.7030172
3,325,3.6,5.254734,1,1,19.9462158203125,7.468482
3,1303,81.25,70.512726,0,1,19.9462158203125,122.27229
3,59,47.2,76.104576,0,0,19.9462158203125,30.25482
3,1317,48.2,49.777245,1,1,19.9462158203125,38.557446
3,58,2.0,3.8927643,1,1,19.9462158203125,15.314297
3,269,11.0,27.131004,0,1,19.9462158203125,37.299374
3,59,87.0,63.965294,0,0,19.9462158203125,42.580753
3,377,11.83,26.184572,0,0,19.9462158203125,21.665215
3,1322,6.5,4.572748,1,0,19.9462158203125,2.6656811
3,356,9.25,5.3647738,1,0,19.9462158203125,5.151889
3,928,18.3,16.64378,1,1,19.9462158203125,5.81993
3,603,77.0,60.411545,0,1,19.9462158203125,36.417255
3,1328,0.38,6.929908,1,0,19.9462158203125,9.007912
3,912,7.83,9.749374,1,1,19.9462158203125,7.1131577
3,617,67.2,64.21037,1,1,19.9462158203125,29.9975
3,322,71.0,62.615456,1,1,19.9462158203125,22.22865
3,216,20.3,17.532156,1,1,19.9462158203125,33.41031
3,330,3.08,2.9008365,1,1,19.9462158203125,3.3825433
3,1333,0.052,-0.15061346,1,1,19.9462158203125,1.1404072
3,1336,1.4,2.1087272,1,1,19.9462158203125,2.6417923
3,210,5.7,31.524601,0,0,19.9462158203125,15.311753
3,1165,1.01,1.5113277,1,1,19.9462158203125,4.820218
3,59,114.0,90.98215,0,0,19.9462158203125,31.342293
3,1337,4.55,3.6487644,1,1,19.9462158203125,6.457249
3,856,5.17,7.2787714,1,1,19.9462158203125,6.9753833
3,285,13.0,12.713154,1,1,19.9462158203125,8.3600645
3,1341,23.02,29.195713,1,1,19.9462158203125,26.2563
3,414,2.0,3.5534103,1,1,19.9462158203125,4.65706
3,59,81.1,83.77319,1,1,19.9462158203125,32.242687
3,86,4.3,65.46224,0,0,19.9462158203125,58.274708
3,1344,2.8,2.845782,1,1,19.9462158203125,2.508016
3,41,3.18,4.822337,1,0,19.9462158203125,2.1913424
3,1347,4.76,7.161474,1,1,19.9462158203125,7.1559033
3,867,5.9,7.2392435,1,1,19.9462158203125,4.3153877
3,1349,0.58,0.13653691,1,1,19.9462158203125,2.7038112
3,1099,48.0,42.824688,1,1,19.9462158203125,33.947075
3,59,74.0,85.54102,0,0,19.9462158203125,18.316832
3,391,112.0,90.01624,0,0,19.9462158203125,33.617374
3,183,105.9816667,74.45976,0,0,19.9462158203125,31.82172
3,1351,7.1,5.061283,1,0,19.9462158203125,3.4887128
3,440,90.8,71.03383,0,1,19.9462158203125,47.75478
3,669,4.14,1.9488122,1,1,19.9462158203125,6.6382666
3,850,25.5,17.931467,1,1,19.9462158203125,16.031944
3,240,11.0,22.098778,0,1,19.9462158203125,35.596237
3,669,3.95,1.3002042,1,1,19.9462158203125,7.098607
3,1264,5.43,6.028412,1,1,19.9462158203125,6.737079
3,62,19.8,13.640536,1,0,19.9462158203125,6.6634464
3,1360,3.5,16.09255,0,1,19.9462158203125,61.195793
3,1361,130.0,123.39379,1,1,19.9462158203125,51.86597
3,166,1.647,5.070116,1,1,19.9462158203125,7.073864
3,346,3.6,18.622005,0,1,19.9462158203125,119.60541
3,86,60.0,64.16919,1,1,19.9462158203125,72.406876
3,236,89.88,85.99714,1,1,19.9462158203125,27.813364
3,1365,19.0,42.396008,0,1,19.9462158203125,49.990833
3,850,5.2,19.845705,0,0,19.9462158203125,19.724789
3,6,3.0,13.514807,0,1,19.9462158203125,30.413359
3,183,110.0,88.42348,0,1,19.9462158203125,52.960514
3,1368,2.5,2.245058,1,1,19.9462158203125,4.9582376
3,768,2.25,4.2940464,1,1,19.9462158203125,6.6930633
3,86,41.2,62.7678,0,1,19.9462158203125,76.33689
3,1373,7.21,15.085035,1,0,19.9462158203125,15.525045
3,86,89.5,86.061386,1,1,19.9462158203125,16.589151
3,1374,6.41,6.524695,1,1,19.9462158203125,5.6355486
3,86,91.65,91.4393,1,1,19.9462158203125,16.473251
3,25,13.8,12.415919,1,1,19.9462158203125,5.7306795
3,1379,39.1,42.75312,1,1,19.9462158203125,31.883533
3,1380,0.65,2.6708903,1,0,19.9462158203125,2.6829953
3,72,6.9,6.929396,1,1,19.9462158203125,3.9838278
3,1382,58.5,64.53784,1,1,19.9462158203125,32.76691
3,341,1.02,1.3492882,1,1,19.9462158203125,1.6500515
3,1386,94.8,73.15828,0,1,19.9462158203125,82.02541
3,160,90.0,74.53448,0,1,19.9462158203125,49.761
3,972,2.39,1.9685894,1,1,19.9462158203125,3.087022
3,1390,78.1,65.677765,0,1,19.9462158203125,37.711487
3,604,10.5,14.241931,1,1,19.9462158203125,8.245533
3,1392,3.77,3.4446518,1,1,19.9462158203125,3.99528
3,563,3.6,2.904551,1,1,19.9462158203125,2.7673051
3,661,9.9,7.439643,1,1,19.9462158203125,5.6826463
3,350,77.0,48.836502,0,1,19.9462158203125,90.63984
3,157,0.084,1.1140138,1,1,19.9462158203125,4.2728267
3,59,91.0,86.159836,1,1,19.9462158203125,19.807732
3,1398,30.0,31.380568,1,1,19.9462158203125,63.2371
3,1349,0.7,0.15595853,1,1,19.9462158203125,2.1645212
3,1402,1.64,2.0219254,1,1,19.9462158203125,3.0778687
3,1403,9.8,6.5037374,1,1,19.9462158203125,7.958605
3,59,81.0,86.159836,1,1,19.9462158203125,20.734303
3,5,1.53,5.775568,1,0,19.9462158203125,8.060984
3,86,58.95,51.34872,1,1,19.9462158203125,88.45958
3,1404,3.56,3.4803994,1,1,19.9462158203125,5.856408
3,800,3.3,3.0547314,1,1,19.9462158203125,3.6469789
3,1406,0.0466,0.97569907,1,1,19.9462158203125,2.3808882
3,22,11.3,56.422264,0,0,19.9462158203125,49.02695
3,1410,1.845,8.060695,1,1,19.9462158203125,57.08442
3,0,39.0,31.885473,1,1,19.9462158203125,27.253649
3,1411,4.1366,3.0966463,1,1,19.9462158203125,3.5916374
3,1412,0.6,2.3859236,1,1,19.9462158203125,7.585475
3,1237,16.0,26.496248,0,1,19.9462158203125,52.887005
3,511,5.6,3.9303718,1,1,19.9462158203125,6.4201393
3,1032,10.0,39.812027,0,1,19.9462158203125,59.71087
3,65,28.5,16.013565,0,0,19.9462158203125,17.476965
3,1417,2.1,2.5131948,1,1,19.9462158203125,5.1368623
3,6,30.6,27.680298,1,1,19.9462158203125,17.758663
3,646,3.5,5.5011196,1,1,19.9462158203125,15.681115
3,1183,7.39,7.1437035,1,1,19.9462158203125,8.23691
3,1420,24.0,46.112545,0,1,19.9462158203125,46.961864
3,374,7.6,30.329306,0,0,19.9462158203125,35.173515
3,131,2.2,5.0571055,1,1,19.9462158203125,7.298312
3,1423,4.52,5.033265,1,1,19.9462158203125,4.6999245
3,1424,37.5,65.53138,0,0,19.9462158203125,26.57814
3,73,2.7,3.8488595,1,1,19.9462158203125,4.354926
3,1379,26.2,33.39711,1,1,19.9462158203125,42.772755
3,604,13.32,13.28055,1,1,19.9462158203125,5.5426564
3,1047,21.0,45.214394,0,1,19.9462158203125,66.48236
3,1044,31.35,27.27174,1,1,19.9462158203125,18.795893
3,302,8.24,7.5864773,1,1,19.9462158203125,5.892733
3,1432,0.596,0.9055665,1,1,19.9462158203125,3.2380893
3,1433,2.13,3.440422,1,1,19.9462158203125,3.9041295
3,1435,2.79,3.7498295,1,0,19.9462158203125,1.3234092
3,867,8.3,8.157122,1,1,19.9462158203125,4.6000166
3,0,35.66,31.02563,1,1,19.9462158203125,22.989952
3,339,2.13,6.0700274,1,0,19.9462158203125,6.621512
3,350,78.0,68.729805,1,1,19.9462158203125,42.145702
3,236,88.0,74.46871,0,1,19.9462158203125,66.74665
3,41,2.418,4.698255,1,0,19.9462158203125,2.0832314
3,1440,0.964,4.223795,1,0,19.9462158203125,5.510801
3,1244,0.72,1.6052873,1,1,19.9462158203125,8.676301
3,1444,11.0,16.49968,1,1,19.9462158203125,39.496998
3,1168,67.5,73.97312,1,1,19.9462158203125,42.080425
3,901,18.1,17.270733,1,1,19.9462158203125,6.2454643
3,300,6.32,3.2646873,1,0,19.9462158203125,4.1920347
3,1444,18.0,16.188578,1,1,19.9462158203125,39.842693
3,1455,2.9,4.972265,1,1,19.9462158203125,10.493015
3,1107,1.625,-0.09636293,1,1,19.9462158203125,6.5524373
3,730,9.55,7.4614177,1,1,19.9462158203125,4.1786895
3,1459,14.4,15.001921,1,1,19.9462158203125,25.179174
3,1460,20.0,27.272652,1,1,19.9462158203125,61.243526
3,549,3.8,3.4813967,1,1,19.9462158203125,5.8863306
3,554,15.0,15.41678,1,1,19.9462158203125,23.602116
3,168,45.0,27.342417,0,0,19.9462158203125,24.207762
3,65,18.95,11.056922,1,1,19.9462158203125,19.870571
3,669,4.17,1.9488122,1,1,19.9462158203125,6.6382666
3,1477,75.1,81.59241,1,1,19.9462158203125,88.158615
3,62,19.2,16.681154,1,0,19.9462158203125,4.7394342
3,1480,26.0,23.49773,1,1,19.9462158203125,47.042267
3,1046,2.94,3.9130502,1,1,19.9462158203125,6.7517314
3,341,0.556,1.3353181,1,1,19.9462158203125,1.7092837
3,166,0.727,4.472477,1,0,19.9462158203125,6.9143972
3,50,18.0,28.980806,0,1,19.9462158203125,49.44963
3,1293,33.0,20.873362,0,1,19.9462158203125,52.60071
3,1089,1.3,2.460342,1,1,19.9462158203125,3.5759325
3,1488,0.93,3.9119568,1,0,19.9462158203125,3.3076196
3,1489,4.37,3.3821294,1,1,19.9462158203125,3.693039
3,57,86.0,48.82995,0,0,19.9462158203125,35.01014
3,86,88.65,80.8153,1,1,19.9462158203125,34.874332
3,800,3.66,3.2715354,1,1,19.9462158203125,3.1913257
3,1493,1.53,3.3464162,1,1,19.9462158203125,5.641052
3,1494,9.85,9.062781,1,1,19.9462158203125,6.3445745
3,269,12.0,25.611935,0,0,19.9462158203125,26.529215
3,86,89.025,88.38691,1,1,19.9462158203125,10.8389015
3,1495,9.5,5.37873,1,0,19.9462158203125,5.8558507
3,1132,39.0,37.486477,1,1,19.9462158203125,6.294415
3,590,10.3,9.053577,1,1,19.9462158203125,15.730784
3,1406,1.9,1.4827439,1,1,19.9462158203125,2.426306
3,1499,3.935,2.8918812,1,1,19.9462158203125,4.477608
3,175,0.885,10.605424,1,0,19.9462158203125,12.889268
3,1501,2.892,2.531896,1,1,19.9462158203125,1.9426507
3,1097,3.73,2.6349096,1,1,19.9462158203125,2.8357763
3,463,32.5,26.589071,1,1,19.9462158203125,26.117798
3,1136,6.233333333,5.8249264,1,1,19.9462158203125,7.7609425
3,1502,5.1,4.456989,1,1,19.9462158203125,7.7396097
3,529,5.5,2.4632788,1,0,19.9462158203125,4.105262
3,1504,46.0,35.632965,0,1,19.9462158203125,140.08841
3,57,86.0,52.133842,0,0,19.9462158203125,30.348728
3,1506,2.55,4.0693774,1,1,19.9462158203125,5.035918
3,1507,3.7,3.8441172,1,1,19.9462158203125,3.6901329
3,1508,2.0,8.060284,1,0,19.9462158203125,8.273754
3,1510,0.75,2.987643,1,1,19.9462158203125,5.1465716
3,1512,3.48,5.450764,1,0,19.9462158203125,3.5567048
3,290,82.0,78.0746,1,1,19.9462158203125,24.73189
3,123,8.8,5.293723,1,1,19.9462158203125,9.062465
3,1515,1.5,2.764787,1,1,19.9462158203125,4.3496485
3,1516,1.35,4.186667,1,0,19.9462158203125,5.169763
3,57,51.0,59.116383,1,1,19.9462158203125,66.82871
3,1237,31.3,23.747215,1,1,19.9462158203125,69.278275
3,300,4.1,3.9559147,1,1,19.9462158203125,4.4452376
3,1521,0.38,2.110515,1,1,19.9462158203125,9.133443
3,1522,4.275,5.555237,1,1,19.9462158203125,3.0876973
3,1523,4.965,23.149527,0,1,19.9462158203125,46.96361
3,1165,1.48,1.4947226,1,1,19.9462158203125,3.9786894
3,86,57.7,77.526955,0,0,19.9462158203125,34.07559
3,1501,1.5,3.0090554,1,1,19.9462158203125,4.7498593
3,1532,6.6,3.411971,1,1,19.9462158203125,6.716857
3,901,17.8,16.442484,1,1,19.9462158203125,6.804696
3,216,30.04,29.633356,1,1,19.9462158203125,15.245768
3,300,4.7,3.9027152,1,1,19.9462158203125,4.3934307
3,1535,5.203333333,3.2537553,1,1,19.9462158203125,5.5191064
3,1499,4.25,4.968776,1,1,19.9462158203125,20.067911
3,1536,44.0,42.1937,1,1,19.9462158203125,26.599274
3,22,92.0,86.11656,1,0,19.9462158203125,9.614978
3,197,3.32,5.549346,1,1,19.9462158203125,10.544487
3,1538,2.0,2.7242122,1,1,19.9462158203125,6.193698
3,21,23.0,27.324474,1,1,19.9462158203125,72.058685
3,65,20.0,12.165189,1,1,19.9462158203125,21.481348
3,290,82.0,56.284073,0,0,19.9462158203125,29.475857
3,1544,1.65,2.8217983,1,1,19.9462158203125,6.0735707
3,195,2.13,1.4124503,1,1,19.9462158203125,1.6809716
3,1545,1.15,0.89319044,1,1,19.9462158203125,3.3991272
3,1546,0.65,4.528911,1,0,19.9462158203125,7.5732656
3,166,6.17,5.4414763,1,1,19.9462158203125,7.7745647
3,1548,1.32,2.416836,1,1,19.9462158203125,3.7920306
3,967,47.5,29.265089,0,0,19.9462158203125,27.135002
3,972,1.38,1.9650129,1,1,19.9462158203125,3.087022
3,1549,14.8,16.875416,1,1,19.9462158203125,15.889584
3,175,3.9,3.7299132,1,1,19.9462158203125,2.207646
3,1552,2.3,3.3779495,1,1,19.9462158203125,2.7944033
3,34,1.6,1.611745,1,1,19.9462158203125,2.836011
3,586,69.4,55.805496,0,1,19.9462158203125,47.3034
3,285,16.0,16.243048,1,1,19.9462158203125,6.9352617
3,838,0.62,1.6119411,1,1,19.9462158203125,5.5632563
3,1555,4.25,10.869555,1,1,19.9462158203125,20.928598
3,1032,70.0,63.24283,1,1,19.9462158203125,41.71549
3,911,85.0,62.266212,0,1,19.9462158203125,100.80645
3,1037,13.5,25.634247,0,1,19.9462158203125,39.80228
3,124,8.22,6.972447,1,1,19.9462158203125,6.3729234
3,649,80.9,77.65285,1,1,19.9462158203125,47.491676
3,781,107.0,80.917366,0,1,19.9462158203125,97.466675
3,1561,1.1,1.9738908,1,1,19.9462158203125,3.573163
3,1562,3.933333333,7.3912582,1,1,19.9462158203125,18.601162
3,1563,6.05,11.561194,1,0,19.9462158203125,10.683551
3,1233,4.38,9.653359,1,1,19.9462158203125,11.606787
3,86,60.0,69.195984,1,1,19.9462158203125,57.750614
3,216,41.45,38.39968,1,1,19.9462158203125,21.294762
3,168,35.0,21.231041,0,1,19.9462158203125,28.196064
3,1567,2.1,3.3890193,1,1,19.9462158203125,6.0594807
3,1568,39.0,26.506071,0,1,19.9462158203125,42.67619
3,61,7.92,3.1351829,1,0,19.9462158203125,4.212492
3,62,19.3,17.233774,1,1,19.9462158203125,4.253108
3,1571,9.1,18.76372,1,1,19.9462158203125,63.866318
3,870,0.85,5.9940176,1,0,19.9462158203125,10.055955
3,1545,0.46,3.2297251,1,1,19.9462158203125,7.3855476
3,5,12.2,12.85235,1,1,19.9462158203125,5.7192745
3,1572,0.47,0.48802894,1,1,19.9462158203125,1.8115454
3,1512,6.51,6.1494527,1,1,19.9462158203125,4.2352567
3,1573,16.0,25.62047,1,1,19.9462158203125,35.390217
3,1574,42.0,46.149017,1,1,19.9462158203125,42.721428
3,928,14.6,16.30618,1,1,19.9462158203125,5.035541
3,6,31.0,35.20675,1,1,19.9462158203125,19.797262
3,1576,11.9,13.757753,1,1,19.9462158203125,9.975592
3,1577,1.6,1.3969587,1,1,19.9462158203125,4.7959704
3,273,9.2,25.813889,0,0,19.9462158203125,18.531866
3,1235,65.0,61.950596,1,1,19.9462158203125,43.400074
3,1579,2.155,4.8453226,1,1,19.9462158203125,8.194309
3,1455,4.8,4.964166,1,1,19.9462158203125,7.4494457
3,50,40.0,55.624092,0,1,19.9462158203125,34.424538
3,551,30.0,20.601292,1,1,19.9462158203125,32.900837
3,490,4.3,3.3778806,1,1,19.9462158203125,5.2256236
3,361,5.6,9.533018,1,1,19.9462158203125,8.814549
3,392,12.0,12.383917,1,1,19.9462158203125,6.629869
3,269,9.95,15.806098,1,1,19.9462158203125,28.912134
3,499,15.8,9.584246,1,0,19.9462158203125,6.168908
3,1582,2.68,2.6169293,1,1,19.9462158203125,7.593681
3,1044,31.8,27.601599,1,1,19.9462158203125,19.536684
3,59,81.3,86.159836,1,1,19.9462158203125,19.52989
3,22,91.2,72.33835,0,0,19.9462158203125,20.58668
3,103,3.73,2.6880171,1,1,19.9462158203125,3.3188326
3,1584,10.58,12.454666,1,0,19.9462158203125,3.3301783
3,1585,18.28,17.953897,1,1,19.9462158203125,4.094865
3,126,81.27,82.46518,1,1,19.9462158203125,39.861267
3,1586,62.7,29.446795,0,1,19.9462158203125,83.367805
3,669,3.62,2.1149724,1,1,19.9462158203125,6.810577
3,62,17.6,15.569439,1,1,19.9462158203125,5.0630565
3,549,6.9,3.5067103,1,0,19.9462158203125,6.2795615
3,0,13.0,20.403881,1,1,19.9462158203125,46.91711
3,1459,15.2,14.922252,1,1,19.9462158203125,10.778943
3,216,33.0,24.20414,1,0,19.9462158203125,16.429922
3,456,5.0,11.932887,1,0,19.9462158203125,8.527063
3,0,6.42,19.483557,0,1,19.9462158203125,48.7607
3,991,14.5,9.548053,1,0,19.9462158203125,5.528269
3,446,10.6,9.018818,1,1,19.9462158203125,8.223941
3,1228,28.9,26.815033,1,1,19.9462158203125,31.140923
3,1593,33.0,21.03767,0,1,19.9462158203125,24.8639
3,183,124.0,77.256645,0,0,19.9462158203125,56.44546
3,1597,59.0,46.939987,0,1,19.9462158203125,52.361843
3,356,12.0,6.0319715,1,0,19.9462158203125,5.946161
3,557,19.8,23.300034,1,1,19.9462158203125,21.09745
3,581,6.905,6.1336555,1,1,19.9462158203125,3.873457
3,1599,1.3,1.7013656,1,1,19.9462158203125,1.92927
3,1601,0.75,3.8762362,1,0,19.9462158203125,3.7726173
3,967,35.0,31.786625,1,1,19.9462158203125,26.368229
3,1604,123.5,113.07825,0,1,19.9462158203125,33.9263
3,1606,1.47,1.199535,1,1,19.9462158203125,4.2250295
3,403,8.77,4.5053487,1,0,19.9462158203125,6.18527
3,1611,6.39,7.426361,1,1,19.9462158203125,11.092061
3,490,1.29,2.404701,1,1,19.9462158203125,3.847493
3,208,3.655,4.168102,1,1,19.9462158203125,3.3017719
3,1615,11.1,7.8630037,1,1,19.9462158203125,7.312489
3,208,5.5,3.814197,1,0,19.9462158203125,3.3695822
3,59,90.2,87.72818,1,1,19.9462158203125,17.125362
3,128,15.0,17.17303,1,1,19.9462158203125,13.317872
3,211,1.25,2.244889,1,1,19.9462158203125,4.001993
3,600,16.0,30.564907,0,1,19.9462158203125,33.834946
3,175,2.09,6.994416,1,0,19.9462158203125,8.562655
3,611,33.0,34.7387,1,1,19.9462158203125,47.992268
3,1620,16.4,12.226128,1,0,19.9462158203125,6.747623
3,1136,4.3,6.5451717,1,1,19.9462158203125,5.9920325
3,1621,52.0,36.30226,0,1,19.9462158203125,56.999546
3,400,5.11,23.112062,0,0,19.9462158203125,31.472961
3,1622,21.66666667,15.88982,1,1,19.9462158203125,17.329502
3,1032,58.0,41.98168,0,1,19.9462158203125,41.40687
3,1623,1.8,2.2713897,1,1,19.9462158203125,4.6184497
3,1625,3.56,4.052914,1,1,19.9462158203125,5.1772146
3,34,1.04,2.5895169,1,1,19.9462158203125,3.528085
3,1627,92.4,72.54577,0,1,19.9462158203125,51.613274
3,1156,36.2,35.762283,1,1,19.9462158203125,36.69706
3,1630,52.0,38.356884,0,1,19.9462158203125,50.21517
3,59,70.0,85.54102,0,0,19.9462158203125,18.316832
3,273,26.0,23.685135,1,1,19.9462158203125,40.563366
3,1634,1.78,1.1322883,1,1,19.9462158203125,4.291876
3,898,74.0,56.15444,0,0,19.9462158203125,21.444326
3,1637,34.0,36.34477,1,1,19.9462158203125,13.018079
3,123,2.9,9.66027,1,0,19.9462158203125,9.073178
3,166,3.196,5.2618356,1,1,19.9462158203125,7.2533417
3,1504,62.0,32.08114,0,1,19.9462158203125,92.75213
3,1638,14.3,7.5730267,1,0,19.9462158203125,8.415868
3,59,88.25,83.56572,1,1,19.9462158203125,25.40837
3,1639,9.2,7.499392,1,1,19.9462158203125,4.6364455
3,195,1.92,1.6096727,1,1,19.9462158203125,1.6809716
3,183,91.0,85.72949,1,1,19.9462158203125,52.867
3,1643,1.7,4.0105557,1,0,19.9462158203125,2.2319517
3,1644,0.0074,1.2356833,1,1,19.9462158203125,5.0324316
3,1645,1.3,2.2655895,1,1,19.9462158203125,4.0353303
3,65,23.3,29.64303,1,1,19.9462158203125,64.82334
3,979,3.1,6.3607197,1,1,19.9462158203125,8.599025
3,6,33.0,31.16358,1,1,19.9462158203125,20.039738
3,1648,7.12,5.679985,1,1,19.9462158203125,4.014305
3,973,15.0,11.7194195,1,1,19.9462158203125,8.784233
3,22,92.0,75.3039,0,0,19.9462158203125,14.380836
3,768,6.62,4.853336,1,1,19.9462158203125,6.4966717
3,1652,81.0,68.450905,0,1,19.9462158203125,62.56626
3,1655,1.37,1.9340261,1,1,19.9462158203125,2.3022437
3,1656,0.61,3.0046163,1,0,19.9462158203125,3.8454192
3,440,89.4,72.13543,0,1,19.9462158203125,38.451397
3,202,6.79,4.921902,1,1,19.9462158203125,7.352958
3,611,35.0,39.738174,1,1,19.9462158203125,65.94559
3,1659,4.38,4.170333,1,1,19.9462158203125,3.9482808
3,558,4.15,5.056604,1,1,19.9462158203125,18.502054
3,1328,0.69,4.655237,1,0,19.9462158203125,7.2832
3,65,27.9,15.982821,0,0,19.9462158203125,19.085049
3,1204,9.226363636,10.401172,1,1,19.9462158203125,9.364696
3,1660,5.95,8.496911,1,1,19.9462158203125,44.820923
3,1433,2.6,3.83218,1,1,19.9462158203125,4.0965323
3,65,24.525,12.354919,0,0,19.9462158203125,20.810762
3,1663,1.4,13.750768,0,1,19.9462158203125,36.736748
3,490,1.17,2.5811248,1,1,19.9462158203125,3.7218826
3,210,37.2,27.411013,1,1,19.9462158203125,38.092403
3,551,30.0,28.499334,1,1,19.9462158203125,29.032858
3,65,18.7,13.585461,1,1,19.9462158203125,19.237583
3,391,63.5,66.311905,1,1,19.9462158203125,49.318573
3,65,29.35,10.872134,0,0,19.9462158203125,19.156574
3,437,15.0,17.681723,1,1,19.9462158203125,11.723593
3,1670,3.525,7.111508,1,1,19.9462158203125,79.484344
3,407,30.0,40.33188,0,1,19.9462158203125,68.460045
3,334,5.94,4.613206,1,1,19.9462158203125,4.036404
3,1406,0.168,0.907395,1,1,19.9462158203125,2.431069
3,856,5.96,7.166211,1,1,19.9462158203125,6.9753833
3,370,16.25,13.241782,1,1,19.9462158203125,6.874414
3,1671,6.76,3.7334611,1,0,19.9462158203125,4.765955
3,216,26.0,15.518445,0,1,19.9462158203125,39.144802
3,1673,44.0,48.48244,1,1,19.9462158203125,18.628838
3,285,12.7,11.560328,1,1,19.9462158203125,7.995942
3,222,1.4,1.7163478,1,1,19.9462158203125,3.9493973
3,1061,52.0,50.312576,1,1,19.9462158203125,30.144245
3,915,1.43,2.9055908,1,1,19.9462158203125,3.4015753
3,1675,9.4,8.84796,1,1,19.9462158203125,22.169558
3,529,1.75,2.478024,1,1,19.9462158203125,4.686878
3,0,26.0,26.669327,1,1,19.9462158203125,35.581367
3,240,11.0,22.053928,0,1,19.9462158203125,30.553291
3,1521,0.42,2.0769558,1,1,19.9462158203125,9.133443
3,403,8.81,6.1861243,1,1,19.9462158203125,7.3734975
3,86,89.0,74.86386,0,1,19.9462158203125,56.58647
3,1168,86.0,84.14895,1,1,19.9462158203125,19.798313
3,208,3.628,4.1388354,1,1,19.9462158203125,3.258368
3,1680,3.5,3.8241777,1,1,19.9462158203125,2.5476403
3,160,88.0,79.636215,1,1,19.9462158203125,43.07448
3,22,79.0,65.53097,0,1,19.9462158203125,52.421276
3,350,78.0,68.33559,1,1,19.9462158203125,44.797646
3,59,80.0,77.58046,1,1,19.9462158203125,51.417156
3,120,12.2,11.853149,1,1,19.9462158203125,19.670696
3,6,22.9,21.77698,1,1,19.9462158203125,15.956253
3,1233,1.17,6.7321577,1,1,19.9462158203125,13.581615
3,126,84.11,84.51535,1,1,19.9462158203125,38.307014
3,557,33.0,23.042427,1,1,19.9462158203125,21.130194
3,967,49.05,47.8567,1,1,19.9462158203125,25.14106
3,318,4.08,3.777445,1,1,19.9462158203125,6.018477
3,128,15.2,15.847421,1,1,19.9462158203125,6.7617655
3,1082,6.6,5.629764,1,1,19.9462158203125,9.874943
3,166,1.468,4.153699,1,1,19.9462158203125,7.50903
3,1691,60.8,69.32723,1,1,19.9462158203125,38.063507
3,1695,1.4,2.40387,1,1,19.9462158203125,2.9112785
3,332,16.0,17.430565,1,1,19.9462158203125,31.07642
3,356,10.6,6.1668577,1,0,19.9462158203125,5.9621034
3,1373,7.8,15.6195755,1,0,19.9462158203125,14.8879595
3,1192,0.16,1.4753929,1,1,19.9462158203125,4.1354513
3,1703,80.0,72.8317,1,1,19.9462158203125,71.309586
3,1706,16.4,13.666205,1,1,19.9462158203125,7.078625
3,850,32.5,37.19484,1,1,19.9462158203125,23.023788
3,1707,0.785,3.4749985,1,1,19.9462158203125,5.5101204
3,1710,22.2,18.420454,1,1,19.9462158203125,33.946304
3,62,17.4,13.677393,1,1,19.9462158203125,8.677201
3,175,1.5,7.8358264,1,0,19.9462158203125,9.654508
3,1379,14.0,28.860502,0,1,19.9462158203125,54.24093
3,1713,1.7,2.952889,1,1,19.9462158203125,19.345173
3,1210,3.93,3.8593645,1,1,19.9462158203125,2.363128
3,471,4.32,7.932849,1,1,19.9462158203125,12.152934
3,216,29.2,21.59976,1,1,19.9462158203125,22.636036
3,61,3.4,1.7622441,1,1,19.9462158203125,3.3072114
3,850,30.5,27.95174,1,1,19.9462158203125,22.275738
3,6,4.4,17.601614,0,0,19.9462158203125,23.284973
3,1721,7.7,2.5045114,1,0,19.9462158203125,7.828518
3,908,5.57,4.2201667,1,1,19.9462158203125,3.1352978
3,216,10.2,19.107506,1,1,19.9462158203125,20.780838
3,557,25.0,23.049301,1,1,19.9462158203125,21.58243
3,1512,6.715,6.0909863,1,1,19.9462158203125,4.2352567
3,116,13.6,18.134031,1,1,19.9462158203125,28.53912
3,1726,60.0,48.59042,0,1,19.9462158203125,38.97156
3,1727,4.4,7.3663187,1,1,19.9462158203125,12.7045965
3,82,2.13,4.272586,1,1,19.9462158203125,5.579402
3,160,91.0,75.043434,0,1,19.9462158203125,46.244404
3,1729,2.4,5.8176565,1,1,19.9462158203125,7.6643367
3,356,10.0,5.1830044,1,0,19.9462158203125,4.5593762
3,1207,2.25,1.8128194,1,1,19.9462158203125,1.951098
3,168,43.0,26.98793,0,0,19.9462158203125,31.027172
3,211,1.2,0.6997416,1,1,19.9462158203125,3.3024724
3,1731,1.3,0.93619764,1,1,19.9462158203125,4.240017
3,183,112.0,86.0909,0,1,19.9462158203125,65.32635
3,1733,2.516666667,10.668043,1,0,19.9462158203125,5.806483
3,126,86.0,82.981186,1,1,19.9462158203125,45.26344
3,1735,3.09,3.7975543,1,1,19.9462158203125,7.2144217
3,228,18.28,17.540646,1,1,19.9462158203125,14.771243
3,91,84.5,45.058567,0,0,19.9462158203125,50.073967
3,62,19.8,16.594034,1,0,19.9462158203125,4.7394342
3,1739,11.2,10.313062,1,1,19.9462158203125,3.8188138
3,1741,20.6,54.003574,0,0,19.9462158203125,37.46593
3,562,10.0,6.2859025,1,0,19.9462158203125,6.82352
3,6,17.0,14.742592,1,1,19.9462158203125,24.287281
3,410,3.4,4.188435,1,1,19.9462158203125,4.491245
3,1746,6.4701,6.8064866,1,1,19.9462158203125,2.324551
3,0,38.0,32.232265,1,1,19.9462158203125,30.787128
3,65,1.88,9.856298,1,1,19.9462158203125,26.31341
3,1750,4.8,7.8736067,1,1,19.9462158203125,47.33894
3,632,0.047,0.20625268,1,1,19.9462158203125,1.8567758
3,208,3.766,4.2059784,1,1,19.9462158203125,3.066863
3,290,43.0,37.89282,1,1,19.9462158203125,101.25924
3,34,0.955,2.5912132,1,1,19.9462158203125,3.528085
3,1752,11.0,13.31249,1,1,19.9462158203125,6.1120405
3,1014,2.9,3.094693,1,1,19.9462158203125,8.077789
3,1756,55.6,34.42356,0,1,19.9462158203125,63.106243
3,1757,3.02,2.6924355,1,1,19.9462158203125,4.012751
3,808,2.9,4.7995186,1,0,19.9462158203125,1.9887902
3,1097,3.66,0.37975192,1,0,19.9462158203125,2.7088544
3,1535,4.3,4.455521,1,1,19.9462158203125,4.5043864
3,16,11.0,6.7841887,1,1,19.9462158203125,9.09043
3,216,40.0,23.668713,0,0,19.9462158203125,18.838726
3,1206,1.25,1.9553628,1,1,19.9462158203125,3.363593
3,1082,5.9,5.847076,1,1,19.9462158203125,10.379705
3,1764,3.91,5.65341,1,1,19.9462158203125,5.793198
3,528,6.6,10.228673,1,0,19.9462158203125,6.416879
3,246,7.4,8.016926,1,1,19.9462158203125,34.916344
3,850,28.6,23.671818,1,1,19.9462158203125,21.047915
3,1771,1.67,1.8259753,1,1,19.9462158203125,2.9133186
3,1772,8.0,22.240614,0,1,19.9462158203125,32.603573
3,617,82.0,70.87281,0,1,19.9462158203125,28.058561
3,1535,1.7,2.6129892,1,1,19.9462158203125,3.48067
3,6,3.0,18.17665,0,0,19.9462158203125,24.43678
3,973,11.6,10.07261,1,1,19.9462158203125,8.731634
3,876,6.7,7.4401984,1,1,19.9462158203125,8.893644
3,1776,30.0,26.681509,1,1,19.9462158203125,20.796587
3,59,73.0,85.003624,0,1,19.9462158203125,24.205648
3,1165,0.89,1.4251219,1,1,19.9462158203125,4.820218
3,1777,2.5,5.8143444,1,0,19.9462158203125,6.4009905
3,1778,10.8,11.888269,1,1,19.9462158203125,6.8749967
3,1779,1.46,3.3940887,1,0,19.9462158203125,3.2645571
3,1089,8.28,3.5937643,1,0,19.9462158203125,5.581134
3,229,3.72,7.2497396,1,0,19.9462158203125,3.9919202
3,928,13.6,15.55044,1,1,19.9462158203125,5.8870583
3,216,33.2,22.943316,0,1,19.9462158203125,21.95088
3,1783,3.7,4.738023,1,1,19.9462158203125,2.8745353
3,356,10.6,6.0441785,1,0,19.9462158203125,5.6379023
3,630,5.65,5.620926,1,1,19.9462158203125,5.9764347
3,1210,4.07,3.976799,1,1,19.9462158203125,2.3465085
3,1785,25.0,20.000051,1,1,19.9462158203125,28.891743
3,685,79.0,68.11575,0,1,19.9462158203125,58.554905
3,86,22.0,21.881521,1,1,19.9462158203125,64.56921
3,1535,5.83,5.1380863,1,1,19.9462158203125,3.9011848
3,86,90.6,74.2553,0,1,19.9462158203125,40.387897
3,871,56.0,36.763714,0,0,19.9462158203125,35.11696
3,1210,2.33,4.148318,1,0,19.9462158203125,1.6760592
3,1790,13.6,6.5515814,1,0,19.9462158203125,11.220065
3,62,20.75,15.389106,1,0,19.9462158203125,5.147836
3,966,12.01,8.052679,1,1,19.9462158203125,14.517097
3,1597,71.0,57.219215,0,1,19.9462158203125,53.942787
3,1795,2.5,6.9296927,1,0,19.9462158203125,7.8492055
3,154,1.55,2.873061,1,1,19.9462158203125,3.7914948
3,1796,2.5275,3.4562285,1,1,19.9462158203125,4.706229
3,1797,9.22,4.1640763,1,1,19.9462158203125,14.865227
3,1798,4.55,2.9273098,1,0,19.9462158203125,2.9245198
3,1113,52.5,78.656654,0,0,19.9462158203125,45.264496
3,403,8.77,5.003516,1,0,19.9462158203125,7.0639615
3,173,2.45,4.9596033,1,1,19.9462158203125,19.21605
3,0,10.0,19.066784,1,1,19.9462158203125,45.889374
3,1806,7.833333333,2.9046001,1,0,19.9462158203125,4.4466
3,1165,1.52,1.5035998,1,1,19.9462158203125,2.8429239
3,1808,0.8,8.409828,1,1,19.9462158203125,20.781218
3,692,2.12,2.5822113,1,1,19.9462158203125,2.948475
3,967,32.6,49.405544,0,1,19.9462158203125,35.34218
3,361,7.2,10.987284,1,1,19.9462158203125,8.622035
3,1764,6.0,5.1485724,1,1,19.9462158203125,6.4665413
3,245,31.8,27.15268,1,1,19.9462158203125,17.27176
3,59,74.3,85.06825,0,1,19.9462158203125,53.141403
3,528,12.0,8.170628,1,1,19.9462158203125,9.650339
3,1165,1.73,1.5035998,1,1,19.9462158203125,2.8429239
3,1816,17.6,21.033838,1,1,19.9462158203125,54.533268
3,356,7.62,5.510382,1,1,19.9462158203125,5.1873703
3,1817,4.2,2.7074957,1,1,19.9462158203125,4.431149
3,62,20.4,15.379543,1,0,19.9462158203125,5.252812
3,216,39.35,30.263596,1,0,19.9462158203125,11.197666
3,1818,0.158,1.6494557,1,1,19.9462158203125,3.1420305
3,59,86.0,87.5354,1,1,19.9462158203125,16.611788
3,1821,0.37,2.687117,1,1,19.9462158203125,6.174157
3,1127,3.44,4.1986012,1,1,19.9462158203125,4.0844383
3,128,12.2,16.411463,1,0,19.9462158203125,6.486017
3,1206,1.48,0.7224596,1,1,19.9462158203125,2.3272226
3,391,75.0,72.62176,1,1,19.9462158203125,43.54357
3,216,33.0,30.104292,1,1,19.9462158203125,14.591077
3,208,3.69,3.981435,1,1,19.9462158203125,3.0657856
3,1183,7.97,7.2605295,1,1,19.9462158203125,7.158056
3,59,85.0,84.73606,1,1,19.9462158203125,53.141403
3,57,55.5,52.298428,1,1,19.9462158203125,37.05465
3,1207,2.18,1.7104038,1,1,19.9462158203125,1.951098
3,1828,16.15,14.630008,1,1,19.9462158203125,12.807478
3,62,19.9,16.681154,1,0,19.9462158203125,4.7394342
3,1830,1.566666667,1.3748254,1,1,19.9462158203125,3.7857049
3,1097,2.77,0.37975192,1,0,19.9462158203125,2.7088544
3,403,8.72,4.44739,1,1,19.9462158203125,9.000374
3,1831,5.3,3.077722,1,1,19.9462158203125,8.874092
3,1832,0.74,4.164647,1,1,19.9462158203125,13.644973
3,1834,22.6,12.334556,0,1,19.9462158203125,27.756857
3,57,59.0,54.113186,1,1,19.9462158203125,43.660217
3,22,58.0,55.073814,1,1,19.9462158203125,46.703533
3,1840,115.0,94.76892,0,0,19.9462158203125,39.553223
3,763,3.51,3.7267542,1,1,19.9462158203125,4.241717
3,350,20.6,24.713495,1,1,19.9462158203125,28.93536
3,65,29.0,16.015211,0,0,19.9462158203125,17.476965
3,437,11.0,18.16667,1,1,19.9462158203125,31.539337
3,1423,3.77,4.9085536,1,1,19.9462158203125,4.4129467
3,961,48.6,63.406544,0,1,19.9462158203125,33.28029
3,632,2.38,2.9675941,1,1,19.9462158203125,3.648798
3,966,12.66,7.4257846,1,1,19.9462158203125,12.502122
3,1008,27.0,18.970963,1,1,19.9462158203125,24.114206
3,1277,35.1,24.9004,0,0,19.9462158203125,18.443842
3,573,3.36,2.7950613,1,1,19.9462158203125,12.337425
3,581,6.3,4.206833,1,0,19.9462158203125,2.7376285
3,1210,3.94,3.8593645,1,1,19.9462158203125,2.363128
3,236,90.36,85.94862,1,1,19.9462158203125,25.97213
3,16,5.5,6.155412,1,1,19.9462158203125,8.133405
3,1852,16.0,29.85375,0,1,19.9462158203125,41.860134
3,57,80.6,49.352333,0,0,19.9462158203125,37.8322
3,57,82.2,44.245937,0,0,19.9462158203125,40.140636
3,128,11.7,17.764456,1,1,19.9462158203125,12.616899
3,1853,7.283333333,10.396406,1,1,19.9462158203125,17.499035
3,876,8.7,7.7414737,1,1,19.9462158203125,13.037896
3,876,12.2,7.7789316,1,1,19.9462158203125,13.694711
3,1579,7.35,5.866477,1,1,19.9462158203125,7.6598926
3,785,2.05,3.079766,1,1,19.9462158203125,6.2310686
3,1627,91.05,86.148636,1,1,19.9462158203125,74.07861
3,1859,4.5,3.9599411,1,1,19.9462158203125,3.5341814
3,1860,14.0,17.644308,1,1,19.9462158203125,14.651064
3,65,7.2,11.778289,1,1,19.9462158203125,21.793589
3,356,11.5,6.0172253,1,0,19.9462158203125,5.7852297
3,557,17.0,22.056345,1,1,19.9462158203125,24.86274
3,785,0.785,2.8637779,1,1,19.9462158203125,7.0328975
3,409,3.29,2.9040322,1,1,19.9462158203125,2.6349804
3,300,6.38,3.989237,1,0,19.9462158203125,4.5905943
3,1865,10.1,5.474945,1,0,19.9462158203125,6.0095534
3,166,5.91,5.4414763,1,1,19.9462158203125,7.7745647
3,86,78.0,65.716255,0,1,19.9462158203125,59.52478
3,168,32.0,18.348589,0,1,19.9462158203125,30.448677
3,1868,16.0,18.342886,1,1,19.9462158203125,15.15511
3,285,15.2,13.306181,1,1,19.9462158203125,7.4727
3,1869,3.4,2.5308402,1,1,19.9462158203125,5.239397
3,168,43.5,25.65909,0,0,19.9462158203125,24.676529
3,300,4.6,2.9346836,1,1,19.9462158203125,4.6600633
3,370,15.5,11.731962,1,0,19.9462158203125,6.5388985
3,934,5.3,4.951795,1,1,19.9462158203125,6.5305696
3,933,8.6,2.7089558,1,0,19.9462158203125,7.510636
3,1546,1.18,3.3427937,1,0,19.9462158203125,3.7283022
3,1726,58.5,30.350325,0,0,19.9462158203125,45.82174
3,289,2.49,4.178761,1,1,19.9462158203125,6.769797
3,1237,31.3,22.27015,1,1,19.9462158203125,64.34316
3,1764,3.12,5.3826704,1,1,19.9462158203125,6.548676
3,1522,6.0,6.442716,1,1,19.9462158203125,5.6240945
3,685,20.0,61.65238,0,0,19.9462158203125,49.690304
3,558,4.4,5.5017066,1,1,19.9462158203125,15.797261
3,1888,7.4,8.225498,1,1,19.9462158203125,23.21474
3,1336,2.625,2.6899395,1,1,19.9462158203125,6.779385
3,1223,41.2,51.315742,0,1,19.9462158203125,47.153343
3,912,8.545,9.015255,1,1,19.9462158203125,4.3000035
3,871,12.0,36.65163,0,0,19.9462158203125,37.55253
3,1890,1.21,4.582344,1,1,19.9462158203125,12.231595
3,1235,40.0,42.654076,1,1,19.9462158203125,47.78589
3,126,85.0,66.946754,0,1,19.9462158203125,40.744835
3,1893,18.14,17.651075,1,1,19.9462158203125,3.9438355
3,1386,92.6,80.325836,0,1,19.9462158203125,27.39788
3,636,5.43,4.6493263,1,1,19.9462158203125,3.0287728
3,581,2.7,3.688249,1,1,19.9462158203125,2.9046857
3,290,86.0,89.251335,1,0,19.9462158203125,3.052431
3,1808,0.47,8.778176,1,1,19.9462158203125,21.478977
3,422,67.1,95.55739,0,1,19.9462158203125,75.908
3,1174,2.46,2.140571,1,1,19.9462158203125,3.7105503
3,216,15.0,22.105343,1,1,19.9462158203125,24.409763
3,1901,1.51,3.7421036,1,1,19.9462158203125,4.790407
3,1902,3.1065,3.4127476,1,1,19.9462158203125,23.724329
3,749,48.9,69.73153,0,1,19.9462158203125,54.666862
3,22,22.0,57.975384,0,0,19.9462158203125,42.866673
3,86,56.1,52.6883,1,1,19.9462158203125,87.82479
3,1904,2.34,11.859048,1,1,19.9462158203125,26.771654
3,285,7.15,9.089056,1,1,19.9462158203125,7.4359846
3,1127,2.05,3.8190677,1,1,19.9462158203125,4.241954
3,211,1.91,1.5488553,1,1,19.9462158203125,4.582892
3,1512,4.72,5.9392405,1,1,19.9462158203125,3.9129112
3,469,82.7,64.266525,0,1,19.9462158203125,60.04336
3,216,22.25,22.191313,1,1,19.9462158203125,27.661419
3,1909,9.45,8.313517,1,1,19.9462158203125,5.764071
3,1911,0.87,0.24739054,1,1,19.9462158203125,5.13629
3,1913,3.6,3.0970893,1,1,19.9462158203125,3.3546464
3,300,6.75,3.1701803,1,0,19.9462158203125,3.863673
3,86,59.4,51.112766,1,1,19.9462158203125,82.94688
3,256,1.56,2.3917062,1,1,19.9462158203125,5.503976
3,1834,34.1,28.530405,1,1,19.9462158203125,21.628939
3,409,2.11,2.4780972,1,1,19.9462158203125,2.5796285
3,290,82.0,62.332245,0,0,19.9462158203125,30.69888
3,1915,4.38,3.072602,1,1,19.9462158203125,6.7256894
3,5,1.53,5.00191,1,1,19.9462158203125,8.325204
3,300,5.2,2.9984121,1,1,19.9462158203125,4.6600633
3,62,19.85,15.453319,1,0,19.9462158203125,5.0630565
3,116,25.6,13.956526,0,0,19.9462158203125,21.745012
3,86,86.0,78.07682,1,1,19.9462158203125,36.424355
3,285,14.4,14.768715,1,1,19.9462158203125,7.268586
3,1921,7.575,3.6233268,1,0,19.9462158203125,4.8198256
3,1922,92.0,48.032764,0,0,19.9462158203125,56.117794
3,1923,3.85,5.2262692,1,1,19.9462158203125,6.3838296
3,1277,22.1,26.669022,1,1,19.9462158203125,21.77346
3,1764,7.1,5.3585505,1,1,19.9462158203125,6.225611
3,1615,8.8,7.238642,1,1,19.9462158203125,8.178027
3,250,2.4,3.7577953,1,1,19.9462158203125,7.809516
3,41,2.48,4.702336,1,0,19.9462158203125,2.8072243
3,65,8.71,8.226568,1,1,19.9462158203125,24.547728
3,800,0.1,3.0977376,1,1,19.9462158203125,6.0829706
3,403,8.77,5.6507697,1,1,19.9462158203125,6.440523
3,1927,0.91,3.0772896,1,1,19.9462158203125,8.227332
3,392,13.1,11.896763,1,1,19.9462158203125,5.850752
3,1223,53.9,50.87981,1,1,19.9462158203125,48.438946
3,885,1.6,3.6079335,1,1,19.9462158203125,6.8251395
3,1404,3.965,4.075901,1,1,19.9462158203125,5.9035645
3,240,19.95,31.372715,0,0,19.9462158203125,19.217033
3,208,7.3,3.9812505,1,0,19.9462158203125,3.3425412
3,240,32.5,28.528868,1,1,19.9462158203125,18.51894
3,16,11.3,7.0087695,1,0,19.9462158203125,8.035752
3,528,14.2,8.102282,1,0,19.9462158203125,7.797185
3,1930,2.1,2.241894,1,1,19.9462158203125,3.7226706
3,1931,3.4,8.082429,1,0,19.9462158203125,6.0145836
3,374,2.91,27.353783,0,0,19.9462158203125,38.256096
3,422,80.5,79.8067,1,1,19.9462158203125,43.352905
3,86,12.3,40.41488,0,1,19.9462158203125,65.58004
3,1597,73.0,56.073997,0,1,19.9462158203125,50.50006
3,1182,45.8,50.59864,1,1,19.9462158203125,44.43726
3,229,5.47,5.182032,1,1,19.9462158203125,2.8442652
3,156,1.1,2.2746716,1,1,19.9462158203125,8.841841
3,361,3.8,8.239276,1,0,19.9462158203125,8.157301
3,1937,5.1,3.9956722,1,1,19.9462158203125,4.9406404
3,1938,2.5,2.7004347,1,1,19.9462158203125,4.3463583
3,1210,4.31,4.2121854,1,1,19.9462158203125,1.8776755
3,912,7.4,8.822133,1,1,19.9462158203125,3.7494438
3,22,90.0,85.05551,1,1,19.9462158203125,26.742208
3,50,66.0,74.11974,1,1,19.9462158203125,25.5726
3,1943,11.1,7.814524,1,1,19.9462158203125,7.6332784
3,300,3.6,3.3894386,1,1,19.9462158203125,4.952104
3,490,3.83,4.6053624,1,1,19.9462158203125,4.4496512
3,1945,111.0,90.514046,0,1,19.9462158203125,68.67741
3,1277,34.5,26.693932,1,1,19.9462158203125,17.904257
3,211,2.121,2.0760188,1,1,19.9462158203125,4.7953467
3,86,59.626,65.87298,1,1,19.9462158203125,100.62083
3,581,6.86,5.627395,1,1,19.9462158203125,3.2266364
3,1948,17.1,17.676846,1,1,19.9462158203125,14.946899
3,65,25.5,14.353918,0,0,19.9462158203125,20.810762
3,1952,3.0,5.8679895,1,1,19.9462158203125,6.5485563
3,588,3.3,3.2719104,1,1,19.9462158203125,3.1740928
3,1954,0.37,5.470952,1,0,19.9462158203125,6.2806754
3,912,8.65,9.765773,1,1,19.9462158203125,8.162025
3,59,94.2,83.79882,0,1,19.9462158203125,33.273026
3,1956,22.0,22.790798,1,1,19.9462158203125,21.926897
3,1957,0.46,2.55316,1,1,19.9462158203125,5.5642624
3,1958,19.5,21.896502,1,1,19.9462158203125,22.058434
3,967,46.0,47.815804,1,1,19.9462158203125,23.661139
3,86,90.0,86.129,1,1,19.9462158203125,15.708472
3,131,2.2,5.2102256,1,1,19.9462158203125,7.298312
3,263,15.3,13.868622,1,1,19.9462158203125,6.62664
3,573,4.81,3.0015967,1,1,19.9462158203125,13.392435
3,1966,3.695,3.4123406,1,1,19.9462158203125,13.637022
3,1293,33.0,20.873362,0,1,19.9462158203125,52.60071
3,300,5.1,3.9587984,1,1,19.9462158203125,3.751661
3,0,12.0,20.288956,1,1,19.9462158203125,46.91711
3,356,7.375,5.3843436,1,1,19.9462158203125,5.460244
3,272,13.6,12.420658,1,1,19.9462158203125,7.0774746
3,57,61.0,51.891975,1,1,19.9462158203125,44.374706
3,157,0.13,1.0611726,1,1,19.9462158203125,3.9114625
3,908,6.58,4.0594306,1,0,19.9462158203125,3.0019789
3,183,114.0,84.390976,0,0,19.9462158203125,56.93886
3,1969,0.1725,5.3534775,1,0,19.9462158203125,9.076651
3,510,88.4,80.33774,1,1,19.9462158203125,38.26894
3,62,21.0,12.505242,1,0,19.9462158203125,7.4079347
3,86,82.5,70.57512,0,1,19.9462158203125,33.4665
3,511,3.34,3.7200282,1,1,19.9462158203125,2.8068085
3,140,3.79,3.4176834,1,1,19.9462158203125,4.108565
3,1975,7.3,5.3029895,1,0,19.9462158203125,3.3340025
3,581,5.42,5.0536237,1,1,19.9462158203125,2.7376885
3,194,5.9,8.198518,1,0,19.9462158203125,2.4708319
3,59,80.0,82.95154,1,1,19.9462158203125,27.155514
3,356,8.27,4.0442348,1,0,19.9462158203125,4.2137227
3,1888,8.65,9.73878,1,1,19.9462158203125,19.417908
3,792,27.0,23.058828,1,1,19.9462158203125,56.677723
3,192,8.73,6.767098,1,0,19.9462158203125,3.824135
3,269,8.2,19.979984,0,1,19.9462158203125,31.263367
3,515,75.0,71.671906,1,1,19.9462158203125,39.895035
3,1336,2.065,1.745998,1,1,19.9462158203125,3.758545
3,1386,77.0,76.2826,1,1,19.9462158203125,36.2067
3,895,7.34,7.1642613,1,1,19.9462158203125,8.2669935
3,1572,0.584,0.23904318,1,1,19.9462158203125,1.1205527
3,1991,4.2,2.8878078,1,1,19.9462158203125,7.7391334
3,1992,13.5,27.661194,0,1,19.9462158203125,50.651646
3,1680,2.3,3.547027,1,1,19.9462158203125,3.003958
3,273,24.0,22.910263,1,1,19.9462158203125,35.849213
3,1996,11.7,11.001148,1,1,19.9462158203125,7.1136127
3,57,53.0,60.861324,1,1,19.9462158203125,58.98416
3,28,12.0,48.421974,0,0,19.9462158203125,72.41834
3,1992,13.8,24.822088,0,1,19.9462158203125,38.1555
3,61,0.95,2.260915,1,1,19.9462158203125,4.3222723
3,289,7.5,4.9067383,1,0,19.9462158203125,4.218346
3,86,93.2,52.17509,0,1,19.9462158203125,93.74453
3,1998,36.6,30.48975,1,1,19.9462158203125,17.615818
3,183,104.0,73.36264,0,0,19.9462158203125,56.36244
3,611,30.0,31.658731,1,1,19.9462158203125,57.31373
3,2002,2.7,5.7998223,1,1,19.9462158203125,6.8011994
3,290,82.0,50.609486,0,0,19.9462158203125,30.01999
3,58,4.7,3.1495512,1,1,19.9462158203125,20.310335
3,1117,1.306666667,3.0573294,1,0,19.9462158203125,3.1060758
3,166,0.449,4.5730324,1,0,19.9462158203125,6.9143972
3,1644,4.69,3.4517689,1,1,19.9462158203125,2.9386065
3,1311,36.5,25.080881,0,1,19.9462158203125,30.020803
3,59,76.5,86.3021,1,1,19.9462158203125,31.327303
3,2007,9.42,6.555217,1,0,19.9462158203125,4.8440413
3,2008,5.1,2.6832964,1,0,19.9462158203125,3.891279
3,604,13.3,14.469344,1,1,19.9462158203125,8.272384
3,2010,0.71,2.5011392,1,1,19.9462158203125,19.28592
3,2012,2.6,3.0740929,1,1,19.9462158203125,3.2033188
3,168,38.0,21.675444,0,0,19.9462158203125,28.688925
3,2013,2.1,2.3931828,1,1,19.9462158203125,4.61332
3,1253,66.0,76.49312,0,1,19.9462158203125,42.977306
3,718,2.25,3.497396,1,1,19.9462158203125,4.2550225
3,1644,2.35,2.07831,1,1,19.9462158203125,7.129107
3,2016,72.0,71.6971,1,1,19.9462158203125,33.804604
3,21,30.0,40.085186,0,1,19.9462158203125,55.23068
3,62,17.4,12.826747,1,0,19.9462158203125,6.7700396
3,216,39.0,15.811608,0,0,19.9462158203125,39.127457
3,604,8.1,12.571452,1,0,19.9462158203125,6.1707225
3,422,73.3,95.63631,0,1,19.9462158203125,76.56848
3,725,29.4,43.00966,0,1,19.9462158203125,57.26763
3,5,13.9,12.534811,1,1,19.9462158203125,5.083213
3,22,54.0,43.2274,0,1,19.9462158203125,46.42986
3,1210,3.25,3.3443124,1,1,19.9462158203125,3.2609031
3,966,14.0,7.3428593,1,1,19.9462158203125,14.106781
3,1382,62.0,66.62221,1,1,19.9462158203125,40.42266
3,1386,78.0,82.580444,1,1,19.9462158203125,9.925617
3,912,9.62,8.504451,1,1,19.9462158203125,6.5103903
3,86,67.0,71.035286,1,1,19.9462158203125,57.940903
3,611,40.0,39.738174,1,1,19.9462158203125,65.94559
3,1120,0.072,2.4805086,1,0,19.9462158203125,4.747497
3,2030,4.0,3.064182,1,1,19.9462158203125,2.7979238
3,1494,7.92,7.408376,1,1,19.9462158203125,6.78031
3,86,86.9,70.294044,0,0,19.9462158203125,32.419617
3,1568,11.0,21.227427,0,1,19.9462158203125,27.515743
3,328,1.35,4.235866,1,0,19.9462158203125,5.695806
3,2031,30.0,15.19876,0,1,19.9462158203125,47.10645
3,2032,9.2,9.304023,1,1,19.9462158203125,5.7246633
3,2033,75.0,79.47832,1,1,19.9462158203125,26.025423
3,1630,78.0,44.951336,0,0,19.9462158203125,45.90328
3,1969,4.28,6.6434617,1,1,19.9462158203125,6.8044577
3,1597,60.0,65.10629,1,1,19.9462158203125,39.130585
3,57,87.0,55.756702,0,0,19.9462158203125,23.48659
3,356,1.694,3.2290804,1,1,19.9462158203125,3.7526784
3,2035,0.46,4.204135,1,1,19.9462158203125,136.63277
3,2036,0.917754545,-0.12356911,1,0,19.9462158203125,1.2662195
3,2037,4.448,7.9709964,1,0,19.9462158203125,6.6982946
3,2038,5.13,6.4612365,1,1,19.9462158203125,11.620253
3,2039,2.15,2.9911032,1,1,19.9462158203125,5.5079465
3,175,1.34,9.183566,1,0,19.9462158203125,10.936162
3,65,21.1,12.616068,1,1,19.9462158203125,18.765284
3,2042,27.0,26.867907,1,1,19.9462158203125,42.928497
3,2043,34.9,28.913282,1,1,19.9462158203125,27.466696
3,604,18.6,9.974513,1,0,19.9462158203125,8.378868
3,62,20.0,17.026922,1,0,19.9462158203125,4.5767946
3,604,8.15,12.522361,1,0,19.9462158203125,5.8858476
3,5,12.1,12.963552,1,1,19.9462158203125,6.4180317
3,749,54.2,69.66444,0,1,19.9462158203125,54.515038
3,2046,8.3,5.609909,1,1,19.9462158203125,7.161949
3,2047,13.8,12.294824,1,1,19.9462158203125,9.384573
3,290,80.0,64.44671,0,0,19.9462158203125,27.426924
3,528,11.9,10.495923,1,1,19.9462158203125,5.7534313
3,1070,53.5,34.81656,0,1,19.9462158203125,61.950653
3,928,16.6,16.866365,1,1,19.9462158203125,4.3776507
3,922,5.65,7.1505227,1,1,19.9462158203125,6.4604254
3,603,68.0,52.81513,0,1,19.9462158203125,44.579926
3,568,4.46,11.504155,1,1,19.9462158203125,32.609657
3,1192,0.48,1.6755168,1,1,19.9462158203125,3.2284048
3,59,82.4,86.159836,1,1,19.9462158203125,19.52989
3,2052,1.55,1.419321,1,1,19.9462158203125,4.1893096
3,2053,1.8,3.9837487,1,0,19.9462158203125,2.5447688
3,59,72.5,84.55934,0,1,19.9462158203125,51.018536
3,2054,3.5,2.6902702,1,1,19.9462158203125,5.245653
3,1182,93.9,79.11069,0,0,19.9462158203125,20.40913
3,469,81.3,66.9552,0,1,19.9462158203125,55.068714
3,685,52.0,69.295944,0,1,19.9462158203125,46.230927
3,6,14.75,19.252813,1,1,19.9462158203125,18.208519
3,1444,18.0,16.945358,1,1,19.9462158203125,39.9353
3,2067,20.3,19.934235,1,1,19.9462158203125,15.170449
3,140,3.45,3.1647189,1,1,19.9462158203125,3.713397
3,581,1.95,4.635257,1,0,19.9462158203125,2.7443032
3,597,0.385,1.8613876,1,1,19.9462158203125,3.495757
3,240,15.0,30.499071,0,0,19.9462158203125,18.758455
3,1494,11.0,10.576094,1,1,19.9462158203125,6.4947743
3,290,78.0,86.58484,1,0,19.9462158203125,13.828887
3,6,16.0,21.363699,1,1,19.9462158203125,28.731375
3,2073,92.0,60.467228,0,1,19.9462158203125,93.84719
3,1670,2.705,8.474075,1,1,19.9462158203125,73.474266
3,536,0.5,2.1680806,1,0,19.9462158203125,2.2357464
3,86,91.1,80.30116,0,1,19.9462158203125,34.120815
3,192,8.6,6.852507,1,1,19.9462158203125,4.7585654
3,62,17.9,15.260037,1,1,19.9462158203125,7.917146
3,499,13.4,9.416006,1,0,19.9462158203125,5.3665123
3,901,18.0,16.599049,1,1,19.9462158203125,6.4998064
3,269,7.5,20.299038,0,1,19.9462158203125,29.933931
3,1808,0.72,8.700696,1,1,19.9462158203125,20.731197
3,2076,5.79,3.5623488,1,1,19.9462158203125,4.591429
3,2078,0.95,4.1058116,1,0,19.9462158203125,4.1672325
3,216,29.5,21.91542,1,1,19.9462158203125,27.073107
3,2082,2.97,2.0375283,1,1,19.9462158203125,2.612788
3,6,34.8,32.83222,1,1,19.9462158203125,19.697613
3,649,64.8,74.25076,1,1,19.9462158203125,64.07128
3,86,75.0,24.725134,0,0,19.9462158203125,47.254623
3,2085,1.9,2.2673755,1,1,19.9462158203125,3.960706
3,2086,2.01,2.645774,1,1,19.9462158203125,3.707951
3,2088,5.1,25.270134,0,0,19.9462158203125,24.686016
3,894,30.1,21.669777,1,1,19.9462158203125,37.79745
3,86,59.4,63.904144,1,1,19.9462158203125,91.85908
3,1406,0.092,0.9589493,1,1,19.9462158203125,2.3808882
3,814,73.0,82.48382,1,1,19.9462158203125,38.032673
3,1597,71.0,47.194958,0,1,19.9462158203125,52.4092
3,1691,88.0,71.81947,0,0,19.9462158203125,26.114273
3,263,16.3,14.120737,1,1,19.9462158203125,10.202147
3,2094,1.0,2.6053228,1,1,19.9462158203125,5.6705117
3,350,23.7,28.795414,1,1,19.9462158203125,16.878117
3,932,5.6,13.229958,1,1,19.9462158203125,46.718464
3,72,6.97,5.171622,1,1,19.9462158203125,4.7109747
3,57,70.0,54.519325,0,1,19.9462158203125,50.312492
3,597,0.27,1.9716035,1,1,19.9462158203125,4.1676636
3,65,29.5,15.9970875,0,0,19.9462158203125,16.331871
3,2101,30.3,26.494259,1,1,19.9462158203125,35.01917
3,1199,40.0,46.23794,1,1,19.9462158203125,16.825739
3,216,8.0,16.42755,1,1,19.9462158203125,23.536598
3,1489,3.4,3.8105168,1,1,19.9462158203125,5.319303
3,1634,1.82,1.4655583,1,1,19.9462158203125,1.8797535
3,1783,3.5,4.738023,1,1,19.9462158203125,2.8745353
3,2107,11.7,10.980211,1,1,19.9462158203125,11.663913
3,1072,15.8,14.034151,1,1,19.9462158203125,8.327065
3,1574,35.0,49.282154,0,1,19.9462158203125,49.47903
3,2112,14.5,11.419845,1,1,19.9462158203125,13.318131
3,2113,14.3,12.221161,1,1,19.9462158203125,7.798572
3,2114,16.5,18.38931,1,1,19.9462158203125,9.426341
3,210,38.4,36.96677,1,1,19.9462158203125,6.945439
3,1795,14.9,6.1905565,1,0,19.9462158203125,9.024601
3,1210,4.29,4.166143,1,1,19.9462158203125,2.719261
3,2115,109.0,94.15229,0,1,19.9462158203125,70.70212
3,2116,0.65,14.327574,0,1,19.9462158203125,38.572365
3,2117,3.8,4.6968536,1,1,19.9462158203125,8.051615
3,2118,44.0,36.502277,1,1,19.9462158203125,40.10527
3,617,18.3,49.61963,0,0,19.9462158203125,52.723686
3,216,40.0,23.539349,0,0,19.9462158203125,19.67925
3,65,28.8,17.839684,0,1,19.9462158203125,22.17556
3,350,21.9,52.716038,0,0,19.9462158203125,34.223267
3,59,89.125,84.775826,1,1,19.9462158203125,16.94945
3,2121,56.5,34.543343,0,1,19.9462158203125,114.069374
3,2123,1.5,1.5814456,1,1,19.9462158203125,6.0792785
3,600,26.0,23.943316,1,1,19.9462158203125,41.905556
3,2126,2.1,4.514303,1,0,19.9462158203125,4.763299
3,850,28.4,36.208553,1,1,19.9462158203125,22.064198
3,2128,45.0,45.534473,1,1,19.9462158203125,117.24598
3,973,16.2,11.599335,1,0,19.9462158203125,9.038338
3,1627,90.55,91.58948,1,1,19.9462158203125,86.91765
3,59,72.5,84.33731,0,1,19.9462158203125,53.82387
3,370,16.25,13.241782,1,1,19.9462158203125,6.874414
3,972,5.6,3.8392217,1,1,19.9462158203125,3.8945262
3,5,11.4,12.269392,1,1,19.9462158203125,5.8580112
3,928,14.8,16.444807,1,1,19.9462158203125,5.035541
3,211,2.113,1.401873,1,1,19.9462158203125,4.0807576
3,86,50.0,65.949554,0,1,19.9462158203125,69.410286
3,228,18.9,18.39936,1,1,19.9462158203125,14.586635
3,293,4.9,5.692454,1,1,19.9462158203125,6.4176836
3,65,28.96666667,16.627344,0,0,19.9462158203125,18.251795
3,2135,14.3,9.603045,1,0,19.9462158203125,8.288281
3,65,25.0,14.37174,0,0,19.9462158203125,20.810762
3,1168,76.5,71.91152,1,1,19.9462158203125,35.730618
3,2137,0.037,0.32887015,1,1,19.9462158203125,0.8920962
3,290,78.0,85.41336,1,1,19.9462158203125,15.594145
3,216,39.25,31.150991,1,0,19.9462158203125,9.701096
3,183,107.0,85.89009,0,1,19.9462158203125,52.27929
3,21,5.1,29.468798,0,1,19.9462158203125,91.80092
3,1477,85.8,82.06303,1,1,19.9462158203125,98.26994
3,630,5.97,5.662128,1,1,19.9462158203125,6.302986
3,2140,6.78,5.3740716,1,1,19.9462158203125,6.2321115
3,414,0.1425,2.733992,1,1,19.9462158203125,7.813808
3,229,3.07,3.776588,1,1,19.9462158203125,3.8357544
3,5,1.655,5.00191,1,1,19.9462158203125,8.325204
3,391,41.3,58.20309,0,1,19.9462158203125,66.43786
3,285,8.2,9.943357,1,1,19.9462158203125,8.955217
3,5,9.4,10.303735,1,1,19.9462158203125,8.547413
3,0,24.0,28.059383,1,1,19.9462158203125,35.6575
3,192,8.74,6.7368145,1,0,19.9462158203125,3.824135
3,2141,42.0,25.015532,0,1,19.9462158203125,38.79637
3,2143,2.2,3.5451937,1,1,19.9462158203125,33.430782
3,228,18.41,17.535032,1,1,19.9462158203125,15.201596
3,2145,0.465,2.1037362,1,1,19.9462158203125,8.762808
3,785,1.2,2.8748548,1,1,19.9462158203125,7.5803905
3,216,33.55,31.036497,1,1,19.9462158203125,15.014474
3,2147,5.8,2.9592724,1,1,19.9462158203125,5.7800794
3,1293,31.15,20.883608,0,1,19.9462158203125,52.776302
3,654,7.0,6.0955577,1,1,19.9462158203125,5.851463
3,2149,0.65,4.341797,1,1,19.9462158203125,15.208065
3,2150,1.6,2.0595126,1,1,19.9462158203125,3.939864
3,1691,42.2,66.876526,0,0,19.9462158203125,29.874825
3,194,3.2,8.070795,1,0,19.9462158203125,5.070138
3,86,90.575,89.546585,1,1,19.9462158203125,2.9925392
3,1606,1.39,1.426886,1,1,19.9462158203125,4.7966313
3,2153,6.2,5.610406,1,1,19.9462158203125,7.3697085
3,2155,1.825,2.5471961,1,1,19.9462158203125,8.880565
3,1183,6.64,7.2003284,1,1,19.9462158203125,8.207596
3,22,66.2,67.48995,1,1,19.9462158203125,53.446613
3,1379,20.2,30.934036,0,1,19.9462158203125,32.515095
3,2159,1.5,3.0830095,1,1,19.9462158203125,3.8279786
3,195,2.18,1.6716737,1,1,19.9462158203125,1.6809716
3,972,2.79,3.639146,1,1,19.9462158203125,3.8945262
3,2160,2.66,3.5180292,1,1,19.9462158203125,9.89278
3,566,5.6,6.7891116,1,1,19.9462158203125,8.795643
3,62,20.4,13.404437,1,0,19.9462158203125,6.6634464
3,1206,1.67,0.75862604,1,1,19.9462158203125,1.9497126
3,709,8.6,6.615815,1,1,19.9462158203125,5.258192
3,216,35.5,30.567284,1,1,19.9462158203125,14.492943
3,330,3.09,3.144603,1,1,19.9462158203125,3.3344457
3,290,57.9,56.890835,1,1,19.9462158203125,35.164738
3,490,2.82,4.7835503,1,1,19.9462158203125,4.811907
3,1301,0.155,1.8844017,1,0,19.9462158203125,2.9797864
3,2167,35.0,29.902573,1,1,19.9462158203125,42.141273
3,28,16.0,49.056175,0,1,19.9462158203125,71.98985
3,566,8.1,7.119218,1,1,19.9462158203125,10.344308
3,2169,2.66,3.43689,1,1,19.9462158203125,4.4979787
3,86,92.15,89.60752,1,0,19.9462158203125,3.4293833
3,2170,131.0,100.500656,0,0,19.9462158203125,47.13193
3,86,92.0,53.764492,0,1,19.9462158203125,115.04888
3,1832,3.5,3.9182332,1,1,19.9462158203125,12.634599
3,362,19.3,37.644363,0,0,19.9462158203125,27.75761
3,1300,8.2,3.9533591,1,1,19.9462158203125,9.901185
3,979,2.8,7.25302,1,0,19.9462158203125,8.736787
3,2172,5.0,5.2887216,1,1,19.9462158203125,5.238931
3,1204,7.6,9.599961,1,1,19.9462158203125,6.836515
3,1798,4.9,2.9273098,1,0,19.9462158203125,2.9245198
3,2173,18.2,17.355032,1,1,19.9462158203125,4.5817585
3,749,60.3,71.84256,0,1,19.9462158203125,65.71446
3,605,41.0,52.858105,0,1,19.9462158203125,46.837673
3,1097,2.59,2.3014264,1,1,19.9462158203125,1.991911
3,62,10.2,6.9722857,1,0,19.9462158203125,5.687317
3,2176,11.93,8.116592,1,0,19.9462158203125,6.52674
3,86,88.0,78.0875,1,1,19.9462158203125,34.07559
3,2178,14.0,30.469126,0,0,19.9462158203125,15.530721
3,273,28.1,27.813745,1,1,19.9462158203125,23.684498
3,2180,4.1,1.5455055,1,1,19.9462158203125,5.402264
3,263,1.35,13.022248,0,0,19.9462158203125,16.872864
3,1192,4.0,1.5110685,1,0,19.9462158203125,2.5208516
3,349,7.56,11.175977,1,0,19.9462158203125,6.5398703
3,289,2.53,3.6745896,1,1,19.9462158203125,6.769797
3,2187,0.19,1.9398286,1,1,19.9462158203125,4.6575108
3,961,43.0,63.75219,0,0,19.9462158203125,33.652245
3,456,6.0,9.122355,1,1,19.9462158203125,8.708423
3,2188,11.0,24.050783,0,1,19.9462158203125,28.16591
3,2192,2.68,4.1266513,1,1,19.9462158203125,12.224169
3,86,75.8,71.73268,1,1,19.9462158203125,31.575645
3,1888,2.305,9.141985,1,1,19.9462158203125,22.664808
3,934,3.0,3.530766,1,1,19.9462158203125,6.208866
3,293,7.1,5.5963297,1,1,19.9462158203125,6.546763
3,2193,1.51,2.2723458,1,1,19.9462158203125,5.1945014
3,2194,6.728571429,6.6608324,1,1,19.9462158203125,34.39587
3,57,66.0,42.849506,0,0,19.9462158203125,31.005552
3,263,19.9,15.047612,1,0,19.9462158203125,8.80067
3,293,4.45,5.692454,1,1,19.9462158203125,6.4176836
3,2198,4.25,11.423282,1,1,19.9462158203125,62.589417
3,1228,35.4,29.82269,1,1,19.9462158203125,28.913832
3,91,64.0,37.36213,0,0,19.9462158203125,49.799786
3,669,1.5,1.726886,1,1,19.9462158203125,6.810577
3,236,79.8,83.04442,1,1,19.9462158203125,34.20324
3,216,26.4,16.19951,0,1,19.9462158203125,35.97173
3,763,2.9,2.1444592,1,1,19.9462158203125,3.7090902
3,1992,13.2,20.605314,1,1,19.9462158203125,60.359962
3,236,19.0,57.825348,0,1,19.9462158203125,83.57997
3,2205,2.91,3.9201908,1,1,19.9462158203125,8.55328
3,2206,3.6,7.820677,1,1,19.9462158203125,9.241027
3,1522,6.5,5.566164,1,1,19.9462158203125,5.427319
3,443,9.4,32.93426,0,0,19.9462158203125,37.724533
3,2207,3.9,1.8139145,1,1,19.9462158203125,4.5453053
3,154,1.2,2.9940906,1,1,19.9462158203125,3.9861312
3,573,0.03,1.7785145,1,1,19.9462158203125,11.178254
3,2208,3.0,4.4231486,1,1,19.9462158203125,9.785795
3,407,24.0,47.367996,0,1,19.9462158203125,63.715572
3,183,95.0,85.72949,1,1,19.9462158203125,52.867
3,216,42.5,52.432472,1,1,19.9462158203125,22.56469
3,57,82.0,50.92983,0,0,19.9462158203125,56.120323
3,356,5.7,5.8448935,1,1,19.9462158203125,5.607572
3,1992,26.0,29.131392,1,1,19.9462158203125,71.821335
3,2215,3.68,13.175344,1,1,19.9462158203125,19.474524
3,62,17.9,16.581793,1,1,19.9462158203125,4.7394342
3,617,88.0,79.196304,1,1,19.9462158203125,37.434654
3,236,92.5,71.40008,0,1,19.9462158203125,70.8374
3,222,0.061,1.7163478,1,1,19.9462158203125,3.9493973
3,2217,0.324,1.5281978,1,1,19.9462158203125,2.9527004
3,302,2.2,6.42007,1,0,19.9462158203125,8.419877
3,2033,81.0,78.63025,1,1,19.9462158203125,22.606657
3,392,12.1,11.286153,1,1,19.9462158203125,5.9589643
3,1852,21.0,30.155468,1,1,19.9462158203125,44.075974
3,391,83.0,70.741295,0,1,19.9462158203125,70.02593
3,273,36.0,33.496845,1,1,19.9462158203125,34.21235
3,528,12.4,8.098237,1,0,19.9462158203125,7.8075924
3,65,28.1,15.824454,0,0,19.9462158203125,14.658263
3,1168,79.5,76.90418,1,1,19.9462158203125,36.93494
3,1224,8.3,7.9635224,1,1,19.9462158203125,6.697145
3,1072,12.8,9.966444,1,1,19.9462158203125,8.369385
3,1821,1.52,3.3411171,1,1,19.9462158203125,5.1607056
3,2226,9.7,7.4154096,1,1,19.9462158203125,6.0052233
3,1055,5.79,6.759533,1,1,19.9462158203125,5.663979
3,617,88.5,74.66236,0,1,19.9462158203125,35.39286
3,86,37.0,66.48963,0,1,19.9462158203125,66.268715
3,528,5.5,9.623908,1,0,19.9462158203125,7.043867
3,330,3.11,3.144603,1,1,19.9462158203125,3.3344457
3,2228,40.0,57.65655,0,1,19.9462158203125,36.290047
3,1579,7.31,6.0137625,1,1,19.9462158203125,8.540472
3,1228,26.8,27.298615,1,1,19.9462158203125,31.498436
3,246,8.35,9.211582,1,1,19.9462158203125,25.99662
3,2230,8.9,5.5982456,1,1,19.9462158203125,7.4703565
3,168,45.0,22.516352,0,0,19.9462158203125,27.524681
3,1235,54.0,59.652103,1,1,19.9462158203125,49.927284
3,792,25.4,23.058828,1,1,19.9462158203125,56.677723
3,2140,7.0,3.3332968,1,0,19.9462158203125,3.7202883
3,1504,54.0,33.0191,0,1,19.9462158203125,99.03114
3,58,4.48,3.2390995,1,1,19.9462158203125,20.283522
3,59,88.16666667,84.30213,1,1,19.9462158203125,27.641607
3,2113,10.45,9.430741,1,1,19.9462158203125,7.1908593
3,841,6.9,4.564763,1,0,19.9462158203125,3.1380348
3,347,81.0,86.40271,1,1,19.9462158203125,32.332172
3,57,84.0,48.636074,0,0,19.9462158203125,47.181126
3,898,62.0,48.22295,0,1,19.9462158203125,45.7676
3,528,9.0,10.505108,1,1,19.9462158203125,6.2065263
3,1830,8.905,7.0283914,1,1,19.9462158203125,5.2120485
3,392,12.22,11.894927,1,1,19.9462158203125,5.7569237
3,1433,2.5,3.6924968,1,1,19.9462158203125,4.347719
3,1199,35.0,44.814983,1,1,19.9462158203125,20.90074
3,1028,21.4,21.431246,1,1,19.9462158203125,15.519634
3,2236,13.5,19.2016,1,1,19.9462158203125,14.913231
3,802,2.2,4.35704,1,1,19.9462158203125,4.962659
3,1579,9.535,7.0996923,1,1,19.9462158203125,8.540472
3,2237,57.5,37.384808,0,0,19.9462158203125,31.749882
3,2238,2.08,8.825622,1,1,19.9462158203125,19.959614
3,2239,5.3,10.746741,1,1,19.9462158203125,43.75834
3,636,2.93,5.8683715,1,0,19.9462158203125,5.4994373
3,1208,118.0,110.679344,1,1,19.9462158203125,28.82167
3,62,19.7,12.688695,1,0,19.9462158203125,6.9472404
3,1014,2.9,3.19353,1,1,19.9462158203125,7.9669166
3,350,18.0,32.3395,0,0,19.9462158203125,19.259075
3,1210,3.0,3.3221989,1,1,19.9462158203125,2.4889445
3,1489,2.2,3.6729858,1,1,19.9462158203125,5.600285
3,456,10.025,12.037135,1,1,19.9462158203125,10.656506
3,82,3.9,4.0333056,1,1,19.9462158203125,5.826017
3,59,83.0,84.08912,1,1,19.9462158203125,21.457222
3,59,111.0,90.98215,0,0,19.9462158203125,31.342293
3,126,87.0,83.547195,1,1,19.9462158203125,40.945057
3,1998,31.55,29.380125,1,1,19.9462158203125,29.529013
3,1253,36.0,71.13439,0,0,19.9462158203125,44.194683
3,356,8.5,4.430847,1,0,19.9462158203125,4.2137227
3,126,82.5,81.65864,1,1,19.9462158203125,42.596798
3,1943,9.7,8.112646,1,1,19.9462158203125,9.734374
3,632,1.25,1.3738852,1,1,19.9462158203125,4.394306
3,414,2.1,3.5534103,1,1,19.9462158203125,4.65706
3,440,93.8,68.52685,0,0,19.9462158203125,36.325108
3,59,74.4,80.780914,1,1,19.9462158203125,81.307465
3,2246,2.48,4.133901,1,1,19.9462158203125,6.9456925
3,1831,5.0,3.264264,1,1,19.9462158203125,8.738031
3,2247,2.85,4.54594,1,1,19.9462158203125,7.2632847
3,1888,8.93,10.046393,1,1,19.9462158203125,16.760286
3,490,4.64,3.2771916,1,1,19.9462158203125,4.260947
3,2249,5.4,4.6038384,1,1,19.9462158203125,7.682668
3,263,13.3,13.5715475,1,1,19.9462158203125,7.08182
3,856,5.46,7.2787714,1,1,19.9462158203125,6.9753833
3,611,26.0,35.363274,1,1,19.9462158203125,49.300087
3,2252,5.64,8.854535,1,0,19.9462158203125,5.643716
3,1317,44.4,43.470974,1,1,19.9462158203125,40.41379
3,2254,13.8,9.320993,1,0,19.9462158203125,4.1536684
3,1574,41.0,49.897778,1,1,19.9462158203125,47.348927
3,1671,2.11,4.027083,1,1,19.9462158203125,5.1700535
3,456,9.8,12.18921,1,1,19.9462158203125,7.477422
3,2257,76.5,53.586803,0,0,19.9462158203125,31.109074
3,82,2.31,3.4010375,1,1,19.9462158203125,5.9522643
3,328,4.25,6.7731037,1,1,19.9462158203125,5.1965017
3,1865,7.6,4.462335,1,1,19.9462158203125,6.2832394
3,2259,1.161428571,0.7254678,1,1,19.9462158203125,3.6983953
3,216,35.0,29.841576,1,0,19.9462158203125,10.173345
3,2053,1.18,3.738711,1,0,19.9462158203125,2.4219522
3,1037,2.0,29.952742,0,0,19.9462158203125,38.7537
3,62,20.29,14.342387,1,0,19.9462158203125,8.032336
3,597,0.2,1.9378415,1,1,19.9462158203125,4.1676636
3,334,5.305,4.4215026,1,1,19.9462158203125,3.9786344
3,2263,0.6,1.4350396,1,1,19.9462158203125,3.752987
3,62,19.6,15.453319,1,0,19.9462158203125,5.0630565
3,1433,2.89,4.1031065,1,1,19.9462158203125,5.4790277
3,16,9.25,6.203326,1,1,19.9462158203125,7.9646244
3,892,10.7,11.499,1,1,19.9462158203125,5.758053
3,65,27.6,18.45242,1,1,19.9462158203125,21.476353
3,1317,44.0,50.185184,1,1,19.9462158203125,36.407352
3,391,79.5,68.22482,0,1,19.9462158203125,55.904938
3,57,75.1,57.58426,0,1,19.9462158203125,49.0265
3,57,30.0,47.612213,0,1,19.9462158203125,55.828003
3,1538,2.0,2.7242122,1,1,19.9462158203125,6.193698
3,293,2.0,5.825176,1,0,19.9462158203125,6.045001
3,59,93.6,76.9462,0,0,19.9462158203125,31.178444
3,403,9.82,7.457417,1,1,19.9462158203125,6.745652
3,2275,12.0,17.439833,1,1,19.9462158203125,45.82449
3,290,74.0,70.29687,1,1,19.9462158203125,149.20451
3,850,29.4,29.875519,1,1,19.9462158203125,16.89514
3,58,4.7,9.770355,1,1,19.9462158203125,30.909399
3,768,7.44,5.266411,1,1,19.9462158203125,6.005628
3,82,0.2,5.112557,1,0,19.9462158203125,5.4844723
3,785,0.27,2.7911675,1,1,19.9462158203125,9.66247
3,86,91.8,89.86094,1,1,19.9462158203125,4.417258
3,290,60.0,59.009663,1,1,19.9462158203125,43.981567
3,528,10.9,7.935825,1,1,19.9462158203125,8.856429
3,1489,4.643,3.4901984,1,1,19.9462158203125,3.5429056
3,5,12.0,12.535179,1,1,19.9462158203125,5.8091254
3,1611,6.33,5.9431806,1,1,19.9462158203125,11.585003
3,1127,2.36,5.130494,1,1,19.9462158203125,5.7637916
3,1832,4.1,4.4742866,1,1,19.9462158203125,10.162669
3,65,14.8,12.754472,1,1,19.9462158203125,17.49648
3,814,87.1,86.97648,1,1,19.9462158203125,36.54332
3,86,89.0,90.32539,1,1,19.9462158203125,7.540375
3,510,65.3,56.254417,1,1,19.9462158203125,42.761932
3,61,5.4,3.5106194,1,1,19.9462158203125,4.7730713
3,871,53.0,35.459606,0,1,19.9462158203125,38.10934
3,2285,9.85,9.0283575,1,1,19.9462158203125,6.8607674
3,2287,2.4,5.8145404,1,0,19.9462158203125,5.3325524
3,1233,5.175,10.023871,1,1,19.9462158203125,9.902272
3,1099,81.0,35.28751,0,0,19.9462158203125,34.22516
3,58,4.5,4.1611075,1,1,19.9462158203125,19.661398
3,123,12.3,10.543488,1,1,19.9462158203125,8.771021
3,876,7.1,7.764135,1,1,19.9462158203125,9.429681
3,61,32.5,4.1907043,0,0,19.9462158203125,4.1084805
3,1673,43.0,47.925644,1,1,19.9462158203125,17.001745
3,273,44.0,32.051258,0,1,19.9462158203125,58.30333
3,269,13.0,26.264782,0,1,19.9462158203125,27.834562
3,2290,7.49,7.1537848,1,1,19.9462158203125,3.0598965
3,168,31.0,27.02164,1,1,19.9462158203125,31.000319
3,2291,9.733333333,3.687394,1,0,19.9462158203125,6.7902675
3,236,78.0,76.58668,1,1,19.9462158203125,63.382885
3,339,8.0,6.0700274,1,1,19.9462158203125,6.621512
3,290,78.0,83.07885,1,1,19.9462158203125,18.7323
3,293,5.9,5.692454,1,1,19.9462158203125,6.7298846
3,86,100.1,67.0194,0,1,19.9462158203125,71.42427
3,22,46.0,58.961285,0,1,19.9462158203125,53.462074
3,2236,8.0,18.206324,0,0,19.9462158203125,10.828663
3,2295,1.78,3.9156353,1,1,19.9462158203125,6.950015
3,1637,28.6,30.273336,1,1,19.9462158203125,14.296038
3,290,82.4,67.96111,0,1,19.9462158203125,34.61254
3,86,54.1,70.28053,0,1,19.9462158203125,57.543827
3,22,53.0,62.506714,1,1,19.9462158203125,56.248096
3,62,19.8,13.962063,1,0,19.9462158203125,5.432794
3,800,3.89,3.2715354,1,1,19.9462158203125,3.1913257
3,285,13.3,10.326123,1,1,19.9462158203125,6.700126
3,1406,0.165,0.91977334,1,1,19.9462158203125,2.3808882
3,57,82.4,48.768078,0,0,19.9462158203125,35.28422
3,749,45.5,69.62955,0,1,19.9462158203125,56.63264
3,1821,3.93,2.61248,1,1,19.9462158203125,3.4258385
3,112,1.76,1.8845482,1,1,19.9462158203125,3.850956
3,2305,79.0,77.219574,1,1,19.9462158203125,32.70231
3,2307,5.3,15.800096,0,1,19.9462158203125,101.500305
3,86,88.5,89.05184,1,1,19.9462158203125,3.2711673
3,1374,4.49,6.5127044,1,1,19.9462158203125,5.7446814
3,2310,2.8,3.1643114,1,1,19.9462158203125,3.9196024
3,2207,5.998272727,5.1382465,1,1,19.9462158203125,7.78681
3,1459,13.5,18.525331,1,1,19.9462158203125,61.38567
3,2254,13.8,9.320993,1,0,19.9462158203125,4.1536684
3,632,0.9,0.56182665,1,1,19.9462158203125,1.748744
3,216,26.3,22.54142,1,1,19.9462158203125,18.056822
3,0,6.93,19.170614,0,1,19.9462158203125,49.403275
3,65,30.7,17.45079,0,0,19.9462158203125,18.568768
3,62,19.8,5.701996,0,0,19.9462158203125,3.8338163
3,800,4.57,3.4287596,1,1,19.9462158203125,3.1913257
3,2318,0.3,-0.61654705,1,1,19.9462158203125,5.144379
3,1739,11.2,10.313062,1,1,19.9462158203125,3.8188138
3,1752,10.0,13.060317,1,1,19.9462158203125,6.561801
3,1868,22.0,22.16607,1,1,19.9462158203125,10.647596
3,1671,7.37,3.7334611,1,0,19.9462158203125,4.765955
3,853,10.9,6.1807647,1,0,19.9462158203125,4.777095
3,290,68.8,76.21552,1,0,19.9462158203125,12.173139
3,246,9.6,7.17008,1,1,19.9462158203125,30.33864
3,1888,5.5,10.919958,1,0,19.9462158203125,10.788868
3,1764,5.0,5.787742,1,1,19.9462158203125,7.7733574
3,2324,60.0,41.56876,0,1,19.9462158203125,133.7809
3,166,0.668,4.656632,1,0,19.9462158203125,6.917832
3,581,7.2,6.1243057,1,1,19.9462158203125,3.7543025
3,871,35.0,36.11459,1,1,19.9462158203125,35.170895
3,661,10.3,8.611162,1,1,19.9462158203125,5.2992773
3,106,4.2,4.454412,1,1,19.9462158203125,3.237686
3,2326,10.0,5.3603373,1,0,19.9462158203125,8.180592
3,422,91.0,80.95721,0,1,19.9462158203125,59.160667
3,59,76.5,84.41149,1,1,19.9462158203125,36.737083
3,440,85.0,66.658455,0,1,19.9462158203125,47.034527
3,1206,1.58,0.7224596,1,1,19.9462158203125,2.3272226
3,2228,28.0,56.011856,0,0,19.9462158203125,36.893772
3,2330,1.6,5.512847,1,0,19.9462158203125,6.104698
3,2331,3.8,2.6653538,1,1,19.9462158203125,4.08882
3,2332,84.0,76.79442,1,1,19.9462158203125,36.236908
3,112,3.2,2.1908574,1,1,19.9462158203125,5.5288873
3,123,3.8,10.33828,1,0,19.9462158203125,9.143173
3,2337,2.9965,9.479088,1,1,19.9462158203125,64.20856
3,912,6.99,9.480311,1,1,19.9462158203125,5.0852337
3,2338,0.97,0.6988231,1,1,19.9462158203125,2.2614534
3,2228,47.0,57.409397,0,1,19.9462158203125,34.63834
3,2339,73.0,70.82905,1,1,19.9462158203125,24.230503
3,216,28.4,20.833704,1,1,19.9462158203125,27.626366
3,922,5.2,2.1169376,1,0,19.9462158203125,3.8471692
3,1210,3.48,3.661323,1,1,19.9462158203125,2.363128
3,581,4.7,5.2671986,1,1,19.9462158203125,2.9877212
3,229,6.59,5.3954864,1,0,19.9462158203125,2.1602974
3,2341,22.0,15.700669,1,1,19.9462158203125,46.355984
3,72,6.44,5.53926,1,1,19.9462158203125,5.245573
3,154,2.7,2.8254004,1,1,19.9462158203125,3.956618
3,1120,1.1,2.313435,1,1,19.9462158203125,6.176847
3,156,2.3,1.8038107,1,1,19.9462158203125,4.360399
3,1627,92.05,86.58607,1,1,19.9462158203125,85.38595
3,246,8.8,10.122464,1,1,19.9462158203125,29.90598
3,1235,35.0,46.609547,0,1,19.9462158203125,35.999878
3,1504,58.0,32.977795,0,1,19.9462158203125,101.48842
3,856,8.58,6.9084306,1,1,19.9462158203125,7.022691
3,0,10.5,19.983683,1,1,19.9462158203125,47.1599
3,511,3.24,3.6757703,1,1,19.9462158203125,3.5530381
3,263,16.26666667,13.868622,1,1,19.9462158203125,6.62664
3,600,24.9,19.727102,1,1,19.9462158203125,64.87236
3,2344,2.76,4.6113377,1,1,19.9462158203125,6.2821255
3,229,3.37,3.1126757,1,1,19.9462158203125,3.0457594
3,350,55.0,49.77664,1,1,19.9462158203125,27.825907
3,2088,26.75,29.955109,1,1,19.9462158203125,18.656698
3,1132,41.4,37.669067,1,0,19.9462158203125,6.507543
3,2348,1.88,2.52209,1,1,19.9462158203125,7.115799
3,2349,5.083333333,2.8136718,1,1,19.9462158203125,22.213636
3,850,19.85,25.70458,1,1,19.9462158203125,15.797778
3,1494,13.7,11.9944315,1,1,19.9462158203125,6.3646646
3,912,8.843333333,9.152632,1,1,19.9462158203125,6.579095
3,1546,1.48,4.1408896,1,0,19.9462158203125,4.953412
3,2150,6.7,4.440055,1,1,19.9462158203125,7.294605
3,558,3.25,5.2342014,1,1,19.9462158203125,19.852827
3,2354,5.52,4.5529337,1,1,19.9462158203125,4.7925205
3,128,13.4,14.655598,1,1,19.9462158203125,15.229586
3,899,2.595,4.229671,1,0,19.9462158203125,2.813111
3,1277,32.3,26.744276,1,1,19.9462158203125,18.506409
3,1998,34.0,29.773651,1,1,19.9462158203125,25.56664
3,62,17.9,13.852524,1,0,19.9462158203125,6.4209914
3,1808,1.0,10.500132,1,0,19.9462158203125,17.017237
3,350,2.05,32.313416,0,0,19.9462158203125,13.051977
3,2360,8.716666667,4.532642,1,0,19.9462158203125,7.765677
3,1380,0.7,2.556187,1,0,19.9462158203125,3.193138
3,605,80.0,70.54267,1,1,19.9462158203125,36.678226
3,154,1.04,2.917598,1,1,19.9462158203125,3.9501812
3,2366,3.74,2.5449111,1,1,19.9462158203125,6.1921577
3,1691,57.0,56.380222,1,1,19.9462158203125,32.890636
3,2369,16.6,7.7329583,1,0,19.9462158203125,9.823938
3,549,5.2,3.0097077,1,1,19.9462158203125,6.2431965
3,1123,3.7,5.8213973,1,1,19.9462158203125,4.599155
3,2370,0.032,0.07058641,1,1,19.9462158203125,1.4276028
3,1403,9.7,7.2645707,1,1,19.9462158203125,8.873462
3,400,36.5,29.31476,1,1,19.9462158203125,24.201317
3,62,7.4,12.037095,1,0,19.9462158203125,7.546118
3,1037,23.0,26.684275,1,1,19.9462158203125,39.51967
3,2378,0.65,1.9917707,1,1,19.9462158203125,21.654957
3,2379,1.56,0.9803732,1,1,19.9462158203125,2.4111292
3,1923,3.7,5.2262692,1,1,19.9462158203125,6.3838296
3,669,2.396666667,2.0191925,1,1,19.9462158203125,6.810577
3,290,73.0,53.40814,0,1,19.9462158203125,44.178635
3,256,1.773,2.3980007,1,1,19.9462158203125,5.327021
3,1455,3.4,4.9993825,1,1,19.9462158203125,10.65396
3,2385,0.21,2.6798966,1,0,19.9462158203125,3.6009934
3,1264,6.21,6.0983486,1,1,19.9462158203125,4.613592
3,899,5.8,2.5380764,1,1,19.9462158203125,8.355956
3,140,1.82,3.2573972,1,1,19.9462158203125,3.6327882
3,2387,1.7,0.6326957,1,1,19.9462158203125,2.8081708
3,59,77.6,83.710594,1,1,19.9462158203125,18.17162
3,403,15.1,12.108523,1,1,19.9462158203125,6.8996606
3,1424,43.0,69.96663,0,0,19.9462158203125,27.685987
3,2053,4.7,3.08943,1,0,19.9462158203125,2.8609068
3,1182,34.4,53.851177,0,1,19.9462158203125,45.971775
3,2307,5.51,15.082591,1,1,19.9462158203125,102.150154
3,837,11.3,9.851369,1,1,19.9462158203125,7.4704647
3,422,105.3,95.77432,1,1,19.9462158203125,73.71852
3,2395,4.6,4.185943,1,1,19.9462158203125,21.31434
3,1563,7.33,11.957861,1,1,19.9462158203125,14.328994
3,724,4.6,1.9295206,1,0,19.9462158203125,1.4631517
3,1611,6.49,8.18546,1,1,19.9462158203125,11.05172
3,1127,3.62,4.0012746,1,1,19.9462158203125,3.8783443
3,86,93.4,63.925644,0,1,19.9462158203125,89.10635
3,2398,3.6,3.1158602,1,1,19.9462158203125,4.2404437
3,1691,75.8,86.04188,0,0,19.9462158203125,18.106756
3,194,8.7,8.412505,1,1,19.9462158203125,5.3177123
3,166,4.227,5.430683,1,1,19.9462158203125,8.289859
3,156,2.3,1.8844362,1,1,19.9462158203125,4.251418
3,2399,2.67,3.9122407,1,1,19.9462158203125,7.506022
3,510,92.8,79.391014,0,1,19.9462158203125,38.871315
3,2401,2.12,1.2020754,1,1,19.9462158203125,5.3230195
3,356,11.8,5.471147,1,0,19.9462158203125,5.3402452
3,2403,1.9,4.701844,1,1,19.9462158203125,55.370377
3,554,15.0,20.032032,1,1,19.9462158203125,28.857992
3,65,8.4,10.648084,1,1,19.9462158203125,17.485918
3,341,1.22,1.3552103,1,1,19.9462158203125,1.6500515
3,290,82.5,82.73434,1,1,19.9462158203125,13.463082
3,2405,0.54,2.080033,1,1,19.9462158203125,3.504609
3,808,1.11,5.060833,1,1,19.9462158203125,11.62558
3,289,4.8,4.3955607,1,1,19.9462158203125,4.5194144
3,86,86.0,79.08094,1,0,19.9462158203125,7.7969785
3,391,85.0,64.931366,0,1,19.9462158203125,72.377884
3,1297,4.56,19.105286,0,0,19.9462158203125,23.44101
3,899,2.995,4.081804,1,1,19.9462158203125,3.5858765
3,871,23.0,36.51965,0,1,19.9462158203125,35.83059
3,2409,4.0,3.3155107,1,1,19.9462158203125,7.1183515
3,57,72.5,75.41014,1,1,19.9462158203125,23.92751
3,1026,4.2,3.5871224,1,1,19.9462158203125,4.481628
3,2295,2.86,4.039155,1,1,19.9462158203125,7.086771
3,216,32.0,23.445961,1,1,19.9462158203125,25.572964
3,2410,8.4,12.094657,1,1,19.9462158203125,22.457262
3,2411,6.1,5.718403,1,1,19.9462158203125,6.832208
3,5,9.0,11.490477,1,1,19.9462158203125,6.859172
3,86,82.0,69.69018,0,1,19.9462158203125,59.78282
3,1089,7.86,4.9054704,1,1,19.9462158203125,6.00382
3,57,82.5,50.101574,0,0,19.9462158203125,40.65818
3,82,1.85,5.055235,1,0,19.9462158203125,5.4009943
3,867,8.346666667,7.837576,1,1,19.9462158203125,4.5051885
3,1568,11.0,24.417881,0,1,19.9462158203125,35.85658
3,605,30.0,47.849842,0,1,19.9462158203125,50.7698
3,2413,2.74,3.70799,1,1,19.9462158203125,5.1491528
3,870,0.84,6.89366,1,0,19.9462158203125,8.961666
3,22,22.0,53.335316,0,0,19.9462158203125,52.07031
3,1424,48.0,69.60258,0,1,19.9462158203125,53.075268
3,1675,8.2,8.850257,1,1,19.9462158203125,19.745535
3,566,8.4,7.0129743,1,1,19.9462158203125,9.861699
3,2416,6.0,5.4405255,1,1,19.9462158203125,9.404609
3,22,93.4,89.506325,1,1,19.9462158203125,15.043638
3,1117,0.53,1.2924968,1,1,19.9462158203125,1.8361658
3,126,87.0,73.33769,0,1,19.9462158203125,59.668972
3,617,86.5,77.01627,1,1,19.9462158203125,34.74482
3,1923,3.823333333,1.9811244,1,1,19.9462158203125,4.0246825
3,2305,52.0,68.00347,0,1,19.9462158203125,50.65111
3,617,89.1,77.720894,0,1,19.9462158203125,40.79299
3,2401,2.12,1.0882888,1,1,19.9462158203125,5.1759844
3,59,95.3,82.920006,0,1,19.9462158203125,25.49292
3,5,10.2,11.974113,1,1,19.9462158203125,6.27214
3,2228,51.0,55.909286,1,1,19.9462158203125,35.938316
3,1317,46.25,49.573322,1,1,19.9462158203125,34.691944
3,2421,6.6,9.768208,1,1,19.9462158203125,17.218826
3,195,2.226,1.6716737,1,1,19.9462158203125,1.6809716
3,890,9.49,8.580312,1,1,19.9462158203125,5.4782963
3,1061,14.0,52.375473,0,0,19.9462158203125,31.179344
3,1639,8.3,8.970158,1,1,19.9462158203125,5.636876
3,2428,8.7,10.4003525,1,1,19.9462158203125,17.705706
3,211,2.115333333,1.9438069,1,1,19.9462158203125,4.638119
3,1037,23.0,27.208467,1,1,19.9462158203125,39.65774
3,350,27.1,25.852123,1,1,19.9462158203125,19.04412
3,59,85.5,87.49152,1,1,19.9462158203125,17.173277
3,2430,54.8,73.70787,0,0,19.9462158203125,28.57312
3,2432,0.8825,1.2679164,1,1,19.9462158203125,4.952678
3,91,77.5,48.88642,0,1,19.9462158203125,62.198303
3,16,10.94,7.407893,1,1,19.9462158203125,9.167625
3,86,80.5,91.03986,0,0,19.9462158203125,12.654636
3,1136,6.28,6.5451717,1,1,19.9462158203125,5.9920325
3,2113,13.75,10.656913,1,1,19.9462158203125,6.965597
3,350,48.6,54.007835,1,1,19.9462158203125,34.59879
3,1795,17.0,5.7537575,0,0,19.9462158203125,9.6858835
3,1235,72.0,53.57688,0,1,19.9462158203125,63.62119
3,65,29.0,17.611404,0,0,19.9462158203125,22.729635
3,2310,1.0,3.2639098,1,1,19.9462158203125,6.290052
3,422,102.3,94.51923,1,1,19.9462158203125,69.25509
3,2437,0.56,1.0631261,1,1,19.9462158203125,27.815523
3,112,3.005,2.1908574,1,1,19.9462158203125,5.5288873
3,2035,1.13,3.7945094,1,1,19.9462158203125,136.63277
3,2438,9.0,5.673229,1,0,19.9462158203125,4.3359337
3,290,67.0,51.676567,0,1,19.9462158203125,46.055195
3,341,2.21,1.4674289,1,1,19.9462158203125,1.6692907
3,59,47.3,82.01124,0,0,19.9462158203125,20.14844
3,293,7.225,5.3762407,1,1,19.9462158203125,6.5634
3,216,18.26666667,22.069973,1,1,19.9462158203125,27.661419
3,229,4.13,7.2497396,1,0,19.9462158203125,3.9919202
3,2143,3.0,4.287893,1,1,19.9462158203125,27.696575
3,2443,21.9,11.796128,0,0,19.9462158203125,14.365259
3,86,81.4,73.89208,1,1,19.9462158203125,21.109348
3,128,10.0,20.333857,0,1,19.9462158203125,23.89782
3,22,70.0,68.89562,1,1,19.9462158203125,48.654217
3,86,91.25,63.19146,0,1,19.9462158203125,81.59101
3,407,72.5,41.68361,0,1,19.9462158203125,75.679794
3,269,16.0,23.39199,1,1,19.9462158203125,32.705055
3,800,4.8,3.5063162,1,1,19.9462158203125,3.1913257
3,2448,1.76,3.1034074,1,1,19.9462158203125,5.0322375
3,269,14.9,27.202583,0,0,19.9462158203125,23.270712
3,156,2.66,3.698322,1,1,19.9462158203125,6.10351
3,2401,2.12,1.1755238,1,1,19.9462158203125,5.3230195
3,2450,36.5,36.50241,1,1,19.9462158203125,56.288193
3,876,12.3,7.8346815,1,1,19.9462158203125,13.8922825
3,57,69.5,64.96999,1,1,19.9462158203125,21.31612
3,273,10.8,21.952147,0,1,19.9462158203125,24.634039
3,1992,27.2,24.796152,1,1,19.9462158203125,34.563538
3,588,3.7,3.5197566,1,1,19.9462158203125,3.4909844
3,41,2.76,4.829283,1,0,19.9462158203125,2.3847897
3,749,41.1,61.26985,0,1,19.9462158203125,62.412544
3,269,29.0,24.097807,1,1,19.9462158203125,23.756159
3,156,0.66,3.3921313,1,1,19.9462158203125,8.027273
3,1277,19.7,23.233027,1,1,19.9462158203125,24.950329
3,2113,13.0,10.2998,1,1,19.9462158203125,7.5009274
3,1998,38.0,33.793312,1,1,19.9462158203125,20.509972
3,1223,77.4,59.974617,0,1,19.9462158203125,40.66377
3,1460,30.0,33.214043,1,1,19.9462158203125,54.476723
3,515,77.0,79.290245,1,1,19.9462158203125,36.133186
3,293,5.2,5.5963297,1,1,19.9462158203125,6.546763
3,850,2.8,22.28688,0,0,19.9462158203125,24.103878
3,2457,3.2,8.709304,1,1,19.9462158203125,34.952442
3,195,2.14,1.6524149,1,1,19.9462158203125,1.6809716
3,272,15.1,12.230826,1,1,19.9462158203125,7.0774746
3,1574,41.0,48.923035,1,1,19.9462158203125,43.09231
3,319,82.0,76.329124,1,1,19.9462158203125,41.674313
3,1082,4.7,8.156258,1,1,19.9462158203125,7.943214
3,2305,14.0,59.808376,0,0,19.9462158203125,46.455795
3,41,2.52,4.773121,1,0,19.9462158203125,2.7695124
3,58,4.5575,3.576988,1,1,19.9462158203125,19.579987
3,568,3.51,11.13333,1,1,19.9462158203125,17.868639
3,86,78.1,86.85454,1,0,19.9462158203125,14.143643
3,356,5.845,5.253104,1,1,19.9462158203125,5.4013634
3,211,0.65,0.9296535,1,1,19.9462158203125,3.5036926
3,2464,19.0,72.63464,0,0,19.9462158203125,36.843544
3,2467,3.5,15.197708,0,1,19.9462158203125,30.776573
3,2469,7.5,7.1243606,1,1,19.9462158203125,10.723395
3,166,5.35,5.476093,1,1,19.9462158203125,7.7745647
3,1637,38.5,35.719013,1,1,19.9462158203125,7.7166123
3,1776,13.5,26.992834,0,1,19.9462158203125,29.640535
3,216,34.0,28.582008,1,1,19.9462158203125,13.975594
3,2467,1.4,28.05635,0,0,19.9462158203125,33.684917
3,1277,29.4,23.448616,1,1,19.9462158203125,23.462214
3,240,12.0,26.537342,0,1,19.9462158203125,33.232735
3,967,46.0,50.38832,1,1,19.9462158203125,35.69226
3,1207,1.8,1.7859972,1,1,19.9462158203125,2.2536192
3,245,25.0,25.118475,1,1,19.9462158203125,18.75876
3,2471,1.1,1.363848,1,1,19.9462158203125,3.674405
3,1351,3.5,4.8533235,1,0,19.9462158203125,1.9774814
3,898,82.0,78.472694,1,1,19.9462158203125,20.188305
3,544,15.55,12.848368,1,1,19.9462158203125,11.509504
3,2474,5.37,2.6680567,1,1,19.9462158203125,17.206034
3,649,72.2,75.45456,1,1,19.9462158203125,35.79468
3,1206,4.9,2.7147849,1,0,19.9462158203125,2.9756763
3,86,22.0,66.29823,0,0,19.9462158203125,71.21233
3,1459,15.0,15.241859,1,1,19.9462158203125,16.053307
3,2476,3.3,1.0753438,1,1,19.9462158203125,8.181435
3,57,76.9,52.04173,0,0,19.9462158203125,44.548027
3,632,0.33,0.53552115,1,1,19.9462158203125,1.817174
3,263,17.6,14.884917,1,1,19.9462158203125,8.6830845
3,422,108.0,85.734726,0,1,19.9462158203125,67.97846
3,273,75.0,32.676414,0,0,19.9462158203125,51.077713
3,0,23.5,24.904337,1,1,19.9462158203125,38.211754
3,911,56.55,73.48431,0,1,19.9462158203125,47.2482
3,216,4.98,18.903933,0,0,19.9462158203125,20.462595
3,915,3.76,3.1521811,1,1,19.9462158203125,3.3311458
3,216,36.0,30.261156,1,0,19.9462158203125,9.060662
3,1634,2.14,1.1438658,1,0,19.9462158203125,1.8797535
3,128,15.0,16.63996,1,1,19.9462158203125,6.8814855
3,21,17.6,27.877602,0,1,19.9462158203125,93.66281
3,347,70.0,79.49239,1,1,19.9462158203125,21.003908
3,544,8.7,10.697101,1,1,19.9462158203125,15.630948
3,1992,14.0,27.527847,0,1,19.9462158203125,33.123726
3,391,71.5,84.25243,0,1,19.9462158203125,38.40233
3,1264,5.69,6.299264,1,1,19.9462158203125,3.5880868
3,669,2.0,1.3639091,1,1,19.9462158203125,8.041162
3,86,36.0,65.409294,0,0,19.9462158203125,57.261707
3,1287,131.5,112.488655,0,0,19.9462158203125,37.37475
3,168,34.7,18.990568,0,1,19.9462158203125,32.836353
3,1406,0.1005,1.3561536,1,0,19.9462158203125,2.4642327
3,0,39.0,30.705175,1,1,19.9462158203125,32.89005
3,1834,29.5,18.394608,0,1,19.9462158203125,22.901285
3,1337,1.51,4.023539,1,1,19.9462158203125,6.020935
3,557,33.4,22.367228,0,0,19.9462158203125,19.121944
3,289,2.24,3.504349,1,1,19.9462158203125,6.742543
3,440,48.0,54.526104,1,1,19.9462158203125,48.70741
3,636,5.12,4.7111316,1,1,19.9462158203125,2.9455223
3,289,2.84,4.482307,1,1,19.9462158203125,7.063666
3,370,8.1,10.451712,1,1,19.9462158203125,7.5557466
3,856,6.44,7.1413403,1,1,19.9462158203125,6.9753833
3,581,4.382,5.346162,1,1,19.9462158203125,3.032585
3,293,2.0,4.8541713,1,0,19.9462158203125,5.222535
3,2490,45.0,41.187336,1,1,19.9462158203125,44.27598
3,785,1.165,2.988289,1,1,19.9462158203125,9.753238
3,1206,1.44,1.1267189,1,1,19.9462158203125,2.477649
3,256,1.51,3.8865378,1,1,19.9462158203125,5.9627748
3,269,11.0,15.5886545,1,1,19.9462158203125,31.39313
3,597,0.2,2.0980937,1,1,19.9462158203125,4.1676636
3,2494,7.03,8.199401,1,1,19.9462158203125,21.088146
3,1691,68.35,79.88359,0,1,19.9462158203125,24.036423
3,250,0.27,5.9666243,1,0,19.9462158203125,9.00356
3,2398,2.1,3.4863853,1,1,19.9462158203125,4.223779
3,632,0.21,0.75131375,1,1,19.9462158203125,1.8357464
3,183,111.0,84.11458,0,1,19.9462158203125,58.684017
3,1627,93.35,80.79251,0,1,19.9462158203125,75.31151
3,168,42.0,22.87484,0,0,19.9462158203125,30.99874
3,2498,0.34,5.551563,1,1,19.9462158203125,12.896514
3,2295,0.663333333,4.270539,1,0,19.9462158203125,5.9423795
3,581,12.8,4.9990253,1,0,19.9462158203125,2.719489
3,2499,4.85,8.225766,1,1,19.9462158203125,14.689983
3,1277,22.2,23.554363,1,1,19.9462158203125,21.37097
3,2180,4.2,1.1891522,1,1,19.9462158203125,11.451303
3,870,1.5,5.4505887,1,1,19.9462158203125,8.910475
3,850,33.6,31.149279,1,1,19.9462158203125,16.512922
3,1183,5.52,7.1736894,1,1,19.9462158203125,8.207596
3,1435,2.13,3.0449564,1,1,19.9462158203125,2.1382408
3,2113,14.7,11.911007,1,1,19.9462158203125,7.32546
3,1223,19.0,52.462566,0,0,19.9462158203125,42.29162
3,583,30.3,57.075905,0,0,19.9462158203125,37.36375
3,1165,1.27,1.3415859,1,1,19.9462158203125,3.9786894
3,290,55.0,41.35646,0,1,19.9462158203125,36.680496
3,59,92.0,85.54102,1,1,19.9462158203125,18.316832
3,183,118.975,83.326675,0,0,19.9462158203125,55.392067
3,65,7.0,8.980727,1,1,19.9462158203125,20.48371
3,2305,43.0,68.28564,0,0,19.9462158203125,47.457943
3,166,2.134,5.190988,1,1,19.9462158203125,7.379419
3,456,12.0,12.18921,1,1,19.9462158203125,7.477422
3,695,130.3,105.166794,0,0,19.9462158203125,36.690968
3,2514,0.87,2.3383803,1,1,19.9462158203125,5.943764
3,654,1.815,3.1285815,1,1,19.9462158203125,9.088651
3,2516,2.493333333,1.4711078,1,1,19.9462158203125,3.3375723
3,511,3.0,3.118463,1,1,19.9462158203125,3.9330664
3,2517,4.175,8.026509,1,1,19.9462158203125,9.594818
3,800,1.89,3.637464,1,0,19.9462158203125,2.9901857
3,652,47.0,75.99829,0,1,19.9462158203125,63.03258
3,544,20.95,19.184093,1,1,19.9462158203125,14.033189
3,1406,0.167,0.907395,1,1,19.9462158203125,2.431069
3,86,84.8,89.80041,1,0,19.9462158203125,4.968278
3,1380,0.73,2.9060595,1,0,19.9462158203125,3.34078
3,58,4.27,3.3636804,1,1,19.9462158203125,18.72978
3,116,17.6,17.530827,1,1,19.9462158203125,16.688208
3,86,59.53333333,66.144585,1,1,19.9462158203125,52.9903
3,2331,1.815,2.4474628,1,1,19.9462158203125,4.467798
3,57,84.0,52.4533,0,0,19.9462158203125,21.157017
3,2519,16.3,20.994846,1,1,19.9462158203125,16.128384
3,392,11.673,11.449063,1,1,19.9462158203125,5.8517723
3,5,1.53,5.0155582,1,1,19.9462158203125,8.325204
3,269,22.0,26.510864,1,1,19.9462158203125,27.50502
3,850,32.5,20.48493,0,0,19.9462158203125,10.003502
3,16,10.4,7.043349,1,1,19.9462158203125,9.752785
3,1816,11.6,17.016678,1,1,19.9462158203125,55.642166
3,1644,2.11,1.1345687,1,1,19.9462158203125,6.6424656
3,270,0.152,14.895709,0,1,19.9462158203125,37.39357
3,2053,3.0,2.698876,1,1,19.9462158203125,1.3662587
3,339,7.365,4.455666,1,1,19.9462158203125,6.079261
3,1210,4.68,4.4458327,1,1,19.9462158203125,1.9066273
3,2525,13.0,9.433138,1,1,19.9462158203125,19.495764
3,362,14.0,25.377102,0,0,19.9462158203125,14.975075
3,2526,15.6,14.201586,1,1,19.9462158203125,6.619877
3,1615,10.8,7.7299623,1,1,19.9462158203125,7.3293357
3,1088,12.7,12.200492,1,1,19.9462158203125,7.867458
3,1061,33.5,59.31346,0,0,19.9462158203125,40.00817
3,1402,1.15,2.0820026,1,1,19.9462158203125,2.9942596
3,1099,77.0,36.442696,0,0,19.9462158203125,39.374912
3,273,50.0,31.649323,0,1,19.9462158203125,47.29315
3,2533,12.0,22.74599,0,1,19.9462158203125,47.43043
3,685,77.0,69.36743,1,1,19.9462158203125,57.7297
3,1489,4.643,3.4901984,1,1,19.9462158203125,3.5429056
3,422,73.5,85.63445,0,0,19.9462158203125,15.173464
3,1504,64.0,31.811533,0,1,19.9462158203125,92.43705
3,2170,127.0,105.35636,0,0,19.9462158203125,25.649372
3,2535,5.016666667,4.612104,1,1,19.9462158203125,8.120362
3,168,29.1,16.824833,0,1,19.9462158203125,31.32214
3,1579,8.355,5.2953987,1,1,19.9462158203125,8.328864
3,272,15.3,12.569024,1,1,19.9462158203125,7.1922774
3,1593,21.0,22.501488,1,1,19.9462158203125,28.84168
3,2536,3.0,2.8938081,1,1,19.9462158203125,9.382807
3,876,10.2,7.866098,1,1,19.9462158203125,13.044741
3,59,80.0,76.62219,1,1,19.9462158203125,33.000366
3,86,19.0,40.969765,0,1,19.9462158203125,66.3243
3,263,16.88888889,14.884917,1,1,19.9462158203125,8.6830845
3,1037,23.0,27.354849,1,1,19.9462158203125,38.114105
3,1228,32.0,24.247274,1,1,19.9462158203125,34.219944
3,1574,27.0,46.738426,0,1,19.9462158203125,39.662865
3,2538,4.57,4.0137496,1,1,19.9462158203125,6.7962174
3,2539,2.5,8.667943,1,1,19.9462158203125,21.53446
3,2540,13.0,24.180223,0,0,19.9462158203125,16.252327
3,2541,1.82,1.4077753,1,1,19.9462158203125,3.0685754
3,72,6.88,5.42489,1,1,19.9462158203125,4.6601434
3,62,18.9,16.581793,1,1,19.9462158203125,4.7394342
3,800,1.36,2.6666605,1,1,19.9462158203125,5.0989494
3,422,108.0,93.061714,0,1,19.9462158203125,63.69895
3,980,82.9,81.96754,1,1,19.9462158203125,44.000225
3,669,2.24,1.8551913,1,1,19.9462158203125,6.810577
3,59,73.0,85.19452,0,0,19.9462158203125,17.654171
3,867,8.6,7.815666,1,1,19.9462158203125,4.6117716
3,2252,4.0,9.038046,1,0,19.9462158203125,5.0099964
3,2546,1.2775,0.72853684,1,1,19.9462158203125,10.485425
3,86,92.3,67.83885,0,1,19.9462158203125,94.53136
3,168,45.2,28.158234,0,0,19.9462158203125,21.909513
3,932,34.5,22.728882,0,1,19.9462158203125,53.7193
3,240,35.0,30.507145,1,1,19.9462158203125,26.568361
3,870,1.63,5.9940176,1,1,19.9462158203125,10.182502
3,1373,6.8,15.60914,1,0,19.9462158203125,14.750074
3,2039,0.36,1.4223406,1,1,19.9462158203125,8.159479
3,0,30.1625,31.26734,1,1,19.9462158203125,21.95148
3,2552,29.5,19.5439,1,1,19.9462158203125,39.840553
3,2263,0.78,2.1247163,1,0,19.9462158203125,2.0178964
3,2553,3.2,5.3986425,1,1,19.9462158203125,7.3419356
3,183,118.0,79.31822,0,0,19.9462158203125,65.784546
3,800,2.6125,3.0547314,1,1,19.9462158203125,3.6469789
3,124,6.43,4.9337325,1,1,19.9462158203125,6.964873
3,781,73.0,27.779692,0,1,19.9462158203125,184.95607
3,2035,0.6,3.7945094,1,1,19.9462158203125,136.63277
3,2169,1.32,3.587078,1,0,19.9462158203125,3.1925862
3,915,3.89,3.246204,1,1,19.9462158203125,2.8612313
3,871,21.0,38.71223,0,1,19.9462158203125,46.04603
3,2178,16.0,30.515059,0,0,19.9462158203125,14.011682
3,1052,2.11,3.7528307,1,1,19.9462158203125,4.987879
3,1373,7.8,15.793903,1,0,19.9462158203125,13.412386
3,443,6.4,32.5818,0,0,19.9462158203125,38.13106
3,140,2.71,3.27293,1,1,19.9462158203125,3.7774906
3,2563,6.03,3.5406773,1,0,19.9462158203125,3.876754
3,30,56.5,83.324875,0,0,19.9462158203125,30.63168
3,362,41.8,37.80656,1,1,19.9462158203125,27.337538
3,1222,7.0,7.277216,1,1,19.9462158203125,4.756867
3,2572,20.0,29.495972,1,0,19.9462158203125,8.202285
3,59,89.0,87.37719,1,1,19.9462158203125,14.946366
3,1806,8.6,3.104741,1,0,19.9462158203125,4.3887463
3,2573,1.13,4.2838984,1,0,19.9462158203125,4.381657
3,1625,5.5,4.413201,1,1,19.9462158203125,4.3643856
3,350,73.8,58.46507,0,0,19.9462158203125,22.758772
3,1741,31.0,60.52927,0,0,19.9462158203125,53.202972
3,1998,35.3,31.973322,1,1,19.9462158203125,16.923391
3,2113,11.55,10.198415,1,1,19.9462158203125,7.2117276
3,1204,11.1,10.401172,1,1,19.9462158203125,9.364696
3,86,91.0,91.57715,1,1,19.9462158203125,3.7182093
3,1670,3.52,9.839959,1,1,19.9462158203125,76.6943
3,2430,26.1,63.324207,0,0,19.9462158203125,36.177006
3,440,81.0,61.74893,0,1,19.9462158203125,63.104046
3,636,4.205,4.943648,1,1,19.9462158203125,3.505469
3,1210,3.256,3.2838666,1,1,19.9462158203125,2.8119924
3,440,90.0,70.89481,0,1,19.9462158203125,47.993523
3,2580,6.41,4.1033225,1,1,19.9462158203125,5.4853005
3,168,36.0,21.675444,0,1,19.9462158203125,28.688925
3,222,1.22,1.7163478,1,1,19.9462158203125,3.9493973
3,1691,83.15,81.15924,1,1,19.9462158203125,13.854274
3,210,36.9,23.85847,0,1,19.9462158203125,52.78376
3,168,37.5,20.17544,0,0,19.9462158203125,33.093327
3,2553,1.8,3.5796118,1,1,19.9462158203125,9.160878
3,2113,10.85,9.377067,1,1,19.9462158203125,7.1523705
3,120,9.86,13.905366,1,1,19.9462158203125,17.013384
3,1210,2.99,3.3221989,1,1,19.9462158203125,2.4889445
3,966,3.0,7.4481893,1,1,19.9462158203125,12.827487
3,2033,75.0,79.30977,1,1,19.9462158203125,23.652395
3,1656,3.7,4.167207,1,1,19.9462158203125,4.1131253
3,528,14.2,8.102282,1,0,19.9462158203125,7.797185
3,59,73.5,83.8696,0,1,19.9462158203125,38.34702
3,86,45.4,46.180172,1,1,19.9462158203125,61.130585
3,2585,0.046,-0.063773654,1,1,19.9462158203125,0.80901605
3,2587,2.7,3.3957555,1,1,19.9462158203125,7.280985
3,222,1.38,1.7163478,1,1,19.9462158203125,3.9493973
3,440,92.0,64.346085,0,0,19.9462158203125,44.194553
3,2588,3.465,-2.4809828,1,1,19.9462158203125,22.473349
3,573,0.7,2.0476868,1,1,19.9462158203125,11.384113
3,350,75.0,29.307238,0,1,19.9462158203125,110.37446
3,856,6.25,7.1413403,1,1,19.9462158203125,6.9753833
3,166,3.616,2.662482,1,1,19.9462158203125,5.9455576
3,2591,5.21,5.427132,1,1,19.9462158203125,3.8352182
3,86,21.9,37.69264,0,1,19.9462158203125,65.325745
3,1406,0.02625,0.95382285,1,1,19.9462158203125,2.3808882
3,86,92.8,74.5887,0,1,19.9462158203125,56.96174
3,2593,1.0,3.5036433,1,1,19.9462158203125,5.8901663
3,910,3.09,2.8228052,1,1,19.9462158203125,3.5609198
3,350,72.0,30.159903,0,1,19.9462158203125,121.84331
3,2594,8.405,5.5707874,1,1,19.9462158203125,6.9974856
3,82,2.65,2.8763442,1,1,19.9462158203125,5.8993216
3,669,1.4,1.8575649,1,1,19.9462158203125,6.810577
3,1365,8.0,37.503334,0,0,19.9462158203125,44.055405
3,729,6.0,6.2133617,1,1,19.9462158203125,8.904524
3,290,80.0,71.38937,1,1,19.9462158203125,19.112766
3,2598,0.80775,2.6833177,1,0,19.9462158203125,3.462769
3,573,1.49,3.5962784,1,1,19.9462158203125,13.902269
3,21,11.9,28.041742,0,1,19.9462158203125,92.92838
3,22,66.0,76.58104,0,1,19.9462158203125,40.239437
3,2601,24.5,12.409761,0,0,19.9462158203125,13.373125
3,1563,12.3,11.355086,1,1,19.9462158203125,10.404164
3,409,0.35,3.4144146,1,0,19.9462158203125,3.8539236
3,471,3.77,8.86211,1,1,19.9462158203125,11.294691
3,2604,11.42166667,12.656119,1,1,19.9462158203125,19.403824
3,5,12.1,13.442512,1,1,19.9462158203125,5.663067
3,58,4.533333333,4.370766,1,1,19.9462158203125,11.321167
3,883,1.04,4.989771,1,1,19.9462158203125,22.415133
3,62,17.2,13.2518215,1,0,19.9462158203125,6.84257
3,446,9.2,5.6832013,1,1,19.9462158203125,8.102004
3,273,13.7,28.42433,0,0,19.9462158203125,19.076565
3,1168,55.7,77.44625,0,1,19.9462158203125,45.409782
3,216,40.0,13.572515,0,0,19.9462158203125,38.85112
3,1601,0.75,4.210883,1,0,19.9462158203125,3.6702275
3,2608,3.2,4.4786487,1,1,19.9462158203125,5.26432
3,685,35.0,65.03555,0,0,19.9462158203125,43.764423
3,216,36.9,38.13229,1,1,19.9462158203125,22.984335
3,2613,0.69,1.8940037,1,1,19.9462158203125,4.805206
3,876,9.2,7.7510204,1,1,19.9462158203125,13.116019
3,240,16.0,22.427357,1,1,19.9462158203125,25.975712
3,422,97.0,96.19869,1,1,19.9462158203125,73.69103
3,2616,1.05,2.22989,1,1,19.9462158203125,5.9686737
3,1365,20.0,42.326363,0,1,19.9462158203125,48.29309
3,2002,5.6,5.8715005,1,1,19.9462158203125,6.3845916
3,1097,3.8,2.4259083,1,1,19.9462158203125,3.1563697
3,600,21.1,28.428616,1,1,19.9462158203125,42.179253
3,1312,1.07,2.04041,1,1,19.9462158203125,6.57904
3,59,78.0,85.54102,1,1,19.9462158203125,18.316832
3,785,1.445,3.754653,1,1,19.9462158203125,8.93131
3,1089,2.9,2.9260836,1,1,19.9462158203125,3.669993
3,1494,8.1,7.9157705,1,1,19.9462158203125,6.547488
3,2618,7.07,6.7793293,1,1,19.9462158203125,9.947712
3,290,70.0,48.83176,0,0,19.9462158203125,42.2782
3,289,3.0,5.009931,1,1,19.9462158203125,6.807124
3,128,15.0,17.696535,1,1,19.9462158203125,13.966456
3,729,3.5,3.2399657,1,1,19.9462158203125,4.659773
3,1868,18.0,22.429165,1,1,19.9462158203125,12.047206
3,1097,1.6,1.322103,1,1,19.9462158203125,0.724165
3,65,11.0,9.139017,1,1,19.9462158203125,18.180279
3,456,11.68,12.261068,1,1,19.9462158203125,7.9050674
3,192,7.85,6.897881,1,1,19.9462158203125,4.0287776
3,669,3.49,1.8975358,1,1,19.9462158203125,6.810577
3,2538,4.3,4.574997,1,1,19.9462158203125,12.2448225
3,1563,13.7,11.682567,1,1,19.9462158203125,11.999854
3,2626,37.8,27.973831,1,1,19.9462158203125,60.512424
3,1630,35.0,33.26614,1,1,19.9462158203125,49.441025
3,2628,0.67,3.053611,1,0,19.9462158203125,4.1435175
3,2629,3.3,3.9452817,1,1,19.9462158203125,2.868016
3,1489,3.72,3.4816089,1,1,19.9462158203125,3.8041012
3,1432,0.7,0.9055665,1,1,19.9462158203125,3.2380893
3,116,27.4,18.698006,1,0,19.9462158203125,17.079636
3,515,25.0,67.34545,0,0,19.9462158203125,57.58444
3,1808,0.7,8.613543,1,1,19.9462158203125,20.15332
3,2632,3.4,2.7452762,1,1,19.9462158203125,6.133832
3,21,43.0,40.068577,1,1,19.9462158203125,48.66257
3,123,14.0,11.331324,1,1,19.9462158203125,8.491821
3,604,8.6,12.522361,1,0,19.9462158203125,5.8858476
3,600,28.6,19.246698,1,1,19.9462158203125,64.73398
3,1277,32.8,24.561054,1,1,19.9462158203125,20.116419
3,2636,25.05,23.401043,1,1,19.9462158203125,27.17356
3,1235,73.0,80.93384,1,1,19.9462158203125,37.368053
3,58,3.955,3.37795,1,1,19.9462158203125,20.315777
3,62,20.29,14.63876,1,0,19.9462158203125,7.3709655
3,22,64.0,68.974106,1,1,19.9462158203125,50.000523
3,1444,10.5,16.437033,1,1,19.9462158203125,39.45592
3,61,1.86,2.3407257,1,1,19.9462158203125,4.0777326
3,1061,57.7,61.50743,1,1,19.9462158203125,31.235456
3,236,89.8,86.99392,1,1,19.9462158203125,25.957312
3,50,79.0,67.769714,0,1,19.9462158203125,26.321564
3,62,20.7,13.959894,1,0,19.9462158203125,5.5636954
3,1937,10.56,7.8064556,1,1,19.9462158203125,5.5873632
3,1210,4.44,4.2877326,1,1,19.9462158203125,1.4504426
3,58,2.65,4.7526126,1,1,19.9462158203125,19.17638
3,2430,33.8,61.97669,0,0,19.9462158203125,39.8342
3,581,7.38,6.3704734,1,1,19.9462158203125,3.5794933
3,2640,5.52,4.250063,1,1,19.9462158203125,5.2794604
3,2490,42.0,46.151264,1,1,19.9462158203125,56.51373
3,440,92.45,74.69473,0,1,19.9462158203125,42.11566
3,2643,2.32,6.073,1,1,19.9462158203125,14.893637
3,1512,6.1,6.0922847,1,1,19.9462158203125,4.2352567
3,86,95.9,62.837677,0,0,19.9462158203125,64.9833
3,22,71.0,61.85949,1,1,19.9462158203125,26.78243
3,2647,1.6,1.166539,1,1,19.9462158203125,2.7799675
3,2013,2.8,0.99599767,1,1,19.9462158203125,5.676292
3,1300,6.4,3.7605891,1,1,19.9462158203125,9.46766
3,210,36.0,23.899359,0,1,19.9462158203125,62.484043
3,2088,11.1,26.464645,0,0,19.9462158203125,25.835682
3,128,14.2,17.213413,1,1,19.9462158203125,9.865573
3,356,6.185,6.137556,1,1,19.9462158203125,5.784446
3,2648,62.0,71.73529,1,1,19.9462158203125,59.824383
3,1680,2.54,3.5313308,1,1,19.9462158203125,2.9742222
3,2649,40.0,33.00871,1,1,19.9462158203125,104.02077
3,870,0.855,5.7662234,1,1,19.9462158203125,10.182502
3,208,7.175,4.16899,1,0,19.9462158203125,3.3246446
3,0,15.0,20.473982,1,1,19.9462158203125,45.64267
3,1459,15.2,15.347322,1,1,19.9462158203125,10.905098
3,2654,92.0,79.82928,0,1,19.9462158203125,55.65598
3,973,17.3,11.607338,1,0,19.9462158203125,9.038338
3,2656,15.0,16.305578,1,1,19.9462158203125,47.754486
3,1127,5.1,3.4044092,1,1,19.9462158203125,3.7584593
3,154,2.6,2.7040174,1,1,19.9462158203125,3.4716978
3,2657,4.3,6.230797,1,1,19.9462158203125,10.496197
3,2658,16.7,14.09066,1,1,19.9462158203125,12.4291725
3,443,8.4,32.585346,0,0,19.9462158203125,36.301025
3,2648,87.5,59.732487,0,0,19.9462158203125,54.422195
3,285,13.0,13.441561,1,1,19.9462158203125,7.314238
3,1168,80.0,83.40524,1,1,19.9462158203125,8.6280155
3,192,8.56,6.6197743,1,0,19.9462158203125,3.7597508
3,59,76.4,86.35478,1,1,19.9462158203125,38.46927
3,562,3.835,4.357391,1,1,19.9462158203125,7.1047335
3,2662,1.92,3.3961034,1,1,19.9462158203125,5.7139235
3,86,93.1,70.81722,0,1,19.9462158203125,56.116135
3,1868,16.0,19.129436,1,1,19.9462158203125,15.470917
3,86,93.0,91.493744,1,1,19.9462158203125,5.1342907
3,2665,3.0,1.7301629,1,1,19.9462158203125,6.857237
3,850,30.82,29.000656,1,1,19.9462158203125,17.294914
3,2667,0.78,1.074971,1,1,19.9462158203125,4.730268
3,824,1.71,2.6443985,1,1,19.9462158203125,6.648113
3,980,78.8,77.32038,1,1,19.9462158203125,56.88675
3,400,13.6,24.239363,0,1,19.9462158203125,29.63528
3,2247,2.75,4.663552,1,1,19.9462158203125,7.451073
3,632,0.59,0.5133175,1,1,19.9462158203125,1.6985488
3,912,8.25,9.480311,1,1,19.9462158203125,5.0852337
3,800,5.15,3.7559032,1,1,19.9462158203125,3.2262735
3,126,65.0,60.743084,1,1,19.9462158203125,57.085968
3,1859,6.6,2.769187,1,0,19.9462158203125,2.8232322
3,1998,37.8,34.204967,1,1,19.9462158203125,20.15157
3,1044,32.5,28.441011,1,1,19.9462158203125,32.69989
3,581,7.07,5.9241586,1,1,19.9462158203125,3.4747326
3,588,3.7,3.7924325,1,1,19.9462158203125,3.7961018
3,1113,55.3,80.35212,0,0,19.9462158203125,43.971382
3,2046,5.09,3.7399285,1,1,19.9462158203125,6.8007717
3,86,26.0,41.146935,0,1,19.9462158203125,62.81467
3,6,32.5,27.86157,1,1,19.9462158203125,16.91896
3,216,25.0,21.343256,1,1,19.9462158203125,16.15224
3,216,40.0,20.250372,0,0,19.9462158203125,36.96609
3,685,75.0,65.60513,1,1,19.9462158203125,58.91777
3,443,4.7,33.451572,0,0,19.9462158203125,37.40312
3,2676,4.1,3.3300807,1,1,19.9462158203125,6.324313
3,2008,4.6,2.6589835,1,0,19.9462158203125,3.8630693
3,154,3.41,2.426312,1,1,19.9462158203125,3.4716978
3,86,13.9,66.8231,0,0,19.9462158203125,73.90292
3,528,8.81,7.5208173,1,1,19.9462158203125,8.578241
3,1937,2.7,3.8031383,1,1,19.9462158203125,3.3864481
3,1402,0.52,2.3068585,1,0,19.9462158203125,3.0842252
3,2247,2.75,4.54594,1,1,19.9462158203125,7.2632847
3,2370,0.03,0.0072069285,1,1,19.9462158203125,1.1136854
3,2680,4.59,13.535589,1,1,19.9462158203125,20.32472
3,511,3.45,3.540381,1,1,19.9462158203125,4.9982066
3,157,0.175,1.0842162,1,1,19.9462158203125,3.7558048
3,636,3.255,4.2612424,1,1,19.9462158203125,4.574203
3,2285,9.985,9.0283575,1,1,19.9462158203125,6.8607674
3,81,64.3,72.73053,1,1,19.9462158203125,46.530037
3,568,4.25,11.870417,1,1,19.9462158203125,24.03788
3,604,12.33,14.241931,1,1,19.9462158203125,8.245533
3,850,30.0,23.501095,1,1,19.9462158203125,27.565344
3,332,17.3,17.49204,1,1,19.9462158203125,31.044746
3,1574,38.0,48.923035,0,1,19.9462158203125,43.09231
3,1597,74.0,55.704227,0,1,19.9462158203125,51.84586
3,154,3.5,2.8254004,1,1,19.9462158203125,3.8876846
3,611,44.0,39.738174,1,1,19.9462158203125,65.94559
3,2112,21.5,14.84752,1,1,19.9462158203125,14.724225
3,290,79.0,68.659256,0,1,19.9462158203125,29.526844
3,914,8.7,4.514638,1,0,19.9462158203125,5.3750334
3,34,0.805,1.6973205,1,1,19.9462158203125,3.3675833
3,1535,6.2,5.1633625,1,1,19.9462158203125,3.82739
3,554,10.0,13.390493,1,1,19.9462158203125,20.532362
3,156,0.66,3.374156,1,1,19.9462158203125,8.197449
3,1671,1.83,2.7247167,1,1,19.9462158203125,3.844144
3,1123,3.5,2.7036085,1,1,19.9462158203125,2.7424114
3,156,0.53,3.7224274,1,0,19.9462158203125,6.134771
3,2684,0.87,4.7271223,1,0,19.9462158203125,6.003988
3,2685,37.0,24.799503,0,1,19.9462158203125,43.672955
3,157,3.3,1.8490981,1,1,19.9462158203125,8.460533
3,22,55.0,65.51083,0,1,19.9462158203125,58.735065
3,334,1.435,2.1401026,1,1,19.9462158203125,4.494168
3,2687,3.2,2.607457,1,1,19.9462158203125,6.6802044
3,1599,1.4,1.7178206,1,1,19.9462158203125,1.7162662
3,1532,6.125,3.5800123,1,1,19.9462158203125,5.957761
3,2690,2.3,6.5013704,1,0,19.9462158203125,5.7795367
3,1379,15.8,29.04731,0,1,19.9462158203125,38.41954
3,350,23.0,24.134851,1,1,19.9462158203125,21.610437
3,216,20.0,31.45334,0,0,19.9462158203125,10.452962
3,2693,16.3,16.974401,1,1,19.9462158203125,11.88645
3,967,50.0,47.023952,1,1,19.9462158203125,24.143425
3,2695,4.5,2.4977112,1,0,19.9462158203125,2.9777749
3,2696,4.45,4.316893,1,1,19.9462158203125,13.343052
3,2038,2.6,7.2511363,1,1,19.9462158203125,12.033939
3,856,3.72,7.327548,1,0,19.9462158203125,6.915196
3,61,0.48,2.0066552,1,1,19.9462158203125,4.3222723
3,0,28.45,27.561958,1,1,19.9462158203125,35.6575
3,263,20.2,13.634035,1,0,19.9462158203125,12.151826
3,1120,0.07,2.4805086,1,0,19.9462158203125,4.747497
3,558,4.7,5.686999,1,1,19.9462158203125,15.354988
3,2704,1.1,1.0517478,1,1,19.9462158203125,4.776329
3,2706,30.0,38.29946,1,1,19.9462158203125,34.147972
3,2708,1.51,2.1732593,1,1,19.9462158203125,5.727642
3,2709,40.0,28.446934,0,1,19.9462158203125,31.792173
3,724,2.6,1.7450317,1,0,19.9462158203125,1.5874684
3,1235,13.0,42.480072,0,0,19.9462158203125,23.204525
3,850,0.1,20.512808,0,0,19.9462158203125,20.813381
3,65,20.6,16.71008,1,1,19.9462158203125,18.631575
3,30,41.0,86.28412,0,0,19.9462158203125,56.669376
3,490,4.53,3.2771916,1,1,19.9462158203125,4.260947
3,972,1.89,1.945425,1,1,19.9462158203125,3.087022
3,216,36.9,30.56391,1,0,19.9462158203125,9.474843
3,240,22.0,29.291107,1,1,19.9462158203125,19.992075
3,1945,107.5,88.68946,0,1,19.9462158203125,51.873947
3,1336,0.39,1.8613584,1,1,19.9462158203125,4.7903934
3,290,82.0,82.41581,1,1,19.9462158203125,13.240554
3,597,0.52,1.726103,1,1,19.9462158203125,3.495757
3,59,90.0,85.05347,1,1,19.9462158203125,25.29051
3,1127,2.7,4.7416997,1,0,19.9462158203125,3.950168
3,2013,2.6,2.1582048,1,1,19.9462158203125,4.3098207
3,62,19.5,12.051779,1,0,19.9462158203125,11.683816
3,2467,1.7,33.351215,0,0,19.9462158203125,31.97108
3,604,10.5,12.758321,1,1,19.9462158203125,7.070185
3,1545,0.23,1.1323472,1,1,19.9462158203125,3.3978724
3,2307,5.4,16.719816,0,1,19.9462158203125,98.05184
3,2716,1.25,2.5863342,1,1,19.9462158203125,5.0104084
3,339,3.19,3.2803593,1,1,19.9462158203125,3.0196965
3,1406,0.125,0.91977334,1,1,19.9462158203125,2.3808882
3,2685,37.0,24.587423,0,1,19.9462158203125,29.346508
3,59,67.0,85.65728,0,0,19.9462158203125,30.241653
3,2295,2.52,3.4757514,1,1,19.9462158203125,5.6342163
3,1865,5.0,4.0645022,1,1,19.9462158203125,3.88812
3,2601,25.6,14.809752,0,0,19.9462158203125,16.861065
3,2717,0.46,1.4245905,1,1,19.9462158203125,6.647466
3,2533,11.0,16.702066,1,1,19.9462158203125,35.960598
3,156,0.21,3.5457962,1,0,19.9462158203125,6.163121
3,2718,0.296666667,2.9998739,1,1,19.9462158203125,6.841855
3,2719,0.135,5.0742273,1,1,19.9462158203125,34.61403
3,1281,2.755,3.9949,1,1,19.9462158203125,4.4750867
3,290,73.0,66.37103,1,1,19.9462158203125,29.623337
3,62,19.6,17.164371,1,0,19.9462158203125,4.404474
3,1382,56.0,72.025375,0,1,19.9462158203125,51.401627
3,725,72.7,62.09426,0,1,19.9462158203125,41.62286
3,285,13.9,14.901138,1,1,19.9462158203125,7.1299043
3,2723,3.1,2.0136135,1,1,19.9462158203125,4.44189
3,2724,13.2,10.2694235,1,1,19.9462158203125,8.885272
3,636,5.2,4.517396,1,1,19.9462158203125,4.094985
3,490,1.63,2.7820551,1,1,19.9462158203125,4.559268
3,2727,4.0,16.384874,0,1,19.9462158203125,51.876324
3,2332,55.0,75.01958,0,1,19.9462158203125,52.332737
3,2263,2.358,2.481524,1,1,19.9462158203125,2.0178964
3,1182,82.9,75.11331,1,1,19.9462158203125,18.985378
3,961,35.8,64.31085,0,0,19.9462158203125,34.84046
3,2658,7.0,11.840109,1,1,19.9462158203125,14.937575
3,892,14.2,11.18474,1,0,19.9462158203125,3.5197604
3,2728,9.2,9.040314,1,1,19.9462158203125,5.16843
3,685,61.0,62.612526,1,1,19.9462158203125,53.802696
3,59,76.5,86.85122,0,1,19.9462158203125,38.117188
3,1433,1.0,4.633502,1,0,19.9462158203125,6.8793077
3,58,4.81,4.835377,1,1,19.9462158203125,19.17638
3,273,18.1,24.394175,1,1,19.9462158203125,19.154163
3,1204,10.56,10.572065,1,1,19.9462158203125,9.044699
3,2731,7.25,4.9028983,1,0,19.9462158203125,3.0470037
3,695,131.3,104.29859,0,0,19.9462158203125,37.306023
3,58,4.5,2.6943374,1,1,19.9462158203125,15.3750515
3,194,7.7,8.30463,1,1,19.9462158203125,5.252895
3,57,69.0,51.245445,0,0,19.9462158203125,27.680563
3,1741,29.0,58.131245,0,0,19.9462158203125,38.86112
3,2735,6.0,6.3802614,1,1,19.9462158203125,5.4333563
3,1433,2.71,3.6033943,1,1,19.9462158203125,4.0813684
3,168,32.0,16.155567,0,1,19.9462158203125,32.718506
3,2737,8.0,3.8267648,1,0,19.9462158203125,7.2278414
3,2738,20.0,25.922901,1,1,19.9462158203125,44.32915
3,86,89.8,89.57657,1,1,19.9462158203125,12.650935
3,1044,32.0,28.150791,1,1,19.9462158203125,26.750877
3,215,3.315,3.8574045,1,1,19.9462158203125,5.756028
3,263,20.3,13.878791,1,1,19.9462158203125,19.552515
3,2053,4.68,3.1867225,1,0,19.9462158203125,2.8818266
3,216,19.8,20.881298,1,1,19.9462158203125,16.943989
3,1579,4.63,4.6728544,1,1,19.9462158203125,8.581771
3,2742,2.3825,4.6053123,1,1,19.9462158203125,6.8092747
3,838,0.62,3.4971888,1,1,19.9462158203125,8.067147
3,1433,2.92,4.37806,1,1,19.9462158203125,5.0996494
3,2744,29.0,13.154184,0,0,19.9462158203125,29.399065
3,910,3.2,3.210486,1,1,19.9462158203125,2.967556
3,605,63.0,63.662376,1,1,19.9462158203125,38.23429
3,216,16.0,15.911313,1,1,19.9462158203125,41.92243
3,991,14.5,8.551018,1,0,19.9462158203125,5.588532
3,617,89.0,74.07618,0,1,19.9462158203125,36.258102
3,59,70.0,85.19452,0,0,19.9462158203125,17.654171
3,2533,9.0,17.007307,1,1,19.9462158203125,34.7064
3,65,18.7,15.982821,1,1,19.9462158203125,14.874341
3,630,4.78,5.4607058,1,1,19.9462158203125,5.9978914
3,2039,1.07,2.7488968,1,1,19.9462158203125,3.7332163
3,1055,5.1,5.6188617,1,1,19.9462158203125,5.8388877
3,822,117.0,93.81012,0,1,19.9462158203125,77.32931
3,173,0.68,7.232694,1,1,19.9462158203125,16.599453
3,216,19.5,20.356916,1,1,19.9462158203125,18.543951
3,1860,16.3,16.194872,1,1,19.9462158203125,13.110815
3,2749,21.0,19.82331,1,1,19.9462158203125,10.300057
3,499,14.0,9.037352,1,0,19.9462158203125,6.3708606
3,2750,8.6,1.6456301,1,0,19.9462158203125,5.4278054
3,2226,7.6,5.156675,1,1,19.9462158203125,6.475884
3,86,60.5,63.77257,1,1,19.9462158203125,44.380722
3,2113,10.1,9.835512,1,1,19.9462158203125,7.2452173
3,981,10.9,13.760122,1,1,19.9462158203125,7.7402573
3,124,6.15,4.7970743,1,1,19.9462158203125,6.964873
3,65,25.9,17.94603,1,1,19.9462158203125,19.427647
3,544,2.35,11.654312,1,1,19.9462158203125,20.39288
3,586,68.2,59.023834,1,1,19.9462158203125,42.88143
3,1888,5.92,11.601642,1,1,19.9462158203125,17.228214
3,106,0.6,3.4333882,1,0,19.9462158203125,5.3973694
3,86,96.0,72.203285,0,0,19.9462158203125,30.291386
3,1546,1.07,2.8798358,1,1,19.9462158203125,4.13285
3,2756,44.0,60.154774,0,0,19.9462158203125,31.519426
3,2094,10.2,1.8205446,1,0,19.9462158203125,3.6885436
3,915,3.96,3.2418652,1,1,19.9462158203125,3.0307078
3,16,8.05,7.0276933,1,1,19.9462158203125,9.249763
3,62,20.45,15.379543,1,0,19.9462158203125,5.252812
3,216,33.0,30.273283,1,1,19.9462158203125,17.142357
3,59,81.0,61.024323,0,1,19.9462158203125,48.383705
3,2758,2.891666667,3.667423,1,1,19.9462158203125,17.310783
3,183,107.0,86.8832,0,1,19.9462158203125,51.50869
3,86,91.8,91.52501,1,1,19.9462158203125,4.0368085
3,741,34.5,75.24892,0,0,19.9462158203125,62.147644
3,2760,1.658,1.9860127,1,1,19.9462158203125,3.240988
3,581,5.3,5.858802,1,1,19.9462158203125,3.0554163
3,1671,7.95,6.8940215,1,1,19.9462158203125,4.999404
3,554,17.5,19.30119,1,1,19.9462158203125,31.237192
3,192,8.4,6.6414623,1,1,19.9462158203125,3.7597508
3,1945,115.25,89.52674,0,1,19.9462158203125,52.502125
3,871,26.0,37.62156,0,1,19.9462158203125,50.399105
3,245,20.5,21.95824,1,1,19.9462158203125,27.455076
3,2761,14.1,16.057339,1,1,19.9462158203125,7.0144315
3,2763,34.0,20.027937,0,1,19.9462158203125,35.500763
3,208,5.03,3.7124732,1,1,19.9462158203125,2.909748
3,82,1.78,4.748111,1,0,19.9462158203125,5.467201
3,197,4.0,4.899504,1,1,19.9462158203125,10.464494
3,1779,1.46,3.4949226,1,1,19.9462158203125,4.9707446
3,216,30.5,25.8755,1,1,19.9462158203125,11.710695
3,216,34.8,22.262867,0,1,19.9462158203125,28.044203
3,6,29.0,34.77111,1,1,19.9462158203125,20.91649
3,59,90.6,85.28363,1,1,19.9462158203125,17.654171
3,2047,13.7,12.221242,1,1,19.9462158203125,10.290761
3,709,8.6,6.654865,1,1,19.9462158203125,5.258192
3,126,87.0,81.33841,1,1,19.9462158203125,53.77249
3,1606,1.39,1.426886,1,1,19.9462158203125,4.7966313
3,2769,1.41,1.75818,1,1,19.9462158203125,21.610182
3,160,92.0,81.28196,0,1,19.9462158203125,35.81814
3,157,0.072,1.153169,1,1,19.9462158203125,3.9014978
3,62,20.1,13.975796,1,0,19.9462158203125,5.5636954
3,216,30.6,22.211788,1,1,19.9462158203125,24.834402
3,192,6.7,6.30556,1,1,19.9462158203125,3.5934994
3,1113,55.3,80.04663,0,0,19.9462158203125,44.83772
3,928,14.6,16.30618,1,1,19.9462158203125,5.035541
3,528,9.87,7.877573,1,1,19.9462158203125,9.203872
3,128,14.4,13.774939,1,1,19.9462158203125,14.754364
3,61,4.98,3.770354,1,1,19.9462158203125,4.7667933
3,273,55.0,33.19482,0,0,19.9462158203125,39.24386
3,374,11.23,9.196456,1,1,19.9462158203125,15.824049
3,59,95.0,83.456024,0,1,19.9462158203125,53.035786
3,1821,4.71,3.1987216,1,1,19.9462158203125,4.1252427
3,1402,0.33,3.925646,1,1,19.9462158203125,7.397469
3,586,67.7,60.510433,1,1,19.9462158203125,39.83498
3,2401,0.48,2.2992465,1,1,19.9462158203125,7.682588
3,407,77.5,41.185642,0,1,19.9462158203125,79.36226
3,2771,30.0,23.560675,1,1,19.9462158203125,72.5732
3,0,3.5,19.106916,0,1,19.9462158203125,39.952023
3,2772,5.7,2.9077666,1,1,19.9462158203125,8.906346
3,2774,4.7,2.3578165,1,1,19.9462158203125,4.903658
3,2421,8.83,10.095539,1,1,19.9462158203125,12.484981
3,2776,4.77,4.5561504,1,1,19.9462158203125,9.172626
3,290,72.0,69.5781,1,1,19.9462158203125,23.487661
3,240,18.0,29.60964,0,1,19.9462158203125,29.09227
3,236,28.0,64.63661,0,1,19.9462158203125,77.83045
3,2777,9.0,4.0151477,1,0,19.9462158203125,2.9502432
3,1538,2.0,2.7242122,1,1,19.9462158203125,6.193698
3,216,12.0,31.478077,0,0,19.9462158203125,13.1468525
3,216,29.0,16.461327,0,0,19.9462158203125,24.58857
3,1710,3.81,20.133,0,1,19.9462158203125,38.27467
3,1402,1.51,1.9978008,1,1,19.9462158203125,3.0778687
3,1808,0.54,9.889072,1,0,19.9462158203125,14.838403
3,356,7.6,6.536144,1,1,19.9462158203125,7.6983128
3,1061,54.0,56.340416,1,1,19.9462158203125,28.30671
3,1061,35.4,53.91951,0,1,19.9462158203125,44.67607
3,86,78.3,76.79031,1,1,19.9462158203125,8.510678
3,211,1.85,1.5488553,1,1,19.9462158203125,4.582892
3,671,2.16,5.6591296,1,1,19.9462158203125,8.507822
3,59,80.0,84.898766,1,1,19.9462158203125,53.141403
3,1890,0.0775,3.2634811,1,0,19.9462158203125,6.33508
3,1459,13.0,14.62304,1,1,19.9462158203125,24.530699
3,1406,0.0138,0.95382285,1,1,19.9462158203125,2.3808882
3,356,5.6,5.2314267,1,1,19.9462158203125,5.683997
3,1210,4.48,4.2877326,1,1,19.9462158203125,1.4504426
3,1675,5.2,8.565059,1,1,19.9462158203125,24.206879
3,59,71.8,85.37685,0,0,19.9462158203125,17.92686
3,669,3.2,2.066542,1,1,19.9462158203125,6.9300475
3,822,67.0,90.041565,0,1,19.9462158203125,76.695045
3,2785,0.945,1.6160526,1,1,19.9462158203125,4.987142
3,1210,3.46,3.661323,1,1,19.9462158203125,2.363128
3,586,67.4,56.144745,0,1,19.9462158203125,44.09103
3,124,5.95,5.105704,1,1,19.9462158203125,6.964873
3,890,9.54,7.740311,1,1,19.9462158203125,5.4985814
3,697,13.1,12.839064,1,1,19.9462158203125,5.9223185
3,58,2.8,3.9125514,1,1,19.9462158203125,15.314297
3,273,28.0,26.696318,1,1,19.9462158203125,22.099735
3,1297,7.18,18.253506,0,1,19.9462158203125,23.469648
3,349,8.4,10.983456,1,1,19.9462158203125,6.5823946
3,1404,4.615,4.3084435,1,1,19.9462158203125,5.213803
3,2786,6.6,5.932442,1,1,19.9462158203125,7.351371
3,2787,0.805,0.87508076,1,1,19.9462158203125,2.8380873
3,440,92.9,60.7662,0,0,19.9462158203125,51.925556
3,240,30.31,29.62529,1,1,19.9462158203125,15.029377
3,1656,3.59,4.4670444,1,1,19.9462158203125,4.1131253
3,209,0.43,3.8320224,1,1,19.9462158203125,14.102211
3,1014,3.0,3.160325,1,1,19.9462158203125,9.032798
3,350,16.0,27.993427,0,0,19.9462158203125,18.910433
3,332,18.0,19.813643,1,1,19.9462158203125,33.45908
3,2791,11.0,25.509916,0,1,19.9462158203125,49.354828
3,581,4.125,5.2593493,1,1,19.9462158203125,2.9877212
3,1584,13.35,14.058628,1,1,19.9462158203125,8.070812
3,0,33.45,30.072826,1,1,19.9462158203125,33.796154
3,392,12.7,12.271646,1,1,19.9462158203125,6.241151
3,605,46.0,54.603134,1,1,19.9462158203125,41.77248
3,463,27.6,29.317663,1,1,19.9462158203125,31.743502
3,2795,2.145,2.4382591,1,1,19.9462158203125,3.7219627
3,1808,0.72,9.665369,1,1,19.9462158203125,18.822994
3,1943,11.0,8.390758,1,1,19.9462158203125,7.0206556
3,1521,0.41,2.110515,1,1,19.9462158203125,9.133443
3,1301,0.76,2.909294,1,0,19.9462158203125,3.8975034
3,356,6.5,5.490302,1,1,19.9462158203125,4.759608
3,2798,5.22,4.5096636,1,1,19.9462158203125,3.3257682
3,1691,70.0,78.42226,1,1,19.9462158203125,39.594223
3,73,2.85,3.7299473,1,1,19.9462158203125,5.417694
3,202,4.14,3.7573392,1,1,19.9462158203125,7.0215926
3,341,0.87,1.3633878,1,1,19.9462158203125,1.7092837
3,22,53.0,53.166443,1,1,19.9462158203125,38.226963
3,400,12.2,24.335705,0,0,19.9462158203125,21.603323
3,73,2.04,2.8053157,1,1,19.9462158203125,12.049625
3,173,2.84,5.60163,1,1,19.9462158203125,32.673603
3,1403,6.4,5.934604,1,1,19.9462158203125,7.1483736
3,2626,36.9,28.430103,1,1,19.9462158203125,44.147522
3,1627,91.95,87.26869,1,1,19.9462158203125,42.35052
3,356,12.75,5.0511603,1,0,19.9462158203125,5.126251
3,1210,2.35,4.148318,1,0,19.9462158203125,1.6760592
3,2178,13.0,28.879135,0,0,19.9462158203125,14.337761
3,1888,9.6,8.710788,1,1,19.9462158203125,21.577946
3,1522,6.23,5.65066,1,1,19.9462158203125,5.427319
3,669,3.9,2.1149724,1,1,19.9462158203125,6.6382666
3,544,4.3,10.516877,1,1,19.9462158203125,21.402536
3,301,28.0,71.55922,0,0,19.9462158203125,63.88192
3,800,4.78,3.5063162,1,1,19.9462158203125,3.2262735
3,2215,3.76,12.241903,1,1,19.9462158203125,19.805346
3,911,73.5,70.95641,1,1,19.9462158203125,37.941704
3,128,12.5,17.376894,1,1,19.9462158203125,13.369735
3,1210,4.07,3.976799,1,1,19.9462158203125,2.3465085
3,2803,0.59,1.6325564,1,1,19.9462158203125,2.8051677
3,2002,2.9,5.7498455,1,1,19.9462158203125,6.4586635
3,2804,0.46,6.4214187,1,1,19.9462158203125,68.790764
3,2430,30.9,64.747314,0,0,19.9462158203125,38.57646
3,216,22.0,25.015293,1,1,19.9462158203125,20.33235
3,106,13.5,3.8186905,1,0,19.9462158203125,4.9615555
3,2810,3.2,3.0558522,1,1,19.9462158203125,2.82766
3,2516,1.04,1.9008394,1,1,19.9462158203125,4.1959505
3,649,84.7,82.10161,1,1,19.9462158203125,34.507587
3,422,67.6,70.107605,1,1,19.9462158203125,62.592514
3,91,64.0,35.433155,0,0,19.9462158203125,40.95625
3,0,12.73333333,20.403881,1,1,19.9462158203125,47.58519
3,1639,8.85,10.540618,1,1,19.9462158203125,8.071361
3,1494,12.2,11.193016,1,1,19.9462158203125,6.7345524
3,581,5.89,5.5677376,1,1,19.9462158203125,3.3460944
3,2815,16.53333333,14.994305,1,1,19.9462158203125,23.921713
3,2519,17.2,20.09343,1,1,19.9462158203125,11.814534
3,86,87.0,72.40665,0,1,19.9462158203125,56.591446
3,2816,3.6,5.9045005,1,1,19.9462158203125,6.4867344
3,446,0.94,5.7435846,1,0,19.9462158203125,6.1035104
3,6,36.4,33.658066,1,1,19.9462158203125,18.322197
3,6,29.5,21.480368,1,0,19.9462158203125,12.425663
3,2817,49.1,44.83005,1,1,19.9462158203125,29.314558
3,2684,1.51,1.6882373,1,1,19.9462158203125,4.0037026
3,2658,17.3,14.031211,1,1,19.9462158203125,13.316663
3,1620,1.8,5.7673073,1,1,19.9462158203125,10.681136
3,814,90.9,85.73937,1,1,19.9462158203125,25.135082
3,800,4.08,3.5338068,1,1,19.9462158203125,3.1913257
3,669,3.4,2.1149724,1,1,19.9462158203125,6.810577
3,2819,15.6,5.594026,0,0,19.9462158203125,8.770154
3,183,80.8,66.30781,0,1,19.9462158203125,38.54912
3,1998,38.25,34.60556,1,1,19.9462158203125,16.944586
3,1821,6.11,3.7299767,1,0,19.9462158203125,4.286529
3,86,61.96666667,58.32583,1,1,19.9462158203125,22.727077
3,0,32.0,28.059383,1,1,19.9462158203125,35.6575
3,289,2.1,3.137098,1,1,19.9462158203125,5.893432
3,5,12.3,12.611259,1,1,19.9462158203125,5.4735465
3,1998,36.91666667,32.829395,1,1,19.9462158203125,14.095464
3,1579,8.5,4.550869,1,1,19.9462158203125,8.183377
3,370,15.5,11.731962,1,0,19.9462158203125,6.5388985
3,302,4.29,4.796354,1,1,19.9462158203125,8.117058
3,216,13.0,20.356916,1,1,19.9462158203125,18.543951
3,1435,3.04,3.7749076,1,1,19.9462158203125,1.5959581
3,1235,65.0,63.83821,1,1,19.9462158203125,39.46097
3,660,2.8,1.6153444,1,1,19.9462158203125,7.642992
3,2295,2.86,4.039155,1,1,19.9462158203125,7.086771
3,250,1.93,3.807757,1,1,19.9462158203125,8.375078
3,65,27.3,17.320553,0,1,19.9462158203125,21.963129
3,2832,6.46,7.4167895,1,1,19.9462158203125,6.95124
3,216,34.3,20.156794,0,1,19.9462158203125,34.046726
3,1182,28.6,47.41286,0,1,19.9462158203125,49.309544
3,2430,48.5,67.898186,0,0,19.9462158203125,28.351002
3,59,80.75,84.21275,1,1,19.9462158203125,22.668192
3,1123,4.18,4.9767127,1,1,19.9462158203125,3.595547
3,1756,45.9,39.908543,1,1,19.9462158203125,59.189938
3,34,0.755,1.8950053,1,1,19.9462158203125,3.351571
3,356,10.2,5.4436235,1,0,19.9462158203125,5.6640368
3,544,11.6,11.573664,1,1,19.9462158203125,14.592259
3,2835,2.57,2.0211747,1,1,19.9462158203125,7.5447226
3,2836,0.85,1.9124599,1,1,19.9462158203125,4.134119
3,166,6.14,5.4414763,1,1,19.9462158203125,7.7745647
3,605,15.0,48.43345,0,0,19.9462158203125,46.762573
3,2613,1.49,2.1974838,1,1,19.9462158203125,4.8741016
3,273,20.2,29.462648,1,1,19.9462158203125,23.436516
3,168,23.0,17.931597,1,1,19.9462158203125,66.74568
3,671,2.1792,6.4214234,1,1,19.9462158203125,8.859481
3,229,6.4,6.485821,1,1,19.9462158203125,2.5675423
3,2464,19.0,74.968254,0,0,19.9462158203125,33.671497
3,1522,6.4,5.7301893,1,1,19.9462158203125,5.7230234
3,86,89.5125,90.736855,1,1,19.9462158203125,3.2436144
3,1061,47.6,62.56988,0,1,19.9462158203125,45.944485
3,86,91.7375,90.40399,1,1,19.9462158203125,6.774404
3,350,78.0,50.720234,0,1,19.9462158203125,102.049545
3,763,4.16,4.3136683,1,1,19.9462158203125,4.49194
3,123,4.8,9.920063,1,0,19.9462158203125,9.923089
3,2696,4.45,4.316893,1,1,19.9462158203125,13.343052
3,5,12.6,12.908953,1,1,19.9462158203125,5.66943
3,38,3.887,4.42954,1,1,19.9462158203125,2.9049504
3,34,1.05,1.6134664,1,1,19.9462158203125,2.9356365
3,57,82.0,49.076008,0,0,19.9462158203125,45.514587
3,469,86.3,64.33663,0,1,19.9462158203125,60.94056
3,2843,30.0,25.42963,1,1,19.9462158203125,42.686382
3,1489,5.595,3.7753363,1,1,19.9462158203125,3.7786765
3,350,73.8,60.974625,0,1,19.9462158203125,45.941074
3,128,11.6,17.286661,1,0,19.9462158203125,9.865573
3,1244,0.88,0.9617899,1,1,19.9462158203125,6.5450854
3,166,1.42,4.178691,1,1,19.9462158203125,7.50903
3,933,8.45,4.3536315,1,0,19.9462158203125,6.867248
3,581,6.15,6.1336555,1,1,19.9462158203125,3.873457
3,112,1.36,2.301188,1,1,19.9462158203125,6.0580654
3,222,1.35,1.7163478,1,1,19.9462158203125,3.9493973
3,814,88.9,89.00648,1,1,19.9462158203125,30.785545
3,2848,45.0,32.88031,0,1,19.9462158203125,78.635254
3,972,2.45,1.9685894,1,1,19.9462158203125,3.087022
3,1132,30.0,37.328033,1,0,19.9462158203125,6.5013685
3,2207,3.6,1.8202927,1,1,19.9462158203125,4.4922996
3,293,5.9,5.692454,1,1,19.9462158203125,6.7298846
3,6,31.8,23.389664,1,1,19.9462158203125,23.929125
3,781,98.0,71.42337,0,1,19.9462158203125,68.940186
3,814,30.0,55.40065,0,1,19.9462158203125,53.23081
3,2850,5.4,9.086532,1,1,19.9462158203125,45.71953
3,1341,28.0,27.607454,1,1,19.9462158203125,29.744753
3,1055,5.72,5.7480392,1,1,19.9462158203125,5.7060475
3,183,120.0,78.63681,0,0,19.9462158203125,59.244793
3,216,27.0,22.52613,1,1,19.9462158203125,14.759845
3,246,9.45,5.1947327,1,1,19.9462158203125,33.240356
3,154,1.15,2.8174198,1,1,19.9462158203125,3.7696013
3,27,3.215,3.1057494,1,1,19.9462158203125,4.1023064
3,289,2.91,4.141887,1,1,19.9462158203125,6.495285
3,1344,3.46,3.1360476,1,1,19.9462158203125,2.4227688
3,391,78.5,80.64133,1,1,19.9462158203125,45.912567
3,446,10.7,9.066132,1,1,19.9462158203125,7.812743
3,65,31.2,17.840643,0,0,19.9462158203125,22.17556
3,1834,28.0,16.649122,0,0,19.9462158203125,21.010658
3,1923,4.2,1.4076566,1,0,19.9462158203125,3.8051298
3,2252,8.6,8.137337,1,1,19.9462158203125,6.859515
3,2290,7.75,7.2680826,1,1,19.9462158203125,2.1826072
3,41,3.12,4.788585,1,0,19.9462158203125,2.247191
3,285,13.3,13.7175255,1,1,19.9462158203125,7.126642
3,256,1.79,2.712472,1,1,19.9462158203125,5.9408693
3,2854,0.37,1.6508832,1,1,19.9462158203125,6.484698
3,61,1.95,2.4559438,1,1,19.9462158203125,4.0777326
3,1637,38.5,36.45739,1,1,19.9462158203125,10.650051
3,2856,0.78,2.436581,1,1,19.9462158203125,4.815139
3,630,5.67,5.620926,1,1,19.9462158203125,5.9764347
3,1041,15.32,12.138414,1,1,19.9462158203125,7.5585003
3,216,29.7,22.52613,1,1,19.9462158203125,14.759845
3,73,1.1,2.5244029,1,1,19.9462158203125,5.193468
3,2094,5.25,3.461565,1,1,19.9462158203125,3.899078
3,82,2.02,4.2169943,1,1,19.9462158203125,5.7065415
3,515,74.0,78.69266,1,1,19.9462158203125,35.041424
3,116,23.6,18.035725,1,1,19.9462158203125,16.87238
3,892,14.5,10.837712,1,0,19.9462158203125,5.354914
3,838,0.6,1.5323094,1,1,19.9462158203125,6.032217
3,2860,1.04,1.1510718,1,1,19.9462158203125,3.9493823
3,977,1.95,7.265954,1,0,19.9462158203125,6.6634183
3,2861,7.2,7.8549085,1,1,19.9462158203125,29.915579
3,86,34.0,65.77739,0,1,19.9462158203125,76.34554
3,1182,91.1,80.52025,0,0,19.9462158203125,19.34228
3,5,12.9,12.638506,1,1,19.9462158203125,6.1997933
3,2862,3.1,5.799642,1,1,19.9462158203125,12.235323
3,1028,32.0,28.573334,1,1,19.9462158203125,14.907099
3,0,37.75,32.461136,1,1,19.9462158203125,30.787128
3,57,85.0,52.310944,0,0,19.9462158203125,41.978718
3,1493,9.4,3.6857047,1,0,19.9462158203125,4.0974817
3,65,19.66428571,13.339065,1,1,19.9462158203125,19.38478
3,2863,1.2,1.0768226,1,1,19.9462158203125,2.0267255
3,57,83.0,51.981552,0,0,19.9462158203125,24.032885
3,216,36.0,29.192625,1,0,19.9462158203125,11.400719
3,1859,6.7,3.7196286,1,0,19.9462158203125,3.775521
3,456,6.5,11.986498,1,0,19.9462158203125,8.722693
3,2405,0.23,2.0090756,1,1,19.9462158203125,4.082704
3,1082,7.8,5.8400483,1,1,19.9462158203125,9.793647
3,0,10.0,19.983683,0,1,19.9462158203125,47.1599
3,2867,3.61,2.8508902,1,1,19.9462158203125,2.9828067
3,805,2.923333333,6.6868844,1,0,19.9462158203125,6.516466
3,2869,3.3,3.5042133,1,1,19.9462158203125,5.9718604
3,2871,7.5,4.9850063,1,0,19.9462158203125,4.889514
3,160,90.0,77.570114,0,1,19.9462158203125,45.583744
3,536,0.91,2.1680806,1,0,19.9462158203125,2.2357464
3,649,77.3,80.29871,1,1,19.9462158203125,49.099964
3,1798,4.993333333,2.9273098,1,0,19.9462158203125,2.9245198
3,0,36.85,32.980644,1,1,19.9462158203125,30.828661
3,1488,0.715,2.927029,1,1,19.9462158203125,5.6697106
3,59,91.0,85.54102,1,1,19.9462158203125,18.316832
3,216,40.0,18.911245,0,0,19.9462158203125,24.685488
3,2867,3.67,1.7161013,1,1,19.9462158203125,4.413244
3,2874,0.36,0.23813899,1,1,19.9462158203125,1.9250724
3,853,11.6,6.6749783,1,0,19.9462158203125,4.870923
3,216,25.0,22.468071,1,1,19.9462158203125,25.657055
3,302,4.87,6.883548,1,1,19.9462158203125,7.9704404
3,1585,18.23,17.953897,1,1,19.9462158203125,4.094865
3,2877,24.3,44.836273,0,1,19.9462158203125,56.94277
3,269,12.0,25.501589,0,0,19.9462158203125,23.567974
3,600,28.3,19.17245,1,1,19.9462158203125,64.73398
3,2879,5.4,5.7293415,1,1,19.9462158203125,6.582135
3,1611,6.52,6.1103864,1,1,19.9462158203125,6.841912
3,216,23.0,21.864244,1,1,19.9462158203125,8.267128
3,86,81.0,16.84143,0,0,19.9462158203125,73.08552
3,312,4.8,6.377865,1,1,19.9462158203125,7.229186
3,2880,82.0,80.12316,1,1,19.9462158203125,39.384422
3,890,9.82,8.580312,1,1,19.9462158203125,5.4782963
3,2881,0.435,4.6542478,1,0,19.9462158203125,5.947336
3,2882,0.19,0.39121282,1,1,19.9462158203125,7.0634885
3,407,66.5,41.84009,0,1,19.9462158203125,72.06201
3,440,42.0,40.780746,1,1,19.9462158203125,50.252632
3,6,18.6,22.877995,1,1,19.9462158203125,16.181755
3,183,113.0,78.83048,0,0,19.9462158203125,60.653824
3,5,11.8,12.626635,1,1,19.9462158203125,5.6382427
3,1424,25.0,59.978844,0,0,19.9462158203125,41.491287
3,2883,3.5,2.8238268,1,1,19.9462158203125,5.369809
3,210,38.0,33.108467,1,1,19.9462158203125,34.031384
3,2685,37.0,22.351656,0,0,19.9462158203125,15.258836
3,1574,27.0,48.264587,0,1,19.9462158203125,43.970936
3,400,21.7,28.369055,1,1,19.9462158203125,31.639658
3,2887,2.55,2.6576722,1,1,19.9462158203125,3.4868915
3,62,19.8,13.8374405,1,0,19.9462158203125,6.975966
3,1207,1.77,1.7816466,1,1,19.9462158203125,2.2536192
3,1277,26.1,26.704824,1,1,19.9462158203125,17.67884
3,528,12.7,9.790405,1,0,19.9462158203125,5.486024
3,915,2.64,3.1604688,1,1,19.9462158203125,3.1371226
3,2879,5.0,5.4033213,1,1,19.9462158203125,5.930304
3,2892,8.92,4.809247,1,0,19.9462158203125,5.385416
3,168,30.0,20.821632,1,1,19.9462158203125,30.854704
3,581,6.463333333,5.8616967,1,1,19.9462158203125,3.0005355
3,2123,1.74,1.631075,1,1,19.9462158203125,5.959817
3,65,30.675,29.64303,1,1,19.9462158203125,64.82334
3,1859,6.0,4.4006224,1,1,19.9462158203125,3.2234375
3,603,70.0,56.797474,0,1,19.9462158203125,39.92025
3,216,16.5,22.104986,1,1,19.9462158203125,28.137005
3,440,92.0,52.368896,0,0,19.9462158203125,78.55642
3,302,3.41,6.883548,1,1,19.9462158203125,7.9704404
3,1312,3.5,2.8051822,1,1,19.9462158203125,2.7928634
3,1975,4.3,5.6669526,1,1,19.9462158203125,5.6232834
3,290,80.0,74.49987,1,1,19.9462158203125,22.830233
3,890,10.45,8.376392,1,1,19.9462158203125,5.4782963
3,192,8.9,7.0367017,1,1,19.9462158203125,4.1233697
3,515,40.0,71.98648,0,0,19.9462158203125,32.78497
3,290,66.0,57.66691,1,1,19.9462158203125,35.327812
3,2896,3.5,3.1447165,1,1,19.9462158203125,2.7449794
3,192,9.0,6.962507,1,0,19.9462158203125,3.7820797
3,2580,7.73,4.0006666,1,0,19.9462158203125,5.3861246
3,1061,40.0,49.50146,1,1,19.9462158203125,27.56057
3,1014,2.7,3.1613183,1,1,19.9462158203125,7.9669166
3,901,18.4,17.700367,1,1,19.9462158203125,6.0940986
3,463,28.7,27.402521,1,1,19.9462158203125,26.3427
3,1998,33.7,29.7819,1,1,19.9462158203125,25.385513
3,901,17.6,16.309444,1,1,19.9462158203125,6.5807204
3,216,6.5,15.31473,1,1,19.9462158203125,36.970722
3,528,11.5,10.950845,1,1,19.9462158203125,6.205545
3,57,88.0,81.96155,1,1,19.9462158203125,18.929407
3,1504,60.0,32.472168,0,1,19.9462158203125,96.21636
3,317,59.0,65.35929,1,1,19.9462158203125,18.25726
3,160,91.0,75.87295,0,1,19.9462158203125,47.103313
3,1432,0.262,0.8330316,1,1,19.9462158203125,3.7569854
3,850,26.25,28.173635,1,1,19.9462158203125,16.659311
3,1223,27.8,54.96531,0,0,19.9462158203125,32.936543
3,586,66.5,60.092915,1,1,19.9462158203125,47.913864
3,216,36.0,25.40421,0,0,19.9462158203125,19.746273
3,603,41.0,39.71293,1,1,19.9462158203125,67.34012
3,273,23.0,28.44799,1,1,19.9462158203125,20.309465
3,2810,3.4,3.0558522,1,1,19.9462158203125,2.82766
3,59,70.0,72.99208,1,1,19.9462158203125,41.81726
3,59,72.0,35.26576,0,1,19.9462158203125,91.29707
3,59,78.0,85.464775,1,1,19.9462158203125,17.928766
3,603,58.0,50.0902,1,1,19.9462158203125,47.356667
3,1398,30.0,30.484728,1,1,19.9462158203125,62.197495
3,65,29.58571429,16.128845,0,0,19.9462158203125,18.251795
3,781,75.0,35.43603,0,1,19.9462158203125,173.92441
3,222,0.51,1.7163478,1,1,19.9462158203125,3.9493973
3,2900,33.5,13.184789,0,1,19.9462158203125,131.67914
3,22,94.3,83.23677,0,0,19.9462158203125,21.420631
3,59,85.0,85.54102,1,1,19.9462158203125,18.316832
3,1433,2.11,3.3109496,1,1,19.9462158203125,3.7781172
3,62,12.6,9.157535,1,1,19.9462158203125,19.370224
3,912,6.0,9.339906,1,0,19.9462158203125,4.937964
3,2901,2.116666667,4.2964587,1,1,19.9462158203125,7.1522803
3,1477,73.1,85.49908,0,1,19.9462158203125,88.33539
3,2685,37.0,22.429543,0,0,19.9462158203125,26.851421
3,422,103.5,85.83215,0,1,19.9462158203125,80.03756
3,2295,1.84,3.9156353,1,1,19.9462158203125,6.950015
3,1459,11.5,15.999213,1,1,19.9462158203125,9.534771
3,1512,2.8,5.288067,1,0,19.9462158203125,3.3258035
3,2032,8.984,9.341238,1,1,19.9462158203125,5.2764077
3,2904,2.9,1.958123,1,1,19.9462158203125,4.5523596
3,2905,3.5,3.4868526,1,1,19.9462158203125,2.6083891
3,2680,3.94,13.495718,1,1,19.9462158203125,20.32472
3,124,5.883333333,4.5648775,1,1,19.9462158203125,6.964873
3,446,10.1,8.484087,1,1,19.9462158203125,8.599552
3,544,9.6,11.57533,1,1,19.9462158203125,13.968356
3,2836,0.44,2.054358,1,1,19.9462158203125,4.357034
3,356,7.85,5.4747624,1,1,19.9462158203125,4.9605527
3,210,38.2,31.695604,1,1,19.9462158203125,15.311753
3,2411,3.2,6.0316706,1,1,19.9462158203125,6.8500476
3,1386,93.8,79.03023,0,0,19.9462158203125,23.857937
3,0,17.0,20.38075,1,1,19.9462158203125,39.728897
3,216,40.0,22.850359,0,1,19.9462158203125,37.5824
3,1764,4.0,5.7285314,1,1,19.9462158203125,6.939745
3,59,83.7,87.49107,1,1,19.9462158203125,15.979168
3,2874,0.44,-0.18906389,1,1,19.9462158203125,1.8465946
3,86,80.0,63.15042,0,1,19.9462158203125,64.74792
3,581,1.4,3.3919377,1,0,19.9462158203125,2.9046857
3,356,11.63333333,6.139054,1,0,19.9462158203125,5.6379023
3,65,31.5,17.465157,0,0,19.9462158203125,18.000828
3,1645,1.3,2.2655895,1,1,19.9462158203125,4.0353303
3,456,10.6,12.18921,1,1,19.9462158203125,7.1362944
3,1382,62.0,69.05509,1,1,19.9462158203125,47.434505
3,604,10.6,13.275671,1,1,19.9462158203125,5.5426564
3,1097,4.38,2.6349096,1,0,19.9462158203125,2.8357763
3,1477,70.9,71.17752,1,1,19.9462158203125,87.338234
3,236,90.83333333,86.84039,1,1,19.9462158203125,31.381367
3,59,70.0,87.08001,0,0,19.9462158203125,14.946366
3,600,26.9,18.931232,1,1,19.9462158203125,62.837807
3,967,49.66666667,47.83241,1,1,19.9462158203125,25.805239
3,350,29.4,25.677685,1,1,19.9462158203125,22.91408
3,1563,10.2,11.791595,1,1,19.9462158203125,11.796303
3,2914,8.0,7.886147,1,1,19.9462158203125,6.0093136
3,16,10.3,6.666626,1,1,19.9462158203125,9.047957
3,1201,4.6,1.815723,1,0,19.9462158203125,4.979401
3,671,1.2,5.6757336,1,0,19.9462158203125,8.330225
3,1593,20.0,20.996239,1,1,19.9462158203125,37.533344
3,2915,31.6,34.28642,1,1,19.9462158203125,21.750767
3,510,89.5,81.6151,1,1,19.9462158203125,37.961052
3,2916,2.9,4.7321544,1,1,19.9462158203125,6.4338565
3,2735,6.0,5.2337246,1,1,19.9462158203125,7.6355414
3,2917,2.4,3.5060833,1,1,19.9462158203125,5.667176
3,2832,7.53,8.081877,1,1,19.9462158203125,8.2439995
3,120,7.46,11.962708,1,1,19.9462158203125,15.055348
3,977,8.6,8.5174675,1,1,19.9462158203125,15.985503
3,269,19.8,27.817932,1,1,19.9462158203125,22.038595
3,2919,3.02,1.9869534,1,1,19.9462158203125,4.014505
3,183,118.0,95.06614,0,1,19.9462158203125,57.124683
3,290,82.0,53.88753,0,0,19.9462158203125,33.355106
3,422,60.0,94.67506,0,1,19.9462158203125,71.14789
3,392,13.5,11.499197,1,1,19.9462158203125,5.393303
3,586,104.4,80.39673,0,0,19.9462158203125,45.012966
3,1764,2.8,5.7130957,1,1,19.9462158203125,6.731236
3,38,3.726,4.298803,1,1,19.9462158203125,2.854197
3,880,7.0,57.292023,0,0,19.9462158203125,42.09585
3,1777,3.1,4.7390723,1,1,19.9462158203125,4.3589206
3,440,93.0,60.904404,0,0,19.9462158203125,34.345715
3,1444,10.0,15.163604,1,1,19.9462158203125,39.229755
3,1764,2.28,5.7778606,1,1,19.9462158203125,7.817201
3,62,20.0,14.335069,1,0,19.9462158203125,5.252812
3,194,10.3,8.637111,1,1,19.9462158203125,6.8876143
3,1597,69.0,48.196644,0,1,19.9462158203125,53.507908
3,2928,0.24,1.692026,1,1,19.9462158203125,4.688347
3,62,7.3,12.443208,1,0,19.9462158203125,7.6656733
3,2708,2.84,3.1947708,1,1,19.9462158203125,4.779721
3,2931,16.35,11.902822,1,1,19.9462158203125,13.670585
3,350,29.4,29.772255,1,1,19.9462158203125,18.016052
3,2249,5.323333333,4.676961,1,1,19.9462158203125,8.003916
3,2933,0.175,2.6665301,1,1,19.9462158203125,5.131979
3,2128,52.0,43.95545,1,1,19.9462158203125,118.159515
3,446,10.2,7.558082,1,1,19.9462158203125,7.4044285
3,892,12.9,8.530015,1,0,19.9462158203125,5.946503
3,2180,4.15,1.1891522,1,1,19.9462158203125,11.458502
3,57,88.0,66.54272,0,0,19.9462158203125,22.30969
3,2935,14.17727273,13.950115,1,1,19.9462158203125,7.284981
3,1168,79.3,79.91122,1,1,19.9462158203125,12.087206
3,154,2.04,2.8535817,1,1,19.9462158203125,3.956618
3,604,10.7,13.879258,1,1,19.9462158203125,8.245533
3,1344,1.4,2.2550666,1,1,19.9462158203125,2.6812148
3,1235,51.0,46.65876,1,1,19.9462158203125,37.193222
3,499,14.7,8.750825,1,0,19.9462158203125,6.30663
3,124,8.06,6.859049,1,1,19.9462158203125,6.3947
3,1546,0.56,2.4559135,1,1,19.9462158203125,3.8267016
3,463,32.16666667,27.893106,1,1,19.9462158203125,28.145096
3,1037,19.5,26.126562,1,1,19.9462158203125,38.70116
3,499,12.0,9.491933,1,1,19.9462158203125,6.1394773
3,1204,10.78,10.545874,1,1,19.9462158203125,8.771913
3,2593,0.8,4.0488873,1,1,19.9462158203125,6.729354
3,157,0.117,1.0586344,1,1,19.9462158203125,3.640844
3,1512,6.92,6.0389357,1,1,19.9462158203125,4.2352567
3,1923,3.746666667,4.2614527,1,1,19.9462158203125,13.495437
3,2657,5.2,5.837494,1,1,19.9462158203125,10.496197
3,290,79.0,73.48591,1,1,19.9462158203125,47.395126
3,2938,77.0,59.850647,0,1,19.9462158203125,53.510063
3,289,2.34,3.8303487,1,1,19.9462158203125,6.769797
3,2939,1.175,4.767002,1,1,19.9462158203125,17.409094
3,2685,37.0,28.576569,1,0,19.9462158203125,11.571074
3,59,67.2,87.567055,0,0,19.9462158203125,16.874315
3,57,51.0,47.4111,1,1,19.9462158203125,49.776962
3,183,112.0,84.339584,0,1,19.9462158203125,56.578865
3,2252,4.1,7.7351723,1,0,19.9462158203125,5.9334226
3,216,28.414,22.913054,1,1,19.9462158203125,16.112999
3,65,28.0,15.160743,0,0,19.9462158203125,11.310172
3,183,118.0,76.739174,0,0,19.9462158203125,46.8328
3,2332,45.0,68.99799,0,1,19.9462158203125,49.30775
3,1406,1.7,2.06353,1,1,19.9462158203125,2.6600251
3,1643,1.7,4.4677463,1,0,19.9462158203125,4.0290074
3,57,18.0,46.19109,0,1,19.9462158203125,61.886032
3,600,27.4,28.876026,1,1,19.9462158203125,69.24975
3,1975,7.4,5.5743074,1,0,19.9462158203125,3.3933375
3,128,13.8,16.976215,1,1,19.9462158203125,9.286544
3,469,80.6,60.68921,0,1,19.9462158203125,59.44034
3,216,9.5875,16.012737,1,1,19.9462158203125,23.536598
3,236,87.2,82.33307,1,1,19.9462158203125,37.263645
3,557,21.0,21.9153,1,1,19.9462158203125,22.129229
3,2945,7.0,7.9094753,1,1,19.9462158203125,13.260813
3,1735,3.02,3.7975543,1,1,19.9462158203125,7.2144217
3,2816,4.0,4.425643,1,1,19.9462158203125,7.7473993
3,2950,64.4,49.37717,0,1,19.9462158203125,54.74549
3,57,67.5,52.13951,0,1,19.9462158203125,45.974968
3,2951,0.84,6.587787,1,1,19.9462158203125,20.284557
3,1097,1.26,1.3541654,1,1,19.9462158203125,1.4823773
3,1170,4.55,3.9807281,1,1,19.9462158203125,6.168356
3,86,45.0,41.68801,1,1,19.9462158203125,54.42936
3,932,45.7,28.52041,0,1,19.9462158203125,59.74515
3,2953,0.78,4.1778784,1,1,19.9462158203125,12.777532
3,215,3.935,4.0562944,1,1,19.9462158203125,6.2611833
3,2263,1.7,3.7361224,1,1,19.9462158203125,8.52918
3,867,9.64,7.837576,1,1,19.9462158203125,4.5051885
3,1937,8.7,7.1356707,1,1,19.9462158203125,5.3929367
3,763,1.65,2.7586694,1,1,19.9462158203125,4.459362
3,2958,9.9,9.647685,1,1,19.9462158203125,7.28617
3,2667,0.96,1.074971,1,1,19.9462158203125,4.730268
3,140,4.2,3.341771,1,1,19.9462158203125,3.451019
3,22,54.3,49.381966,1,1,19.9462158203125,71.51561
3,617,79.9,72.74805,1,1,19.9462158203125,31.51713
3,374,9.9,8.589025,1,1,19.9462158203125,14.852657
3,2533,13.0,17.305607,1,1,19.9462158203125,34.25082
3,604,10.58,12.901455,1,1,19.9462158203125,5.759074
3,1593,41.0,17.3512,0,0,19.9462158203125,28.241589
3,1535,7.3,4.252704,1,0,19.9462158203125,3.6021745
3,898,91.0,46.03344,0,0,19.9462158203125,79.476265
3,422,45.0,93.886345,0,0,19.9462158203125,61.953545
3,289,2.6,4.6189766,1,1,19.9462158203125,6.821318
3,1406,0.143666667,0.907395,1,1,19.9462158203125,2.431069
3,269,16.9,27.465937,0,1,19.9462158203125,23.767092
3,2966,80.4,60.609753,0,0,19.9462158203125,32.70902
3,2680,3.54,13.5496855,0,1,19.9462158203125,20.32472
3,290,87.0,86.24223,1,1,19.9462158203125,15.920047
3,289,2.88,4.723814,1,1,19.9462158203125,6.400016
3,2969,0.58,3.8293903,1,1,19.9462158203125,8.47118
3,1014,3.0,3.160325,1,1,19.9462158203125,8.071778
3,2970,10.8,8.804769,1,1,19.9462158203125,10.201289
3,34,1.16,1.7216442,1,1,19.9462158203125,3.175468
3,2971,1.525,8.373747,1,0,19.9462158203125,12.685898
3,269,29.0,27.428595,1,1,19.9462158203125,23.031456
3,240,14.0,20.551195,1,1,19.9462158203125,31.818317
3,86,82.0,79.06948,1,1,19.9462158203125,6.19121
3,65,0.77,10.12302,1,1,19.9462158203125,22.641804
3,103,4.12,2.9322336,1,1,19.9462158203125,2.641622
3,1477,86.0,86.43488,1,1,19.9462158203125,91.36784
3,2975,2.2,3.178139,1,1,19.9462158203125,34.49753
3,1402,0.76,2.4559443,1,0,19.9462158203125,3.268168
3,581,6.09,6.1336555,1,1,19.9462158203125,3.873457
3,58,4.66,4.8375206,1,1,19.9462158203125,19.795397
3,422,84.0,95.77432,0,1,19.9462158203125,73.71852
3,1182,76.4,69.672195,1,1,19.9462158203125,21.105558
3,912,7.0,8.87071,1,1,19.9462158203125,3.7494438
3,202,2.94,3.5472298,1,1,19.9462158203125,6.950413
3,558,2.85,4.5685263,1,1,19.9462158203125,20.188921
3,850,39.9,28.17909,0,1,19.9462158203125,82.75712
3,785,1.585,3.3339946,1,1,19.9462158203125,5.2149324
3,611,32.0,39.4101,1,1,19.9462158203125,62.862614
3,166,5.872,5.476093,1,1,19.9462158203125,7.7745647
3,2516,2.8,3.5054543,1,1,19.9462158203125,4.500173
3,22,43.0,68.09528,0,1,19.9462158203125,52.844902
3,584,36.0,86.79406,0,0,19.9462158203125,49.872643
3,604,18.2,12.522361,1,0,19.9462158203125,5.8858476
3,192,7.4,6.930017,1,1,19.9462158203125,3.590853
3,1783,4.2,4.754855,1,1,19.9462158203125,3.2299232
3,183,103.0,77.6941,0,1,19.9462158203125,60.816143
3,422,93.0,71.00541,0,1,19.9462158203125,63.622017
3,1168,83.2,84.150276,1,1,19.9462158203125,8.519062
3,59,87.5,87.28013,1,1,19.9462158203125,20.035482
3,1061,25.5,44.83962,0,1,19.9462158203125,44.150497
3,290,84.0,86.61899,1,1,19.9462158203125,14.590275
3,1206,4.9,2.7147849,1,0,19.9462158203125,2.9756763
3,617,73.5,68.68189,1,1,19.9462158203125,25.406164
3,325,4.99,5.789988,1,1,19.9462158203125,5.573655
3,0,36.9,31.201925,1,1,19.9462158203125,22.989952
3,2978,10.9,4.080461,1,0,19.9462158203125,6.130568
3,289,1.98,2.7185104,1,1,19.9462158203125,6.1705375
3,269,15.0,19.98527,1,1,19.9462158203125,32.5978
3,22,65.0,66.60588,1,1,19.9462158203125,51.444534
3,2769,1.09,1.7774531,1,1,19.9462158203125,20.705757
3,2985,13.3,8.936343,1,0,19.9462158203125,8.2802105
3,2931,16.8,7.08398,1,0,19.9462158203125,9.7718115
3,62,20.0,16.696705,1,0,19.9462158203125,4.7394342
3,350,80.5,34.87837,0,1,19.9462158203125,108.12303
3,273,19.8,30.734241,0,1,19.9462158203125,34.922874
3,2990,4.0,2.2598586,1,1,19.9462158203125,3.9318862
3,632,0.53,0.5981653,1,1,19.9462158203125,1.2751948
3,222,1.16,1.7163478,1,1,19.9462158203125,3.9493973
3,2991,0.67,2.3100274,1,1,19.9462158203125,5.8480396
3,192,8.32,7.2430015,1,1,19.9462158203125,3.8382533
3,65,27.3,15.982821,0,0,19.9462158203125,14.828394
3,2324,79.0,54.619785,0,1,19.9462158203125,91.152275
3,1615,6.0,5.0404763,1,1,19.9462158203125,8.662479
3,16,10.615,7.407893,1,1,19.9462158203125,9.167625
3,871,58.0,33.376156,0,0,19.9462158203125,33.306824
3,392,13.45,12.462884,1,1,19.9462158203125,6.440754
3,62,11.7,12.469133,1,1,19.9462158203125,7.0421944
3,58,4.7,9.770355,1,1,19.9462158203125,30.909399
3,62,19.0,17.22153,1,1,19.9462158203125,4.253108
3,1277,13.3,21.707823,1,1,19.9462158203125,24.7992
3,1328,3.85,5.6774125,1,1,19.9462158203125,7.65764
3,966,8.58,8.1735935,1,1,19.9462158203125,12.668142
3,2795,2.1,2.4382591,1,1,19.9462158203125,3.7219627
3,2992,3.6,3.2187927,1,1,19.9462158203125,5.1410127
3,70,8.7,7.894155,1,1,19.9462158203125,7.2754664
3,378,0.77,2.2602086,1,1,19.9462158203125,3.5249977
3,272,16.2,12.697434,1,1,19.9462158203125,7.814691
3,2525,12.0,9.241927,1,1,19.9462158203125,19.449604
3,317,81.0,70.309525,0,0,19.9462158203125,14.119742
3,2533,11.8,18.815165,1,1,19.9462158203125,25.810371
3,928,17.6,17.53499,1,1,19.9462158203125,4.3776507
3,915,3.75,3.225419,1,1,19.9462158203125,3.3382318
3,911,86.8,73.47412,0,1,19.9462158203125,40.651268
3,1277,27.9,23.819601,1,1,19.9462158203125,20.690088
3,73,2.94,3.7299473,1,1,19.9462158203125,5.417694
3,1597,73.0,57.445343,0,1,19.9462158203125,54.68252
3,91,84.0,35.624744,0,0,19.9462158203125,46.39487
3,1691,5.1,46.689987,0,0,19.9462158203125,33.535114
3,841,6.9,3.9252262,1,0,19.9462158203125,3.0705976
3,34,1.53,1.5433223,1,1,19.9462158203125,2.9316328
3,928,17.4,16.866365,1,1,19.9462158203125,4.411832
3,2187,1.075,2.738815,1,1,19.9462158203125,7.395433
3,356,6.1,4.229457,1,1,19.9462158203125,3.9779904
3,646,4.8,5.4624677,1,1,19.9462158203125,16.505314
3,3002,7.794166667,7.1992044,1,1,19.9462158203125,4.7113295
3,341,1.86,1.4422843,1,1,19.9462158203125,1.6692907
3,3003,0.3,4.131359,1,1,19.9462158203125,9.679983
3,59,85.5,85.13105,1,1,19.9462158203125,16.277178
3,1199,37.5,43.428356,1,1,19.9462158203125,24.406483
3,1611,5.7,6.535832,1,1,19.9462158203125,15.797348
3,236,50.0,62.85995,0,1,19.9462158203125,77.10245
3,0,19.7,22.346237,1,1,19.9462158203125,27.424587
3,350,73.8,60.51033,0,1,19.9462158203125,31.648237
3,86,79.6,79.113335,1,1,19.9462158203125,7.917839
3,356,6.245,5.5995855,1,1,19.9462158203125,5.460244
3,50,71.0,74.50636,1,1,19.9462158203125,36.180622
3,157,0.025,1.0469347,1,1,19.9462158203125,3.8598793
3,1785,25.0,15.56509,1,1,19.9462158203125,29.382313
3,2819,15.3,3.0803418,0,0,19.9462158203125,5.820297
3,2626,30.0,26.724554,1,1,19.9462158203125,49.28745
3,170,0.64,1.3724524,1,1,19.9462158203125,3.856208
3,168,17.0,18.155172,1,1,19.9462158203125,28.59001
3,422,107.0,80.270226,0,1,19.9462158203125,62.697567
3,229,4.9,5.182032,1,1,19.9462158203125,2.8442652
3,6,8.9,18.017849,1,1,19.9462158203125,19.047388
3,2349,2.425,5.26042,1,1,19.9462158203125,28.057064
3,604,7.8,12.55651,1,0,19.9462158203125,6.1998587
3,890,9.49,8.5397625,1,1,19.9462158203125,5.4782963
3,3009,1.85,15.437621,0,1,19.9462158203125,84.94876
3,208,3.644,4.1902227,1,1,19.9462158203125,3.066863
3,2012,2.4,2.905224,1,1,19.9462158203125,4.070167
3,0,37.0,32.10886,1,1,19.9462158203125,30.787128
3,1622,21.0,17.080748,1,1,19.9462158203125,18.53906
3,350,27.1,26.220531,1,1,19.9462158203125,21.942724
3,1563,5.47,11.652608,1,0,19.9462158203125,10.296788
3,898,64.0,50.02924,0,0,19.9462158203125,26.338367
3,73,3.175,2.9697518,1,1,19.9462158203125,4.178591
3,285,17.0,11.905388,1,0,19.9462158203125,7.9197564
3,3013,5.67,15.296037,1,1,19.9462158203125,21.26025
3,1494,9.17,8.687356,1,1,19.9462158203125,6.574064
3,1089,7.53,5.07788,1,1,19.9462158203125,5.9165845
3,58,3.51,3.1495512,1,1,19.9462158203125,20.706541
3,800,1.186666667,2.567142,1,1,19.9462158203125,4.836761
3,568,4.06,9.527039,1,1,19.9462158203125,25.569712
3,123,7.5,9.807039,1,1,19.9462158203125,9.217315
3,2867,3.2,2.3632176,1,1,19.9462158203125,4.3618855
3,1072,15.8,14.034151,1,1,19.9462158203125,8.327065
3,1297,11.85,18.18357,1,1,19.9462158203125,20.438362
3,59,86.45,84.51057,1,1,19.9462158203125,20.50116
3,551,31.7,28.40085,1,1,19.9462158203125,29.134703
3,469,76.0,62.868565,0,1,19.9462158203125,77.356735
3,1852,30.0,33.237835,1,1,19.9462158203125,39.14589
3,3017,5.815,3.9484062,1,1,19.9462158203125,6.804519
3,216,33.3,19.988577,0,1,19.9462158203125,27.713238
3,1834,6.98,9.01987,1,1,19.9462158203125,35.05871
3,3020,1.65,2.2566721,1,1,19.9462158203125,3.880981
3,877,84.2,66.13152,0,1,19.9462158203125,58.818436
3,0,7.0,19.066784,0,1,19.9462158203125,46.481995
3,86,93.4,65.646774,0,0,19.9462158203125,36.203438
3,216,42.4,57.944454,0,0,19.9462158203125,8.976441
3,1637,7.5,24.317097,0,1,19.9462158203125,34.450615
3,116,17.75,17.818464,1,1,19.9462158203125,13.7058115
3,350,41.4,55.787754,0,1,19.9462158203125,46.600502
3,2324,65.0,65.46657,1,1,19.9462158203125,135.00902
3,3022,65.0,61.0051,1,1,19.9462158203125,44.590973
3,972,2.78,2.1672869,1,1,19.9462158203125,3.087022
3,103,4.12,3.2045443,1,1,19.9462158203125,2.641622
3,2332,55.0,72.16756,0,1,19.9462158203125,49.795433
3,2153,6.0,5.9723105,1,1,19.9462158203125,5.732119
3,86,70.0,70.84738,1,1,19.9462158203125,58.805244
3,290,83.0,65.567924,0,1,19.9462158203125,35.049946
3,1097,2.08,1.632329,1,1,19.9462158203125,2.0433228
3,853,11.7,5.4378667,1,0,19.9462158203125,4.942851
3,856,6.88,7.1189246,1,1,19.9462158203125,10.992552
3,1235,84.5,44.36181,0,0,19.9462158203125,51.37172
3,422,108.6,94.42618,0,1,19.9462158203125,72.531685
3,22,22.0,47.934917,0,0,19.9462158203125,48.831127
3,86,90.5,50.84389,0,0,19.9462158203125,64.71817
3,290,47.0,46.030785,1,1,19.9462158203125,50.086872
3,814,48.0,56.39513,1,1,19.9462158203125,39.391853
3,838,0.6497,1.3434831,1,1,19.9462158203125,4.7614365
3,347,44.0,60.89855,0,0,19.9462158203125,33.316128
3,581,5.58,5.165061,1,1,19.9462158203125,2.8728995
3,1797,10.0,4.1640763,1,1,19.9462158203125,14.865227
3,3025,6.41,12.606697,1,0,19.9462158203125,6.514187
3,961,38.8,63.46244,0,0,19.9462158203125,36.487774
3,422,105.3,103.05992,1,1,19.9462158203125,46.11812
3,41,2.98,4.8315663,1,0,19.9462158203125,2.3689363
3,2307,4.71,16.26174,0,1,19.9462158203125,98.29487
3,86,92.3,86.8587,1,1,19.9462158203125,18.784857
3,1975,6.8,5.8640466,1,1,19.9462158203125,3.6809573
3,240,19.0,30.37161,0,1,19.9462158203125,27.525724
3,59,42.1,71.32864,0,0,19.9462158203125,34.030388
3,1671,7.56,5.7560763,1,1,19.9462158203125,4.4571466
3,2113,10.6,9.968184,1,1,19.9462158203125,6.548978
3,392,13.1,11.197558,1,1,19.9462158203125,6.3073983
3,22,50.0,53.81324,1,1,19.9462158203125,70.30273
3,65,28.2,15.615585,0,0,19.9462158203125,15.01153
3,2874,0.2,0.4585618,1,1,19.9462158203125,2.28131
3,808,0.6,9.377937,1,0,19.9462158203125,13.863918
3,1055,5.29,5.316362,1,1,19.9462158203125,5.535019
3,407,63.5,41.86988,0,1,19.9462158203125,90.261215
3,611,34.0,41.83702,1,1,19.9462158203125,65.78821
3,175,1.74,7.8358264,1,0,19.9462158203125,9.654508
3,371,3.2,6.0126634,1,0,19.9462158203125,4.9631433
3,65,20.4,18.441597,1,1,19.9462158203125,22.067366
3,850,30.5,31.432775,1,1,19.9462158203125,24.59073
3,3036,8.311428571,5.80634,1,1,19.9462158203125,6.5956736
3,86,93.0,54.291126,0,0,19.9462158203125,64.23486
3,183,91.0,85.54141,1,1,19.9462158203125,49.717796
3,973,10.3,8.36463,1,1,19.9462158203125,8.815739
3,62,20.2,14.335069,1,0,19.9462158203125,5.252812
3,1726,52.5,48.66225,1,1,19.9462158203125,31.848927
3,529,2.74,2.7321205,1,1,19.9462158203125,6.1120973
3,1032,78.0,68.84717,1,1,19.9462158203125,32.37469
3,1444,16.5,15.928639,1,1,19.9462158203125,39.54156
3,226,7.2,3.4359903,1,0,19.9462158203125,7.409118
3,160,92.0,80.82996,0,1,19.9462158203125,44.97259
3,86,88.0,71.02524,0,1,19.9462158203125,55.40738
3,22,73.3,70.80176,1,1,19.9462158203125,9.766814
3,1303,93.6,96.691734,1,1,19.9462158203125,82.018234
3,82,2.04,4.620291,1,1,19.9462158203125,5.589776
3,123,6.0,9.747189,1,1,19.9462158203125,9.217315
3,600,27.8,18.95479,1,1,19.9462158203125,64.326965
3,3047,2.0,0.7362797,1,1,19.9462158203125,8.136283
3,1831,4.8,4.4762297,1,1,19.9462158203125,8.630619
3,1055,5.56,5.4167533,1,1,19.9462158203125,5.8300915
3,194,4.4,8.228763,1,0,19.9462158203125,2.7792833
3,1512,2.14,5.2599373,1,0,19.9462158203125,3.3044384
3,1403,12.85,10.057978,1,1,19.9462158203125,9.691237
3,216,14.4,14.551341,1,1,19.9462158203125,105.46311
3,603,51.0,43.96963,1,1,19.9462158203125,52.47501
3,646,2.6,5.830349,1,1,19.9462158203125,15.578503
3,1273,9.18,8.405434,1,1,19.9462158203125,3.1513715
3,3049,4.898,3.6368012,1,1,19.9462158203125,4.1632476
3,1710,18.4,14.015424,1,1,19.9462158203125,30.880554
3,1082,6.4,5.992955,1,1,19.9462158203125,10.104105
3,1572,0.569,0.03875785,1,1,19.9462158203125,1.3033131
3,216,40.0,18.507494,0,0,19.9462158203125,24.683458
3,3052,16.4,29.038345,0,1,19.9462158203125,32.31579
3,1386,75.0,75.95785,1,1,19.9462158203125,31.180899
3,156,0.67,3.5682855,1,1,19.9462158203125,7.1075573
3,856,8.0,7.064542,1,1,19.9462158203125,6.8567386
3,2533,8.0,20.499144,0,1,19.9462158203125,44.46811
3,170,0.41,1.2639314,1,1,19.9462158203125,4.5062003
3,1028,24.5,21.460371,1,1,19.9462158203125,12.27693
3,58,4.5,2.6943374,1,1,19.9462158203125,15.3750515
3,3055,3.49,1.5543845,1,1,19.9462158203125,4.4909863
3,2291,5.7,3.8745983,1,1,19.9462158203125,6.4567866
3,2076,6.79,4.017317,1,0,19.9462158203125,5.0439043
3,2541,3.34,2.077954,1,1,19.9462158203125,5.12275
3,65,23.0,17.82469,1,1,19.9462158203125,27.105965
3,65,15.5,8.974973,1,1,19.9462158203125,19.530994
3,749,40.0,61.06202,0,1,19.9462158203125,53.440147
3,27,3.56,3.1040714,1,1,19.9462158203125,4.0701714
3,293,5.63,5.5963297,1,1,19.9462158203125,6.5835814
3,1834,25.2,14.420798,0,1,19.9462158203125,24.581184
3,1032,88.0,83.38722,1,1,19.9462158203125,28.474522
3,649,66.0,74.69287,1,1,19.9462158203125,27.515123
3,123,15.6,12.17565,1,1,19.9462158203125,8.668471
3,892,12.9,8.530015,1,0,19.9462158203125,5.946503
3,446,10.2,8.365097,1,1,19.9462158203125,8.63744
3,289,2.36,3.9760923,1,1,19.9462158203125,6.4943023
3,350,78.5,38.835464,0,1,19.9462158203125,107.81198
3,25,9.3,6.3282175,1,1,19.9462158203125,6.64859
3,1691,48.0,53.153362,1,1,19.9462158203125,30.706808
3,86,87.4,82.19613,1,1,19.9462158203125,14.054693
3,86,69.0,59.355198,1,1,19.9462158203125,21.508173
3,1433,0.210166667,4.3534107,1,0,19.9462158203125,6.8793077
3,317,70.0,69.86004,1,1,19.9462158203125,15.059416
3,573,0.76,3.6307766,1,1,19.9462158203125,13.841699
3,27,3.65,3.2347863,1,1,19.9462158203125,4.1086335
3,511,4.51,3.3574605,1,1,19.9462158203125,6.3378515
3,1568,10.6,14.096872,1,1,19.9462158203125,49.44307
3,62,17.88,15.449297,1,1,19.9462158203125,6.4810896
3,22,89.0,66.227234,0,1,19.9462158203125,49.129818
3,688,10.8,4.514927,1,0,19.9462158203125,4.9867477
3,3058,8.0,0.71032184,1,1,19.9462158203125,122.159966
3,3059,4.6,2.0220742,1,0,19.9462158203125,4.834855
3,1512,5.6,5.477303,1,1,19.9462158203125,4.140121
3,86,74.0,90.18175,0,0,19.9462158203125,11.17836
3,1957,0.533,2.8744528,1,0,19.9462158203125,3.833241
3,1652,88.0,86.648285,1,1,19.9462158203125,99.76052
3,166,4.77,5.430683,1,1,19.9462158203125,8.289859
3,1489,3.28,3.5866218,1,1,19.9462158203125,3.8279374
3,347,13.0,50.55213,0,0,19.9462158203125,44.075554
3,356,2.945,3.753033,1,1,19.9462158203125,4.1872077
3,617,34.8,49.537033,0,1,19.9462158203125,52.505672
3,2150,1.6,2.7320302,1,1,19.9462158203125,4.457646
4,3,1.1,2.1879687,1,1,23.39247016906738,5.3646083
4,7,2.9,8.663897,1,0,23.39247016906738,9.127163
4,8,9.7,6.30059,1,1,23.39247016906738,9.591604
4,13,20.2,20.349894,1,1,23.39247016906738,8.335187
4,24,37.0,27.101717,1,0,23.39247016906738,16.376783
4,28,20.0,57.77987,0,0,23.39247016906738,57.1646
4,29,1.6,2.3227293,1,1,23.39247016906738,3.8047743
4,31,20.3,53.13077,0,0,23.39247016906738,23.15437
4,34,1.655,1.3002758,1,1,23.39247016906738,2.0057724
4,35,21.8,20.609123,1,1,23.39247016906738,39.926086
4,36,81.7,63.142456,0,0,23.39247016906738,35.50762
4,40,1.17,2.6009667,1,1,23.39247016906738,6.3273716
4,41,3.45,4.9548235,1,1,23.39247016906738,3.0278413
4,42,9.555,20.165827,1,1,23.39247016906738,28.779713
4,45,20.1,29.403252,1,0,23.39247016906738,16.59248
4,47,0.088,-0.41596034,1,1,23.39247016906738,1.4363534
4,49,26.2,22.044586,1,1,23.39247016906738,31.709253
4,52,80.0,83.53529,1,1,23.39247016906738,47.941566
4,58,2.825,4.35728,1,1,23.39247016906738,132.12993
4,49,13.7,15.931098,1,1,23.39247016906738,48.48539
4,60,39.3,36.28182,1,1,23.39247016906738,18.445356
4,65,30.4,22.034904,1,1,23.39247016906738,25.332012
4,66,25.4,26.973164,1,1,23.39247016906738,21.151852
4,67,3.27,2.9531143,1,1,23.39247016906738,3.5513904
4,69,0.61,1.1250745,1,1,23.39247016906738,3.696859
4,70,12.7,8.707474,1,0,23.39247016906738,6.7380342
4,71,91.18,86.72133,1,0,23.39247016906738,8.4116955
4,72,6.6,4.8118196,1,1,23.39247016906738,8.958219
4,36,79.8,71.510025,1,1,23.39247016906738,29.902018
4,74,89.4,83.86958,1,1,23.39247016906738,43.13893
4,76,6.86,7.2488427,1,1,23.39247016906738,6.4853725
4,36,93.0,76.383995,0,0,23.39247016906738,16.893663
4,78,5.76,7.9527206,1,0,23.39247016906738,3.4953992
4,65,22.2,15.131772,1,1,23.39247016906738,22.728218
4,49,45.0,63.86898,0,1,23.39247016906738,58.383804
4,87,2.353333333,5.411839,1,1,23.39247016906738,12.269575
4,88,4.67,4.0484805,1,1,23.39247016906738,6.4004846
4,90,38.0,30.485332,1,1,23.39247016906738,17.063765
4,65,23.1,15.638686,1,1,23.39247016906738,23.501614
4,102,8.5,6.955509,1,1,23.39247016906738,12.054347
4,110,0.325,1.5127801,1,1,23.39247016906738,4.3616595
4,111,60.0,61.340614,1,1,23.39247016906738,57.724716
4,115,6.98,6.529062,1,1,23.39247016906738,2.2979996
4,120,14.2,13.352415,1,1,23.39247016906738,21.573822
4,126,80.89,83.05705,1,1,23.39247016906738,15.700819
4,128,13.4,14.831866,1,1,23.39247016906738,5.462256
4,131,2.31,3.133296,1,1,23.39247016906738,8.145193
4,136,8.86,8.4623785,1,1,23.39247016906738,4.9484596
4,137,29.0,22.704763,1,1,23.39247016906738,46.98993
4,144,5.905,3.77319,1,1,23.39247016906738,6.739023
4,153,46.0,56.91069,1,1,23.39247016906738,56.31035
4,154,3.51,2.447209,1,1,23.39247016906738,2.8214295
4,157,0.24,1.119573,1,1,23.39247016906738,5.0491333
4,160,91.5,63.4551,0,0,23.39247016906738,53.054688
4,161,10.3,8.8255625,1,1,23.39247016906738,4.8523993
4,164,1.5,4.9508777,1,0,23.39247016906738,5.0704126
4,169,6.358285714,3.4853368,1,0,23.39247016906738,5.5176487
4,172,9.96,3.719553,1,0,23.39247016906738,10.95417
4,36,89.1,76.62351,0,0,23.39247016906738,10.778563
4,175,0.5,2.5457458,1,0,23.39247016906738,3.8399599
4,179,4.3,7.0540605,1,1,23.39247016906738,7.3953133
4,182,1.29,3.9882095,1,0,23.39247016906738,4.068859
4,186,2.09,4.6278005,1,1,23.39247016906738,5.993506
4,188,66.0,54.31685,1,1,23.39247016906738,43.728096
4,189,7.0,4.8100348,1,1,23.39247016906738,7.333193
4,161,7.0,10.8975115,1,1,23.39247016906738,8.159077
4,189,2.44,4.1676726,1,1,23.39247016906738,7.6932335
4,203,18.5,17.516335,1,1,23.39247016906738,8.807064
4,179,4.55,5.4566445,1,1,23.39247016906738,5.633175
4,204,27.0,21.531054,1,1,23.39247016906738,19.486063
4,210,6.1,37.301144,0,0,23.39247016906738,13.232793
4,213,4.12,24.3438,0,0,23.39247016906738,18.387232
4,216,19.6,25.835356,1,1,23.39247016906738,27.449951
4,218,8.7,12.019858,1,0,23.39247016906738,6.065304
4,153,78.4,74.00127,1,1,23.39247016906738,16.144745
4,221,10.25,13.317751,1,1,23.39247016906738,23.967093
4,222,1.32,1.6601052,1,1,23.39247016906738,3.566948
4,153,87.5,90.35071,1,1,23.39247016906738,12.753495
4,224,16.8,19.66248,1,1,23.39247016906738,13.130424
4,36,74.0,58.45197,0,0,23.39247016906738,26.748083
4,227,1.77,1.4920774,1,1,23.39247016906738,3.612492
4,229,2.31,5.693573,1,1,23.39247016906738,19.833496
4,230,35.0,13.252142,0,1,23.39247016906738,61.301132
4,154,2.8,2.3518496,1,1,23.39247016906738,3.0464628
4,36,89.0,79.34881,1,0,23.39247016906738,17.74678
4,233,1.2,2.1059666,1,1,23.39247016906738,3.889348
4,172,6.4,3.8745236,1,1,23.39247016906738,11.618111
4,236,89.88,85.59761,1,1,23.39247016906738,15.126168
4,49,27.0,57.274426,0,0,23.39247016906738,50.75514
4,49,65.0,73.361275,1,1,23.39247016906738,64.90143
4,245,19.5,22.26562,1,1,23.39247016906738,23.210379
4,247,39.0,32.76491,1,1,23.39247016906738,29.906021
4,248,4.8,5.4581904,1,1,23.39247016906738,18.302202
4,252,24.6,19.152885,1,1,23.39247016906738,11.864853
4,253,31.0,15.833348,0,0,23.39247016906738,23.563686
4,161,11.4,9.751626,1,1,23.39247016906738,4.916524
4,227,3.01,0.74177366,1,0,23.39247016906738,2.999836
4,257,35.1,23.512608,1,1,23.39247016906738,25.754757
4,258,105.0,74.54438,0,0,23.39247016906738,47.526447
4,260,3.47,8.291207,1,1,23.39247016906738,13.028168
4,261,35.9,35.83784,1,1,23.39247016906738,103.56702
4,262,3.57,2.818494,1,1,23.39247016906738,3.8665895
4,265,2.1,1.0634629,1,1,23.39247016906738,4.8897567
4,41,3.223,4.8028455,1,1,23.39247016906738,3.8214161
4,268,6.79,4.829292,1,1,23.39247016906738,4.353797
4,203,8.1,15.681722,1,0,23.39247016906738,13.372006
4,41,3.64,5.098601,1,1,23.39247016906738,3.5166848
4,36,83.6,61.263317,0,0,23.39247016906738,33.492188
4,273,15.6,14.613658,1,1,23.39247016906738,39.029938
4,276,3.0,68.893745,0,0,23.39247016906738,53.627224
4,280,0.88,1.3684647,1,1,23.39247016906738,4.7030807
4,281,105.2,71.26942,0,0,23.39247016906738,66.49215
4,282,38.11,37.229004,1,1,23.39247016906738,10.059745
4,285,9.4,13.001495,1,1,23.39247016906738,9.267199
4,286,27.8,54.262947,0,0,23.39247016906738,39.196392
4,289,2.96,2.8130667,1,1,23.39247016906738,4.1602306
4,295,2.925,9.916929,1,0,23.39247016906738,10.755655
4,297,0.08,4.896118,1,1,23.39247016906738,17.315327
4,299,1.0,3.636553,1,1,23.39247016906738,7.464295
4,301,41.0,75.44574,0,0,23.39247016906738,32.115856
4,286,45.05,57.752785,0,1,23.39247016906738,29.062569
4,306,2.3,6.839661,1,0,23.39247016906738,7.0295205
4,233,0.97,2.3497422,1,1,23.39247016906738,4.4671507
4,313,1.4,3.5980904,1,1,23.39247016906738,16.177052
4,314,4.3,4.2936134,1,1,23.39247016906738,5.0108685
4,315,25.6,28.41426,1,1,23.39247016906738,10.058292
4,316,13.0,28.69643,0,1,23.39247016906738,35.13342
4,317,29.0,47.14026,0,1,23.39247016906738,71.43596
4,323,38.0,34.941334,1,0,23.39247016906738,5.2585526
4,325,4.36,5.0634966,1,1,23.39247016906738,5.3585725
4,328,1.37,4.1401067,1,0,23.39247016906738,4.0011935
4,330,3.3,2.7501366,1,1,23.39247016906738,2.2183807
4,331,19.4,16.5084,1,1,23.39247016906738,8.434352
4,333,7.0,4.734227,1,1,23.39247016906738,8.924438
4,337,15.0,20.82276,1,1,23.39247016906738,28.785637
4,74,44.0,44.18573,1,1,23.39247016906738,81.23349
4,189,5.866666667,3.6219544,1,0,23.39247016906738,4.433021
4,338,41.1,25.831488,0,0,23.39247016906738,28.115995
4,342,4.13,2.8406448,1,0,23.39247016906738,2.4521165
4,347,62.0,79.81797,0,0,23.39247016906738,27.27879
4,172,9.16,3.8276792,1,1,23.39247016906738,10.843926
4,352,13.3,13.395705,1,1,23.39247016906738,7.0156403
4,354,6.35,3.308114,1,1,23.39247016906738,8.001016
4,356,11.1,6.791435,1,1,23.39247016906738,11.921866
4,357,4.15,4.110089,1,1,23.39247016906738,3.8702037
4,361,10.7,11.288255,1,1,23.39247016906738,6.959707
4,236,64.5,72.41802,1,1,23.39247016906738,34.879486
4,362,11.0,23.866394,0,1,23.39247016906738,35.8501
4,74,90.4,72.767586,0,1,23.39247016906738,43.020527
4,216,42.4,52.05394,1,1,23.39247016906738,64.863304
4,364,0.73,2.0426035,1,1,23.39247016906738,5.1598287
4,370,11.9,11.460518,1,1,23.39247016906738,8.211459
4,376,0.429,0.8183826,1,1,23.39247016906738,1.6514125
4,379,0.63,0.84656703,1,1,23.39247016906738,1.1815163
4,382,107.0,104.976685,1,1,23.39247016906738,55.523865
4,385,3.7,4.5529456,1,1,23.39247016906738,8.6045475
4,286,85.0,66.28727,0,0,23.39247016906738,15.04063
4,137,36.7,22.704763,0,1,23.39247016906738,46.98993
4,391,76.0,58.285004,0,1,23.39247016906738,58.381866
4,392,12.1,10.613528,1,1,23.39247016906738,8.049766
4,66,24.0,32.595325,1,1,23.39247016906738,21.4193
4,398,13.0,9.613482,1,0,23.39247016906738,3.7347069
4,401,2.67,1.9251,1,1,23.39247016906738,8.935589
4,403,13.3,9.175826,1,0,23.39247016906738,6.0870504
4,404,12.4,12.133015,1,1,23.39247016906738,8.1559105
4,405,5.8,3.6060092,1,1,23.39247016906738,6.706821
4,406,0.029666667,1.5974226,1,1,23.39247016906738,5.333772
4,153,65.0,34.84318,0,0,23.39247016906738,46.855938
4,409,3.82,3.8120716,1,1,23.39247016906738,3.6391845
4,411,53.1,44.69422,1,1,23.39247016906738,48.39242
4,412,17.98,17.887657,1,1,23.39247016906738,4.7637796
4,357,5.25,4.970311,1,1,23.39247016906738,3.8583424
4,218,8.67,9.38563,1,1,23.39247016906738,9.645035
4,415,6.48,6.169722,1,1,23.39247016906738,5.7248015
4,137,28.0,21.674896,1,1,23.39247016906738,47.86211
4,417,24.0,90.93662,0,0,23.39247016906738,32.63449
4,420,12.8,16.959087,1,1,23.39247016906738,9.859546
4,423,1.98,4.984342,1,0,23.39247016906738,4.6400366
4,74,78.0,68.49374,1,1,23.39247016906738,48.237057
4,429,8.0,27.23247,0,0,23.39247016906738,22.442614
4,430,18.05,17.646301,1,1,23.39247016906738,5.11962
4,431,1.6,4.7959538,1,0,23.39247016906738,4.836152
4,433,2.4,2.7574255,1,1,23.39247016906738,3.2410226
4,434,0.21,2.6759522,1,0,23.39247016906738,4.08448
4,286,21.5,41.28587,0,1,23.39247016906738,43.19403
4,420,22.5,17.747923,1,1,23.39247016906738,9.824161
4,436,34.0,37.1895,1,1,23.39247016906738,29.632267
4,90,20.3,30.598946,1,1,23.39247016906738,20.830917
4,376,0.734,0.8013105,1,1,23.39247016906738,1.5962924
4,441,76.0,54.266056,0,1,23.39247016906738,67.35582
4,446,10.9,5.248987,1,0,23.39247016906738,8.621952
4,448,0.85,1.6508176,1,1,23.39247016906738,3.4950862
4,42,14.865,23.76945,1,1,23.39247016906738,36.943096
4,449,4.51,3.9954834,1,1,23.39247016906738,7.127599
4,429,21.0,25.437195,1,1,23.39247016906738,17.994146
4,31,24.1,37.854713,0,1,23.39247016906738,49.966568
4,452,0.72,2.8392086,1,1,23.39247016906738,8.173563
4,454,3.193333333,5.8818684,1,1,23.39247016906738,9.612148
4,459,2.76,4.019904,1,1,23.39247016906738,5.4223866
4,467,54.4,60.5211,1,1,23.39247016906738,24.84865
4,468,1.07,1.8546824,1,1,23.39247016906738,7.758929
4,72,6.76,5.386149,1,1,23.39247016906738,4.123934
4,352,8.45,9.309982,1,1,23.39247016906738,7.6450086
4,391,80.0,72.08133,1,1,23.39247016906738,30.04992
4,429,26.4,22.034437,1,1,23.39247016906738,26.088078
4,476,83.71,65.1796,0,1,23.39247016906738,46.008972
4,314,3.82,4.3721237,1,1,23.39247016906738,5.9057007
4,273,28.4,15.152101,0,1,23.39247016906738,32.776478
4,36,85.8,62.707626,0,0,23.39247016906738,35.19216
4,357,4.47,3.7142215,1,1,23.39247016906738,3.8055418
4,485,2.5,8.927287,1,0,23.39247016906738,11.035169
4,486,81.4,58.375103,0,0,23.39247016906738,20.318296
4,487,94.0,83.647644,1,1,23.39247016906738,50.372444
4,491,3.5,3.2975256,1,1,23.39247016906738,3.6037009
4,492,3.61,2.4621744,1,1,23.39247016906738,3.7746062
4,361,6.9,10.238222,1,1,23.39247016906738,7.017139
4,493,1.5975,3.5590155,1,1,23.39247016906738,16.51711
4,42,7.85,20.641273,0,0,23.39247016906738,23.705812
4,218,11.8,12.644686,1,1,23.39247016906738,4.182728
4,495,2.3,3.9707751,1,1,23.39247016906738,10.221574
4,282,38.05,35.350773,1,1,23.39247016906738,5.4213023
4,497,12.5,8.566137,1,0,23.39247016906738,5.7598977
4,501,14.6,15.080242,1,1,23.39247016906738,30.9378
4,504,17.2,17.481495,1,1,23.39247016906738,6.6410866
4,492,3.56,2.7820554,1,1,23.39247016906738,4.123255
4,403,8.72,4.803704,1,0,23.39247016906738,5.95538
4,509,4.3,4.387996,1,1,23.39247016906738,6.7798448
4,34,0.805,1.2563289,1,1,23.39247016906738,2.4318192
4,510,88.0,82.99435,1,1,23.39247016906738,33.50312
4,511,3.73,4.0859227,1,1,23.39247016906738,5.0167265
4,285,10.9,14.227296,1,1,23.39247016906738,8.610426
4,161,11.2,12.152659,1,1,23.39247016906738,6.512937
4,516,68.1,82.77893,0,0,23.39247016906738,11.191721
4,188,65.0,48.965046,0,1,23.39247016906738,55.827797
4,517,1.725,4.3384886,1,1,23.39247016906738,15.504761
4,518,28.4,27.647512,1,1,23.39247016906738,14.957187
4,521,4.21,6.259686,1,1,23.39247016906738,4.705796
4,115,3.5275,6.332594,1,0,23.39247016906738,2.1462996
4,42,19.0,19.18226,1,1,23.39247016906738,19.444965
4,446,6.0,3.6029098,1,1,23.39247016906738,8.816358
4,531,81.0,57.428844,0,1,23.39247016906738,68.59356
4,532,8.3,7.558607,1,1,23.39247016906738,6.131016
4,534,72.0,35.31245,0,0,23.39247016906738,51.19836
4,411,83.9,67.48762,0,0,23.39247016906738,28.32592
4,535,6.68,5.3698225,1,1,23.39247016906738,4.758294
4,429,32.6,30.306892,1,1,23.39247016906738,12.081527
4,511,4.78,4.4544964,1,1,23.39247016906738,5.5416784
4,542,30.6,19.689587,1,1,23.39247016906738,34.38825
4,261,9.8,32.44324,0,1,23.39247016906738,101.825745
4,546,22.0,52.59127,0,0,23.39247016906738,41.238796
4,157,0.145,1.1234832,1,1,23.39247016906738,5.2412224
4,549,2.86,2.695531,1,1,23.39247016906738,7.9015613
4,420,22.9,16.431263,1,0,23.39247016906738,11.746479
4,550,3.3,6.0903234,1,1,23.39247016906738,20.04375
4,554,11.0,14.982268,1,1,23.39247016906738,21.159073
4,555,12.7,12.65596,1,1,23.39247016906738,47.640167
4,224,19.1,18.248436,1,1,23.39247016906738,9.249783
4,216,11.7,18.786774,1,1,23.39247016906738,26.418343
4,65,29.9,20.45849,1,1,23.39247016906738,26.698526
4,315,37.0,37.33917,1,1,23.39247016906738,5.528159
4,78,4.03,5.669047,1,1,23.39247016906738,3.9138489
4,565,22.1,14.256834,1,0,23.39247016906738,10.035283
4,567,11.3,13.858543,1,1,23.39247016906738,6.953619
4,571,21.0,4.152026,0,0,23.39247016906738,7.609619
4,573,0.48,2.6966515,1,1,23.39247016906738,12.110617
4,357,2.743,2.5477886,1,1,23.39247016906738,9.283813
4,153,55.0,78.97282,0,0,23.39247016906738,41.67911
4,574,0.28,0.17238209,1,1,23.39247016906738,5.548151
4,429,13.5,24.87965,1,1,23.39247016906738,25.915459
4,576,7.42,5.198409,1,0,23.39247016906738,4.1244354
4,189,1.35,3.900942,1,1,23.39247016906738,7.274896
4,420,18.1,14.954746,1,1,23.39247016906738,12.447532
4,273,24.0,36.22466,0,1,23.39247016906738,31.962564
4,216,39.0,23.276442,0,0,23.39247016906738,15.6077
4,582,3.9,6.363687,1,1,23.39247016906738,12.156217
4,74,44.3,76.890114,0,1,23.39247016906738,73.44316
4,590,2.6,9.783213,1,1,23.39247016906738,14.497657
4,592,0.46,2.620529,1,1,23.39247016906738,6.8510637
4,179,3.58,4.2810445,1,1,23.39247016906738,3.8874936
4,594,14.9,11.970673,1,0,23.39247016906738,4.992792
4,597,0.1,-0.059487227,1,1,23.39247016906738,2.214066
4,600,20.2,7.7495174,0,1,23.39247016906738,49.045918
4,601,0.0318,1.3698201,1,0,23.39247016906738,2.3471088
4,261,57.2,46.412666,1,1,23.39247016906738,46.86217
4,602,10.1,14.931403,1,1,23.39247016906738,23.562384
4,604,7.4,11.272472,1,0,23.39247016906738,4.9451423
4,49,13.0,38.866825,0,1,23.39247016906738,68.57427
4,608,0.8,11.120685,1,1,23.39247016906738,40.425182
4,609,7.63,4.830689,1,1,23.39247016906738,16.006845
4,74,28.0,59.00692,0,0,23.39247016906738,61.228
4,614,3.3,3.969105,1,1,23.39247016906738,7.869828
4,615,1.4,3.458179,1,1,23.39247016906738,7.160491
4,618,9.23,6.9932933,1,1,23.39247016906738,10.10788
4,154,2.206,2.3285,1,1,23.39247016906738,3.291794
4,315,38.2,37.33917,1,1,23.39247016906738,5.528159
4,429,15.0,25.273397,1,1,23.39247016906738,25.295029
4,216,34.7,32.41716,1,1,23.39247016906738,12.100963
4,630,4.77,4.4185543,1,1,23.39247016906738,12.589307
4,632,0.43,0.89156985,1,1,23.39247016906738,3.263375
4,189,2.4,3.021204,1,1,23.39247016906738,3.1160073
4,58,2.2,4.634387,1,1,23.39247016906738,131.79626
4,637,6.3,6.457532,1,1,23.39247016906738,6.9727106
4,640,31.25,31.710377,1,1,23.39247016906738,17.011044
4,245,26.9,26.622854,1,1,23.39247016906738,27.495937
4,632,0.435,0.45001447,1,1,23.39247016906738,3.830556
4,652,30.0,90.24304,0,0,23.39247016906738,49.241924
4,654,3.05,4.2417307,1,1,23.39247016906738,8.293907
4,656,91.1,79.84541,1,1,23.39247016906738,57.070908
4,658,0.054,2.9740627,1,1,23.39247016906738,6.996956
4,659,7.3,14.166249,1,0,23.39247016906738,5.1642137
4,115,6.73,6.6449966,1,1,23.39247016906738,2.4322302
4,252,24.0,19.111736,1,1,23.39247016906738,14.817873
4,662,6.41,3.8309667,1,0,23.39247016906738,5.0606017
4,604,8.7,11.56654,1,0,23.39247016906738,4.4238877
4,286,55.25,45.2352,1,1,23.39247016906738,41.35283
4,663,6.0,1.9456737,1,0,23.39247016906738,7.083671
4,664,132.0,6.4412613,0,0,23.39247016906738,35.822678
4,665,80.0,59.69166,0,1,23.39247016906738,51.759285
4,666,38.0,35.232582,1,1,23.39247016906738,53.162037
4,70,15.48,11.339998,1,0,23.39247016906738,6.794233
4,667,3.5,4.0348988,1,1,23.39247016906738,5.3422356
4,669,3.9,2.6215842,1,1,23.39247016906738,6.929876
4,286,46.0,45.845516,1,1,23.39247016906738,42.834652
4,216,31.9,49.98481,0,1,23.39247016906738,63.92011
4,671,3.055,4.0394306,1,1,23.39247016906738,8.937977
4,672,2.7,2.1059275,1,1,23.39247016906738,12.291797
4,674,17.0,18.635807,1,1,23.39247016906738,21.14582
4,153,73.0,71.9584,1,1,23.39247016906738,42.49353
4,675,94.0,57.356266,0,0,23.39247016906738,46.97867
4,600,28.3,6.105859,0,1,23.39247016906738,46.97946
4,487,94.9,69.56505,0,0,23.39247016906738,35.430378
4,521,3.07,3.2421017,1,1,23.39247016906738,6.292201
4,182,0.1,3.1155162,1,0,23.39247016906738,4.684116
4,204,35.0,21.840803,0,0,23.39247016906738,15.77964
4,681,3.76,2.9325302,1,1,23.39247016906738,4.3223906
4,682,25.0,25.752287,1,1,23.39247016906738,35.16933
4,683,3.4,4.7245884,1,1,23.39247016906738,5.4520936
4,686,77.1,61.4821,0,0,23.39247016906738,18.315956
4,691,0.1,4.0529227,1,1,23.39247016906738,60.166866
4,136,10.9,8.516561,1,0,23.39247016906738,4.0772448
4,693,1.306666667,4.846247,1,1,23.39247016906738,14.599199
4,604,9.4,12.292668,1,0,23.39247016906738,5.0552216
4,694,22.9,39.471886,0,1,23.39247016906738,49.92713
4,429,25.0,25.620014,1,1,23.39247016906738,17.248669
4,698,84.0,74.81785,1,1,23.39247016906738,20.35306
4,260,4.02,9.344135,1,1,23.39247016906738,18.80878
4,703,6.3,5.23847,1,1,23.39247016906738,3.581819
4,707,3.133333333,4.1432343,1,1,23.39247016906738,6.9474587
4,708,31.0,29.724741,1,1,23.39247016906738,50.919247
4,172,9.96,4.361169,1,1,23.39247016906738,12.851883
4,710,47.0,43.322,1,1,23.39247016906738,20.670012
4,712,2.41,3.7715745,1,1,23.39247016906738,3.2668803
4,74,93.5,87.203224,1,1,23.39247016906738,36.8265
4,714,5.86,3.3802571,1,0,23.39247016906738,4.116855
4,716,12.2,4.974043,1,0,23.39247016906738,5.268859
4,476,87.99,68.75792,0,1,23.39247016906738,43.070568
4,656,89.1,67.37123,0,1,23.39247016906738,74.956436
4,717,11.0,18.7792,1,0,23.39247016906738,15.237696
4,719,1.9,3.149667,1,1,23.39247016906738,4.475727
4,417,43.0,98.567345,0,0,23.39247016906738,30.763577
4,722,4.53,3.339264,1,1,23.39247016906738,3.7932062
4,337,16.0,20.95068,1,1,23.39247016906738,29.176973
4,725,55.3,59.884735,1,1,23.39247016906738,74.94692
4,236,83.6,84.24134,1,1,23.39247016906738,16.0191
4,224,15.0,20.698202,1,1,23.39247016906738,13.178096
4,694,44.5,45.75014,1,1,23.39247016906738,80.16345
4,731,12.8,13.973094,1,1,23.39247016906738,14.288652
4,364,3.3,2.0845213,1,1,23.39247016906738,4.9532075
4,708,31.0,27.261917,1,1,23.39247016906738,53.84745
4,70,5.7,7.9863987,1,1,23.39247016906738,6.1783013
4,735,8.7,9.015851,1,1,23.39247016906738,10.236885
4,736,6.58,6.545365,1,1,23.39247016906738,10.920477
4,741,37.0,50.44043,0,1,23.39247016906738,45.91644
4,71,86.0,80.932076,1,1,23.39247016906738,34.645298
4,286,40.0,57.764122,0,1,23.39247016906738,39.07436
4,742,16.95,9.393606,1,0,23.39247016906738,7.0998945
4,669,0.95,2.044846,1,1,23.39247016906738,4.8638906
4,189,5.626666667,3.2103095,1,0,23.39247016906738,3.280588
4,614,2.02,3.1324902,1,1,23.39247016906738,6.325099
4,286,88.1,66.800415,0,0,23.39247016906738,15.939117
4,128,15.0,14.460315,1,1,23.39247016906738,4.5072784
4,750,6.28,5.414714,1,1,23.39247016906738,2.395042
4,751,8.5,6.8870463,1,1,23.39247016906738,9.063029
4,24,37.0,26.243114,1,0,23.39247016906738,12.470912
4,753,16.0,26.899225,1,1,23.39247016906738,56.02857
4,331,19.3,16.3201,1,1,23.39247016906738,8.434352
4,759,17.0,75.56917,0,0,23.39247016906738,43.228096
4,189,3.67,4.474329,1,1,23.39247016906738,5.970628
4,252,27.0,18.752983,1,1,23.39247016906738,19.924252
4,762,1.1,1.9573371,1,1,23.39247016906738,6.6701765
4,765,6.5,1.5672415,1,0,23.39247016906738,9.145663
4,47,0.0475,0.99489725,1,1,23.39247016906738,5.2724285
4,58,4.45,12.401934,1,1,23.39247016906738,119.950096
4,517,1.9,4.11788,1,1,23.39247016906738,15.6464815
4,49,32.0,18.28756,0,1,23.39247016906738,38.26125
4,772,1.3,2.2305388,1,1,23.39247016906738,5.1142206
4,774,38.0,56.670624,0,1,23.39247016906738,88.81967
4,417,23.0,100.04158,0,0,23.39247016906738,35.434315
4,131,2.49,3.434742,1,1,23.39247016906738,8.704007
4,780,43.5,48.758453,1,1,23.39247016906738,58.270527
4,34,0.84,1.5761074,1,1,23.39247016906738,2.826665
4,784,5.61,8.967362,1,1,23.39247016906738,7.5898557
4,411,50.6,80.167305,0,0,23.39247016906738,47.779278
4,675,59.8,47.108345,0,1,23.39247016906738,59.875366
4,785,1.2,2.1063132,1,1,23.39247016906738,5.143742
4,40,1.378,2.3408198,1,1,23.39247016906738,6.985839
4,787,5.84,3.1108048,1,1,23.39247016906738,11.84105
4,788,27.0,77.65325,0,0,23.39247016906738,77.51605
4,161,5.4,9.083505,1,1,23.39247016906738,11.207913
4,273,25.0,40.437164,0,1,23.39247016906738,34.062527
4,216,33.0,30.931894,1,1,23.39247016906738,20.21193
4,491,4.0,1.0131607,1,0,23.39247016906738,4.469772
4,791,1.78,2.086202,1,1,23.39247016906738,4.5910654
4,683,3.62,4.6960783,1,1,23.39247016906738,5.9611845
4,618,7.38,6.872767,1,1,23.39247016906738,7.5969563
4,74,51.4,77.529945,0,0,23.39247016906738,41.10011
4,742,2.95,3.5246294,1,1,23.39247016906738,4.712037
4,521,2.7,2.467965,1,1,23.39247016906738,6.7908993
4,798,8.7,8.062079,1,1,23.39247016906738,5.1413183
4,40,1.668,2.7486384,1,1,23.39247016906738,6.9216576
4,799,1.72,3.791076,1,1,23.39247016906738,7.4146233
4,555,17.0,13.5926,1,1,23.39247016906738,45.44498
4,203,12.5,15.642546,1,1,23.39247016906738,13.143674
4,807,91.0,84.51377,1,1,23.39247016906738,29.017979
4,74,38.3,60.82198,0,0,23.39247016906738,37.64017
4,809,11.0,5.3964934,1,0,23.39247016906738,6.3649244
4,810,30.0,23.301123,1,1,23.39247016906738,22.574888
4,813,2.12,2.607605,1,1,23.39247016906738,6.796426
4,120,10.9,13.116919,1,1,23.39247016906738,19.978031
4,821,4.3,4.1865973,1,1,23.39247016906738,14.400475
4,342,2.3,2.8406448,1,1,23.39247016906738,2.4521165
4,824,2.2,5.0662904,1,1,23.39247016906738,5.818096
4,429,9.4,12.435668,1,1,23.39247016906738,29.126287
4,827,2.3,3.581184,1,1,23.39247016906738,10.179884
4,828,5.7,3.1686976,1,0,23.39247016906738,4.915729
4,829,5.575,4.78688,1,1,23.39247016906738,5.1457415
4,830,81.0,85.23972,1,1,23.39247016906738,14.321569
4,74,99.0,79.05686,0,0,23.39247016906738,33.88465
4,832,6.5,4.9988194,1,1,23.39247016906738,7.1119065
4,42,28.7,27.671223,1,1,23.39247016906738,17.841452
4,834,4.5,4.094083,1,1,23.39247016906738,8.252042
4,835,3.85,4.7278337,1,1,23.39247016906738,10.506574
4,836,0.046,0.18921416,1,1,23.39247016906738,1.0177767
4,784,5.27,9.0478325,1,0,23.39247016906738,7.5195785
4,218,8.5,9.412363,1,1,23.39247016906738,10.817913
4,58,2.0,5.091869,1,1,23.39247016906738,132.65051
4,216,4.51,18.95913,0,0,23.39247016906738,26.418343
4,74,78.0,68.18388,1,1,23.39247016906738,48.29865
4,843,0.47,2.3233206,1,1,23.39247016906738,40.91215
4,36,79.3,53.878914,0,0,23.39247016906738,37.729633
4,49,26.9,22.822826,1,1,23.39247016906738,30.34558
4,28,20.0,58.51117,0,0,23.39247016906738,54.03504
4,848,4.1,2.0107026,1,0,23.39247016906738,2.7124197
4,58,3.7,9.837447,1,1,23.39247016906738,117.00298
4,853,10.3,5.430347,1,0,23.39247016906738,6.0896096
4,855,40.0,34.34541,1,1,23.39247016906738,62.970825
4,476,69.0,58.003597,1,1,23.39247016906738,35.475628
4,74,69.075,61.05721,1,1,23.39247016906738,34.686962
4,315,31.95,35.718067,1,0,23.39247016906738,5.073087
4,784,4.5,5.3131037,1,1,23.39247016906738,4.658142
4,58,3.236666667,8.9651,1,1,23.39247016906738,130.35
4,861,92.3,67.51296,0,1,23.39247016906738,63.453495
4,862,3.18,6.041491,1,1,23.39247016906738,14.986054
4,863,117.6,91.84673,0,1,23.39247016906738,77.038895
4,144,5.98,3.7391858,1,1,23.39247016906738,6.8236003
4,35,17.0,15.741859,1,1,23.39247016906738,58.823338
4,867,7.8,5.760868,1,1,23.39247016906738,5.5306673
4,870,1.7,5.4697847,1,1,23.39247016906738,9.095804
4,102,8.5,7.401482,1,1,23.39247016906738,7.420965
4,875,1.67,3.018603,1,1,23.39247016906738,5.8805575
4,876,7.9,4.6512375,1,1,23.39247016906738,12.959153
4,877,81.8,67.58655,0,1,23.39247016906738,37.990116
4,878,77.0,70.15315,1,1,23.39247016906738,19.29454
4,879,17.0,12.301871,1,0,23.39247016906738,7.6627374
4,273,25.0,38.587646,0,1,23.39247016906738,38.294853
4,333,4.6,3.58936,1,1,23.39247016906738,10.172313
4,880,14.0,41.520313,0,0,23.39247016906738,23.62925
4,236,79.42,77.205215,1,1,23.39247016906738,18.961452
4,276,6.471666667,67.38744,0,0,23.39247016906738,43.082417
4,314,5.986666667,4.3160386,1,1,23.39247016906738,6.3027077
4,686,73.4,62.109417,1,0,23.39247016906738,9.805925
4,889,13.7,24.401983,1,1,23.39247016906738,45.580574
4,890,9.11,9.193847,1,1,23.39247016906738,5.6421947
4,417,31.5,90.88042,0,0,23.39247016906738,32.01202
4,153,37.5,38.342564,1,1,23.39247016906738,40.934578
4,893,1.22,4.706005,1,0,23.39247016906738,4.1429243
4,895,5.07,5.429199,1,1,23.39247016906738,6.219619
4,510,87.0,64.63998,0,1,23.39247016906738,47.79071
4,897,0.09,1.9334725,1,0,23.39247016906738,3.2908041
4,898,67.0,67.04276,1,1,23.39247016906738,35.268646
4,640,23.8,29.541676,1,1,23.39247016906738,15.450056
4,549,4.8,2.006334,1,1,23.39247016906738,7.7551465
4,913,2.04,2.5187817,1,1,23.39247016906738,3.883684
4,918,3.7,5.136535,1,1,23.39247016906738,4.201095
4,128,11.0,15.019684,1,0,23.39247016906738,7.6807814
4,922,11.0225,6.95925,1,0,23.39247016906738,6.5582547
4,282,38.6,34.247208,1,1,23.39247016906738,13.454025
4,391,73.0,73.332634,1,1,23.39247016906738,38.239384
4,600,23.0,4.253498,0,1,23.39247016906738,59.93698
4,261,4.1,10.088378,1,1,23.39247016906738,79.88218
4,925,4.0,61.177803,0,0,23.39247016906738,67.371635
4,172,10.9,3.837966,1,0,23.39247016906738,11.728228
4,926,43.0,24.055946,0,1,23.39247016906738,40.522835
4,276,110.0,72.29982,0,0,23.39247016906738,46.72141
4,71,77.0,80.98129,1,1,23.39247016906738,8.123584
4,930,3.12,4.8464794,1,1,23.39247016906738,9.195832
4,233,1.32,2.1059666,1,1,23.39247016906738,3.889348
4,36,90.4,80.500786,1,0,23.39247016906738,13.457525
4,934,1.39,1.9299681,1,1,23.39247016906738,8.816794
4,935,5.6,4.220989,1,1,23.39247016906738,6.872922
4,659,15.35,18.42452,1,1,23.39247016906738,7.9093113
4,24,18.1,21.45177,1,1,23.39247016906738,22.850554
4,286,63.0,49.4919,0,1,23.39247016906738,33.766396
4,273,16.3,27.172466,1,1,23.39247016906738,60.558834
4,286,4.0,50.914295,0,0,23.39247016906738,44.83402
4,665,80.0,78.41575,1,1,23.39247016906738,34.95341
4,798,8.1,7.292365,1,1,23.39247016906738,4.936274
4,434,1.46,6.5359817,1,0,23.39247016906738,4.9575095
4,172,3.64,3.672704,1,1,23.39247016906738,11.505813
4,813,5.8,2.7762334,1,1,23.39247016906738,7.7947364
4,947,10.74,16.537476,1,1,23.39247016906738,87.29591
4,703,7.09,5.3177347,1,1,23.39247016906738,3.7218738
4,948,5.9,3.3479097,1,1,23.39247016906738,10.447627
4,286,55.0,58.13042,1,1,23.39247016906738,40.18062
4,952,1.22,2.6583827,1,1,23.39247016906738,3.2548234
4,216,21.15,25.66578,1,1,23.39247016906738,26.106623
4,953,3.3,2.9781194,1,1,23.39247016906738,6.695823
4,417,21.0,92.98737,0,0,23.39247016906738,36.357803
4,42,33.825,29.01497,1,1,23.39247016906738,16.261023
4,136,7.6,6.158342,1,1,23.39247016906738,3.7106304
4,357,1.56,3.0391257,1,1,23.39247016906738,8.300596
4,948,5.4,2.9295874,1,1,23.39247016906738,9.364317
4,429,36.5,25.362152,1,1,23.39247016906738,26.408804
4,403,10.0,8.06498,1,1,23.39247016906738,6.5125337
4,276,110.0,63.048634,0,0,23.39247016906738,34.675816
4,110,0.68,1.6001778,1,1,23.39247016906738,5.5374665
4,731,17.3,16.386442,1,1,23.39247016906738,20.329203
4,189,5.0,3.5235553,1,1,23.39247016906738,4.016784
4,964,8.905,6.1890554,1,0,23.39247016906738,5.4036245
4,965,31.65,25.87662,1,1,23.39247016906738,22.727386
4,330,3.3,2.7501366,1,1,23.39247016906738,2.2183807
4,257,36.5,24.505074,0,1,23.39247016906738,26.709017
4,286,67.5,55.816376,1,1,23.39247016906738,62.090412
4,968,0.56,4.7071085,1,0,23.39247016906738,6.9125557
4,216,33.7,28.73514,1,1,23.39247016906738,19.716501
4,970,12.2,13.604534,1,1,23.39247016906738,4.569554
4,511,6.54,4.449305,1,1,23.39247016906738,5.520192
4,973,13.1,11.185412,1,1,23.39247016906738,6.009615
4,42,26.5,25.061707,1,1,23.39247016906738,22.269096
4,42,10.0,19.984499,1,1,23.39247016906738,28.391577
4,216,17.2,21.295109,1,1,23.39247016906738,27.771168
4,357,4.0,3.8243854,1,1,23.39247016906738,4.2830977
4,975,2.9,9.299198,1,1,23.39247016906738,16.463999
4,42,11.1,20.381533,1,1,23.39247016906738,29.506903
4,979,3.12,6.359779,1,1,23.39247016906738,10.599902
4,434,1.49,2.8796906,1,1,23.39247016906738,3.3885844
4,66,34.1,30.00484,1,1,23.39247016906738,34.42995
4,331,16.3,15.063427,1,1,23.39247016906738,8.877254
4,491,2.0,0.6578545,1,1,23.39247016906738,3.3351822
4,337,17.2,17.107582,1,1,23.39247016906738,38.230656
4,60,32.5,36.812515,1,1,23.39247016906738,17.771519
4,74,44.1,47.072746,1,1,23.39247016906738,47.835175
4,356,9.89,8.48281,1,1,23.39247016906738,5.606349
4,160,91.5,63.206955,0,1,23.39247016906738,65.21702
4,989,25.7,21.762156,1,1,23.39247016906738,37.836052
4,594,13.1,9.0490885,1,0,23.39247016906738,5.3736815
4,604,9.5,11.15698,1,1,23.39247016906738,4.9172792
4,991,14.8,6.9571233,1,0,23.39247016906738,10.867264
4,992,4.817058824,3.106484,1,0,23.39247016906738,1.657097
4,993,5.1,8.682092,1,1,23.39247016906738,8.193586
4,65,21.2,19.003735,1,1,23.39247016906738,24.13654
4,997,4.0,3.744795,1,1,23.39247016906738,7.5181327
4,753,20.0,25.534622,1,1,23.39247016906738,54.60633
4,446,7.94,3.4942818,1,0,23.39247016906738,8.0256605
4,742,4.06,3.9696584,1,1,23.39247016906738,4.837997
4,476,74.0,62.47343,1,1,23.39247016906738,28.227152
4,1002,4.33,4.0810905,1,1,23.39247016906738,5.198845
4,1003,1.875,2.7957327,1,1,23.39247016906738,7.1351953
4,153,51.0,58.723095,1,1,23.39247016906738,55.93895
4,42,24.0,22.6761,1,1,23.39247016906738,23.842644
4,1007,6.7,4.724504,1,1,23.39247016906738,10.997511
4,434,5.765,6.6502624,1,1,23.39247016906738,5.9099145
4,224,16.0,19.607944,1,1,23.39247016906738,13.046166
4,671,1.65,3.5011299,1,1,23.39247016906738,15.942902
4,65,12.7,10.976295,1,1,23.39247016906738,19.924856
4,317,49.0,47.98095,1,1,23.39247016906738,58.359123
4,675,88.5,61.888557,0,0,23.39247016906738,50.237656
4,964,9.85,8.118301,1,1,23.39247016906738,3.8381798
4,224,5.8,19.419691,0,0,23.39247016906738,13.422835
4,1016,85.0,77.66546,1,1,23.39247016906738,32.37832
4,1017,54.0,65.33075,1,1,23.39247016906738,25.939852
4,1019,13.8,27.216427,0,0,23.39247016906738,17.314405
4,276,9.0,65.65967,0,0,23.39247016906738,39.90237
4,1020,3.9475,3.8777447,1,1,23.39247016906738,4.3409047
4,1021,0.5,7.9007864,1,1,23.39247016906738,63.7858
4,1022,2.0,3.5542982,1,1,23.39247016906738,5.762843
4,542,21.0,19.496557,1,1,23.39247016906738,38.929222
4,286,12.0,57.118824,0,0,23.39247016906738,36.646244
4,42,1.05,15.304057,0,0,23.39247016906738,25.750425
4,382,107.0,104.90265,1,1,23.39247016906738,56.315865
4,1028,1.9,18.60646,0,0,23.39247016906738,22.857904
4,1029,1.86,2.9115813,1,1,23.39247016906738,5.748432
4,1028,16.4,25.383633,1,1,23.39247016906738,22.641075
4,1031,4.92,4.332495,1,1,23.39247016906738,4.754713
4,29,1.7,2.595529,1,1,23.39247016906738,4.327601
4,1035,2.71,5.370094,1,1,23.39247016906738,11.466243
4,1040,0.171,2.1564364,1,1,23.39247016906738,4.42053
4,323,38.0,37.22675,1,1,23.39247016906738,5.671359
4,486,86.1,60.242386,0,0,23.39247016906738,17.437332
4,379,1.2,0.7984782,1,1,23.39247016906738,1.1650835
4,1045,3.7,3.0065632,1,1,23.39247016906738,6.5325465
4,1046,2.6,4.398432,1,1,23.39247016906738,6.0208864
4,542,27.6,19.553255,1,1,23.39247016906738,34.389206
4,1048,0.0241,5.126339,1,1,23.39247016906738,39.322323
4,1049,3.31,4.082772,1,1,23.39247016906738,5.5703998
4,49,4.2,16.46332,0,1,23.39247016906738,47.01478
4,1056,0.68,2.149416,1,0,23.39247016906738,2.6776578
4,1059,17.0,13.115098,1,1,23.39247016906738,26.782633
4,45,20.0,28.351006,1,0,23.39247016906738,11.235578
4,861,90.2,82.10773,1,1,23.39247016906738,18.540941
4,429,30.0,52.66692,0,1,23.39247016906738,77.96209
4,1065,1.48,2.769819,1,0,23.39247016906738,2.1474986
4,431,4.4625,6.3092904,1,1,23.39247016906738,7.6029677
4,736,7.033333333,6.679451,1,1,23.39247016906738,10.085267
4,74,57.45,56.246574,1,1,23.39247016906738,43.805748
4,182,1.0,3.3420799,1,0,23.39247016906738,4.4820538
4,742,14.38,13.071829,1,1,23.39247016906738,5.2983484
4,216,17.7,25.587006,1,1,23.39247016906738,27.941948
4,24,35.5,26.9437,1,0,23.39247016906738,14.621278
4,1028,31.4,27.497963,1,1,23.39247016906738,18.042517
4,681,2.39,2.5326114,1,1,23.39247016906738,2.8269675
4,1081,10.5,13.617147,1,1,23.39247016906738,8.567491
4,60,35.6,36.563465,1,1,23.39247016906738,18.816698
4,42,18.0,23.714565,1,1,23.39247016906738,26.617378
4,1040,1.55,2.1434083,1,1,23.39247016906738,4.3731947
4,1090,17.8,12.384341,1,0,23.39247016906738,8.548911
4,759,75.455,80.29753,1,1,23.39247016906738,16.704935
4,323,38.0,33.18215,1,0,23.39247016906738,5.120585
4,431,4.21,5.6135573,1,1,23.39247016906738,5.206572
4,449,7.2,4.894751,1,1,23.39247016906738,6.9746227
4,236,89.465,86.37937,1,1,23.39247016906738,15.647311
4,1094,1.47,5.7844706,1,0,23.39247016906738,5.9343557
4,45,16.0,28.348,0,0,23.39247016906738,10.959158
4,1100,29.1,21.492828,1,1,23.39247016906738,23.185184
4,1101,20.0,21.628134,1,1,23.39247016906738,19.775452
4,65,25.6,20.419546,1,1,23.39247016906738,24.714092
4,1107,2.2,2.6768413,1,1,23.39247016906738,3.9694889
4,1108,20.0,4.779782,0,0,23.39247016906738,23.261955
4,1109,1.5,3.2386615,1,1,23.39247016906738,9.231706
4,968,0.84,5.690284,1,0,23.39247016906738,5.8397975
4,1110,34.0,34.88558,1,1,23.39247016906738,27.845049
4,1112,2.1,4.629812,1,1,23.39247016906738,6.264394
4,1115,78.0,76.285255,1,1,23.39247016906738,22.245886
4,669,2.95,2.690851,1,1,23.39247016906738,5.7761493
4,1017,68.0,40.87665,0,0,23.39247016906738,51.279266
4,286,13.5,55.948406,0,0,23.39247016906738,38.6397
4,1120,0.5,2.4630082,1,1,23.39247016906738,9.02467
4,153,20.5,34.58096,0,1,23.39247016906738,39.620964
4,1123,3.5,3.1055923,1,1,23.39247016906738,3.1895344
4,1125,0.158,0.25493455,1,1,23.39247016906738,2.3456194
4,604,18.6,12.700216,1,0,23.39247016906738,5.1256375
4,333,8.1,5.5986357,1,0,23.39247016906738,4.327449
4,286,16.3,55.27229,0,0,23.39247016906738,39.247818
4,1131,117.0,110.985214,1,1,23.39247016906738,41.105686
4,510,78.8,77.74158,1,1,23.39247016906738,17.400875
4,703,1.8,4.972045,1,1,23.39247016906738,7.3279705
4,216,37.0,21.571978,0,0,23.39247016906738,28.211807
4,1133,2.225,2.6177526,1,1,23.39247016906738,7.5041704
4,204,34.3,18.770319,0,0,23.39247016906738,19.472446
4,1137,15.14,23.592545,1,0,23.39247016906738,11.655981
4,1142,3.125,2.0020158,1,1,23.39247016906738,5.1910186
4,1056,1.72,1.8304081,1,1,23.39247016906738,2.3549762
4,1148,7.0,6.372613,1,1,23.39247016906738,7.8509593
4,1149,5.83,2.2127552,1,0,23.39247016906738,4.3282604
4,286,68.3,59.400997,1,1,23.39247016906738,67.67113
4,216,12.0,21.295109,1,1,23.39247016906738,27.771168
4,1056,1.42,2.7752526,1,1,23.39247016906738,3.1839588
4,1152,27.0,19.423428,1,1,23.39247016906738,32.79993
4,1153,2.4525,1.620835,1,1,23.39247016906738,2.8757122
4,703,7.3,5.5652924,1,1,23.39247016906738,3.6579373
4,1154,45.0,40.763367,1,1,23.39247016906738,40.590187
4,542,30.5,16.340723,0,1,23.39247016906738,37.50887
4,594,11.5,8.013184,1,0,23.39247016906738,5.5108905
4,877,79.5,54.66581,0,0,23.39247016906738,29.68412
4,708,33.0,26.015684,1,1,23.39247016906738,49.952477
4,753,13.0,26.309332,0,1,23.39247016906738,57.99214
4,286,47.0,56.481216,1,1,23.39247016906738,37.941635
4,286,2.1,55.248703,0,0,23.39247016906738,41.52541
4,1162,12.3,4.627851,1,0,23.39247016906738,10.269981
4,897,0.055,1.3454875,1,1,23.39247016906738,4.3081694
4,1164,8.4,5.9725575,1,1,23.39247016906738,6.7788434
4,1137,27.8,25.47655,1,1,23.39247016906738,7.81173
4,423,2.2,3.456331,1,1,23.39247016906738,4.520714
4,216,37.0,31.545933,1,1,23.39247016906738,14.816466
4,1166,4.7,9.847086,1,0,23.39247016906738,8.743951
4,1167,4.64,4.9971857,1,1,23.39247016906738,1.6975052
4,1170,3.32,3.7211936,1,1,23.39247016906738,4.3631163
4,1171,4.1,10.993601,1,0,23.39247016906738,6.73613
4,1172,4.05,2.808742,1,1,23.39247016906738,7.697059
4,216,37.0,26.213633,1,1,23.39247016906738,35.0631
4,1173,3.5,2.8872614,1,1,23.39247016906738,6.516094
4,1175,0.137,0.34953827,1,1,23.39247016906738,2.2743895
4,74,91.0,86.837166,1,1,23.39247016906738,26.75734
4,126,25.0,62.78248,0,1,23.39247016906738,77.121025
4,1180,0.185,0.94986033,1,1,23.39247016906738,5.7344503
4,1181,15.6,7.1327677,1,0,23.39247016906738,7.108181
4,829,6.55,5.5585546,1,1,23.39247016906738,4.8942637
4,1186,6.2,4.2595077,1,1,23.39247016906738,13.095135
4,423,1.89,5.324087,1,0,23.39247016906738,4.2017226
4,136,10.2,8.351795,1,1,23.39247016906738,4.1796484
4,126,79.0,79.80986,1,1,23.39247016906738,67.90667
4,1193,0.875,5.6347427,1,0,23.39247016906738,6.203058
4,675,78.5,54.354755,0,1,23.39247016906738,60.196224
4,248,7.0,6.3270793,1,1,23.39247016906738,17.207705
4,1197,4.8,3.785609,1,1,23.39247016906738,5.2666674
4,742,4.75,4.8613005,1,1,23.39247016906738,6.502469
4,34,1.49,1.2586013,1,1,23.39247016906738,2.2182324
4,722,3.6,3.6021671,1,1,23.39247016906738,4.5465593
4,1199,18.0,48.611004,0,0,23.39247016906738,52.513485
4,879,19.8,14.33368,1,0,23.39247016906738,5.4300876
4,401,3.9,3.0325804,1,1,23.39247016906738,5.189683
4,285,12.5,15.49002,1,1,23.39247016906738,7.171324
4,379,2.04,1.1507651,1,1,23.39247016906738,1.941271
4,1149,5.96,2.3104384,1,0,23.39247016906738,5.477699
4,325,4.85,5.6660824,1,1,23.39247016906738,6.0122266
4,686,72.9,66.91331,1,1,23.39247016906738,24.095177
4,861,89.8,47.15787,0,0,23.39247016906738,66.256714
4,1019,21.2,27.391018,1,1,23.39247016906738,25.18936
4,521,2.742333333,2.419326,1,1,23.39247016906738,2.0681858
4,1209,12.0,9.461787,1,1,23.39247016906738,10.348731
4,830,52.0,69.26306,0,0,23.39247016906738,29.001905
4,379,0.875,0.8170594,1,1,23.39247016906738,1.213731
4,216,29.2,25.608202,1,1,23.39247016906738,41.530117
4,1215,9.4,5.7973943,1,1,23.39247016906738,11.151022
4,640,11.8,13.311181,1,1,23.39247016906738,14.432055
4,784,4.5,8.611441,1,0,23.39247016906738,7.40834
4,964,17.0,7.6341558,1,0,23.39247016906738,4.6075096
4,248,7.8,4.4217014,1,1,23.39247016906738,14.623788
4,49,26.0,23.651907,1,1,23.39247016906738,30.320261
4,356,1.697,4.5397162,1,0,23.39247016906738,4.6728
4,1219,11.32857143,12.822929,1,1,23.39247016906738,9.942389
4,1220,6.0,5.761715,1,1,23.39247016906738,6.9960494
4,476,71.79,63.691277,1,1,23.39247016906738,64.16512
4,1221,9.5,7.0165906,1,1,23.39247016906738,12.612753
4,1222,7.0,8.736215,1,1,23.39247016906738,8.066748
4,1223,91.4,62.75064,0,0,23.39247016906738,32.002316
4,1125,0.101,0.076155394,1,1,23.39247016906738,2.213123
4,436,51.0,50.67051,1,1,23.39247016906738,67.62608
4,273,17.3,28.123913,1,1,23.39247016906738,40.74151
4,1226,2.565,17.233833,0,1,23.39247016906738,33.969727
4,216,24.9,22.082178,1,1,23.39247016906738,38.247578
4,1230,1.74,2.553113,1,1,23.39247016906738,3.8469803
4,1231,8.4,7.6846843,1,1,23.39247016906738,11.23013
4,216,28.0,31.167904,1,1,23.39247016906738,18.114384
4,282,37.8,35.18338,1,0,23.39247016906738,4.574756
4,1235,36.0,38.27696,1,1,23.39247016906738,19.575495
4,1236,2.36,2.107499,1,1,23.39247016906738,3.7284272
4,216,21.5,25.854174,1,1,23.39247016906738,21.41326
4,429,30.1,26.968048,1,1,23.39247016906738,16.047876
4,813,4.2,2.7792673,1,1,23.39247016906738,7.528435
4,221,17.2,10.659782,1,1,23.39247016906738,25.060966
4,1244,0.76,5.739571,1,0,23.39247016906738,7.0974793
4,364,2.58,2.3463805,1,1,23.39247016906738,4.811746
4,126,76.67,83.99254,1,1,23.39247016906738,40.021576
4,1246,4.2,8.777838,1,1,23.39247016906738,11.674839
4,391,69.7,78.83696,1,1,23.39247016906738,24.70655
4,1154,42.0,37.513313,1,1,23.39247016906738,25.632387
4,1249,26.0,48.860157,0,1,23.39247016906738,47.926018
4,204,32.6,18.195553,0,0,23.39247016906738,12.850546
4,675,89.75,56.20282,0,0,23.39247016906738,47.590103
4,1252,32.5,30.379364,1,1,23.39247016906738,38.908413
4,604,11.9,11.805334,1,1,23.39247016906738,4.989025
4,1167,4.24,4.9265337,1,1,23.39247016906738,1.4776784
4,686,78.4,71.39209,1,0,23.39247016906738,11.230127
4,717,16.0,16.705679,1,1,23.39247016906738,10.151368
4,42,21.02,24.367958,1,1,23.39247016906738,38.074535
4,120,14.7,14.054897,1,1,23.39247016906738,22.086227
4,1244,1.48,5.731101,1,0,23.39247016906738,8.270792
4,172,8.04,5.614396,1,1,23.39247016906738,12.687977
4,1263,7.3,6.567861,1,1,23.39247016906738,13.342614
4,567,16.1,16.573433,1,1,23.39247016906738,5.487175
4,576,7.1,5.9326982,1,1,23.39247016906738,5.500348
4,597,0.1675,0.21676414,1,1,23.39247016906738,2.214066
4,930,4.66,4.559578,1,1,23.39247016906738,13.093517
4,675,83.0,58.325657,0,1,23.39247016906738,60.297455
4,662,2.2,3.331166,1,1,23.39247016906738,4.650269
4,509,5.2,5.5437126,1,1,23.39247016906738,9.169089
4,1137,28.0,25.180851,1,1,23.39247016906738,8.459586
4,216,24.6,23.31929,1,1,23.39247016906738,40.58839
4,49,28.0,24.015902,1,1,23.39247016906738,30.687035
4,1277,26.0,22.329578,1,1,23.39247016906738,24.731874
4,1278,0.7,1.1483171,1,1,23.39247016906738,6.1291566
4,784,6.75,9.0478325,1,1,23.39247016906738,7.5195785
4,224,19.8,19.587755,1,1,23.39247016906738,13.414701
4,1279,56.0,49.613632,1,1,23.39247016906738,54.398422
4,663,4.35,2.108205,1,1,23.39247016906738,5.7725406
4,1017,52.0,66.38772,0,1,23.39247016906738,30.619196
4,476,79.24,47.91571,0,1,23.39247016906738,76.83559
4,58,4.5,5.3880157,1,1,23.39247016906738,132.65051
4,491,1.79,1.9792142,1,1,23.39247016906738,3.4691057
4,1284,2.09,4.5795307,1,1,23.39247016906738,7.4169536
4,74,90.675,87.52686,1,1,23.39247016906738,38.901634
4,429,0.001,18.939154,0,0,23.39247016906738,32.74331
4,429,28.3,21.453001,1,1,23.39247016906738,30.216784
4,136,6.42,6.4454603,1,1,23.39247016906738,4.0183496
4,285,7.8,6.5921183,1,1,23.39247016906738,9.84576
4,1286,2.025,2.2635732,1,1,23.39247016906738,14.399773
4,286,21.9,56.575954,0,0,23.39247016906738,35.54437
4,953,0.8,2.2008822,1,1,23.39247016906738,6.957635
4,518,25.76666667,26.758692,1,1,23.39247016906738,14.448018
4,1287,127.0,107.16913,0,0,23.39247016906738,36.024086
4,34,1.16,1.3400322,1,1,23.39247016906738,3.0730855
4,1220,2.8,3.7680268,1,1,23.39247016906738,4.757278
4,1297,10.9,18.026205,1,0,23.39247016906738,7.244229
4,542,27.0,34.67633,1,1,23.39247016906738,75.759575
4,1252,22.0,29.12884,1,1,23.39247016906738,44.18515
4,876,6.3,6.0268703,1,1,23.39247016906738,17.676394
4,1300,8.7,4.212042,1,1,23.39247016906738,9.981092
4,404,12.4,12.133015,1,1,23.39247016906738,8.1559105
4,286,41.5,53.344307,0,1,23.39247016906738,55.89017
4,1302,11.0,8.279267,1,1,23.39247016906738,6.63691
4,431,1.86,4.4156666,1,0,23.39247016906738,4.806101
4,731,17.7,16.264044,1,1,23.39247016906738,19.998798
4,115,2.7,4.1254816,1,1,23.39247016906738,2.957731
4,65,17.2,14.688761,1,1,23.39247016906738,23.131582
4,542,26.5,16.93629,1,1,23.39247016906738,37.5019
4,877,86.9,86.694725,1,1,23.39247016906738,24.337831
4,65,31.0,22.098148,1,1,23.39247016906738,23.956512
4,136,10.525,9.242815,1,1,23.39247016906738,4.849809
4,1304,1.33,2.1296828,1,1,23.39247016906738,6.662478
4,665,79.0,21.679848,0,0,23.39247016906738,65.9497
4,1307,0.11,1.4956634,1,1,23.39247016906738,4.060046
4,161,8.6,8.390286,1,1,23.39247016906738,5.3103437
4,1003,2.6,4.0377026,1,1,23.39247016906738,6.7476144
4,1311,37.14,24.855919,0,0,23.39247016906738,20.974888
4,601,0.048,1.3028549,1,0,23.39247016906738,2.394444
4,325,3.6,4.7651415,1,1,23.39247016906738,7.4905643
4,40,0.264,0.42707103,1,1,23.39247016906738,2.3701508
4,1318,0.61,0.15796733,1,1,23.39247016906738,2.3718255
4,58,2.0,5.091869,1,1,23.39247016906738,132.65051
4,1319,17.3,10.785473,1,0,23.39247016906738,7.753489
4,376,0.897,0.8013105,1,1,23.39247016906738,1.644924
4,1321,0.141,1.7815919,1,1,23.39247016906738,4.748728
4,1322,6.5,4.140002,1,0,23.39247016906738,3.892715
4,504,18.54,17.650698,1,1,23.39247016906738,5.959862
4,286,22.0,55.915268,0,0,23.39247016906738,43.889317
4,24,30.4,28.090435,1,1,23.39247016906738,19.171862
4,224,21.2,18.527702,1,1,23.39247016906738,10.599418
4,542,28.0,33.128403,1,1,23.39247016906738,31.978361
4,356,9.25,6.9310765,1,1,23.39247016906738,5.3822803
4,1325,12.2,19.74253,1,1,23.39247016906738,43.340282
4,74,36.6,60.073124,0,0,23.39247016906738,37.931763
4,964,9.6,8.346347,1,1,23.39247016906738,3.5705535
4,1327,0.14,1.1724541,1,1,23.39247016906738,3.1011772
4,614,0.38,3.6888268,1,1,23.39247016906738,7.3288903
4,1329,0.345,0.83275604,1,1,23.39247016906738,2.2089665
4,1332,1.5,41.693188,0,0,23.39247016906738,42.654488
4,216,20.3,23.179262,1,1,23.39247016906738,31.188908
4,330,3.08,2.320692,1,1,23.39247016906738,2.8561652
4,315,28.55,32.678566,1,0,23.39247016906738,4.7376156
4,925,82.0,70.79263,1,1,23.39247016906738,51.097958
4,74,32.9,59.173584,0,1,23.39247016906738,53.622597
4,210,5.7,36.572018,0,0,23.39247016906738,14.853927
4,1338,15.0,5.506232,1,0,23.39247016906738,11.683296
4,675,90.0,57.14146,0,0,23.39247016906738,52.739613
4,285,13.0,15.76162,1,1,23.39247016906738,6.797712
4,276,2.5,67.33282,0,0,23.39247016906738,43.082417
4,1342,4.2375,4.8257184,1,1,23.39247016906738,7.7202387
4,161,8.8,8.390286,1,1,23.39247016906738,5.3103437
4,1343,10.093625,8.447216,1,1,23.39247016906738,9.758137
4,172,9.8,3.8306928,1,0,23.39247016906738,10.843926
4,41,3.18,4.8901258,1,0,23.39247016906738,3.340941
4,867,5.9,5.621415,1,1,23.39247016906738,4.8760104
4,45,9.2,27.907076,0,0,23.39247016906738,13.215851
4,504,18.5,17.244768,1,1,23.39247016906738,5.617098
4,169,3.6,2.6316395,1,1,23.39247016906738,5.153969
4,391,112.0,92.70717,0,1,23.39247016906738,60.595966
4,694,53.1,73.84968,0,0,23.39247016906738,29.09713
4,1350,2.1,12.603908,1,0,23.39247016906738,5.619713
4,42,20.175,19.18226,1,1,23.39247016906738,19.444965
4,1352,2.52,2.630132,1,1,23.39247016906738,3.3737357
4,179,3.0,5.2523246,1,1,23.39247016906738,7.4910975
4,669,4.14,2.1024332,1,1,23.39247016906738,4.853252
4,1354,0.3,-0.61317015,1,1,23.39247016906738,9.91104
4,703,7.3,4.627963,1,1,23.39247016906738,9.304217
4,74,56.0,68.513916,0,1,23.39247016906738,37.428307
4,669,3.95,2.6043024,1,1,23.39247016906738,5.867232
4,76,6.4,7.0679893,1,1,23.39247016906738,5.471457
4,1359,10.65,6.325907,1,0,23.39247016906738,7.7519913
4,66,68.0,74.982994,1,1,23.39247016906738,53.18279
4,1362,25.0,26.227629,1,1,23.39247016906738,32.970257
4,1209,14.4,9.096558,1,0,23.39247016906738,9.377172
4,236,89.88,87.42647,1,1,23.39247016906738,20.813896
4,1366,0.75,1.8368914,1,1,23.39247016906738,5.2514753
4,918,5.2,5.413018,1,1,23.39247016906738,4.8389883
4,897,0.066,1.1505457,1,1,23.39247016906738,4.3081694
4,1368,2.5,3.8384745,1,1,23.39247016906738,9.073826
4,227,2.21,1.5000243,1,1,23.39247016906738,3.0406623
4,1370,6.22,7.1451325,1,1,23.39247016906738,10.044973
4,1374,6.41,6.4397583,1,1,23.39247016906738,6.177011
4,333,6.8,7.8056765,1,1,23.39247016906738,4.8376265
4,153,40.1,38.935448,1,1,23.39247016906738,31.667786
4,798,9.4,8.608625,1,1,23.39247016906738,4.828908
4,415,13.8,10.599809,1,1,23.39247016906738,12.509909
4,1378,1.11,1.4703451,1,1,23.39247016906738,1.5655133
4,694,74.3,82.21874,1,1,23.39247016906738,26.309053
4,72,6.9,4.9679227,1,1,23.39247016906738,8.96875
4,1381,5.86,6.0051236,1,1,23.39247016906738,7.692587
4,1021,0.1,9.821562,1,1,23.39247016906738,60.15822
4,286,74.0,52.631535,0,0,23.39247016906738,23.096613
4,1386,94.8,68.81545,0,0,23.39247016906738,37.21363
4,1108,13.0,19.424856,1,0,23.39247016906738,7.992698
4,1387,30.0,26.159948,1,1,23.39247016906738,31.630901
4,1154,14.0,36.86181,0,0,23.39247016906738,25.632387
4,160,90.0,60.940453,0,0,23.39247016906738,47.93982
4,1389,4.655,3.6037672,1,1,23.39247016906738,8.150952
4,604,10.5,13.62034,1,0,23.39247016906738,5.264244
4,1392,3.77,3.5868793,1,1,23.39247016906738,4.0654297
4,467,60.6,56.05923,1,1,23.39247016906738,23.83701
4,1394,36.6,29.902866,1,1,23.39247016906738,14.626485
4,157,0.084,1.1473953,1,1,23.39247016906738,5.2534566
4,153,80.5,81.51824,1,1,23.39247016906738,33.567093
4,1396,5.6,2.7820623,1,1,23.39247016906738,7.3962407
4,1398,30.0,20.807762,1,1,23.39247016906738,57.956684
4,467,62.1,57.94534,1,1,23.39247016906738,24.59298
4,736,7.7,7.3674374,1,1,23.39247016906738,3.6286836
4,1400,11.84,5.133432,1,1,23.39247016906738,18.651016
4,1002,3.51,3.7432375,1,1,23.39247016906738,4.9346642
4,1404,3.56,2.9491563,1,1,23.39247016906738,5.975708
4,1405,76.0,69.782555,1,1,23.39247016906738,57.38609
4,379,0.94,0.9005194,1,1,23.39247016906738,1.213731
4,947,13.56,18.869076,1,1,23.39247016906738,75.06804
4,1410,1.845,4.810433,1,1,23.39247016906738,76.25923
4,338,31.3,25.831488,1,1,23.39247016906738,28.88629
4,286,68.0,56.33267,1,1,23.39247016906738,43.99176
4,42,19.8,21.512018,1,1,23.39247016906738,26.5476
4,136,4.9,4.8152742,1,1,23.39247016906738,3.9881985
4,1413,7.0,5.884813,1,1,23.39247016906738,13.654762
4,1414,5.72,5.8540993,1,1,23.39247016906738,6.770124
4,511,5.6,4.6513176,1,1,23.39247016906738,5.628551
4,1090,19.1,14.326399,1,0,23.39247016906738,5.8410645
4,49,76.0,73.5838,1,1,23.39247016906738,68.89799
4,65,28.5,21.135674,1,1,23.39247016906738,25.332012
4,1418,3.33,2.912975,1,1,23.39247016906738,7.5959945
4,1100,7.73,11.653921,1,1,23.39247016906738,35.6749
4,1048,29.0,17.286213,0,0,23.39247016906738,23.083399
4,1420,24.0,39.262413,0,1,23.39247016906738,66.3854
4,131,2.2,2.974392,1,1,23.39247016906738,7.8589444
4,1423,4.52,4.413965,1,1,23.39247016906738,5.438339
4,576,7.2,5.6130095,1,1,23.39247016906738,5.237713
4,261,48.0,17.720324,0,1,23.39247016906738,67.045135
4,42,28.92,27.487411,1,1,23.39247016906738,41.140816
4,604,13.32,12.347564,1,1,23.39247016906738,5.2476754
4,1428,21.0,26.369883,1,0,23.39247016906738,8.352868
4,509,10.6,7.9371157,1,1,23.39247016906738,8.843048
4,253,32.0,17.735273,0,0,23.39247016906738,23.802843
4,1435,2.79,5.176807,1,1,23.39247016906738,8.498147
4,656,94.5,85.96953,1,1,23.39247016906738,33.71884
4,1056,1.64,1.643791,1,1,23.39247016906738,2.2619317
4,867,8.3,7.2043123,1,1,23.39247016906738,5.145263
4,1436,6.94,5.001167,1,1,23.39247016906738,7.1246233
4,236,88.0,67.56259,0,1,23.39247016906738,49.061314
4,41,2.418,4.0016704,1,0,23.39247016906738,2.615796
4,476,74.5,52.82844,0,1,23.39247016906738,55.2758
4,1244,0.72,4.7881966,1,1,23.39247016906738,11.21107
4,1441,1.8,1.674615,1,1,23.39247016906738,4.8430033
4,1442,6.24,1.9780593,1,0,23.39247016906738,5.108199
4,1443,2.86,1.9489367,1,1,23.39247016906738,2.7795947
4,436,42.0,45.543026,1,1,23.39247016906738,71.534874
4,1445,2.8,3.174771,1,1,23.39247016906738,8.995064
4,675,91.0,59.004227,0,0,23.39247016906738,51.38186
4,74,85.0,79.68085,1,1,23.39247016906738,38.66031
4,144,6.215,3.959186,1,1,23.39247016906738,7.1098833
4,878,92.475,85.88024,1,1,23.39247016906738,27.702003
4,74,61.0,61.044514,1,1,23.39247016906738,58.43128
4,417,15.2,91.413284,0,0,23.39247016906738,33.649952
4,1448,1.73,2.0188363,1,1,23.39247016906738,2.7205172
4,441,47.0,59.351627,0,1,23.39247016906738,34.30627
4,1455,2.9,2.7979562,1,1,23.39247016906738,5.822008
4,1107,1.625,1.2294701,1,1,23.39247016906738,5.620706
4,252,24.6,18.961887,1,1,23.39247016906738,12.159403
4,1460,20.0,9.557012,1,1,23.39247016906738,38.047108
4,115,3.8,5.3887076,1,1,23.39247016906738,3.4923346
4,549,3.8,2.839959,1,1,23.39247016906738,8.053511
4,1463,11.07,9.435061,1,1,23.39247016906738,5.5423555
4,694,10.0,38.912186,0,0,23.39247016906738,50.591457
4,1467,1.8,14.988461,0,0,23.39247016906738,26.006504
4,1468,4.8,6.725885,1,1,23.39247016906738,10.65871
4,554,15.0,13.904442,1,1,23.39247016906738,19.980873
4,1318,1.7,-0.20640987,1,0,23.39247016906738,0.44160292
4,65,18.95,14.81246,1,1,23.39247016906738,28.569185
4,1475,22.8,47.682682,0,0,23.39247016906738,27.956133
4,669,4.17,2.1024332,1,1,23.39247016906738,4.853252
4,1325,24.0,27.30266,1,1,23.39247016906738,20.889185
4,476,73.5,51.574223,0,1,23.39247016906738,47.238365
4,286,23.5,54.552124,0,0,23.39247016906738,51.06922
4,1046,2.94,3.5747218,1,1,23.39247016906738,6.0546184
4,1481,3.71,4.4029136,1,1,23.39247016906738,6.291567
4,1483,15.0,14.473801,1,1,23.39247016906738,16.87303
4,1485,4.5,3.3960125,1,1,23.39247016906738,3.6837535
4,36,79.7,66.38681,0,1,23.39247016906738,35.79422
4,286,10.1,54.258076,0,0,23.39247016906738,38.490013
4,759,80.0,80.25714,1,1,23.39247016906738,14.094875
4,1490,1.835,5.9666305,1,1,23.39247016906738,11.932258
4,429,6.1,26.25975,0,0,23.39247016906738,19.42626
4,830,50.0,61.621674,1,1,23.39247016906738,27.779146
4,74,83.0,85.27878,1,1,23.39247016906738,27.530619
4,74,64.0,63.654415,1,1,23.39247016906738,48.825245
4,1491,1.86,7.514042,1,0,23.39247016906738,10.7496395
4,1318,0.34,0.038937,1,1,23.39247016906738,1.0746351
4,286,77.0,59.087532,0,0,23.39247016906738,23.357979
4,590,10.3,9.58557,1,1,23.39247016906738,14.598685
4,218,9.18,9.911197,1,1,23.39247016906738,10.356007
4,1154,49.6,34.481636,0,1,23.39247016906738,40.423615
4,1498,57.1,50.101276,1,1,23.39247016906738,38.05712
4,42,9.0,22.235874,0,1,23.39247016906738,29.506903
4,175,0.885,13.057851,0,0,23.39247016906738,23.285019
4,665,58.0,16.893002,0,0,23.39247016906738,63.346684
4,703,6.9,4.8977585,1,1,23.39247016906738,8.090512
4,1503,2.6,1.1062388,1,0,23.39247016906738,2.7647011
4,1226,5.8,7.43931,1,1,23.39247016906738,13.872248
4,40,1.615,3.9173377,1,1,23.39247016906738,6.925429
4,1506,2.55,3.7853887,1,1,23.39247016906738,4.969747
4,675,44.95,49.803207,1,1,23.39247016906738,61.731133
4,1511,43.0,26.46241,0,1,23.39247016906738,44.72216
4,74,50.6,74.85912,0,1,23.39247016906738,49.308693
4,47,0.0138,0.051146016,1,1,23.39247016906738,2.669671
4,49,22.6,20.056025,1,1,23.39247016906738,36.651787
4,1514,1.4,1.9356719,1,1,23.39247016906738,6.2011914
4,1518,1.72,3.6116643,1,1,23.39247016906738,10.351144
4,1520,2.425,4.0454054,1,1,23.39247016906738,5.939018
4,930,1.52,6.2699804,1,0,23.39247016906738,6.6664243
4,1017,80.0,57.086704,0,0,23.39247016906738,33.709442
4,441,60.0,59.675503,1,1,23.39247016906738,48.375225
4,504,19.1,17.690655,1,1,23.39247016906738,6.0646205
4,1524,1.32,4.1072736,1,1,23.39247016906738,8.66075
4,338,48.0,30.251795,0,0,23.39247016906738,26.94547
4,614,1.2,2.6263382,1,1,23.39247016906738,5.880292
4,136,10.8,8.424114,1,0,23.39247016906738,3.7480743
4,258,115.0,83.19199,0,1,23.39247016906738,68.73269
4,712,3.24,4.0187387,1,1,23.39247016906738,3.368425
4,52,71.0,79.8385,1,1,23.39247016906738,45.334118
4,681,4.02,2.9596953,1,1,23.39247016906738,3.3745368
4,521,3.0,3.4866745,1,1,23.39247016906738,3.320272
4,1534,21.0,24.081486,1,1,23.39247016906738,18.951323
4,216,30.04,27.307358,1,1,23.39247016906738,44.396164
4,989,34.9,21.405489,0,1,23.39247016906738,34.977528
4,286,66.5,56.80839,1,1,23.39247016906738,63.41272
4,65,20.0,15.638686,1,1,23.39247016906738,23.501614
4,897,0.06,0.958543,1,1,23.39247016906738,3.5153747
4,441,70.0,59.461617,1,1,23.39247016906738,77.42132
4,189,9.6,3.752195,1,0,23.39247016906738,5.4660115
4,1549,14.8,16.953089,1,1,23.39247016906738,17.89835
4,175,3.9,3.0132418,1,1,23.39247016906738,4.577603
4,1550,2.6,2.968313,1,1,23.39247016906738,4.606583
4,925,50.0,81.04795,0,1,23.39247016906738,67.08071
4,31,17.0,51.251633,0,0,23.39247016906738,37.42183
4,34,1.6,1.2747725,1,1,23.39247016906738,1.9876928
4,1554,30.15,27.118042,1,1,23.39247016906738,14.255029
4,285,16.0,17.99621,1,1,23.39247016906738,5.6680374
4,1019,9.25,27.339642,0,0,23.39247016906738,22.285597
4,1249,47.0,59.62931,0,1,23.39247016906738,43.98685
4,1318,1.7,0.38948122,1,1,23.39247016906738,2.7226186
4,1558,10.3,12.566113,1,1,23.39247016906738,5.619713
4,1560,1.57,1.1503922,1,1,23.39247016906738,2.2653797
4,722,3.82,3.596389,1,1,23.39247016906738,4.5465593
4,1318,0.22,-0.0032577005,1,1,23.39247016906738,0.6971025
4,675,91.1,56.863155,0,0,23.39247016906738,49.315735
4,67,1.73,1.8537687,1,1,23.39247016906738,3.7604775
4,216,41.45,51.12414,1,1,23.39247016906738,78.18402
4,42,20.0,22.713942,1,1,23.39247016906738,24.446825
4,965,9.95,27.868196,0,0,23.39247016906738,32.746456
4,1567,2.1,3.2489488,1,1,23.39247016906738,5.5683284
4,203,14.5,17.147621,1,1,23.39247016906738,10.592642
4,870,0.85,5.415539,1,0,23.39247016906738,9.095804
4,1572,0.47,0.4344635,1,1,23.39247016906738,1.1625632
4,753,23.0,26.379347,1,1,23.39247016906738,57.37933
4,411,53.0,35.426796,0,1,23.39247016906738,49.644005
4,78,4.17,7.5319443,1,0,23.39247016906738,3.7853956
4,1577,1.6,2.781121,1,1,23.39247016906738,3.383597
4,273,9.2,11.809702,1,1,23.39247016906738,35.41214
4,1235,65.0,70.42599,1,1,23.39247016906738,41.135963
4,1455,4.8,4.0312905,1,1,23.39247016906738,3.8370006
4,1400,10.92,5.242608,1,1,23.39247016906738,18.569448
4,49,12.3,16.12618,1,1,23.39247016906738,31.63838
4,361,5.6,9.324274,1,0,23.39247016906738,6.9222293
4,392,12.0,11.837402,1,1,23.39247016906738,6.9000664
4,204,17.0,21.455893,1,1,23.39247016906738,23.350073
4,74,67.6,77.394714,1,1,23.39247016906738,23.59845
4,42,13.7,20.818832,1,1,23.39247016906738,28.395332
4,1414,7.01,5.97071,1,1,23.39247016906738,6.770124
4,710,46.0,41.32558,1,1,23.39247016906738,29.40062
4,1463,4.49,9.512982,1,0,23.39247016906738,4.7405987
4,681,4.49,2.9817607,1,1,23.39247016906738,3.22005
4,665,79.0,61.578926,0,1,23.39247016906738,47.112396
4,78,6.0,8.321283,1,0,23.39247016906738,3.578096
4,204,10.0,21.892942,0,0,23.39247016906738,21.901566
4,66,30.0,34.31026,1,1,23.39247016906738,21.541811
4,467,66.9,57.228672,1,1,23.39247016906738,22.703384
4,694,20.9,67.60462,0,0,23.39247016906738,45.715828
4,417,37.0,93.05834,0,0,23.39247016906738,35.94383
4,126,81.27,81.55295,1,1,23.39247016906738,22.214172
4,669,3.62,2.1487517,1,1,23.39247016906738,4.8638906
4,1587,40.0,27.23876,0,0,23.39247016906738,18.068665
4,429,4.7,21.500546,0,0,23.39247016906738,24.335318
4,549,6.9,3.2585745,1,1,23.39247016906738,8.107988
4,216,33.0,26.055832,1,1,23.39247016906738,40.19323
4,810,33.0,22.985743,1,1,23.39247016906738,28.797735
4,411,56.7,47.351555,1,1,23.39247016906738,51.303833
4,253,31.0,17.335829,0,0,23.39247016906738,22.731586
4,991,14.5,8.775739,1,0,23.39247016906738,9.723574
4,735,9.2,8.969579,1,1,23.39247016906738,9.400668
4,992,9.5,3.1881168,1,0,23.39247016906738,1.7460653
4,446,10.6,4.474427,1,0,23.39247016906738,9.0169735
4,1595,15.2,14.4795685,1,1,23.39247016906738,8.671164
4,1597,59.0,60.807693,1,1,23.39247016906738,39.11325
4,356,12.0,7.0675,1,1,23.39247016906738,11.535468
4,137,23.5,21.456709,1,1,23.39247016906738,45.06707
4,1601,0.75,4.2445765,1,0,23.39247016906738,2.8487203
4,1604,123.5,122.7748,1,1,23.39247016906738,40.11888
4,534,75.0,76.58876,1,1,23.39247016906738,42.496216
4,1608,2.1,1.4346813,1,1,23.39247016906738,3.0806
4,45,23.0,32.58011,1,1,23.39247016906738,73.09989
4,1154,33.0,35.97518,1,1,23.39247016906738,24.191387
4,1332,84.3,85.93709,1,1,23.39247016906738,21.415005
4,1609,6.1,5.4888177,1,1,23.39247016906738,6.0570693
4,403,8.77,5.2164435,1,0,23.39247016906738,6.998708
4,1612,2.0,4.397238,1,1,23.39247016906738,9.850209
4,1614,0.64,1.3435875,1,0,23.39247016906738,1.354403
4,742,15.94,14.399866,1,1,23.39247016906738,6.503436
4,74,85.0,81.90485,1,1,23.39247016906738,34.786266
4,128,15.0,14.8761835,1,1,23.39247016906738,5.451257
4,420,20.0,23.078135,1,1,23.39247016906738,9.398043
4,600,16.0,4.963483,1,1,23.39247016906738,47.22275
4,175,2.09,4.00655,1,1,23.39247016906738,19.345112
4,675,67.6,50.827087,0,1,23.39247016906738,63.385548
4,1618,50.0,56.180763,1,1,23.39247016906738,57.58014
4,1619,1.1,1.3865503,1,1,23.39247016906738,4.242327
4,656,88.2,69.66662,0,1,23.39247016906738,66.07788
4,189,3.5,2.3815134,1,1,23.39247016906738,3.6382325
4,930,4.07,4.6779323,1,1,23.39247016906738,12.655559
4,476,90.88,74.766365,0,0,23.39247016906738,27.311035
4,1624,86.0,79.98701,1,1,23.39247016906738,14.830453
4,34,1.04,1.2091904,1,1,23.39247016906738,2.825389
4,722,4.19,3.2069786,1,1,23.39247016906738,3.9591174
4,1631,4.5,2.4843967,1,1,23.39247016906738,19.198841
4,273,26.0,17.572348,1,1,23.39247016906738,38.37313
4,686,80.0,61.658333,0,0,23.39247016906738,32.605824
4,1633,1.989218182,3.660748,1,0,23.39247016906738,2.4192703
4,1635,7.0,87.60155,0,0,23.39247016906738,39.438488
4,898,74.0,77.88708,1,1,23.39247016906738,29.175142
4,1638,14.3,4.2050633,1,0,23.39247016906738,8.515875
4,286,52.9,47.190884,1,1,23.39247016906738,40.96207
4,1640,14.8,9.585897,1,0,23.39247016906738,10.229352
4,182,2.7,3.9245834,1,1,23.39247016906738,4.498908
4,71,62.0,54.13516,1,1,23.39247016906738,47.817947
4,1167,4.583333333,4.892322,1,1,23.39247016906738,1.6480696
4,1643,1.7,2.7718568,1,1,23.39247016906738,5.2162366
4,172,9.96,4.0401917,1,0,23.39247016906738,11.771612
4,501,4.86,17.048897,0,1,23.39247016906738,32.138332
4,1645,1.3,2.715624,1,1,23.39247016906738,6.5104365
4,261,85.1,61.10849,0,0,23.39247016906738,20.297327
4,65,23.3,31.700628,1,1,23.39247016906738,112.075165
4,979,3.1,6.359779,1,1,23.39247016906738,10.599902
4,1649,2.037307692,1.7269175,1,1,23.39247016906738,1.4901292
4,1650,3.2,4.9076767,1,1,23.39247016906738,8.764838
4,973,15.0,12.296353,1,1,23.39247016906738,6.1281114
4,1654,103.0,88.1162,0,1,23.39247016906738,74.79611
4,153,54.5,74.86936,0,0,23.39247016906738,36.224365
4,78,4.25,5.914152,1,0,23.39247016906738,2.994825
4,74,80.0,68.15558,0,1,23.39247016906738,49.88616
4,153,4.3,31.42004,0,0,23.39247016906738,48.692814
4,1657,90.0,87.74333,1,1,23.39247016906738,16.86246
4,675,44.7,34.367256,1,1,23.39247016906738,51.150352
4,153,70.0,79.46309,1,1,23.39247016906738,30.67542
4,218,8.9,11.888388,1,0,23.39247016906738,5.229829
4,65,27.9,22.37661,1,1,23.39247016906738,32.826054
4,74,84.0,82.85588,1,1,23.39247016906738,26.311481
4,640,6.4,13.354009,1,1,23.39247016906738,14.31735
4,518,27.8,25.184805,1,1,23.39247016906738,14.949347
4,476,75.0,69.58824,1,1,23.39247016906738,89.78522
4,65,24.525,17.663628,1,1,23.39247016906738,23.501614
4,1618,68.6,57.85492,1,1,23.39247016906738,65.04478
4,42,16.76666667,20.645624,1,1,23.39247016906738,29.192883
4,491,1.62,1.9440565,1,1,23.39247016906738,3.4051888
4,1664,79.0,31.39151,0,0,23.39247016906738,39.115753
4,210,37.2,29.586334,1,1,23.39247016906738,23.16044
4,65,18.7,16.271152,1,1,23.39247016906738,23.185205
4,42,21.95,23.787638,1,1,23.39247016906738,19.537945
4,42,17.64,24.331629,1,1,23.39247016906738,41.023434
4,391,63.5,73.16189,1,1,23.39247016906738,28.432028
4,1669,28.4,22.785364,1,1,23.39247016906738,47.121357
4,65,29.35,7.057997,0,1,23.39247016906738,68.66814
4,74,38.0,56.541565,0,1,23.39247016906738,60.891228
4,1670,3.525,15.984749,0,1,23.39247016906738,40.082787
4,338,45.6,30.161856,0,0,23.39247016906738,28.837294
4,784,2.44,8.596523,1,0,23.39247016906738,9.108904
4,224,15.7,20.965513,1,1,23.39247016906738,12.891689
4,449,3.7,4.922923,1,1,23.39247016906738,6.692192
4,370,16.25,14.124481,1,1,23.39247016906738,8.405155
4,1671,6.76,4.5299077,1,1,23.39247016906738,5.929877
4,216,26.0,21.52697,1,1,23.39247016906738,31.330883
4,42,25.0,24.124018,1,1,23.39247016906738,22.979218
4,879,19.6,14.938325,1,0,23.39247016906738,4.2338977
4,1673,44.0,49.914814,1,1,23.39247016906738,69.0648
4,1674,71.0,67.81292,1,1,23.39247016906738,51.44315
4,285,12.7,14.97687,1,1,23.39247016906738,9.439481
4,222,1.4,1.6601052,1,1,23.39247016906738,3.566948
4,49,26.0,18.688564,1,1,23.39247016906738,38.26125
4,403,8.81,5.3311515,1,0,23.39247016906738,6.152323
4,36,89.4,69.41827,0,0,23.39247016906738,21.135612
4,74,91.7,75.37378,0,1,23.39247016906738,65.22365
4,42,15.0,18.256657,1,1,23.39247016906738,19.578638
4,952,1.03,2.639335,1,1,23.39247016906738,3.533837
4,160,88.0,71.164024,0,0,23.39247016906738,32.531273
4,67,3.71,3.0836465,1,1,23.39247016906738,3.5602443
4,120,12.2,13.10369,1,1,23.39247016906738,22.395704
4,137,26.0,24.58417,1,1,23.39247016906738,42.920048
4,74,93.9,87.44827,1,1,23.39247016906738,31.478245
4,420,9.1,13.128793,1,1,23.39247016906738,11.430995
4,45,34.0,34.08278,1,1,23.39247016906738,14.697041
4,925,86.0,70.344826,0,0,23.39247016906738,19.693178
4,542,30.0,12.517329,0,1,23.39247016906738,35.762203
4,1685,0.669222222,0.389268,1,1,23.39247016906738,1.5323315
4,1686,88.9,85.24912,1,1,23.39247016906738,30.862562
4,126,84.11,82.218956,1,1,23.39247016906738,22.95939
4,1687,0.175,10.115611,1,1,23.39247016906738,30.320057
4,1688,5.6,5.6601915,1,1,23.39247016906738,16.099413
4,1230,1.9,2.553113,1,1,23.39247016906738,3.8469803
4,128,15.2,14.526363,1,1,23.39247016906738,4.6147656
4,1692,49.7,27.471289,0,0,23.39247016906738,32.6432
4,708,31.0,28.471447,1,1,23.39247016906738,49.616947
4,1019,20.35,30.289177,1,1,23.39247016906738,22.117323
4,36,66.0,37.01537,0,0,23.39247016906738,29.596561
4,1695,1.4,1.855344,1,1,23.39247016906738,4.5837665
4,1017,65.0,50.13619,0,1,23.39247016906738,53.76081
4,356,10.6,7.0039835,1,1,23.39247016906738,11.399051
4,1697,2.0,4.2248883,1,1,23.39247016906738,5.7799807
4,1699,3.0,3.0121663,1,1,23.39247016906738,4.4349036
4,1700,0.9,4.42357,1,0,23.39247016906738,5.643626
4,1701,2.8,3.5030148,1,1,23.39247016906738,4.0716
4,829,8.41,7.1079116,1,1,23.39247016906738,3.882106
4,47,0.55,-0.16635324,1,1,23.39247016906738,5.0067716
4,565,17.9,15.438524,1,1,23.39247016906738,14.42557
4,7,8.95,6.593633,1,1,23.39247016906738,10.605967
4,434,2.08,2.8583279,1,1,23.39247016906738,3.117005
4,175,1.5,4.01497,1,1,23.39247016906738,19.114466
4,423,1.84,5.3248982,1,0,23.39247016906738,5.787348
4,1713,1.7,3.891502,1,1,23.39247016906738,7.546132
4,216,29.2,26.007252,1,1,23.39247016906738,36.55027
4,703,6.91125,6.0558043,1,1,23.39247016906738,4.338259
4,1714,0.4,0.6627062,1,1,23.39247016906738,1.1732455
4,742,7.51,9.693938,1,1,23.39247016906738,5.9158206
4,36,87.8,79.41979,1,0,23.39247016906738,13.9883375
4,189,7.65,4.495901,1,0,23.39247016906738,5.9938974
4,1436,8.77,7.05195,1,1,23.39247016906738,6.307172
4,1715,9.60375,4.0527706,1,1,23.39247016906738,23.59339
4,813,4.53,2.7085204,1,1,23.39247016906738,7.9406495
4,262,2.67,1.6056142,1,1,23.39247016906738,5.2751484
4,1721,7.7,2.3228881,1,1,23.39247016906738,11.014394
4,216,10.2,28.293285,0,0,23.39247016906738,32.021248
4,115,6.88,6.5262513,1,1,23.39247016906738,2.3010821
4,1056,2.32,2.3819206,1,1,23.39247016906738,2.7515688
4,476,63.31,57.41347,1,1,23.39247016906738,77.56936
4,1725,0.045,1.6684157,1,1,23.39247016906738,11.421123
4,42,3.3,21.953825,0,0,23.39247016906738,29.73778
4,1726,60.0,57.02316,1,1,23.39247016906738,37.261948
4,276,10.0,68.2404,0,0,23.39247016906738,38.83665
4,542,34.0,17.192505,0,1,23.39247016906738,38.437202
4,160,91.0,64.22138,0,0,23.39247016906738,34.528908
4,356,10.0,5.8669434,1,0,23.39247016906738,6.6488833
4,74,86.0,76.35685,1,1,23.39247016906738,32.816227
4,179,2.65,5.2818594,1,1,23.39247016906738,6.1787243
4,1108,18.85,13.572526,1,1,23.39247016906738,17.930489
4,35,32.0,23.30324,1,1,23.39247016906738,33.858738
4,126,86.0,84.59137,1,1,23.39247016906738,13.062161
4,1734,6.0,4.6305075,1,1,23.39247016906738,12.659832
4,1739,11.2,10.152211,1,1,23.39247016906738,7.177509
4,1741,20.6,60.13665,0,0,23.39247016906738,32.95771
4,675,87.8,51.73167,0,1,23.39247016906738,81.24599
4,501,15.5,16.182487,1,1,23.39247016906738,27.36603
4,49,93.0,67.62778,0,1,23.39247016906738,65.95417
4,1744,14.0,54.943707,0,0,23.39247016906738,28.943102
4,36,86.0,58.906822,0,0,23.39247016906738,16.666925
4,65,1.88,8.1230135,1,1,23.39247016906738,17.709017
4,665,76.0,74.72169,1,1,23.39247016906738,28.194519
4,632,0.047,-0.7795363,1,1,23.39247016906738,5.050477
4,286,81.0,66.58451,0,0,23.39247016906738,11.797858
4,34,0.955,1.299211,1,1,23.39247016906738,2.444449
4,1752,11.0,10.93937,1,1,23.39247016906738,10.884029
4,1753,109.0,89.51223,0,1,23.39247016906738,88.07208
4,750,7.83,5.1667256,1,0,23.39247016906738,2.2548165
4,970,12.2,13.604534,1,1,23.39247016906738,4.569554
4,1758,81.0,78.22493,1,1,23.39247016906738,49.46152
4,204,37.4,27.712624,1,0,23.39247016906738,17.271528
4,182,5.5,4.313712,1,1,23.39247016906738,4.637578
4,640,33.85,32.913177,1,1,23.39247016906738,14.5586815
4,492,3.22,2.8669589,1,1,23.39247016906738,3.7772648
4,1387,38.5,21.693197,0,1,23.39247016906738,44.59306
4,216,40.0,24.26307,0,0,23.39247016906738,16.591345
4,1359,11.0,6.2728176,1,0,23.39247016906738,6.488319
4,74,62.7,70.04416,1,1,23.39247016906738,64.996605
4,1766,4.5,7.2934465,1,1,23.39247016906738,11.520137
4,364,0.69,1.5519582,1,1,23.39247016906738,4.1673756
4,1768,10.1,9.295196,1,1,23.39247016906738,6.3520193
4,153,23.0,39.76345,0,1,23.39247016906738,60.861614
4,1772,8.0,25.249449,0,0,23.39247016906738,15.645315
4,71,58.0,84.08929,0,0,23.39247016906738,26.77328
4,640,28.7,32.16817,1,1,23.39247016906738,20.455479
4,973,11.6,9.186235,1,1,23.39247016906738,5.7854295
4,876,6.7,5.1161942,1,1,23.39247016906738,13.993834
4,686,80.0,66.38198,0,0,23.39247016906738,8.085158
4,675,83.6,63.678234,0,1,23.39247016906738,83.51439
4,1779,1.46,1.9455247,1,1,23.39247016906738,3.4604583
4,1782,4.39,2.2576842,1,1,23.39247016906738,5.3330703
4,229,3.72,9.881241,1,1,23.39247016906738,19.357943
4,216,33.2,31.748875,1,1,23.39247016906738,18.858465
4,1783,3.7,3.3573601,1,1,23.39247016906738,4.221028
4,356,10.6,6.769139,1,1,23.39247016906738,9.296718
4,665,80.0,67.67432,0,1,23.39247016906738,46.065933
4,630,5.65,4.4594674,1,1,23.39247016906738,11.828903
4,74,81.0,52.413013,0,1,23.39247016906738,59.797997
4,431,2.87,4.9970365,1,1,23.39247016906738,4.2938895
4,203,15.8,17.981886,1,1,23.39247016906738,9.445535
4,1786,3.7,7.01687,1,1,23.39247016906738,8.916649
4,36,76.0,55.07467,0,0,23.39247016906738,27.581944
4,1787,2.0,1.2666757,1,1,23.39247016906738,1.5636894
4,49,24.0,20.29211,1,1,23.39247016906738,34.94347
4,218,7.7,9.585397,1,1,23.39247016906738,10.491609
4,1249,45.0,56.579166,1,1,23.39247016906738,44.998505
4,504,19.2,17.729631,1,1,23.39247016906738,4.8995886
4,675,34.2,41.305992,1,1,23.39247016906738,53.125736
4,1597,71.0,65.566696,1,1,23.39247016906738,36.12113
4,542,5.0,14.835302,1,1,23.39247016906738,35.756947
4,1791,2.82,2.0512633,1,1,23.39247016906738,2.6242445
4,1284,0.213,1.2968566,1,1,23.39247016906738,3.7759967
4,74,99.0,84.41115,0,0,23.39247016906738,13.748187
4,153,66.0,43.427837,0,1,23.39247016906738,53.523594
4,154,1.55,2.6729522,1,1,23.39247016906738,2.9403718
4,1436,6.295,4.5778337,1,1,23.39247016906738,6.69364
4,1796,2.5275,6.262092,1,1,23.39247016906738,7.5423317
4,1797,9.22,5.038138,1,1,23.39247016906738,9.70767
4,1800,2.9,2.2985163,1,1,23.39247016906738,5.5472383
4,1167,5.25,4.942061,1,1,23.39247016906738,1.6975052
4,286,70.0,60.36413,1,1,23.39247016906738,31.74089
4,1021,0.525,8.786944,1,1,23.39247016906738,60.733406
4,1802,3.8,1.3806157,1,1,23.39247016906738,16.743223
4,403,8.77,4.49087,1,0,23.39247016906738,6.9718695
4,1803,0.78,1.6791936,1,1,23.39247016906738,8.256757
4,1618,35.3,69.66694,0,0,23.39247016906738,62.68517
4,1804,5.6,11.781567,1,1,23.39247016906738,13.391599
4,261,40.7,59.573174,0,0,23.39247016906738,22.752508
4,1040,0.311,2.1564364,1,1,23.39247016906738,4.42053
4,420,24.0,21.411676,1,1,23.39247016906738,12.520611
4,1498,51.7,51.364273,1,1,23.39247016906738,39.43027
4,1518,1.49,5.533866,1,1,23.39247016906738,10.130703
4,31,47.0,60.285908,0,1,23.39247016906738,40.48077
4,694,39.2,40.854275,1,1,23.39247016906738,52.894737
4,1806,7.833333333,3.3604963,1,0,23.39247016906738,4.5530148
4,436,32.0,61.17916,0,0,23.39247016906738,34.870632
4,60,34.0,35.004612,1,1,23.39247016906738,17.074873
4,286,89.5,70.56653,0,0,23.39247016906738,17.314459
4,361,7.2,10.286206,1,1,23.39247016906738,6.641645
4,74,52.0,56.96734,1,1,23.39247016906738,53.15623
4,66,66.0,73.970345,1,1,23.39247016906738,59.67009
4,1810,8.0,2.8218262,1,0,23.39247016906738,6.8583302
4,40,1.355,2.3130605,1,1,23.39247016906738,7.7201667
4,245,31.8,26.29134,1,1,23.39247016906738,26.742672
4,504,18.8,17.689112,1,1,23.39247016906738,4.438494
4,694,57.7,72.29169,0,1,23.39247016906738,56.357098
4,434,5.74,6.6502624,1,1,23.39247016906738,5.9099145
4,49,39.0,55.504807,0,1,23.39247016906738,57.649094
4,1816,17.6,34.29342,0,0,23.39247016906738,27.420452
4,356,7.62,8.458038,1,1,23.39247016906738,5.8254533
4,7,4.54,8.491133,1,1,23.39247016906738,9.35909
4,286,38.0,41.676327,1,1,23.39247016906738,37.75853
4,153,63.0,61.6203,1,1,23.39247016906738,40.82964
4,216,39.35,31.603178,1,1,23.39247016906738,19.184704
4,78,5.7,8.389882,1,0,23.39247016906738,4.0259714
4,136,10.05,8.944261,1,1,23.39247016906738,3.9198227
4,614,3.468,3.7168005,1,1,23.39247016906738,6.6053953
4,1820,1.315,8.425812,1,0,23.39247016906738,11.371617
4,601,0.0332,1.4504749,1,0,23.39247016906738,2.4583228
4,1249,33.0,51.353687,0,1,23.39247016906738,47.231133
4,694,30.6,70.9808,0,0,23.39247016906738,37.0042
4,128,12.2,14.863032,1,0,23.39247016906738,4.906657
4,1826,96.3,89.10413,1,1,23.39247016906738,36.360622
4,391,75.0,55.597748,0,1,23.39247016906738,57.376667
4,216,33.0,28.128862,1,1,23.39247016906738,37.65495
4,161,11.7,10.37976,1,1,23.39247016906738,4.122405
4,659,7.3,14.166249,1,0,23.39247016906738,5.1642137
4,1664,31.0,30.644222,1,1,23.39247016906738,40.36383
4,403,8.72,4.900768,1,0,23.39247016906738,6.7449775
4,186,2.09,4.6278005,1,1,23.39247016906738,5.993506
4,333,8.2,5.7923117,1,0,23.39247016906738,4.2551622
4,179,4.47,5.326268,1,1,23.39247016906738,4.4505887
4,1837,6.95,6.5867147,1,1,23.39247016906738,7.8440027
4,491,1.295,2.1111999,1,1,23.39247016906738,4.633807
4,1838,36.9,30.9903,1,1,23.39247016906738,15.793803
4,930,3.38,4.9095163,1,1,23.39247016906738,11.019226
4,45,32.0,30.58518,1,1,23.39247016906738,20.855768
4,203,0.001,14.129842,0,0,23.39247016906738,12.073915
4,694,67.9,78.997215,1,1,23.39247016906738,55.46729
4,601,0.038,1.3028549,1,0,23.39247016906738,2.394444
4,429,21.0,19.9751,1,1,23.39247016906738,28.694733
4,65,29.0,21.179443,1,1,23.39247016906738,24.835135
4,640,19.2,24.949139,1,1,23.39247016906738,23.38046
4,567,11.95,13.858543,1,1,23.39247016906738,6.953619
4,1843,1.5,2.3963087,1,1,23.39247016906738,4.3868127
4,467,41.3,58.62576,0,0,23.39247016906738,28.264084
4,1844,30.9,29.266428,1,1,23.39247016906738,18.43695
4,179,2.8,7.0068836,1,0,23.39247016906738,4.9033003
4,1845,4.3,2.7544136,1,1,23.39247016906738,4.438895
4,1423,3.77,4.411117,1,1,23.39247016906738,5.6295238
4,161,11.3,10.247001,1,1,23.39247016906738,4.4363327
4,632,2.38,3.8339133,1,1,23.39247016906738,5.121094
4,1108,9.0,18.745764,1,0,23.39247016906738,11.167996
4,1614,1.16,1.3903321,1,1,23.39247016906738,1.5655133
4,74,82.0,55.451202,0,1,23.39247016906738,70.00004
4,618,7.83,7.551033,1,1,23.39247016906738,5.3208604
4,1848,2.23,3.1359193,1,1,23.39247016906738,3.3570364
4,1277,35.1,23.351627,0,1,23.39247016906738,25.777786
4,573,3.36,5.69761,1,1,23.39247016906738,13.977893
4,714,4.25,3.4083748,1,1,23.39247016906738,3.7189448
4,42,29.0,22.361916,1,1,23.39247016906738,25.444437
4,1664,55.0,31.560745,0,0,23.39247016906738,39.721924
4,829,0.016,3.1117308,1,1,23.39247016906738,7.2429256
4,36,87.5,78.89735,1,1,23.39247016906738,18.625546
4,286,88.0,70.80369,0,0,23.39247016906738,16.861343
4,236,90.36,86.075584,1,1,23.39247016906738,16.56577
4,45,20.0,30.531101,1,0,23.39247016906738,16.137096
4,128,11.7,14.863578,1,0,23.39247016906738,5.685847
4,876,8.7,4.8360505,1,1,23.39247016906738,12.7329855
4,735,8.9,8.885457,1,1,23.39247016906738,10.720715
4,876,12.2,4.502824,1,0,23.39247016906738,8.879607
4,662,1.9,1.938654,1,1,23.39247016906738,4.3751287
4,1855,4.52,5.0980024,1,1,23.39247016906738,5.4938555
4,224,23.35,17.522762,1,1,23.39247016906738,12.620344
4,1167,3.51,4.785357,1,0,23.39247016906738,1.5222672
4,1844,32.4,28.030552,1,1,23.39247016906738,13.747172
4,785,2.05,2.4020085,1,1,23.39247016906738,5.793271
4,1860,14.0,14.706947,1,1,23.39247016906738,7.991511
4,504,17.7,17.690655,1,1,23.39247016906738,6.0646205
4,1862,1.37,3.291266,1,0,23.39247016906738,3.3003335
4,65,7.2,9.580708,1,1,23.39247016906738,16.574736
4,356,11.5,6.660872,1,0,23.39247016906738,7.0573516
4,189,3.6,3.23058,1,1,23.39247016906738,3.3445048
4,286,33.9,54.962624,0,1,23.39247016906738,48.89977
4,1753,101.0,81.867676,0,1,23.39247016906738,93.73016
4,1863,0.455,0.4826696,1,1,23.39247016906738,5.988734
4,1855,1.48,3.7694273,1,1,23.39247016906738,4.942631
4,785,0.785,1.8320112,1,1,23.39247016906738,6.337551
4,409,3.29,3.802413,1,1,23.39247016906738,4.1085186
4,45,23.0,29.039717,1,1,23.39247016906738,15.034014
4,1866,4.6,4.213212,1,1,23.39247016906738,4.2322474
4,357,4.64,5.0170493,1,1,23.39247016906738,3.8583424
4,1844,32.0,28.233635,1,1,23.39247016906738,13.22308
4,1448,1.863333333,2.579531,1,1,23.39247016906738,3.425425
4,285,15.2,16.612352,1,1,23.39247016906738,7.455706
4,24,37.0,22.0059,0,0,23.39247016906738,21.355165
4,618,7.28,5.414453,1,1,23.39247016906738,6.702468
4,333,4.6,3.58936,1,1,23.39247016906738,10.172313
4,1872,5.11,3.4055526,1,1,23.39247016906738,5.319645
4,370,15.5,12.0043955,1,1,23.39247016906738,8.668077
4,1697,2.2,3.8027885,1,1,23.39247016906738,7.0550685
4,934,5.3,4.7026286,1,1,23.39247016906738,5.2312527
4,74,93.0,87.203224,1,1,23.39247016906738,36.8265
4,1726,58.5,31.77882,0,0,23.39247016906738,41.0393
4,675,31.8,50.62595,0,1,23.39247016906738,54.58104
4,289,2.49,2.2894552,1,1,23.39247016906738,3.8849719
4,1878,4.59,5.779937,1,1,23.39247016906738,6.933609
4,286,72.3,54.087685,0,0,23.39247016906738,23.917635
4,1209,13.98,9.072487,1,1,23.39247016906738,10.348731
4,1879,14.7,11.374006,1,1,23.39247016906738,11.43235
4,1108,3.0,16.90362,0,0,23.39247016906738,7.353341
4,1880,2.3,3.3528574,1,1,23.39247016906738,12.398379
4,1881,16.0,28.645407,0,1,23.39247016906738,45.527046
4,352,10.16,9.629994,1,1,23.39247016906738,7.5059013
4,1883,2.8,4.3815265,1,1,23.39247016906738,4.3315196
4,742,16.5,14.5144205,1,1,23.39247016906738,7.088568
4,913,1.92,2.1599755,1,1,23.39247016906738,4.682561
4,42,22.8,25.598518,1,1,23.39247016906738,21.96893
4,268,5.32,5.226337,1,1,23.39247016906738,4.648553
4,947,55.28,52.492607,1,1,23.39247016906738,55.684723
4,115,7.06,6.3721104,1,1,23.39247016906738,1.8951925
4,1056,2.36,2.3886132,1,1,23.39247016906738,2.4396772
4,49,24.95,20.600887,1,1,23.39247016906738,35.07256
4,601,0.051,1.3764341,1,0,23.39247016906738,2.3471088
4,1223,41.2,38.33951,1,1,23.39247016906738,50.68626
4,182,2.5,3.8907847,1,1,23.39247016906738,4.1709094
4,286,57.0,58.85506,1,1,23.39247016906738,37.66445
4,1891,8.2,7.214286,1,1,23.39247016906738,15.845009
4,1235,40.0,49.8576,1,1,23.39247016906738,44.89794
4,126,85.0,77.740395,1,1,23.39247016906738,86.11695
4,1893,18.14,17.575699,1,1,23.39247016906738,3.612179
4,1137,19.7,24.754868,1,1,23.39247016906738,10.637551
4,401,5.47,2.4390347,1,1,23.39247016906738,6.7199197
4,1386,92.6,77.668434,0,0,23.39247016906738,22.906677
4,172,9.1,3.719553,1,1,23.39247016906738,10.899336
4,716,4.575,3.2046378,1,1,23.39247016906738,7.110737
4,1518,2.52,4.0677857,1,1,23.39247016906738,9.753767
4,42,24.7,23.96975,1,1,23.39247016906738,31.896675
4,491,1.6,2.050674,1,1,23.39247016906738,3.596572
4,216,15.0,26.427525,1,1,23.39247016906738,27.344051
4,286,32.0,59.007427,0,0,23.39247016906738,36.87512
4,74,90.4,63.73585,0,0,23.39247016906738,48.450333
4,1901,1.51,2.1619344,1,1,23.39247016906738,6.0230174
4,420,21.6,22.971334,1,1,23.39247016906738,9.398043
4,45,33.0,33.419,1,1,23.39247016906738,16.48893
4,1904,2.34,6.6839266,1,1,23.39247016906738,11.2287
4,252,16.2,19.474861,1,1,23.39247016906738,11.964972
4,1905,99.0,102.092,1,1,23.39247016906738,34.716858
4,49,52.0,69.175674,0,1,23.39247016906738,67.017624
4,285,7.15,8.839416,1,1,23.39247016906738,9.905374
4,1332,83.9,81.54456,1,1,23.39247016906738,13.275202
4,1329,0.4785,0.83275604,1,1,23.39247016906738,2.2089665
4,216,22.25,25.728384,1,1,23.39247016906738,30.768589
4,686,77.1,64.0492,0,0,23.39247016906738,17.43242
4,1910,29.7,68.638596,0,0,23.39247016906738,43.077168
4,1154,26.9,42.686337,0,1,23.39247016906738,32.128887
4,731,17.2,16.427557,1,1,23.39247016906738,16.540245
4,1332,46.5,44.56305,1,1,23.39247016906738,43.00314
4,136,9.45,8.996479,1,1,23.39247016906738,4.8469524
4,1436,7.85,6.2315316,1,1,23.39247016906738,6.015261
4,953,1.34,2.482568,1,1,23.39247016906738,6.545631
4,42,28.6,25.598518,1,1,23.39247016906738,21.96893
4,409,2.11,3.524133,1,1,23.39247016906738,4.516017
4,1916,0.48,1.8657143,1,1,23.39247016906738,5.3863044
4,878,91.8,88.26219,1,1,23.39247016906738,17.140766
4,52,75.0,82.88114,1,1,23.39247016906738,43.094765
4,42,13.0,23.17045,1,1,23.39247016906738,31.310743
4,252,22.0,20.227978,1,1,23.39247016906738,13.631468
4,1448,2.15,2.3856149,1,1,23.39247016906738,3.361646
4,285,14.4,15.875025,1,1,23.39247016906738,6.4424076
4,1922,92.0,51.392574,0,0,23.39247016906738,66.96191
4,423,1.9,5.190795,1,0,23.39247016906738,3.363445
4,1803,2.47,1.580359,1,1,23.39247016906738,2.5597045
4,1924,5.245,2.8332098,1,1,23.39247016906738,5.1028028
4,1277,22.1,23.810701,1,1,23.39247016906738,27.849953
4,1926,89.9,79.93914,1,1,23.39247016906738,29.105822
4,282,37.75,35.053402,1,1,23.39247016906738,7.126982
4,262,2.67,3.4888902,1,1,23.39247016906738,2.8773272
4,1436,5.26,4.490427,1,1,23.39247016906738,6.6410155
4,594,13.6,11.729502,1,1,23.39247016906738,4.8935575
4,41,2.48,4.4273577,1,1,23.39247016906738,4.1886296
4,504,18.75,17.244768,1,1,23.39247016906738,5.617098
4,42,12.6,16.07843,1,1,23.39247016906738,21.077364
4,65,8.71,7.123218,1,1,23.39247016906738,17.795923
4,403,8.77,5.3132024,1,0,23.39247016906738,6.721123
4,49,13.9,13.256008,1,1,23.39247016906738,35.916283
4,925,76.5,70.29734,1,1,23.39247016906738,19.480637
4,392,13.1,11.655282,1,1,23.39247016906738,5.298426
4,1137,25.0,24.754868,1,1,23.39247016906738,10.637551
4,1848,1.937,3.116036,1,0,23.39247016906738,1.6137
4,1223,53.9,39.41578,0,1,23.39247016906738,54.560028
4,333,8.1,5.5986357,1,0,23.39247016906738,4.327449
4,965,12.8,22.420717,1,1,23.39247016906738,24.942465
4,1404,3.965,3.1994848,1,1,23.39247016906738,4.4578705
4,1929,7.0,7.494772,1,1,23.39247016906738,16.390541
4,565,21.1,11.857957,1,0,23.39247016906738,9.345527
4,1597,73.0,59.86605,0,1,23.39247016906738,35.60974
4,229,5.47,5.5659933,1,1,23.39247016906738,9.30187
4,504,18.1,16.950274,1,1,23.39247016906738,5.6395364
4,361,3.8,7.6305666,1,0,23.39247016906738,6.720939
4,992,7.86,3.188281,1,0,23.39247016906738,1.7460653
4,1329,0.41,0.83275604,1,1,23.39247016906738,2.2089665
4,71,89.2,89.68236,1,1,23.39247016906738,18.332878
4,1938,2.5,2.7196918,1,1,23.39247016906738,5.6466722
4,476,67.04,63.741493,1,1,23.39247016906738,64.52943
4,1941,2.28,2.5214775,1,1,23.39247016906738,2.6099286
4,153,77.2,66.69602,1,1,23.39247016906738,42.446922
4,42,18.0,22.936214,1,1,23.39247016906738,26.617378
4,411,49.3,35.550117,0,1,23.39247016906738,47.010483
4,66,73.0,71.01213,1,1,23.39247016906738,37.080563
4,204,9.0,13.55722,1,1,23.39247016906738,15.375291
4,31,79.4,57.56074,0,0,23.39247016906738,6.703187
4,1946,11.8,18.273129,1,1,23.39247016906738,41.90032
4,42,1.0,14.817548,0,1,23.39247016906738,39.73897
4,1277,34.5,27.096636,1,1,23.39247016906738,27.343721
4,74,37.9,42.874245,1,1,23.39247016906738,80.6434
4,1947,0.628,0.6741814,1,1,23.39247016906738,5.88295
4,1100,25.3,18.200994,1,1,23.39247016906738,25.89379
4,1554,28.5,26.80937,1,1,23.39247016906738,13.891777
4,65,25.5,18.609737,1,1,23.39247016906738,23.942553
4,1949,1.65,3.0824292,1,1,23.39247016906738,5.610948
4,656,92.0,89.25379,1,1,23.39247016906738,35.947742
4,42,15.7,20.818832,1,1,23.39247016906738,28.395332
4,172,9.77,3.7448678,1,0,23.39247016906738,10.95417
4,66,28.5,33.074966,1,1,23.39247016906738,21.134945
4,49,2.99,21.104048,0,1,23.39247016906738,38.88463
4,897,0.025,1.1826961,1,1,23.39247016906738,3.7639248
4,1954,0.37,3.6072893,1,1,23.39247016906738,12.740589
4,1220,3.0,5.474904,1,1,23.39247016906738,7.042843
4,1511,21.0,29.121422,1,1,23.39247016906738,39.50239
4,1491,2.92,6.820107,1,1,23.39247016906738,11.769802
4,1366,0.95,1.3970039,1,1,23.39247016906738,2.616657
4,1957,0.46,1.7122984,1,1,23.39247016906738,6.6045723
4,1866,6.63,4.2702456,1,0,23.39247016906738,4.298204
4,78,4.11,7.328955,1,0,23.39247016906738,3.5532742
4,74,49.3,60.605736,1,1,23.39247016906738,39.051327
4,131,2.2,3.2878106,1,1,23.39247016906738,8.192641
4,153,75.0,65.588005,1,1,23.39247016906738,36.416294
4,1844,31.4,29.929409,1,1,23.39247016906738,16.513494
4,252,24.0,19.212856,1,1,23.39247016906738,11.531064
4,1960,3.08,2.132633,1,1,23.39247016906738,3.1643748
4,953,0.37,2.5251288,1,1,23.39247016906738,7.704471
4,681,2.09,2.6643143,1,1,23.39247016906738,2.9880354
4,1149,1.87,1.8910846,1,1,23.39247016906738,4.0722466
4,172,6.57,4.8117676,1,1,23.39247016906738,13.9931135
4,1962,8.5,5.2629447,1,1,23.39247016906738,22.457237
4,640,15.9,21.05141,1,1,23.39247016906738,14.866179
4,1686,90.65,87.33604,1,1,23.39247016906738,16.49839
4,573,4.81,5.9579935,1,1,23.39247016906738,13.883438
4,1967,2.99,8.721818,1,1,23.39247016906738,122.29846
4,356,7.375,8.831011,1,1,23.39247016906738,10.386619
4,157,0.13,0.96209794,1,1,23.39247016906738,5.2412224
4,1866,5.57,4.3057585,1,1,23.39247016906738,4.8776064
4,1881,24.0,28.645407,1,1,23.39247016906738,45.527046
4,1970,0.78,1.8068024,1,1,23.39247016906738,5.4339266
4,510,88.4,82.89628,1,1,23.39247016906738,31.555143
4,248,7.5,5.2116714,1,1,23.39247016906738,12.724698
4,1971,3.476666667,2.1237514,1,1,23.39247016906738,4.1945505
4,878,20.0,61.24422,0,0,23.39247016906738,47.42568
4,1973,1.95,2.9506934,1,1,23.39247016906738,6.549289
4,511,3.34,4.2328053,1,1,23.39247016906738,5.722727
4,970,6.2,6.4369297,1,1,23.39247016906738,6.829591
4,203,13.6,16.70152,1,1,23.39247016906738,13.012564
4,1979,13.0,10.94636,1,1,23.39247016906738,12.403111
4,356,8.27,4.127506,1,0,23.39247016906738,6.1469913
4,1843,0.03,0.56239396,1,1,23.39247016906738,1.6030394
4,1175,0.0682,0.38657218,1,1,23.39247016906738,2.2564206
4,1687,0.26,10.115611,1,1,23.39247016906738,30.320057
4,1983,13.4,13.310581,1,1,23.39247016906738,9.003571
4,204,18.0,12.364559,1,1,23.39247016906738,11.7682
4,1985,5.5,15.100402,1,0,23.39247016906738,8.896124
4,1986,5.9,2.9583447,1,0,23.39247016906738,5.1896076
4,1386,77.0,78.5139,1,1,23.39247016906738,42.025208
4,1989,8.9,7.391014,1,1,23.39247016906738,6.7119308
4,895,7.34,5.73939,1,1,23.39247016906738,5.74748
4,1572,0.584,0.52526414,1,1,23.39247016906738,0.4815061
4,172,5.26,4.097736,1,1,23.39247016906738,8.408384
4,893,1.34,4.9238844,1,0,23.39247016906738,3.6896439
4,401,3.325,3.0325804,1,1,23.39247016906738,5.189683
4,1993,6.55,5.0335264,1,1,23.39247016906738,9.464837
4,567,17.78333333,17.545662,1,1,23.39247016906738,6.2451453
4,153,69.5,78.881355,1,1,23.39247016906738,40.27115
4,273,24.0,18.517048,1,1,23.39247016906738,36.584423
4,1996,11.7,11.558859,1,1,23.39247016906738,6.3815465
4,1669,16.45,26.453247,1,1,23.39247016906738,40.962933
4,28,12.0,54.42716,0,0,23.39247016906738,67.5831
4,1332,37.7,46.000237,1,1,23.39247016906738,40.94621
4,289,7.5,5.0832233,1,1,23.39247016906738,8.638877
4,1997,9.25,2.7006023,1,0,23.39247016906738,5.1667247
4,179,4.9,6.5908394,1,1,23.39247016906738,6.865724
4,331,21.13333333,16.097746,1,0,23.39247016906738,8.652107
4,449,2.4,4.695419,1,1,23.39247016906738,6.692192
4,331,15.8,16.3201,1,1,23.39247016906738,8.434352
4,58,4.7,9.07275,1,1,23.39247016906738,130.74791
4,1209,14.6,9.072487,1,0,23.39247016906738,10.348731
4,74,91.8,47.246956,0,0,23.39247016906738,78.11185
4,2003,4.0,3.3541374,1,1,23.39247016906738,6.5332685
4,2004,5.5,11.359559,1,1,23.39247016906738,29.24041
4,1608,0.32,0.5801808,1,1,23.39247016906738,3.4106343
4,74,52.6,45.71899,1,1,23.39247016906738,71.0868
4,286,51.7,45.647797,1,1,23.39247016906738,37.608242
4,1304,0.18,2.2113037,1,1,23.39247016906738,4.921984
4,42,34.8,29.563253,1,1,23.39247016906738,16.261023
4,1311,36.5,17.070118,0,0,23.39247016906738,23.512321
4,970,6.2,6.4369297,1,1,23.39247016906738,6.829591
4,1249,56.0,58.75585,1,1,23.39247016906738,44.093483
4,153,29.0,44.588123,0,1,23.39247016906738,34.608418
4,2007,9.42,6.6366034,1,1,23.39247016906738,5.585105
4,436,28.0,55.28061,0,1,23.39247016906738,64.49632
4,604,13.3,13.457698,1,1,23.39247016906738,5.397425
4,970,6.2,6.4369297,1,1,23.39247016906738,6.829591
4,331,13.9,16.378504,1,1,23.39247016906738,8.434352
4,1019,27.1625,28.000423,1,1,23.39247016906738,21.690166
4,420,22.1,22.739405,1,1,23.39247016906738,8.561936
4,182,1.85,3.9617765,1,0,23.39247016906738,4.048394
4,1664,66.0,31.572113,0,0,23.39247016906738,37.156998
4,286,72.6,60.407784,0,1,23.39247016906738,30.032494
4,2016,72.0,72.50392,1,1,23.39247016906738,30.656412
4,49,21.8,12.9216,1,1,23.39247016906738,35.61303
4,2017,0.018,3.103638,1,1,23.39247016906738,6.810937
4,1219,7.0,9.644578,1,1,23.39247016906738,15.584785
4,2018,116.0,114.12012,1,1,23.39247016906738,31.786247
4,2019,7.8,7.967431,1,1,23.39247016906738,7.2737317
4,216,39.0,20.207811,0,0,23.39247016906738,33.46183
4,604,8.1,11.850199,1,0,23.39247016906738,5.2401023
4,76,6.6,6.5717206,1,1,23.39247016906738,8.628632
4,725,29.4,48.63378,0,1,23.39247016906738,77.99886
4,24,37.0,27.71086,1,0,23.39247016906738,16.37497
4,1209,14.0,9.085849,1,0,23.39247016906738,9.791373
4,476,77.5,54.322994,0,0,23.39247016906738,46.239914
4,2021,3.2,4.2232924,1,1,23.39247016906738,6.9618216
4,1040,0.246,2.1564364,1,1,23.39247016906738,4.42053
4,992,4.55,3.1240945,1,0,23.39247016906738,2.4296186
4,1386,78.0,78.20575,1,1,23.39247016906738,17.999788
4,2025,45.2,58.818386,0,1,23.39247016906738,38.314156
4,675,77.3,59.634415,0,1,23.39247016906738,49.636234
4,1664,75.0,32.677288,0,0,23.39247016906738,35.957306
4,1120,0.072,2.6666076,1,1,23.39247016906738,10.855396
4,354,6.42,3.6882496,1,1,23.39247016906738,7.6448603
4,736,7.663333333,7.7761087,1,1,23.39247016906738,5.508728
4,221,16.8,13.056564,1,1,23.39247016906738,21.352163
4,1491,6.6,6.026092,1,1,23.39247016906738,13.551617
4,328,1.35,3.670505,1,0,23.39247016906738,4.463228
4,1597,60.0,77.577324,0,0,23.39247016906738,32.02139
4,356,1.694,4.5397162,1,0,23.39247016906738,4.6728
4,2035,0.46,2.5992072,1,1,23.39247016906738,126.713554
4,897,0.09,1.0576055,1,1,23.39247016906738,2.9683156
4,2041,3.7,3.416385,1,1,23.39247016906738,9.047582
4,175,1.34,9.968803,1,1,23.39247016906738,19.402895
4,65,21.1,11.091664,1,1,23.39247016906738,20.60602
4,750,4.05,5.976311,1,1,23.39247016906738,5.887542
4,315,37.1,37.179695,1,1,23.39247016906738,5.663276
4,31,44.0,59.967785,0,0,23.39247016906738,25.757006
4,604,18.6,9.981291,1,0,23.39247016906738,13.091211
4,604,8.15,11.032666,1,0,23.39247016906738,4.8125105
4,708,13.0,25.894764,0,1,23.39247016906738,52.999996
4,2045,20.0,20.844757,1,1,23.39247016906738,19.055592
4,1137,26.9,24.742886,1,1,23.39247016906738,8.12979
4,153,52.3,47.0768,1,1,23.39247016906738,75.3227
4,1463,11.32,9.365768,1,1,23.39247016906738,4.9554763
4,49,29.0,18.28756,1,1,23.39247016906738,38.26125
4,2049,70.0,54.02595,0,1,23.39247016906738,44.587406
4,922,5.65,7.2155805,1,1,23.39247016906738,7.9586353
4,434,0.65,5.4985323,1,0,23.39247016906738,4.385187
4,1019,7.225,25.717768,0,0,23.39247016906738,20.05663
4,930,1.67,5.630546,1,1,23.39247016906738,10.514291
4,333,8.2,5.7923117,1,0,23.39247016906738,4.2551622
4,2054,3.5,3.4482749,1,1,23.39247016906738,6.4960175
4,1768,10.1,9.295196,1,1,23.39247016906738,6.3520193
4,2057,25.05,29.919483,1,0,23.39247016906738,9.293463
4,2059,5.08,3.5612483,1,1,23.39247016906738,4.9701385
4,2060,47.8,60.10286,0,1,23.39247016906738,36.16941
4,2061,9.0,8.4541645,1,1,23.39247016906738,6.1751246
4,36,76.5,80.15016,1,1,23.39247016906738,18.291176
4,691,0.5,4.439763,1,1,23.39247016906738,66.642624
4,2065,1.06,2.6451151,1,0,23.39247016906738,2.79178
4,286,28.5,43.46129,0,1,23.39247016906738,39.019596
4,2068,2.87,1.7248119,1,1,23.39247016906738,8.454016
4,2069,0.6,2.0988247,1,1,23.39247016906738,4.4149942
4,411,86.6,82.69061,1,1,23.39247016906738,23.205507
4,597,0.385,0.39654619,1,1,23.39247016906738,2.2262292
4,42,15.0,6.9296923,1,1,23.39247016906738,39.93254
4,66,27.0,32.595325,1,1,23.39247016906738,21.4193
4,74,91.9,83.74852,1,1,23.39247016906738,37.745903
4,1685,0.75,0.69965416,1,1,23.39247016906738,1.6030394
4,338,47.2,30.062126,0,0,23.39247016906738,25.090061
4,31,53.0,56.538834,1,1,23.39247016906738,18.510752
4,1670,2.705,18.86376,0,1,23.39247016906738,41.253742
4,675,47.0,57.77992,1,1,23.39247016906738,57.762108
4,252,26.0,19.3373,1,0,23.39247016906738,12.375651
4,1843,0.15,0.56239396,1,1,23.39247016906738,1.6030394
4,1108,15.425,16.85602,1,1,23.39247016906738,8.223673
4,813,1.0,2.4147313,1,1,23.39247016906738,6.5052176
4,788,43.0,77.06329,0,1,23.39247016906738,76.00259
4,253,31.9,17.414848,0,0,23.39247016906738,25.830534
4,268,6.08,5.103389,1,1,23.39247016906738,4.688979
4,286,25.93,54.196304,0,0,23.39247016906738,41.89294
4,2080,1.1125,1.1931553,1,1,23.39247016906738,30.543047
4,216,29.5,23.55706,1,1,23.39247016906738,36.246975
4,2081,91.0,86.239365,1,1,23.39247016906738,11.557726
4,2082,2.97,1.6062135,1,1,23.39247016906738,4.171146
4,2083,0.770428571,0.80050224,1,1,23.39247016906738,1.7256819
4,829,3.47,4.1759076,1,1,23.39247016906738,5.2138996
4,182,0.4,3.3349934,1,0,23.39247016906738,4.538316
4,476,65.64,59.84206,1,1,23.39247016906738,59.147556
4,829,0.095,3.221808,1,1,23.39247016906738,7.3978977
4,49,80.0,55.0006,0,1,23.39247016906738,57.719463
4,694,63.3,70.84943,1,1,23.39247016906738,95.16749
4,36,9.0,65.95079,0,0,23.39247016906738,32.253944
4,1475,33.85,50.795284,0,0,23.39247016906738,24.303867
4,2092,0.925,2.3943675,1,1,23.39247016906738,14.294335
4,71,33.0,76.63168,0,0,23.39247016906738,43.68479
4,1597,71.0,60.723183,1,1,23.39247016906738,35.368183
4,357,2.12,3.8818796,1,1,23.39247016906738,3.712363
4,2095,3.0,2.781116,1,1,23.39247016906738,36.106087
4,2097,11.1,9.021274,1,1,23.39247016906738,14.51949
4,2098,11.8,4.8674088,1,0,23.39247016906738,6.101824
4,36,25.6,68.40013,0,0,23.39247016906738,36.6192
4,417,60.0,85.86862,0,0,23.39247016906738,42.0923
4,72,6.97,5.47814,1,1,23.39247016906738,4.180699
4,597,0.27,0.45072743,1,1,23.39247016906738,2.366032
4,65,29.5,15.549784,0,0,23.39247016906738,20.083153
4,774,88.0,89.232376,1,1,23.39247016906738,36.271267
4,2101,30.3,22.973368,1,0,23.39247016906738,8.739336
4,1199,40.0,48.535145,1,1,23.39247016906738,45.397354
4,189,10.3,3.856507,1,0,23.39247016906738,6.7184134
4,495,4.86,3.0471225,1,1,23.39247016906738,6.461412
4,261,30.2,47.346844,0,1,23.39247016906738,58.486588
4,216,8.0,27.85172,0,0,23.39247016906738,28.972837
4,261,68.2,60.548832,1,1,23.39247016906738,19.665024
4,2106,1.03,2.2275956,1,1,23.39247016906738,7.6194167
4,354,1.6,3.5708997,1,1,23.39247016906738,8.375456
4,144,8.116666667,4.706131,1,1,23.39247016906738,6.9512353
4,1783,3.5,3.227834,1,1,23.39247016906738,4.356222
4,993,5.59,10.788332,1,0,23.39247016906738,8.286099
4,189,6.556666667,4.495901,1,1,23.39247016906738,5.9938974
4,1924,6.72,3.2134545,1,0,23.39247016906738,5.324919
4,2110,2.23,3.0936608,1,1,23.39247016906738,4.8720975
4,2112,14.5,7.2459126,1,0,23.39247016906738,5.3272414
4,210,38.4,37.082924,1,1,23.39247016906738,12.006756
4,401,3.9,2.8610067,1,1,23.39247016906738,3.9478545
4,1094,1.3,4.9267526,1,0,23.39247016906738,6.752564
4,1498,68.3,52.17508,0,1,23.39247016906738,46.85082
4,1172,4.0,3.1415641,1,1,23.39247016906738,6.40368
4,1782,5.41,2.2966375,1,0,23.39247016906738,5.0185566
4,71,26.0,64.37712,0,0,23.39247016906738,28.032148
4,2116,0.65,16.005533,0,1,23.39247016906738,34.4674
4,1701,2.8,3.5124903,1,1,23.39247016906738,4.0716
4,2118,44.0,41.36301,1,1,23.39247016906738,57.4472
4,216,40.0,24.17051,0,0,23.39247016906738,16.91036
4,555,19.0,20.051584,1,1,23.39247016906738,36.54138
4,65,28.8,20.244844,1,1,23.39247016906738,23.956512
4,286,15.0,37.709824,0,0,23.39247016906738,39.50843
4,992,10.26,3.0018587,1,0,23.39247016906738,1.7065326
4,115,5.8,6.5188847,1,1,23.39247016906738,3.3008943
4,600,26.0,4.107922,0,1,23.39247016906738,61.16453
4,2126,2.1,4.124558,1,1,23.39247016906738,5.350994
4,2127,17.6,16.666643,1,1,23.39247016906738,20.10123
4,71,64.0,85.47199,0,0,23.39247016906738,9.804716
4,973,16.2,12.100327,1,0,23.39247016906738,5.126483
4,286,59.3,58.72342,1,1,23.39247016906738,43.01056
4,370,16.25,14.124481,1,1,23.39247016906738,8.405155
4,486,26.0,40.76779,0,1,23.39247016906738,43.053658
4,401,3.12,2.8910987,1,1,23.39247016906738,5.7856054
4,1442,3.5,1.3177029,1,1,23.39247016906738,6.1375346
4,2097,10.27666667,8.637477,1,1,23.39247016906738,13.95122
4,65,28.96666667,21.891453,1,1,23.39247016906738,25.332012
4,1387,32.0,17.386833,0,1,23.39247016906738,81.97904
4,2135,14.3,4.2850013,1,0,23.39247016906738,8.633373
4,65,25.0,18.609737,1,1,23.39247016906738,23.903063
4,1226,1.895,6.9374332,1,1,23.39247016906738,21.582926
4,42,2.8,12.544699,1,1,23.39247016906738,27.167686
4,115,3.925,5.340569,1,1,23.39247016906738,3.3147562
4,993,14.0,13.262318,1,1,23.39247016906738,8.201918
4,1137,26.5,24.742065,1,1,23.39247016906738,6.9572444
4,216,39.25,32.91658,1,1,23.39247016906738,15.64714
4,930,3.05,4.6273413,1,1,23.39247016906738,6.3324656
4,630,5.97,4.4721613,1,1,23.39247016906738,11.828903
4,2140,6.78,5.1507626,1,1,23.39247016906738,6.9797006
4,229,3.07,4.8428683,1,1,23.39247016906738,20.094564
4,24,34.0,27.17846,1,0,23.39247016906738,12.962736
4,391,41.3,69.70868,0,0,23.39247016906738,46.3155
4,285,8.2,10.264696,1,1,23.39247016906738,7.195626
4,161,8.9,9.01374,1,1,23.39247016906738,4.9322376
4,1782,6.52,2.3857224,1,0,23.39247016906738,6.633036
4,42,2.3,22.338879,0,0,23.39247016906738,30.033018
4,172,6.1,5.5654473,1,1,23.39247016906738,13.296309
4,1125,0.09,0.11551801,1,1,23.39247016906738,2.401303
4,1443,2.4,1.9489367,1,1,23.39247016906738,2.7795947
4,785,1.2,1.8180171,1,1,23.39247016906738,6.0038867
4,216,33.55,30.758968,1,1,23.39247016906738,21.43581
4,492,5.66,3.0124168,1,0,23.39247016906738,4.5027113
4,2147,5.8,3.6918588,1,1,23.39247016906738,5.669965
4,286,26.0,39.734455,0,1,23.39247016906738,39.69089
4,1618,66.4,58.250793,1,1,23.39247016906738,63.667202
4,1019,24.3,28.272945,1,1,23.39247016906738,21.690166
4,555,18.2,18.540108,1,1,23.39247016906738,40.239212
4,654,7.0,7.22072,1,1,23.39247016906738,11.255917
4,161,7.6,8.260407,1,1,23.39247016906738,5.319006
4,1049,3.48,3.9163146,1,1,23.39247016906738,6.128377
4,42,19.06666667,20.889822,1,1,23.39247016906738,27.741043
4,2152,0.5,3.4416547,1,1,23.39247016906738,12.492562
4,434,1.58,6.5167966,1,0,23.39247016906738,4.8213663
4,1137,15.0,32.902515,0,0,23.39247016906738,33.385033
4,492,3.16,2.6804852,1,1,23.39247016906738,3.8166618
4,2158,19.0,24.641737,1,1,23.39247016906738,29.26484
4,136,10.775,8.860952,1,0,23.39247016906738,3.4353085
4,675,38.0,50.60692,0,1,23.39247016906738,66.72948
4,567,7.6,11.286087,1,1,23.39247016906738,8.948071
4,286,5.2,34.263943,0,0,23.39247016906738,49.89717
4,49,29.0,15.144299,0,1,23.39247016906738,32.934425
4,571,22.6,8.854901,0,0,23.39247016906738,7.6178393
4,420,16.1,22.854044,1,0,23.39247016906738,9.275038
4,495,6.75,3.3893108,1,0,23.39247016906738,6.455778
4,153,83.5,87.38544,1,1,23.39247016906738,18.071865
4,1056,0.42,2.8328798,1,0,23.39247016906738,3.2404253
4,49,9.7,13.675676,1,1,23.39247016906738,57.928417
4,276,77.0,77.295364,1,1,23.39247016906738,40.639683
4,286,14.4,54.746243,0,0,23.39247016906738,35.274574
4,487,28.0,61.789772,0,0,23.39247016906738,34.479153
4,2065,1.64,0.70531327,1,1,23.39247016906738,2.9866488
4,216,35.5,27.488508,1,1,23.39247016906738,39.336002
4,1838,35.8,31.096983,1,1,23.39247016906738,17.951244
4,74,61.7,78.35293,0,0,23.39247016906738,21.593039
4,601,0.0138,1.4664408,1,0,23.39247016906738,2.584736
4,2163,8.6,5.0900226,1,1,23.39247016906738,7.052612
4,401,2.61,2.1254003,1,1,23.39247016906738,3.709616
4,830,55.0,66.20584,1,1,23.39247016906738,35.0317
4,2165,0.205,4.4034786,1,1,23.39247016906738,9.710404
4,74,79.0,75.53846,1,1,23.39247016906738,61.182472
4,330,3.09,2.4807916,1,1,23.39247016906738,2.8600547
4,965,27.85,27.522062,1,1,23.39247016906738,31.642445
4,717,14.5,17.879723,1,1,23.39247016906738,10.093587
4,28,16.0,61.436634,0,0,23.39247016906738,46.045376
4,31,15.5,49.56766,0,0,23.39247016906738,47.52553
4,78,4.11,5.8098345,1,1,23.39247016906738,4.594541
4,1946,43.5,25.943375,0,1,23.39247016906738,39.749638
4,286,59.0,57.125748,1,1,23.39247016906738,44.717045
4,947,50.09,45.654156,1,1,23.39247016906738,58.254997
4,66,23.5,32.595325,1,1,23.39247016906738,21.4193
4,362,19.3,42.46215,0,0,23.39247016906738,20.12544
4,1300,8.2,4.374851,1,1,23.39247016906738,9.981092
4,979,2.8,4.5577774,1,1,23.39247016906738,12.048654
4,2171,2.3,3.6215377,1,1,23.39247016906738,7.688303
4,2172,5.0,5.6280465,1,1,23.39247016906738,5.209215
4,2173,18.2,17.580427,1,1,23.39247016906738,4.7701416
4,227,2.28,0.54736924,1,0,23.39247016906738,2.7269382
4,1924,4.655,2.772216,1,1,23.39247016906738,4.900753
4,2174,1.64,1.7164029,1,1,23.39247016906738,4.221572
4,189,2.86,3.9610112,1,1,23.39247016906738,7.4021277
4,1149,4.91,2.2244,1,0,23.39247016906738,4.3282604
4,2175,3.72,5.0062156,1,1,23.39247016906738,4.8283863
4,2177,14.2,18.94093,1,1,23.39247016906738,13.429973
4,273,28.1,15.042617,0,1,23.39247016906738,34.757698
4,2057,25.5,31.09079,1,0,23.39247016906738,10.225057
4,2180,4.1,2.6614215,1,1,23.39247016906738,8.659769
4,2184,4.76,26.007563,0,0,23.39247016906738,17.583195
4,289,2.53,2.2738898,1,1,23.39247016906738,3.9017513
4,1152,13.0,22.590233,1,1,23.39247016906738,37.1496
4,42,1.2,13.309503,0,1,23.39247016906738,25.750425
4,42,20.0,22.907322,1,1,23.39247016906738,27.4365
4,2188,11.0,29.325766,0,0,23.39247016906738,21.979519
4,2189,22.7,25.290136,1,1,23.39247016906738,17.58682
4,1872,5.015,3.5598238,1,1,23.39247016906738,6.193155
4,934,3.0,2.4574819,1,1,23.39247016906738,6.0228662
4,2193,1.51,2.3271449,1,1,23.39247016906738,7.126225
4,495,6.814619048,3.5231135,1,0,23.39247016906738,6.504262
4,286,85.9,67.02605,0,0,23.39247016906738,18.058758
4,2195,1.95,1.7750561,1,1,23.39247016906738,1.5264145
4,1879,7.1,14.285356,1,1,23.39247016906738,26.837328
4,338,44.9,30.062126,0,0,23.39247016906738,25.090061
4,1941,1.96,2.5243182,1,1,23.39247016906738,2.6099286
4,221,19.8,13.042255,1,1,23.39247016906738,18.492846
4,67,2.04,2.7694547,1,1,23.39247016906738,3.857344
4,2198,4.25,3.1064868,1,1,23.39247016906738,12.338247
4,784,2.9,6.615641,1,1,23.39247016906738,8.038329
4,436,32.0,43.530792,1,1,23.39247016906738,32.595303
4,669,1.5,2.044846,1,1,23.39247016906738,4.8638906
4,236,79.8,81.92696,1,1,23.39247016906738,24.394936
4,216,26.4,26.249132,1,1,23.39247016906738,22.489586
4,2201,14.3,11.182663,1,1,23.39247016906738,37.810844
4,2202,17.8,16.131378,1,1,23.39247016906738,7.3689985
4,1056,1.93,2.7329805,1,1,23.39247016906738,2.694474
4,66,32.2,30.572575,1,1,23.39247016906738,34.466106
4,1152,19.0,23.790497,1,1,23.39247016906738,40.000134
4,261,21.6,33.53517,0,1,23.39247016906738,103.860115
4,236,19.0,50.804188,0,0,23.39247016906738,54.15043
4,2205,2.91,5.206664,1,1,23.39247016906738,6.7185755
4,154,1.2,2.8230565,1,0,23.39247016906738,3.0288794
4,573,0.03,3.4854255,1,1,23.39247016906738,13.647919
4,74,67.8,72.0435,1,1,23.39247016906738,41.812683
4,216,42.5,53.74637,1,1,23.39247016906738,69.606445
4,356,5.7,8.377066,1,1,23.39247016906738,6.199265
4,1284,1.35,1.5709078,1,1,23.39247016906738,5.168684
4,2214,2.86,2.9307044,1,1,23.39247016906738,3.534965
4,236,92.5,74.33872,0,0,23.39247016906738,34.668236
4,204,32.0,17.628649,0,0,23.39247016906738,12.397217
4,222,0.061,1.6601052,1,1,23.39247016906738,3.880252
4,417,43.0,90.914185,0,0,23.39247016906738,34.89468
4,2217,0.324,2.4201198,1,1,23.39247016906738,6.584433
4,2218,14.4,20.300009,1,0,23.39247016906738,4.695061
4,392,12.1,11.8844385,1,1,23.39247016906738,3.8582366
4,2081,78.0,77.595474,1,1,23.39247016906738,24.083975
4,1725,0.75,0.84304297,1,1,23.39247016906738,7.0580935
4,2220,13.0,16.425972,1,1,23.39247016906738,20.138136
4,391,83.0,59.077187,0,1,23.39247016906738,60.816193
4,273,36.0,30.73894,1,1,23.39247016906738,66.119255
4,2189,14.8,24.169012,1,0,23.39247016906738,16.865118
4,65,28.1,20.68657,1,1,23.39247016906738,24.369287
4,153,78.0,73.809555,1,1,23.39247016906738,16.144745
4,1700,3.9,4.42357,1,1,23.39247016906738,5.643626
4,2221,1.625,3.288385,1,1,23.39247016906738,25.09687
4,742,14.5,10.85838,1,0,23.39247016906738,5.8439193
4,2222,75.0,73.023575,1,1,23.39247016906738,29.978226
4,1167,4.78,3.8681095,1,1,23.39247016906738,3.2448997
4,2224,0.9,3.6848135,1,0,23.39247016906738,3.5754545
4,67,1.42,1.8310933,1,1,23.39247016906738,3.7604775
4,1791,1.92,2.0512633,1,1,23.39247016906738,2.6242445
4,144,7.895,4.0848837,1,0,23.39247016906738,6.9512353
4,31,14.0,52.341038,0,0,23.39247016906738,29.495405
4,476,65.36,58.848236,1,1,23.39247016906738,59.095764
4,330,3.11,2.4807916,1,1,23.39247016906738,2.8600547
4,2228,40.0,57.391926,0,1,23.39247016906738,48.364513
4,1152,6.0,20.23896,0,1,23.39247016906738,33.41434
4,203,9.5,13.534008,1,1,23.39247016906738,12.381034
4,2231,2.6,2.4816923,1,1,23.39247016906738,5.1070704
4,1235,54.0,67.368286,0,1,23.39247016906738,44.72062
4,2232,2.8,3.7876668,1,1,23.39247016906738,10.783493
4,2140,7.0,3.9675994,1,0,23.39247016906738,5.8065567
4,315,25.1,32.678566,1,0,23.39247016906738,4.7376156
4,953,1.88,2.5826068,1,1,23.39247016906738,6.2868233
4,58,4.48,3.7377055,1,1,23.39247016906738,132.01984
4,49,89.6,76.06253,0,1,23.39247016906738,52.2487
4,1866,2.46,4.309179,1,1,23.39247016906738,4.089209
4,36,40.0,36.75483,1,1,23.39247016906738,32.920773
4,347,81.0,88.01936,1,1,23.39247016906738,21.816093
4,813,2.92,2.662647,1,1,23.39247016906738,6.796581
4,1154,33.0,36.442734,1,1,23.39247016906738,23.220072
4,203,15.5,17.663393,1,1,23.39247016906738,11.278634
4,898,62.0,70.82465,1,1,23.39247016906738,40.695606
4,665,15.0,32.600555,0,1,23.39247016906738,60.228325
4,392,12.22,11.808035,1,1,23.39247016906738,5.298426
4,1199,35.0,46.094933,1,1,23.39247016906738,50.248486
4,67,3.04,2.8038404,1,1,23.39247016906738,3.3981466
4,798,11.8,10.555543,1,1,23.39247016906738,4.2735877
4,233,1.36,2.222901,1,1,23.39247016906738,4.459363
4,714,3.88,3.4127226,1,1,23.39247016906738,3.7189448
4,1028,21.4,26.676275,1,1,23.39247016906738,21.40964
4,286,44.1,45.701588,1,1,23.39247016906738,44.167652
4,1883,2.955,3.396284,1,1,23.39247016906738,3.423725
4,2239,5.3,13.717497,1,1,23.39247016906738,16.990124
4,1319,16.0,6.4764357,1,0,23.39247016906738,8.759436
4,90,23.9,30.692347,1,1,23.39247016906738,20.487244
4,2059,4.55,3.6020353,1,1,23.39247016906738,4.8899717
4,682,15.0,28.040096,0,1,23.39247016906738,33.859066
4,417,86.0,85.215256,1,1,23.39247016906738,66.758316
4,1249,34.0,53.365993,0,1,23.39247016906738,43.233578
4,2240,8.1,11.710573,1,1,23.39247016906738,9.981723
4,204,33.0,18.047773,0,0,23.39247016906738,13.650827
4,126,87.0,83.53615,1,1,23.39247016906738,24.629667
4,74,41.9,60.267403,0,1,23.39247016906738,51.723248
4,1048,29.0,16.486788,0,0,23.39247016906738,21.714298
4,1302,9.465833333,8.279267,1,1,23.39247016906738,6.63691
4,429,30.675,29.099209,1,1,23.39247016906738,13.216771
4,356,8.5,4.096172,1,0,23.39247016906738,5.6668763
4,126,82.5,81.93087,1,1,23.39247016906738,13.281956
4,829,4.4,4.0602655,1,1,23.39247016906738,4.945385
4,415,15.1,6.6195426,1,0,23.39247016906738,7.747323
4,90,17.8,30.72149,0,0,23.39247016906738,17.50799
4,632,1.25,1.2670716,1,1,23.39247016906738,4.82092
4,429,27.7,23.373419,1,1,23.39247016906738,17.121058
4,40,0.168,0.17224607,1,1,23.39247016906738,2.4068353
4,813,5.16,2.7762334,1,1,23.39247016906738,7.7947364
4,594,9.7,6.3103976,1,0,23.39247016906738,5.861251
4,810,29.9,22.819674,1,1,23.39247016906738,24.691013
4,1100,22.4,18.728794,1,1,23.39247016906738,25.029596
4,810,32.8,22.616886,1,0,23.39247016906738,19.043797
4,2252,5.64,8.121968,1,1,23.39247016906738,5.900498
4,2253,24.0,47.76161,0,0,23.39247016906738,46.581997
4,1108,16.0,19.608438,1,1,23.39247016906738,9.651538
4,45,30.0,32.74066,1,1,23.39247016906738,17.234701
4,286,27.4,57.98148,0,0,23.39247016906738,36.56436
4,1671,2.11,4.137298,1,1,23.39247016906738,5.571893
4,7,8.106666667,6.593633,1,1,23.39247016906738,10.605967
4,2257,76.5,65.16548,1,1,23.39247016906738,56.00514
4,417,40.0,92.012856,0,0,23.39247016906738,35.76208
4,328,4.25,4.4418697,1,1,23.39247016906738,8.837563
4,1697,1.6,4.8586206,1,0,23.39247016906738,5.4251857
4,1108,20.0,23.457708,1,1,23.39247016906738,8.36005
4,216,35.0,31.600414,1,1,23.39247016906738,18.933434
4,597,0.2,0.45072743,1,1,23.39247016906738,2.366032
4,74,57.9,84.426285,0,1,23.39247016906738,64.16967
4,1249,63.0,63.177727,1,1,23.39247016906738,37.60697
4,1226,13.3,12.434838,1,1,23.39247016906738,41.050262
4,2263,0.6,0.94093275,1,1,23.39247016906738,2.8185036
4,656,90.5,68.27237,0,1,23.39247016906738,65.79097
4,71,58.0,87.537964,0,0,23.39247016906738,34.714195
4,261,48.3,50.82562,1,1,23.39247016906738,52.90445
4,352,13.1,13.372396,1,1,23.39247016906738,6.6504707
4,1304,2.28,2.0108042,1,1,23.39247016906738,5.966661
4,65,27.6,22.790865,1,1,23.39247016906738,27.074726
4,391,79.5,57.357243,0,1,23.39247016906738,53.64697
4,1389,2.66,3.8441994,1,1,23.39247016906738,7.6759396
4,542,10.4,16.022465,1,1,23.39247016906738,36.02078
4,1989,8.9,7.391014,1,1,23.39247016906738,6.7119308
4,614,1.3,2.8783178,1,1,23.39247016906738,6.373588
4,74,93.2,80.078094,0,1,23.39247016906738,35.513096
4,640,24.2,27.662392,1,1,23.39247016906738,18.776867
4,1304,0.62,2.2398424,1,1,23.39247016906738,6.676788
4,2270,1.17,4.473356,1,0,23.39247016906738,3.979047
4,189,11.25,4.245035,1,0,23.39247016906738,5.84268
4,1844,31.3,25.708345,1,1,23.39247016906738,19.87403
4,2274,5.0,12.246807,1,1,23.39247016906738,25.57563
4,429,30.0,29.001877,1,1,23.39247016906738,13.193317
4,403,9.82,6.2652164,1,0,23.39247016906738,5.7380333
4,2275,12.0,17.618656,1,1,23.39247016906738,28.967726
4,247,41.0,32.40025,1,1,23.39247016906738,31.721003
4,2276,6.2,5.4709125,1,1,23.39247016906738,6.2644467
4,436,30.0,42.074818,0,1,23.39247016906738,41.752617
4,7,2.03,7.710549,1,0,23.39247016906738,8.984701
4,889,0.8,24.170988,0,1,23.39247016906738,48.57081
4,58,4.7,13.29805,1,1,23.39247016906738,120.94198
4,785,0.27,2.5774536,1,1,23.39247016906738,12.6483555
4,495,6.9,3.2324317,1,1,23.39247016906738,12.3129635
4,2279,3.02,2.6969676,1,1,23.39247016906738,4.1395082
4,618,9.12,6.3745575,1,1,23.39247016906738,8.097792
4,248,4.5,5.036494,1,1,23.39247016906738,16.746588
4,1167,4.5,4.9131165,1,1,23.39247016906738,1.9241276
4,2282,3.5,4.6616864,1,1,23.39247016906738,12.583506
4,1022,3.4,3.2716625,1,1,23.39247016906738,8.0051985
4,2174,1.63,2.0298388,1,1,23.39247016906738,3.676194
4,65,14.8,10.793288,1,1,23.39247016906738,21.705322
4,252,15.6,19.198257,1,1,23.39247016906738,13.458188
4,1108,16.25,13.32122,1,1,23.39247016906738,19.211466
4,510,65.3,57.33888,1,1,23.39247016906738,45.61481
4,45,28.0,30.986404,1,1,23.39247016906738,16.448568
4,686,77.6,71.07864,1,1,23.39247016906738,17.932835
4,2253,44.0,52.59513,1,1,23.39247016906738,47.436573
4,286,10.0,56.532143,0,0,23.39247016906738,36.642315
4,879,19.8,14.938325,1,0,23.39247016906738,4.2338977
4,58,4.5,9.355691,1,1,23.39247016906738,130.64943
4,876,7.1,4.6350355,1,1,23.39247016906738,13.624956
4,516,68.8,81.470085,0,0,23.39247016906738,9.982525
4,1673,43.0,49.237732,1,1,23.39247016906738,72.28974
4,273,44.0,38.315117,1,1,23.39247016906738,39.307087
4,1278,9.61,8.526743,1,1,23.39247016906738,8.122062
4,315,31.0,35.718067,1,0,23.39247016906738,5.073087
4,485,2.5,10.998862,1,0,23.39247016906738,16.924686
4,1946,46.0,23.864212,0,1,23.39247016906738,58.61572
4,236,78.0,72.25621,1,1,23.39247016906738,33.676754
4,2292,2.4,1.5541661,1,1,23.39247016906738,14.314396
4,1152,18.0,28.488789,1,1,23.39247016906738,41.43562
4,2293,81.5,23.442501,0,0,23.39247016906738,48.404236
4,2298,7.3,4.612998,1,1,23.39247016906738,7.112105
4,2003,2.41,4.0319853,1,1,23.39247016906738,13.282979
4,153,71.0,34.697746,0,0,23.39247016906738,33.97188
4,501,12.8,16.593073,1,1,23.39247016906738,28.389717
4,2299,0.45,4.4096203,1,0,23.39247016906738,4.478737
4,115,7.06,6.3721104,1,1,23.39247016906738,1.8951925
4,204,32.0,17.711319,0,0,23.39247016906738,13.09398
4,285,13.3,13.934185,1,1,23.39247016906738,5.255918
4,357,4.91,4.926451,1,1,23.39247016906738,4.074578
4,286,81.6,64.932724,0,0,23.39247016906738,21.43414
4,224,8.8,20.698202,0,0,23.39247016906738,13.178096
4,2302,1.46,1.1745185,1,1,23.39247016906738,2.351387
4,2303,5.15,2.9263391,1,1,23.39247016906738,7.0341125
4,1101,11.0,21.305326,1,0,23.39247016906738,18.895027
4,286,6.3,53.256653,0,0,23.39247016906738,55.724014
4,2304,2.308333333,1.4290627,1,1,23.39247016906738,14.517522
4,2307,5.3,20.147617,0,1,23.39247016906738,38.39334
4,286,72.025,53.396957,0,0,23.39247016906738,23.493984
4,286,63.3,58.536903,1,1,23.39247016906738,45.5895
4,1284,3.02,4.7208323,1,1,23.39247016906738,4.783292
4,401,3.78,2.826391,1,1,23.39247016906738,5.0255895
4,1374,4.49,6.259491,1,1,23.39247016906738,5.484261
4,224,19.0,20.301067,1,1,23.39247016906738,14.125591
4,1220,4.0,5.729832,1,1,23.39247016906738,7.042843
4,1381,4.71,5.2038302,1,1,23.39247016906738,8.498752
4,411,64.6,65.1563,1,1,23.39247016906738,27.532246
4,2313,4.3,2.7502325,1,1,23.39247016906738,4.444915
4,1149,1.4,2.2236998,1,1,23.39247016906738,4.0722466
4,632,0.9,0.6084997,1,1,23.39247016906738,2.8531024
4,216,26.3,25.062185,1,1,23.39247016906738,39.84191
4,2270,4.78,3.761349,1,1,23.39247016906738,4.8214045
4,65,30.7,22.746351,1,1,23.39247016906738,25.976421
4,136,9.116666667,8.405161,1,1,23.39247016906738,3.743064
4,640,8.0,20.24235,0,0,23.39247016906738,16.35073
4,1725,2.6,1.841418,1,1,23.39247016906738,11.744283
4,717,15.0,16.915173,1,1,23.39247016906738,10.235054
4,1137,26.0,24.6227,1,1,23.39247016906738,10.177468
4,2318,0.3,1.5210545,1,1,23.39247016906738,65.79534
4,1739,11.2,10.152211,1,1,23.39247016906738,6.0976152
4,1752,10.0,11.5003395,1,1,23.39247016906738,10.352488
4,24,37.0,23.402742,0,0,23.39247016906738,20.364964
4,1149,6.0,2.3104384,1,0,23.39247016906738,5.477699
4,36,64.0,74.49212,1,1,23.39247016906738,25.245518
4,1671,7.37,4.5299077,1,1,23.39247016906738,5.929877
4,853,10.9,5.494273,1,0,23.39247016906738,4.852795
4,784,7.2,8.856834,1,1,23.39247016906738,7.507232
4,774,58.0,74.52789,0,1,23.39247016906738,58.79032
4,1137,21.0,31.694138,1,1,23.39247016906738,24.188065
4,2189,22.4,25.079807,1,1,23.39247016906738,17.963934
4,1226,15.96666667,12.593952,1,1,23.39247016906738,34.724957
4,434,0.75,2.6414266,1,1,23.39247016906738,3.9644163
4,227,0.76,1.180379,1,1,23.39247016906738,2.1994915
4,74,92.6,84.083466,1,1,23.39247016906738,19.751314
4,2325,12.0,25.248007,0,1,23.39247016906738,28.760841
4,90,28.7,27.705103,1,1,23.39247016906738,13.347171
4,571,24.0,5.0905776,0,0,23.39247016906738,5.7953544
4,282,38.6,33.10907,1,1,23.39247016906738,26.65145
4,1221,10.9,10.927209,1,1,23.39247016906738,8.924884
4,333,8.2,5.872824,1,1,23.39247016906738,5.322683
4,2327,3.65,4.497635,1,1,23.39247016906738,3.1524048
4,1209,13.2,8.848998,1,1,23.39247016906738,9.543367
4,2328,85.0,75.11422,1,1,23.39247016906738,53.321064
4,2329,0.9,2.5104458,1,1,23.39247016906738,7.046644
4,90,36.2,29.654268,1,1,23.39247016906738,20.703882
4,535,5.71,4.338075,1,1,23.39247016906738,3.6913216
4,2228,28.0,52.177753,0,0,23.39247016906738,47.669277
4,2331,3.8,2.1577725,1,1,23.39247016906738,4.70714
4,2334,8.8,10.386553,1,1,23.39247016906738,6.8826118
4,504,19.1,17.015614,1,1,23.39247016906738,4.203158
4,2336,8.7,5.7507005,1,1,23.39247016906738,8.102636
4,1387,33.0,33.171192,1,1,23.39247016906738,40.152527
4,204,28.0,17.329355,1,0,23.39247016906738,12.792835
4,153,63.5,58.64957,1,1,23.39247016906738,41.162045
4,686,87.0,67.50964,0,0,23.39247016906738,22.408201
4,2338,0.97,0.42442307,1,1,23.39247016906738,1.975886
4,2228,47.0,56.10648,1,1,23.39247016906738,43.512035
4,2339,73.0,80.452,1,1,23.39247016906738,55.031963
4,1618,84.6,55.507763,0,0,23.39247016906738,49.661385
4,216,28.4,10.510717,0,0,23.39247016906738,34.944687
4,352,13.0,11.468162,1,1,23.39247016906738,7.0410914
4,922,5.2,3.3098688,1,1,23.39247016906738,4.5101433
4,229,6.59,6.1948175,1,1,23.39247016906738,5.945054
4,492,4.41,2.4891446,1,1,23.39247016906738,3.9819908
4,72,6.44,5.72067,1,1,23.39247016906738,4.230659
4,1967,4.38,8.721818,1,1,23.39247016906738,122.29846
4,154,2.7,2.5683172,1,1,23.39247016906738,2.9403718
4,1120,1.1,2.9892302,1,1,23.39247016906738,8.098917
4,260,2.59,9.620662,1,0,23.39247016906738,13.036782
4,1235,35.0,58.0606,0,0,23.39247016906738,41.928604
4,511,3.24,4.447207,1,1,23.39247016906738,5.9215946
4,1863,0.216666667,-0.18329614,1,1,23.39247016906738,4.7916207
4,600,24.9,7.6805067,0,1,23.39247016906738,46.181026
4,229,3.37,3.9699056,1,1,23.39247016906738,19.997265
4,1152,24.5,19.32494,1,1,23.39247016906738,30.770506
4,2347,21.1,18.04043,1,1,23.39247016906738,19.67675
4,262,2.32,0.43022215,1,0,23.39247016906738,2.5610845
4,2349,5.083333333,4.6743155,1,1,23.39247016906738,11.513152
4,2350,3.0,2.0957701,1,1,23.39247016906738,7.045297
4,774,88.0,57.63921,0,1,23.39247016906738,112.4292
4,115,6.88,6.524788,1,1,23.39247016906738,2.3010821
4,829,7.815,7.024109,1,1,23.39247016906738,4.688102
4,2351,40.0,33.621326,1,1,23.39247016906738,51.66758
4,227,4.07,0.9625598,1,0,23.39247016906738,2.9570644
4,42,6.6,14.786002,1,1,23.39247016906738,24.531809
4,441,73.0,57.785057,0,1,23.39247016906738,68.79591
4,542,22.6,15.401883,1,1,23.39247016906738,33.852905
4,1753,110.0,89.666916,0,1,23.39247016906738,74.96184
4,1149,5.94,2.3649783,1,0,23.39247016906738,6.388003
4,1866,6.4,3.5886004,1,1,23.39247016906738,5.9477334
4,2355,26.0,43.200336,0,1,23.39247016906738,45.06164
4,1514,1.4,1.2464132,1,1,23.39247016906738,4.493724
4,1137,27.6,24.8873,1,1,23.39247016906738,8.64383
4,1167,5.24,3.8786619,1,0,23.39247016906738,1.1804682
4,128,13.4,14.0387745,1,1,23.39247016906738,6.872596
4,74,89.8,72.5687,0,1,23.39247016906738,48.002724
4,970,12.2,13.604534,1,1,23.39247016906738,4.569554
4,1967,3.98,8.721818,1,1,23.39247016906738,122.29846
4,110,0.655,1.6001778,1,1,23.39247016906738,5.5374665
4,1277,32.3,25.699686,1,1,23.39247016906738,28.798626
4,429,2.05,20.639954,0,0,23.39247016906738,32.13468
4,504,18.5,17.690655,1,1,23.39247016906738,6.0646205
4,1618,84.0,56.774803,0,0,23.39247016906738,50.379833
4,601,0.088,1.2778045,1,1,23.39247016906738,2.394444
4,286,59.8,61.24216,1,1,23.39247016906738,66.48461
4,2359,6.22,6.269438,1,1,23.39247016906738,23.4944
4,516,68.3,80.20031,0,0,23.39247016906738,10.2542305
4,2361,2.1,3.058282,1,1,23.39247016906738,11.59831
4,694,55.8,58.672127,1,1,23.39247016906738,77.82584
4,1154,44.48888889,42.67134,1,1,23.39247016906738,32.60781
4,2057,22.2,30.119108,1,0,23.39247016906738,9.100743
4,2363,2.2625,7.4530396,1,1,23.39247016906738,13.421057
4,154,1.04,2.7020986,1,0,23.39247016906738,2.9403718
4,810,26.1,15.654845,1,1,23.39247016906738,31.486362
4,286,35.8,40.301144,1,1,23.39247016906738,39.02951
4,331,15.7,16.5084,1,1,23.39247016906738,8.434352
4,2364,7.33,7.348217,1,1,23.39247016906738,5.1265554
4,2365,0.0725,2.2661884,1,0,23.39247016906738,2.091105
4,1029,4.33,3.1442294,1,1,23.39247016906738,5.445448
4,2347,23.4,17.188324,1,1,23.39247016906738,20.123415
4,476,71.25,51.988426,0,1,23.39247016906738,52.533318
4,261,56.0,19.771456,0,0,23.39247016906738,64.825066
4,2367,25.2,29.712439,1,1,23.39247016906738,26.429924
4,717,9.5,18.018839,1,0,23.39247016906738,15.488756
4,67,3.42,3.036149,1,1,23.39247016906738,3.5036137
4,2368,0.79,2.5774038,1,1,23.39247016906738,5.991606
4,2369,16.6,18.155655,1,1,23.39247016906738,20.858814
4,549,5.2,2.1380608,1,1,23.39247016906738,7.7008286
4,1370,3.12,6.951212,1,1,23.39247016906738,9.9185095
4,1123,3.7,4.4796405,1,1,23.39247016906738,3.4593258
4,832,10.35,7.988841,1,1,23.39247016906738,5.955689
4,2372,0.34,0.11038573,1,1,23.39247016906738,4.445957
4,415,10.5,6.115326,1,0,23.39247016906738,6.166668
4,2373,93.0,59.753452,0,0,23.39247016906738,50.929684
4,675,32.8,44.845543,0,1,23.39247016906738,57.40599
4,534,40.0,39.744,1,1,23.39247016906738,68.469315
4,2378,0.65,2.718108,1,1,23.39247016906738,9.279925
4,669,2.396666667,2.405209,1,1,23.39247016906738,4.8638906
4,189,3.72,4.01787,1,1,23.39247016906738,5.2101026
4,2384,0.39,6.1627336,1,1,23.39247016906738,32.44262
4,1455,3.4,3.2723649,1,1,23.39247016906738,3.9168704
4,893,1.53,3.2127783,1,1,23.39247016906738,5.0381546
4,153,70.4,63.62597,1,1,23.39247016906738,36.938686
4,1838,34.0,30.4766,1,1,23.39247016906738,14.194863
4,753,20.0,25.834465,1,1,23.39247016906738,57.461132
4,1491,7.12,11.833132,1,0,23.39247016906738,8.264267
4,2293,84.5,23.442501,0,0,23.39247016906738,48.369785
4,45,19.0,32.37609,0,0,23.39247016906738,21.603262
4,567,8.2,16.82883,1,0,23.39247016906738,6.373541
4,1149,3.11,2.0926478,1,1,23.39247016906738,4.335775
4,74,81.0,78.471245,1,1,23.39247016906738,40.590225
4,337,18.15,19.522951,1,1,23.39247016906738,29.472755
4,2389,0.69,2.479928,1,1,23.39247016906738,12.056695
4,227,1.89,1.9273738,1,1,23.39247016906738,3.6542714
4,403,15.1,11.9234,1,0,23.39247016906738,6.202492
4,1463,7.355,9.547743,1,1,23.39247016906738,5.3542457
4,52,70.0,80.64397,1,1,23.39247016906738,41.385067
4,2307,5.51,21.362825,0,1,23.39247016906738,57.19758
4,948,0.39,4.3986754,1,1,23.39247016906738,9.78524
4,2395,4.6,8.776777,1,1,23.39247016906738,58.395233
4,992,7.11,2.999921,1,0,23.39247016906738,1.4749247
4,1414,7.11,5.791063,1,1,23.39247016906738,6.770124
4,31,49.0,55.216763,1,1,23.39247016906738,15.622543
4,286,44.1,57.358646,0,1,23.39247016906738,42.39025
4,2017,0.054,2.526353,1,1,23.39247016906738,6.5571404
4,449,4.8,4.9272895,1,1,23.39247016906738,6.9026694
4,521,3.76,3.2421017,1,1,23.39247016906738,5.839124
4,1387,27.0,25.858795,1,1,23.39247016906738,41.543633
4,510,92.8,83.08461,1,1,23.39247016906738,32.520786
4,663,5.19,2.2995944,1,0,23.39247016906738,5.1611395
4,2401,2.12,0.9640471,1,1,23.39247016906738,5.4003997
4,356,11.8,6.4084663,1,0,23.39247016906738,8.006852
4,252,19.0,20.15108,1,1,23.39247016906738,13.580852
4,1049,3.24,3.6340225,1,1,23.39247016906738,5.3410845
4,2403,1.9,4.819201,1,1,23.39247016906738,28.9584
4,554,15.0,15.71598,1,1,23.39247016906738,22.01255
4,65,8.4,8.4583645,1,1,23.39247016906738,14.187146
4,1017,78.0,57.87573,0,0,23.39247016906738,39.154705
4,379,0.67,1.0027304,1,1,23.39247016906738,1.5235939
4,74,87.9,67.26996,0,0,23.39247016906738,37.823486
4,286,50.5,35.9658,0,1,23.39247016906738,57.788967
4,2404,20.125,9.937021,1,1,23.39247016906738,24.364704
4,49,23.1,21.949713,1,1,23.39247016906738,32.12212
4,1019,30.3,30.046696,1,1,23.39247016906738,22.117323
4,115,6.43,6.9191046,1,1,23.39247016906738,2.7190456
4,863,113.0,95.540474,0,1,23.39247016906738,73.382195
4,1040,0.0855,2.1564364,1,1,23.39247016906738,4.42053
4,289,4.8,4.1122084,1,1,23.39247016906738,6.6438136
4,420,25.0,15.230549,1,0,23.39247016906738,12.148052
4,2406,4.7,7.35505,1,1,23.39247016906738,8.341096
4,391,85.0,60.000183,0,1,23.39247016906738,54.037643
4,1297,4.56,18.056524,0,0,23.39247016906738,6.837072
4,829,0.6,3.2797906,1,1,23.39247016906738,6.0390654
4,2019,0.75,2.2643147,1,1,23.39247016906738,5.594445
4,299,2.82,4.858672,1,1,23.39247016906738,7.711016
4,216,32.0,25.224407,1,1,23.39247016906738,35.762257
4,2412,6.8,6.463207,1,1,23.39247016906738,20.548986
4,42,19.4,19.063633,1,1,23.39247016906738,19.926167
4,357,2.53,3.7142215,1,1,23.39247016906738,3.8055418
4,784,2.43,8.760315,1,0,23.39247016906738,10.273585
4,867,8.346666667,7.5067015,1,1,23.39247016906738,5.175882
4,870,0.84,6.0423045,1,0,23.39247016906738,9.825569
4,1167,5.12,5.0278397,1,1,23.39247016906738,1.4636973
4,2299,5.3,4.392632,1,1,23.39247016906738,4.478737
4,836,0.066,0.26115838,1,1,23.39247016906738,0.66341376
4,71,72.0,81.74859,1,0,23.39247016906738,9.791415
4,2415,0.49,0.9947897,1,1,23.39247016906738,3.4508746
4,542,12.0,13.934274,1,1,23.39247016906738,32.87642
4,2416,6.0,6.7641244,1,1,23.39247016906738,19.472569
4,521,5.13,5.987762,1,1,23.39247016906738,4.74041
4,42,27.0,24.608047,1,1,23.39247016906738,21.96893
4,542,32.6,18.712803,0,1,23.39247016906738,38.427116
4,1370,4.58,7.0980554,1,1,23.39247016906738,9.9185095
4,126,87.0,86.253136,1,1,23.39247016906738,26.68484
4,1387,32.0,25.762342,1,1,23.39247016906738,43.03981
4,953,2.58,3.2379308,1,1,23.39247016906738,6.6424336
4,136,8.7,8.492993,1,1,23.39247016906738,4.9484596
4,136,10.8,8.842506,1,0,23.39247016906738,3.6574593
4,2364,9.23,9.268522,1,1,23.39247016906738,4.6885967
4,45,34.0,33.56968,1,1,23.39247016906738,14.568831
4,1699,1.916666667,2.001131,1,1,23.39247016906738,6.461163
4,1866,4.4,4.00761,1,1,23.39247016906738,3.9538686
4,2419,3.35,2.4136083,1,1,23.39247016906738,7.73131
4,2401,2.12,1.825069,1,1,23.39247016906738,4.4973817
4,1019,28.5,28.067234,1,1,23.39247016906738,21.690166
4,926,24.0,25.064892,1,1,23.39247016906738,38.29669
4,2228,51.0,54.684166,1,1,23.39247016906738,44.314228
4,521,2.7,2.467965,1,1,23.39247016906738,6.7908993
4,686,82.7,67.82128,0,0,23.39247016906738,8.946758
4,2422,2.5,5.13786,1,1,23.39247016906738,13.527381
4,890,9.49,9.274158,1,1,23.39247016906738,6.0737615
4,810,21.0,22.676193,1,1,23.39247016906738,23.697826
4,261,41.0,21.719532,0,1,23.39247016906738,51.31728
4,2427,5.2,4.8557196,1,1,23.39247016906738,13.791601
4,1100,28.575,21.658508,1,1,23.39247016906738,23.961214
4,1249,40.0,55.910496,0,1,23.39247016906738,46.973755
4,2428,8.7,5.9061084,1,1,23.39247016906738,16.084599
4,1518,2.8,3.3991756,1,1,23.39247016906738,9.409157
4,947,10.21,23.149118,0,1,23.39247016906738,71.51869
4,49,14.0,15.931098,1,1,23.39247016906738,44.793617
4,2429,122.0,106.964294,0,1,23.39247016906738,56.06613
4,492,2.36,2.6201255,1,1,23.39247016906738,3.898182
4,153,80.0,89.740616,1,0,23.39247016906738,14.57323
4,742,15.8,12.592337,1,1,23.39247016906738,8.797514
4,1332,81.0,88.08568,1,0,23.39247016906738,13.755526
4,2431,6.318,3.2493503,1,1,23.39247016906738,31.59762
4,487,75.0,64.46121,1,1,23.39247016906738,44.76608
4,74,61.4,68.100655,1,1,23.39247016906738,37.792023
4,993,10.4,11.899133,1,1,23.39247016906738,8.177196
4,286,25.4,41.722427,0,1,23.39247016906738,38.168182
4,501,16.5,19.776224,1,1,23.39247016906738,14.398059
4,2434,71.0,59.287342,0,1,23.39247016906738,25.31536
4,504,18.1,16.92823,1,1,23.39247016906738,5.633512
4,1235,72.0,65.03838,1,1,23.39247016906738,68.8577
4,153,68.8125,71.218765,1,1,23.39247016906738,23.671083
4,65,29.0,23.254974,1,1,23.39247016906738,25.623901
4,90,36.0,30.767841,1,1,23.39247016906738,17.244081
4,286,37.0,41.67131,1,1,23.39247016906738,35.888023
4,2080,0.87,1.3096801,1,1,23.39247016906738,30.456985
4,2035,1.13,2.5992072,1,1,23.39247016906738,126.713554
4,731,12.3,13.654616,1,1,23.39247016906738,17.821083
4,153,86.0,90.297035,1,1,23.39247016906738,14.870353
4,2440,3.01,3.5655735,1,1,23.39247016906738,5.370487
4,1803,0.84,1.9322193,1,1,23.39247016906738,8.407144
4,491,1.78,1.9585437,1,1,23.39247016906738,3.5588477
4,337,19.3,20.899553,1,1,23.39247016906738,39.96697
4,614,2.1,3.670444,1,1,23.39247016906738,6.150961
4,486,35.0,41.23415,1,1,23.39247016906738,40.948345
4,1226,14.3,11.1926565,1,1,23.39247016906738,26.864592
4,216,18.26666667,22.814007,1,1,23.39247016906738,29.291216
4,153,90.5,92.525375,1,1,23.39247016906738,16.41679
4,229,4.13,9.881241,1,1,23.39247016906738,19.357943
4,172,7.96,3.6302605,1,1,23.39247016906738,11.80313
4,2431,6.3,19.121538,0,1,23.39247016906738,59.992184
4,2443,21.9,10.428947,1,0,23.39247016906738,17.314228
4,1463,10.99,9.376483,1,1,23.39247016906738,5.4378705
4,128,10.0,14.939523,1,0,23.39247016906738,7.497141
4,429,27.9,27.209469,1,1,23.39247016906738,15.6535225
4,665,74.0,59.979004,0,1,23.39247016906738,48.01862
4,2444,0.415,1.9886255,1,1,23.39247016906738,3.6846514
4,2446,3.32,2.5376387,1,1,23.39247016906738,3.0816972
4,1359,10.2,6.1677375,1,0,23.39247016906738,7.668714
4,2447,4.5,3.690338,1,1,23.39247016906738,5.647239
4,1924,6.175,3.185203,1,0,23.39247016906738,5.387336
4,429,3.2005,10.071954,1,1,23.39247016906738,28.545189
4,1181,16.6,16.92375,1,1,23.39247016906738,7.8639927
4,314,4.43,4.179864,1,1,23.39247016906738,5.651861
4,2401,2.12,1.3508865,1,1,23.39247016906738,4.678524
4,2449,7.923333333,7.648896,1,1,23.39247016906738,5.7231455
4,1366,0.32,1.999017,1,1,23.39247016906738,6.294117
4,315,37.8,37.179695,1,1,23.39247016906738,5.663276
4,1826,90.8,88.67878,1,1,23.39247016906738,23.48594
4,876,12.3,4.003459,1,0,23.39247016906738,11.33517
4,1414,4.42,5.923068,1,1,23.39247016906738,6.6850786
4,492,3.73,2.5701523,1,1,23.39247016906738,3.9772904
4,429,4.925,20.636353,0,0,23.39247016906738,28.060877
4,992,4.46,3.207518,1,0,23.39247016906738,2.0098197
4,273,10.8,16.090553,1,1,23.39247016906738,37.68361
4,1226,10.875,8.16704,1,1,23.39247016906738,25.364109
4,41,2.76,4.842534,1,0,23.39247016906738,3.6215754
4,542,19.0,15.287565,1,1,23.39247016906738,47.783157
4,2152,1.746666667,3.0723088,1,1,23.39247016906738,13.801725
4,2328,110.0,73.3068,0,0,23.39247016906738,46.07714
4,788,88.3,88.50387,1,1,23.39247016906738,28.990217
4,189,10.1,3.865397,1,0,23.39247016906738,4.6227517
4,2069,1.0,2.3540246,1,1,23.39247016906738,4.3751116
4,2452,2.7,2.3676982,1,1,23.39247016906738,7.438743
4,1946,36.33333333,25.428242,1,1,23.39247016906738,47.756706
4,1277,19.7,21.448114,1,1,23.39247016906738,24.667381
4,1649,0.4,0.79270136,1,1,23.39247016906738,4.080203
4,2453,30.0,17.791817,0,1,23.39247016906738,31.258493
4,574,0.093,0.47192562,1,1,23.39247016906738,5.931697
4,1879,10.0,11.087778,1,1,23.39247016906738,13.342637
4,1223,77.4,55.828083,0,0,23.39247016906738,36.872417
4,1460,30.0,35.1717,1,1,23.39247016906738,44.3499
4,1686,87.1,85.09072,1,1,23.39247016906738,23.253393
4,504,19.2,17.677969,1,1,23.39247016906738,4.9209423
4,1879,15.8,15.614268,1,1,23.39247016906738,13.311542
4,2456,0.5995,0.12527314,1,1,23.39247016906738,4.866113
4,2457,3.2,5.748284,1,1,23.39247016906738,30.21741
4,2458,7.49,2.685652,1,0,23.39247016906738,4.625
4,337,5.84,19.681324,0,1,23.39247016906738,28.039705
4,2449,7.7,6.772075,1,1,23.39247016906738,8.251621
4,36,43.5,72.54114,0,0,23.39247016906738,28.745573
4,742,16.1,13.66181,1,1,23.39247016906738,5.5606165
4,41,2.52,4.5140605,1,0,23.39247016906738,3.8054454
4,675,12.8,33.816216,0,1,23.39247016906738,51.41643
4,58,4.5575,4.249198,1,1,23.39247016906738,133.22336
4,534,21.0,33.351147,0,1,23.39247016906738,59.218613
4,42,8.0,14.786002,1,1,23.39247016906738,24.531809
4,88,6.26,3.5752182,1,0,23.39247016906738,4.7631755
4,491,2.0,2.2821658,1,1,23.39247016906738,3.7116842
4,356,5.845,8.204624,1,1,23.39247016906738,5.4724813
4,681,2.61,2.5483077,1,1,23.39247016906738,2.3408954
4,2462,81.0,43.550236,0,0,23.39247016906738,49.439682
4,2464,19.0,74.85559,0,0,23.39247016906738,45.721905
4,429,34.50333333,31.85264,1,1,23.39247016906738,12.781055
4,2466,4.942,4.8197093,1,1,23.39247016906738,2.8396034
4,40,1.587,3.90258,1,1,23.39247016906738,6.143058
4,686,76.2,66.01607,1,0,23.39247016906738,10.045521
4,436,54.0,45.864838,1,1,23.39247016906738,71.36753
4,216,34.0,30.573101,1,1,23.39247016906738,19.679087
4,144,5.83,3.9350877,1,1,23.39247016906738,6.850756
4,1277,29.4,19.9536,1,1,23.39247016906738,23.65504
4,487,42.0,67.754524,0,0,23.39247016906738,35.147125
4,245,25.0,22.98361,1,1,23.39247016906738,25.861696
4,42,19.0,22.347961,1,1,23.39247016906738,24.600632
4,862,1.2,10.099675,1,1,23.39247016906738,22.299006
4,286,37.875,40.756454,1,1,23.39247016906738,54.803524
4,2174,1.51,1.8086357,1,1,23.39247016906738,3.0988536
4,898,82.0,75.22498,1,1,23.39247016906738,17.752775
4,862,3.42,4.0162086,1,1,23.39247016906738,3.5013247
4,2473,1.838,3.8433988,1,1,23.39247016906738,11.292297
4,286,45.2,58.249546,0,1,23.39247016906738,48.46627
4,74,18.9,46.777664,0,1,23.39247016906738,72.59434
4,331,9.81,16.378504,1,0,23.39247016906738,8.61191
4,1624,88.45,80.7075,1,1,23.39247016906738,22.445763
4,521,4.04,6.259686,1,1,23.39247016906738,4.705796
4,521,3.76,3.3038461,1,1,23.39247016906738,5.76499
4,47,0.385,0.14514671,1,1,23.39247016906738,2.0544815
4,429,11.6,17.333778,1,1,23.39247016906738,21.427025
4,486,10.0,41.300655,0,0,23.39247016906738,42.228382
4,476,88.0,49.416225,0,0,23.39247016906738,46.366222
4,632,0.33,0.50348485,1,1,23.39247016906738,3.8004456
4,1318,0.112,-0.2144371,1,0,23.39247016906738,0.44160292
4,273,75.0,36.672363,0,0,23.39247016906738,36.481518
4,567,18.1,17.756044,1,1,23.39247016906738,5.094274
4,1844,32.4,28.095827,1,1,23.39247016906738,12.738407
4,216,4.98,28.180882,0,0,23.39247016906738,32.429626
4,216,36.0,32.64717,1,1,23.39247016906738,16.301487
4,415,17.61,6.91401,1,0,23.39247016906738,10.538792
4,708,35.0,27.510183,1,1,23.39247016906738,51.44455
4,2041,3.19,3.663433,1,1,23.39247016906738,9.83569
4,2097,9.8,8.797265,1,1,23.39247016906738,14.221859
4,74,82.0,79.31549,1,1,23.39247016906738,38.21616
4,128,15.0,14.690716,1,1,23.39247016906738,5.330967
4,594,12.5,9.057618,1,0,23.39247016906738,5.4839725
4,1916,1.23,1.4283507,1,1,23.39247016906738,5.244828
4,534,41.0,41.51527,1,1,23.39247016906738,72.51802
4,2003,5.0,3.1841955,1,1,23.39247016906738,5.8431005
4,347,70.0,83.81898,0,0,23.39247016906738,26.168913
4,2481,3.9,3.8753495,1,1,23.39247016906738,5.0290136
4,1558,13.3,13.225331,1,1,23.39247016906738,5.619713
4,2483,0.9,3.564988,1,1,23.39247016906738,6.186869
4,391,71.5,72.90233,1,1,23.39247016906738,37.742973
4,669,2.0,2.4013999,1,1,23.39247016906738,5.314173
4,1287,131.5,120.28891,1,1,23.39247016906738,37.397663
4,248,6.1,4.64991,1,1,23.39247016906738,15.744168
4,2488,3.3,2.2504404,1,1,23.39247016906738,4.7589455
4,947,8.01,18.331333,1,1,23.39247016906738,108.787636
4,286,57.4,59.089375,1,1,23.39247016906738,39.273083
4,289,2.24,2.1837296,1,1,23.39247016906738,4.735846
4,640,31.0,30.111944,1,1,23.39247016906738,18.04845
4,665,64.0,57.35832,1,1,23.39247016906738,46.381622
4,542,35.5,16.534758,0,0,23.39247016906738,37.50887
4,74,90.0,82.96176,1,1,23.39247016906738,42.45389
4,681,2.82,3.0402749,1,1,23.39247016906738,3.8450358
4,401,3.3,3.098034,1,1,23.39247016906738,5.6012855
4,289,2.84,3.0474498,1,1,23.39247016906738,4.55022
4,370,8.1,9.385543,1,1,23.39247016906738,8.350326
4,785,1.165,2.4827423,1,1,23.39247016906738,12.555428
4,2491,1.66,2.2812555,1,1,23.39247016906738,2.62621
4,542,33.0,13.8322315,0,0,23.39247016906738,35.789528
4,2493,0.23,2.1742437,1,0,23.39247016906738,3.848856
4,1787,0.64,0.89665765,1,1,23.39247016906738,1.567752
4,1826,100.0,96.29177,1,1,23.39247016906738,27.743153
4,597,0.2,0.52296615,1,1,23.39247016906738,1.6138997
4,674,22.5,17.014725,1,1,23.39247016906738,20.499146
4,2495,0.066,4.5069256,1,1,23.39247016906738,23.313953
4,632,0.21,0.6076621,1,1,23.39247016906738,3.6053522
4,1838,23.3,12.488173,1,0,23.39247016906738,13.051649
4,2359,9.41,6.722086,1,1,23.39247016906738,19.612684
4,49,4.2,15.778823,1,1,23.39247016906738,58.56203
4,1463,4.17,9.46407,1,0,23.39247016906738,4.723103
4,736,7.233333333,7.710621,1,1,23.39247016906738,6.88471
4,2499,4.85,7.129668,1,1,23.39247016906738,8.965814
4,640,23.8,30.471287,1,1,23.39247016906738,16.27445
4,1277,22.2,22.517817,1,1,23.39247016906738,24.494404
4,830,69.0,80.02271,1,0,23.39247016906738,17.796322
4,2364,7.85,7.566698,1,1,23.39247016906738,4.367635
4,2180,4.2,2.0636475,1,1,23.39247016906738,8.871188
4,2201,8.3,13.873519,1,1,23.39247016906738,41.483223
4,1587,39.0,30.758762,1,1,23.39247016906738,29.597103
4,411,55.5,38.051228,0,1,23.39247016906738,48.307716
4,870,1.5,5.072484,1,1,23.39247016906738,8.052461
4,2503,6.1,5.6032457,1,1,23.39247016906738,8.610544
4,189,3.66,3.5848699,1,1,23.39247016906738,6.0067286
4,662,1.26,2.030765,1,1,23.39247016906738,4.3376875
4,1669,26.05,22.491468,1,1,23.39247016906738,36.967854
4,1435,2.13,5.0413046,1,1,23.39247016906738,8.498147
4,1223,19.0,36.29234,0,1,23.39247016906738,53.512775
4,683,2.7,4.834729,1,1,23.39247016906738,6.1609445
4,2106,3.906,2.6568613,1,1,23.39247016906738,6.692437
4,74,89.1,73.61619,0,0,23.39247016906738,25.117334
4,153,52.6,56.71531,1,1,23.39247016906738,43.129444
4,742,16.2,14.356548,1,1,23.39247016906738,6.69272
4,2458,8.09,2.0650132,1,0,23.39247016906738,5.0467744
4,703,7.0,5.5652924,1,1,23.39247016906738,3.6579373
4,2508,4.75,3.8911793,1,1,23.39247016906738,13.668631
4,2511,4.7,6.1175833,1,1,23.39247016906738,8.456136
4,74,86.0,78.22882,1,1,23.39247016906738,49.218777
4,65,7.0,10.596888,1,1,23.39247016906738,13.966282
4,542,24.0,22.465822,1,1,23.39247016906738,42.32226
4,487,93.6,82.7684,1,1,23.39247016906738,46.962543
4,1108,21.5,15.648722,1,0,23.39247016906738,10.673473
4,893,0.94,4.68566,1,0,23.39247016906738,4.4502187
4,161,11.02,8.8255625,1,1,23.39247016906738,4.8523993
4,36,64.1,52.145157,0,1,23.39247016906738,37.701218
4,1414,8.2,6.134163,1,1,23.39247016906738,6.4426656
4,654,1.815,3.9174862,1,1,23.39247016906738,8.26194
4,1782,5.88,2.4742966,1,0,23.39247016906738,5.955607
4,511,3.0,4.053312,1,1,23.39247016906738,5.04605
4,652,47.0,80.6035,0,1,23.39247016906738,74.76797
4,227,1.85,2.2556226,1,1,23.39247016906738,2.867155
4,582,3.3,5.0063276,1,1,23.39247016906738,10.755758
4,504,18.3,17.538937,1,1,23.39247016906738,5.0428247
4,429,22.5,19.021547,1,1,23.39247016906738,20.049149
4,58,4.27,4.187244,1,1,23.39247016906738,131.71745
4,1056,2.23,2.3235486,1,1,23.39247016906738,2.5881388
4,1100,9.758333333,19.665121,1,1,23.39247016906738,22.382505
4,1387,34.0,25.762342,1,1,23.39247016906738,43.03981
4,286,56.8925,56.79565,1,1,23.39247016906738,39.062386
4,286,30.7,40.145737,1,1,23.39247016906738,35.342747
4,2331,1.815,2.4210815,1,1,23.39247016906738,5.2705274
4,392,11.673,13.095353,1,1,23.39247016906738,3.8168252
4,1220,5.75,5.7869153,1,1,23.39247016906738,6.8333178
4,364,2.7,2.168812,1,1,23.39247016906738,4.791624
4,316,25.5,26.546875,1,1,23.39247016906738,36.074413
4,49,26.0,44.604042,0,1,23.39247016906738,42.30622
4,286,33.6,58.642284,0,0,23.39247016906738,35.460133
4,153,43.1,41.30684,1,1,23.39247016906738,24.69036
4,930,1.64,5.3401833,1,0,23.39247016906738,6.508415
4,542,33.0,34.485737,1,1,23.39247016906738,35.371925
4,1816,11.6,31.477102,0,0,23.39247016906738,29.58323
4,2523,4.2,9.983748,1,1,23.39247016906738,14.174867
4,204,34.0,18.710102,0,0,23.39247016906738,14.356095
4,411,71.6,63.14572,1,1,23.39247016906738,45.340286
4,1855,3.28,4.037976,1,1,23.39247016906738,5.3060393
4,609,6.0,4.973082,1,1,23.39247016906738,15.261198
4,2524,2.2,2.324873,1,1,23.39247016906738,7.250024
4,182,3.06,3.957279,1,1,23.39247016906738,4.57021
4,362,14.0,23.037096,1,1,23.39247016906738,41.51345
4,203,12.1,11.841011,1,1,23.39247016906738,41.298656
4,491,4.0,3.4244392,1,1,23.39247016906738,3.8395686
4,2529,25.0,24.792091,1,1,23.39247016906738,23.895193
4,42,12.45,23.190891,1,1,23.39247016906738,41.469593
4,24,37.0,26.449339,1,0,23.39247016906738,10.7427435
4,24,32.0,19.146078,0,1,23.39247016906738,26.604591
4,2531,13.5,26.089518,0,0,23.39247016906738,24.855059
4,74,88.85,72.0989,0,1,23.39247016906738,36.533478
4,1554,29.9,28.396059,1,1,23.39247016906738,14.059184
4,1701,7.2,1.1790937,1,0,23.39247016906738,4.86813
4,1366,0.53,1.7881497,1,1,23.39247016906738,6.178446
4,521,3.07,3.2421017,1,1,23.39247016906738,6.292201
4,535,5.38,4.894102,1,1,23.39247016906738,4.2917066
4,273,50.0,37.89607,0,1,23.39247016906738,40.369923
4,535,5.98,4.5695186,1,1,23.39247016906738,4.066553
4,1685,0.72,0.72921294,1,1,23.39247016906738,1.6030394
4,1872,3.14,3.4792325,1,1,23.39247016906738,4.8051558
4,2534,37.3,30.984627,1,0,23.39247016906738,7.5735326
4,429,7.233333333,22.14389,0,0,23.39247016906738,27.366484
4,172,7.56,4.6244674,1,1,23.39247016906738,12.527503
4,286,35.0,57.878952,0,0,23.39247016906738,36.87512
4,31,45.0,55.898952,1,1,23.39247016906738,52.510258
4,2092,0.88,0.97991693,1,1,23.39247016906738,4.478511
4,876,10.2,4.7728686,1,0,23.39247016906738,9.247437
4,1284,1.45,1.5280247,1,1,23.39247016906738,5.70197
4,49,27.0,65.43033,0,0,23.39247016906738,47.04246
4,72,6.88,5.5279155,1,1,23.39247016906738,4.2630334
4,665,39.0,47.594536,1,1,23.39247016906738,59.048218
4,1400,12.01,5.9428163,1,1,23.39247016906738,18.466284
4,286,32.0,57.72261,0,0,23.39247016906738,31.454798
4,669,2.24,2.3721907,1,1,23.39247016906738,4.8638906
4,893,1.45,4.7875414,1,0,23.39247016906738,3.8252962
4,42,29.0,26.700792,1,1,23.39247016906738,21.716509
4,2543,3.3,4.3686886,1,1,23.39247016906738,5.585055
4,867,8.6,7.830963,1,1,23.39247016906738,5.5328794
4,2252,4.0,8.110732,1,0,23.39247016906738,6.227824
4,42,18.83,22.434767,1,1,23.39247016906738,41.260246
4,172,9.2,3.7353656,1,0,23.39247016906738,10.644959
4,675,90.0,59.004227,0,0,23.39247016906738,51.38186
4,1249,14.0,51.571987,0,0,23.39247016906738,42.12805
4,870,1.63,5.415539,1,1,23.39247016906738,9.095804
4,1758,10.0,77.6564,0,0,23.39247016906738,24.111103
4,74,91.0,87.4323,1,1,23.39247016906738,10.673087
4,286,14.9,35.141903,0,0,23.39247016906738,39.768467
4,2263,0.78,1.8079548,1,0,23.39247016906738,1.8107737
4,2553,3.2,5.211725,1,1,23.39247016906738,8.267769
4,2554,2.0,6.1591406,1,1,23.39247016906738,29.60567
4,1149,3.155,2.0926478,1,1,23.39247016906738,4.335775
4,42,11.59,22.306637,1,1,23.39247016906738,38.456608
4,2035,0.6,2.5992072,1,1,23.39247016906738,126.713554
4,2556,5.8,7.140567,1,1,23.39247016906738,5.7156396
4,1154,55.0,33.165283,0,1,23.39247016906738,58.446156
4,571,22.0,6.6992803,0,0,23.39247016906738,7.0292044
4,2163,7.532352941,5.0900226,1,1,23.39247016906738,7.052612
4,2560,3.7,3.5298574,1,1,23.39247016906738,10.517242
4,2565,1.0,5.8101807,1,1,23.39247016906738,20.389343
4,2568,0.85,1.2065803,1,1,23.39247016906738,8.022124
4,362,41.8,40.51815,1,1,23.39247016906738,20.495607
4,1463,11.24,9.15383,1,1,23.39247016906738,5.656169
4,1222,7.0,8.53847,1,1,23.39247016906738,7.3299084
4,2347,24.1,17.626183,1,1,23.39247016906738,27.300764
4,2571,5.8,1.7512383,1,0,23.39247016906738,6.593311
4,2572,20.0,29.391037,1,0,23.39247016906738,14.641554
4,423,2.26,3.3746712,1,1,23.39247016906738,5.3636217
4,1518,2.95,6.0412626,1,1,23.39247016906738,10.098443
4,1152,23.0,28.338154,1,1,23.39247016906738,41.469543
4,1863,0.035,1.5653658,1,1,23.39247016906738,13.916222
4,534,41.0,53.50194,0,1,23.39247016906738,68.68364
4,1806,8.6,3.3633509,1,0,23.39247016906738,4.781718
4,1370,2.51,7.58858,1,1,23.39247016906738,10.221326
4,1741,31.0,64.870964,0,0,23.39247016906738,49.38577
4,2065,1.76,3.449307,1,0,23.39247016906738,3.1027856
4,224,23.0,19.269844,1,1,23.39247016906738,12.948268
4,832,10.25,7.66962,1,1,23.39247016906738,6.606275
4,798,10.6,10.155446,1,1,23.39247016906738,4.3916726
4,74,49.4,63.497223,0,1,23.39247016906738,42.987995
4,1946,40.85,25.49529,0,1,23.39247016906738,41.19166
4,1670,3.52,16.451622,0,1,23.39247016906738,44.94261
4,2364,8.1,8.33012,1,1,23.39247016906738,4.331451
4,2574,10.0,10.821039,1,1,23.39247016906738,23.31577
4,535,6.61,4.2134323,1,0,23.39247016906738,4.2112446
4,694,93.1,83.37169,1,1,23.39247016906738,44.76639
4,31,23.0,50.39765,0,0,23.39247016906738,26.037615
4,222,1.22,1.6601052,1,1,23.39247016906738,3.566948
4,247,28.0,31.115704,1,1,23.39247016906738,34.265526
4,357,4.74,4.220021,1,1,23.39247016906738,3.874469
4,210,36.9,22.158838,0,0,23.39247016906738,22.693205
4,2553,1.8,2.5540926,1,1,23.39247016906738,7.6920667
4,120,9.86,9.715042,1,1,23.39247016906738,17.113703
4,286,66.78571429,50.687687,0,0,23.39247016906738,21.383747
4,675,87.0,57.882034,0,0,23.39247016906738,54.71839
4,2583,0.6,8.347946,1,1,23.39247016906738,20.05895
4,74,99.0,80.60909,0,0,23.39247016906738,30.1332
4,352,12.2,13.141903,1,1,23.39247016906738,7.2242317
4,1554,35.6,31.273731,1,1,23.39247016906738,14.500614
4,993,16.0,13.967259,1,1,23.39247016906738,8.201918
4,542,31.2,20.7272,1,1,23.39247016906738,34.6753
4,222,1.38,1.6601052,1,1,23.39247016906738,3.566948
4,681,3.2,2.9332063,1,1,23.39247016906738,3.770406
4,429,34.4,26.859648,1,0,23.39247016906738,13.210754
4,573,0.7,3.1024466,1,1,23.39247016906738,11.97845
4,731,14.7,14.374009,1,1,23.39247016906738,10.929901
4,2590,13.4,11.381992,1,1,23.39247016906738,6.1866474
4,1967,4.19,8.721818,1,1,23.39247016906738,122.29846
4,441,76.0,58.730247,0,1,23.39247016906738,57.81624
4,337,21.75,21.181965,1,1,23.39247016906738,39.08352
4,662,6.35,3.8309667,1,1,23.39247016906738,5.0606017
4,423,1.84,5.593132,1,0,23.39247016906738,3.8917851
4,2593,1.0,2.9420125,1,1,23.39247016906738,7.360609
4,1803,2.89,2.0459821,1,1,23.39247016906738,3.2212198
4,261,31.4,60.451843,0,0,23.39247016906738,23.820028
4,74,94.0,79.682915,0,1,23.39247016906738,31.805502
4,2595,6.25,4.9360747,1,1,23.39247016906738,5.4969997
4,669,1.4,1.9664079,1,1,23.39247016906738,4.8638906
4,49,25.3,23.5544,1,1,23.39247016906738,31.457163
4,333,8.2,5.872824,1,1,23.39247016906738,5.322683
4,1319,18.1,15.688481,1,0,23.39247016906738,3.9446774
4,2019,7.8,7.967431,1,1,23.39247016906738,7.2737317
4,2598,0.80775,2.18207,1,1,23.39247016906738,2.7962654
4,1332,80.0,78.5426,1,1,23.39247016906738,11.352518
4,115,5.54,6.4219737,1,1,23.39247016906738,3.3008943
4,286,64.4,46.4222,0,1,23.39247016906738,56.198845
4,573,1.49,5.6415606,1,1,23.39247016906738,12.936203
4,1137,20.0,24.322962,1,1,23.39247016906738,11.266522
4,675,90.7,57.70416,0,0,23.39247016906738,47.043674
4,74,53.1,68.68696,0,1,23.39247016906738,42.874157
4,49,40.0,54.719776,0,1,23.39247016906738,34.40995
4,153,86.2,89.98916,1,1,23.39247016906738,14.716408
4,784,4.8,5.123552,1,1,23.39247016906738,5.7737083
4,286,3.5,38.154778,0,0,23.39247016906738,37.159687
4,601,0.048,1.3369114,1,0,23.39247016906738,2.3471088
4,409,0.35,2.600445,1,1,23.39247016906738,5.4505877
4,703,7.35,5.361509,1,1,23.39247016906738,6.9367976
4,2604,11.42166667,8.415309,1,1,23.39247016906738,14.283914
4,2605,4.4,4.4880533,1,1,23.39247016906738,11.169166
4,58,4.533333333,8.46884,1,1,23.39247016906738,123.8108
4,446,9.2,4.3854375,1,0,23.39247016906738,6.4380693
4,411,63.1,46.529366,0,1,23.39247016906738,51.430096
4,273,13.7,18.243433,1,1,23.39247016906738,32.41151
4,640,18.4,25.468292,1,1,23.39247016906738,29.17485
4,216,40.0,20.306322,0,0,23.39247016906738,28.892445
4,1601,0.75,4.5497174,1,0,23.39247016906738,3.2810009
4,153,85.0,86.39343,1,1,23.39247016906738,18.11382
4,2607,0.16,-0.04457091,1,1,23.39247016906738,0.715463
4,1843,2.03,2.3963087,1,1,23.39247016906738,4.3868127
4,314,3.23,2.0894115,1,1,23.39247016906738,3.3554227
4,216,36.9,50.101173,0,1,23.39247016906738,70.81346
4,618,7.28,5.414453,1,1,23.39247016906738,6.702468
4,876,9.2,4.6636195,1,1,23.39247016906738,11.997347
4,2615,7.1,8.983931,1,1,23.39247016906738,10.994287
4,600,21.1,4.525237,0,1,23.39247016906738,44.340843
4,76,6.5,7.2488427,1,1,23.39247016906738,6.4853725
4,436,29.0,42.83664,0,0,23.39247016906738,20.990849
4,785,1.445,2.6071186,1,1,23.39247016906738,6.859876
4,1094,1.35,2.9798992,1,1,23.39247016906738,7.969201
4,74,93.6,83.39186,1,1,23.39247016906738,21.005175
4,2619,44.0,41.157387,1,1,23.39247016906738,44.830463
4,411,58.0,35.9717,0,1,23.39247016906738,49.51493
4,703,3.38,5.1191483,1,1,23.39247016906738,3.6272216
4,2620,90.0,91.88387,1,1,23.39247016906738,49.90672
4,289,3.0,2.8130667,1,1,23.39247016906738,4.1602306
4,128,15.0,15.049441,1,1,23.39247016906738,5.212702
4,1193,8.6,5.4168215,1,1,23.39247016906738,6.4900966
4,31,52.0,56.552654,1,1,23.39247016906738,21.540657
4,1167,4.11,4.9971857,1,0,23.39247016906738,1.6975052
4,65,11.0,11.852363,1,1,23.39247016906738,21.26516
4,2622,40.0,26.990618,0,1,23.39247016906738,61.199932
4,66,30.0,30.617813,1,1,23.39247016906738,34.750465
4,476,75.0,56.394466,0,0,23.39247016906738,33.99486
4,2623,13.9,9.500652,1,0,23.39247016906738,8.737878
4,2625,80.0,59.04024,0,0,23.39247016906738,26.17305
4,1017,45.0,71.811325,0,0,23.39247016906738,11.15216
4,930,3.4,4.838335,1,1,23.39247016906738,7.044007
4,669,3.49,2.405209,1,1,23.39247016906738,4.8638906
4,1100,20.8,15.948693,1,1,23.39247016906738,27.560928
4,731,11.3,14.2492285,1,1,23.39247016906738,20.326792
4,299,2.61,4.858672,1,1,23.39247016906738,7.711016
4,1558,9.24,12.577189,1,0,23.39247016906738,5.619713
4,74,64.0,70.59585,1,1,23.39247016906738,54.39884
4,813,3.48,2.796465,1,1,23.39247016906738,7.5043187
4,468,2.27,2.0154965,1,1,23.39247016906738,6.5926585
4,420,19.3,15.213252,1,1,23.39247016906738,12.436249
4,261,11.7,59.499523,0,0,23.39247016906738,23.949842
4,521,3.0,2.9283574,1,1,23.39247016906738,6.757961
4,2630,74.0,57.58239,0,1,23.39247016906738,44.8938
4,2434,71.0,59.287342,0,1,23.39247016906738,25.31536
4,542,23.0,16.652943,1,1,23.39247016906738,36.18213
4,2631,1.0,7.484524,1,1,23.39247016906738,40.167583
4,992,9.25,3.106484,1,0,23.39247016906738,1.657097
4,675,90.0,57.102135,0,0,23.39247016906738,51.008476
4,2174,1.4,1.2565451,1,1,23.39247016906738,2.7722511
4,604,8.6,11.032666,1,0,23.39247016906738,4.8125105
4,600,28.6,6.2113414,0,1,23.39247016906738,46.375072
4,1277,32.8,23.351627,1,1,23.39247016906738,25.777786
4,90,21.0,30.95798,1,1,23.39247016906738,20.703882
4,788,90.1,91.39442,1,1,23.39247016906738,37.163506
4,1235,73.0,77.65987,1,1,23.39247016906738,24.088388
4,58,3.955,4.3448267,1,1,23.39247016906738,132.01984
4,2637,5.1,4.5776668,1,1,23.39247016906738,6.607936
4,286,84.1,65.96881,0,0,23.39247016906738,19.452742
4,236,89.8,85.736176,1,1,23.39247016906738,23.3249
4,74,61.0,61.240833,1,1,23.39247016906738,55.679634
4,875,2.09,3.1698637,1,1,23.39247016906738,6.474829
4,441,25.0,48.120296,0,1,23.39247016906738,48.67719
4,1926,89.7,75.228935,0,1,23.39247016906738,29.565645
4,136,8.3,8.405161,1,1,23.39247016906738,3.743064
4,58,2.65,4.6693196,1,1,23.39247016906738,131.79626
4,1866,6.2,3.4462154,1,1,23.39247016906738,5.9477334
4,504,20.7,15.931447,1,0,23.39247016906738,6.326905
4,2642,2.581333333,2.9340394,1,1,23.39247016906738,2.3904169
4,2195,1.42,1.4775966,1,1,23.39247016906738,3.8562376
4,2643,2.32,2.9128873,1,1,23.39247016906738,24.107042
4,686,83.0,68.14749,0,0,23.39247016906738,11.483294
4,1137,26.0,34.206444,1,1,23.39247016906738,21.349894
4,2645,4.88,3.8005984,1,1,23.39247016906738,4.3262615
4,189,3.57,3.849498,1,1,23.39247016906738,5.722334
4,2017,0.165,2.2039182,1,1,23.39247016906738,6.5243063
4,331,18.8,16.5084,1,1,23.39247016906738,8.434352
4,1300,6.4,3.51509,1,1,23.39247016906738,8.573152
4,210,36.0,17.985937,0,0,23.39247016906738,22.781332
4,128,14.2,14.478011,1,1,23.39247016906738,4.9071293
4,1307,0.08,1.5950133,1,1,23.39247016906738,4.250648
4,356,6.185,8.680195,1,1,23.39247016906738,11.362594
4,1866,6.183529412,4.720134,1,1,23.39247016906738,5.0143337
4,870,0.855,5.4697847,1,0,23.39247016906738,9.095804
4,1108,19.53333333,20.942968,1,1,23.39247016906738,8.434166
4,189,11.165,4.197392,1,0,23.39247016906738,6.660098
4,227,1.88,0.87381136,1,1,23.39247016906738,2.852223
4,276,98.0,75.852875,0,0,23.39247016906738,43.347046
4,784,6.2,7.993516,1,1,23.39247016906738,10.625389
4,1448,1.83,2.2225583,1,1,23.39247016906738,2.8446233
4,703,8.15,4.518953,1,1,23.39247016906738,7.7065396
4,227,2.25,0.015187401,1,0,23.39247016906738,3.640109
4,2654,92.0,64.25337,0,1,23.39247016906738,58.553825
4,973,17.3,12.232793,1,0,23.39247016906738,5.9847264
4,930,3.56,4.3154335,1,1,23.39247016906738,12.867728
4,415,16.1,6.935297,1,0,23.39247016906738,9.146742
4,742,16.83714286,14.376162,1,1,23.39247016906738,8.125764
4,233,1.0,2.5646725,1,1,23.39247016906738,4.197693
4,640,5.3,12.134645,1,0,23.39247016906738,13.178136
4,436,29.0,36.820473,1,1,23.39247016906738,16.979177
4,154,2.6,2.3534827,1,1,23.39247016906738,2.9931452
4,161,5.5,7.546317,1,1,23.39247016906738,8.180689
4,1947,0.675,0.36938038,1,1,23.39247016906738,4.8021264
4,1175,0.0425,0.40977666,1,1,23.39247016906738,2.2874353
4,337,20.6,22.005066,1,1,23.39247016906738,34.07901
4,1002,4.83,4.210421,1,1,23.39247016906738,5.2814903
4,1837,4.465,4.835714,1,1,23.39247016906738,8.937401
4,2659,6.82,5.9181795,1,1,23.39247016906738,5.312693
4,879,14.0,10.738728,1,1,23.39247016906738,6.6502476
4,1609,6.8,5.7087774,1,1,23.39247016906738,6.0521016
4,285,13.0,16.046764,1,0,23.39247016906738,5.812511
4,153,44.0,62.36153,0,0,23.39247016906738,27.191345
4,45,55.0,36.517265,0,1,23.39247016906738,80.61335
4,2661,0.343333333,1.5930496,1,1,23.39247016906738,6.110418
4,179,2.133333333,6.9880505,1,0,23.39247016906738,7.050515
4,449,5.0,4.894751,1,1,23.39247016906738,6.9746227
4,2663,0.75,2.6804335,1,1,23.39247016906738,8.918654
4,535,5.6,4.7304173,1,1,23.39247016906738,4.147526
4,36,89.0,73.932655,0,0,23.39247016906738,11.640841
4,925,32.0,81.86991,0,0,23.39247016906738,60.66355
4,286,85.5,59.616,0,0,23.39247016906738,33.178967
4,2665,3.0,3.1649566,1,1,23.39247016906738,7.792206
4,784,8.5,7.9516973,1,1,23.39247016906738,5.453637
4,286,44.5,59.16089,0,1,23.39247016906738,38.569
4,1448,1.95,2.676647,1,1,23.39247016906738,3.84006
4,824,1.71,4.0024257,1,1,23.39247016906738,6.7049017
4,686,81.4,70.81421,1,0,23.39247016906738,11.758772
4,1049,3.45,3.9546866,1,1,23.39247016906738,5.852685
4,1986,5.7,5.5154266,1,1,23.39247016906738,5.093668
4,2669,0.39,1.1267877,1,1,23.39247016906738,1.5691994
4,316,5.5,28.480131,0,0,23.39247016906738,36.041447
4,632,0.59,0.6143044,1,1,23.39247016906738,2.701916
4,331,7.53,13.4842005,1,0,23.39247016906738,10.778185
4,261,9.2,47.51338,0,0,23.39247016906738,58.486588
4,423,3.42,3.6681702,1,1,23.39247016906738,5.37221
4,126,65.0,60.394844,1,1,23.39247016906738,77.40646
4,153,85.0,88.995575,1,1,23.39247016906738,17.674355
4,115,6.98,6.530525,1,1,23.39247016906738,2.2979996
4,203,7.5,11.497881,1,1,23.39247016906738,18.18151
4,2671,63.5,66.40368,1,1,23.39247016906738,21.49046
4,153,85.0,84.59617,1,1,23.39247016906738,15.846608
4,504,19.0,17.705889,1,1,23.39247016906738,4.480817
4,286,4.6,37.559784,0,0,23.39247016906738,41.020134
4,216,25.0,26.197044,1,1,23.39247016906738,20.484097
4,216,40.0,22.692966,0,0,23.39247016906738,29.448719
4,574,0.07,0.7560228,1,1,23.39247016906738,5.576393
4,1100,8.545,11.39934,1,1,23.39247016906738,35.6749
4,154,3.41,2.447209,1,1,23.39247016906738,3.0464628
4,788,91.65,90.17722,1,1,23.39247016906738,32.84238
4,2677,4.0,29.70376,0,0,23.39247016906738,32.69377
4,614,0.34,2.4042726,1,1,23.39247016906738,6.408875
4,2679,4.0,4.9084606,1,1,23.39247016906738,11.364671
4,2680,4.59,17.163168,0,1,23.39247016906738,92.95859
4,74,52.0,53.72448,1,1,23.39247016906738,59.630806
4,511,3.45,3.750476,1,1,23.39247016906738,4.778893
4,157,0.175,1.0495698,1,1,23.39247016906738,4.8612933
4,2019,0.67,3.0158417,1,1,23.39247016906738,5.120409
4,604,12.33,13.62034,1,1,23.39247016906738,5.264244
4,153,86.3,88.719894,1,1,23.39247016906738,22.080635
4,42,23.655,24.513142,1,1,23.39247016906738,37.223785
4,1866,5.4,3.635306,1,1,23.39247016906738,6.1087074
4,542,36.0,31.581898,1,1,23.39247016906738,36.766876
4,286,60.6,58.96758,1,1,23.39247016906738,27.54003
4,1029,3.03,3.1678424,1,1,23.39247016906738,5.515714
4,1597,74.0,61.92094,0,1,23.39247016906738,34.373287
4,154,3.5,2.4898431,1,1,23.39247016906738,2.8698246
4,2112,21.5,6.230803,0,0,23.39247016906738,5.5621114
4,429,2.5,24.07152,0,0,23.39247016906738,19.42626
4,1491,1.86,6.9108963,1,1,23.39247016906738,11.361977
4,34,0.805,1.2624304,1,1,23.39247016906738,2.613024
4,2682,1.07,1.9611396,1,1,23.39247016906738,3.7603152
4,582,2.9,5.6116266,1,1,23.39247016906738,9.549346
4,554,10.0,12.11435,1,1,23.39247016906738,21.049986
4,1332,83.9,84.251656,1,1,23.39247016906738,11.059033
4,1520,1.95,3.9250467,1,1,23.39247016906738,6.585328
4,1056,1.09,1.8987924,1,1,23.39247016906738,2.571286
4,1671,1.83,2.6490915,1,1,23.39247016906738,5.309244
4,1123,3.5,3.0632865,1,1,23.39247016906738,3.1895344
4,930,3.89,5.3839583,1,1,23.39247016906738,7.596424
4,1236,3.275,3.3196518,1,1,23.39247016906738,6.6213827
4,42,22.46,25.516096,1,1,23.39247016906738,42.175037
4,2684,0.87,4.5559845,1,0,23.39247016906738,5.591065
4,2685,37.0,25.871664,1,1,23.39247016906738,37.538807
4,157,3.3,1.7228712,1,1,23.39247016906738,6.2905564
4,169,6.2,5.6396446,1,1,23.39247016906738,7.8056607
4,2688,2.63,2.6804893,1,1,23.39247016906738,32.432648
4,487,94.77,81.95497,0,1,23.39247016906738,36.733273
4,2690,2.3,6.5034943,1,1,23.39247016906738,13.087631
4,2364,1.38,8.272313,1,1,23.39247016906738,21.391644
4,227,2.2,1.469297,1,1,23.39247016906738,3.2799132
4,1414,5.58,5.8540993,1,1,23.39247016906738,6.770124
4,1221,13.2,12.59755,1,1,23.39247016906738,4.4995174
4,1329,0.24,0.89917123,1,1,23.39247016906738,2.2089665
4,216,20.0,29.73378,1,0,23.39247016906738,19.124765
4,74,22.0,56.105827,0,0,23.39247016906738,58.365707
4,1664,67.0,35.244583,0,0,23.39247016906738,33.771175
4,2270,6.18,4.6928706,1,1,23.39247016906738,7.5022235
4,1016,86.0,71.75508,0,1,23.39247016906738,43.65736
4,703,6.5,5.5652924,1,1,23.39247016906738,3.6579373
4,965,32.0,25.87662,1,1,23.39247016906738,22.727386
4,218,8.5,10.468394,1,1,23.39247016906738,9.317439
4,1448,2.2,2.7001836,1,1,23.39247016906738,3.9633636
4,2325,26.0,21.405563,1,1,23.39247016906738,22.16246
4,2702,1.3,1.8527117,1,1,23.39247016906738,6.0240736
4,1120,0.07,2.6666076,1,1,23.39247016906738,10.855396
4,1167,4.35,4.885542,1,1,23.39247016906738,1.8802876
4,491,4.28,3.4555955,1,1,23.39247016906738,4.8818
4,2707,26.0,46.617138,0,0,23.39247016906738,38.283752
4,74,92.35,56.765083,0,0,23.39247016906738,28.224495
4,357,4.91,4.146942,1,1,23.39247016906738,3.796919
4,784,9.116666667,8.080647,1,1,23.39247016906738,6.6074867
4,314,3.98,4.3160386,1,1,23.39247016906738,6.3027077
4,227,2.56,0.7553675,1,0,23.39247016906738,3.13142
4,1400,8.91,7.1901956,1,1,23.39247016906738,15.658654
4,1342,3.5,3.5324054,1,1,23.39247016906738,4.3030405
4,1235,13.0,37.207005,0,0,23.39247016906738,27.744621
4,60,25.6,30.380781,1,1,23.39247016906738,16.68257
4,947,14.96,21.570782,1,1,23.39247016906738,74.02309
4,1387,30.0,32.093777,1,1,23.39247016906738,37.003986
4,65,20.6,14.6063385,1,1,23.39247016906738,23.299597
4,2714,6.9,12.040908,1,1,23.39247016906738,11.923891
4,74,93.65,55.16084,0,0,23.39247016906738,19.982405
4,216,36.9,31.722427,1,1,23.39247016906738,19.073553
4,1845,1.6,1.9356192,1,1,23.39247016906738,4.2783065
4,2059,3.794,3.823124,1,1,23.39247016906738,5.9638586
4,597,0.52,0.30952737,1,1,23.39247016906738,2.2262292
4,1855,2.61,4.0715003,1,1,23.39247016906738,5.3060393
4,604,10.5,12.140949,1,1,23.39247016906738,5.014903
4,2307,5.4,21.084633,0,1,23.39247016906738,41.295433
4,2716,1.25,2.277141,1,1,23.39247016906738,5.880213
4,2685,37.0,29.380333,1,1,23.39247016906738,35.992832
4,2446,4.1,3.5587337,1,1,23.39247016906738,3.2248762
4,2717,0.46,1.8860514,1,1,23.39247016906738,30.22398
4,1844,32.0,28.084724,1,1,23.39247016906738,14.001835
4,2718,0.296666667,1.8308733,1,1,23.39247016906738,8.363781
4,2719,0.135,8.433907,1,1,23.39247016906738,44.44379
4,2195,0.74,1.4703027,1,1,23.39247016906738,3.69488
4,555,7.0,14.307648,1,1,23.39247016906738,46.794155
4,2359,12.1,10.086916,1,1,23.39247016906738,15.103424
4,382,110.0,101.6299,1,1,23.39247016906738,53.952732
4,486,70.8,52.121986,0,0,23.39247016906738,27.467682
4,1249,62.0,61.262974,1,1,23.39247016906738,41.00814
4,74,79.05,70.60091,1,1,23.39247016906738,46.926598
4,2722,1.975,6.725751,1,1,23.39247016906738,14.074797
4,725,72.7,67.207535,1,1,23.39247016906738,56.778316
4,285,13.9,17.21418,1,0,23.39247016906738,6.2914157
4,2724,13.2,4.5732164,1,0,23.39247016906738,9.379407
4,2725,0.906666667,2.7199156,1,1,23.39247016906738,6.572747
4,2263,2.358,1.8620985,1,1,23.39247016906738,1.6967225
4,1108,16.75,14.252622,1,1,23.39247016906738,5.727849
4,144,5.905,3.7391858,1,1,23.39247016906738,6.8236003
4,49,23.6,12.597687,1,1,23.39247016906738,37.69394
4,71,88.91,85.98477,1,1,23.39247016906738,18.013489
4,58,4.81,4.7334504,1,1,23.39247016906738,131.79626
4,273,18.1,14.992047,1,1,23.39247016906738,34.85634
4,2731,7.25,4.041754,1,0,23.39247016906738,4.1835523
4,286,18.7,38.536617,0,0,23.39247016906738,38.38236
4,58,4.5,5.3045874,1,1,23.39247016906738,132.69432
4,1866,4.05,4.453206,1,1,23.39247016906738,4.8022165
4,722,4.02,3.5026968,1,1,23.39247016906738,4.0535264
4,675,43.6,48.149097,1,1,23.39247016906738,56.61328
4,172,4.55,3.8745236,1,1,23.39247016906738,11.618111
4,1741,29.0,59.65875,0,0,23.39247016906738,31.231773
4,153,77.2,75.42309,1,1,23.39247016906738,39.01466
4,29,1.6,3.308937,1,1,23.39247016906738,17.005413
4,2534,41.4,31.573456,1,0,23.39247016906738,2.7533977
4,188,71.0,55.11593,0,1,23.39247016906738,40.77503
4,1866,5.21,4.029913,1,1,23.39247016906738,3.9538686
4,434,3.458,2.9828448,1,1,23.39247016906738,3.034599
4,74,72.2,80.86593,1,1,23.39247016906738,35.589718
4,74,91.9,85.39891,1,1,23.39247016906738,40.366352
4,1657,89.0,84.53585,1,1,23.39247016906738,26.89366
4,1090,19.8,13.094377,1,0,23.39247016906738,6.098848
4,74,93.8,82.04641,0,1,23.39247016906738,24.148573
4,74,94.0,79.92344,0,1,23.39247016906738,34.53506
4,2740,0.66,4.142721,1,1,23.39247016906738,11.138566
4,476,70.25,51.656395,0,1,23.39247016906738,49.023773
4,216,19.8,25.66578,1,1,23.39247016906738,26.106623
4,42,13.6,14.786002,1,1,23.39247016906738,24.531809
4,947,62.94,59.017696,1,1,23.39247016906738,55.64616
4,286,63.66666667,49.36085,0,0,23.39247016906738,25.062788
4,2743,65.9,75.040565,1,1,23.39247016906738,34.824566
4,1962,1.5,5.2629447,1,1,23.39247016906738,22.457237
4,436,50.0,44.92839,1,1,23.39247016906738,71.49232
4,379,0.22,1.0974408,1,0,23.39247016906738,1.3193203
4,429,33.0,31.379578,1,1,23.39247016906738,16.099293
4,810,32.3,14.927126,0,1,23.39247016906738,38.0199
4,798,1.54,2.5913568,1,1,23.39247016906738,6.833943
4,216,16.0,23.439125,1,1,23.39247016906738,25.213968
4,991,14.5,6.9571233,1,0,23.39247016906738,10.867264
4,65,18.7,22.33987,1,1,23.39247016906738,30.732395
4,630,4.78,4.389085,1,1,23.39247016906738,12.589307
4,1022,3.1,3.5264869,1,1,23.39247016906738,5.145934
4,675,38.4,51.28464,0,1,23.39247016906738,66.639824
4,1100,30.1,20.740543,1,1,23.39247016906738,21.139847
4,2746,6.2,25.478653,0,0,23.39247016906738,17.939615
4,49,9.0,12.9216,1,1,23.39247016906738,35.61303
4,2748,6.0,5.0570107,1,1,23.39247016906738,5.0661273
4,2057,26.25,28.929787,1,1,23.39247016906738,11.350455
4,216,19.5,25.587006,1,1,23.39247016906738,27.941948
4,1860,16.3,15.524228,1,1,23.39247016906738,7.902824
4,2750,8.6,3.3159826,1,0,23.39247016906738,5.4068894
4,31,49.0,52.956264,1,1,23.39247016906738,15.4609785
4,1674,77.0,59.66856,0,1,23.39247016906738,78.496185
4,42,20.0,24.71553,1,1,23.39247016906738,23.043367
4,65,25.9,15.9949665,1,1,23.39247016906738,23.176743
4,992,3.1,2.9785836,1,1,23.39247016906738,1.2489141
4,2755,6.4,1.8001351,1,0,23.39247016906738,5.716429
4,2756,44.0,49.696224,1,1,23.39247016906738,32.560062
4,144,5.855,3.748775,1,1,23.39247016906738,6.6832647
4,153,87.0,79.645294,1,1,23.39247016906738,29.048214
4,1946,40.4,24.509066,0,1,23.39247016906738,49.917694
4,1017,58.0,34.94122,0,1,23.39247016906738,56.452835
4,224,19.9,19.339046,1,1,23.39247016906738,13.130424
4,216,33.0,27.77373,1,1,23.39247016906738,37.395008
4,331,10.6,13.4842005,1,1,23.39247016906738,10.908869
4,2758,2.891666667,10.92464,1,1,23.39247016906738,30.471004
4,2759,11.9,7.3229914,1,0,23.39247016906738,7.117316
4,741,34.5,48.888123,0,1,23.39247016906738,48.310642
4,2760,1.658,1.7214843,1,1,23.39247016906738,4.472401
4,813,3.12,2.6413307,1,1,23.39247016906738,8.075094
4,1671,7.95,6.5584483,1,1,23.39247016906738,7.994841
4,2041,4.75,3.0804646,1,1,23.39247016906738,7.57185
4,2171,5.5,3.345582,1,1,23.39247016906738,6.5509057
4,1137,26.0,28.283514,1,1,23.39247016906738,16.45106
4,554,17.5,15.439413,1,1,23.39247016906738,22.340742
4,245,20.5,20.295336,1,1,23.39247016906738,22.08532
4,2195,0.87,1.7879453,1,0,23.39247016906738,1.4918236
4,2763,34.0,25.786507,1,1,23.39247016906738,16.818174
4,476,79.89,58.701527,0,1,23.39247016906738,63.320145
4,662,5.09,4.6914597,1,1,23.39247016906738,7.036074
4,1498,54.8,52.7293,1,1,23.39247016906738,42.44236
4,74,55.55,60.548138,1,1,23.39247016906738,34.440704
4,338,40.2,29.755596,1,1,23.39247016906738,25.237803
4,204,31.4,14.964643,0,0,23.39247016906738,9.683419
4,2189,5.02,20.79329,0,0,23.39247016906738,19.552944
4,1779,1.46,2.659446,1,1,23.39247016906738,3.704618
4,1924,5.57,2.5051653,1,0,23.39247016906738,5.252747
4,216,30.5,27.244917,1,1,23.39247016906738,19.362585
4,216,34.8,27.431662,1,1,23.39247016906738,25.015364
4,495,6.675,2.9843757,1,0,23.39247016906738,5.3789406
4,535,6.85,4.93538,1,1,23.39247016906738,5.038015
4,126,87.0,84.11692,1,1,23.39247016906738,34.931522
4,160,92.0,70.58081,0,1,23.39247016906738,47.017372
4,925,85.5,85.21466,1,1,23.39247016906738,25.474638
4,157,0.072,1.0961009,1,1,23.39247016906738,5.540957
4,216,30.6,24.446135,1,1,23.39247016906738,30.41344
4,2201,8.2,10.9260025,1,1,23.39247016906738,42.901596
4,153,72.5,78.64058,1,1,23.39247016906738,30.704702
4,495,7.05,3.5419457,1,0,23.39247016906738,6.6581297
4,487,77.0,83.660126,1,1,23.39247016906738,76.37114
4,1016,68.0,68.506035,1,1,23.39247016906738,58.673733
4,128,14.4,13.543067,1,1,23.39247016906738,6.507817
4,273,55.0,39.200657,0,1,23.39247016906738,38.641632
4,1167,4.5,4.385345,1,1,23.39247016906738,5.367837
4,2106,2.5,2.0344036,1,1,23.39247016906738,8.754979
4,542,24.0,16.866575,1,1,23.39247016906738,37.027348
4,282,37.58,35.24519,1,1,23.39247016906738,6.4748783
4,878,92.9,80.06832,0,1,23.39247016906738,43.002823
4,74,67.0,81.94121,0,1,23.39247016906738,48.595394
4,2401,0.48,1.3400989,1,1,23.39247016906738,6.676873
4,74,61.4,69.42273,1,1,23.39247016906738,57.366096
4,1844,29.5,27.928526,1,1,23.39247016906738,14.054091
4,431,4.57,5.6850734,1,1,23.39247016906738,5.9364367
4,2293,86.6,23.941574,0,0,23.39247016906738,48.369785
4,2774,4.7,2.932449,1,1,23.39247016906738,3.602746
4,417,75.0,96.35327,0,0,23.39247016906738,29.559504
4,774,74.0,69.879456,1,1,23.39247016906738,108.32734
4,2419,1.85,1.5002306,1,1,23.39247016906738,6.860871
4,2776,4.77,3.2198768,1,1,23.39247016906738,5.6581254
4,31,36.0,54.0777,0,0,23.39247016906738,20.883478
4,476,64.8,61.31994,1,1,23.39247016906738,54.485214
4,735,9.0,7.2500453,1,1,23.39247016906738,8.639564
4,236,28.0,53.625935,0,1,23.39247016906738,56.407955
4,2777,9.0,7.777885,1,1,23.39247016906738,7.219804
4,216,12.0,27.902193,0,0,23.39247016906738,23.91204
4,555,11.0,18.100376,1,1,23.39247016906738,49.167168
4,216,29.0,23.068192,1,1,23.39247016906738,31.311274
4,74,80.5,70.651665,1,1,23.39247016906738,40.52353
4,71,83.79,83.45157,1,1,23.39247016906738,40.309746
4,889,25.8,24.881718,1,1,23.39247016906738,47.553875
4,1485,1.27,2.9564507,1,1,23.39247016906738,3.7262158
4,1279,69.0,69.55702,1,1,23.39247016906738,58.58873
4,356,7.6,7.4602075,1,1,23.39247016906738,12.557605
4,52,84.0,81.95814,1,1,23.39247016906738,35.64228
4,1252,38.0,26.224646,0,1,23.39247016906738,35.37893
4,665,79.0,74.784355,1,1,23.39247016906738,37.990463
4,671,2.16,3.3952818,1,1,23.39247016906738,12.120684
4,2688,2.45,1.6339293,1,1,23.39247016906738,29.183615
4,487,90.0,75.00914,0,1,23.39247016906738,33.98998
4,1056,1.61,1.8555306,1,1,23.39247016906738,2.3190575
4,74,25.0,46.810444,0,1,23.39247016906738,62.555256
4,356,5.6,8.389744,1,1,23.39247016906738,6.5328298
4,1137,26.95,24.963823,1,1,23.39247016906738,8.224859
4,1844,32.4,26.83959,1,1,23.39247016906738,12.738407
4,2782,3.4375,6.154524,1,1,23.39247016906738,8.567681
4,669,3.2,1.9890097,1,1,23.39247016906738,4.385218
4,276,11.8,67.4711,0,0,23.39247016906738,43.286125
4,1863,0.22,0.5566304,1,1,23.39247016906738,4.978343
4,136,6.35,6.5397143,1,1,23.39247016906738,4.010272
4,2784,4.0,4.434764,1,1,23.39247016906738,3.9308403
4,1318,1.968,1.3853471,1,1,23.39247016906738,1.4850293
4,36,96.0,82.57999,0,0,23.39247016906738,16.587772
4,1332,83.0,80.00473,1,1,23.39247016906738,7.741652
4,417,52.0,98.97661,0,0,23.39247016906738,30.628723
4,890,9.54,9.263855,1,1,23.39247016906738,6.0737615
4,58,2.8,5.0140166,1,1,23.39247016906738,132.65051
4,273,28.0,14.85687,0,1,23.39247016906738,35.647408
4,1297,7.18,15.6736965,1,0,23.39247016906738,11.292265
4,1404,4.615,2.4385314,1,0,23.39247016906738,4.2943997
4,694,84.0,81.83637,1,1,23.39247016906738,42.00747
4,1056,1.87,2.786997,1,1,23.39247016906738,2.7369504
4,49,23.5,19.367575,1,1,23.39247016906738,34.193394
4,1029,1.92,2.8421886,1,1,23.39247016906738,5.748432
4,2458,9.24,2.563123,1,0,23.39247016906738,6.5183125
4,420,21.3,23.533754,1,1,23.39247016906738,11.195443
4,153,64.6,68.401,1,1,23.39247016906738,22.739798
4,1387,37.0,39.52634,1,1,23.39247016906738,39.351917
4,276,5.0,76.11363,0,0,23.39247016906738,55.89816
4,74,89.1,65.3319,0,0,23.39247016906738,46.848488
4,74,92.6,80.0396,0,1,23.39247016906738,35.119007
4,694,11.2,70.4842,0,0,23.39247016906738,29.354929
4,1845,5.185,3.6217055,1,1,23.39247016906738,5.671281
4,1152,22.0,31.200247,1,1,23.39247016906738,52.44796
4,476,77.75,66.08374,1,1,23.39247016906738,34.289745
4,2791,11.0,25.482592,0,1,23.39247016906738,53.986492
4,2097,9.0,8.745052,1,1,23.39247016906738,13.37443
4,694,39.6,69.706116,0,0,23.39247016906738,53.984802
4,640,32.8,33.888042,1,1,23.39247016906738,14.413534
4,40,0.032,-0.25642362,1,1,23.39247016906738,2.885545
4,392,12.7,11.118677,1,1,23.39247016906738,7.2660127
4,42,32.3,29.01634,1,1,23.39247016906738,17.584518
4,172,6.305,3.5177133,1,1,23.39247016906738,11.780673
4,2098,11.8,4.8674088,1,0,23.39247016906738,6.101824
4,49,4.96,17.20431,0,1,23.39247016906738,37.381573
4,286,56.1,55.05704,1,1,23.39247016906738,50.930153
4,252,19.8,19.44381,1,1,23.39247016906738,11.964972
4,286,56.1,52.057217,1,1,23.39247016906738,34.779858
4,49,21.6,16.693958,1,1,23.39247016906738,39.786503
4,420,21.2325,18.459131,1,1,23.39247016906738,10.148886
4,66,71.0,74.64944,1,1,23.39247016906738,45.209934
4,2795,2.145,3.624883,1,1,23.39247016906738,3.6387618
4,36,92.0,83.339226,1,0,23.39247016906738,12.715505
4,675,56.5,48.56779,1,1,23.39247016906738,68.434135
4,189,2.18,4.177217,1,1,23.39247016906738,7.760855
4,356,6.5,8.4942875,1,1,23.39247016906738,5.899023
4,2798,5.22,6.9914713,1,1,23.39247016906738,10.535471
4,74,74.3,76.61682,1,1,23.39247016906738,22.913462
4,90,32.0,25.125786,1,1,23.39247016906738,22.454813
4,429,14.8,25.876522,1,1,23.39247016906738,25.069626
4,423,2.035,6.6225805,1,0,23.39247016906738,8.250439
4,1221,11.0,11.271305,1,1,23.39247016906738,7.3436985
4,2452,1.3,2.6998515,1,1,23.39247016906738,4.4214683
4,218,7.5,9.412363,1,1,23.39247016906738,10.817913
4,1017,41.0,32.715134,1,1,23.39247016906738,59.72485
4,110,0.36,1.5127801,1,1,23.39247016906738,4.3616595
4,1263,7.75,4.4064784,1,1,23.39247016906738,15.665032
4,356,12.75,6.08365,1,0,23.39247016906738,6.614432
4,1137,27.7,24.786932,1,1,23.39247016906738,9.751482
4,1209,12.6,9.461787,1,1,23.39247016906738,10.348731
4,669,3.9,2.1024332,1,1,23.39247016906738,4.853252
4,301,28.0,78.38935,0,0,23.39247016906738,41.40827
4,2422,2.72,4.89196,1,1,23.39247016906738,13.527381
4,774,70.0,62.442924,1,1,23.39247016906738,84.86038
4,2801,53.5,47.888153,1,1,23.39247016906738,67.094536
4,675,69.3,51.43474,0,1,23.39247016906738,63.504047
4,128,12.5,15.516241,1,1,23.39247016906738,6.722443
4,1149,4.2,1.9907898,1,0,23.39247016906738,4.2284446
4,1056,1.74,1.8714966,1,1,23.39247016906738,2.307128
4,2803,0.59,1.1503928,1,1,23.39247016906738,2.5421417
4,2189,7.76,23.254696,0,0,23.39247016906738,18.191496
4,487,81.0,70.442444,1,1,23.39247016906738,38.151634
4,686,81.7,67.875015,0,0,23.39247016906738,14.018919
4,1618,37.0,55.663933,0,1,23.39247016906738,57.279343
4,216,22.0,30.665897,1,1,23.39247016906738,19.311111
4,2458,7.61,2.0949364,1,0,23.39247016906738,4.9582977
4,742,4.66,4.7936263,1,1,23.39247016906738,6.6301804
4,2364,6.13,7.2098675,1,1,23.39247016906738,5.430355
4,1017,48.0,73.098114,0,0,23.39247016906738,13.896515
4,1685,0.14,0.6314142,1,1,23.39247016906738,4.147484
4,36,90.0,71.09523,0,0,23.39247016906738,28.844633
4,357,5.0,4.334682,1,1,23.39247016906738,3.8304024
4,431,3.16,4.8599744,1,1,23.39247016906738,4.7079163
4,213,13.4,24.236097,1,0,23.39247016906738,20.827925
4,446,0.94,3.8472977,1,1,23.39247016906738,8.825904
4,2817,49.1,49.37811,1,1,23.39247016906738,31.752289
4,731,11.9,14.0139475,1,1,23.39247016906738,21.84743
4,2684,1.51,1.8970946,1,1,23.39247016906738,7.739165
4,42,23.2,23.787638,1,1,23.39247016906738,19.537945
4,71,41.0,63.993614,0,0,23.39247016906738,25.093134
4,74,89.65,83.68782,1,1,23.39247016906738,28.133411
4,497,12.85,8.566137,1,0,23.39247016906738,5.7598977
4,669,3.4,2.1487517,1,1,23.39247016906738,4.7503943
4,2274,10.0,14.199395,1,1,23.39247016906738,25.094412
4,1400,10.74,7.5513,1,1,23.39247016906738,16.015984
4,504,18.7,17.561007,1,1,23.39247016906738,5.2156434
4,717,13.0,15.8366585,1,1,23.39247016906738,15.113615
4,261,5.6,56.382225,0,0,23.39247016906738,27.335611
4,2821,23.6,21.448942,1,1,23.39247016906738,15.235822
4,753,21.0,25.734695,1,1,23.39247016906738,55.12694
4,289,2.1,2.099153,1,1,23.39247016906738,4.138754
4,487,91.0,82.2537,1,1,23.39247016906738,54.790916
4,1319,17.7,15.626447,1,1,23.39247016906738,5.9426513
4,136,10.6,9.195624,1,1,23.39247016906738,4.72627
4,153,47.4,52.2074,1,1,23.39247016906738,25.751396
4,2822,4.0,2.934233,1,1,23.39247016906738,4.5294485
4,2824,86.0,76.879074,1,1,23.39247016906738,52.49082
4,36,92.6,83.96488,1,0,23.39247016906738,13.442393
4,257,37.8,24.540468,0,1,23.39247016906738,26.685844
4,2825,3.3,2.5819724,1,1,23.39247016906738,10.207607
4,501,16.25,18.592342,1,1,23.39247016906738,22.790043
4,2827,13.7,13.709648,1,1,23.39247016906738,7.640395
4,370,15.5,12.0043955,1,1,23.39247016906738,8.668077
4,216,13.0,25.587006,0,1,23.39247016906738,27.941948
4,204,22.0,14.558021,1,0,23.39247016906738,12.531277
4,1435,3.04,5.1502924,1,1,23.39247016906738,8.498147
4,1235,65.0,71.93321,1,1,23.39247016906738,68.54268
4,497,11.5,8.566137,1,0,23.39247016906738,5.7598977
4,2830,10.3,4.0296803,1,0,23.39247016906738,5.3451796
4,364,6.29,2.2039566,1,0,23.39247016906738,4.8128753
4,286,65.4,51.948788,0,1,23.39247016906738,61.58531
4,65,27.3,19.003735,1,1,23.39247016906738,24.13654
4,286,82.0,58.15767,0,0,23.39247016906738,31.413195
4,49,25.5,22.044586,1,1,23.39247016906738,31.709253
4,216,34.3,18.578085,0,1,23.39247016906738,42.038208
4,179,4.46,5.460066,1,1,23.39247016906738,4.487211
4,2834,24.2,16.013456,1,1,23.39247016906738,42.94476
4,675,26.2,50.25685,0,1,23.39247016906738,53.260803
4,1558,8.2,12.604115,1,0,23.39247016906738,5.548788
4,1123,4.18,3.5859878,1,1,23.39247016906738,3.5233195
4,34,0.755,1.2220895,1,1,23.39247016906738,2.589776
4,2214,2.8,2.9307044,1,1,23.39247016906738,3.534965
4,356,10.2,6.4616084,1,1,23.39247016906738,7.8876944
4,487,83.2,68.44111,0,1,23.39247016906738,40.517235
4,429,18.0,21.909277,1,1,23.39247016906738,20.227015
4,161,5.5,9.671254,1,1,23.39247016906738,8.590826
4,333,7.0,4.734227,1,1,23.39247016906738,8.924438
4,273,20.2,17.439005,1,1,23.39247016906738,24.643385
4,1929,18.0,7.5814157,1,0,23.39247016906738,16.34158
4,354,4.68,3.4743855,1,1,23.39247016906738,8.143654
4,434,2.77,2.9488318,1,1,23.39247016906738,3.0458388
4,1929,0.22,8.934165,1,0,23.39247016906738,17.255644
4,671,2.1792,4.228376,1,1,23.39247016906738,13.354629
4,229,6.4,6.208062,1,1,23.39247016906738,5.8531485
4,2839,98.0,8.022137,0,0,23.39247016906738,40.931217
4,2464,19.0,77.86968,0,0,23.39247016906738,51.399773
4,1137,27.055,24.751368,1,1,23.39247016906738,10.177468
4,261,16.8,14.670581,1,1,23.39247016906738,53.853947
4,276,109.0,62.946156,0,0,23.39247016906738,69.599266
4,535,6.58,4.93585,1,1,23.39247016906738,4.0110292
4,74,25.6,47.63802,0,1,23.39247016906738,60.42389
4,179,2.54,7.141564,1,1,23.39247016906738,9.429991
4,49,74.0,77.29597,1,1,23.39247016906738,55.839973
4,2840,0.8,7.256975,1,1,23.39247016906738,25.589329
4,1019,24.3,28.10476,1,1,23.39247016906738,21.690166
4,1624,87.8,80.48616,1,1,23.39247016906738,28.256868
4,189,4.4,3.5776238,1,1,23.39247016906738,3.8480887
4,34,1.05,1.1049001,1,1,23.39247016906738,1.9516641
4,565,21.0,13.122514,1,0,23.39247016906738,11.310425
4,74,30.0,49.15472,0,1,23.39247016906738,64.19027
4,1249,50.0,59.4798,1,1,23.39247016906738,42.63169
4,491,2.6,2.7456398,1,1,23.39247016906738,4.073333
4,218,10.5,12.019858,1,1,23.39247016906738,6.065304
4,128,11.6,14.566276,1,0,23.39247016906738,4.602498
4,74,48.9,78.05054,0,0,23.39247016906738,37.840855
4,74,93.2,87.17438,1,1,23.39247016906738,37.035793
4,429,3.65,12.644157,1,1,23.39247016906738,33.6823
4,357,4.3,4.795499,1,1,23.39247016906738,3.7157934
4,74,46.0,62.001625,0,1,23.39247016906738,40.479713
4,1244,0.88,5.9773083,1,0,23.39247016906738,6.9023523
4,2092,0.76,2.993188,1,1,23.39247016906738,11.615469
4,675,90.7,60.869396,0,0,23.39247016906738,54.892414
4,222,1.35,1.6601052,1,1,23.39247016906738,3.566948
4,714,6.1,3.278705,1,0,23.39247016906738,4.0349045
4,813,4.0,2.7792673,1,1,23.39247016906738,7.528435
4,2458,9.6,2.445375,1,0,23.39247016906738,5.7568874
4,542,28.5,12.987127,0,0,23.39247016906738,30.238394
4,2850,5.4,8.083267,1,1,23.39247016906738,14.34726
4,216,27.0,26.005478,1,1,23.39247016906738,41.530117
4,286,27.1,41.04867,0,1,23.39247016906738,42.797577
4,476,81.0,52.02967,0,0,23.39247016906738,55.483833
4,154,1.15,2.7003517,1,0,23.39247016906738,2.9403718
4,289,2.91,3.330226,1,1,23.39247016906738,4.2512527
4,411,56.3,45.625492,1,1,23.39247016906738,51.57977
4,136,10.8,8.872014,1,1,23.39247016906738,4.7776284
4,1154,24.7,45.971535,0,0,23.39247016906738,26.473276
4,74,70.4,74.23785,1,1,23.39247016906738,55.17965
4,261,50.0,53.445393,1,1,23.39247016906738,52.187405
4,391,78.5,78.94798,1,1,23.39247016906738,19.655264
4,1414,4.02,5.923068,1,1,23.39247016906738,6.6850786
4,446,10.7,5.2682667,1,0,23.39247016906738,8.656347
4,415,13.2,5.996593,1,0,23.39247016906738,6.521047
4,65,31.2,22.098148,1,1,23.39247016906738,23.956512
4,282,36.5,10.374459,0,0,23.39247016906738,17.596886
4,2853,3.795,3.6870048,1,1,23.39247016906738,2.874808
4,742,16.70833333,14.376162,1,1,23.39247016906738,8.125764
4,1016,26.0,59.922478,0,0,23.39247016906738,45.628574
4,2252,8.6,8.488905,1,1,23.39247016906738,7.152387
4,567,18.0,17.756044,1,1,23.39247016906738,5.094274
4,1219,8.3,10.765298,1,1,23.39247016906738,12.277236
4,518,10.2,14.323254,1,1,23.39247016906738,14.622309
4,41,3.12,4.2787843,1,1,23.39247016906738,2.7033591
4,429,31.5,23.257122,1,1,23.39247016906738,27.601093
4,285,13.3,15.122413,1,1,23.39247016906738,5.689321
4,449,6.72,4.894751,1,1,23.39247016906738,6.9746227
4,2854,0.37,1.9088635,1,1,23.39247016906738,10.387273
4,88,3.94,3.5800548,1,1,23.39247016906738,6.7937713
4,2855,1.1,2.4466734,1,1,23.39247016906738,6.8625593
4,686,67.1,65.35577,1,1,23.39247016906738,24.731096
4,36,86.1,70.68925,0,1,23.39247016906738,32.65298
4,1669,37.75,23.081045,0,1,23.39247016906738,42.39695
4,630,5.67,4.4594674,1,1,23.39247016906738,11.828903
4,216,29.7,26.149431,1,1,23.39247016906738,41.434395
4,323,38.0,36.874268,1,1,23.39247016906738,4.8406243
4,1463,1.5,3.4340365,1,1,23.39247016906738,4.246936
4,45,23.85,29.771414,1,1,23.39247016906738,19.516502
4,1236,3.35,3.7793689,1,1,23.39247016906738,6.8890986
4,492,2.93,2.7414768,1,1,23.39247016906738,3.9387398
4,45,20.5,28.447811,1,0,23.39247016906738,11.10472
4,379,0.92,0.989183,1,1,23.39247016906738,1.6491838
4,1844,32.4,28.233635,1,1,23.39247016906738,13.22308
4,1028,32.0,28.886892,1,1,23.39247016906738,12.551073
4,594,8.6,6.4822874,1,1,23.39247016906738,6.083325
4,65,19.66428571,14.712072,1,1,23.39247016906738,23.000725
4,2174,1.25,3.1363509,1,0,23.39247016906738,3.6513252
4,216,36.0,30.725945,1,1,23.39247016906738,19.547895
4,504,19.0,17.244768,1,1,23.39247016906738,5.617098
4,189,9.9,4.473361,1,0,23.39247016906738,4.6746287
4,379,0.91,0.5938818,1,1,23.39247016906738,1.3983331
4,429,30.4,27.256195,1,1,23.39247016906738,10.5569515
4,2834,22.7,20.944366,1,1,23.39247016906738,40.408722
4,2869,3.3,4.9735804,1,1,23.39247016906738,4.8020725
4,2870,20.0,24.55244,1,1,23.39247016906738,26.199955
4,2872,1.0,3.086249,1,1,23.39247016906738,5.4383626
4,1108,9.4,16.838987,1,0,23.39247016906738,9.235937
4,1193,3.5,4.3252635,1,1,23.39247016906738,7.700302
4,160,90.0,65.247154,0,0,23.39247016906738,37.63977
4,2873,0.69,2.3924627,1,1,23.39247016906738,6.4976625
4,2446,3.7,3.4712036,1,1,23.39247016906738,3.1043613
4,216,40.0,22.29548,0,0,23.39247016906738,34.96011
4,74,47.2,77.06352,0,1,23.39247016906738,66.47441
4,52,84.0,83.58221,1,1,23.39247016906738,44.366386
4,115,6.73,6.6449966,1,1,23.39247016906738,2.34454
4,2875,4.2,7.286587,1,1,23.39247016906738,12.280153
4,853,11.6,4.8778915,1,0,23.39247016906738,5.703377
4,216,25.0,25.728384,1,1,23.39247016906738,30.768589
4,24,37.0,27.262966,1,0,23.39247016906738,15.831122
4,2334,13.2,10.80566,1,1,23.39247016906738,6.674432
4,1175,0.13,0.34852004,1,1,23.39247016906738,2.2743895
4,286,52.2,53.035877,1,1,23.39247016906738,49.801704
4,600,28.3,6.047473,0,1,23.39247016906738,46.4244
4,286,78.35,64.881645,0,0,23.39247016906738,17.910044
4,601,0.058,1.359123,1,0,23.39247016906738,2.3471088
4,216,23.0,26.591326,1,1,23.39247016906738,20.583307
4,286,29.2,55.69184,0,0,23.39247016906738,39.65754
4,401,5.352857143,2.4390347,1,1,23.39247016906738,6.7199197
4,49,14.5,15.144299,1,1,23.39247016906738,32.934425
4,2303,5.04,3.2401626,1,1,23.39247016906738,6.3296304
4,890,9.82,9.274158,1,1,23.39247016906738,6.0737615
4,1587,36.0,29.62719,1,1,23.39247016906738,28.278374
4,2881,0.435,3.9460056,1,1,23.39247016906738,13.765556
4,36,86.0,54.948067,0,0,23.39247016906738,29.611467
4,210,38.0,34.72085,1,1,23.39247016906738,21.400745
4,2685,37.0,30.93987,1,1,23.39247016906738,29.58614
4,2885,1.68,4.7040124,1,1,23.39247016906738,9.995521
4,36,75.6,65.653496,1,1,23.39247016906738,36.923958
4,1167,5.44,3.4269779,1,1,23.39247016906738,4.901141
4,925,73.5,73.63916,1,1,23.39247016906738,23.10385
4,1277,26.1,26.996443,1,1,23.39247016906738,28.174091
4,2607,0.34,0.12897116,1,1,23.39247016906738,0.83657885
4,993,4.54,7.854862,1,1,23.39247016906738,7.554106
4,594,10.6,7.9151564,1,1,23.39247016906738,5.6005692
4,2888,1.535,1.7879158,1,1,23.39247016906738,10.856107
4,203,13.5,16.018068,1,1,23.39247016906738,11.243916
4,2889,3.6,1.4965489,1,1,23.39247016906738,5.9579296
4,810,30.0,22.41162,1,1,23.39247016906738,24.38243
4,1843,0.57,0.56239396,1,1,23.39247016906738,1.6030394
4,65,30.675,31.700628,1,1,23.39247016906738,112.075165
4,2893,100.0,62.881298,0,0,23.39247016906738,58.986656
4,216,16.5,17.040205,1,1,23.39247016906738,30.064747
4,189,7.85,3.8639708,1,0,23.39247016906738,4.259513
4,74,93.6,87.54293,1,1,23.39247016906738,35.6799
4,1685,0.37,0.59787107,1,1,23.39247016906738,1.5183096
4,1220,5.6,5.707363,1,1,23.39247016906738,7.070316
4,890,10.45,9.378809,1,1,23.39247016906738,6.0737615
4,136,10.122,8.351795,1,1,23.39247016906738,4.1796484
4,1475,34.8,50.7651,0,0,23.39247016906738,20.407293
4,281,92.0,66.995605,0,1,23.39247016906738,62.715202
4,153,71.5,59.8127,1,1,23.39247016906738,58.831955
4,2201,4.5,11.42319,1,1,23.39247016906738,45.69055
4,1448,1.95,2.5486364,1,1,23.39247016906738,4.3073444
4,681,4.33,2.8707867,1,1,23.39247016906738,3.819253
4,1699,3.1,2.9505997,1,1,23.39247016906738,4.3352647
4,204,37.0,27.948175,1,0,23.39247016906738,17.271528
4,144,6.61,4.1245837,1,1,23.39247016906738,6.9512353
4,2898,3.8,2.78044,1,1,23.39247016906738,5.3292155
4,352,11.64,10.896224,1,1,23.39247016906738,7.2830095
4,216,6.5,19.141495,0,1,23.39247016906738,28.843971
4,189,5.8,2.3815134,1,0,23.39247016906738,3.6382325
4,2328,75.0,59.80441,0,1,23.39247016906738,55.273132
4,189,11.0,4.402159,1,0,23.39247016906738,7.943652
4,286,4.0,47.06968,0,0,23.39247016906738,55.05631
4,45,32.0,32.771515,1,1,23.39247016906738,17.234701
4,115,6.43,6.833591,1,1,23.39247016906738,2.932751
4,317,59.0,48.102615,1,1,23.39247016906738,59.58967
4,160,91.0,63.283646,0,0,23.39247016906738,49.865246
4,1223,27.8,40.58324,0,1,23.39247016906738,49.136257
4,42,22.3,23.95451,1,1,23.39247016906738,19.537945
4,429,13.975,15.483263,1,1,23.39247016906738,30.117006
4,216,36.0,26.048355,1,0,23.39247016906738,15.742879
4,42,7.3,12.544699,1,1,23.39247016906738,27.167686
4,492,5.15,2.6656055,1,0,23.39247016906738,3.9819908
4,273,23.0,15.812706,1,1,23.39247016906738,35.63855
4,42,42.0,51.906258,1,1,23.39247016906738,80.551834
4,137,6.0,27.888405,0,1,23.39247016906738,46.175896
4,76,6.4,8.050798,1,1,23.39247016906738,4.931854
4,281,99.3,79.36187,0,1,23.39247016906738,42.285046
4,495,1.9425,4.3055043,1,1,23.39247016906738,10.257173
4,2899,1.5,2.2798803,1,1,23.39247016906738,5.6567636
4,429,25.0,28.960037,1,1,23.39247016906738,16.582941
4,286,65.8,46.075485,0,1,23.39247016906738,59.050304
4,1249,27.0,53.70146,0,0,23.39247016906738,40.9892
4,1398,30.0,20.970007,1,1,23.39247016906738,56.694473
4,429,21.0,24.056684,1,1,23.39247016906738,17.415968
4,65,29.58571429,22.03807,1,1,23.39247016906738,25.332012
4,429,2.1,8.722471,1,1,23.39247016906738,26.206644
4,1112,4.1,4.633083,1,1,23.39247016906738,6.300853
4,222,0.51,1.6601052,1,1,23.39247016906738,3.880252
4,567,14.3,17.549551,1,0,23.39247016906738,6.2451453
4,1687,0.275,10.314116,1,1,23.39247016906738,22.46498
4,286,33.0,59.662624,0,0,23.39247016906738,25.850916
4,260,4.52,9.14629,1,1,23.39247016906738,38.513996
4,1618,74.5,54.936375,0,1,23.39247016906738,53.371574
4,204,29.6,15.250168,0,0,23.39247016906738,12.325197
4,115,7.135,6.6689186,1,1,23.39247016906738,1.6468472
4,60,38.8,36.281254,1,1,23.39247016906738,18.406668
4,78,4.3,5.77815,1,1,23.39247016906738,3.9627986
4,1193,3.7325,6.002298,1,1,23.39247016906738,6.3909955
4,784,4.92,8.649951,1,0,23.39247016906738,7.206578
4,276,82.0,73.30913,1,1,23.39247016906738,56.808933
4,2685,37.0,30.282356,1,1,23.39247016906738,34.509
4,36,18.0,36.550915,0,0,23.39247016906738,30.007957
4,542,20.0,20.660429,1,1,23.39247016906738,34.095226
4,1697,2.8,3.8118498,1,1,23.39247016906738,6.978204
4,153,88.5,90.19966,1,1,23.39247016906738,14.666698
4,45,5.55,29.991358,0,0,23.39247016906738,14.721651
4,2904,2.9,4.1909466,1,1,23.39247016906738,11.572728
4,2680,3.94,17.155954,0,1,23.39247016906738,92.95859
4,49,45.0,62.23965,0,1,23.39247016906738,59.571133
4,446,10.1,4.0015206,1,0,23.39247016906738,8.132597
4,356,7.85,6.8278236,1,1,23.39247016906738,5.185874
4,210,38.2,36.671734,1,1,23.39247016906738,14.853927
4,504,18.55,16.771599,1,1,23.39247016906738,5.588851
4,36,85.8,69.69432,0,1,23.39247016906738,38.826733
4,1386,93.8,71.322105,0,0,23.39247016906738,28.439695
4,2908,1.34,4.1224422,1,1,23.39247016906738,11.752759
4,216,40.0,16.47501,0,0,23.39247016906738,30.702848
4,74,0.3,57.734955,0,0,23.39247016906738,52.15645
4,356,11.63333333,6.7030826,1,1,23.39247016906738,10.225033
4,65,31.5,22.23863,1,1,23.39247016906738,25.398869
4,1645,1.3,2.715624,1,1,23.39247016906738,6.5104365
4,153,73.0,50.831047,0,1,23.39247016906738,55.67357
4,153,41.3,49.23052,1,1,23.39247016906738,30.312616
4,1209,14.51,7.1618733,1,0,23.39247016906738,10.620017
4,542,32.0,13.648795,0,0,23.39247016906738,36.185585
4,918,7.65,6.051163,1,1,23.39247016906738,5.6289725
4,897,0.047,1.1924398,1,1,23.39247016906738,4.069505
4,604,10.6,12.184047,1,1,23.39247016906738,5.0231113
4,830,32.0,54.732525,0,0,23.39247016906738,33.615685
4,261,41.3,47.52045,1,1,23.39247016906738,56.420208
4,67,2.29,2.5000541,1,1,23.39247016906738,3.857344
4,74,92.85,82.70684,1,1,23.39247016906738,67.83358
4,236,90.83333333,84.94137,1,1,23.39247016906738,23.226492
4,2912,1.3,4.0746155,1,1,23.39247016906738,21.189863
4,204,28.0,20.227858,1,1,23.39247016906738,24.187971
4,354,6.42,3.7071486,1,1,23.39247016906738,8.748904
4,1844,32.0,28.726473,1,1,23.39247016906738,11.487906
4,286,72.35,60.5202,0,1,23.39247016906738,31.74089
4,600,26.9,6.7702575,0,1,23.39247016906738,45.997784
4,204,17.0,13.525913,1,1,23.39247016906738,13.592258
4,42,23.6,22.636684,1,1,23.39247016906738,26.441654
4,495,3.736666667,2.6802545,1,1,23.39247016906738,4.988992
4,671,1.2,4.128358,1,1,23.39247016906738,17.215027
4,1475,44.4,50.760273,1,1,23.39247016906738,25.58033
4,510,89.5,81.00798,1,1,23.39247016906738,27.637562
4,2916,2.9,4.365738,1,1,23.39247016906738,14.664366
4,913,4.25,2.5482705,1,1,23.39247016906738,4.7457247
4,1485,4.22,3.4445589,1,1,23.39247016906738,3.8601906
4,338,45.8,23.374775,0,0,23.39247016906738,30.870026
4,878,76.2,75.538155,1,1,23.39247016906738,18.893114
4,1307,0.32,1.2996172,1,1,23.39247016906738,3.7795835
4,2917,2.4,4.6698103,1,1,23.39247016906738,6.4383736
4,120,7.46,7.7350955,1,1,23.39247016906738,17.81286
4,392,13.5,13.346146,1,1,23.39247016906738,4.235823
4,2004,5.5,9.331712,1,1,23.39247016906738,27.787077
4,964,9.52,8.859376,1,1,23.39247016906738,3.8780904
4,1112,3.1,4.6225,1,1,23.39247016906738,6.320482
4,45,24.0,29.771414,1,1,23.39247016906738,18.081833
4,491,4.0,3.2833445,1,1,23.39247016906738,5.030672
4,1498,59.8,48.80868,1,1,23.39247016906738,46.243855
4,880,7.0,43.33531,0,0,23.39247016906738,28.562414
4,74,60.1,62.14949,1,1,23.39247016906738,55.461567
4,189,2.92,2.4235222,1,1,23.39247016906738,3.4264336
4,2926,6.73,3.6192744,1,0,23.39247016906738,6.0607934
4,1048,29.0,15.043367,0,0,23.39247016906738,14.983034
4,2364,9.03,9.244897,1,1,23.39247016906738,4.5931277
4,2827,12.1,13.505477,1,1,23.39247016906738,7.164178
4,1597,69.0,60.774727,1,1,23.39247016906738,40.1056
4,1475,43.8,50.666454,1,1,23.39247016906738,23.727825
4,2930,0.06,0.7368704,1,1,23.39247016906738,5.303895
4,286,57.6,58.013123,1,1,23.39247016906738,55.783592
4,2458,8.77,2.4611099,1,0,23.39247016906738,4.800834
4,2415,0.755,1.9670459,1,1,23.39247016906738,4.2452483
4,415,15.2,7.802402,1,0,23.39247016906738,13.28395
4,161,10.8,9.863737,1,1,23.39247016906738,4.8596807
4,1318,0.66,0.1821154,1,1,23.39247016906738,2.497054
4,429,12.3,19.75366,1,1,23.39247016906738,41.77925
4,1100,24.5,21.518642,1,1,23.39247016906738,21.297707
4,675,88.1,57.288826,0,0,23.39247016906738,49.99372
4,286,91.5,70.986755,0,0,23.39247016906738,16.453226
4,830,36.0,52.838158,0,0,23.39247016906738,29.654774
4,829,2.575,3.6904967,1,1,23.39247016906738,4.790204
4,2934,7.4,3.2456827,1,1,23.39247016906738,10.202634
4,446,10.2,3.7120376,1,0,23.39247016906738,6.130063
4,1428,23.5,27.531252,1,1,23.39247016906738,14.47767
4,144,6.6,4.5040417,1,1,23.39247016906738,7.0475864
4,338,48.0,30.33689,0,0,23.39247016906738,26.724562
4,2180,4.15,2.1682723,1,1,23.39247016906738,8.962033
4,286,75.0,62.66553,0,1,23.39247016906738,41.188496
4,189,6.225,3.8096936,1,0,23.39247016906738,4.259513
4,31,23.0,50.996857,0,0,23.39247016906738,39.326897
4,74,54.5,79.582825,0,1,23.39247016906738,51.260162
4,2935,14.17727273,14.008518,1,1,23.39247016906738,7.441531
4,154,2.04,2.588897,1,1,23.39247016906738,2.9403718
4,604,10.7,13.26604,1,1,23.39247016906738,5.2047358
4,1235,51.0,55.27672,1,1,23.39247016906738,32.94498
4,429,22.45,23.634224,1,1,23.39247016906738,25.689737
4,2449,8.9,7.648896,1,1,23.39247016906738,5.7231455
4,686,76.4,62.08723,0,0,23.39247016906738,16.597153
4,1209,11.1,9.085849,1,1,23.39247016906738,9.791373
4,276,2.0,67.37105,0,0,23.39247016906738,40.06314
4,90,19.5,30.593348,1,0,23.39247016906738,20.487244
4,2593,0.8,3.1571007,1,1,23.39247016906738,7.3938174
4,1787,1.52,0.9299574,1,1,23.39247016906738,1.6267501
4,157,0.117,1.184641,1,1,23.39247016906738,5.2656603
4,1137,28.5,27.36424,1,1,23.39247016906738,7.1548276
4,1946,47.0,26.075798,0,1,23.39247016906738,42.233494
4,429,33.0,26.591599,1,1,23.39247016906738,32.791145
4,663,6.0,1.493914,1,0,23.39247016906738,6.327272
4,289,2.34,2.3527372,1,1,23.39247016906738,4.079881
4,224,20.2,19.943098,1,1,23.39247016906738,12.915097
4,189,5.9,3.6217182,1,0,23.39247016906738,4.070656
4,601,0.0195,1.2603059,1,0,23.39247016906738,2.3471088
4,2685,37.0,31.952982,1,1,23.39247016906738,25.414024
4,382,102.0,105.25655,1,1,23.39247016906738,51.883915
4,227,1.85,2.2556226,1,1,23.39247016906738,2.867155
4,2252,4.1,8.76169,1,0,23.39247016906738,7.3281074
4,216,28.414,26.386818,1,1,23.39247016906738,40.546227
4,189,5.95,3.7281835,1,0,23.39247016906738,4.0578117
4,65,28.0,20.929676,1,1,23.39247016906738,26.164381
4,42,19.645,24.2577,1,1,23.39247016906738,38.61754
4,1643,1.7,5.271725,1,0,23.39247016906738,5.9225035
4,1924,6.415,2.947641,1,0,23.39247016906738,6.331198
4,286,25.2,56.347687,0,0,23.39247016906738,53.062412
4,683,3.0,5.1753616,1,1,23.39247016906738,5.633956
4,1758,71.0,78.9254,1,1,23.39247016906738,46.151115
4,600,27.4,6.9369082,0,1,23.39247016906738,45.944626
4,2942,1.75,3.010865,1,1,23.39247016906738,9.960848
4,2682,0.67,1.5874763,1,1,23.39247016906738,4.577429
4,128,13.8,14.443395,1,1,23.39247016906738,4.1360116
4,925,17.0,83.5544,0,0,23.39247016906738,52.29145
4,216,9.5875,28.186705,0,0,23.39247016906738,28.527758
4,2943,2.5,3.6603146,1,1,23.39247016906738,25.259602
4,236,87.2,84.98655,1,1,23.39247016906738,17.330652
4,1137,24.225,24.754868,1,1,23.39247016906738,10.637551
4,2946,3.74,5.336822,1,1,23.39247016906738,5.31918
4,1941,1.9,2.5680122,1,1,23.39247016906738,2.6099286
4,31,60.5,56.628353,1,1,23.39247016906738,18.16752
4,74,77.3,76.48634,1,1,23.39247016906738,36.12291
4,1219,9.6,11.584565,1,1,23.39247016906738,10.6491
4,601,0.022,1.3040303,1,0,23.39247016906738,2.3266284
4,74,32.2,56.552483,0,1,23.39247016906738,66.016205
4,35,35.0,22.572792,0,1,23.39247016906738,46.326603
4,42,30.2,26.776804,1,1,23.39247016906738,22.764902
4,2948,2.6,4.589667,1,1,23.39247016906738,9.891354
4,1941,2.28,2.5214775,1,1,23.39247016906738,2.6099286
4,504,19.1,17.538937,1,1,23.39247016906738,5.0428247
4,2821,22.7,22.120138,1,1,23.39247016906738,15.984235
4,1170,4.55,4.0148296,1,1,23.39247016906738,4.4316726
4,1872,4.24,3.2949364,1,1,23.39247016906738,4.714648
4,686,79.6,68.94968,1,0,23.39247016906738,17.443377
4,1782,4.89,2.0839486,1,0,23.39247016906738,5.0185566
4,542,24.0,11.65968,0,1,23.39247016906738,28.28697
4,2954,62.0,77.70114,0,1,23.39247016906738,37.2441
4,7,7.91,8.096974,1,1,23.39247016906738,9.799255
4,2263,1.7,0.787931,1,1,23.39247016906738,21.819988
4,2955,124.5,87.14506,0,0,23.39247016906738,50.947956
4,2081,91.0,82.95821,1,1,23.39247016906738,18.645168
4,867,9.64,7.5067015,1,1,23.39247016906738,5.175882
4,286,65.6,56.395817,1,1,23.39247016906738,38.612083
4,542,18.0,13.599999,1,1,23.39247016906738,36.71656
4,314,3.23,3.6172733,1,1,23.39247016906738,6.307126
4,947,63.38,55.695877,1,1,23.39247016906738,52.005856
4,2671,50.0,60.6682,1,1,23.39247016906738,30.753176
4,74,89.6,68.6725,0,0,23.39247016906738,37.679977
4,1448,1.66,1.934445,1,1,23.39247016906738,3.0242143
4,772,1.25,1.6856903,1,1,23.39247016906738,4.9792485
4,153,45.0,50.497036,1,1,23.39247016906738,30.81233
4,947,13.2,22.790653,1,1,23.39247016906738,72.07697
4,604,10.58,11.805334,1,1,23.39247016906738,4.989025
4,2960,0.0157,2.4863591,1,1,23.39247016906738,6.8427124
4,762,4.71,4.6991725,1,1,23.39247016906738,7.652652
4,1587,42.5,28.97096,0,0,23.39247016906738,25.773186
4,35,28.0,25.440773,1,1,23.39247016906738,74.48181
4,898,91.0,32.49518,0,0,23.39247016906738,68.88046
4,750,7.29,5.7280097,1,0,23.39247016906738,2.072249
4,331,13.4,15.018182,1,1,23.39247016906738,10.22879
4,289,2.6,2.986073,1,1,23.39247016906738,4.205319
4,2964,28.0,25.583557,1,1,23.39247016906738,21.033342
4,683,3.4,4.6956353,1,1,23.39247016906738,5.9611845
4,2966,80.4,68.00132,0,1,23.39247016906738,39.433334
4,2680,3.54,17.155954,0,1,23.39247016906738,92.95859
4,2967,43.0,41.634434,1,1,23.39247016906738,24.347198
4,429,19.98,16.133888,1,1,23.39247016906738,21.355108
4,289,2.88,3.0813417,1,1,23.39247016906738,4.5023723
4,567,17.97,17.756044,1,1,23.39247016906738,5.094274
4,34,1.16,1.1809046,1,1,23.39247016906738,2.3884323
4,65,0.77,9.376685,1,0,23.39247016906738,12.700555
4,640,18.0,28.396244,1,0,23.39247016906738,15.876729
4,286,71.6,58.9634,0,1,23.39247016906738,44.337936
4,798,12.4,12.121365,1,1,23.39247016906738,4.842693
4,58,4.66,4.7444935,1,1,23.39247016906738,131.79626
4,306,2.8,6.8853955,1,0,23.39247016906738,5.028024
4,286,9.0,53.865475,0,0,23.39247016906738,35.26448
4,1350,9.5,12.53633,1,0,23.39247016906738,5.619713
4,338,43.0,29.755596,0,0,23.39247016906738,25.237803
4,862,3.27,7.0630527,1,1,23.39247016906738,12.757811
4,2174,1.53,2.2452135,1,1,23.39247016906738,4.0857644
4,420,21.1,14.938661,1,0,23.39247016906738,11.976631
4,686,83.8,69.830376,0,0,23.39247016906738,8.881376
4,785,1.585,2.4907594,1,1,23.39247016906738,5.979389
4,604,18.2,11.032666,1,0,23.39247016906738,4.8125105
4,74,93.2,85.09966,1,0,23.39247016906738,11.954407
4,1783,4.2,3.3573601,1,1,23.39247016906738,3.4064682
4,2446,4.1,3.5587337,1,1,23.39247016906738,3.2248762
4,45,15.0,28.705887,0,0,23.39247016906738,10.820549
4,614,2.0,3.6972904,1,1,23.39247016906738,6.9400983
4,325,4.99,6.019701,1,1,23.39247016906738,4.9972143
4,379,0.82,0.58754325,1,1,23.39247016906738,1.213731
4,227,1.61,1.5720133,1,1,23.39247016906738,3.5099697
4,2452,3.25,1.9492544,1,1,23.39247016906738,5.0191336
4,1436,8.86,6.588398,1,1,23.39247016906738,6.1317163
4,289,1.98,2.0745273,1,1,23.39247016906738,4.6091404
4,74,59.0,54.277107,1,1,23.39247016906738,60.657578
4,2980,1.3,1.4812129,1,1,23.39247016906738,6.9452043
4,42,29.375,27.671223,1,1,23.39247016906738,17.841452
4,286,83.0,67.031265,0,0,23.39247016906738,16.596878
4,276,83.0,84.41669,1,1,23.39247016906738,43.230247
4,74,28.1,74.41282,0,0,23.39247016906738,58.291786
4,2839,117.5,7.837654,0,0,23.39247016906738,37.96376
4,2982,3.15,4.9172573,1,1,23.39247016906738,9.048545
4,35,22.0,15.870302,1,1,23.39247016906738,57.016373
4,1108,23.6,17.453747,1,1,23.39247016906738,12.336143
4,2983,5.075,2.3302712,1,0,23.39247016906738,5.317203
4,172,4.5975,3.8250272,1,1,23.39247016906738,12.324226
4,798,14.1,12.899615,1,1,23.39247016906738,5.9026346
4,286,62.9,62.079674,1,1,23.39247016906738,66.55642
4,2984,1.8,8.178228,1,0,23.39247016906738,10.708596
4,2987,7.666666667,12.705278,1,1,23.39247016906738,51.14099
4,614,3.3,3.2387903,1,1,23.39247016906738,6.3935857
4,2334,13.2,10.80566,1,1,23.39247016906738,6.674432
4,2988,24.0,27.744543,1,1,23.39247016906738,11.286603
4,273,19.8,29.339758,1,1,23.39247016906738,53.681053
4,36,0.3,62.88946,0,0,23.39247016906738,38.898975
4,2990,4.0,5.920327,1,1,23.39247016906738,7.7715774
4,42,8.56,21.966507,0,1,23.39247016906738,41.703243
4,632,0.53,1.0592839,1,1,23.39247016906738,3.9127214
4,222,1.16,1.6601052,1,1,23.39247016906738,3.566948
4,74,92.1,89.21742,1,1,23.39247016906738,9.24861
4,2991,0.67,1.6349123,1,1,23.39247016906738,7.201117
4,1352,2.64,2.699791,1,1,23.39247016906738,3.2557867
4,686,84.6,70.356064,0,0,23.39247016906738,7.430272
4,2964,22.0,23.883732,1,1,23.39247016906738,28.698908
4,1758,103.0,74.931946,0,0,23.39247016906738,47.06082
4,65,27.3,22.610435,1,1,23.39247016906738,32.826054
4,314,4.65,4.183495,1,1,23.39247016906738,6.291771
4,1881,22.0,28.645407,1,1,23.39247016906738,45.527046
4,863,111.0,97.97492,0,1,23.39247016906738,60.34483
4,415,10.1,5.919456,1,0,23.39247016906738,6.10997
4,392,13.45,11.765867,1,1,23.39247016906738,7.052915
4,2292,2.3,1.2829863,1,1,23.39247016906738,14.587287
4,1866,5.8,3.552106,1,0,23.39247016906738,3.9023318
4,58,4.7,13.29805,1,1,23.39247016906738,120.94198
4,1946,27.6,19.244793,1,1,23.39247016906738,49.92087
4,618,9.12,6.4377995,1,1,23.39247016906738,8.351741
4,1277,13.3,18.601686,1,1,23.39247016906738,23.204107
4,1352,2.62,2.607958,1,1,23.39247016906738,3.2557867
4,2795,2.1,3.624883,1,1,23.39247016906738,3.6387618
4,521,2.8,3.4796212,1,1,23.39247016906738,3.7388833
4,1844,32.6,28.201653,1,1,23.39247016906738,13.541029
4,172,7.45,3.7006698,1,1,23.39247016906738,8.251352
4,1154,36.4,35.086678,1,1,23.39247016906738,28.66609
4,70,8.7,7.5941033,1,1,23.39247016906738,6.0959787
4,1782,6.07,2.3617995,1,0,23.39247016906738,5.568464
4,925,73.1,61.890656,1,1,23.39247016906738,40.31982
4,930,4.3,4.8979254,1,1,23.39247016906738,9.3593025
4,2092,0.28,1.6239233,1,1,23.39247016906738,11.071906
4,415,14.72,6.231824,1,0,23.39247016906738,6.5779424
4,317,81.0,57.484364,0,1,23.39247016906738,81.988884
4,2994,12.5,9.604637,1,1,23.39247016906738,10.931139
4,182,5.4,4.0421963,1,1,23.39247016906738,4.6648717
4,189,3.65,3.53427,1,1,23.39247016906738,3.7667582
4,115,4.67,5.2901964,1,1,23.39247016906738,3.4913657
4,286,91.5,71.74236,0,0,23.39247016906738,9.761009
4,675,93.5,51.455208,0,0,23.39247016906738,47.07988
4,1277,27.9,23.141106,1,1,23.39247016906738,25.705929
4,45,47.7,36.109573,1,1,23.39247016906738,86.53981
4,576,7.29,5.133115,1,1,23.39247016906738,5.2053676
4,509,12.0,10.458116,1,1,23.39247016906738,8.294169
4,45,23.0,29.037642,1,1,23.39247016906738,16.82346
4,2069,1.94,2.5475974,1,1,23.39247016906738,4.7974358
4,516,79.0,77.558716,1,1,23.39247016906738,11.2244835
4,1597,73.0,65.493065,1,1,23.39247016906738,34.61646
4,153,68.0,67.64525,1,1,23.39247016906738,38.061386
4,542,23.2,19.836605,1,1,23.39247016906738,34.23413
4,487,94.0,86.58678,1,1,23.39247016906738,65.75899
4,34,1.53,1.2742932,1,1,23.39247016906738,1.9876928
4,169,5.4,2.5877306,1,1,23.39247016906738,7.832149
4,1040,0.178,2.7114143,1,1,23.39247016906738,5.1347704
4,261,26.7,14.6386,0,1,23.39247016906738,53.853947
4,74,88.1,67.52252,0,0,23.39247016906738,38.161076
4,1318,0.142,-0.017332913,1,1,23.39247016906738,0.5975347
4,356,6.1,3.7947,1,1,23.39247016906738,5.524621
4,714,5.13,3.2403092,1,1,23.39247016906738,3.8780456
4,1108,19.35,16.838987,1,1,23.39247016906738,9.235937
4,354,6.14,3.8453712,1,1,23.39247016906738,7.9744477
4,609,6.0,4.973082,1,1,23.39247016906738,15.261198
4,1199,37.5,43.562912,1,1,23.39247016906738,60.134132
4,236,50.0,55.16456,1,1,23.39247016906738,50.44868
4,40,1.587,4.168519,1,1,23.39247016906738,7.2796383
4,356,6.245,8.555973,1,1,23.39247016906738,9.403652
4,1481,4.97,4.915399,1,1,23.39247016906738,5.7813315
4,675,50.05,49.03249,1,1,23.39247016906738,56.61371
4,157,0.025,1.0841422,1,1,23.39247016906738,5.217472
4,491,2.465,1.9999785,1,1,23.39247016906738,3.5466383
4,3005,0.94,2.516296,1,1,23.39247016906738,8.391125
4,1837,5.95,5.3286633,1,1,23.39247016906738,7.1933947
4,925,83.0,71.053925,0,0,23.39247016906738,19.993969
4,229,4.9,5.5659933,1,1,23.39247016906738,9.30187
4,315,30.7,32.19886,1,1,23.39247016906738,6.6833067
4,2349,2.425,7.6125236,1,1,23.39247016906738,17.717955
4,1221,11.5,11.946136,1,1,23.39247016906738,4.9650254
4,604,7.8,11.16797,1,0,23.39247016906738,4.778713
4,136,1.86,4.0091634,1,0,23.39247016906738,3.807668
4,890,9.49,9.186834,1,1,23.39247016906738,5.818284
4,67,2.76,2.698926,1,1,23.39247016906738,3.8885791
4,968,1.11,4.7991176,1,0,23.39247016906738,6.9433036
4,1640,13.65,9.364884,1,1,23.39247016906738,9.858295
4,3009,1.85,5.791646,1,1,23.39247016906738,16.52174
4,90,35.0,26.269014,1,1,23.39247016906738,25.830389
4,1019,21.83333333,27.391018,1,1,23.39247016906738,25.18936
4,3011,1.17,1.4495465,1,1,23.39247016906738,3.5087574
4,1947,0.78,0.5360447,1,1,23.39247016906738,4.3957815
4,2889,1.35,1.4965489,1,1,23.39247016906738,5.9579296
4,504,18.25,17.650698,1,1,23.39247016906738,5.959862
4,898,64.0,69.967064,1,1,23.39247016906738,52.869198
4,285,17.0,16.296755,1,1,23.39247016906738,8.63937
4,306,2.6,7.6396112,1,0,23.39247016906738,5.641655
4,189,11.2,4.197392,1,0,23.39247016906738,6.660098
4,3014,3.6,4.355103,1,1,23.39247016906738,10.645245
4,2171,5.5,3.1380212,1,1,23.39247016906738,6.5509057
4,58,3.51,9.07275,1,1,23.39247016906738,130.4078
4,492,2.25,2.7852368,1,1,23.39247016906738,3.917874
4,1387,37.0,29.518663,1,1,23.39247016906738,29.769405
4,1209,12.45,8.964413,1,1,23.39247016906738,10.348731
4,1172,4.41,3.0408947,1,1,23.39247016906738,7.8809924
4,1657,89.5,44.719105,0,0,23.39247016906738,45.531162
4,49,29.0,22.994408,1,1,23.39247016906738,36.84677
4,42,5.5,22.235874,0,0,23.39247016906738,29.506903
4,74,60.0,52.65978,1,1,23.39247016906738,44.793564
4,1297,11.85,18.640669,1,0,23.39247016906738,6.4370465
4,136,8.6,7.5790515,1,1,23.39247016906738,4.098456
4,1844,31.875,28.736094,1,1,23.39247016906738,11.219727
4,1699,1.85,3.0910063,1,1,23.39247016906738,4.8884716
4,2889,0.32,1.9423919,1,1,23.39247016906738,6.9756813
4,567,6.8,14.703226,1,0,23.39247016906738,6.4996514
4,2964,24.0,28.27466,1,1,23.39247016906738,18.191969
4,216,33.3,21.648516,1,1,23.39247016906738,37.92266
4,286,79.2,64.68226,0,0,23.39247016906738,26.849579
4,2364,8.5,8.398958,1,1,23.39247016906738,4.3341713
4,2458,7.96,1.7472193,1,0,23.39247016906738,5.3314934
4,1758,32.0,76.72367,0,0,23.39247016906738,18.823185
4,2458,9.09,2.4703314,1,0,23.39247016906738,6.5367284
4,877,84.2,75.84192,1,1,23.39247016906738,31.653141
4,1056,1.48,1.8711038,1,1,23.39247016906738,2.4043815
4,216,42.4,53.728943,1,1,23.39247016906738,79.04434
4,314,2.218428571,2.0894115,1,1,23.39247016906738,3.3554227
4,1524,5.3,2.684794,1,1,23.39247016906738,6.7878823
4,504,17.1,17.25883,1,1,23.39247016906738,7.9396515
4,1866,4.5,3.973643,1,1,23.39247016906738,4.3710446
4,248,5.6,5.839384,1,1,23.39247016906738,18.708273
4,542,20.0,14.177678,1,1,23.39247016906738,32.13446
4,1843,3.2,2.3963087,1,1,23.39247016906738,4.3381667
4,3023,9.39,2.3162029,1,0,23.39247016906738,5.4772954
4,74,89.8,65.80337,0,0,23.39247016906738,47.419357
4,31,18.0,51.15627,0,0,23.39247016906738,28.34199
4,436,28.0,36.04259,1,1,23.39247016906738,23.999418
4,189,5.0,3.5144536,1,1,23.39247016906738,3.5796342
4,136,10.7,8.961837,1,0,23.39247016906738,3.4505785
4,487,92.0,53.033527,0,0,23.39247016906738,58.22141
4,853,11.7,4.6124463,1,0,23.39247016906738,6.910987
4,1235,84.5,44.464348,0,0,23.39247016906738,47.28827
4,504,19.45,17.59699,1,1,23.39247016906738,5.256826
4,401,2.48,1.9428873,1,1,23.39247016906738,8.809289
4,535,6.28,4.1624975,1,0,23.39247016906738,4.196274
4,352,11.3,12.7610655,1,1,23.39247016906738,8.024333
4,434,1.4,6.3084235,1,0,23.39247016906738,4.690783
4,347,44.0,69.19631,0,0,23.39247016906738,30.349092
4,1657,89.0,81.4124,1,1,23.39247016906738,29.029003
4,1758,65.0,75.01078,1,1,23.39247016906738,26.353987
4,379,0.35,0.8464771,1,1,23.39247016906738,1.5750365
4,1797,10.0,5.038138,1,0,23.39247016906738,9.70767
4,1100,30.25,21.609457,1,1,23.39247016906738,24.68086
4,41,2.98,5.0774927,1,0,23.39247016906738,3.7595363
4,1220,5.85,5.8585715,1,1,23.39247016906738,7.0151134
4,2307,4.71,21.505583,0,1,23.39247016906738,42.433758
4,2292,2.5,1.6736302,1,1,23.39247016906738,13.498041
4,686,53.6,61.220768,1,1,23.39247016906738,24.367924
4,1881,26.2,28.645407,1,1,23.39247016906738,45.527046
4,3027,2.0,5.53604,1,1,23.39247016906738,9.665751
4,1209,12.5,8.830261,1,1,23.39247016906738,9.816923
4,964,4.2,4.6266756,1,1,23.39247016906738,3.845569
4,2682,0.97,1.672851,1,1,23.39247016906738,4.0177836
4,179,3.58,6.9918966,1,0,23.39247016906738,5.022297
4,947,14.79,21.463238,1,1,23.39247016906738,73.99251
4,518,24.4,29.06382,1,1,23.39247016906738,16.421238
4,1671,7.56,4.4395156,1,1,23.39247016906738,6.3068748
4,182,2.5,3.8907847,1,1,23.39247016906738,4.1709094
4,261,45.8,35.907906,1,1,23.39247016906738,104.21931
4,392,13.1,12.31726,1,1,23.39247016906738,4.652919
4,3030,18.6,14.026839,1,1,23.39247016906738,23.179535
4,3031,3.6835,4.6106253,1,1,23.39247016906738,5.401822
4,65,28.2,21.078436,1,1,23.39247016906738,25.027317
4,286,4.0,58.849735,0,0,23.39247016906738,68.59091
4,3034,0.64,1.6522089,1,1,23.39247016906738,6.863386
4,1049,3.15,3.703529,1,1,23.39247016906738,5.3410845
4,175,1.74,4.01497,1,1,23.39247016906738,19.114466
4,65,20.4,23.050043,1,1,23.39247016906738,25.543648
4,3037,112.5,103.63912,1,1,23.39247016906738,36.456482
4,42,26.44,24.76763,1,1,23.39247016906738,38.6311
4,1149,5.14,2.208365,1,0,23.39247016906738,4.45456
4,204,36.0,31.164074,1,1,23.39247016906738,25.884188
4,3038,39.0,30.510147,1,1,23.39247016906738,31.687222
4,90,30.1,30.457905,1,1,23.39247016906738,17.75473
4,286,47.5,62.211727,0,1,23.39247016906738,33.180645
4,3040,0.501,2.0445082,1,1,23.39247016906738,3.7214754
4,49,9.3,12.9216,1,1,23.39247016906738,35.61303
4,708,31.0,30.487787,1,1,23.39247016906738,49.44548
4,1863,0.03,1.5411222,1,1,23.39247016906738,13.916222
4,333,6.8,7.8056765,1,1,23.39247016906738,4.8376265
4,2041,6.3,3.4941435,1,1,23.39247016906738,12.8900385
4,694,86.8,82.76949,1,1,23.39247016906738,93.48841
4,74,90.0,81.57237,1,1,23.39247016906738,27.635801
4,973,10.3,8.683021,1,1,23.39247016906738,6.718439
4,331,21.05,16.5084,1,0,23.39247016906738,8.278742
4,1726,52.5,57.196747,1,1,23.39247016906738,24.969227
4,42,38.0,52.97931,0,1,23.39247016906738,78.441605
4,467,53.5,59.49099,1,1,23.39247016906738,26.734438
4,286,62.6,60.072292,1,1,23.39247016906738,48.56506
4,379,0.62,0.9150594,1,1,23.39247016906738,1.213731
4,3043,18.11,17.78468,1,1,23.39247016906738,3.4080591
4,504,19.1,17.712786,1,1,23.39247016906738,6.0646205
4,78,4.9,7.8555894,1,0,23.39247016906738,3.169664
4,282,37.3,10.9461,0,0,23.39247016906738,20.073988
4,74,73.4,66.04085,1,1,23.39247016906738,48.604576
4,160,92.0,70.63536,0,1,23.39247016906738,44.569675
4,2458,8.39,2.9167912,1,0,23.39247016906738,5.0644646
4,1394,36.8,31.511616,1,1,23.39247016906738,15.231436
4,2488,2.24,2.4284325,1,1,23.39247016906738,5.3958254
4,52,50.0,76.62668,0,0,23.39247016906738,45.58836
4,3045,10.5,6.1065345,1,1,23.39247016906738,12.692282
4,2889,2.2,2.001728,1,1,23.39247016906738,6.972939
4,227,1.89,1.834273,1,1,23.39247016906738,3.6542714
4,600,27.8,6.31577,0,1,23.39247016906738,45.43507
4,1826,95.5,86.4536,1,1,23.39247016906738,34.899
4,49,4.0,20.393494,0,0,23.39247016906738,32.67405
4,42,28.36,25.076845,1,1,23.39247016906738,19.537945
4,686,36.5,52.99737,0,1,23.39247016906738,38.01197
4,1826,40.0,82.2962,0,0,23.39247016906738,52.703114
4,429,3.65,14.779287,1,1,23.39247016906738,36.528877
4,216,14.4,32.410427,0,1,23.39247016906738,182.39156
4,1167,4.656666667,4.892322,1,1,23.39247016906738,1.6480696
4,429,8.1,20.144651,0,0,23.39247016906738,22.687551
4,476,78.49,52.623795,0,1,23.39247016906738,79.565186
4,67,2.56,2.376296,1,1,23.39247016906738,3.857344
4,487,39.5,63.12547,0,0,23.39247016906738,32.71834
4,420,21.1,15.184345,1,0,23.39247016906738,10.446365
4,1167,5.2,5.0374756,1,1,23.39247016906738,1.6273024
4,3050,3.365,0.9077353,1,1,23.39247016906738,6.108126
4,691,0.525,4.662872,1,1,23.39247016906738,66.5787
4,1572,0.569,0.43662658,1,1,23.39247016906738,1.2843672
4,216,40.0,21.569914,0,0,23.39247016906738,35.80117
4,2554,21.0,10.516444,1,1,23.39247016906738,29.53852
4,1284,1.98,2.5384264,1,1,23.39247016906738,3.8427663
4,3052,16.4,30.950531,0,1,23.39247016906738,31.54797
4,1442,6.45,1.9133408,1,0,23.39247016906738,5.1042285
4,1386,75.0,73.23398,1,1,23.39247016906738,52.603523
4,2080,0.86,1.6067835,1,1,23.39247016906738,31.104927
4,3053,0.6,1.0817639,1,1,23.39247016906738,5.0229425
4,331,20.1,16.097746,1,1,23.39247016906738,8.652107
4,1028,24.5,24.46785,1,1,23.39247016906738,15.2024765
4,665,48.0,40.571907,1,1,23.39247016906738,64.95279
4,382,104.0,106.4687,1,1,23.39247016906738,58.295006
4,58,4.5,5.3045874,1,1,23.39247016906738,132.69432
4,609,6.7,4.830689,1,1,23.39247016906738,15.541771
4,3056,1.96,1.7736301,1,1,23.39247016906738,5.4486256
4,161,11.17,9.863737,1,1,23.39247016906738,4.8596807
4,65,23.0,9.099451,0,1,23.39247016906738,83.34693
4,65,15.5,9.458479,1,1,23.39247016906738,17.755856
4,286,81.8,63.86048,0,0,23.39247016906738,28.172915
4,714,3.0,3.884373,1,1,23.39247016906738,4.277864
4,1029,3.47,3.04265,1,1,23.39247016906738,5.445448
4,227,2.11,0.859065,1,1,23.39247016906738,2.9293504
4,352,6.6,9.428221,1,1,23.39247016906738,7.902678
4,40,1.062,2.6348708,1,1,23.39247016906738,7.3391776
4,115,6.43,6.8794384,1,1,23.39247016906738,2.7190456
4,964,9.48,8.279657,1,1,23.39247016906738,4.0932326
4,1697,2.6,4.443834,1,1,23.39247016906738,6.772926
4,1019,1.5,26.089397,0,0,23.39247016906738,18.334404
4,446,10.2,3.657813,1,0,23.39247016906738,8.550453
4,289,2.36,2.0778773,1,1,23.39247016906738,4.771181
4,1100,13.9,11.651338,1,1,23.39247016906738,32.103367
4,317,70.0,56.16074,0,1,23.39247016906738,80.695076
4,476,76.91,54.33029,0,1,23.39247016906738,66.41915
4,573,0.76,5.6184855,1,1,23.39247016906738,12.723678
4,224,20.0,18.924032,1,1,23.39247016906738,11.0466795
4,511,4.51,4.4574056,1,1,23.39247016906738,5.6027446
4,204,25.0,14.468501,1,0,23.39247016906738,12.714673
4,40,1.2,2.0801938,1,1,23.39247016906738,6.350538
4,2019,1.19,2.293835,1,1,23.39247016906738,5.4133058
4,7,2.3,7.8813643,1,0,23.39247016906738,9.888465
4,36,66.2,70.69283,1,1,23.39247016906738,32.779972
4,3059,4.6,3.0633168,1,1,23.39247016906738,4.174166
4,2201,8.6,12.822161,1,1,23.39247016906738,44.277557
4,429,21.96,41.499508,0,1,23.39247016906738,71.96127
4,286,62.7,61.1277,1,1,23.39247016906738,26.56061
4,930,3.46,5.088917,1,1,23.39247016906738,7.8719835
4,49,33.1,15.144299,0,0,23.39247016906738,34.23831
4,45,19.5,31.682104,0,0,23.39247016906738,22.028778
4,1957,0.533,3.4279122,1,1,23.39247016906738,14.187003
4,36,89.8,69.923416,0,0,23.39247016906738,35.402523
4,1491,3.88,7.437934,1,1,23.39247016906738,10.698972
4,203,17.4,17.5774,1,1,23.39247016906738,8.751281
4,663,6.0,1.909838,1,0,23.39247016906738,6.3551254
4,36,94.0,80.83318,0,0,23.39247016906738,16.096004
4,331,14.0,14.813413,1,1,23.39247016906738,10.442976
4,1441,1.8,2.0278182,1,1,23.39247016906738,3.303202
4,40,1.63,3.9791732,1,1,23.39247016906738,7.3569365
4,878,91.5,90.3878,1,1,23.39247016906738,16.572998
4,347,13.0,52.249897,0,0,23.39247016906738,42.245995
4,3062,22.0,28.107153,1,1,23.39247016906738,23.851389
4,78,6.95,8.4477215,1,1,23.39247016906738,3.4354446
4,356,2.945,3.769893,1,1,23.39247016906738,6.452895
4,42,19.25,23.70126,1,1,23.39247016906738,23.668486
