{
  "n_materials": 21263,
  "n_families": 3365,
  "single": {
    "random_RandomForest": {
      "MAE": 5.301925249445792,
      "RMSE": 9.126821298366703,
      "R2": 0.9276341920949067
    },
    "grouped_RandomForest": {
      "MAE": 8.279049703610744,
      "RMSE": 12.795359106315319,
      "R2": 0.8379685890654375
    },
    "random_XGBoost": {
      "MAE": 5.138185800544494,
      "RMSE": 8.771956933188708,
      "R2": 0.9331521717920891
    },
    "grouped_XGBoost": {
      "MAE": 8.345341115123306,
      "RMSE": 13.07570024799803,
      "R2": 0.8307907237386365
    }
  },
  "cv": {
    "random_RandomForest": {
      "MAE": 5.396063286068804,
      "RMSE": 9.474230264748629,
      "R2": 0.9234973428931437
    },
    "grouped_RandomForest": {
      "MAE": 8.682750672399045,
      "RMSE": 13.467554981598276,
      "R2": 0.8454154228274628
    },
    "random_XGBoost": {
      "MAE": 5.222248581206374,
      "RMSE": 9.122032915178492,
      "R2": 0.929079478918241
    },
    "grouped_XGBoost": {
      "MAE": 8.393758318317246,
      "RMSE": 13.284526605639137,
      "R2": 0.8495885791601032
    }
  },
  "nn_dist_median": {
    "random": 0.05422848663376715,
    "grouped": 1.2727018022919308
  },
  "topk100_precision": {
    "random_mean": 0.986,
    "random_std": 0.01019803902718558,
    "grouped_mean": 0.898,
    "grouped_std": 0.09042123644365851,
    "grouped_folds": [
      0.77,
      0.84,
      1.0,
      1.0,
      0.88
    ]
  }
}