# dataset A: 21263 rows, 3365 chemical families. data/train.csv rows; family = tc_pipeline.chemical_families(data/unique_m.csv).
# fold_deterministic = GroupKFold(5) (no shuffle, published protocol); fold_seedS = GroupKFold(5, shuffle=True,
#   random_state=S); random_fold_seedS = KFold(5, shuffle=True, random_state=S). scikit-learn 1.7.2,
#   pandas 2.3.2, numpy 2.3.3. Generated by code/v2/make_splits.py.
# GroupKFold breaks size ties by the ORDER of the integer family codes (pandas.factorize order of first
#   appearance), so the fold assignment depends on the code order, not only on the family partition.
#   These indices, not just the procedure, are the reference. Read with pandas.read_csv(..., comment='#').
row_index,family_id,family_key,fold_deterministic,fold_seed0,fold_seed1,fold_seed2,fold_seed3,fold_seed4,random_fold_seed0,random_fold_seed1,random_fold_seed2,random_fold_seed3,random_fold_seed4
0,0,Ba|Cu|La|O,2,4,2,3,0,4,2,1,2,2,0
1,1,Ag|Ba|Cu|La|O,1,0,2,3,3,4,1,3,0,1,3
2,0,Ba|Cu|La|O,2,4,2,3,0,4,2,3,1,4,3
3,0,Ba|Cu|La|O,2,4,2,3,0,4,2,3,2,4,1
4,0,Ba|Cu|La|O,2,4,2,3,0,4,3,0,0,4,1
5,0,Ba|Cu|La|O,2,4,2,3,0,4,2,1,1,1,1
6,0,Ba|Cu|La|O,2,4,2,3,0,4,3,0,3,2,4
7,2,Cu|La|O|Sr,1,2,3,2,2,0,0,0,3,2,2
8,2,Cu|La|O|Sr,1,2,3,2,2,0,0,1,0,3,0
9,2,Cu|La|O|Sr,1,2,3,2,2,0,1,3,4,1,1
10,2,Cu|La|O|Sr,1,2,3,2,2,0,4,3,0,3,2
11,3,Ba|Cu|Hg|La|O,4,4,0,1,0,1,3,3,1,2,1
12,1,Ag|Ba|Cu|La|O,1,0,2,3,3,4,0,1,4,4,0
13,1,Ag|Ba|Cu|La|O,1,0,2,3,3,4,4,0,3,2,3
14,1,Ag|Ba|Cu|La|O,1,0,2,3,3,4,2,4,3,0,3
15,1,Ag|Ba|Cu|La|O,1,0,2,3,3,4,2,4,3,0,2
16,4,Ba|Ca|Cu|O|Y,3,0,0,0,2,3,0,2,1,4,0
17,0,Ba|Cu|La|O,2,4,2,3,0,4,2,2,0,2,3
18,2,Cu|La|O|Sr,1,2,3,2,2,0,0,4,3,4,2
19,2,Cu|La|O|Sr,1,2,3,2,2,0,4,0,0,0,2
20,2,Cu|La|O|Sr,1,2,3,2,2,0,2,4,1,2,1
21,2,Cu|La|O|Sr,1,2,3,2,2,0,3,3,2,2,3
22,2,Cu|La|O|Sr,1,2,3,2,2,0,3,0,2,1,2
23,2,Cu|La|O|Sr,1,2,3,2,2,0,2,0,1,0,1
24,2,Cu|La|O|Sr,1,2,3,2,2,0,3,2,4,2,1
25,2,Cu|La|O|Sr,1,2,3,2,2,0,3,3,4,2,0
26,2,Cu|La|O|Sr,1,2,3,2,2,0,3,1,2,3,0
27,5,Ca|Cu|La|O,0,2,3,4,0,3,1,4,2,4,3
28,6,Ba|Cu|O|Yb,2,1,0,1,0,4,4,0,3,1,3
29,6,Ba|Cu|O|Yb,2,1,0,1,0,4,2,4,2,1,1
30,6,Ba|Cu|O|Yb,2,1,0,1,0,4,3,4,0,0,1
31,7,Ba|Cu|La|O|Sr|Yb,3,4,0,2,3,1,1,4,1,2,3
32,8,Ba|Cu|O|Y,0,1,2,1,3,1,0,0,1,4,1
33,8,Ba|Cu|O|Y,0,1,2,1,3,1,0,3,1,3,0
34,9,Ba|Cu|Er|O,2,0,3,4,4,4,3,2,2,3,0
35,10,Ba|Cu|O|Tm,3,0,0,3,2,2,1,0,0,1,1
36,10,Ba|Cu|O|Tm,3,0,0,3,2,2,2,2,4,3,0
37,10,Ba|Cu|O|Tm,3,0,0,3,2,2,1,2,1,2,0
38,10,Ba|Cu|O|Tm,3,0,0,3,2,2,1,0,3,1,0
39,0,Ba|Cu|La|O,2,4,2,3,0,4,2,2,1,1,4
40,8,Ba|Cu|O|Y,0,1,2,1,3,1,4,2,3,4,1
41,8,Ba|Cu|O|Y,0,1,2,1,3,1,3,4,3,0,1
42,8,Ba|Cu|O|Y,0,1,2,1,3,1,1,4,0,0,1
43,8,Ba|Cu|O|Y,0,1,2,1,3,1,4,2,4,1,2
44,11,Ba|Cu|Nd|O,2,2,2,2,1,2,0,0,2,4,4
45,12,Ba|Cu|Eu|O,2,3,0,3,4,4,0,1,1,1,0
46,13,Ba|Cu|Gd|O,2,1,0,3,4,0,2,3,4,4,4
47,14,Ba|Cu|Dy|O,4,1,4,1,3,3,0,4,4,1,4
48,15,Ba|Cu|Ho|O,0,0,4,0,3,2,0,3,2,2,0
49,9,Ba|Cu|Er|O,2,0,3,4,4,4,2,1,1,1,3
50,10,Ba|Cu|O|Tm,3,0,0,3,2,2,1,1,1,2,0
51,16,Ba|Cu|Lu|O,0,3,2,3,1,4,0,4,1,3,4
52,11,Ba|Cu|Nd|O,2,2,2,2,1,2,4,4,3,4,1
53,17,Ba|Cu|O|Sm,4,0,0,3,4,1,4,3,2,4,0
54,13,Ba|Cu|Gd|O,2,1,0,3,4,0,3,3,2,4,3
55,8,Ba|Cu|O|Y,0,1,2,1,3,1,4,2,3,1,4
56,8,Ba|Cu|O|Y,0,1,2,1,3,1,2,1,4,1,0
57,8,Ba|Cu|O|Y,0,1,2,1,3,1,1,1,2,0,2
58,8,Ba|Cu|O|Y,0,1,2,1,3,1,0,2,1,1,0
59,3,Ba|Cu|Hg|La|O,4,4,0,1,0,1,3,3,0,2,4
60,2,Cu|La|O|Sr,1,2,3,2,2,0,0,1,3,0,3
61,18,Ba|Cu|La|O|Yb,4,2,4,0,2,3,0,4,0,4,3
62,2,Cu|La|O|Sr,1,2,3,2,2,0,4,3,0,1,0
63,8,Ba|Cu|O|Y,0,1,2,1,3,1,4,1,1,3,3
64,6,Ba|Cu|O|Yb,2,1,0,1,0,4,0,3,3,4,2
65,16,Ba|Cu|Lu|O,0,3,2,3,1,4,0,0,4,0,1
66,8,Ba|Cu|O|Y,0,1,2,1,3,1,0,1,3,4,2
67,0,Ba|Cu|La|O,2,4,2,3,0,4,2,2,2,0,3
68,2,Cu|La|O|Sr,1,2,3,2,2,0,4,3,3,2,1
69,19,Cu|La|O|Sr|Ti,2,2,1,4,3,2,0,0,4,3,2
70,20,Cu|La|O|Sr|V,2,1,4,0,2,1,1,2,0,2,0
71,21,Cr|Cu|La|O|Sr,2,4,2,3,0,2,1,4,0,2,3
72,22,Cu|La|Mn|O|Sr,4,0,3,2,0,4,3,0,1,3,3
73,23,Cu|Fe|La|O|Sr,2,0,1,0,2,4,4,4,4,2,3
74,24,Co|Cu|La|O|Sr,2,4,2,4,3,1,0,1,4,4,0
75,25,Cu|La|Ni|O|Sr,3,4,4,4,0,3,4,1,4,0,3
76,26,Cu|La|O|Sr|Zn,4,4,3,4,1,2,2,3,0,3,1
77,27,Cu|La|O|Pr|Sr,1,1,3,0,0,3,4,1,0,0,2
78,28,Cu|La|Nd|O|Sr,3,3,0,3,1,0,3,3,4,0,3
79,29,Cu|La|O|Sm|Sr,4,0,3,4,4,0,4,1,1,4,2
80,30,Cu|Gd|La|O|Sr,2,0,1,2,0,3,4,4,4,4,4
81,31,Ba|Cu|Fe|O|Y,3,2,3,4,1,0,4,0,0,1,1
82,31,Ba|Cu|Fe|O|Y,3,2,3,4,1,0,4,0,4,4,2
83,31,Ba|Cu|Fe|O|Y,3,2,3,4,1,0,2,2,3,3,1
84,31,Ba|Cu|Fe|O|Y,3,2,3,4,1,0,3,0,0,3,4
85,31,Ba|Cu|Fe|O|Y,3,2,3,4,1,0,2,0,4,1,0
86,8,Ba|Cu|O|Y,0,1,2,1,3,1,1,2,0,4,3
87,32,Ba|Cu|O|S|Y,1,3,1,4,4,4,2,3,1,1,1
88,33,Ba|Cl|Cu|O|Y,4,0,3,1,2,2,0,0,1,3,4
89,8,Ba|Cu|O|Y,0,1,2,1,3,1,3,2,3,1,0
90,8,Ba|Cu|O|Y,0,1,2,1,3,1,2,2,0,1,1
91,13,Ba|Cu|Gd|O,2,1,0,3,4,0,4,0,1,0,2
92,8,Ba|Cu|O|Y,0,1,2,1,3,1,3,0,4,1,4
93,8,Ba|Cu|O|Y,0,1,2,1,3,1,4,1,2,3,3
94,8,Ba|Cu|O|Y,0,1,2,1,3,1,0,3,0,3,4
95,8,Ba|Cu|O|Y,0,1,2,1,3,1,4,1,1,2,2
96,15,Ba|Cu|Ho|O,0,0,4,0,3,2,3,3,4,1,1
97,34,Ba|Cu|Gd|O|Y,0,2,1,1,1,1,4,4,2,1,1
98,8,Ba|Cu|O|Y,0,1,2,1,3,1,0,2,1,2,2
99,8,Ba|Cu|O|Y,0,1,2,1,3,1,4,1,0,0,1
100,8,Ba|Cu|O|Y,0,1,2,1,3,1,4,3,2,3,3
101,35,Ba|Cu|Nb|O|Y,0,3,1,4,4,0,4,3,0,2,3
102,17,Ba|Cu|O|Sm,4,0,0,3,4,1,3,1,1,2,1
103,17,Ba|Cu|O|Sm,4,0,0,3,4,1,1,2,0,1,4
104,17,Ba|Cu|O|Sm,4,0,0,3,4,1,4,2,4,2,1
105,17,Ba|Cu|O|Sm,4,0,0,3,4,1,4,2,3,3,2
106,17,Ba|Cu|O|Sm,4,0,0,3,4,1,4,0,1,4,3
107,17,Ba|Cu|O|Sm,4,0,0,3,4,1,4,1,3,0,0
108,17,Ba|Cu|O|Sm,4,0,0,3,4,1,4,0,4,3,1
109,8,Ba|Cu|O|Y,0,1,2,1,3,1,2,0,1,3,0
110,36,Bi|Cu|O|Sr,2,2,4,1,2,0,4,0,2,4,2
111,36,Bi|Cu|O|Sr,2,2,4,1,2,0,3,3,1,1,3
112,9,Ba|Cu|Er|O,2,0,3,4,4,4,1,2,3,2,0
113,15,Ba|Cu|Ho|O,0,0,4,0,3,2,3,4,1,2,4
114,13,Ba|Cu|Gd|O,2,1,0,3,4,0,2,4,2,4,4
115,8,Ba|Cu|O|Y,0,1,2,1,3,1,2,0,3,1,2
116,12,Ba|Cu|Eu|O,2,3,0,3,4,4,4,3,1,2,1
117,13,Ba|Cu|Gd|O,2,1,0,3,4,0,3,2,2,3,3
118,8,Ba|Cu|O|Y,0,1,2,1,3,1,2,1,3,3,3
119,6,Ba|Cu|O|Yb,2,1,0,1,0,4,0,0,3,1,3
120,8,Ba|Cu|O|Y,0,1,2,1,3,1,4,3,0,3,0
121,37,Ba|Cu|Ni|O|Y,1,0,2,1,2,2,1,3,3,4,1
122,38,Al|Ba|Cu|O|Y,3,2,2,1,0,2,1,3,0,1,4
123,38,Al|Ba|Cu|O|Y,3,2,2,1,0,2,4,4,2,2,4
124,2,Cu|La|O|Sr,1,2,3,2,2,0,1,4,3,3,2
125,25,Cu|La|Ni|O|Sr,3,4,4,4,0,3,2,3,3,2,1
126,25,Cu|La|Ni|O|Sr,3,4,4,4,0,3,1,3,3,0,0
127,38,Al|Ba|Cu|O|Y,3,2,2,1,0,2,0,3,0,0,4
128,38,Al|Ba|Cu|O|Y,3,2,2,1,0,2,4,1,2,3,3
129,38,Al|Ba|Cu|O|Y,3,2,2,1,0,2,0,1,3,4,0
130,38,Al|Ba|Cu|O|Y,3,2,2,1,0,2,0,0,0,0,3
131,38,Al|Ba|Cu|O|Y,3,2,2,1,0,2,4,3,3,4,0
132,8,Ba|Cu|O|Y,0,1,2,1,3,1,2,4,3,2,0
133,8,Ba|Cu|O|Y,0,1,2,1,3,1,1,3,3,0,0
134,9,Ba|Cu|Er|O,2,0,3,4,4,4,0,0,4,3,2
135,39,Ba|Cu|H|O|Y,3,0,2,2,3,2,4,0,1,3,2
136,39,Ba|Cu|H|O|Y,3,0,2,2,3,2,4,2,4,1,3
137,39,Ba|Cu|H|O|Y,3,0,2,2,3,2,3,3,3,2,0
138,8,Ba|Cu|O|Y,0,1,2,1,3,1,2,2,3,2,3
139,12,Ba|Cu|Eu|O,2,3,0,3,4,4,4,3,4,4,3
140,13,Ba|Cu|Gd|O,2,1,0,3,4,0,2,4,2,3,2
141,14,Ba|Cu|Dy|O,4,1,4,1,3,3,4,3,0,2,3
142,15,Ba|Cu|Ho|O,0,0,4,0,3,2,0,0,2,4,2
143,9,Ba|Cu|Er|O,2,0,3,4,4,4,3,3,2,0,2
144,10,Ba|Cu|O|Tm,3,0,0,3,2,2,2,4,2,0,1
145,6,Ba|Cu|O|Yb,2,1,0,1,0,4,3,3,1,4,2
146,16,Ba|Cu|Lu|O,0,3,2,3,1,4,1,1,4,0,1
147,8,Ba|Cu|O|Y,0,1,2,1,3,1,3,2,4,4,2
148,11,Ba|Cu|Nd|O,2,2,2,2,1,2,0,4,1,3,3
149,17,Ba|Cu|O|Sm,4,0,0,3,4,1,3,4,3,0,0
150,2,Cu|La|O|Sr,1,2,3,2,2,0,0,3,0,3,1
151,2,Cu|La|O|Sr,1,2,3,2,2,0,3,4,1,1,3
152,37,Ba|Cu|Ni|O|Y,1,0,2,1,2,2,3,4,0,3,0
153,40,Ba|Cu|O|Y|Zn,3,1,0,2,1,0,0,0,3,1,1
154,41,Ag|Ba|Cu|O|Y,1,1,0,2,0,1,0,3,4,1,3
155,42,Ba|Cu|O|Pt|Y,4,2,4,3,2,1,2,1,2,4,1
156,43,Ba|Co|Cu|O|Y,1,2,3,2,1,3,0,4,3,1,3
157,37,Ba|Cu|Ni|O|Y,1,0,2,1,2,2,1,3,3,0,1
158,44,Ba|Cu|Mn|O|Y,2,1,0,2,4,2,2,4,2,1,1
159,31,Ba|Cu|Fe|O|Y,3,2,3,4,1,0,0,1,2,3,1
160,31,Ba|Cu|Fe|O|Y,3,2,3,4,1,0,4,3,3,2,0
161,8,Ba|Cu|O|Y,0,1,2,1,3,1,3,2,2,4,0
162,45,Ba|Cu|Li|O|Y,1,0,0,2,3,1,3,2,1,4,3
163,45,Ba|Cu|Li|O|Y,1,0,0,2,3,1,4,3,2,0,3
164,31,Ba|Cu|Fe|O|Y,3,2,3,4,1,0,0,4,0,2,4
165,31,Ba|Cu|Fe|O|Y,3,2,3,4,1,0,4,3,3,1,0
166,31,Ba|Cu|Fe|O|Y,3,2,3,4,1,0,1,3,0,3,4
167,8,Ba|Cu|O|Y,0,1,2,1,3,1,0,1,0,1,0
168,31,Ba|Cu|Fe|O|Y,3,2,3,4,1,0,1,0,0,4,4
169,31,Ba|Cu|Fe|O|Y,3,2,3,4,1,0,0,3,3,3,3
170,31,Ba|Cu|Fe|O|Y,3,2,3,4,1,0,2,0,4,3,4
171,46,Ba|Cu|F|O|Y,2,4,3,3,2,3,4,2,3,4,3
172,46,Ba|Cu|F|O|Y,2,4,3,3,2,3,2,4,2,4,4
173,46,Ba|Cu|F|O|Y,2,4,3,3,2,3,3,4,0,3,2
174,46,Ba|Cu|F|O|Y,2,4,3,3,2,3,1,4,1,0,1
175,46,Ba|Cu|F|O|Y,2,4,3,3,2,3,2,0,0,0,1
176,46,Ba|Cu|F|O|Y,2,4,3,3,2,3,1,3,0,0,2
177,46,Ba|Cu|F|O|Y,2,4,3,3,2,3,3,1,4,2,1
178,46,Ba|Cu|F|O|Y,2,4,3,3,2,3,4,4,4,1,4
179,8,Ba|Cu|O|Y,0,1,2,1,3,1,2,2,2,1,4
180,13,Ba|Cu|Gd|O,2,1,0,3,4,0,2,4,1,1,4
181,9,Ba|Cu|Er|O,2,0,3,4,4,4,1,2,2,3,4
182,14,Ba|Cu|Dy|O,4,1,4,1,3,3,3,4,3,0,3
183,15,Ba|Cu|Ho|O,0,0,4,0,3,2,0,0,1,0,4
184,8,Ba|Cu|O|Y,0,1,2,1,3,1,4,4,0,3,3
185,2,Cu|La|O|Sr,1,2,3,2,2,0,3,1,3,4,0
186,25,Cu|La|Ni|O|Sr,3,4,4,4,0,3,3,3,3,0,0
187,25,Cu|La|Ni|O|Sr,3,4,4,4,0,3,0,1,4,1,1
188,25,Cu|La|Ni|O|Sr,3,4,4,4,0,3,1,3,0,3,2
189,25,Cu|La|Ni|O|Sr,3,4,4,4,0,3,2,4,4,2,0
190,47,Ba|Ca|Cu|O|Tl,3,2,1,1,4,1,1,4,4,4,3
191,47,Ba|Ca|Cu|O|Tl,3,2,1,1,4,1,3,1,1,1,3
192,8,Ba|Cu|O|Y,0,1,2,1,3,1,2,1,3,2,0
193,48,Ba|Cu|O|Ti|Y,3,1,2,0,2,4,4,4,0,0,2
194,48,Ba|Cu|O|Ti|Y,3,1,2,0,2,4,1,3,0,1,1
195,48,Ba|Cu|O|Ti|Y,3,1,2,0,2,4,3,3,1,0,1
196,48,Ba|Cu|O|Ti|Y,3,1,2,0,2,4,0,0,0,2,1
197,48,Ba|Cu|O|Ti|Y,3,1,2,0,2,4,4,1,4,1,1
198,48,Ba|Cu|O|Ti|Y,3,1,2,0,2,4,3,4,1,1,2
199,49,Bi|Ca|Cu|O|Sr,2,0,2,4,3,0,3,0,2,2,0
200,49,Bi|Ca|Cu|O|Sr,2,0,2,4,3,0,3,1,1,3,2
201,49,Bi|Ca|Cu|O|Sr,2,0,2,4,3,0,0,0,3,1,4
202,49,Bi|Ca|Cu|O|Sr,2,0,2,4,3,0,2,1,1,0,0
203,26,Cu|La|O|Sr|Zn,4,4,3,4,1,2,1,0,1,2,1
204,8,Ba|Cu|O|Y,0,1,2,1,3,1,2,4,3,1,3
205,43,Ba|Co|Cu|O|Y,1,2,3,2,1,3,2,0,1,1,3
206,50,Ba|Cr|Cu|O|Y,3,2,0,3,1,3,1,2,0,1,0
207,8,Ba|Cu|O|Y,0,1,2,1,3,1,3,4,1,2,3
208,31,Ba|Cu|Fe|O|Y,3,2,3,4,1,0,0,4,1,0,0
209,31,Ba|Cu|Fe|O|Y,3,2,3,4,1,0,3,1,1,0,4
210,31,Ba|Cu|Fe|O|Y,3,2,3,4,1,0,2,3,2,3,1
211,31,Ba|Cu|Fe|O|Y,3,2,3,4,1,0,4,0,2,0,3
212,31,Ba|Cu|Fe|O|Y,3,2,3,4,1,0,0,1,0,1,2
213,38,Al|Ba|Cu|O|Y,3,2,2,1,0,2,4,0,1,1,0
214,38,Al|Ba|Cu|O|Y,3,2,2,1,0,2,0,3,1,2,2
215,38,Al|Ba|Cu|O|Y,3,2,2,1,0,2,4,2,3,1,4
216,38,Al|Ba|Cu|O|Y,3,2,2,1,0,2,1,4,4,3,1
217,38,Al|Ba|Cu|O|Y,3,2,2,1,0,2,1,0,4,1,1
218,37,Ba|Cu|Ni|O|Y,1,0,2,1,2,2,0,1,2,3,0
219,37,Ba|Cu|Ni|O|Y,1,0,2,1,2,2,1,0,3,4,0
220,43,Ba|Co|Cu|O|Y,1,2,3,2,1,3,0,1,0,4,1
221,43,Ba|Co|Cu|O|Y,1,2,3,2,1,3,0,0,1,1,0
222,43,Ba|Co|Cu|O|Y,1,2,3,2,1,3,3,0,0,1,1
223,43,Ba|Co|Cu|O|Y,1,2,3,2,1,3,0,1,4,0,0
224,43,Ba|Co|Cu|O|Y,1,2,3,2,1,3,2,1,2,3,3
225,37,Ba|Cu|Ni|O|Y,1,0,2,1,2,2,2,0,4,1,4
226,40,Ba|Cu|O|Y|Zn,3,1,0,2,1,0,2,3,4,3,2
227,40,Ba|Cu|O|Y|Zn,3,1,0,2,1,0,3,0,2,2,3
228,40,Ba|Cu|O|Y|Zn,3,1,0,2,1,0,4,2,0,1,1
229,8,Ba|Cu|O|Y,0,1,2,1,3,1,2,2,2,1,1
230,13,Ba|Cu|Gd|O,2,1,0,3,4,0,0,3,0,3,2
231,51,Ba|Cu|Gd|O|Sr,3,3,2,4,3,3,3,0,1,2,4
232,51,Ba|Cu|Gd|O|Sr,3,3,2,4,3,3,4,1,2,1,2
233,51,Ba|Cu|Gd|O|Sr,3,3,2,4,3,3,1,2,0,4,2
234,51,Ba|Cu|Gd|O|Sr,3,3,2,4,3,3,2,1,0,2,1
235,51,Ba|Cu|Gd|O|Sr,3,3,2,4,3,3,1,4,4,3,4
236,52,Cu|La|Na|O,3,1,4,2,4,0,3,0,3,1,1
237,52,Cu|La|Na|O,3,1,4,2,4,0,1,3,3,4,0
238,49,Bi|Ca|Cu|O|Sr,2,0,2,4,3,0,2,2,2,2,4
239,49,Bi|Ca|Cu|O|Sr,2,0,2,4,3,0,4,0,0,4,4
240,8,Ba|Cu|O|Y,0,1,2,1,3,1,3,1,0,2,4
241,15,Ba|Cu|Ho|O,0,0,4,0,3,2,3,2,1,0,3
242,17,Ba|Cu|O|Sm,4,0,0,3,4,1,0,0,0,1,2
243,8,Ba|Cu|O|Y,0,1,2,1,3,1,4,4,1,0,1
244,12,Ba|Cu|Eu|O,2,3,0,3,4,4,2,1,3,3,1
245,8,Ba|Cu|O|Y,0,1,2,1,3,1,2,4,1,3,1
246,11,Ba|Cu|Nd|O,2,2,2,2,1,2,2,0,1,1,4
247,49,Bi|Ca|Cu|O|Sr,2,0,2,4,3,0,2,4,4,1,2
248,2,Cu|La|O|Sr,1,2,3,2,2,0,4,0,2,0,1
249,8,Ba|Cu|O|Y,0,1,2,1,3,1,0,1,0,1,4
250,53,Ba|Cu|Fe|Gd|O,4,1,2,4,3,1,1,2,3,3,4
251,8,Ba|Cu|O|Y,0,1,2,1,3,1,0,3,0,4,2
252,9,Ba|Cu|Er|O,2,0,3,4,4,4,0,3,4,0,3
253,54,Ba|Cu|Er|O|Yb,2,2,1,0,3,2,2,1,1,1,1
254,54,Ba|Cu|Er|O|Yb,2,2,1,0,3,2,0,1,2,1,0
255,54,Ba|Cu|Er|O|Yb,2,2,1,0,3,2,2,0,3,1,4
256,54,Ba|Cu|Er|O|Yb,2,2,1,0,3,2,1,1,2,4,2
257,54,Ba|Cu|Er|O|Yb,2,2,1,0,3,2,0,4,1,2,4
258,6,Ba|Cu|O|Yb,2,1,0,1,0,4,0,2,0,3,2
259,31,Ba|Cu|Fe|O|Y,3,2,3,4,1,0,4,2,2,0,4
260,31,Ba|Cu|Fe|O|Y,3,2,3,4,1,0,1,2,0,3,0
261,31,Ba|Cu|Fe|O|Y,3,2,3,4,1,0,0,4,0,2,0
262,31,Ba|Cu|Fe|O|Y,3,2,3,4,1,0,3,2,4,1,0
263,37,Ba|Cu|Ni|O|Y,1,0,2,1,2,2,2,2,4,2,4
264,37,Ba|Cu|Ni|O|Y,1,0,2,1,2,2,4,4,2,1,4
265,43,Ba|Co|Cu|O|Y,1,2,3,2,1,3,2,4,1,1,1
266,43,Ba|Co|Cu|O|Y,1,2,3,2,1,3,4,1,4,1,1
267,43,Ba|Co|Cu|O|Y,1,2,3,2,1,3,2,2,1,3,2
268,40,Ba|Cu|O|Y|Zn,3,1,0,2,1,0,1,1,2,3,1
269,40,Ba|Cu|O|Y|Zn,3,1,0,2,1,0,3,4,0,1,3
270,14,Ba|Cu|Dy|O,4,1,4,1,3,3,2,3,3,1,4
271,8,Ba|Cu|O|Y,0,1,2,1,3,1,2,4,0,2,2
272,8,Ba|Cu|O|Y,0,1,2,1,3,1,0,0,1,4,0
273,2,Cu|La|O|Sr,1,2,3,2,2,0,2,2,2,1,3
274,55,Ba|Cu|Ga|O|Y,4,2,3,4,3,2,1,2,4,0,1
275,55,Ba|Cu|Ga|O|Y,4,2,3,4,3,2,0,0,0,2,0
276,55,Ba|Cu|Ga|O|Y,4,2,3,4,3,2,0,2,0,4,0
277,8,Ba|Cu|O|Y,0,1,2,1,3,1,2,4,0,4,3
278,31,Ba|Cu|Fe|O|Y,3,2,3,4,1,0,0,2,0,0,4
279,13,Ba|Cu|Gd|O,2,1,0,3,4,0,4,3,2,0,1
280,12,Ba|Cu|Eu|O,2,3,0,3,4,4,1,2,1,3,3
281,11,Ba|Cu|Nd|O,2,2,2,2,1,2,2,4,2,0,0
282,11,Ba|Cu|Nd|O,2,2,2,2,1,2,0,1,0,2,4
283,11,Ba|Cu|Nd|O,2,2,2,2,1,2,3,2,4,4,0
284,11,Ba|Cu|Nd|O,2,2,2,2,1,2,2,4,2,4,0
285,56,Ba|Cu|Mo|O|Y,0,3,1,3,3,4,4,3,3,0,0
286,56,Ba|Cu|Mo|O|Y,0,3,1,3,3,4,0,1,2,2,0
287,56,Ba|Cu|Mo|O|Y,0,3,1,3,3,4,3,0,3,3,0
288,56,Ba|Cu|Mo|O|Y,0,3,1,3,3,4,4,1,2,3,1
289,40,Ba|Cu|O|Y|Zn,3,1,0,2,1,0,2,2,0,1,0
290,40,Ba|Cu|O|Y|Zn,3,1,0,2,1,0,3,0,1,3,1
291,40,Ba|Cu|O|Y|Zn,3,1,0,2,1,0,1,2,0,0,4
292,40,Ba|Cu|O|Y|Zn,3,1,0,2,1,0,0,0,3,3,3
293,38,Al|Ba|Cu|O|Y,3,2,2,1,0,2,4,2,2,2,4
294,38,Al|Ba|Cu|O|Y,3,2,2,1,0,2,1,1,2,4,4
295,38,Al|Ba|Cu|O|Y,3,2,2,1,0,2,0,4,2,1,0
296,38,Al|Ba|Cu|O|Y,3,2,2,1,0,2,2,0,2,3,4
297,57,Ba|Cu|La|O|Y,4,0,3,4,0,1,2,2,3,1,3
298,57,Ba|Cu|La|O|Y,4,0,3,4,0,1,2,3,2,1,4
299,57,Ba|Cu|La|O|Y,4,0,3,4,0,1,1,2,4,2,0
300,57,Ba|Cu|La|O|Y,4,0,3,4,0,1,3,0,4,3,2
301,8,Ba|Cu|O|Y,0,1,2,1,3,1,4,2,1,3,1
302,11,Ba|Cu|Nd|O,2,2,2,2,1,2,3,2,4,2,3
303,17,Ba|Cu|O|Sm,4,0,0,3,4,1,4,3,4,1,4
304,12,Ba|Cu|Eu|O,2,3,0,3,4,4,2,2,2,2,4
305,13,Ba|Cu|Gd|O,2,1,0,3,4,0,3,3,0,4,4
306,14,Ba|Cu|Dy|O,4,1,4,1,3,3,3,1,4,4,0
307,15,Ba|Cu|Ho|O,0,0,4,0,3,2,4,0,2,4,1
308,9,Ba|Cu|Er|O,2,0,3,4,4,4,0,0,1,2,4
309,10,Ba|Cu|O|Tm,3,0,0,3,2,2,2,2,4,2,2
310,6,Ba|Cu|O|Yb,2,1,0,1,0,4,1,0,0,0,0
311,39,Ba|Cu|H|O|Y,3,0,2,2,3,2,2,2,3,1,1
312,39,Ba|Cu|H|O|Y,3,0,2,2,3,2,1,4,0,2,4
313,13,Ba|Cu|Gd|O,2,1,0,3,4,0,1,1,4,0,3
314,14,Ba|Cu|Dy|O,4,1,4,1,3,3,3,2,4,3,0
315,17,Ba|Cu|O|Sm,4,0,0,3,4,1,3,4,3,3,0
316,15,Ba|Cu|Ho|O,0,0,4,0,3,2,1,1,2,1,2
317,8,Ba|Cu|O|Y,0,1,2,1,3,1,3,1,2,0,1
318,11,Ba|Cu|Nd|O,2,2,2,2,1,2,3,1,2,1,1
319,58,Ba|Cu|Nd|O|S,1,1,1,1,0,1,3,1,0,2,2
320,58,Ba|Cu|Nd|O|S,1,1,1,1,0,1,1,3,4,4,4
321,59,Ba|Cu|Eu|O|S,2,1,2,3,0,3,0,0,0,2,1
322,13,Ba|Cu|Gd|O,2,1,0,3,4,0,1,2,3,2,2
323,60,Ba|Cu|Gd|O|S,3,3,2,0,3,1,2,3,4,3,3
324,8,Ba|Cu|O|Y,0,1,2,1,3,1,3,0,1,1,0
325,32,Ba|Cu|O|S|Y,1,3,1,4,4,4,0,1,4,3,1
326,32,Ba|Cu|O|S|Y,1,3,1,4,4,4,3,3,1,1,0
327,32,Ba|Cu|O|S|Y,1,3,1,4,4,4,3,2,3,4,4
328,8,Ba|Cu|O|Y,0,1,2,1,3,1,3,4,2,3,2
329,40,Ba|Cu|O|Y|Zn,3,1,0,2,1,0,0,3,4,0,3
330,40,Ba|Cu|O|Y|Zn,3,1,0,2,1,0,4,0,1,0,3
331,40,Ba|Cu|O|Y|Zn,3,1,0,2,1,0,0,2,2,2,2
332,40,Ba|Cu|O|Y|Zn,3,1,0,2,1,0,2,0,3,0,2
333,40,Ba|Cu|O|Y|Zn,3,1,0,2,1,0,3,2,2,4,2
334,40,Ba|Cu|O|Y|Zn,3,1,0,2,1,0,1,3,3,0,0
335,40,Ba|Cu|O|Y|Zn,3,1,0,2,1,0,0,0,3,4,0
336,13,Ba|Cu|Gd|O,2,1,0,3,4,0,4,1,3,4,2
337,53,Ba|Cu|Fe|Gd|O,4,1,2,4,3,1,4,2,0,1,0
338,61,Ba|Co|Cu|Gd|O,4,2,3,1,1,4,2,4,0,4,3
339,8,Ba|Cu|O|Y,0,1,2,1,3,1,1,0,2,0,3
340,49,Bi|Ca|Cu|O|Sr,2,0,2,4,3,0,0,2,1,0,1
341,37,Ba|Cu|Ni|O|Y,1,0,2,1,2,2,2,4,3,0,3
342,0,Ba|Cu|La|O,2,4,2,3,0,4,0,0,4,4,0
343,0,Ba|Cu|La|O,2,4,2,3,0,4,1,0,4,2,4
344,0,Ba|Cu|La|O,2,4,2,3,0,4,4,2,3,4,3
345,0,Ba|Cu|La|O,2,4,2,3,0,4,1,0,3,4,1
346,0,Ba|Cu|La|O,2,4,2,3,0,4,0,3,3,1,4
347,57,Ba|Cu|La|O|Y,4,0,3,4,0,1,2,3,3,2,4
348,57,Ba|Cu|La|O|Y,4,0,3,4,0,1,0,2,2,4,3
349,57,Ba|Cu|La|O|Y,4,0,3,4,0,1,3,3,1,1,2
350,57,Ba|Cu|La|O|Y,4,0,3,4,0,1,1,2,4,3,3
351,57,Ba|Cu|La|O|Y,4,0,3,4,0,1,3,2,1,4,4
352,57,Ba|Cu|La|O|Y,4,0,3,4,0,1,2,3,3,0,3
353,57,Ba|Cu|La|O|Y,4,0,3,4,0,1,4,3,3,1,0
354,57,Ba|Cu|La|O|Y,4,0,3,4,0,1,2,1,0,3,0
355,57,Ba|Cu|La|O|Y,4,0,3,4,0,1,1,4,1,3,3
356,57,Ba|Cu|La|O|Y,4,0,3,4,0,1,1,4,4,0,3
357,57,Ba|Cu|La|O|Y,4,0,3,4,0,1,3,2,1,0,3
358,57,Ba|Cu|La|O|Y,4,0,3,4,0,1,4,1,3,4,1
359,57,Ba|Cu|La|O|Y,4,0,3,4,0,1,4,1,2,0,4
360,8,Ba|Cu|O|Y,0,1,2,1,3,1,2,4,2,4,4
361,8,Ba|Cu|O|Y,0,1,2,1,3,1,3,3,3,0,1
362,57,Ba|Cu|La|O|Y,4,0,3,4,0,1,4,1,1,3,3
363,57,Ba|Cu|La|O|Y,4,0,3,4,0,1,4,1,0,4,0
364,57,Ba|Cu|La|O|Y,4,0,3,4,0,1,2,2,0,4,2
365,57,Ba|Cu|La|O|Y,4,0,3,4,0,1,4,2,2,1,4
366,57,Ba|Cu|La|O|Y,4,0,3,4,0,1,0,2,4,0,4
367,57,Ba|Cu|La|O|Y,4,0,3,4,0,1,4,2,0,0,4
368,57,Ba|Cu|La|O|Y,4,0,3,4,0,1,3,1,1,0,0
369,57,Ba|Cu|La|O|Y,4,0,3,4,0,1,1,1,2,2,2
370,13,Ba|Cu|Gd|O,2,1,0,3,4,0,4,0,4,0,1
371,53,Ba|Cu|Fe|Gd|O,4,1,2,4,3,1,0,2,1,3,0
372,53,Ba|Cu|Fe|Gd|O,4,1,2,4,3,1,4,1,4,2,1
373,53,Ba|Cu|Fe|Gd|O,4,1,2,4,3,1,2,4,2,2,0
374,53,Ba|Cu|Fe|Gd|O,4,1,2,4,3,1,2,3,1,4,0
375,8,Ba|Cu|O|Y,0,1,2,1,3,1,4,4,0,1,1
376,8,Ba|Cu|O|Y,0,1,2,1,3,1,2,2,0,1,1
377,0,Ba|Cu|La|O,2,4,2,3,0,4,2,1,0,2,1
378,62,Ba|Ca|Cu|La|O,1,3,2,0,1,3,2,3,4,0,0
379,62,Ba|Ca|Cu|La|O,1,3,2,0,1,3,0,4,0,3,1
380,62,Ba|Ca|Cu|La|O,1,3,2,0,1,3,0,4,0,1,2
381,62,Ba|Ca|Cu|La|O,1,3,2,0,1,3,0,4,4,4,3
382,43,Ba|Co|Cu|O|Y,1,2,3,2,1,3,1,1,4,2,3
383,49,Bi|Ca|Cu|O|Sr,2,0,2,4,3,0,4,2,1,4,4
384,49,Bi|Ca|Cu|O|Sr,2,0,2,4,3,0,2,0,3,3,3
385,43,Ba|Co|Cu|O|Y,1,2,3,2,1,3,0,0,3,4,0
386,43,Ba|Co|Cu|O|Y,1,2,3,2,1,3,4,2,2,0,1
387,43,Ba|Co|Cu|O|Y,1,2,3,2,1,3,1,0,4,1,1
388,43,Ba|Co|Cu|O|Y,1,2,3,2,1,3,3,3,0,3,0
389,43,Ba|Co|Cu|O|Y,1,2,3,2,1,3,4,0,3,3,3
390,37,Ba|Cu|Ni|O|Y,1,0,2,1,2,2,0,0,4,4,2
391,37,Ba|Cu|Ni|O|Y,1,0,2,1,2,2,4,0,1,3,4
392,37,Ba|Cu|Ni|O|Y,1,0,2,1,2,2,3,2,3,1,4
393,37,Ba|Cu|Ni|O|Y,1,0,2,1,2,2,0,3,2,2,1
394,2,Cu|La|O|Sr,1,2,3,2,2,0,0,1,2,2,3
395,2,Cu|La|O|Sr,1,2,3,2,2,0,1,3,1,3,4
396,2,Cu|La|O|Sr,1,2,3,2,2,0,2,1,3,3,2
397,2,Cu|La|O|Sr,1,2,3,2,2,0,0,0,3,3,1
398,2,Cu|La|O|Sr,1,2,3,2,2,0,2,2,0,1,3
399,2,Cu|La|O|Sr,1,2,3,2,2,0,1,2,3,3,1
400,2,Cu|La|O|Sr,1,2,3,2,2,0,4,2,0,3,0
401,2,Cu|La|O|Sr,1,2,3,2,2,0,3,1,4,4,3
402,2,Cu|La|O|Sr,1,2,3,2,2,0,1,4,1,2,4
403,0,Ba|Cu|La|O,2,4,2,3,0,4,2,3,2,3,3
404,0,Ba|Cu|La|O,2,4,2,3,0,4,4,2,2,3,2
405,63,Ba|Cu|Lu|O|Y,0,4,4,0,3,1,1,1,1,0,1
406,63,Ba|Cu|Lu|O|Y,0,4,4,0,3,1,0,1,3,2,2
407,63,Ba|Cu|Lu|O|Y,0,4,4,0,3,1,3,0,3,3,4
408,63,Ba|Cu|Lu|O|Y,0,4,4,0,3,1,2,0,1,2,0
409,63,Ba|Cu|Lu|O|Y,0,4,4,0,3,1,3,2,3,3,2
410,63,Ba|Cu|Lu|O|Y,0,4,4,0,3,1,1,1,4,4,1
411,63,Ba|Cu|Lu|O|Y,0,4,4,0,3,1,3,2,2,3,2
412,0,Ba|Cu|La|O,2,4,2,3,0,4,2,0,4,4,4
413,0,Ba|Cu|La|O,2,4,2,3,0,4,0,2,2,2,2
414,2,Cu|La|O|Sr,1,2,3,2,2,0,3,3,4,0,0
415,2,Cu|La|O|Sr,1,2,3,2,2,0,1,0,2,0,1
416,2,Cu|La|O|Sr,1,2,3,2,2,0,3,3,3,4,1
417,2,Cu|La|O|Sr,1,2,3,2,2,0,2,3,2,4,2
418,2,Cu|La|O|Sr,1,2,3,2,2,0,2,4,0,3,1
419,2,Cu|La|O|Sr,1,2,3,2,2,0,4,0,4,4,0
420,5,Ca|Cu|La|O,0,2,3,4,0,3,1,0,3,3,0
421,5,Ca|Cu|La|O,0,2,3,4,0,3,2,1,3,4,0
422,5,Ca|Cu|La|O,0,2,3,4,0,3,2,3,2,3,0
423,8,Ba|Cu|O|Y,0,1,2,1,3,1,4,2,2,0,1
424,8,Ba|Cu|O|Y,0,1,2,1,3,1,1,1,0,4,4
425,8,Ba|Cu|O|Y,0,1,2,1,3,1,4,1,3,0,0
426,8,Ba|Cu|O|Y,0,1,2,1,3,1,3,3,1,1,3
427,8,Ba|Cu|O|Y,0,1,2,1,3,1,2,0,2,4,1
428,8,Ba|Cu|O|Y,0,1,2,1,3,1,3,1,1,0,3
429,8,Ba|Cu|O|Y,0,1,2,1,3,1,2,4,3,0,2
430,31,Ba|Cu|Fe|O|Y,3,2,3,4,1,0,3,2,3,3,4
431,31,Ba|Cu|Fe|O|Y,3,2,3,4,1,0,0,4,0,2,4
432,38,Al|Ba|Cu|O|Y,3,2,2,1,0,2,4,2,2,3,3
433,38,Al|Ba|Cu|O|Y,3,2,2,1,0,2,4,0,4,0,4
434,38,Al|Ba|Cu|O|Y,3,2,2,1,0,2,3,4,3,1,0
435,64,Ba|Cu|O|Y|Zr,2,1,3,4,3,2,0,0,0,4,4
436,64,Ba|Cu|O|Y|Zr,2,1,3,4,3,2,0,1,1,4,1
437,64,Ba|Cu|O|Y|Zr,2,1,3,4,3,2,0,2,3,2,0
438,12,Ba|Cu|Eu|O,2,3,0,3,4,4,1,0,2,0,0
439,12,Ba|Cu|Eu|O,2,3,0,3,4,4,0,4,4,2,4
440,31,Ba|Cu|Fe|O|Y,3,2,3,4,1,0,2,3,4,1,0
441,40,Ba|Cu|O|Y|Zn,3,1,0,2,1,0,2,3,0,2,3
442,2,Cu|La|O|Sr,1,2,3,2,2,0,4,0,4,4,2
443,17,Ba|Cu|O|Sm,4,0,0,3,4,1,0,2,2,3,0
444,65,Cu|Eu|La|O|Sr,3,3,0,2,0,0,2,0,3,4,1
445,8,Ba|Cu|O|Y,0,1,2,1,3,1,2,1,3,0,2
446,66,Ba|Cu|O|Sr|Y,2,2,3,2,4,1,4,3,3,0,0
447,66,Ba|Cu|O|Sr|Y,2,2,3,2,4,1,4,1,0,0,4
448,12,Ba|Cu|Eu|O,2,3,0,3,4,4,0,1,3,1,1
449,17,Ba|Cu|O|Sm,4,0,0,3,4,1,0,4,0,4,2
450,17,Ba|Cu|O|Sm,4,0,0,3,4,1,2,1,4,1,1
451,17,Ba|Cu|O|Sm,4,0,0,3,4,1,2,2,3,2,0
452,17,Ba|Cu|O|Sm,4,0,0,3,4,1,0,3,4,0,1
453,17,Ba|Cu|O|Sm,4,0,0,3,4,1,4,3,4,0,4
454,17,Ba|Cu|O|Sm,4,0,0,3,4,1,1,3,0,1,2
455,67,Ce|Cu|Nd|O|Sr,1,4,2,2,3,0,1,0,4,0,3
456,8,Ba|Cu|O|Y,0,1,2,1,3,1,2,3,3,1,1
457,8,Ba|Cu|O|Y,0,1,2,1,3,1,0,2,0,2,1
458,8,Ba|Cu|O|Y,0,1,2,1,3,1,4,2,3,4,3
459,9,Ba|Cu|Er|O,2,0,3,4,4,4,1,1,3,4,1
460,49,Bi|Ca|Cu|O|Sr,2,0,2,4,3,0,2,0,2,2,4
461,68,Ba|Bi|K|O,0,1,2,0,3,0,0,4,3,3,1
462,69,Cu|La|O,2,0,3,0,0,0,2,3,3,1,0
463,2,Cu|La|O|Sr,1,2,3,2,2,0,0,2,0,3,2
464,2,Cu|La|O|Sr,1,2,3,2,2,0,2,4,1,3,2
465,49,Bi|Ca|Cu|O|Sr,2,0,2,4,3,0,1,3,4,0,4
466,49,Bi|Ca|Cu|O|Sr,2,0,2,4,3,0,1,0,0,0,4
467,47,Ba|Ca|Cu|O|Tl,3,2,1,1,4,1,0,4,0,3,2
468,8,Ba|Cu|O|Y,0,1,2,1,3,1,4,2,3,1,1
469,8,Ba|Cu|O|Y,0,1,2,1,3,1,4,4,2,0,4
470,8,Ba|Cu|O|Y,0,1,2,1,3,1,3,0,2,4,1
471,49,Bi|Ca|Cu|O|Sr,2,0,2,4,3,0,4,1,3,1,4
472,49,Bi|Ca|Cu|O|Sr,2,0,2,4,3,0,3,4,2,3,1
473,70,Bi|Ca|Cu|O|Pb|Sb|Sr,1,0,4,1,0,0,2,2,0,0,3
474,71,Bi|Ca|Cu|O|Pb|Sr,2,0,4,1,4,1,3,4,2,2,3
475,31,Ba|Cu|Fe|O|Y,3,2,3,4,1,0,3,4,4,1,3
476,31,Ba|Cu|Fe|O|Y,3,2,3,4,1,0,1,2,2,0,0
477,49,Bi|Ca|Cu|O|Sr,2,0,2,4,3,0,0,2,0,0,3
478,71,Bi|Ca|Cu|O|Pb|Sr,2,0,4,1,4,1,3,2,1,0,0
479,8,Ba|Cu|O|Y,0,1,2,1,3,1,0,1,4,3,0
480,68,Ba|Bi|K|O,0,1,2,0,3,0,4,4,2,2,1
481,41,Ag|Ba|Cu|O|Y,1,1,0,2,0,1,3,1,1,3,2
482,8,Ba|Cu|O|Y,0,1,2,1,3,1,1,0,2,0,0
483,8,Ba|Cu|O|Y,0,1,2,1,3,1,3,1,4,3,3
484,8,Ba|Cu|O|Y,0,1,2,1,3,1,3,0,1,4,2
485,8,Ba|Cu|O|Y,0,1,2,1,3,1,3,3,4,0,0
486,8,Ba|Cu|O|Y,0,1,2,1,3,1,0,2,0,0,2
487,72,Ca|Cu|O|Sm|Sr|Tl,1,2,1,0,0,0,2,0,0,3,0
488,8,Ba|Cu|O|Y,0,1,2,1,3,1,0,4,2,4,1
489,73,Ba|Cu|La|O|Tl,4,3,2,4,1,3,0,4,0,3,3
490,73,Ba|Cu|La|O|Tl,4,3,2,4,1,3,4,0,4,3,0
491,74,Ce|Cu|Nd|O,3,3,3,3,3,1,2,0,2,2,4
492,8,Ba|Cu|O|Y,0,1,2,1,3,1,4,3,4,1,4
493,8,Ba|Cu|O|Y,0,1,2,1,3,1,3,4,4,4,4
494,47,Ba|Ca|Cu|O|Tl,3,2,1,1,4,1,2,0,3,2,4
495,37,Ba|Cu|Ni|O|Y,1,0,2,1,2,2,0,2,1,2,3
496,37,Ba|Cu|Ni|O|Y,1,0,2,1,2,2,1,3,4,3,3
497,40,Ba|Cu|O|Y|Zn,3,1,0,2,1,0,1,3,3,2,0
498,40,Ba|Cu|O|Y|Zn,3,1,0,2,1,0,0,4,3,1,2
499,11,Ba|Cu|Nd|O,2,2,2,2,1,2,0,4,2,4,0
500,75,Ba|Cu|Nd|Ni|O,4,3,0,0,3,2,2,4,3,0,0
501,75,Ba|Cu|Nd|Ni|O,4,3,0,0,3,2,4,1,2,4,3
502,76,Ba|Cu|Nd|O|Zn,0,1,2,0,2,1,3,1,1,4,3
503,76,Ba|Cu|Nd|O|Zn,0,1,2,0,2,1,0,1,3,1,1
504,13,Ba|Cu|Gd|O,2,1,0,3,4,0,4,4,0,4,2
505,77,Ba|Cu|Gd|Ni|O,3,2,4,3,4,0,0,4,1,3,1
506,77,Ba|Cu|Gd|Ni|O,3,2,4,3,4,0,3,0,1,2,3
507,78,Ba|Cu|Gd|O|Zn,3,3,3,4,2,0,0,2,3,3,2
508,78,Ba|Cu|Gd|O|Zn,3,3,3,4,2,0,2,3,3,3,0
509,14,Ba|Cu|Dy|O,4,1,4,1,3,3,2,2,0,0,1
510,79,Ba|Cu|Dy|Ni|O,1,3,1,0,1,1,3,0,4,3,1
511,79,Ba|Cu|Dy|Ni|O,1,3,1,0,1,1,4,1,2,4,0
512,80,Ba|Cu|Dy|O|Zn,2,2,2,1,2,4,4,3,4,3,2
513,80,Ba|Cu|Dy|O|Zn,2,2,2,1,2,4,4,2,2,3,3
514,9,Ba|Cu|Er|O,2,0,3,4,4,4,3,1,3,2,2
515,81,Ba|Cu|Er|Ni|O,0,3,1,2,1,2,4,4,2,0,0
516,81,Ba|Cu|Er|Ni|O,0,3,1,2,1,2,3,0,4,2,1
517,82,Ba|Cu|Er|O|Zn,2,2,1,0,1,4,3,3,1,2,3
518,82,Ba|Cu|Er|O|Zn,2,2,1,0,1,4,1,1,2,3,0
519,49,Bi|Ca|Cu|O|Sr,2,0,2,4,3,0,1,3,1,1,3
520,62,Ba|Ca|Cu|La|O,1,3,2,0,1,3,2,1,1,0,4
521,9,Ba|Cu|Er|O,2,0,3,4,4,4,1,4,3,2,0
522,9,Ba|Cu|Er|O,2,0,3,4,4,4,2,4,4,1,1
523,9,Ba|Cu|Er|O,2,0,3,4,4,4,4,4,3,0,4
524,9,Ba|Cu|Er|O,2,0,3,4,4,4,4,2,0,0,2
525,9,Ba|Cu|Er|O,2,0,3,4,4,4,3,0,2,4,0
526,68,Ba|Bi|K|O,0,1,2,0,3,0,1,2,1,4,0
527,2,Cu|La|O|Sr,1,2,3,2,2,0,3,1,0,4,1
528,2,Cu|La|O|Sr,1,2,3,2,2,0,1,3,4,0,0
529,2,Cu|La|O|Sr,1,2,3,2,2,0,2,3,0,0,3
530,2,Cu|La|O|Sr,1,2,3,2,2,0,1,1,3,1,1
531,8,Ba|Cu|O|Y,0,1,2,1,3,1,1,4,3,0,2
532,8,Ba|Cu|O|Y,0,1,2,1,3,1,2,4,0,0,3
533,8,Ba|Cu|O|Y,0,1,2,1,3,1,1,1,4,1,3
534,57,Ba|Cu|La|O|Y,4,0,3,4,0,1,2,1,4,3,1
535,57,Ba|Cu|La|O|Y,4,0,3,4,0,1,3,1,2,1,0
536,57,Ba|Cu|La|O|Y,4,0,3,4,0,1,0,1,0,0,4
537,57,Ba|Cu|La|O|Y,4,0,3,4,0,1,2,2,3,2,2
538,57,Ba|Cu|La|O|Y,4,0,3,4,0,1,1,3,3,0,0
539,57,Ba|Cu|La|O|Y,4,0,3,4,0,1,3,3,1,3,0
540,57,Ba|Cu|La|O|Y,4,0,3,4,0,1,4,4,3,3,2
541,57,Ba|Cu|La|O|Y,4,0,3,4,0,1,1,1,3,0,2
542,57,Ba|Cu|La|O|Y,4,0,3,4,0,1,4,0,1,1,2
543,57,Ba|Cu|La|O|Y,4,0,3,4,0,1,3,3,4,4,3
544,43,Ba|Co|Cu|O|Y,1,2,3,2,1,3,1,2,4,2,1
545,43,Ba|Co|Cu|O|Y,1,2,3,2,1,3,3,1,2,4,2
546,43,Ba|Co|Cu|O|Y,1,2,3,2,1,3,3,3,2,1,1
547,31,Ba|Cu|Fe|O|Y,3,2,3,4,1,0,1,3,4,0,2
548,31,Ba|Cu|Fe|O|Y,3,2,3,4,1,0,0,2,0,3,2
549,49,Bi|Ca|Cu|O|Sr,2,0,2,4,3,0,0,4,1,3,3
550,49,Bi|Ca|Cu|O|Sr,2,0,2,4,3,0,3,0,4,2,2
551,83,Bi|Ca|Cu|O|Sr|Y,4,3,2,2,1,2,2,0,0,1,1
552,47,Ba|Ca|Cu|O|Tl,3,2,1,1,4,1,2,1,4,1,1
553,47,Ba|Ca|Cu|O|Tl,3,2,1,1,4,1,3,1,1,4,2
554,74,Ce|Cu|Nd|O,3,3,3,3,3,1,0,0,1,2,0
555,67,Ce|Cu|Nd|O|Sr,1,4,2,2,3,0,0,0,3,1,2
556,69,Cu|La|O,2,0,3,0,0,0,1,0,1,2,1
557,84,Ca|Cu|O|Pb|Sr|Tb,1,4,3,0,4,4,0,0,3,3,2
558,85,Ca|Cu|Ho|O|Pb|Sr,2,2,3,2,1,4,2,2,2,0,0
559,86,Ca|Cu|Er|O|Pb|Sr,4,4,4,2,0,4,3,0,0,4,3
560,87,Ca|Cu|O|Pb|Sr|Tm,0,2,0,3,0,0,3,3,3,3,2
561,88,Ca|Cu|O|Pb|Sr|Yb,0,2,3,4,4,1,1,1,4,4,1
562,89,Ca|Cu|Lu|O|Pb|Sr,2,2,0,2,3,2,4,0,1,3,4
563,90,Ca|Cu|O|Pb|Sr|Y,0,3,2,3,4,0,4,0,2,3,1
564,91,Ca|Cu|La|O|Pb|Sr,1,4,1,0,1,4,4,3,1,1,2
565,92,Ca|Ce|Cu|O|Pb|Sr,3,0,4,4,3,2,0,0,1,3,1
566,93,Ca|Cu|O|Pb|Pr|Sr,0,4,0,0,3,4,4,1,0,3,1
567,94,Ca|Cu|Nd|O|Pb|Sr,2,4,1,2,4,3,4,0,2,2,0
568,95,Ca|Cu|O|Pb|Sm|Sr,3,3,4,0,3,2,2,4,4,2,2
569,96,Ca|Cu|Eu|O|Pb|Sr,2,3,4,4,4,4,2,1,0,2,2
570,97,Ca|Cu|Gd|O|Pb|Sr,1,1,3,4,1,3,0,3,0,2,4
571,67,Ce|Cu|Nd|O|Sr,1,4,2,2,3,0,4,2,1,0,0
572,11,Ba|Cu|Nd|O,2,2,2,2,1,2,1,4,3,3,4
573,11,Ba|Cu|Nd|O,2,2,2,2,1,2,2,0,1,4,1
574,11,Ba|Cu|Nd|O,2,2,2,2,1,2,1,1,2,0,1
575,11,Ba|Cu|Nd|O,2,2,2,2,1,2,0,0,4,3,1
576,8,Ba|Cu|O|Y,0,1,2,1,3,1,2,3,2,4,2
577,47,Ba|Ca|Cu|O|Tl,3,2,1,1,4,1,0,4,0,0,2
578,53,Ba|Cu|Fe|Gd|O,4,1,2,4,3,1,0,3,4,0,0
579,13,Ba|Cu|Gd|O,2,1,0,3,4,0,0,3,0,3,1
580,53,Ba|Cu|Fe|Gd|O,4,1,2,4,3,1,2,2,0,3,4
581,53,Ba|Cu|Fe|Gd|O,4,1,2,4,3,1,2,1,3,3,2
582,53,Ba|Cu|Fe|Gd|O,4,1,2,4,3,1,2,2,1,1,3
583,17,Ba|Cu|O|Sm,4,0,0,3,4,1,0,4,1,3,3
584,13,Ba|Cu|Gd|O,2,1,0,3,4,0,2,2,0,2,0
585,53,Ba|Cu|Fe|Gd|O,4,1,2,4,3,1,2,3,2,0,4
586,53,Ba|Cu|Fe|Gd|O,4,1,2,4,3,1,4,2,1,2,2
587,53,Ba|Cu|Fe|Gd|O,4,1,2,4,3,1,2,1,3,2,0
588,53,Ba|Cu|Fe|Gd|O,4,1,2,4,3,1,4,1,4,2,1
589,53,Ba|Cu|Fe|Gd|O,4,1,2,4,3,1,3,2,4,3,0
590,53,Ba|Cu|Fe|Gd|O,4,1,2,4,3,1,4,3,1,0,2
591,53,Ba|Cu|Fe|Gd|O,4,1,2,4,3,1,0,1,4,2,3
592,8,Ba|Cu|O|Y,0,1,2,1,3,1,4,2,1,3,3
593,2,Cu|La|O|Sr,1,2,3,2,2,0,0,3,3,3,0
594,49,Bi|Ca|Cu|O|Sr,2,0,2,4,3,0,2,1,0,1,0
595,98,Bi|Ca|Cu|Lu|O|Sr,2,1,0,0,3,2,4,1,0,3,3
596,98,Bi|Ca|Cu|Lu|O|Sr,2,1,0,0,3,2,1,0,3,3,1
597,98,Bi|Ca|Cu|Lu|O|Sr,2,1,0,0,3,2,2,0,3,1,0
598,98,Bi|Ca|Cu|Lu|O|Sr,2,1,0,0,3,2,1,4,3,4,2
599,98,Bi|Ca|Cu|Lu|O|Sr,2,1,0,0,3,2,0,1,3,4,0
600,99,Bi|Ca|Cu|Na|O|Sr,1,4,0,1,2,3,0,0,2,1,1
601,99,Bi|Ca|Cu|Na|O|Sr,1,4,0,1,2,3,3,4,4,0,4
602,99,Bi|Ca|Cu|Na|O|Sr,1,4,0,1,2,3,4,2,3,0,2
603,49,Bi|Ca|Cu|O|Sr,2,0,2,4,3,0,4,4,1,4,0
604,99,Bi|Ca|Cu|Na|O|Sr,1,4,0,1,2,3,1,1,1,3,0
605,99,Bi|Ca|Cu|Na|O|Sr,1,4,0,1,2,3,0,2,0,4,2
606,99,Bi|Ca|Cu|Na|O|Sr,1,4,0,1,2,3,4,3,3,2,3
607,49,Bi|Ca|Cu|O|Sr,2,0,2,4,3,0,3,3,4,0,4
608,99,Bi|Ca|Cu|Na|O|Sr,1,4,0,1,2,3,2,0,0,4,1
609,99,Bi|Ca|Cu|Na|O|Sr,1,4,0,1,2,3,4,3,0,3,3
610,99,Bi|Ca|Cu|Na|O|Sr,1,4,0,1,2,3,0,1,2,0,3
611,8,Ba|Cu|O|Y,0,1,2,1,3,1,4,3,3,2,4
612,8,Ba|Cu|O|Y,0,1,2,1,3,1,4,0,1,4,4
613,8,Ba|Cu|O|Y,0,1,2,1,3,1,0,0,2,2,4
614,8,Ba|Cu|O|Y,0,1,2,1,3,1,1,3,4,3,3
615,8,Ba|Cu|O|Y,0,1,2,1,3,1,3,4,2,2,2
616,8,Ba|Cu|O|Y,0,1,2,1,3,1,4,0,1,4,1
617,71,Bi|Ca|Cu|O|Pb|Sr,2,0,4,1,4,1,2,1,2,1,0
618,71,Bi|Ca|Cu|O|Pb|Sr,2,0,4,1,4,1,0,0,4,2,3
619,49,Bi|Ca|Cu|O|Sr,2,0,2,4,3,0,0,0,1,0,3
620,100,Bi|Ca|Cu|La|O|Sr,2,4,4,4,1,4,1,0,3,4,0
621,100,Bi|Ca|Cu|La|O|Sr,2,4,4,4,1,4,2,4,1,3,2
622,100,Bi|Ca|Cu|La|O|Sr,2,4,4,4,1,4,1,4,1,0,1
623,101,Bi|Ca|Cu|K|O|Sr,4,2,2,0,2,1,4,1,1,3,0
624,101,Bi|Ca|Cu|K|O|Sr,4,2,2,0,2,1,0,4,4,1,1
625,101,Bi|Ca|Cu|K|O|Sr,4,2,2,0,2,1,4,0,0,2,4
626,101,Bi|Ca|Cu|K|O|Sr,4,2,2,0,2,1,4,4,0,0,4
627,101,Bi|Ca|Cu|K|O|Sr,4,2,2,0,2,1,3,1,2,4,4
628,101,Bi|Ca|Cu|K|O|Sr,4,2,2,0,2,1,1,0,1,0,4
629,102,Ba|Cu|O|Pr|Y,4,2,0,0,3,0,0,0,0,0,0
630,102,Ba|Cu|O|Pr|Y,4,2,0,0,3,0,4,2,4,0,1
631,102,Ba|Cu|O|Pr|Y,4,2,0,0,3,0,3,4,2,1,3
632,102,Ba|Cu|O|Pr|Y,4,2,0,0,3,0,1,1,0,2,0
633,102,Ba|Cu|O|Pr|Y,4,2,0,0,3,0,2,4,4,4,4
634,9,Ba|Cu|Er|O,2,0,3,4,4,4,1,3,2,3,4
635,9,Ba|Cu|Er|O,2,0,3,4,4,4,1,2,1,2,1
636,9,Ba|Cu|Er|O,2,0,3,4,4,4,3,0,1,2,3
637,9,Ba|Cu|Er|O,2,0,3,4,4,4,2,3,3,2,1
638,9,Ba|Cu|Er|O,2,0,3,4,4,4,4,1,4,4,0
639,83,Bi|Ca|Cu|O|Sr|Y,4,3,2,2,1,2,1,1,0,4,0
640,49,Bi|Ca|Cu|O|Sr,2,0,2,4,3,0,1,4,2,2,0
641,83,Bi|Ca|Cu|O|Sr|Y,4,3,2,2,1,2,0,3,0,0,2
642,83,Bi|Ca|Cu|O|Sr|Y,4,3,2,2,1,2,3,0,2,2,2
643,83,Bi|Ca|Cu|O|Sr|Y,4,3,2,2,1,2,0,2,4,1,1
644,83,Bi|Ca|Cu|O|Sr|Y,4,3,2,2,1,2,0,0,4,1,2
645,83,Bi|Ca|Cu|O|Sr|Y,4,3,2,2,1,2,4,3,3,3,2
646,8,Ba|Cu|O|Y,0,1,2,1,3,1,4,3,2,0,2
647,102,Ba|Cu|O|Pr|Y,4,2,0,0,3,0,4,3,0,0,3
648,102,Ba|Cu|O|Pr|Y,4,2,0,0,3,0,4,1,1,1,0
649,102,Ba|Cu|O|Pr|Y,4,2,0,0,3,0,4,1,2,3,3
650,102,Ba|Cu|O|Pr|Y,4,2,0,0,3,0,3,2,0,4,1
651,102,Ba|Cu|O|Pr|Y,4,2,0,0,3,0,0,3,4,1,3
652,102,Ba|Cu|O|Pr|Y,4,2,0,0,3,0,3,2,0,2,3
653,8,Ba|Cu|O|Y,0,1,2,1,3,1,4,3,3,3,0
654,12,Ba|Cu|Eu|O,2,3,0,3,4,4,0,0,3,3,4
655,8,Ba|Cu|O|Y,0,1,2,1,3,1,2,2,4,4,3
656,2,Cu|La|O|Sr,1,2,3,2,2,0,4,3,2,4,3
657,103,Bi|Ca|Cu|La|O,2,3,1,0,1,2,0,3,0,2,2
658,103,Bi|Ca|Cu|La|O,2,3,1,0,1,2,2,4,1,1,2
659,104,Bi|Ca|Cu|O|Pr,2,0,2,2,4,1,2,1,2,4,2
660,68,Ba|Bi|K|O,0,1,2,0,3,0,0,3,1,1,4
661,0,Ba|Cu|La|O,2,4,2,3,0,4,3,3,3,3,0
662,0,Ba|Cu|La|O,2,4,2,3,0,4,4,0,0,4,4
663,8,Ba|Cu|O|Y,0,1,2,1,3,1,0,1,2,2,0
664,40,Ba|Cu|O|Y|Zn,3,1,0,2,1,0,0,2,2,0,2
665,38,Al|Ba|Cu|O|Y,3,2,2,1,0,2,1,3,0,4,2
666,105,Ba|Cu|O|Sn|Y,3,3,4,4,2,2,3,1,4,3,3
667,47,Ba|Ca|Cu|O|Tl,3,2,1,1,4,1,2,3,1,2,1
668,69,Cu|La|O,2,0,3,0,0,0,4,2,2,2,3
669,0,Ba|Cu|La|O,2,4,2,3,0,4,3,2,2,4,3
670,2,Cu|La|O|Sr,1,2,3,2,2,0,2,2,1,3,3
671,25,Cu|La|Ni|O|Sr,3,4,4,4,0,3,2,4,1,3,1
672,25,Cu|La|Ni|O|Sr,3,4,4,4,0,3,2,3,2,0,3
673,49,Bi|Ca|Cu|O|Sr,2,0,2,4,3,0,4,4,1,2,0
674,49,Bi|Ca|Cu|O|Sr,2,0,2,4,3,0,2,1,3,4,2
675,49,Bi|Ca|Cu|O|Sr,2,0,2,4,3,0,0,2,4,2,1
676,36,Bi|Cu|O|Sr,2,2,4,1,2,0,3,2,1,0,4
677,49,Bi|Ca|Cu|O|Sr,2,0,2,4,3,0,3,4,3,3,0
678,49,Bi|Ca|Cu|O|Sr,2,0,2,4,3,0,2,3,0,4,4
679,49,Bi|Ca|Cu|O|Sr,2,0,2,4,3,0,1,3,3,0,3
680,12,Ba|Cu|Eu|O,2,3,0,3,4,4,1,3,1,0,1
681,49,Bi|Ca|Cu|O|Sr,2,0,2,4,3,0,4,4,2,3,3
682,49,Bi|Ca|Cu|O|Sr,2,0,2,4,3,0,2,2,0,4,1
683,106,Li|Mo|O,4,2,3,4,1,3,2,4,0,1,4
684,49,Bi|Ca|Cu|O|Sr,2,0,2,4,3,0,2,3,0,1,1
685,49,Bi|Ca|Cu|O|Sr,2,0,2,4,3,0,3,1,4,0,3
686,49,Bi|Ca|Cu|O|Sr,2,0,2,4,3,0,4,2,0,3,0
687,49,Bi|Ca|Cu|O|Sr,2,0,2,4,3,0,3,0,4,2,4
688,71,Bi|Ca|Cu|O|Pb|Sr,2,0,4,1,4,1,3,4,1,1,0
689,71,Bi|Ca|Cu|O|Pb|Sr,2,0,4,1,4,1,3,1,0,3,2
690,71,Bi|Ca|Cu|O|Pb|Sr,2,0,4,1,4,1,3,4,2,4,0
691,8,Ba|Cu|O|Y,0,1,2,1,3,1,4,2,3,3,0
692,38,Al|Ba|Cu|O|Y,3,2,2,1,0,2,2,0,1,1,1
693,38,Al|Ba|Cu|O|Y,3,2,2,1,0,2,0,3,4,4,2
694,38,Al|Ba|Cu|O|Y,3,2,2,1,0,2,3,0,3,0,0
695,38,Al|Ba|Cu|O|Y,3,2,2,1,0,2,3,2,4,3,1
696,38,Al|Ba|Cu|O|Y,3,2,2,1,0,2,4,4,2,0,0
697,38,Al|Ba|Cu|O|Y,3,2,2,1,0,2,3,0,0,2,2
698,31,Ba|Cu|Fe|O|Y,3,2,3,4,1,0,3,3,0,2,0
699,31,Ba|Cu|Fe|O|Y,3,2,3,4,1,0,4,3,1,1,1
700,31,Ba|Cu|Fe|O|Y,3,2,3,4,1,0,3,3,2,4,3
701,31,Ba|Cu|Fe|O|Y,3,2,3,4,1,0,0,1,2,1,4
702,8,Ba|Cu|O|Y,0,1,2,1,3,1,1,0,0,0,0
703,8,Ba|Cu|O|Y,0,1,2,1,3,1,2,0,1,0,3
704,8,Ba|Cu|O|Y,0,1,2,1,3,1,1,3,4,1,1
705,8,Ba|Cu|O|Y,0,1,2,1,3,1,1,1,3,4,4
706,8,Ba|Cu|O|Y,0,1,2,1,3,1,0,0,0,1,1
707,107,Ba|Bi|O|Pb,4,1,0,0,3,4,2,4,1,2,2
708,8,Ba|Cu|O|Y,0,1,2,1,3,1,1,3,1,3,2
709,55,Ba|Cu|Ga|O|Y,4,2,3,4,3,2,3,3,1,1,1
710,55,Ba|Cu|Ga|O|Y,4,2,3,4,3,2,3,1,3,1,0
711,55,Ba|Cu|Ga|O|Y,4,2,3,4,3,2,4,0,3,0,4
712,55,Ba|Cu|Ga|O|Y,4,2,3,4,3,2,1,2,0,2,4
713,55,Ba|Cu|Ga|O|Y,4,2,3,4,3,2,1,3,2,2,2
714,55,Ba|Cu|Ga|O|Y,4,2,3,4,3,2,1,1,3,1,0
715,55,Ba|Cu|Ga|O|Y,4,2,3,4,3,2,4,4,4,3,4
716,0,Ba|Cu|La|O,2,4,2,3,0,4,1,3,3,2,4
717,108,Ca|Cu|O|Sr|Tl,4,2,1,1,0,4,0,0,1,4,1
718,108,Ca|Cu|O|Sr|Tl,4,2,1,1,0,4,3,3,4,3,0
719,47,Ba|Ca|Cu|O|Tl,3,2,1,1,4,1,0,3,1,2,3
720,49,Bi|Ca|Cu|O|Sr,2,0,2,4,3,0,3,4,3,3,0
721,8,Ba|Cu|O|Y,0,1,2,1,3,1,0,4,0,4,0
722,8,Ba|Cu|O|Y,0,1,2,1,3,1,0,4,4,1,4
723,8,Ba|Cu|O|Y,0,1,2,1,3,1,0,4,1,3,3
724,8,Ba|Cu|O|Y,0,1,2,1,3,1,2,1,2,4,3
725,8,Ba|Cu|O|Y,0,1,2,1,3,1,1,2,4,2,0
726,8,Ba|Cu|O|Y,0,1,2,1,3,1,4,3,4,0,3
727,8,Ba|Cu|O|Y,0,1,2,1,3,1,0,3,0,4,2
728,8,Ba|Cu|O|Y,0,1,2,1,3,1,2,1,2,0,1
729,8,Ba|Cu|O|Y,0,1,2,1,3,1,2,3,1,1,2
730,31,Ba|Cu|Fe|O|Y,3,2,3,4,1,0,3,3,3,0,3
731,2,Cu|La|O|Sr,1,2,3,2,2,0,3,1,3,2,3
732,26,Cu|La|O|Sr|Zn,4,4,3,4,1,2,4,4,0,3,1
733,26,Cu|La|O|Sr|Zn,4,4,3,4,1,2,0,2,1,4,1
734,26,Cu|La|O|Sr|Zn,4,4,3,4,1,2,4,2,1,3,4
735,26,Cu|La|O|Sr|Zn,4,4,3,4,1,2,1,1,1,4,4
736,8,Ba|Cu|O|Y,0,1,2,1,3,1,4,0,0,2,0
737,8,Ba|Cu|O|Y,0,1,2,1,3,1,0,2,1,1,3
738,8,Ba|Cu|O|Y,0,1,2,1,3,1,3,4,2,0,2
739,8,Ba|Cu|O|Y,0,1,2,1,3,1,4,3,0,0,4
740,8,Ba|Cu|O|Y,0,1,2,1,3,1,1,4,2,0,3
741,31,Ba|Cu|Fe|O|Y,3,2,3,4,1,0,3,0,1,3,0
742,31,Ba|Cu|Fe|O|Y,3,2,3,4,1,0,3,0,1,0,1
743,31,Ba|Cu|Fe|O|Y,3,2,3,4,1,0,1,3,2,3,4
744,31,Ba|Cu|Fe|O|Y,3,2,3,4,1,0,3,4,0,4,0
745,40,Ba|Cu|O|Y|Zn,3,1,0,2,1,0,3,3,2,4,4
746,40,Ba|Cu|O|Y|Zn,3,1,0,2,1,0,4,4,2,2,3
747,40,Ba|Cu|O|Y|Zn,3,1,0,2,1,0,1,2,1,3,4
748,40,Ba|Cu|O|Y|Zn,3,1,0,2,1,0,0,3,2,1,4
749,40,Ba|Cu|O|Y|Zn,3,1,0,2,1,0,2,0,1,0,2
750,40,Ba|Cu|O|Y|Zn,3,1,0,2,1,0,3,3,3,4,2
751,40,Ba|Cu|O|Y|Zn,3,1,0,2,1,0,3,3,4,3,0
752,8,Ba|Cu|O|Y,0,1,2,1,3,1,0,2,4,1,3
753,8,Ba|Cu|O|Y,0,1,2,1,3,1,1,2,1,0,1
754,32,Ba|Cu|O|S|Y,1,3,1,4,4,4,4,4,1,4,3
755,32,Ba|Cu|O|S|Y,1,3,1,4,4,4,4,0,4,1,4
756,109,Ba|Cu|O|Se|Y,1,1,4,0,3,2,1,3,4,4,4
757,8,Ba|Cu|O|Y,0,1,2,1,3,1,4,1,1,1,2
758,17,Ba|Cu|O|Sm,4,0,0,3,4,1,3,1,2,1,2
759,17,Ba|Cu|O|Sm,4,0,0,3,4,1,0,3,2,1,1
760,17,Ba|Cu|O|Sm,4,0,0,3,4,1,0,2,2,1,2
761,17,Ba|Cu|O|Sm,4,0,0,3,4,1,4,0,1,3,4
762,83,Bi|Ca|Cu|O|Sr|Y,4,3,2,2,1,2,2,1,3,1,2
763,83,Bi|Ca|Cu|O|Sr|Y,4,3,2,2,1,2,0,1,1,3,4
764,49,Bi|Ca|Cu|O|Sr,2,0,2,4,3,0,3,0,1,0,3
765,83,Bi|Ca|Cu|O|Sr|Y,4,3,2,2,1,2,4,2,3,2,2
766,71,Bi|Ca|Cu|O|Pb|Sr,2,0,4,1,4,1,1,2,2,4,0
767,71,Bi|Ca|Cu|O|Pb|Sr,2,0,4,1,4,1,1,1,2,4,1
768,71,Bi|Ca|Cu|O|Pb|Sr,2,0,4,1,4,1,0,4,3,2,3
769,71,Bi|Ca|Cu|O|Pb|Sr,2,0,4,1,4,1,4,3,3,4,2
770,71,Bi|Ca|Cu|O|Pb|Sr,2,0,4,1,4,1,4,3,3,3,0
771,71,Bi|Ca|Cu|O|Pb|Sr,2,0,4,1,4,1,0,0,1,0,3
772,71,Bi|Ca|Cu|O|Pb|Sr,2,0,4,1,4,1,0,3,1,3,0
773,71,Bi|Ca|Cu|O|Pb|Sr,2,0,4,1,4,1,2,4,1,1,3
774,110,Ba|Cs|Cu|O|Y,3,3,0,0,4,1,3,3,0,3,1
775,49,Bi|Ca|Cu|O|Sr,2,0,2,4,3,0,0,4,2,4,2
776,8,Ba|Cu|O|Y,0,1,2,1,3,1,1,0,3,1,3
777,8,Ba|Cu|O|Y,0,1,2,1,3,1,3,1,3,1,0
778,8,Ba|Cu|O|Y,0,1,2,1,3,1,3,0,3,0,1
779,12,Ba|Cu|Eu|O,2,3,0,3,4,4,0,3,3,2,3
780,8,Ba|Cu|O|Y,0,1,2,1,3,1,1,4,4,3,0
781,8,Ba|Cu|O|Y,0,1,2,1,3,1,4,2,1,1,3
782,111,Ba|Cu|O|Tb|Y,4,3,0,1,0,0,4,4,2,4,1
783,111,Ba|Cu|O|Tb|Y,4,3,0,1,0,0,3,1,1,0,3
784,111,Ba|Cu|O|Tb|Y,4,3,0,1,0,0,4,1,0,1,0
785,8,Ba|Cu|O|Y,0,1,2,1,3,1,2,4,2,1,3
786,55,Ba|Cu|Ga|O|Y,4,2,3,4,3,2,3,4,0,4,4
787,55,Ba|Cu|Ga|O|Y,4,2,3,4,3,2,0,3,1,1,3
788,55,Ba|Cu|Ga|O|Y,4,2,3,4,3,2,2,0,0,3,2
789,55,Ba|Cu|Ga|O|Y,4,2,3,4,3,2,0,4,4,1,3
790,55,Ba|Cu|Ga|O|Y,4,2,3,4,3,2,3,1,2,1,4
791,55,Ba|Cu|Ga|O|Y,4,2,3,4,3,2,0,3,0,4,0
792,55,Ba|Cu|Ga|O|Y,4,2,3,4,3,2,4,0,4,0,1
793,55,Ba|Cu|Ga|O|Y,4,2,3,4,3,2,3,0,2,0,4
794,55,Ba|Cu|Ga|O|Y,4,2,3,4,3,2,0,2,4,4,4
795,55,Ba|Cu|Ga|O|Y,4,2,3,4,3,2,3,1,1,0,1
796,55,Ba|Cu|Ga|O|Y,4,2,3,4,3,2,3,1,3,0,3
797,55,Ba|Cu|Ga|O|Y,4,2,3,4,3,2,4,1,3,3,1
798,55,Ba|Cu|Ga|O|Y,4,2,3,4,3,2,0,3,0,1,4
799,8,Ba|Cu|O|Y,0,1,2,1,3,1,0,3,0,4,0
800,40,Ba|Cu|O|Y|Zn,3,1,0,2,1,0,2,1,4,0,4
801,40,Ba|Cu|O|Y|Zn,3,1,0,2,1,0,1,1,0,2,0
802,40,Ba|Cu|O|Y|Zn,3,1,0,2,1,0,2,2,0,0,3
803,40,Ba|Cu|O|Y|Zn,3,1,0,2,1,0,3,1,1,0,3
804,40,Ba|Cu|O|Y|Zn,3,1,0,2,1,0,4,0,0,1,0
805,40,Ba|Cu|O|Y|Zn,3,1,0,2,1,0,2,4,0,4,1
806,40,Ba|Cu|O|Y|Zn,3,1,0,2,1,0,3,1,4,3,4
807,40,Ba|Cu|O|Y|Zn,3,1,0,2,1,0,0,4,0,0,0
808,40,Ba|Cu|O|Y|Zn,3,1,0,2,1,0,1,3,4,1,1
809,40,Ba|Cu|O|Y|Zn,3,1,0,2,1,0,0,4,3,3,4
810,112,Bi|Cu|Nd|O|Sr,2,4,4,0,1,3,3,3,1,2,0
811,112,Bi|Cu|Nd|O|Sr,2,4,4,0,1,3,0,0,1,0,2
812,112,Bi|Cu|Nd|O|Sr,2,4,4,0,1,3,0,4,0,1,1
813,112,Bi|Cu|Nd|O|Sr,2,4,4,0,1,3,4,0,2,4,2
814,49,Bi|Ca|Cu|O|Sr,2,0,2,4,3,0,4,4,0,3,1
815,100,Bi|Ca|Cu|La|O|Sr,2,4,4,4,1,4,4,3,3,0,2
816,100,Bi|Ca|Cu|La|O|Sr,2,4,4,4,1,4,0,1,0,1,0
817,100,Bi|Ca|Cu|La|O|Sr,2,4,4,4,1,4,1,1,2,4,4
818,100,Bi|Ca|Cu|La|O|Sr,2,4,4,4,1,4,2,4,3,3,0
819,100,Bi|Ca|Cu|La|O|Sr,2,4,4,4,1,4,4,0,3,1,0
820,100,Bi|Ca|Cu|La|O|Sr,2,4,4,4,1,4,3,0,3,1,0
821,36,Bi|Cu|O|Sr,2,2,4,1,2,0,0,2,0,2,0
822,112,Bi|Cu|Nd|O|Sr,2,4,4,0,1,3,0,2,2,1,0
823,112,Bi|Cu|Nd|O|Sr,2,4,4,0,1,3,1,0,0,2,4
824,112,Bi|Cu|Nd|O|Sr,2,4,4,0,1,3,4,3,1,0,4
825,112,Bi|Cu|Nd|O|Sr,2,4,4,0,1,3,3,1,0,4,4
826,112,Bi|Cu|Nd|O|Sr,2,4,4,0,1,3,3,4,0,3,4
827,112,Bi|Cu|Nd|O|Sr,2,4,4,0,1,3,4,1,2,4,0
828,112,Bi|Cu|Nd|O|Sr,2,4,4,0,1,3,1,0,2,0,3
829,113,Cu|Nd|O|Sr|Tl,0,1,4,4,4,2,0,4,3,2,4
830,114,Cu|Nd|O|Pb|Sr|Tl,1,3,4,2,2,3,0,2,3,0,4
831,114,Cu|Nd|O|Pb|Sr|Tl,1,3,4,2,2,3,3,4,2,4,4
832,114,Cu|Nd|O|Pb|Sr|Tl,1,3,4,2,2,3,0,0,0,1,1
833,114,Cu|Nd|O|Pb|Sr|Tl,1,3,4,2,2,3,4,4,1,0,3
834,114,Cu|Nd|O|Pb|Sr|Tl,1,3,4,2,2,3,0,1,3,0,0
835,115,Cu|O|Pb|Pr|Sr|Tl,2,3,2,3,2,0,4,4,4,1,1
836,115,Cu|O|Pb|Pr|Sr|Tl,2,3,2,3,2,0,0,1,0,0,1
837,115,Cu|O|Pb|Pr|Sr|Tl,2,3,2,3,2,0,1,0,3,2,0
838,115,Cu|O|Pb|Pr|Sr|Tl,2,3,2,3,2,0,4,0,2,3,1
839,115,Cu|O|Pb|Pr|Sr|Tl,2,3,2,3,2,0,2,3,3,2,4
840,37,Ba|Cu|Ni|O|Y,1,0,2,1,2,2,3,1,0,3,4
841,37,Ba|Cu|Ni|O|Y,1,0,2,1,2,2,0,2,2,3,0
842,37,Ba|Cu|Ni|O|Y,1,0,2,1,2,2,3,2,3,1,4
843,37,Ba|Cu|Ni|O|Y,1,0,2,1,2,2,1,2,2,2,0
844,37,Ba|Cu|Ni|O|Y,1,0,2,1,2,2,1,3,0,2,3
845,49,Bi|Ca|Cu|O|Sr,2,0,2,4,3,0,0,4,4,0,4
846,116,Ba|Cu|La|Li|O|Y,2,3,4,2,0,0,4,3,3,2,1
847,114,Cu|Nd|O|Pb|Sr|Tl,1,3,4,2,2,3,2,1,4,4,2
848,114,Cu|Nd|O|Pb|Sr|Tl,1,3,4,2,2,3,4,4,0,0,3
849,114,Cu|Nd|O|Pb|Sr|Tl,1,3,4,2,2,3,2,2,1,1,4
850,114,Cu|Nd|O|Pb|Sr|Tl,1,3,4,2,2,3,2,3,4,2,0
851,117,Cu|O|Pb|Sm|Sr|Tl,4,0,3,1,4,4,4,1,0,2,4
852,115,Cu|O|Pb|Pr|Sr|Tl,2,3,2,3,2,0,1,1,1,3,2
853,113,Cu|Nd|O|Sr|Tl,0,1,4,4,4,2,4,4,2,2,2
854,113,Cu|Nd|O|Sr|Tl,0,1,4,4,4,2,3,0,4,1,1
855,114,Cu|Nd|O|Pb|Sr|Tl,1,3,4,2,2,3,2,4,1,3,1
856,114,Cu|Nd|O|Pb|Sr|Tl,1,3,4,2,2,3,1,0,3,2,2
857,113,Cu|Nd|O|Sr|Tl,0,1,4,4,4,2,4,0,3,3,0
858,74,Ce|Cu|Nd|O,3,3,3,3,3,1,3,1,4,4,4
859,118,Ce|Cu|O|Pr,3,0,4,2,3,3,4,0,4,3,1
860,119,Ce|Cu|O|Sm,1,1,1,1,1,4,4,4,1,1,4
861,37,Ba|Cu|Ni|O|Y,1,0,2,1,2,2,0,3,2,3,1
862,29,Cu|La|O|Sm|Sr,4,0,3,4,4,0,3,2,0,3,2
863,36,Bi|Cu|O|Sr,2,2,4,1,2,0,0,0,4,2,2
864,120,Bi|Cu|La|O|Sr,1,3,1,3,0,0,1,4,3,0,4
865,2,Cu|La|O|Sr,1,2,3,2,2,0,0,3,1,0,4
866,2,Cu|La|O|Sr,1,2,3,2,2,0,3,0,0,3,0
867,2,Cu|La|O|Sr,1,2,3,2,2,0,3,0,1,4,0
868,2,Cu|La|O|Sr,1,2,3,2,2,0,4,4,1,1,1
869,2,Cu|La|O|Sr,1,2,3,2,2,0,4,0,1,0,1
870,2,Cu|La|O|Sr,1,2,3,2,2,0,3,0,3,1,0
871,2,Cu|La|O|Sr,1,2,3,2,2,0,0,0,4,2,0
872,8,Ba|Cu|O|Y,0,1,2,1,3,1,1,1,3,1,1
873,0,Ba|Cu|La|O,2,4,2,3,0,4,3,2,2,0,3
874,69,Cu|La|O,2,0,3,0,0,0,1,1,0,3,2
875,49,Bi|Ca|Cu|O|Sr,2,0,2,4,3,0,0,0,2,0,0
876,2,Cu|La|O|Sr,1,2,3,2,2,0,0,0,2,2,0
877,2,Cu|La|O|Sr,1,2,3,2,2,0,4,0,2,2,1
878,2,Cu|La|O|Sr,1,2,3,2,2,0,3,0,1,2,4
879,2,Cu|La|O|Sr,1,2,3,2,2,0,0,4,0,0,1
880,2,Cu|La|O|Sr,1,2,3,2,2,0,3,1,2,0,2
881,8,Ba|Cu|O|Y,0,1,2,1,3,1,0,1,3,0,3
882,12,Ba|Cu|Eu|O,2,3,0,3,4,4,1,1,0,4,4
883,13,Ba|Cu|Gd|O,2,1,0,3,4,0,2,1,3,4,3
884,14,Ba|Cu|Dy|O,4,1,4,1,3,3,4,3,0,2,3
885,15,Ba|Cu|Ho|O,0,0,4,0,3,2,2,4,3,2,3
886,9,Ba|Cu|Er|O,2,0,3,4,4,4,0,3,3,4,1
887,68,Ba|Bi|K|O,0,1,2,0,3,0,2,1,3,3,4
888,68,Ba|Bi|K|O,0,1,2,0,3,0,0,4,3,3,3
889,68,Ba|Bi|K|O,0,1,2,0,3,0,4,3,0,4,3
890,68,Ba|Bi|K|O,0,1,2,0,3,0,2,4,2,4,3
891,121,Ba|Bi|O|Rb,0,1,3,0,2,4,1,0,1,2,4
892,68,Ba|Bi|K|O,0,1,2,0,3,0,3,4,3,1,4
893,17,Ba|Cu|O|Sm,4,0,0,3,4,1,2,0,3,0,1
894,17,Ba|Cu|O|Sm,4,0,0,3,4,1,4,3,2,0,3
895,17,Ba|Cu|O|Sm,4,0,0,3,4,1,3,2,2,2,0
896,17,Ba|Cu|O|Sm,4,0,0,3,4,1,3,3,0,2,4
897,17,Ba|Cu|O|Sm,4,0,0,3,4,1,1,1,2,2,1
898,17,Ba|Cu|O|Sm,4,0,0,3,4,1,2,4,2,2,1
899,17,Ba|Cu|O|Sm,4,0,0,3,4,1,3,2,0,2,0
900,17,Ba|Cu|O|Sm,4,0,0,3,4,1,3,0,2,4,4
901,17,Ba|Cu|O|Sm,4,0,0,3,4,1,1,3,0,1,2
902,17,Ba|Cu|O|Sm,4,0,0,3,4,1,4,4,3,0,2
903,8,Ba|Cu|O|Y,0,1,2,1,3,1,4,3,4,2,4
904,0,Ba|Cu|La|O,2,4,2,3,0,4,3,2,2,2,4
905,11,Ba|Cu|Nd|O,2,2,2,2,1,2,2,4,4,1,1
906,17,Ba|Cu|O|Sm,4,0,0,3,4,1,1,2,1,4,2
907,12,Ba|Cu|Eu|O,2,3,0,3,4,4,4,2,3,1,2
908,14,Ba|Cu|Dy|O,4,1,4,1,3,3,1,4,2,0,2
909,15,Ba|Cu|Ho|O,0,0,4,0,3,2,4,3,0,3,3
910,9,Ba|Cu|Er|O,2,0,3,4,4,4,1,3,4,4,4
911,10,Ba|Cu|O|Tm,3,0,0,3,2,2,3,0,0,3,0
912,49,Bi|Ca|Cu|O|Sr,2,0,2,4,3,0,3,4,0,3,4
913,49,Bi|Ca|Cu|O|Sr,2,0,2,4,3,0,0,1,3,2,0
914,74,Ce|Cu|Nd|O,3,3,3,3,3,1,0,4,4,3,3
915,49,Bi|Ca|Cu|O|Sr,2,0,2,4,3,0,2,4,2,0,0
916,4,Ba|Ca|Cu|O|Y,3,0,0,0,2,3,2,2,1,1,2
917,66,Ba|Cu|O|Sr|Y,2,2,3,2,4,1,1,1,3,4,3
918,40,Ba|Cu|O|Y|Zn,3,1,0,2,1,0,2,0,4,3,4
919,40,Ba|Cu|O|Y|Zn,3,1,0,2,1,0,3,3,2,0,2
920,40,Ba|Cu|O|Y|Zn,3,1,0,2,1,0,1,2,2,0,0
921,40,Ba|Cu|O|Y|Zn,3,1,0,2,1,0,2,0,3,4,3
922,40,Ba|Cu|O|Y|Zn,3,1,0,2,1,0,4,2,3,1,1
923,40,Ba|Cu|O|Y|Zn,3,1,0,2,1,0,3,1,2,0,2
924,31,Ba|Cu|Fe|O|Y,3,2,3,4,1,0,4,1,0,0,2
925,31,Ba|Cu|Fe|O|Y,3,2,3,4,1,0,1,3,2,3,0
926,122,Ba|Cu|Er|O|Sr|Y,3,2,4,0,2,3,0,2,1,4,0
927,123,Ba|Cu|Ho|O|Y,4,3,0,1,0,4,0,3,3,2,2
928,40,Ba|Cu|O|Y|Zn,3,1,0,2,1,0,1,3,2,4,4
929,40,Ba|Cu|O|Y|Zn,3,1,0,2,1,0,4,0,1,3,2
930,40,Ba|Cu|O|Y|Zn,3,1,0,2,1,0,0,4,2,2,2
931,40,Ba|Cu|O|Y|Zn,3,1,0,2,1,0,2,2,3,0,3
932,40,Ba|Cu|O|Y|Zn,3,1,0,2,1,0,4,1,0,3,0
933,40,Ba|Cu|O|Y|Zn,3,1,0,2,1,0,3,2,1,1,0
934,37,Ba|Cu|Ni|O|Y,1,0,2,1,2,2,2,1,3,1,0
935,37,Ba|Cu|Ni|O|Y,1,0,2,1,2,2,3,3,1,3,0
936,37,Ba|Cu|Ni|O|Y,1,0,2,1,2,2,2,3,1,1,4
937,37,Ba|Cu|Ni|O|Y,1,0,2,1,2,2,4,2,2,0,4
938,43,Ba|Co|Cu|O|Y,1,2,3,2,1,3,2,0,3,0,4
939,43,Ba|Co|Cu|O|Y,1,2,3,2,1,3,3,2,4,3,3
940,49,Bi|Ca|Cu|O|Sr,2,0,2,4,3,0,1,3,2,1,0
941,8,Ba|Cu|O|Y,0,1,2,1,3,1,4,0,4,3,1
942,8,Ba|Cu|O|Y,0,1,2,1,3,1,2,0,3,1,3
943,49,Bi|Ca|Cu|O|Sr,2,0,2,4,3,0,4,0,1,0,0
944,124,Ba|Cu|K|O|Y,4,0,1,4,0,2,1,4,3,1,0
945,2,Cu|La|O|Sr,1,2,3,2,2,0,4,0,1,0,3
946,8,Ba|Cu|O|Y,0,1,2,1,3,1,4,1,1,1,2
947,47,Ba|Ca|Cu|O|Tl,3,2,1,1,4,1,4,4,1,4,1
948,125,Ba|Cu|O|Tl,0,1,2,3,4,1,0,0,0,0,2
949,8,Ba|Cu|O|Y,0,1,2,1,3,1,1,2,4,4,2
950,31,Ba|Cu|Fe|O|Y,3,2,3,4,1,0,1,2,4,4,2
951,31,Ba|Cu|Fe|O|Y,3,2,3,4,1,0,2,1,1,4,0
952,31,Ba|Cu|Fe|O|Y,3,2,3,4,1,0,0,4,3,4,2
953,8,Ba|Cu|O|Y,0,1,2,1,3,1,3,0,2,3,2
954,8,Ba|Cu|O|Y,0,1,2,1,3,1,3,2,1,2,1
955,8,Ba|Cu|O|Y,0,1,2,1,3,1,2,3,2,1,2
956,8,Ba|Cu|O|Y,0,1,2,1,3,1,4,2,4,1,2
957,8,Ba|Cu|O|Y,0,1,2,1,3,1,4,1,3,3,3
958,8,Ba|Cu|O|Y,0,1,2,1,3,1,1,2,1,3,4
959,2,Cu|La|O|Sr,1,2,3,2,2,0,3,0,1,1,4
960,13,Ba|Cu|Gd|O,2,1,0,3,4,0,2,2,3,3,3
961,13,Ba|Cu|Gd|O,2,1,0,3,4,0,1,1,2,1,2
962,53,Ba|Cu|Fe|Gd|O,4,1,2,4,3,1,3,2,1,1,2
963,53,Ba|Cu|Fe|Gd|O,4,1,2,4,3,1,2,3,3,1,2
964,53,Ba|Cu|Fe|Gd|O,4,1,2,4,3,1,0,1,0,0,2
965,8,Ba|Cu|O|Y,0,1,2,1,3,1,1,3,4,0,2
966,8,Ba|Cu|O|Y,0,1,2,1,3,1,4,0,1,1,4
967,8,Ba|Cu|O|Y,0,1,2,1,3,1,4,0,1,2,2
968,49,Bi|Ca|Cu|O|Sr,2,0,2,4,3,0,4,2,3,1,1
969,8,Ba|Cu|O|Y,0,1,2,1,3,1,4,4,4,3,3
970,8,Ba|Cu|O|Y,0,1,2,1,3,1,3,1,0,4,2
971,68,Ba|Bi|K|O,0,1,2,0,3,0,0,4,4,4,0
972,0,Ba|Cu|La|O,2,4,2,3,0,4,4,4,2,1,0
973,2,Cu|La|O|Sr,1,2,3,2,2,0,4,1,1,3,1
974,70,Bi|Ca|Cu|O|Pb|Sb|Sr,1,0,4,1,0,0,1,2,2,3,1
975,70,Bi|Ca|Cu|O|Pb|Sb|Sr,1,0,4,1,0,0,3,2,1,2,3
976,70,Bi|Ca|Cu|O|Pb|Sb|Sr,1,0,4,1,0,0,1,1,0,1,0
977,70,Bi|Ca|Cu|O|Pb|Sb|Sr,1,0,4,1,0,0,2,3,3,2,4
978,2,Cu|La|O|Sr,1,2,3,2,2,0,0,3,3,4,0
979,0,Ba|Cu|La|O,2,4,2,3,0,4,2,4,3,1,0
980,8,Ba|Cu|O|Y,0,1,2,1,3,1,0,1,0,4,2
981,47,Ba|Ca|Cu|O|Tl,3,2,1,1,4,1,4,4,2,3,0
982,49,Bi|Ca|Cu|O|Sr,2,0,2,4,3,0,2,3,1,4,3
983,49,Bi|Ca|Cu|O|Sr,2,0,2,4,3,0,2,2,4,0,3
984,49,Bi|Ca|Cu|O|Sr,2,0,2,4,3,0,3,3,4,2,3
985,49,Bi|Ca|Cu|O|Sr,2,0,2,4,3,0,2,1,4,2,4
986,47,Ba|Ca|Cu|O|Tl,3,2,1,1,4,1,1,0,0,3,0
987,49,Bi|Ca|Cu|O|Sr,2,0,2,4,3,0,2,1,2,3,3
988,47,Ba|Ca|Cu|O|Tl,3,2,1,1,4,1,1,1,3,0,2
989,47,Ba|Ca|Cu|O|Tl,3,2,1,1,4,1,0,3,3,1,3
990,47,Ba|Ca|Cu|O|Tl,3,2,1,1,4,1,2,1,2,1,3
991,47,Ba|Ca|Cu|O|Tl,3,2,1,1,4,1,1,4,2,1,0
992,47,Ba|Ca|Cu|O|Tl,3,2,1,1,4,1,0,4,4,4,2
993,47,Ba|Ca|Cu|O|Tl,3,2,1,1,4,1,3,0,2,3,2
994,47,Ba|Ca|Cu|O|Tl,3,2,1,1,4,1,1,0,3,2,0
995,47,Ba|Ca|Cu|O|Tl,3,2,1,1,4,1,0,2,3,4,3
996,47,Ba|Ca|Cu|O|Tl,3,2,1,1,4,1,2,3,4,1,3
997,47,Ba|Ca|Cu|O|Tl,3,2,1,1,4,1,4,1,3,0,0
998,47,Ba|Ca|Cu|O|Tl,3,2,1,1,4,1,0,1,0,4,0
999,126,Ca|Cu|Er|O|Pb|Sr|Tl,1,4,0,2,0,1,4,4,0,1,1
1000,47,Ba|Ca|Cu|O|Tl,3,2,1,1,4,1,4,3,0,1,3
1001,125,Ba|Cu|O|Tl,0,1,2,3,4,1,0,4,0,3,2
1002,8,Ba|Cu|O|Y,0,1,2,1,3,1,0,3,0,0,1
1003,8,Ba|Cu|O|Y,0,1,2,1,3,1,1,4,3,4,2
1004,8,Ba|Cu|O|Y,0,1,2,1,3,1,4,0,4,4,1
1005,8,Ba|Cu|O|Y,0,1,2,1,3,1,4,0,4,2,3
1006,8,Ba|Cu|O|Y,0,1,2,1,3,1,0,1,0,3,3
1007,8,Ba|Cu|O|Y,0,1,2,1,3,1,4,4,2,2,0
1008,8,Ba|Cu|O|Y,0,1,2,1,3,1,2,3,2,0,0
1009,8,Ba|Cu|O|Y,0,1,2,1,3,1,4,3,3,0,2
1010,8,Ba|Cu|O|Y,0,1,2,1,3,1,4,1,3,1,2
1011,8,Ba|Cu|O|Y,0,1,2,1,3,1,0,0,2,3,1
1012,125,Ba|Cu|O|Tl,0,1,2,3,4,1,3,0,1,1,4
1013,125,Ba|Cu|O|Tl,0,1,2,3,4,1,0,0,0,1,4
1014,125,Ba|Cu|O|Tl,0,1,2,3,4,1,2,3,4,2,4
1015,47,Ba|Ca|Cu|O|Tl,3,2,1,1,4,1,2,2,3,4,0
1016,125,Ba|Cu|O|Tl,0,1,2,3,4,1,1,3,2,1,1
1017,125,Ba|Cu|O|Tl,0,1,2,3,4,1,1,0,3,1,1
1018,125,Ba|Cu|O|Tl,0,1,2,3,4,1,0,4,4,0,1
1019,125,Ba|Cu|O|Tl,0,1,2,3,4,1,3,4,3,4,2
1020,125,Ba|Cu|O|Tl,0,1,2,3,4,1,3,3,3,1,3
1021,125,Ba|Cu|O|Tl,0,1,2,3,4,1,0,4,2,3,3
1022,70,Bi|Ca|Cu|O|Pb|Sb|Sr,1,0,4,1,0,0,2,4,1,4,0
1023,15,Ba|Cu|Ho|O,0,0,4,0,3,2,0,1,2,4,3
1024,15,Ba|Cu|Ho|O,0,0,4,0,3,2,2,2,4,3,4
1025,127,Ba|Ca|Cu|Ho|O,3,3,3,0,3,0,4,1,1,2,2
1026,127,Ba|Ca|Cu|Ho|O,3,3,3,0,3,0,1,0,4,1,3
1027,127,Ba|Ca|Cu|Ho|O,3,3,3,0,3,0,3,3,2,1,4
1028,127,Ba|Ca|Cu|Ho|O,3,3,3,0,3,0,4,3,3,3,1
1029,127,Ba|Ca|Cu|Ho|O,3,3,3,0,3,0,0,1,1,2,2
1030,8,Ba|Cu|O|Y,0,1,2,1,3,1,2,2,1,0,0
1031,4,Ba|Ca|Cu|O|Y,3,0,0,0,2,3,3,4,1,1,0
1032,4,Ba|Ca|Cu|O|Y,3,0,0,0,2,3,4,3,0,3,2
1033,4,Ba|Ca|Cu|O|Y,3,0,0,0,2,3,2,1,0,3,1
1034,4,Ba|Ca|Cu|O|Y,3,0,0,0,2,3,1,1,1,2,2
1035,4,Ba|Ca|Cu|O|Y,3,0,0,0,2,3,1,1,1,0,0
1036,2,Cu|La|O|Sr,1,2,3,2,2,0,0,3,0,3,2
1037,71,Bi|Ca|Cu|O|Pb|Sr,2,0,4,1,4,1,3,2,0,2,2
1038,49,Bi|Ca|Cu|O|Sr,2,0,2,4,3,0,3,1,1,3,4
1039,128,Bi|Ca|Cu|O|Sr|Tm,2,2,2,3,1,1,3,3,2,2,1
1040,128,Bi|Ca|Cu|O|Sr|Tm,2,2,2,3,1,1,4,3,0,0,0
1041,128,Bi|Ca|Cu|O|Sr|Tm,2,2,2,3,1,1,2,1,3,1,2
1042,128,Bi|Ca|Cu|O|Sr|Tm,2,2,2,3,1,1,2,2,2,4,4
1043,128,Bi|Ca|Cu|O|Sr|Tm,2,2,2,3,1,1,0,3,3,4,3
1044,129,Bi|Ca|Cu|Eu|O|Sr,3,3,4,0,4,4,3,4,4,0,4
1045,129,Bi|Ca|Cu|Eu|O|Sr,3,3,4,0,4,4,3,2,0,0,2
1046,129,Bi|Ca|Cu|Eu|O|Sr,3,3,4,0,4,4,4,4,4,3,3
1047,130,Bi|Ca|Cu|Er|O|Sr,0,4,1,0,3,2,1,0,0,2,1
1048,130,Bi|Ca|Cu|Er|O|Sr,0,4,1,0,3,2,3,4,0,0,4
1049,130,Bi|Ca|Cu|Er|O|Sr,0,4,1,0,3,2,3,1,3,0,4
1050,131,Bi|Ca|Cu|Ho|O|Sr,2,3,3,0,1,0,0,2,4,1,2
1051,131,Bi|Ca|Cu|Ho|O|Sr,2,3,3,0,1,0,2,0,1,2,2
1052,131,Bi|Ca|Cu|Ho|O|Sr,2,3,3,0,1,0,2,1,1,0,1
1053,49,Bi|Ca|Cu|O|Sr,2,0,2,4,3,0,4,4,1,0,0
1054,128,Bi|Ca|Cu|O|Sr|Tm,2,2,2,3,1,1,4,0,2,1,2
1055,128,Bi|Ca|Cu|O|Sr|Tm,2,2,2,3,1,1,2,2,4,2,4
1056,128,Bi|Ca|Cu|O|Sr|Tm,2,2,2,3,1,1,3,3,3,3,2
1057,128,Bi|Ca|Cu|O|Sr|Tm,2,2,2,3,1,1,0,1,2,0,1
1058,132,Bi|Ca|Cu|O|Pb|Sr|Y,3,1,1,4,3,2,4,4,2,4,0
1059,132,Bi|Ca|Cu|O|Pb|Sr|Y,3,1,1,4,3,2,4,1,3,1,1
1060,132,Bi|Ca|Cu|O|Pb|Sr|Y,3,1,1,4,3,2,0,0,3,2,4
1061,47,Ba|Ca|Cu|O|Tl,3,2,1,1,4,1,1,4,1,2,0
1062,31,Ba|Cu|Fe|O|Y,3,2,3,4,1,0,4,4,1,4,3
1063,49,Bi|Ca|Cu|O|Sr,2,0,2,4,3,0,2,2,1,4,3
1064,31,Ba|Cu|Fe|O|Y,3,2,3,4,1,0,4,2,2,1,2
1065,43,Ba|Co|Cu|O|Y,1,2,3,2,1,3,3,2,1,1,2
1066,40,Ba|Cu|O|Y|Zn,3,1,0,2,1,0,2,3,1,1,4
1067,40,Ba|Cu|O|Y|Zn,3,1,0,2,1,0,2,4,3,2,1
1068,37,Ba|Cu|Ni|O|Y,1,0,2,1,2,2,3,3,0,4,0
1069,47,Ba|Ca|Cu|O|Tl,3,2,1,1,4,1,1,3,0,0,0
1070,49,Bi|Ca|Cu|O|Sr,2,0,2,4,3,0,1,0,2,3,1
1071,73,Ba|Cu|La|O|Tl,4,3,2,4,1,3,3,1,0,2,0
1072,49,Bi|Ca|Cu|O|Sr,2,0,2,4,3,0,2,3,0,1,0
1073,49,Bi|Ca|Cu|O|Sr,2,0,2,4,3,0,2,0,2,0,4
1074,49,Bi|Ca|Cu|O|Sr,2,0,2,4,3,0,2,1,4,2,3
1075,49,Bi|Ca|Cu|O|Sr,2,0,2,4,3,0,4,3,4,0,1
1076,49,Bi|Ca|Cu|O|Sr,2,0,2,4,3,0,0,4,4,4,4
1077,49,Bi|Ca|Cu|O|Sr,2,0,2,4,3,0,4,1,4,2,4
1078,83,Bi|Ca|Cu|O|Sr|Y,4,3,2,2,1,2,1,1,0,3,4
1079,49,Bi|Ca|Cu|O|Sr,2,0,2,4,3,0,2,3,0,1,0
1080,83,Bi|Ca|Cu|O|Sr|Y,4,3,2,2,1,2,4,0,0,4,3
1081,83,Bi|Ca|Cu|O|Sr|Y,4,3,2,2,1,2,3,3,3,0,0
1082,83,Bi|Ca|Cu|O|Sr|Y,4,3,2,2,1,2,1,4,1,4,2
1083,83,Bi|Ca|Cu|O|Sr|Y,4,3,2,2,1,2,1,4,4,4,3
1084,9,Ba|Cu|Er|O,2,0,3,4,4,4,3,0,4,4,4
1085,10,Ba|Cu|O|Tm,3,0,0,3,2,2,1,2,2,3,1
1086,13,Ba|Cu|Gd|O,2,1,0,3,4,0,0,3,4,1,2
1087,14,Ba|Cu|Dy|O,4,1,4,1,3,3,1,4,3,0,0
1088,15,Ba|Cu|Ho|O,0,0,4,0,3,2,0,4,0,3,3
1089,9,Ba|Cu|Er|O,2,0,3,4,4,4,2,1,3,3,3
1090,10,Ba|Cu|O|Tm,3,0,0,3,2,2,0,0,0,0,3
1091,8,Ba|Cu|O|Y,0,1,2,1,3,1,1,1,3,3,0
1092,66,Ba|Cu|O|Sr|Y,2,2,3,2,4,1,1,0,3,0,4
1093,66,Ba|Cu|O|Sr|Y,2,2,3,2,4,1,3,3,0,0,2
1094,66,Ba|Cu|O|Sr|Y,2,2,3,2,4,1,1,1,1,0,4
1095,133,Ba|Ce|Cu|Eu|La|O|Sr,0,1,0,0,4,2,1,3,4,1,4
1096,134,Ba|Ce|Cu|Dy|La|O|Sr,4,0,1,3,2,3,0,1,4,4,3
1097,66,Ba|Cu|O|Sr|Y,2,2,3,2,4,1,4,3,1,0,1
1098,66,Ba|Cu|O|Sr|Y,2,2,3,2,4,1,2,3,2,1,0
1099,8,Ba|Cu|O|Y,0,1,2,1,3,1,4,2,4,3,2
1100,66,Ba|Cu|O|Sr|Y,2,2,3,2,4,1,0,3,2,2,3
1101,8,Ba|Cu|O|Y,0,1,2,1,3,1,2,3,3,4,3
1102,135,Ba|Ca|Cu|O|Sr|Y,4,1,3,4,3,0,2,3,4,0,0
1103,135,Ba|Ca|Cu|O|Sr|Y,4,1,3,4,3,0,0,1,1,0,4
1104,66,Ba|Cu|O|Sr|Y,2,2,3,2,4,1,0,0,1,4,4
1105,66,Ba|Cu|O|Sr|Y,2,2,3,2,4,1,1,0,0,4,1
1106,66,Ba|Cu|O|Sr|Y,2,2,3,2,4,1,1,3,2,4,3
1107,66,Ba|Cu|O|Sr|Y,2,2,3,2,4,1,4,4,3,1,3
1108,66,Ba|Cu|O|Sr|Y,2,2,3,2,4,1,2,3,4,4,0
1109,8,Ba|Cu|O|Y,0,1,2,1,3,1,2,2,0,1,1
1110,74,Ce|Cu|Nd|O,3,3,3,3,3,1,4,4,3,1,1
1111,119,Ce|Cu|O|Sm,1,1,1,1,1,4,4,3,0,0,4
1112,118,Ce|Cu|O|Pr,3,0,4,2,3,3,3,4,2,3,2
1113,49,Bi|Ca|Cu|O|Sr,2,0,2,4,3,0,1,0,2,1,0
1114,49,Bi|Ca|Cu|O|Sr,2,0,2,4,3,0,3,0,2,4,1
1115,49,Bi|Ca|Cu|O|Sr,2,0,2,4,3,0,2,2,2,3,0
1116,49,Bi|Ca|Cu|O|Sr,2,0,2,4,3,0,3,4,1,4,3
1117,125,Ba|Cu|O|Tl,0,1,2,3,4,1,2,1,0,2,2
1118,125,Ba|Cu|O|Tl,0,1,2,3,4,1,2,1,0,1,1
1119,125,Ba|Cu|O|Tl,0,1,2,3,4,1,3,4,2,1,3
1120,125,Ba|Cu|O|Tl,0,1,2,3,4,1,2,2,3,3,0
1121,8,Ba|Cu|O|Y,0,1,2,1,3,1,1,3,3,2,4
1122,8,Ba|Cu|O|Y,0,1,2,1,3,1,2,1,4,4,2
1123,14,Ba|Cu|Dy|O,4,1,4,1,3,3,2,1,2,3,3
1124,83,Bi|Ca|Cu|O|Sr|Y,4,3,2,2,1,2,1,0,4,2,4
1125,83,Bi|Ca|Cu|O|Sr|Y,4,3,2,2,1,2,4,2,3,2,3
1126,83,Bi|Ca|Cu|O|Sr|Y,4,3,2,2,1,2,1,1,3,2,0
1127,83,Bi|Ca|Cu|O|Sr|Y,4,3,2,2,1,2,3,3,4,1,2
1128,83,Bi|Ca|Cu|O|Sr|Y,4,3,2,2,1,2,4,1,0,3,4
1129,83,Bi|Ca|Cu|O|Sr|Y,4,3,2,2,1,2,0,4,3,3,0
1130,83,Bi|Ca|Cu|O|Sr|Y,4,3,2,2,1,2,4,1,3,3,1
1131,83,Bi|Ca|Cu|O|Sr|Y,4,3,2,2,1,2,4,1,0,1,1
1132,83,Bi|Ca|Cu|O|Sr|Y,4,3,2,2,1,2,1,1,4,2,1
1133,83,Bi|Ca|Cu|O|Sr|Y,4,3,2,2,1,2,0,4,2,4,3
1134,11,Ba|Cu|Nd|O,2,2,2,2,1,2,4,3,4,2,2
1135,11,Ba|Cu|Nd|O,2,2,2,2,1,2,2,3,2,0,1
1136,11,Ba|Cu|Nd|O,2,2,2,2,1,2,0,4,4,3,1
1137,11,Ba|Cu|Nd|O,2,2,2,2,1,2,4,4,3,0,2
1138,11,Ba|Cu|Nd|O,2,2,2,2,1,2,3,3,4,4,3
1139,11,Ba|Cu|Nd|O,2,2,2,2,1,2,2,2,3,0,2
1140,83,Bi|Ca|Cu|O|Sr|Y,4,3,2,2,1,2,3,2,1,3,0
1141,83,Bi|Ca|Cu|O|Sr|Y,4,3,2,2,1,2,3,0,4,0,3
1142,49,Bi|Ca|Cu|O|Sr,2,0,2,4,3,0,1,4,1,1,0
1143,0,Ba|Cu|La|O,2,4,2,3,0,4,0,3,4,2,1
1144,0,Ba|Cu|La|O,2,4,2,3,0,4,4,2,2,2,4
1145,0,Ba|Cu|La|O,2,4,2,3,0,4,0,2,2,2,2
1146,0,Ba|Cu|La|O,2,4,2,3,0,4,4,2,3,2,0
1147,2,Cu|La|O|Sr,1,2,3,2,2,0,2,0,0,3,3
1148,8,Ba|Cu|O|Y,0,1,2,1,3,1,4,0,0,4,1
1149,78,Ba|Cu|Gd|O|Zn,3,3,3,4,2,0,2,1,3,0,3
1150,78,Ba|Cu|Gd|O|Zn,3,3,3,4,2,0,0,0,3,2,1
1151,78,Ba|Cu|Gd|O|Zn,3,3,3,4,2,0,2,4,0,2,1
1152,13,Ba|Cu|Gd|O,2,1,0,3,4,0,4,2,2,4,0
1153,77,Ba|Cu|Gd|Ni|O,3,2,4,3,4,0,2,1,3,0,2
1154,77,Ba|Cu|Gd|Ni|O,3,2,4,3,4,0,3,0,1,0,3
1155,77,Ba|Cu|Gd|Ni|O,3,2,4,3,4,0,0,3,3,1,2
1156,68,Ba|Bi|K|O,0,1,2,0,3,0,0,1,1,0,4
1157,71,Bi|Ca|Cu|O|Pb|Sr,2,0,4,1,4,1,0,4,1,3,1
1158,136,Bi|Cu|O|Pb|Sr,2,4,0,4,3,1,2,1,4,1,4
1159,136,Bi|Cu|O|Pb|Sr,2,4,0,4,3,1,1,1,0,1,4
1160,136,Bi|Cu|O|Pb|Sr,2,4,0,4,3,1,3,0,1,2,0
1161,136,Bi|Cu|O|Pb|Sr,2,4,0,4,3,1,2,2,2,2,2
1162,15,Ba|Cu|Ho|O,0,0,4,0,3,2,4,2,3,0,4
1163,14,Ba|Cu|Dy|O,4,1,4,1,3,3,2,0,3,4,3
1164,31,Ba|Cu|Fe|O|Y,3,2,3,4,1,0,3,4,1,3,1
1165,8,Ba|Cu|O|Y,0,1,2,1,3,1,0,1,1,0,1
1166,8,Ba|Cu|O|Y,0,1,2,1,3,1,2,4,1,3,0
1167,2,Cu|La|O|Sr,1,2,3,2,2,0,1,2,3,0,3
1168,0,Ba|Cu|La|O,2,4,2,3,0,4,3,2,0,2,3
1169,2,Cu|La|O|Sr,1,2,3,2,2,0,1,2,1,3,3
1170,2,Cu|La|O|Sr,1,2,3,2,2,0,2,2,3,0,1
1171,2,Cu|La|O|Sr,1,2,3,2,2,0,3,3,1,3,2
1172,2,Cu|La|O|Sr,1,2,3,2,2,0,0,2,1,0,0
1173,2,Cu|La|O|Sr,1,2,3,2,2,0,1,2,4,1,0
1174,2,Cu|La|O|Sr,1,2,3,2,2,0,3,0,4,3,0
1175,5,Ca|Cu|La|O,0,2,3,4,0,3,4,1,4,0,2
1176,2,Cu|La|O|Sr,1,2,3,2,2,0,2,3,3,2,1
1177,74,Ce|Cu|Nd|O,3,3,3,3,3,1,2,0,1,0,1
1178,8,Ba|Cu|O|Y,0,1,2,1,3,1,1,1,1,4,2
1179,8,Ba|Cu|O|Y,0,1,2,1,3,1,1,2,4,1,3
1180,8,Ba|Cu|O|Y,0,1,2,1,3,1,0,4,1,4,3
1181,8,Ba|Cu|O|Y,0,1,2,1,3,1,4,0,2,3,0
1182,31,Ba|Cu|Fe|O|Y,3,2,3,4,1,0,0,4,2,0,4
1183,31,Ba|Cu|Fe|O|Y,3,2,3,4,1,0,4,0,3,2,4
1184,31,Ba|Cu|Fe|O|Y,3,2,3,4,1,0,4,3,4,1,4
1185,137,Bi|Cu|Mo|O|Pb|Sr,4,0,1,0,2,0,3,2,1,1,1
1186,137,Bi|Cu|Mo|O|Pb|Sr,4,0,1,0,2,0,2,0,4,3,3
1187,137,Bi|Cu|Mo|O|Pb|Sr,4,0,1,0,2,0,0,3,2,0,2
1188,137,Bi|Cu|Mo|O|Pb|Sr,4,0,1,0,2,0,4,4,4,0,4
1189,137,Bi|Cu|Mo|O|Pb|Sr,4,0,1,0,2,0,1,0,0,4,2
1190,137,Bi|Cu|Mo|O|Pb|Sr,4,0,1,0,2,0,0,0,1,3,0
1191,138,Ba|Cu|O|Pb|Y,1,0,1,3,3,2,0,0,4,4,4
1192,68,Ba|Bi|K|O,0,1,2,0,3,0,4,4,3,2,3
1193,139,Ca|Cu|Nd|O|Sr|Tl,4,2,2,4,1,1,4,4,3,4,4
1194,140,Ca|Cu|O|Pb|Sr|Tl,3,2,2,0,0,4,0,2,4,1,1
1195,8,Ba|Cu|O|Y,0,1,2,1,3,1,0,2,0,2,2
1196,31,Ba|Cu|Fe|O|Y,3,2,3,4,1,0,3,2,0,1,4
1197,31,Ba|Cu|Fe|O|Y,3,2,3,4,1,0,2,1,0,3,3
1198,31,Ba|Cu|Fe|O|Y,3,2,3,4,1,0,4,1,0,4,3
1199,31,Ba|Cu|Fe|O|Y,3,2,3,4,1,0,4,4,0,3,4
1200,31,Ba|Cu|Fe|O|Y,3,2,3,4,1,0,4,4,4,2,1
1201,31,Ba|Cu|Fe|O|Y,3,2,3,4,1,0,2,0,0,0,4
1202,8,Ba|Cu|O|Y,0,1,2,1,3,1,2,3,0,0,0
1203,41,Ag|Ba|Cu|O|Y,1,1,0,2,0,1,2,4,0,3,4
1204,41,Ag|Ba|Cu|O|Y,1,1,0,2,0,1,1,0,0,0,0
1205,41,Ag|Ba|Cu|O|Y,1,1,0,2,0,1,0,4,0,3,3
1206,49,Bi|Ca|Cu|O|Sr,2,0,2,4,3,0,3,2,4,3,0
1207,141,Bi|Ca|Cu|Fe|O|Sr,2,1,3,2,4,0,3,4,4,1,2
1208,141,Bi|Ca|Cu|Fe|O|Sr,2,1,3,2,4,0,2,2,3,4,3
1209,141,Bi|Ca|Cu|Fe|O|Sr,2,1,3,2,4,0,3,4,0,1,0
1210,71,Bi|Ca|Cu|O|Pb|Sr,2,0,4,1,4,1,1,4,0,0,3
1211,70,Bi|Ca|Cu|O|Pb|Sb|Sr,1,0,4,1,0,0,4,3,2,2,2
1212,71,Bi|Ca|Cu|O|Pb|Sr,2,0,4,1,4,1,4,4,4,1,4
1213,71,Bi|Ca|Cu|O|Pb|Sr,2,0,4,1,4,1,2,2,1,2,1
1214,68,Ba|Bi|K|O,0,1,2,0,3,0,2,4,1,2,1
1215,40,Ba|Cu|O|Y|Zn,3,1,0,2,1,0,1,3,0,1,3
1216,40,Ba|Cu|O|Y|Zn,3,1,0,2,1,0,3,2,4,3,3
1217,40,Ba|Cu|O|Y|Zn,3,1,0,2,1,0,1,0,2,3,0
1218,40,Ba|Cu|O|Y|Zn,3,1,0,2,1,0,1,2,1,0,2
1219,40,Ba|Cu|O|Y|Zn,3,1,0,2,1,0,1,2,1,0,1
1220,40,Ba|Cu|O|Y|Zn,3,1,0,2,1,0,2,2,0,2,1
1221,40,Ba|Cu|O|Y|Zn,3,1,0,2,1,0,4,2,2,3,0
1222,40,Ba|Cu|O|Y|Zn,3,1,0,2,1,0,2,4,1,0,0
1223,40,Ba|Cu|O|Y|Zn,3,1,0,2,1,0,0,4,1,4,1
1224,40,Ba|Cu|O|Y|Zn,3,1,0,2,1,0,3,0,2,3,0
1225,40,Ba|Cu|O|Y|Zn,3,1,0,2,1,0,3,0,0,1,2
1226,40,Ba|Cu|O|Y|Zn,3,1,0,2,1,0,1,4,1,3,3
1227,40,Ba|Cu|O|Y|Zn,3,1,0,2,1,0,0,2,4,1,1
1228,40,Ba|Cu|O|Y|Zn,3,1,0,2,1,0,4,2,2,3,0
1229,40,Ba|Cu|O|Y|Zn,3,1,0,2,1,0,0,4,3,3,4
1230,40,Ba|Cu|O|Y|Zn,3,1,0,2,1,0,3,3,1,2,2
1231,40,Ba|Cu|O|Y|Zn,3,1,0,2,1,0,1,0,1,2,0
1232,8,Ba|Cu|O|Y,0,1,2,1,3,1,3,3,0,2,0
1233,8,Ba|Cu|O|Y,0,1,2,1,3,1,2,2,4,1,4
1234,8,Ba|Cu|O|Y,0,1,2,1,3,1,3,2,4,0,1
1235,8,Ba|Cu|O|Y,0,1,2,1,3,1,1,1,2,1,1
1236,8,Ba|Cu|O|Y,0,1,2,1,3,1,2,0,3,4,3
1237,8,Ba|Cu|O|Y,0,1,2,1,3,1,0,4,0,4,0
1238,8,Ba|Cu|O|Y,0,1,2,1,3,1,0,2,4,0,2
1239,37,Ba|Cu|Ni|O|Y,1,0,2,1,2,2,0,1,0,1,3
1240,37,Ba|Cu|Ni|O|Y,1,0,2,1,2,2,2,4,4,1,1
1241,37,Ba|Cu|Ni|O|Y,1,0,2,1,2,2,4,4,2,1,3
1242,37,Ba|Cu|Ni|O|Y,1,0,2,1,2,2,1,0,2,1,2
1243,37,Ba|Cu|Ni|O|Y,1,0,2,1,2,2,0,4,4,3,2
1244,37,Ba|Cu|Ni|O|Y,1,0,2,1,2,2,1,4,0,0,3
1245,37,Ba|Cu|Ni|O|Y,1,0,2,1,2,2,1,3,4,0,4
1246,37,Ba|Cu|Ni|O|Y,1,0,2,1,2,2,3,1,2,1,0
1247,37,Ba|Cu|Ni|O|Y,1,0,2,1,2,2,0,0,3,4,3
1248,37,Ba|Cu|Ni|O|Y,1,0,2,1,2,2,3,3,4,4,3
1249,37,Ba|Cu|Ni|O|Y,1,0,2,1,2,2,3,3,3,3,4
1250,37,Ba|Cu|Ni|O|Y,1,0,2,1,2,2,1,2,1,1,4
1251,37,Ba|Cu|Ni|O|Y,1,0,2,1,2,2,3,0,3,2,4
1252,90,Ca|Cu|O|Pb|Sr|Y,0,3,2,3,4,0,2,1,0,3,2
1253,90,Ca|Cu|O|Pb|Sr|Y,0,3,2,3,4,0,4,0,0,1,3
1254,90,Ca|Cu|O|Pb|Sr|Y,0,3,2,3,4,0,1,2,1,1,4
1255,90,Ca|Cu|O|Pb|Sr|Y,0,3,2,3,4,0,2,3,2,2,3
1256,90,Ca|Cu|O|Pb|Sr|Y,0,3,2,3,4,0,2,1,0,3,0
1257,90,Ca|Cu|O|Pb|Sr|Y,0,3,2,3,4,0,2,4,3,3,0
1258,90,Ca|Cu|O|Pb|Sr|Y,0,3,2,3,4,0,4,2,1,3,3
1259,90,Ca|Cu|O|Pb|Sr|Y,0,3,2,3,4,0,1,2,1,3,0
1260,90,Ca|Cu|O|Pb|Sr|Y,0,3,2,3,4,0,1,0,2,1,4
1261,90,Ca|Cu|O|Pb|Sr|Y,0,3,2,3,4,0,1,3,3,4,1
1262,90,Ca|Cu|O|Pb|Sr|Y,0,3,2,3,4,0,3,2,4,0,3
1263,90,Ca|Cu|O|Pb|Sr|Y,0,3,2,3,4,0,4,2,0,2,4
1264,102,Ba|Cu|O|Pr|Y,4,2,0,0,3,0,4,1,2,2,3
1265,102,Ba|Cu|O|Pr|Y,4,2,0,0,3,0,2,4,2,1,4
1266,102,Ba|Cu|O|Pr|Y,4,2,0,0,3,0,4,2,2,4,3
1267,102,Ba|Cu|O|Pr|Y,4,2,0,0,3,0,1,2,3,1,1
1268,102,Ba|Cu|O|Pr|Y,4,2,0,0,3,0,4,4,1,3,2
1269,102,Ba|Cu|O|Pr|Y,4,2,0,0,3,0,1,1,4,3,2
1270,102,Ba|Cu|O|Pr|Y,4,2,0,0,3,0,1,0,4,1,4
1271,142,Ba|Ca|Cu|O|Pr|Y,4,2,3,0,3,4,1,2,2,4,0
1272,142,Ba|Ca|Cu|O|Pr|Y,4,2,3,0,3,4,1,4,1,0,1
1273,8,Ba|Cu|O|Y,0,1,2,1,3,1,3,2,4,2,3
1274,102,Ba|Cu|O|Pr|Y,4,2,0,0,3,0,0,4,3,3,3
1275,102,Ba|Cu|O|Pr|Y,4,2,0,0,3,0,1,4,2,3,4
1276,102,Ba|Cu|O|Pr|Y,4,2,0,0,3,0,1,1,1,4,4
1277,102,Ba|Cu|O|Pr|Y,4,2,0,0,3,0,3,1,0,1,2
1278,142,Ba|Ca|Cu|O|Pr|Y,4,2,3,0,3,4,2,3,1,3,2
1279,142,Ba|Ca|Cu|O|Pr|Y,4,2,3,0,3,4,1,2,1,3,2
1280,142,Ba|Ca|Cu|O|Pr|Y,4,2,3,0,3,4,4,3,4,4,1
1281,142,Ba|Ca|Cu|O|Pr|Y,4,2,3,0,3,4,0,0,2,4,2
1282,142,Ba|Ca|Cu|O|Pr|Y,4,2,3,0,3,4,2,0,2,1,2
1283,142,Ba|Ca|Cu|O|Pr|Y,4,2,3,0,3,4,1,4,1,1,0
1284,142,Ba|Ca|Cu|O|Pr|Y,4,2,3,0,3,4,0,4,3,4,2
1285,142,Ba|Ca|Cu|O|Pr|Y,4,2,3,0,3,4,2,1,0,2,4
1286,142,Ba|Ca|Cu|O|Pr|Y,4,2,3,0,3,4,2,4,1,1,0
1287,143,Ba|Ca|Cu|Gd|O|Tl,1,2,4,0,3,4,4,3,3,4,2
1288,143,Ba|Ca|Cu|Gd|O|Tl,1,2,4,0,3,4,4,0,1,4,4
1289,143,Ba|Ca|Cu|Gd|O|Tl,1,2,4,0,3,4,0,0,1,0,4
1290,144,Ba|Ca|Cu|O|Tl|Y,0,1,4,4,2,1,1,4,1,0,4
1291,144,Ba|Ca|Cu|O|Tl|Y,0,1,4,4,2,1,4,0,1,2,0
1292,144,Ba|Ca|Cu|O|Tl|Y,0,1,4,4,2,1,2,0,3,0,4
1293,144,Ba|Ca|Cu|O|Tl|Y,0,1,4,4,2,1,4,2,2,4,3
1294,47,Ba|Ca|Cu|O|Tl,3,2,1,1,4,1,2,4,3,2,2
1295,145,Ba|Ca|Cu|Nd|O|Tl,1,1,4,1,3,4,0,0,0,0,0
1296,145,Ba|Ca|Cu|Nd|O|Tl,1,1,4,1,3,4,4,0,2,1,1
1297,145,Ba|Ca|Cu|Nd|O|Tl,1,1,4,1,3,4,2,0,0,2,1
1298,8,Ba|Cu|O|Y,0,1,2,1,3,1,1,1,2,4,2
1299,37,Ba|Cu|Ni|O|Y,1,0,2,1,2,2,2,0,3,2,1
1300,37,Ba|Cu|Ni|O|Y,1,0,2,1,2,2,4,0,1,2,3
1301,53,Ba|Cu|Fe|Gd|O,4,1,2,4,3,1,0,0,1,3,2
1302,53,Ba|Cu|Fe|Gd|O,4,1,2,4,3,1,1,0,3,4,2
1303,53,Ba|Cu|Fe|Gd|O,4,1,2,4,3,1,1,3,1,3,1
1304,53,Ba|Cu|Fe|Gd|O,4,1,2,4,3,1,1,0,2,4,2
1305,53,Ba|Cu|Fe|Gd|O,4,1,2,4,3,1,4,0,2,4,0
1306,53,Ba|Cu|Fe|Gd|O,4,1,2,4,3,1,4,4,3,1,1
1307,53,Ba|Cu|Fe|Gd|O,4,1,2,4,3,1,3,1,4,0,4
1308,8,Ba|Cu|O|Y,0,1,2,1,3,1,1,2,3,3,4
1309,31,Ba|Cu|Fe|O|Y,3,2,3,4,1,0,2,3,0,0,4
1310,31,Ba|Cu|Fe|O|Y,3,2,3,4,1,0,0,1,4,4,0
1311,31,Ba|Cu|Fe|O|Y,3,2,3,4,1,0,4,2,2,0,3
1312,31,Ba|Cu|Fe|O|Y,3,2,3,4,1,0,2,0,3,4,1
1313,31,Ba|Cu|Fe|O|Y,3,2,3,4,1,0,4,1,1,0,4
1314,14,Ba|Cu|Dy|O,4,1,4,1,3,3,3,1,2,4,2
1315,9,Ba|Cu|Er|O,2,0,3,4,4,4,2,0,1,0,0
1316,10,Ba|Cu|O|Tm,3,0,0,3,2,2,0,3,4,1,4
1317,8,Ba|Cu|O|Y,0,1,2,1,3,1,3,3,0,3,3
1318,17,Ba|Cu|O|Sm,4,0,0,3,4,1,2,4,4,2,0
1319,12,Ba|Cu|Eu|O,2,3,0,3,4,4,1,4,1,3,1
1320,13,Ba|Cu|Gd|O,2,1,0,3,4,0,4,0,3,2,2
1321,8,Ba|Cu|O|Y,0,1,2,1,3,1,3,1,0,1,4
1322,8,Ba|Cu|O|Y,0,1,2,1,3,1,0,3,2,4,3
1323,8,Ba|Cu|O|Y,0,1,2,1,3,1,4,4,4,0,4
1324,15,Ba|Cu|Ho|O,0,0,4,0,3,2,1,3,1,2,4
1325,9,Ba|Cu|Er|O,2,0,3,4,4,4,3,1,2,4,0
1326,8,Ba|Cu|O|Y,0,1,2,1,3,1,2,1,3,4,0
1327,4,Ba|Ca|Cu|O|Y,3,0,0,0,2,3,3,1,0,4,4
1328,4,Ba|Ca|Cu|O|Y,3,0,0,0,2,3,0,2,2,1,0
1329,4,Ba|Ca|Cu|O|Y,3,0,0,0,2,3,3,2,4,2,2
1330,4,Ba|Ca|Cu|O|Y,3,0,0,0,2,3,2,2,2,4,1
1331,4,Ba|Ca|Cu|O|Y,3,0,0,0,2,3,2,1,1,2,3
1332,8,Ba|Cu|O|Y,0,1,2,1,3,1,1,0,2,1,1
1333,8,Ba|Cu|O|Y,0,1,2,1,3,1,1,1,2,3,1
1334,8,Ba|Cu|O|Y,0,1,2,1,3,1,0,1,1,4,1
1335,8,Ba|Cu|O|Y,0,1,2,1,3,1,4,3,4,3,0
1336,69,Cu|La|O,2,0,3,0,0,0,0,1,1,3,1
1337,69,Cu|La|O,2,0,3,0,0,0,4,4,4,3,0
1338,74,Ce|Cu|Nd|O,3,3,3,3,3,1,1,0,1,2,4
1339,70,Bi|Ca|Cu|O|Pb|Sb|Sr,1,0,4,1,0,0,4,0,1,4,1
1340,125,Ba|Cu|O|Tl,0,1,2,3,4,1,0,3,3,2,2
1341,70,Bi|Ca|Cu|O|Pb|Sb|Sr,1,0,4,1,0,0,0,4,4,4,0
1342,70,Bi|Ca|Cu|O|Pb|Sb|Sr,1,0,4,1,0,0,1,3,4,4,2
1343,70,Bi|Ca|Cu|O|Pb|Sb|Sr,1,0,4,1,0,0,0,4,1,1,1
1344,40,Ba|Cu|O|Y|Zn,3,1,0,2,1,0,4,3,1,1,0
1345,146,Ba|Cu|Ga|O|Y|Zn,4,4,2,1,2,2,3,2,2,4,2
1346,146,Ba|Cu|Ga|O|Y|Zn,4,4,2,1,2,2,2,4,2,3,2
1347,146,Ba|Cu|Ga|O|Y|Zn,4,4,2,1,2,2,1,3,3,3,1
1348,55,Ba|Cu|Ga|O|Y,4,2,3,4,3,2,4,4,3,1,1
1349,2,Cu|La|O|Sr,1,2,3,2,2,0,2,4,0,1,1
1350,74,Ce|Cu|Nd|O,3,3,3,3,3,1,2,0,3,4,3
1351,74,Ce|Cu|Nd|O,3,3,3,3,3,1,1,2,1,1,0
1352,90,Ca|Cu|O|Pb|Sr|Y,0,3,2,3,4,0,1,1,1,0,1
1353,102,Ba|Cu|O|Pr|Y,4,2,0,0,3,0,0,3,0,0,1
1354,102,Ba|Cu|O|Pr|Y,4,2,0,0,3,0,4,4,2,3,0
1355,102,Ba|Cu|O|Pr|Y,4,2,0,0,3,0,2,3,4,3,0
1356,102,Ba|Cu|O|Pr|Y,4,2,0,0,3,0,3,2,4,4,2
1357,102,Ba|Cu|O|Pr|Y,4,2,0,0,3,0,0,3,1,2,3
1358,71,Bi|Ca|Cu|O|Pb|Sr,2,0,4,1,4,1,1,1,0,2,4
1359,9,Ba|Cu|Er|O,2,0,3,4,4,4,1,0,3,4,0
1360,118,Ce|Cu|O|Pr,3,0,4,2,3,3,4,0,4,3,0
1361,74,Ce|Cu|Nd|O,3,3,3,3,3,1,2,4,3,0,1
1362,119,Ce|Cu|O|Sm,1,1,1,1,1,4,0,0,0,1,1
1363,147,Ce|Cu|Eu|O,4,2,3,4,1,1,1,4,4,2,3
1364,12,Ba|Cu|Eu|O,2,3,0,3,4,4,2,1,3,1,0
1365,148,Ba|Cu|Eu|O|Zn,4,0,1,1,2,2,4,1,2,2,1
1366,149,Cu|F|La|O,2,1,2,3,1,4,3,0,0,0,1
1367,15,Ba|Cu|Ho|O,0,0,4,0,3,2,4,4,0,4,0
1368,8,Ba|Cu|O|Y,0,1,2,1,3,1,1,1,0,1,0
1369,4,Ba|Ca|Cu|O|Y,3,0,0,0,2,3,3,4,0,0,2
1370,71,Bi|Ca|Cu|O|Pb|Sr,2,0,4,1,4,1,2,4,0,2,3
1371,8,Ba|Cu|O|Y,0,1,2,1,3,1,3,2,0,1,4
1372,4,Ba|Ca|Cu|O|Y,3,0,0,0,2,3,4,4,3,0,3
1373,8,Ba|Cu|O|Y,0,1,2,1,3,1,0,0,1,0,1
1374,2,Cu|La|O|Sr,1,2,3,2,2,0,3,1,0,2,1
1375,8,Ba|Cu|O|Y,0,1,2,1,3,1,4,4,2,4,4
1376,8,Ba|Cu|O|Y,0,1,2,1,3,1,2,3,2,3,2
1377,13,Ba|Cu|Gd|O,2,1,0,3,4,0,0,0,1,2,4
1378,8,Ba|Cu|O|Y,0,1,2,1,3,1,1,4,3,0,2
1379,8,Ba|Cu|O|Y,0,1,2,1,3,1,1,3,2,2,4
1380,8,Ba|Cu|O|Y,0,1,2,1,3,1,2,1,2,1,1
1381,8,Ba|Cu|O|Y,0,1,2,1,3,1,3,0,2,2,3
1382,102,Ba|Cu|O|Pr|Y,4,2,0,0,3,0,2,3,0,4,2
1383,102,Ba|Cu|O|Pr|Y,4,2,0,0,3,0,1,0,0,2,4
1384,102,Ba|Cu|O|Pr|Y,4,2,0,0,3,0,4,3,4,1,1
1385,102,Ba|Cu|O|Pr|Y,4,2,0,0,3,0,1,0,1,2,1
1386,83,Bi|Ca|Cu|O|Sr|Y,4,3,2,2,1,2,1,3,4,1,2
1387,100,Bi|Ca|Cu|La|O|Sr,2,4,4,4,1,4,0,3,0,4,2
1388,150,Bi|Ca|Cu|Nd|O|Sr,0,3,4,4,2,3,1,2,3,1,4
1389,129,Bi|Ca|Cu|Eu|O|Sr,3,3,4,0,4,4,4,4,2,0,4
1390,151,Bi|Ca|Cu|Gd|O|Sr,1,4,1,4,4,4,3,0,4,1,4
1391,152,Bi|Ca|Cu|Dy|O|Sr,3,2,4,0,3,2,1,1,4,1,2
1392,153,Bi|Ca|Cu|O|Sr|Yb,3,4,4,3,2,1,0,2,3,0,3
1393,12,Ba|Cu|Eu|O,2,3,0,3,4,4,1,0,1,3,1
1394,154,Ba|Cu|Eu|O|Pr,3,1,1,2,0,1,4,3,0,3,0
1395,154,Ba|Cu|Eu|O|Pr,3,1,1,2,0,1,3,3,0,3,1
1396,154,Ba|Cu|Eu|O|Pr,3,1,1,2,0,1,4,2,0,1,4
1397,154,Ba|Cu|Eu|O|Pr,3,1,1,2,0,1,4,3,3,3,0
1398,5,Ca|Cu|La|O,0,2,3,4,0,3,2,1,1,2,1
1399,5,Ca|Cu|La|O,0,2,3,4,0,3,1,2,2,0,0
1400,5,Ca|Cu|La|O,0,2,3,4,0,3,4,4,2,2,3
1401,5,Ca|Cu|La|O,0,2,3,4,0,3,4,1,3,1,4
1402,0,Ba|Cu|La|O,2,4,2,3,0,4,2,3,3,1,3
1403,11,Ba|Cu|Nd|O,2,2,2,2,1,2,1,3,4,0,1
1404,17,Ba|Cu|O|Sm,4,0,0,3,4,1,4,1,1,2,0
1405,12,Ba|Cu|Eu|O,2,3,0,3,4,4,4,0,4,4,1
1406,13,Ba|Cu|Gd|O,2,1,0,3,4,0,3,1,2,0,2
1407,15,Ba|Cu|Ho|O,0,0,4,0,3,2,3,1,2,1,2
1408,9,Ba|Cu|Er|O,2,0,3,4,4,4,4,3,3,4,4
1409,10,Ba|Cu|O|Tm,3,0,0,3,2,2,4,0,0,0,2
1410,6,Ba|Cu|O|Yb,2,1,0,1,0,4,4,2,0,1,4
1411,16,Ba|Cu|Lu|O,0,3,2,3,1,4,2,4,2,1,0
1412,90,Ca|Cu|O|Pb|Sr|Y,0,3,2,3,4,0,1,2,2,2,1
1413,90,Ca|Cu|O|Pb|Sr|Y,0,3,2,3,4,0,1,2,3,4,3
1414,8,Ba|Cu|O|Y,0,1,2,1,3,1,2,1,0,3,1
1415,8,Ba|Cu|O|Y,0,1,2,1,3,1,4,4,1,0,2
1416,118,Ce|Cu|O|Pr,3,0,4,2,3,3,0,0,3,2,4
1417,8,Ba|Cu|O|Y,0,1,2,1,3,1,2,4,2,3,2
1418,8,Ba|Cu|O|Y,0,1,2,1,3,1,0,3,4,0,4
1419,8,Ba|Cu|O|Y,0,1,2,1,3,1,2,0,3,1,4
1420,8,Ba|Cu|O|Y,0,1,2,1,3,1,4,2,2,3,4
1421,8,Ba|Cu|O|Y,0,1,2,1,3,1,2,0,3,4,2
1422,8,Ba|Cu|O|Y,0,1,2,1,3,1,2,2,1,2,2
1423,8,Ba|Cu|O|Y,0,1,2,1,3,1,2,3,1,3,4
1424,8,Ba|Cu|O|Y,0,1,2,1,3,1,0,1,2,3,1
1425,8,Ba|Cu|O|Y,0,1,2,1,3,1,0,1,1,1,1
1426,9,Ba|Cu|Er|O,2,0,3,4,4,4,0,3,3,4,3
1427,10,Ba|Cu|O|Tm,3,0,0,3,2,2,0,0,3,4,2
1428,6,Ba|Cu|O|Yb,2,1,0,1,0,4,1,0,2,0,3
1429,16,Ba|Cu|Lu|O,0,3,2,3,1,4,0,1,0,2,2
1430,17,Ba|Cu|O|Sm,4,0,0,3,4,1,4,1,0,1,3
1431,11,Ba|Cu|Nd|O,2,2,2,2,1,2,1,3,1,3,0
1432,12,Ba|Cu|Eu|O,2,3,0,3,4,4,2,0,1,1,3
1433,13,Ba|Cu|Gd|O,2,1,0,3,4,0,2,0,2,1,0
1434,14,Ba|Cu|Dy|O,4,1,4,1,3,3,4,4,1,4,0
1435,15,Ba|Cu|Ho|O,0,0,4,0,3,2,4,2,3,0,0
1436,13,Ba|Cu|Gd|O,2,1,0,3,4,0,4,0,3,1,1
1437,8,Ba|Cu|O|Y,0,1,2,1,3,1,0,0,3,3,0
1438,47,Ba|Ca|Cu|O|Tl,3,2,1,1,4,1,0,4,2,0,1
1439,40,Ba|Cu|O|Y|Zn,3,1,0,2,1,0,3,3,3,0,3
1440,40,Ba|Cu|O|Y|Zn,3,1,0,2,1,0,1,0,2,1,2
1441,37,Ba|Cu|Ni|O|Y,1,0,2,1,2,2,3,2,4,0,3
1442,37,Ba|Cu|Ni|O|Y,1,0,2,1,2,2,2,3,0,4,2
1443,43,Ba|Co|Cu|O|Y,1,2,3,2,1,3,1,2,4,4,2
1444,50,Ba|Cr|Cu|O|Y,3,2,0,3,1,3,1,1,2,3,2
1445,38,Al|Ba|Cu|O|Y,3,2,2,1,0,2,4,4,3,3,2
1446,38,Al|Ba|Cu|O|Y,3,2,2,1,0,2,4,2,0,0,4
1447,31,Ba|Cu|Fe|O|Y,3,2,3,4,1,0,4,2,2,4,1
1448,31,Ba|Cu|Fe|O|Y,3,2,3,4,1,0,3,2,2,0,0
1449,8,Ba|Cu|O|Y,0,1,2,1,3,1,4,4,0,4,2
1450,9,Ba|Cu|Er|O,2,0,3,4,4,4,1,4,3,0,2
1451,8,Ba|Cu|O|Y,0,1,2,1,3,1,4,4,1,1,2
1452,8,Ba|Cu|O|Y,0,1,2,1,3,1,4,2,3,1,0
1453,8,Ba|Cu|O|Y,0,1,2,1,3,1,1,0,0,0,2
1454,8,Ba|Cu|O|Y,0,1,2,1,3,1,1,2,1,4,0
1455,8,Ba|Cu|O|Y,0,1,2,1,3,1,2,0,2,1,0
1456,8,Ba|Cu|O|Y,0,1,2,1,3,1,2,4,4,0,3
1457,8,Ba|Cu|O|Y,0,1,2,1,3,1,1,1,1,4,3
1458,8,Ba|Cu|O|Y,0,1,2,1,3,1,4,3,1,0,0
1459,8,Ba|Cu|O|Y,0,1,2,1,3,1,4,1,4,2,0
1460,8,Ba|Cu|O|Y,0,1,2,1,3,1,0,2,0,3,1
1461,8,Ba|Cu|O|Y,0,1,2,1,3,1,0,3,2,2,0
1462,155,Bi|Ce|Cu|Nd|O|Sr,0,3,4,2,3,2,1,0,0,2,2
1463,156,Bi|Ce|Cu|O|Sm|Sr,3,0,3,0,1,4,2,0,0,1,3
1464,157,Bi|Ce|Cu|Eu|O|Sr,4,2,0,0,0,0,3,4,2,3,2
1465,158,Bi|Ce|Cu|Gd|O|Sr,0,2,2,0,3,0,1,2,3,3,2
1466,159,Bi|Ce|Cu|Dy|O|Sr,0,2,3,3,3,3,1,1,3,1,3
1467,160,Bi|Ce|Cu|Ho|O|Sr,3,4,2,2,0,0,0,2,1,4,0
1468,161,Bi|Ce|Cu|O|Sr|Y,2,2,0,2,4,1,1,0,1,1,3
1469,47,Ba|Ca|Cu|O|Tl,3,2,1,1,4,1,0,4,0,4,1
1470,162,Ce|Cu|I|N|Nd|O,1,1,4,4,1,0,0,1,0,3,4
1471,162,Ce|Cu|I|N|Nd|O,1,1,4,4,1,0,0,2,2,3,3
1472,162,Ce|Cu|I|N|Nd|O,1,1,4,4,1,0,4,4,4,4,0
1473,162,Ce|Cu|I|N|Nd|O,1,1,4,4,1,0,3,2,4,2,2
1474,74,Ce|Cu|Nd|O,3,3,3,3,3,1,0,4,4,3,4
1475,162,Ce|Cu|I|N|Nd|O,1,1,4,4,1,0,2,0,3,3,2
1476,162,Ce|Cu|I|N|Nd|O,1,1,4,4,1,0,0,3,4,1,4
1477,68,Ba|Bi|K|O,0,1,2,0,3,0,4,1,3,0,4
1478,37,Ba|Cu|Ni|O|Y,1,0,2,1,2,2,2,4,4,4,4
1479,38,Al|Ba|Cu|O|Y,3,2,2,1,0,2,0,3,2,0,4
1480,47,Ba|Ca|Cu|O|Tl,3,2,1,1,4,1,0,0,3,2,1
1481,8,Ba|Cu|O|Y,0,1,2,1,3,1,3,0,0,3,1
1482,11,Ba|Cu|Nd|O,2,2,2,2,1,2,0,1,1,2,2
1483,17,Ba|Cu|O|Sm,4,0,0,3,4,1,0,3,4,4,2
1484,12,Ba|Cu|Eu|O,2,3,0,3,4,4,1,3,2,3,2
1485,13,Ba|Cu|Gd|O,2,1,0,3,4,0,1,4,3,4,2
1486,14,Ba|Cu|Dy|O,4,1,4,1,3,3,4,4,0,3,2
1487,15,Ba|Cu|Ho|O,0,0,4,0,3,2,3,4,2,0,4
1488,9,Ba|Cu|Er|O,2,0,3,4,4,4,4,0,4,4,2
1489,9,Ba|Cu|Er|O,2,0,3,4,4,4,3,1,3,4,0
1490,10,Ba|Cu|O|Tm,3,0,0,3,2,2,0,2,2,2,0
1491,6,Ba|Cu|O|Yb,2,1,0,1,0,4,4,2,4,1,0
1492,16,Ba|Cu|Lu|O,0,3,2,3,1,4,4,4,0,1,1
1493,125,Ba|Cu|O|Tl,0,1,2,3,4,1,4,2,2,1,0
1494,125,Ba|Cu|O|Tl,0,1,2,3,4,1,1,3,2,2,2
1495,125,Ba|Cu|O|Tl,0,1,2,3,4,1,0,2,0,4,4
1496,125,Ba|Cu|O|Tl,0,1,2,3,4,1,3,3,0,2,3
1497,74,Ce|Cu|Nd|O,3,3,3,3,3,1,4,3,0,0,1
1498,74,Ce|Cu|Nd|O,3,3,3,3,3,1,2,3,3,4,0
1499,74,Ce|Cu|Nd|O,3,3,3,3,3,1,0,1,1,2,1
1500,74,Ce|Cu|Nd|O,3,3,3,3,3,1,0,4,0,1,0
1501,90,Ca|Cu|O|Pb|Sr|Y,0,3,2,3,4,0,1,2,2,1,1
1502,90,Ca|Cu|O|Pb|Sr|Y,0,3,2,3,4,0,3,3,4,1,1
1503,90,Ca|Cu|O|Pb|Sr|Y,0,3,2,3,4,0,3,3,4,1,2
1504,40,Ba|Cu|O|Y|Zn,3,1,0,2,1,0,1,0,2,3,0
1505,40,Ba|Cu|O|Y|Zn,3,1,0,2,1,0,0,1,4,3,1
1506,40,Ba|Cu|O|Y|Zn,3,1,0,2,1,0,4,0,0,0,2
1507,40,Ba|Cu|O|Y|Zn,3,1,0,2,1,0,1,0,2,2,4
1508,40,Ba|Cu|O|Y|Zn,3,1,0,2,1,0,4,1,2,0,3
1509,47,Ba|Ca|Cu|O|Tl,3,2,1,1,4,1,1,3,4,1,0
1510,8,Ba|Cu|O|Y,0,1,2,1,3,1,4,1,4,3,4
1511,8,Ba|Cu|O|Y,0,1,2,1,3,1,0,1,0,3,0
1512,8,Ba|Cu|O|Y,0,1,2,1,3,1,4,1,2,2,4
1513,8,Ba|Cu|O|Y,0,1,2,1,3,1,0,0,4,2,4
1514,14,Ba|Cu|Dy|O,4,1,4,1,3,3,0,4,4,3,2
1515,163,Ba|Cu|Dy|O|Pb,2,4,3,3,3,1,3,2,1,1,4
1516,8,Ba|Cu|O|Y,0,1,2,1,3,1,2,3,1,3,0
1517,68,Ba|Bi|K|O,0,1,2,0,3,0,3,4,4,2,2
1518,68,Ba|Bi|K|O,0,1,2,0,3,0,0,1,4,2,2
1519,68,Ba|Bi|K|O,0,1,2,0,3,0,1,1,3,1,3
1520,68,Ba|Bi|K|O,0,1,2,0,3,0,1,0,4,4,2
1521,164,Ce|Cu|Eu|La|O,4,4,3,3,0,1,1,0,2,3,0
1522,164,Ce|Cu|Eu|La|O,4,4,3,3,0,1,3,0,0,2,2
1523,164,Ce|Cu|Eu|La|O,4,4,3,3,0,1,0,2,0,2,4
1524,164,Ce|Cu|Eu|La|O,4,4,3,3,0,1,0,0,0,0,0
1525,164,Ce|Cu|Eu|La|O,4,4,3,3,0,1,3,2,1,0,0
1526,165,Ce|Cu|La|Nd|O,3,3,0,2,2,4,3,4,1,2,3
1527,165,Ce|Cu|La|Nd|O,3,3,0,2,2,4,2,4,1,4,0
1528,165,Ce|Cu|La|Nd|O,3,3,0,2,2,4,2,3,1,3,4
1529,165,Ce|Cu|La|Nd|O,3,3,0,2,2,4,1,1,4,3,1
1530,47,Ba|Ca|Cu|O|Tl,3,2,1,1,4,1,2,0,4,3,0
1531,47,Ba|Ca|Cu|O|Tl,3,2,1,1,4,1,2,4,3,0,4
1532,74,Ce|Cu|Nd|O,3,3,3,3,3,1,4,2,3,4,0
1533,118,Ce|Cu|O|Pr,3,0,4,2,3,3,1,0,1,3,2
1534,118,Ce|Cu|O|Pr,3,0,4,2,3,3,1,3,0,4,0
1535,118,Ce|Cu|O|Pr,3,0,4,2,3,3,4,4,3,0,0
1536,67,Ce|Cu|Nd|O|Sr,1,4,2,2,3,0,1,0,2,1,3
1537,74,Ce|Cu|Nd|O,3,3,3,3,3,1,4,0,3,3,0
1538,102,Ba|Cu|O|Pr|Y,4,2,0,0,3,0,3,4,4,4,2
1539,102,Ba|Cu|O|Pr|Y,4,2,0,0,3,0,4,0,3,0,3
1540,102,Ba|Cu|O|Pr|Y,4,2,0,0,3,0,0,2,1,0,1
1541,102,Ba|Cu|O|Pr|Y,4,2,0,0,3,0,0,0,4,2,0
1542,102,Ba|Cu|O|Pr|Y,4,2,0,0,3,0,1,2,1,0,1
1543,102,Ba|Cu|O|Pr|Y,4,2,0,0,3,0,0,2,3,4,1
1544,31,Ba|Cu|Fe|O|Y,3,2,3,4,1,0,3,0,3,1,2
1545,166,Ba|Cu|Fe|O|Pr|Y,0,4,1,1,0,3,3,1,0,1,4
1546,118,Ce|Cu|O|Pr,3,0,4,2,3,3,2,0,1,1,0
1547,147,Ce|Cu|Eu|O,4,2,3,4,1,1,0,0,3,3,3
1548,8,Ba|Cu|O|Y,0,1,2,1,3,1,4,1,3,1,2
1549,12,Ba|Cu|Eu|O,2,3,0,3,4,4,4,2,0,4,3
1550,13,Ba|Cu|Gd|O,2,1,0,3,4,0,0,3,2,4,1
1551,13,Ba|Cu|Gd|O,2,1,0,3,4,0,2,2,1,4,3
1552,9,Ba|Cu|Er|O,2,0,3,4,4,4,1,2,1,3,4
1553,167,Ba|Cd|Cu|O|Tl,4,3,2,4,4,3,0,4,0,0,0
1554,168,Ce|Co|Cu|Nd|O,4,4,4,4,1,3,1,3,2,4,1
1555,168,Ce|Co|Cu|Nd|O,4,4,4,4,1,3,3,1,2,0,4
1556,168,Ce|Co|Cu|Nd|O,4,4,4,4,1,3,2,3,2,3,4
1557,90,Ca|Cu|O|Pb|Sr|Y,0,3,2,3,4,0,0,1,3,0,1
1558,132,Bi|Ca|Cu|O|Pb|Sr|Y,3,1,1,4,3,2,2,3,0,3,2
1559,132,Bi|Ca|Cu|O|Pb|Sr|Y,3,1,1,4,3,2,0,3,2,3,4
1560,132,Bi|Ca|Cu|O|Pb|Sr|Y,3,1,1,4,3,2,0,3,2,3,2
1561,132,Bi|Ca|Cu|O|Pb|Sr|Y,3,1,1,4,3,2,0,3,0,3,3
1562,132,Bi|Ca|Cu|O|Pb|Sr|Y,3,1,1,4,3,2,4,1,2,2,4
1563,31,Ba|Cu|Fe|O|Y,3,2,3,4,1,0,1,3,2,0,2
1564,31,Ba|Cu|Fe|O|Y,3,2,3,4,1,0,2,3,4,2,2
1565,169,Bi|Cu|La|O|Pb|Sr,1,0,1,2,2,1,4,0,1,4,1
1566,169,Bi|Cu|La|O|Pb|Sr,1,0,1,2,2,1,2,1,3,4,2
1567,169,Bi|Cu|La|O|Pb|Sr,1,0,1,2,2,1,2,1,4,2,3
1568,170,Bi|Cu|O|Pb|Pr|Sr,0,1,3,4,0,2,1,3,2,4,4
1569,170,Bi|Cu|O|Pb|Pr|Sr,0,1,3,4,0,2,0,1,2,0,0
1570,170,Bi|Cu|O|Pb|Pr|Sr,0,1,3,4,0,2,1,2,0,2,4
1571,0,Ba|Cu|La|O,2,4,2,3,0,4,3,2,3,0,0
1572,0,Ba|Cu|La|O,2,4,2,3,0,4,2,2,3,3,0
1573,0,Ba|Cu|La|O,2,4,2,3,0,4,2,2,4,2,3
1574,0,Ba|Cu|La|O,2,4,2,3,0,4,0,2,1,1,2
1575,0,Ba|Cu|La|O,2,4,2,3,0,4,4,1,1,1,3
1576,0,Ba|Cu|La|O,2,4,2,3,0,4,4,2,1,0,4
1577,0,Ba|Cu|La|O,2,4,2,3,0,4,2,3,3,0,2
1578,0,Ba|Cu|La|O,2,4,2,3,0,4,1,0,0,4,2
1579,2,Cu|La|O|Sr,1,2,3,2,2,0,0,3,4,4,0
1580,49,Bi|Ca|Cu|O|Sr,2,0,2,4,3,0,0,4,3,1,3
1581,43,Ba|Co|Cu|O|Y,1,2,3,2,1,3,0,4,4,1,0
1582,43,Ba|Co|Cu|O|Y,1,2,3,2,1,3,4,4,3,2,3
1583,43,Ba|Co|Cu|O|Y,1,2,3,2,1,3,0,2,0,1,0
1584,43,Ba|Co|Cu|O|Y,1,2,3,2,1,3,2,2,4,2,0
1585,43,Ba|Co|Cu|O|Y,1,2,3,2,1,3,1,4,1,3,3
1586,71,Bi|Ca|Cu|O|Pb|Sr,2,0,4,1,4,1,0,3,2,4,3
1587,71,Bi|Ca|Cu|O|Pb|Sr,2,0,4,1,4,1,0,2,4,3,4
1588,71,Bi|Ca|Cu|O|Pb|Sr,2,0,4,1,4,1,4,4,3,1,4
1589,171,Ba|Cu|Eu|O|Y,3,3,0,0,3,4,3,0,0,1,2
1590,171,Ba|Cu|Eu|O|Y,3,3,0,0,3,4,2,3,3,0,0
1591,12,Ba|Cu|Eu|O,2,3,0,3,4,4,2,4,0,4,4
1592,8,Ba|Cu|O|Y,0,1,2,1,3,1,2,3,2,2,2
1593,8,Ba|Cu|O|Y,0,1,2,1,3,1,0,4,3,2,4
1594,172,Ba|Ca|Cu|O|Pb|Sr|Y,2,3,0,3,2,0,2,2,1,2,0
1595,172,Ba|Ca|Cu|O|Pb|Sr|Y,2,3,0,3,2,0,1,1,1,2,3
1596,40,Ba|Cu|O|Y|Zn,3,1,0,2,1,0,2,0,4,4,4
1597,40,Ba|Cu|O|Y|Zn,3,1,0,2,1,0,2,1,4,3,3
1598,40,Ba|Cu|O|Y|Zn,3,1,0,2,1,0,2,2,4,3,1
1599,40,Ba|Cu|O|Y|Zn,3,1,0,2,1,0,1,1,0,3,4
1600,40,Ba|Cu|O|Y|Zn,3,1,0,2,1,0,4,0,2,0,3
1601,8,Ba|Cu|O|Y,0,1,2,1,3,1,2,1,3,3,2
1602,40,Ba|Cu|O|Y|Zn,3,1,0,2,1,0,1,0,2,3,4
1603,40,Ba|Cu|O|Y|Zn,3,1,0,2,1,0,1,3,3,3,0
1604,37,Ba|Cu|Ni|O|Y,1,0,2,1,2,2,4,0,1,0,2
1605,37,Ba|Cu|Ni|O|Y,1,0,2,1,2,2,2,3,0,2,3
1606,40,Ba|Cu|O|Y|Zn,3,1,0,2,1,0,1,3,2,2,4
1607,31,Ba|Cu|Fe|O|Y,3,2,3,4,1,0,0,1,3,4,4
1608,38,Al|Ba|Cu|O|Y,3,2,2,1,0,2,4,2,0,2,0
1609,173,Ca|Cu|La|O|Sr,1,2,1,1,0,4,4,3,2,2,0
1610,173,Ca|Cu|La|O|Sr,1,2,1,1,0,4,4,0,1,2,2
1611,173,Ca|Cu|La|O|Sr,1,2,1,1,0,4,1,3,4,1,4
1612,173,Ca|Cu|La|O|Sr,1,2,1,1,0,4,4,4,4,2,2
1613,173,Ca|Cu|La|O|Sr,1,2,1,1,0,4,4,1,2,0,3
1614,173,Ca|Cu|La|O|Sr,1,2,1,1,0,4,4,3,3,3,1
1615,173,Ca|Cu|La|O|Sr,1,2,1,1,0,4,2,2,3,4,3
1616,173,Ca|Cu|La|O|Sr,1,2,1,1,0,4,4,2,1,2,1
1617,174,Bi|Ca|Cu|Li|O|Sr,4,4,4,3,3,4,2,4,0,2,3
1618,49,Bi|Ca|Cu|O|Sr,2,0,2,4,3,0,4,1,1,1,3
1619,2,Cu|La|O|Sr,1,2,3,2,2,0,0,1,1,0,1
1620,49,Bi|Ca|Cu|O|Sr,2,0,2,4,3,0,0,2,3,0,4
1621,49,Bi|Ca|Cu|O|Sr,2,0,2,4,3,0,3,0,4,3,4
1622,49,Bi|Ca|Cu|O|Sr,2,0,2,4,3,0,3,0,2,3,2
1623,49,Bi|Ca|Cu|O|Sr,2,0,2,4,3,0,1,0,2,3,0
1624,49,Bi|Ca|Cu|O|Sr,2,0,2,4,3,0,0,2,4,3,3
1625,49,Bi|Ca|Cu|O|Sr,2,0,2,4,3,0,3,2,1,1,2
1626,49,Bi|Ca|Cu|O|Sr,2,0,2,4,3,0,0,1,4,0,4
1627,49,Bi|Ca|Cu|O|Sr,2,0,2,4,3,0,4,3,1,1,1
1628,74,Ce|Cu|Nd|O,3,3,3,3,3,1,0,1,2,1,3
1629,168,Ce|Co|Cu|Nd|O,4,4,4,4,1,3,3,4,0,3,4
1630,168,Ce|Co|Cu|Nd|O,4,4,4,4,1,3,0,2,1,0,2
1631,168,Ce|Co|Cu|Nd|O,4,4,4,4,1,3,4,4,4,1,3
1632,168,Ce|Co|Cu|Nd|O,4,4,4,4,1,3,3,4,2,2,2
1633,175,Ce|Cu|Nd|Ni|O,1,1,3,3,0,0,3,0,1,1,1
1634,175,Ce|Cu|Nd|Ni|O,1,1,3,3,0,0,4,4,3,1,4
1635,175,Ce|Cu|Nd|Ni|O,1,1,3,3,0,0,1,1,0,2,0
1636,175,Ce|Cu|Nd|Ni|O,1,1,3,3,0,0,3,3,3,0,3
1637,175,Ce|Cu|Nd|Ni|O,1,1,3,3,0,0,4,0,3,4,4
1638,175,Ce|Cu|Nd|Ni|O,1,1,3,3,0,0,1,0,2,2,0
1639,175,Ce|Cu|Nd|Ni|O,1,1,3,3,0,0,4,4,4,2,4
1640,176,Ce|Cu|Nd|O|Zn,4,4,2,1,4,4,0,4,3,2,2
1641,176,Ce|Cu|Nd|O|Zn,4,4,2,1,4,4,0,3,1,1,2
1642,176,Ce|Cu|Nd|O|Zn,4,4,2,1,4,4,2,3,0,2,3
1643,43,Ba|Co|Cu|O|Y,1,2,3,2,1,3,2,1,2,0,3
1644,43,Ba|Co|Cu|O|Y,1,2,3,2,1,3,1,1,4,3,0
1645,43,Ba|Co|Cu|O|Y,1,2,3,2,1,3,0,3,4,4,2
1646,43,Ba|Co|Cu|O|Y,1,2,3,2,1,3,1,2,3,2,2
1647,43,Ba|Co|Cu|O|Y,1,2,3,2,1,3,0,1,4,4,2
1648,43,Ba|Co|Cu|O|Y,1,2,3,2,1,3,0,3,2,3,4
1649,43,Ba|Co|Cu|O|Y,1,2,3,2,1,3,3,1,3,0,0
1650,49,Bi|Ca|Cu|O|Sr,2,0,2,4,3,0,3,4,0,0,4
1651,2,Cu|La|O|Sr,1,2,3,2,2,0,0,3,4,0,4
1652,13,Ba|Cu|Gd|O,2,1,0,3,4,0,1,2,0,3,0
1653,177,Ba|Cu|Gd|O|Pr,2,2,1,3,3,3,2,3,3,1,4
1654,177,Ba|Cu|Gd|O|Pr,2,2,1,3,3,3,2,2,1,2,2
1655,177,Ba|Cu|Gd|O|Pr,2,2,1,3,3,3,2,1,0,1,0
1656,177,Ba|Cu|Gd|O|Pr,2,2,1,3,3,3,2,4,0,1,3
1657,177,Ba|Cu|Gd|O|Pr,2,2,1,3,3,3,0,1,1,0,2
1658,177,Ba|Cu|Gd|O|Pr,2,2,1,3,3,3,0,3,3,2,1
1659,177,Ba|Cu|Gd|O|Pr,2,2,1,3,3,3,4,2,0,0,2
1660,177,Ba|Cu|Gd|O|Pr,2,2,1,3,3,3,4,3,1,1,3
1661,49,Bi|Ca|Cu|O|Sr,2,0,2,4,3,0,3,2,4,1,3
1662,178,Ba|Cu|La|O|Pr,4,3,3,4,3,2,2,0,0,3,1
1663,179,Ba|Cu|Nd|O|Pr,4,0,4,3,0,1,4,4,3,1,3
1664,180,Ba|Cu|O|Pr|Sm,0,4,1,0,2,3,2,2,3,4,2
1665,154,Ba|Cu|Eu|O|Pr,3,1,1,2,0,1,2,3,3,0,3
1666,177,Ba|Cu|Gd|O|Pr,2,2,1,3,3,3,2,3,2,1,2
1667,181,Ba|Cu|Dy|O|Pr,2,3,1,2,2,3,1,4,1,0,0
1668,182,Ba|Cu|Ho|O|Pr,1,0,1,3,4,0,3,2,0,0,0
1669,183,Ba|Cu|Er|O|Pr,1,3,4,2,0,4,1,3,2,4,3
1670,184,Ba|Cu|O|Pr|Tm,3,3,4,0,1,3,0,4,3,2,3
1671,185,Ba|Cu|O|Pr|Yb,1,2,3,0,4,4,4,3,3,2,3
1672,186,Ba|Cu|Lu|O|Pr,2,3,1,4,1,0,2,4,0,1,2
1673,102,Ba|Cu|O|Pr|Y,4,2,0,0,3,0,4,4,4,1,1
1674,13,Ba|Cu|Gd|O,2,1,0,3,4,0,3,0,3,1,4
1675,177,Ba|Cu|Gd|O|Pr,2,2,1,3,3,3,3,0,3,2,2
1676,177,Ba|Cu|Gd|O|Pr,2,2,1,3,3,3,4,1,2,0,0
1677,177,Ba|Cu|Gd|O|Pr,2,2,1,3,3,3,4,4,3,3,1
1678,177,Ba|Cu|Gd|O|Pr,2,2,1,3,3,3,1,4,2,1,2
1679,187,Bi|Ca|Cu|O|P|Pb|Sr,0,2,0,4,3,4,3,4,3,2,1
1680,49,Bi|Ca|Cu|O|Sr,2,0,2,4,3,0,3,4,4,2,2
1681,128,Bi|Ca|Cu|O|Sr|Tm,2,2,2,3,1,1,3,3,3,3,1
1682,128,Bi|Ca|Cu|O|Sr|Tm,2,2,2,3,1,1,2,3,2,3,0
1683,128,Bi|Ca|Cu|O|Sr|Tm,2,2,2,3,1,1,1,2,2,4,2
1684,188,Ba|Cu|La|O|Pb|Sr,1,0,0,3,2,0,4,0,3,3,0
1685,70,Bi|Ca|Cu|O|Pb|Sb|Sr,1,0,4,1,0,0,2,0,0,0,0
1686,70,Bi|Ca|Cu|O|Pb|Sb|Sr,1,0,4,1,0,0,1,1,1,1,4
1687,70,Bi|Ca|Cu|O|Pb|Sb|Sr,1,0,4,1,0,0,1,1,4,2,4
1688,70,Bi|Ca|Cu|O|Pb|Sb|Sr,1,0,4,1,0,0,2,4,2,4,2
1689,102,Ba|Cu|O|Pr|Y,4,2,0,0,3,0,3,2,3,1,2
1690,189,Cu|La|O|Pb|Sr,3,0,2,3,3,1,2,3,1,2,4
1691,90,Ca|Cu|O|Pb|Sr|Y,0,3,2,3,4,0,0,0,1,2,2
1692,169,Bi|Cu|La|O|Pb|Sr,1,0,1,2,2,1,1,3,4,4,1
1693,47,Ba|Ca|Cu|O|Tl,3,2,1,1,4,1,2,4,0,2,2
1694,47,Ba|Ca|Cu|O|Tl,3,2,1,1,4,1,0,4,1,2,2
1695,47,Ba|Ca|Cu|O|Tl,3,2,1,1,4,1,3,4,2,0,2
1696,47,Ba|Ca|Cu|O|Tl,3,2,1,1,4,1,3,4,1,3,4
1697,2,Cu|La|O|Sr,1,2,3,2,2,0,4,3,4,4,2
1698,2,Cu|La|O|Sr,1,2,3,2,2,0,4,0,3,0,4
1699,2,Cu|La|O|Sr,1,2,3,2,2,0,2,0,0,4,4
1700,2,Cu|La|O|Sr,1,2,3,2,2,0,1,0,0,3,3
1701,2,Cu|La|O|Sr,1,2,3,2,2,0,2,3,4,0,0
1702,2,Cu|La|O|Sr,1,2,3,2,2,0,3,3,2,2,1
1703,2,Cu|La|O|Sr,1,2,3,2,2,0,4,1,0,3,4
1704,2,Cu|La|O|Sr,1,2,3,2,2,0,2,1,3,0,0
1705,2,Cu|La|O|Sr,1,2,3,2,2,0,3,1,0,0,1
1706,148,Ba|Cu|Eu|O|Zn,4,0,1,1,2,2,2,4,3,3,3
1707,148,Ba|Cu|Eu|O|Zn,4,0,1,1,2,2,0,4,1,4,0
1708,2,Cu|La|O|Sr,1,2,3,2,2,0,3,4,0,2,4
1709,2,Cu|La|O|Sr,1,2,3,2,2,0,4,3,0,1,3
1710,8,Ba|Cu|O|Y,0,1,2,1,3,1,0,1,0,1,3
1711,8,Ba|Cu|O|Y,0,1,2,1,3,1,0,2,0,1,3
1712,13,Ba|Cu|Gd|O,2,1,0,3,4,0,2,4,0,4,0
1713,119,Ce|Cu|O|Sm,1,1,1,1,1,4,4,4,2,0,3
1714,119,Ce|Cu|O|Sm,1,1,1,1,1,4,3,0,4,2,0
1715,2,Cu|La|O|Sr,1,2,3,2,2,0,3,0,2,2,4
1716,23,Cu|Fe|La|O|Sr,2,0,1,0,2,4,4,2,1,4,4
1717,23,Cu|Fe|La|O|Sr,2,0,1,0,2,4,0,2,1,0,3
1718,23,Cu|Fe|La|O|Sr,2,0,1,0,2,4,2,1,1,3,4
1719,23,Cu|Fe|La|O|Sr,2,0,1,0,2,4,4,3,0,4,3
1720,23,Cu|Fe|La|O|Sr,2,0,1,0,2,4,4,2,3,2,3
1721,2,Cu|La|O|Sr,1,2,3,2,2,0,2,3,3,2,4
1722,26,Cu|La|O|Sr|Zn,4,4,3,4,1,2,3,4,0,3,1
1723,26,Cu|La|O|Sr|Zn,4,4,3,4,1,2,4,2,1,3,1
1724,26,Cu|La|O|Sr|Zn,4,4,3,4,1,2,0,3,1,3,1
1725,26,Cu|La|O|Sr|Zn,4,4,3,4,1,2,0,2,4,2,3
1726,26,Cu|La|O|Sr|Zn,4,4,3,4,1,2,0,4,4,1,4
1727,26,Cu|La|O|Sr|Zn,4,4,3,4,1,2,0,0,2,3,2
1728,26,Cu|La|O|Sr|Zn,4,4,3,4,1,2,3,0,0,2,1
1729,26,Cu|La|O|Sr|Zn,4,4,3,4,1,2,2,1,4,0,1
1730,24,Co|Cu|La|O|Sr,2,4,2,4,3,1,1,1,3,0,1
1731,24,Co|Cu|La|O|Sr,2,4,2,4,3,1,4,1,3,2,1
1732,24,Co|Cu|La|O|Sr,2,4,2,4,3,1,3,0,3,2,4
1733,24,Co|Cu|La|O|Sr,2,4,2,4,3,1,3,4,4,3,4
1734,24,Co|Cu|La|O|Sr,2,4,2,4,3,1,2,3,1,2,0
1735,24,Co|Cu|La|O|Sr,2,4,2,4,3,1,1,2,3,0,2
1736,24,Co|Cu|La|O|Sr,2,4,2,4,3,1,3,1,0,0,1
1737,24,Co|Cu|La|O|Sr,2,4,2,4,3,1,3,4,0,0,0
1738,190,Cu|Ga|La|O|Sr,0,2,2,4,3,4,2,2,4,1,0
1739,190,Cu|Ga|La|O|Sr,0,2,2,4,3,4,3,1,3,4,1
1740,190,Cu|Ga|La|O|Sr,0,2,2,4,3,4,4,1,3,1,4
1741,190,Cu|Ga|La|O|Sr,0,2,2,4,3,4,0,4,3,4,0
1742,190,Cu|Ga|La|O|Sr,0,2,2,4,3,4,3,4,2,2,2
1743,190,Cu|Ga|La|O|Sr,0,2,2,4,3,4,1,3,1,0,0
1744,2,Cu|La|O|Sr,1,2,3,2,2,0,2,4,3,0,4
1745,25,Cu|La|Ni|O|Sr,3,4,4,4,0,3,4,3,2,2,1
1746,25,Cu|La|Ni|O|Sr,3,4,4,4,0,3,0,3,3,2,3
1747,25,Cu|La|Ni|O|Sr,3,4,4,4,0,3,1,0,3,0,0
1748,25,Cu|La|Ni|O|Sr,3,4,4,4,0,3,0,2,3,2,4
1749,25,Cu|La|Ni|O|Sr,3,4,4,4,0,3,2,1,1,1,3
1750,25,Cu|La|Ni|O|Sr,3,4,4,4,0,3,2,2,1,1,2
1751,25,Cu|La|Ni|O|Sr,3,4,4,4,0,3,0,3,2,4,0
1752,25,Cu|La|Ni|O|Sr,3,4,4,4,0,3,0,4,2,2,3
1753,2,Cu|La|O|Sr,1,2,3,2,2,0,1,2,4,4,0
1754,191,Al|Cu|La|O|Sr,4,0,1,4,4,2,0,4,0,2,0
1755,191,Al|Cu|La|O|Sr,4,0,1,4,4,2,3,0,1,2,0
1756,191,Al|Cu|La|O|Sr,4,0,1,4,4,2,1,1,1,1,3
1757,191,Al|Cu|La|O|Sr,4,0,1,4,4,2,2,4,3,2,1
1758,191,Al|Cu|La|O|Sr,4,0,1,4,4,2,4,0,3,4,1
1759,191,Al|Cu|La|O|Sr,4,0,1,4,4,2,1,0,4,3,3
1760,31,Ba|Cu|Fe|O|Y,3,2,3,4,1,0,2,3,1,3,4
1761,31,Ba|Cu|Fe|O|Y,3,2,3,4,1,0,2,0,4,4,4
1762,31,Ba|Cu|Fe|O|Y,3,2,3,4,1,0,4,2,1,2,4
1763,192,Ca|Cu|In|O|Pb|Sr|Y,3,0,0,0,0,4,3,4,2,2,0
1764,192,Ca|Cu|In|O|Pb|Sr|Y,3,0,0,0,0,4,1,2,1,1,0
1765,192,Ca|Cu|In|O|Pb|Sr|Y,3,0,0,0,0,4,0,4,4,3,1
1766,8,Ba|Cu|O|Y,0,1,2,1,3,1,2,0,2,3,3
1767,8,Ba|Cu|O|Y,0,1,2,1,3,1,4,2,3,0,4
1768,57,Ba|Cu|La|O|Y,4,0,3,4,0,1,3,2,1,4,1
1769,57,Ba|Cu|La|O|Y,4,0,3,4,0,1,4,4,4,0,2
1770,57,Ba|Cu|La|O|Y,4,0,3,4,0,1,4,1,4,1,1
1771,57,Ba|Cu|La|O|Y,4,0,3,4,0,1,3,1,4,1,1
1772,57,Ba|Cu|La|O|Y,4,0,3,4,0,1,2,0,0,2,0
1773,57,Ba|Cu|La|O|Y,4,0,3,4,0,1,1,3,4,1,0
1774,193,Ba|Ca|Cu|La|O|Y,0,3,3,2,2,3,3,3,2,4,4
1775,193,Ba|Ca|Cu|La|O|Y,0,3,3,2,2,3,1,3,1,3,4
1776,193,Ba|Ca|Cu|La|O|Y,0,3,3,2,2,3,3,3,1,3,0
1777,193,Ba|Ca|Cu|La|O|Y,0,3,3,2,2,3,3,2,3,1,2
1778,193,Ba|Ca|Cu|La|O|Y,0,3,3,2,2,3,2,4,2,4,2
1779,31,Ba|Cu|Fe|O|Y,3,2,3,4,1,0,4,4,4,2,3
1780,31,Ba|Cu|Fe|O|Y,3,2,3,4,1,0,0,2,4,4,1
1781,31,Ba|Cu|Fe|O|Y,3,2,3,4,1,0,1,4,3,3,0
1782,31,Ba|Cu|Fe|O|Y,3,2,3,4,1,0,2,1,4,2,4
1783,31,Ba|Cu|Fe|O|Y,3,2,3,4,1,0,0,0,0,3,1
1784,31,Ba|Cu|Fe|O|Y,3,2,3,4,1,0,3,3,0,0,3
1785,31,Ba|Cu|Fe|O|Y,3,2,3,4,1,0,0,0,1,4,4
1786,31,Ba|Cu|Fe|O|Y,3,2,3,4,1,0,2,1,4,2,3
1787,31,Ba|Cu|Fe|O|Y,3,2,3,4,1,0,3,4,1,3,2
1788,31,Ba|Cu|Fe|O|Y,3,2,3,4,1,0,2,1,2,3,0
1789,31,Ba|Cu|Fe|O|Y,3,2,3,4,1,0,1,0,1,0,2
1790,31,Ba|Cu|Fe|O|Y,3,2,3,4,1,0,3,1,4,4,0
1791,31,Ba|Cu|Fe|O|Y,3,2,3,4,1,0,2,3,3,4,0
1792,31,Ba|Cu|Fe|O|Y,3,2,3,4,1,0,0,0,1,4,2
1793,31,Ba|Cu|Fe|O|Y,3,2,3,4,1,0,2,2,4,3,4
1794,31,Ba|Cu|Fe|O|Y,3,2,3,4,1,0,1,3,3,1,0
1795,31,Ba|Cu|Fe|O|Y,3,2,3,4,1,0,3,4,3,1,1
1796,31,Ba|Cu|Fe|O|Y,3,2,3,4,1,0,2,3,0,1,2
1797,8,Ba|Cu|O|Y,0,1,2,1,3,1,0,2,0,0,1
1798,8,Ba|Cu|O|Y,0,1,2,1,3,1,4,0,0,4,4
1799,8,Ba|Cu|O|Y,0,1,2,1,3,1,0,4,2,2,4
1800,8,Ba|Cu|O|Y,0,1,2,1,3,1,3,1,0,1,1
1801,8,Ba|Cu|O|Y,0,1,2,1,3,1,0,4,0,3,4
1802,8,Ba|Cu|O|Y,0,1,2,1,3,1,3,3,2,1,1
1803,8,Ba|Cu|O|Y,0,1,2,1,3,1,4,3,1,0,1
1804,8,Ba|Cu|O|Y,0,1,2,1,3,1,2,0,1,3,4
1805,8,Ba|Cu|O|Y,0,1,2,1,3,1,0,4,0,4,4
1806,8,Ba|Cu|O|Y,0,1,2,1,3,1,2,0,1,3,1
1807,98,Bi|Ca|Cu|Lu|O|Sr,2,1,0,0,3,2,4,3,2,3,0
1808,153,Bi|Ca|Cu|O|Sr|Yb,3,4,4,3,2,1,3,0,4,0,1
1809,83,Bi|Ca|Cu|O|Sr|Y,4,3,2,2,1,2,1,0,4,0,3
1810,152,Bi|Ca|Cu|Dy|O|Sr,3,2,4,0,3,2,4,0,2,2,4
1811,151,Bi|Ca|Cu|Gd|O|Sr,1,4,1,4,4,4,1,4,2,1,1
1812,129,Bi|Ca|Cu|Eu|O|Sr,3,3,4,0,4,4,1,2,1,4,0
1813,150,Bi|Ca|Cu|Nd|O|Sr,0,3,4,4,2,3,2,3,1,4,3
1814,100,Bi|Ca|Cu|La|O|Sr,2,4,4,4,1,4,1,2,3,4,1
1815,98,Bi|Ca|Cu|Lu|O|Sr,2,1,0,0,3,2,3,2,2,4,3
1816,153,Bi|Ca|Cu|O|Sr|Yb,3,4,4,3,2,1,3,4,2,4,4
1817,83,Bi|Ca|Cu|O|Sr|Y,4,3,2,2,1,2,0,3,0,1,4
1818,152,Bi|Ca|Cu|Dy|O|Sr,3,2,4,0,3,2,1,0,1,0,2
1819,151,Bi|Ca|Cu|Gd|O|Sr,1,4,1,4,4,4,1,3,3,4,1
1820,129,Bi|Ca|Cu|Eu|O|Sr,3,3,4,0,4,4,0,1,3,0,3
1821,150,Bi|Ca|Cu|Nd|O|Sr,0,3,4,4,2,3,0,2,3,2,4
1822,100,Bi|Ca|Cu|La|O|Sr,2,4,4,4,1,4,4,0,4,0,4
1823,98,Bi|Ca|Cu|Lu|O|Sr,2,1,0,0,3,2,1,4,4,4,1
1824,153,Bi|Ca|Cu|O|Sr|Yb,3,4,4,3,2,1,1,1,4,3,4
1825,83,Bi|Ca|Cu|O|Sr|Y,4,3,2,2,1,2,4,3,4,2,4
1826,152,Bi|Ca|Cu|Dy|O|Sr,3,2,4,0,3,2,0,1,1,1,1
1827,151,Bi|Ca|Cu|Gd|O|Sr,1,4,1,4,4,4,4,0,3,0,0
1828,129,Bi|Ca|Cu|Eu|O|Sr,3,3,4,0,4,4,3,0,2,0,1
1829,150,Bi|Ca|Cu|Nd|O|Sr,0,3,4,4,2,3,0,3,0,1,4
1830,100,Bi|Ca|Cu|La|O|Sr,2,4,4,4,1,4,1,1,0,4,4
1831,194,Cu|La|O|Sr|Tl,2,1,1,1,0,2,0,0,1,0,2
1832,194,Cu|La|O|Sr|Tl,2,1,1,1,0,2,0,3,3,1,2
1833,194,Cu|La|O|Sr|Tl,2,1,1,1,0,2,2,2,3,2,4
1834,194,Cu|La|O|Sr|Tl,2,1,1,1,0,2,0,4,3,2,3
1835,194,Cu|La|O|Sr|Tl,2,1,1,1,0,2,1,3,2,0,4
1836,195,Bi|Ca|Cu|Eu|O|Pb|Sr,3,0,0,2,1,4,1,4,3,4,0
1837,196,Bi|Ca|Cu|Gd|O|Pb|Sr,0,0,1,4,4,4,3,3,0,4,3
1838,197,Bi|Ca|Cu|O|Pb|Sr|Tb,1,4,4,2,1,3,4,4,2,0,1
1839,198,Bi|Ca|Cu|Dy|O|Pb|Sr,3,2,2,3,0,3,3,2,3,0,3
1840,199,Bi|Ca|Cu|Ho|O|Pb|Sr,2,4,1,1,2,2,3,1,2,1,2
1841,200,Bi|Ca|Cu|Er|O|Pb|Sr,3,2,2,1,4,4,2,0,1,4,4
1842,125,Ba|Cu|O|Tl,0,1,2,3,4,1,2,0,3,0,2
1843,201,Ba|Cu|O|Sr|Tl,3,4,0,2,2,4,3,3,1,3,1
1844,201,Ba|Cu|O|Sr|Tl,3,4,0,2,2,4,1,4,3,4,2
1845,8,Ba|Cu|O|Y,0,1,2,1,3,1,1,3,3,0,4
1846,14,Ba|Cu|Dy|O,4,1,4,1,3,3,0,4,2,3,0
1847,8,Ba|Cu|O|Y,0,1,2,1,3,1,1,2,3,3,3
1848,8,Ba|Cu|O|Y,0,1,2,1,3,1,1,1,3,4,3
1849,47,Ba|Ca|Cu|O|Tl,3,2,1,1,4,1,2,4,0,4,1
1850,144,Ba|Ca|Cu|O|Tl|Y,0,1,4,4,2,1,2,0,0,2,2
1851,144,Ba|Ca|Cu|O|Tl|Y,0,1,4,4,2,1,4,0,4,0,0
1852,144,Ba|Ca|Cu|O|Tl|Y,0,1,4,4,2,1,1,0,3,2,0
1853,144,Ba|Ca|Cu|O|Tl|Y,0,1,4,4,2,1,4,1,3,4,2
1854,144,Ba|Ca|Cu|O|Tl|Y,0,1,4,4,2,1,0,2,3,0,0
1855,144,Ba|Ca|Cu|O|Tl|Y,0,1,4,4,2,1,2,3,2,1,0
1856,74,Ce|Cu|Nd|O,3,3,3,3,3,1,2,2,0,3,2
1857,74,Ce|Cu|Nd|O,3,3,3,3,3,1,2,1,2,0,3
1858,49,Bi|Ca|Cu|O|Sr,2,0,2,4,3,0,4,1,0,4,1
1859,49,Bi|Ca|Cu|O|Sr,2,0,2,4,3,0,3,2,4,0,1
1860,83,Bi|Ca|Cu|O|Sr|Y,4,3,2,2,1,2,2,1,4,3,3
1861,83,Bi|Ca|Cu|O|Sr|Y,4,3,2,2,1,2,0,4,0,4,1
1862,83,Bi|Ca|Cu|O|Sr|Y,4,3,2,2,1,2,4,3,4,0,0
1863,71,Bi|Ca|Cu|O|Pb|Sr,2,0,4,1,4,1,4,1,1,3,4
1864,71,Bi|Ca|Cu|O|Pb|Sr,2,0,4,1,4,1,3,4,1,4,2
1865,71,Bi|Ca|Cu|O|Pb|Sr,2,0,4,1,4,1,2,1,0,0,4
1866,82,Ba|Cu|Er|O|Zn,2,2,1,0,1,4,2,0,2,3,2
1867,81,Ba|Cu|Er|Ni|O,0,3,1,2,1,2,3,3,3,2,3
1868,12,Ba|Cu|Eu|O,2,3,0,3,4,4,1,1,3,2,2
1869,13,Ba|Cu|Gd|O,2,1,0,3,4,0,2,0,1,1,0
1870,14,Ba|Cu|Dy|O,4,1,4,1,3,3,0,4,2,4,4
1871,15,Ba|Cu|Ho|O,0,0,4,0,3,2,4,4,1,3,4
1872,8,Ba|Cu|O|Y,0,1,2,1,3,1,0,4,4,3,4
1873,36,Bi|Cu|O|Sr,2,2,4,1,2,0,4,1,0,0,4
1874,120,Bi|Cu|La|O|Sr,1,3,1,3,0,0,2,4,1,0,1
1875,120,Bi|Cu|La|O|Sr,1,3,1,3,0,0,1,2,3,2,0
1876,120,Bi|Cu|La|O|Sr,1,3,1,3,0,0,0,4,4,1,2
1877,120,Bi|Cu|La|O|Sr,1,3,1,3,0,0,4,3,2,2,1
1878,169,Bi|Cu|La|O|Pb|Sr,1,0,1,2,2,1,0,2,0,0,2
1879,169,Bi|Cu|La|O|Pb|Sr,1,0,1,2,2,1,1,3,1,2,1
1880,169,Bi|Cu|La|O|Pb|Sr,1,0,1,2,2,1,1,3,3,2,2
1881,169,Bi|Cu|La|O|Pb|Sr,1,0,1,2,2,1,0,2,0,3,0
1882,73,Ba|Cu|La|O|Tl,4,3,2,4,1,3,4,2,2,3,3
1883,73,Ba|Cu|La|O|Tl,4,3,2,4,1,3,2,0,1,3,0
1884,73,Ba|Cu|La|O|Tl,4,3,2,4,1,3,0,1,2,3,4
1885,73,Ba|Cu|La|O|Tl,4,3,2,4,1,3,0,1,4,4,2
1886,119,Ce|Cu|O|Sm,1,1,1,1,1,4,0,1,4,0,1
1887,71,Bi|Ca|Cu|O|Pb|Sr,2,0,4,1,4,1,2,4,0,4,3
1888,8,Ba|Cu|O|Y,0,1,2,1,3,1,3,4,2,2,1
1889,145,Ba|Ca|Cu|Nd|O|Tl,1,1,4,1,3,4,1,2,4,3,3
1890,145,Ba|Ca|Cu|Nd|O|Tl,1,1,4,1,3,4,4,1,2,0,3
1891,202,Ag|Ce|Cu|La|O,3,0,2,1,0,3,3,0,3,2,1
1892,202,Ag|Ce|Cu|La|O,3,0,2,1,0,3,1,0,3,0,0
1893,202,Ag|Ce|Cu|La|O,3,0,2,1,0,3,0,0,4,4,4
1894,202,Ag|Ce|Cu|La|O,3,0,2,1,0,3,1,1,0,3,0
1895,202,Ag|Ce|Cu|La|O,3,0,2,1,0,3,1,4,4,4,2
1896,202,Ag|Ce|Cu|La|O,3,0,2,1,0,3,4,1,3,3,4
1897,202,Ag|Ce|Cu|La|O,3,0,2,1,0,3,1,0,2,0,0
1898,73,Ba|Cu|La|O|Tl,4,3,2,4,1,3,4,1,0,1,0
1899,74,Ce|Cu|Nd|O,3,3,3,3,3,1,2,1,4,4,1
1900,173,Ca|Cu|La|O|Sr,1,2,1,1,0,4,2,1,3,0,0
1901,173,Ca|Cu|La|O|Sr,1,2,1,1,0,4,4,0,1,1,1
1902,173,Ca|Cu|La|O|Sr,1,2,1,1,0,4,1,2,4,1,1
1903,31,Ba|Cu|Fe|O|Y,3,2,3,4,1,0,4,1,1,1,3
1904,31,Ba|Cu|Fe|O|Y,3,2,3,4,1,0,3,2,1,3,4
1905,31,Ba|Cu|Fe|O|Y,3,2,3,4,1,0,0,3,0,2,3
1906,31,Ba|Cu|Fe|O|Y,3,2,3,4,1,0,1,2,1,4,1
1907,49,Bi|Ca|Cu|O|Sr,2,0,2,4,3,0,1,2,4,1,2
1908,36,Bi|Cu|O|Sr,2,2,4,1,2,0,2,4,3,4,2
1909,36,Bi|Cu|O|Sr,2,2,4,1,2,0,0,3,4,3,3
1910,203,Bi|Ca|Cu|Nd|O|Pb|Sr,0,2,0,3,2,0,1,1,1,2,3
1911,203,Bi|Ca|Cu|Nd|O|Pb|Sr,0,2,0,3,2,0,0,2,2,0,2
1912,203,Bi|Ca|Cu|Nd|O|Pb|Sr,0,2,0,3,2,0,1,2,2,3,3
1913,203,Bi|Ca|Cu|Nd|O|Pb|Sr,0,2,0,3,2,0,4,1,0,0,2
1914,203,Bi|Ca|Cu|Nd|O|Pb|Sr,0,2,0,3,2,0,1,4,0,1,0
1915,203,Bi|Ca|Cu|Nd|O|Pb|Sr,0,2,0,3,2,0,1,0,1,1,0
1916,120,Bi|Cu|La|O|Sr,1,3,1,3,0,0,1,0,1,1,1
1917,169,Bi|Cu|La|O|Pb|Sr,1,0,1,2,2,1,3,2,4,0,4
1918,169,Bi|Cu|La|O|Pb|Sr,1,0,1,2,2,1,4,3,3,2,0
1919,169,Bi|Cu|La|O|Pb|Sr,1,0,1,2,2,1,1,3,2,0,0
1920,169,Bi|Cu|La|O|Pb|Sr,1,0,1,2,2,1,2,4,0,0,0
1921,169,Bi|Cu|La|O|Pb|Sr,1,0,1,2,2,1,0,0,2,2,3
1922,169,Bi|Cu|La|O|Pb|Sr,1,0,1,2,2,1,3,3,4,0,1
1923,169,Bi|Cu|La|O|Pb|Sr,1,0,1,2,2,1,2,4,1,4,3
1924,169,Bi|Cu|La|O|Pb|Sr,1,0,1,2,2,1,4,0,1,2,2
1925,169,Bi|Cu|La|O|Pb|Sr,1,0,1,2,2,1,3,0,4,2,0
1926,169,Bi|Cu|La|O|Pb|Sr,1,0,1,2,2,1,3,1,4,4,1
1927,169,Bi|Cu|La|O|Pb|Sr,1,0,1,2,2,1,1,1,2,0,2
1928,169,Bi|Cu|La|O|Pb|Sr,1,0,1,2,2,1,2,1,1,0,2
1929,68,Ba|Bi|K|O,0,1,2,0,3,0,4,3,1,4,3
1930,69,Cu|La|O,2,0,3,0,0,0,2,2,3,3,2
1931,11,Ba|Cu|Nd|O,2,2,2,2,1,2,1,4,1,3,4
1932,11,Ba|Cu|Nd|O,2,2,2,2,1,2,4,2,1,2,0
1933,11,Ba|Cu|Nd|O,2,2,2,2,1,2,1,0,2,4,4
1934,11,Ba|Cu|Nd|O,2,2,2,2,1,2,4,4,0,3,4
1935,11,Ba|Cu|Nd|O,2,2,2,2,1,2,4,1,2,0,2
1936,43,Ba|Co|Cu|O|Y,1,2,3,2,1,3,3,0,1,4,1
1937,43,Ba|Co|Cu|O|Y,1,2,3,2,1,3,4,0,4,1,1
1938,43,Ba|Co|Cu|O|Y,1,2,3,2,1,3,4,3,4,4,2
1939,43,Ba|Co|Cu|O|Y,1,2,3,2,1,3,3,1,0,4,0
1940,40,Ba|Cu|O|Y|Zn,3,1,0,2,1,0,0,4,4,1,1
1941,40,Ba|Cu|O|Y|Zn,3,1,0,2,1,0,2,0,4,0,2
1942,40,Ba|Cu|O|Y|Zn,3,1,0,2,1,0,2,2,3,0,2
1943,40,Ba|Cu|O|Y|Zn,3,1,0,2,1,0,0,4,0,4,2
1944,40,Ba|Cu|O|Y|Zn,3,1,0,2,1,0,0,3,0,3,1
1945,40,Ba|Cu|O|Y|Zn,3,1,0,2,1,0,4,0,0,1,1
1946,69,Cu|La|O,2,0,3,0,0,0,0,3,0,3,3
1947,47,Ba|Ca|Cu|O|Tl,3,2,1,1,4,1,4,2,1,2,0
1948,47,Ba|Ca|Cu|O|Tl,3,2,1,1,4,1,1,4,2,2,3
1949,204,Cu|O|Sr|Tl|Y,3,1,0,0,1,0,1,0,4,3,3
1950,194,Cu|La|O|Sr|Tl,2,1,1,1,0,2,2,1,3,4,0
1951,205,Cu|O|Pr|Sr|Tl,4,2,0,3,1,4,0,3,4,0,2
1952,113,Cu|Nd|O|Sr|Tl,0,1,4,4,4,2,0,4,1,0,1
1953,206,Cu|O|Sm|Sr|Tl,3,1,1,4,2,3,3,0,4,4,3
1954,207,Cu|Eu|O|Sr|Tl,1,4,2,0,3,4,0,1,4,2,4
1955,208,Cu|Gd|O|Sr|Tl,3,2,1,1,0,2,1,0,4,4,2
1956,209,Cu|O|Sr|Tb|Tl,1,4,2,1,0,1,1,1,1,4,3
1957,210,Cu|Dy|O|Sr|Tl,2,3,2,2,0,0,0,0,3,2,4
1958,211,Cu|Ho|O|Sr|Tl,0,0,3,2,0,3,1,1,3,1,3
1959,212,Cu|Er|O|Sr|Tl,2,3,2,1,1,4,2,1,2,0,0
1960,213,Cu|O|Sr|Tl|Tm,2,3,4,3,4,0,3,0,3,4,2
1961,214,Cu|O|Sr|Tl|Yb,1,2,4,4,3,1,2,0,1,0,4
1962,215,Cu|Lu|O|Sr|Tl,4,1,3,1,0,2,4,1,2,2,3
1963,203,Bi|Ca|Cu|Nd|O|Pb|Sr,0,2,0,3,2,0,1,1,0,2,0
1964,203,Bi|Ca|Cu|Nd|O|Pb|Sr,0,2,0,3,2,0,2,4,3,0,2
1965,203,Bi|Ca|Cu|Nd|O|Pb|Sr,0,2,0,3,2,0,0,4,2,3,2
1966,203,Bi|Ca|Cu|Nd|O|Pb|Sr,0,2,0,3,2,0,4,1,3,0,1
1967,203,Bi|Ca|Cu|Nd|O|Pb|Sr,0,2,0,3,2,0,4,0,1,2,0
1968,203,Bi|Ca|Cu|Nd|O|Pb|Sr,0,2,0,3,2,0,4,0,2,0,3
1969,216,Cu|Nd|O|Sr,4,4,1,1,0,1,1,4,2,0,2
1970,216,Cu|Nd|O|Sr,4,4,1,1,0,1,2,0,2,2,0
1971,216,Cu|Nd|O|Sr,4,4,1,1,0,1,2,3,1,4,2
1972,217,Cu|O|Pr|Sr,2,0,2,1,4,4,0,2,1,1,3
1973,90,Ca|Cu|O|Pb|Sr|Y,0,3,2,3,4,0,2,3,4,4,3
1974,102,Ba|Cu|O|Pr|Y,4,2,0,0,3,0,2,2,0,2,3
1975,142,Ba|Ca|Cu|O|Pr|Y,4,2,3,0,3,4,3,2,0,2,2
1976,142,Ba|Ca|Cu|O|Pr|Y,4,2,3,0,3,4,3,0,3,0,0
1977,142,Ba|Ca|Cu|O|Pr|Y,4,2,3,0,3,4,0,1,4,2,0
1978,102,Ba|Cu|O|Pr|Y,4,2,0,0,3,0,0,0,0,3,2
1979,102,Ba|Cu|O|Pr|Y,4,2,0,0,3,0,3,4,4,1,1
1980,102,Ba|Cu|O|Pr|Y,4,2,0,0,3,0,2,4,1,0,3
1981,102,Ba|Cu|O|Pr|Y,4,2,0,0,3,0,0,0,1,3,4
1982,102,Ba|Cu|O|Pr|Y,4,2,0,0,3,0,1,2,3,0,2
1983,218,Li|O|Ti,0,0,0,0,3,0,1,4,4,0,2
1984,172,Ba|Ca|Cu|O|Pb|Sr|Y,2,3,0,3,2,0,0,1,0,1,4
1985,172,Ba|Ca|Cu|O|Pb|Sr|Y,2,3,0,3,2,0,0,4,1,3,0
1986,90,Ca|Cu|O|Pb|Sr|Y,0,3,2,3,4,0,3,1,0,2,0
1987,172,Ba|Ca|Cu|O|Pb|Sr|Y,2,3,0,3,2,0,4,2,2,1,2
1988,172,Ba|Ca|Cu|O|Pb|Sr|Y,2,3,0,3,2,0,1,0,0,3,3
1989,172,Ba|Ca|Cu|O|Pb|Sr|Y,2,3,0,3,2,0,1,0,4,3,3
1990,172,Ba|Ca|Cu|O|Pb|Sr|Y,2,3,0,3,2,0,3,2,2,1,4
1991,8,Ba|Cu|O|Y,0,1,2,1,3,1,0,0,1,0,0
1992,219,Ba|Cu|Ga|La|O,0,2,0,0,4,4,0,3,3,0,0
1993,219,Ba|Cu|Ga|La|O,0,2,0,0,4,4,1,0,3,1,0
1994,219,Ba|Cu|Ga|La|O,0,2,0,0,4,4,0,2,3,1,2
1995,219,Ba|Cu|Ga|La|O,0,2,0,0,4,4,1,1,4,4,1
1996,219,Ba|Cu|Ga|La|O,0,2,0,0,4,4,1,4,1,1,4
1997,220,Ba|Cu|La|O|Zn,1,1,0,1,2,3,0,4,3,4,1
1998,220,Ba|Cu|La|O|Zn,1,1,0,1,2,3,4,0,3,2,2
1999,220,Ba|Cu|La|O|Zn,1,1,0,1,2,3,2,3,2,0,2
2000,220,Ba|Cu|La|O|Zn,1,1,0,1,2,3,2,0,1,1,4
2001,0,Ba|Cu|La|O,2,4,2,3,0,4,2,1,4,1,3
2002,55,Ba|Cu|Ga|O|Y,4,2,3,4,3,2,1,4,3,2,4
2003,40,Ba|Cu|O|Y|Zn,3,1,0,2,1,0,3,4,2,0,1
2004,115,Cu|O|Pb|Pr|Sr|Tl,2,3,2,3,2,0,1,2,2,0,4
2005,125,Ba|Cu|O|Tl,0,1,2,3,4,1,4,1,2,0,3
2006,0,Ba|Cu|La|O,2,4,2,3,0,4,1,2,2,4,1
2007,0,Ba|Cu|La|O,2,4,2,3,0,4,1,0,1,3,4
2008,0,Ba|Cu|La|O,2,4,2,3,0,4,0,3,0,2,3
2009,0,Ba|Cu|La|O,2,4,2,3,0,4,2,3,4,3,4
2010,0,Ba|Cu|La|O,2,4,2,3,0,4,4,2,4,2,1
2011,0,Ba|Cu|La|O,2,4,2,3,0,4,0,0,3,3,3
2012,0,Ba|Cu|La|O,2,4,2,3,0,4,3,0,2,1,3
2013,0,Ba|Cu|La|O,2,4,2,3,0,4,2,4,0,0,1
2014,0,Ba|Cu|La|O,2,4,2,3,0,4,3,0,1,3,2
2015,0,Ba|Cu|La|O,2,4,2,3,0,4,2,3,1,4,2
2016,0,Ba|Cu|La|O,2,4,2,3,0,4,1,2,3,3,1
2017,0,Ba|Cu|La|O,2,4,2,3,0,4,0,0,3,3,2
2018,0,Ba|Cu|La|O,2,4,2,3,0,4,2,2,2,0,3
2019,0,Ba|Cu|La|O,2,4,2,3,0,4,3,2,0,3,1
2020,0,Ba|Cu|La|O,2,4,2,3,0,4,3,4,1,1,3
2021,221,Ba|Cu|La|Ni|O,4,4,1,0,1,0,0,1,2,2,4
2022,221,Ba|Cu|La|Ni|O,4,4,1,0,1,0,4,4,1,2,3
2023,221,Ba|Cu|La|Ni|O,4,4,1,0,1,0,4,3,4,3,4
2024,221,Ba|Cu|La|Ni|O,4,4,1,0,1,0,2,4,0,1,4
2025,221,Ba|Cu|La|Ni|O,4,4,1,0,1,0,3,2,1,4,2
2026,221,Ba|Cu|La|Ni|O,4,4,1,0,1,0,3,3,0,4,1
2027,222,Ba|Cu|O,0,3,4,4,1,0,3,0,3,4,3
2028,39,Ba|Cu|H|O|Y,3,0,2,2,3,2,0,0,0,3,1
2029,39,Ba|Cu|H|O|Y,3,0,2,2,3,2,0,0,0,4,3
2030,39,Ba|Cu|H|O|Y,3,0,2,2,3,2,1,2,2,4,3
2031,39,Ba|Cu|H|O|Y,3,0,2,2,3,2,0,3,3,2,1
2032,125,Ba|Cu|O|Tl,0,1,2,3,4,1,1,3,0,3,2
2033,73,Ba|Cu|La|O|Tl,4,3,2,4,1,3,1,4,1,0,3
2034,73,Ba|Cu|La|O|Tl,4,3,2,4,1,3,2,3,3,2,2
2035,73,Ba|Cu|La|O|Tl,4,3,2,4,1,3,3,4,1,2,0
2036,90,Ca|Cu|O|Pb|Sr|Y,0,3,2,3,4,0,2,0,2,0,3
2037,107,Ba|Bi|O|Pb,4,1,0,0,3,4,3,3,0,0,4
2038,136,Bi|Cu|O|Pb|Sr,2,4,0,4,3,1,3,0,0,1,2
2039,118,Ce|Cu|O|Pr,3,0,4,2,3,3,3,0,2,2,4
2040,118,Ce|Cu|O|Pr,3,0,4,2,3,3,1,2,3,0,1
2041,118,Ce|Cu|O|Pr,3,0,4,2,3,3,2,2,0,2,4
2042,47,Ba|Ca|Cu|O|Tl,3,2,1,1,4,1,4,3,3,1,0
2043,47,Ba|Ca|Cu|O|Tl,3,2,1,1,4,1,0,3,0,3,3
2044,49,Bi|Ca|Cu|O|Sr,2,0,2,4,3,0,1,4,1,0,4
2045,47,Ba|Ca|Cu|O|Tl,3,2,1,1,4,1,3,3,3,4,0
2046,223,Ca|Cu|O|Pr|Sr|Tl,0,1,2,3,4,2,2,2,3,4,3
2047,27,Cu|La|O|Pr|Sr,1,1,3,0,0,3,3,0,0,2,1
2048,71,Bi|Ca|Cu|O|Pb|Sr,2,0,4,1,4,1,1,2,2,0,4
2049,71,Bi|Ca|Cu|O|Pb|Sr,2,0,4,1,4,1,0,3,4,1,3
2050,70,Bi|Ca|Cu|O|Pb|Sb|Sr,1,0,4,1,0,0,4,0,2,4,4
2051,70,Bi|Ca|Cu|O|Pb|Sb|Sr,1,0,4,1,0,0,0,0,2,4,1
2052,224,Bi|Ca|Cu|O|Pb|Sr|V,2,0,0,4,2,0,0,0,1,4,3
2053,224,Bi|Ca|Cu|O|Pb|Sr|V,2,0,0,4,2,0,2,2,4,0,3
2054,225,Bi|Ca|Cu|Mo|O|Pb|Sr,3,3,4,4,3,2,0,2,1,3,4
2055,225,Bi|Ca|Cu|Mo|O|Pb|Sr,3,3,4,4,3,2,0,0,0,0,3
2056,226,Bi|Ca|Cu|O|Pb|Sr|W,3,1,1,0,0,1,3,2,3,1,1
2057,226,Bi|Ca|Cu|O|Pb|Sr|W,3,1,1,0,0,1,1,3,0,4,2
2058,74,Ce|Cu|Nd|O,3,3,3,3,3,1,3,4,3,3,3
2059,133,Ba|Ce|Cu|Eu|La|O|Sr,0,1,0,0,4,2,1,4,0,0,2
2060,67,Ce|Cu|Nd|O|Sr,1,4,2,2,3,0,0,1,3,4,4
2061,8,Ba|Cu|O|Y,0,1,2,1,3,1,4,0,4,0,1
2062,4,Ba|Ca|Cu|O|Y,3,0,0,0,2,3,2,4,2,2,1
2063,227,Ba|Ca|Cu|O|Pb|Sb,2,0,0,0,2,0,1,1,1,3,4
2064,228,Ba|Cu|O|W|Y,0,0,1,4,0,2,2,3,1,3,2
2065,228,Ba|Cu|O|W|Y,0,0,1,4,0,2,3,2,2,3,0
2066,229,Ba|Ca|Cu|La|O|Zn,2,1,2,4,1,0,2,4,1,0,0
2067,229,Ba|Ca|Cu|La|O|Zn,2,1,2,4,1,0,3,3,3,0,4
2068,229,Ba|Ca|Cu|La|O|Zn,2,1,2,4,1,0,4,3,3,2,4
2069,229,Ba|Ca|Cu|La|O|Zn,2,1,2,4,1,0,3,1,0,4,4
2070,62,Ba|Ca|Cu|La|O,1,3,2,0,1,3,2,1,0,3,4
2071,230,Ba|Ca|Cu|La|Ni|O,0,3,0,0,3,1,1,0,2,2,1
2072,230,Ba|Ca|Cu|La|Ni|O,0,3,0,0,3,1,3,0,1,2,2
2073,230,Ba|Ca|Cu|La|Ni|O,0,3,0,0,3,1,4,0,2,2,1
2074,230,Ba|Ca|Cu|La|Ni|O,0,3,0,0,3,1,1,1,0,2,2
2075,47,Ba|Ca|Cu|O|Tl,3,2,1,1,4,1,2,1,4,0,4
2076,0,Ba|Cu|La|O,2,4,2,3,0,4,1,2,2,2,3
2077,0,Ba|Cu|La|O,2,4,2,3,0,4,0,1,3,3,2
2078,0,Ba|Cu|La|O,2,4,2,3,0,4,3,0,1,4,0
2079,0,Ba|Cu|La|O,2,4,2,3,0,4,4,0,1,0,2
2080,67,Ce|Cu|Nd|O|Sr,1,4,2,2,3,0,0,0,0,4,4
2081,67,Ce|Cu|Nd|O|Sr,1,4,2,2,3,0,2,2,3,0,1
2082,67,Ce|Cu|Nd|O|Sr,1,4,2,2,3,0,2,2,3,2,3
2083,104,Bi|Ca|Cu|O|Pr,2,0,2,2,4,1,2,3,2,3,1
2084,231,Bi|Ca|Cu|Nd|O,4,3,0,1,0,2,0,4,3,3,2
2085,232,Bi|Ca|Cu|O|Sm,0,1,4,1,1,2,0,0,0,0,4
2086,233,Bi|Ca|Cu|Eu|O,2,2,1,3,4,0,4,2,4,3,0
2087,234,Bi|Ca|Cu|Gd|O,0,0,3,2,4,4,1,1,4,4,2
2088,71,Bi|Ca|Cu|O|Pb|Sr,2,0,4,1,4,1,3,0,0,0,3
2089,235,Bi|Ca|Cu|Ga|O|Pb|Sr,4,0,4,2,0,3,1,3,1,0,1
2090,235,Bi|Ca|Cu|Ga|O|Pb|Sr,4,0,4,2,0,3,0,1,3,1,1
2091,235,Bi|Ca|Cu|Ga|O|Pb|Sr,4,0,4,2,0,3,0,3,0,0,4
2092,235,Bi|Ca|Cu|Ga|O|Pb|Sr,4,0,4,2,0,3,0,4,2,1,0
2093,235,Bi|Ca|Cu|Ga|O|Pb|Sr,4,0,4,2,0,3,4,0,0,2,3
2094,235,Bi|Ca|Cu|Ga|O|Pb|Sr,4,0,4,2,0,3,0,4,2,4,0
2095,235,Bi|Ca|Cu|Ga|O|Pb|Sr,4,0,4,2,0,3,1,1,1,4,3
2096,236,Bi|Cu|Ga|O|Pb|Sr,3,3,1,0,0,1,4,2,4,0,1
2097,0,Ba|Cu|La|O,2,4,2,3,0,4,2,3,3,0,3
2098,237,Ba|Cu|La|O|Sr,0,4,3,1,3,0,4,0,1,1,3
2099,237,Ba|Cu|La|O|Sr,0,4,3,1,3,0,2,4,2,2,2
2100,237,Ba|Cu|La|O|Sr,0,4,3,1,3,0,3,2,3,0,2
2101,237,Ba|Cu|La|O|Sr,0,4,3,1,3,0,1,4,3,4,2
2102,2,Cu|La|O|Sr,1,2,3,2,2,0,2,1,4,3,1
2103,238,Ba|Ca|Cu|O|Sr|Yb,1,1,3,1,2,2,1,2,2,3,4
2104,238,Ba|Ca|Cu|O|Sr|Yb,1,1,3,1,2,2,3,0,4,4,1
2105,238,Ba|Ca|Cu|O|Sr|Yb,1,1,3,1,2,2,1,0,3,1,4
2106,238,Ba|Ca|Cu|O|Sr|Yb,1,1,3,1,2,2,2,1,3,1,0
2107,69,Cu|La|O,2,0,3,0,0,0,0,3,4,3,2
2108,8,Ba|Cu|O|Y,0,1,2,1,3,1,0,3,2,4,4
2109,8,Ba|Cu|O|Y,0,1,2,1,3,1,1,0,0,0,3
2110,8,Ba|Cu|O|Y,0,1,2,1,3,1,0,1,0,0,1
2111,8,Ba|Cu|O|Y,0,1,2,1,3,1,1,4,4,2,0
2112,8,Ba|Cu|O|Y,0,1,2,1,3,1,3,1,0,0,0
2113,8,Ba|Cu|O|Y,0,1,2,1,3,1,1,1,1,1,1
2114,70,Bi|Ca|Cu|O|Pb|Sb|Sr,1,0,4,1,0,0,3,0,1,1,1
2115,70,Bi|Ca|Cu|O|Pb|Sb|Sr,1,0,4,1,0,0,2,3,4,1,2
2116,70,Bi|Ca|Cu|O|Pb|Sb|Sr,1,0,4,1,0,0,4,2,3,3,2
2117,239,C|Rb,0,3,3,1,1,3,3,3,1,1,4
2118,240,C|K,4,2,4,0,0,4,0,4,0,1,0
2119,239,C|Rb,0,3,3,1,1,3,1,3,1,2,0
2120,239,C|Rb,0,3,3,1,1,3,3,2,3,2,0
2121,240,C|K,4,2,4,0,0,4,4,4,4,2,2
2122,241,C|Cs,0,2,1,0,4,2,0,0,4,2,3
2123,242,C|Cs|Rb,1,1,1,1,4,2,1,0,1,0,1
2124,242,C|Cs|Rb,1,1,1,1,4,2,0,0,3,0,4
2125,239,C|Rb,0,3,3,1,1,3,3,4,1,2,0
2126,239,C|Rb,0,3,3,1,1,3,3,3,0,4,3
2127,239,C|Rb,0,3,3,1,1,3,4,3,0,0,1
2128,240,C|K,4,2,4,0,0,4,1,2,0,3,3
2129,240,C|K,4,2,4,0,0,4,4,4,0,0,2
2130,240,C|K,4,2,4,0,0,4,1,1,0,1,1
2131,47,Ba|Ca|Cu|O|Tl,3,2,1,1,4,1,2,0,1,1,1
2132,47,Ba|Ca|Cu|O|Tl,3,2,1,1,4,1,4,1,0,1,4
2133,47,Ba|Ca|Cu|O|Tl,3,2,1,1,4,1,1,2,1,3,4
2134,47,Ba|Ca|Cu|O|Tl,3,2,1,1,4,1,1,2,4,0,4
2135,2,Cu|La|O|Sr,1,2,3,2,2,0,3,1,4,3,4
2136,2,Cu|La|O|Sr,1,2,3,2,2,0,4,2,3,0,3
2137,243,Cu|F|Nd|O,1,3,4,2,2,4,0,0,2,4,4
2138,243,Cu|F|Nd|O,1,3,4,2,2,4,4,1,2,2,2
2139,243,Cu|F|Nd|O,1,3,4,2,2,4,3,2,2,2,1
2140,243,Cu|F|Nd|O,1,3,4,2,2,4,0,2,1,3,2
2141,90,Ca|Cu|O|Pb|Sr|Y,0,3,2,3,4,0,1,0,0,4,0
2142,90,Ca|Cu|O|Pb|Sr|Y,0,3,2,3,4,0,2,3,1,1,4
2143,103,Bi|Ca|Cu|La|O,2,3,1,0,1,2,1,1,1,2,4
2144,104,Bi|Ca|Cu|O|Pr,2,0,2,2,4,1,4,0,0,2,3
2145,231,Bi|Ca|Cu|Nd|O,4,3,0,1,0,2,4,2,4,1,3
2146,232,Bi|Ca|Cu|O|Sm,0,1,4,1,1,2,2,3,1,4,0
2147,233,Bi|Ca|Cu|Eu|O,2,2,1,3,4,0,0,2,0,0,0
2148,234,Bi|Ca|Cu|Gd|O,0,0,3,2,4,4,3,4,1,0,1
2149,244,Bi|Ca|Cu|La|O|Pr,4,1,3,4,1,3,3,3,4,4,1
2150,245,Bi|Ca|Cu|La|Nd|O,0,1,4,4,1,1,2,1,2,0,2
2151,246,Bi|Ca|Cu|La|O|Sm,2,4,4,1,0,3,2,0,0,3,4
2152,247,Bi|Ca|Cu|Eu|La|O,3,3,4,4,2,0,2,4,2,3,2
2153,248,Bi|Ca|Cu|Gd|La|O,4,0,0,2,1,0,1,3,0,4,4
2154,36,Bi|Cu|O|Sr,2,2,4,1,2,0,0,4,3,1,0
2155,8,Ba|Cu|O|Y,0,1,2,1,3,1,3,3,0,1,3
2156,90,Ca|Cu|O|Pb|Sr|Y,0,3,2,3,4,0,0,0,4,1,2
2157,192,Ca|Cu|In|O|Pb|Sr|Y,3,0,0,0,0,4,0,3,4,0,2
2158,13,Ba|Cu|Gd|O,2,1,0,3,4,0,0,1,1,3,0
2159,249,Bi|Ca|Cu|O|Pr|Sr,4,2,4,2,2,3,3,2,0,0,2
2160,249,Bi|Ca|Cu|O|Pr|Sr,4,2,4,2,2,3,1,4,4,3,1
2161,249,Bi|Ca|Cu|O|Pr|Sr,4,2,4,2,2,3,3,2,3,4,4
2162,151,Bi|Ca|Cu|Gd|O|Sr,1,4,1,4,4,4,0,3,0,1,2
2163,151,Bi|Ca|Cu|Gd|O|Sr,1,4,1,4,4,4,4,4,0,3,4
2164,151,Bi|Ca|Cu|Gd|O|Sr,1,4,1,4,4,4,1,0,0,0,0
2165,151,Bi|Ca|Cu|Gd|O|Sr,1,4,1,4,4,4,3,2,4,0,0
2166,83,Bi|Ca|Cu|O|Sr|Y,4,3,2,2,1,2,2,3,1,1,1
2167,83,Bi|Ca|Cu|O|Sr|Y,4,3,2,2,1,2,2,1,0,4,2
2168,83,Bi|Ca|Cu|O|Sr|Y,4,3,2,2,1,2,2,3,3,1,1
2169,83,Bi|Ca|Cu|O|Sr|Y,4,3,2,2,1,2,0,3,1,4,0
2170,83,Bi|Ca|Cu|O|Sr|Y,4,3,2,2,1,2,4,4,3,0,3
2171,83,Bi|Ca|Cu|O|Sr|Y,4,3,2,2,1,2,2,2,0,0,4
2172,45,Ba|Cu|Li|O|Y,1,0,0,2,3,1,3,4,2,1,3
2173,45,Ba|Cu|Li|O|Y,1,0,0,2,3,1,4,4,0,0,1
2174,45,Ba|Cu|Li|O|Y,1,0,0,2,3,1,0,3,3,2,0
2175,250,Ba|Cu|Na|O|Y,1,2,1,3,0,4,1,3,2,2,3
2176,250,Ba|Cu|Na|O|Y,1,2,1,3,0,4,0,2,1,1,1
2177,250,Ba|Cu|Na|O|Y,1,2,1,3,0,4,1,4,1,2,1
2178,124,Ba|Cu|K|O|Y,4,0,1,4,0,2,3,4,0,3,4
2179,124,Ba|Cu|K|O|Y,4,0,1,4,0,2,0,2,0,3,1
2180,124,Ba|Cu|K|O|Y,4,0,1,4,0,2,1,4,4,4,0
2181,49,Bi|Ca|Cu|O|Sr,2,0,2,4,3,0,0,1,4,1,2
2182,251,Bi|Ca|Cu|Ga|O|Sr,3,1,3,3,4,3,1,0,3,4,2
2183,251,Bi|Ca|Cu|Ga|O|Sr,3,1,3,3,4,3,0,1,1,1,4
2184,251,Bi|Ca|Cu|Ga|O|Sr,3,1,3,3,4,3,1,4,2,3,4
2185,49,Bi|Ca|Cu|O|Sr,2,0,2,4,3,0,0,2,2,4,1
2186,49,Bi|Ca|Cu|O|Sr,2,0,2,4,3,0,3,1,1,1,4
2187,8,Ba|Cu|O|Y,0,1,2,1,3,1,2,3,2,4,4
2188,252,Cu|Eu|O|Pb|Sr,4,0,4,3,0,0,0,2,2,0,1
2189,253,Cu|Dy|O|Pb|Sr,4,0,4,0,4,1,2,4,4,3,2
2190,254,Cu|O|Pb|Sr|Y,4,2,0,3,3,0,0,3,4,4,2
2191,49,Bi|Ca|Cu|O|Sr,2,0,2,4,3,0,3,4,0,2,4
2192,47,Ba|Ca|Cu|O|Tl,3,2,1,1,4,1,0,2,0,0,1
2193,47,Ba|Ca|Cu|O|Tl,3,2,1,1,4,1,1,1,0,3,3
2194,47,Ba|Ca|Cu|O|Tl,3,2,1,1,4,1,3,3,3,4,2
2195,47,Ba|Ca|Cu|O|Tl,3,2,1,1,4,1,4,2,2,2,2
2196,47,Ba|Ca|Cu|O|Tl,3,2,1,1,4,1,3,0,0,4,4
2197,45,Ba|Cu|Li|O|Y,1,0,0,2,3,1,1,3,2,0,0
2198,45,Ba|Cu|Li|O|Y,1,0,0,2,3,1,0,3,4,0,2
2199,45,Ba|Cu|Li|O|Y,1,0,0,2,3,1,2,4,0,1,4
2200,45,Ba|Cu|Li|O|Y,1,0,0,2,3,1,0,1,1,0,1
2201,45,Ba|Cu|Li|O|Y,1,0,0,2,3,1,0,1,1,3,2
2202,216,Cu|Nd|O|Sr,4,4,1,1,0,1,0,1,4,2,4
2203,125,Ba|Cu|O|Tl,0,1,2,3,4,1,2,1,3,4,0
2204,125,Ba|Cu|O|Tl,0,1,2,3,4,1,3,1,2,4,0
2205,125,Ba|Cu|O|Tl,0,1,2,3,4,1,4,3,4,2,2
2206,125,Ba|Cu|O|Tl,0,1,2,3,4,1,0,0,0,0,2
2207,125,Ba|Cu|O|Tl,0,1,2,3,4,1,3,1,1,3,2
2208,125,Ba|Cu|O|Tl,0,1,2,3,4,1,2,4,4,3,4
2209,125,Ba|Cu|O|Tl,0,1,2,3,4,1,3,1,3,3,2
2210,125,Ba|Cu|O|Tl,0,1,2,3,4,1,3,2,3,4,1
2211,8,Ba|Cu|O|Y,0,1,2,1,3,1,3,1,3,1,2
2212,57,Ba|Cu|La|O|Y,4,0,3,4,0,1,0,4,4,2,3
2213,57,Ba|Cu|La|O|Y,4,0,3,4,0,1,2,2,1,4,1
2214,57,Ba|Cu|La|O|Y,4,0,3,4,0,1,0,2,3,0,3
2215,57,Ba|Cu|La|O|Y,4,0,3,4,0,1,2,2,1,2,4
2216,57,Ba|Cu|La|O|Y,4,0,3,4,0,1,3,4,2,3,1
2217,57,Ba|Cu|La|O|Y,4,0,3,4,0,1,1,0,0,1,0
2218,94,Ca|Cu|Nd|O|Pb|Sr,2,4,1,2,4,3,3,3,2,2,2
2219,95,Ca|Cu|O|Pb|Sm|Sr,3,3,4,0,3,2,4,0,3,1,2
2220,96,Ca|Cu|Eu|O|Pb|Sr,2,3,4,4,4,4,0,0,2,0,3
2221,97,Ca|Cu|Gd|O|Pb|Sr,1,1,3,4,1,3,3,3,4,4,2
2222,255,Ca|Cu|Dy|O|Pb|Sr,2,2,0,4,1,4,0,1,4,2,1
2223,85,Ca|Cu|Ho|O|Pb|Sr,2,2,3,2,1,4,0,0,1,1,0
2224,86,Ca|Cu|Er|O|Pb|Sr,4,4,4,2,0,4,1,4,0,4,3
2225,87,Ca|Cu|O|Pb|Sr|Tm,0,2,0,3,0,0,3,4,4,1,0
2226,8,Ba|Cu|O|Y,0,1,2,1,3,1,0,0,3,3,0
2227,49,Bi|Ca|Cu|O|Sr,2,0,2,4,3,0,0,0,4,1,2
2228,125,Ba|Cu|O|Tl,0,1,2,3,4,1,1,3,0,4,0
2229,2,Cu|La|O|Sr,1,2,3,2,2,0,3,2,2,1,3
2230,2,Cu|La|O|Sr,1,2,3,2,2,0,2,0,4,1,2
2231,2,Cu|La|O|Sr,1,2,3,2,2,0,4,3,0,4,1
2232,2,Cu|La|O|Sr,1,2,3,2,2,0,0,0,1,4,0
2233,2,Cu|La|O|Sr,1,2,3,2,2,0,4,3,1,3,3
2234,77,Ba|Cu|Gd|Ni|O,3,2,4,3,4,0,3,4,2,4,3
2235,77,Ba|Cu|Gd|Ni|O,3,2,4,3,4,0,3,1,0,3,0
2236,77,Ba|Cu|Gd|Ni|O,3,2,4,3,4,0,4,4,3,2,1
2237,53,Ba|Cu|Fe|Gd|O,4,1,2,4,3,1,3,3,4,1,2
2238,53,Ba|Cu|Fe|Gd|O,4,1,2,4,3,1,0,0,2,2,3
2239,53,Ba|Cu|Fe|Gd|O,4,1,2,4,3,1,0,3,1,3,4
2240,61,Ba|Co|Cu|Gd|O,4,2,3,1,1,4,4,4,3,4,2
2241,61,Ba|Co|Cu|Gd|O,4,2,3,1,1,4,1,2,1,3,3
2242,61,Ba|Co|Cu|Gd|O,4,2,3,1,1,4,3,3,4,3,4
2243,243,Cu|F|Nd|O,1,3,4,2,2,4,3,1,4,4,3
2244,256,Al|Ba|Ca|Cu|O|Y,0,4,0,1,1,2,0,4,0,0,1
2245,256,Al|Ba|Ca|Cu|O|Y,0,4,0,1,1,2,3,0,2,1,4
2246,256,Al|Ba|Ca|Cu|O|Y,0,4,0,1,1,2,4,3,3,0,2
2247,256,Al|Ba|Ca|Cu|O|Y,0,4,0,1,1,2,2,0,0,3,0
2248,256,Al|Ba|Ca|Cu|O|Y,0,4,0,1,1,2,0,1,4,4,1
2249,256,Al|Ba|Ca|Cu|O|Y,0,4,0,1,1,2,1,3,1,3,1
2250,49,Bi|Ca|Cu|O|Sr,2,0,2,4,3,0,2,2,2,3,3
2251,99,Bi|Ca|Cu|Na|O|Sr,1,4,0,1,2,3,4,2,4,2,0
2252,99,Bi|Ca|Cu|Na|O|Sr,1,4,0,1,2,3,1,2,4,2,3
2253,99,Bi|Ca|Cu|Na|O|Sr,1,4,0,1,2,3,0,3,3,2,4
2254,99,Bi|Ca|Cu|Na|O|Sr,1,4,0,1,2,3,4,3,0,2,1
2255,99,Bi|Ca|Cu|Na|O|Sr,1,4,0,1,2,3,0,2,4,1,0
2256,99,Bi|Ca|Cu|Na|O|Sr,1,4,0,1,2,3,4,3,4,0,4
2257,99,Bi|Ca|Cu|Na|O|Sr,1,4,0,1,2,3,4,0,4,0,2
2258,99,Bi|Ca|Cu|Na|O|Sr,1,4,0,1,2,3,4,2,3,0,2
2259,8,Ba|Cu|O|Y,0,1,2,1,3,1,1,4,1,3,3
2260,142,Ba|Ca|Cu|O|Pr|Y,4,2,3,0,3,4,1,4,4,2,4
2261,142,Ba|Ca|Cu|O|Pr|Y,4,2,3,0,3,4,1,3,3,2,0
2262,142,Ba|Ca|Cu|O|Pr|Y,4,2,3,0,3,4,3,1,1,0,1
2263,142,Ba|Ca|Cu|O|Pr|Y,4,2,3,0,3,4,2,3,4,2,0
2264,49,Bi|Ca|Cu|O|Sr,2,0,2,4,3,0,2,2,2,2,3
2265,83,Bi|Ca|Cu|O|Sr|Y,4,3,2,2,1,2,2,0,0,1,4
2266,83,Bi|Ca|Cu|O|Sr|Y,4,3,2,2,1,2,3,0,3,3,0
2267,83,Bi|Ca|Cu|O|Sr|Y,4,3,2,2,1,2,1,4,4,0,1
2268,49,Bi|Ca|Cu|O|Sr,2,0,2,4,3,0,1,3,1,3,4
2269,83,Bi|Ca|Cu|O|Sr|Y,4,3,2,2,1,2,3,4,4,3,2
2270,68,Ba|Bi|K|O,0,1,2,0,3,0,1,1,2,2,3
2271,68,Ba|Bi|K|O,0,1,2,0,3,0,2,2,4,3,1
2272,257,Bi|Ca|Cu|O|Sn|Sr,2,4,1,3,4,1,0,1,1,3,2
2273,49,Bi|Ca|Cu|O|Sr,2,0,2,4,3,0,4,0,0,0,2
2274,102,Ba|Cu|O|Pr|Y,4,2,0,0,3,0,4,4,3,3,2
2275,102,Ba|Cu|O|Pr|Y,4,2,0,0,3,0,2,0,3,4,1
2276,102,Ba|Cu|O|Pr|Y,4,2,0,0,3,0,4,4,0,2,2
2277,102,Ba|Cu|O|Pr|Y,4,2,0,0,3,0,4,0,0,0,0
2278,102,Ba|Cu|O|Pr|Y,4,2,0,0,3,0,2,0,3,1,0
2279,49,Bi|Ca|Cu|O|Sr,2,0,2,4,3,0,3,3,2,0,1
2280,258,Bi|Ca|Cu|I|O|Sr,3,3,1,0,2,1,1,4,2,2,1
2281,258,Bi|Ca|Cu|I|O|Sr,3,3,1,0,2,1,2,4,3,0,3
2282,8,Ba|Cu|O|Y,0,1,2,1,3,1,4,2,4,4,2
2283,102,Ba|Cu|O|Pr|Y,4,2,0,0,3,0,4,4,3,4,2
2284,102,Ba|Cu|O|Pr|Y,4,2,0,0,3,0,1,3,1,0,0
2285,102,Ba|Cu|O|Pr|Y,4,2,0,0,3,0,0,0,0,0,0
2286,102,Ba|Cu|O|Pr|Y,4,2,0,0,3,0,3,4,1,0,2
2287,9,Ba|Cu|Er|O,2,0,3,4,4,4,3,4,0,2,2
2288,183,Ba|Cu|Er|O|Pr,1,3,4,2,0,4,0,4,0,1,0
2289,183,Ba|Cu|Er|O|Pr,1,3,4,2,0,4,4,3,0,3,2
2290,183,Ba|Cu|Er|O|Pr,1,3,4,2,0,4,2,4,4,3,4
2291,183,Ba|Cu|Er|O|Pr,1,3,4,2,0,4,0,4,3,4,1
2292,183,Ba|Cu|Er|O|Pr,1,3,4,2,0,4,2,4,3,1,3
2293,13,Ba|Cu|Gd|O,2,1,0,3,4,0,3,0,2,2,0
2294,177,Ba|Cu|Gd|O|Pr,2,2,1,3,3,3,0,2,4,1,0
2295,177,Ba|Cu|Gd|O|Pr,2,2,1,3,3,3,4,4,2,1,1
2296,177,Ba|Cu|Gd|O|Pr,2,2,1,3,3,3,2,2,1,0,3
2297,177,Ba|Cu|Gd|O|Pr,2,2,1,3,3,3,0,3,3,0,0
2298,17,Ba|Cu|O|Sm,4,0,0,3,4,1,0,1,2,1,3
2299,180,Ba|Cu|O|Pr|Sm,0,4,1,0,2,3,2,1,0,4,4
2300,180,Ba|Cu|O|Pr|Sm,0,4,1,0,2,3,4,3,0,4,0
2301,180,Ba|Cu|O|Pr|Sm,0,4,1,0,2,3,2,0,4,1,0
2302,180,Ba|Cu|O|Pr|Sm,0,4,1,0,2,3,1,0,4,0,4
2303,259,Ce|Cu|Gd|Nd|O,2,0,2,0,4,4,3,2,1,2,3
2304,259,Ce|Cu|Gd|Nd|O,2,0,2,0,4,4,4,2,1,2,3
2305,259,Ce|Cu|Gd|Nd|O,2,0,2,0,4,4,2,1,0,3,4
2306,259,Ce|Cu|Gd|Nd|O,2,0,2,0,4,4,0,4,4,3,3
2307,74,Ce|Cu|Nd|O,3,3,3,3,3,1,4,1,4,0,4
2308,260,Ce|Cu|Nd|O|Y,4,2,0,0,4,0,2,1,1,1,3
2309,260,Ce|Cu|Nd|O|Y,4,2,0,0,4,0,4,3,1,4,3
2310,165,Ce|Cu|La|Nd|O,3,3,0,2,2,4,0,4,3,1,1
2311,165,Ce|Cu|La|Nd|O,3,3,0,2,2,4,2,0,3,1,2
2312,165,Ce|Cu|La|Nd|O,3,3,0,2,2,4,4,2,3,2,2
2313,165,Ce|Cu|La|Nd|O,3,3,0,2,2,4,4,2,1,1,4
2314,165,Ce|Cu|La|Nd|O,3,3,0,2,2,4,2,3,3,0,2
2315,165,Ce|Cu|La|Nd|O,3,3,0,2,2,4,2,3,3,2,1
2316,165,Ce|Cu|La|Nd|O,3,3,0,2,2,4,3,1,4,1,4
2317,261,Ba|Cu|O|Pr|Tb,0,1,2,4,0,1,3,4,0,0,0
2318,261,Ba|Cu|O|Pr|Tb,0,1,2,4,0,1,3,4,2,3,2
2319,261,Ba|Cu|O|Pr|Tb,0,1,2,4,0,1,4,1,2,3,0
2320,101,Bi|Ca|Cu|K|O|Sr,4,2,2,0,2,1,3,0,3,1,4
2321,101,Bi|Ca|Cu|K|O|Sr,4,2,2,0,2,1,4,2,2,2,1
2322,101,Bi|Ca|Cu|K|O|Sr,4,2,2,0,2,1,1,4,4,1,4
2323,101,Bi|Ca|Cu|K|O|Sr,4,2,2,0,2,1,0,4,2,0,1
2324,101,Bi|Ca|Cu|K|O|Sr,4,2,2,0,2,1,2,4,1,0,4
2325,239,C|Rb,0,3,3,1,1,3,3,3,1,2,4
2326,240,C|K,4,2,4,0,0,4,4,3,0,1,3
2327,262,Ba|Bi|K|O|Pb,2,2,0,2,3,0,1,3,1,4,1
2328,262,Ba|Bi|K|O|Pb,2,2,0,2,3,0,3,3,3,1,4
2329,262,Ba|Bi|K|O|Pb,2,2,0,2,3,0,3,1,1,4,1
2330,262,Ba|Bi|K|O|Pb,2,2,0,2,3,0,0,2,1,1,2
2331,262,Ba|Bi|K|O|Pb,2,2,0,2,3,0,2,2,4,3,0
2332,262,Ba|Bi|K|O|Pb,2,2,0,2,3,0,0,0,4,1,2
2333,262,Ba|Bi|K|O|Pb,2,2,0,2,3,0,3,2,1,3,0
2334,262,Ba|Bi|K|O|Pb,2,2,0,2,3,0,2,3,4,0,2
2335,262,Ba|Bi|K|O|Pb,2,2,0,2,3,0,2,3,3,1,0
2336,125,Ba|Cu|O|Tl,0,1,2,3,4,1,0,0,4,1,2
2337,263,Ba|Cu|O|Tl|Zn,1,0,4,0,1,4,0,4,4,1,3
2338,167,Ba|Cd|Cu|O|Tl,4,3,2,4,4,3,1,3,4,4,1
2339,264,Ba|Cu|Hg|O|Tl,4,1,2,3,0,4,1,3,0,3,1
2340,12,Ba|Cu|Eu|O,2,3,0,3,4,4,3,3,2,3,0
2341,154,Ba|Cu|Eu|O|Pr,3,1,1,2,0,1,4,3,3,4,4
2342,154,Ba|Cu|Eu|O|Pr,3,1,1,2,0,1,4,4,2,2,2
2343,154,Ba|Cu|Eu|O|Pr,3,1,1,2,0,1,1,3,0,1,2
2344,154,Ba|Cu|Eu|O|Pr,3,1,1,2,0,1,4,3,2,3,4
2345,154,Ba|Cu|Eu|O|Pr,3,1,1,2,0,1,0,3,4,0,2
2346,172,Ba|Ca|Cu|O|Pb|Sr|Y,2,3,0,3,2,0,3,1,3,4,2
2347,8,Ba|Cu|O|Y,0,1,2,1,3,1,1,1,0,2,0
2348,8,Ba|Cu|O|Y,0,1,2,1,3,1,3,2,0,0,4
2349,8,Ba|Cu|O|Y,0,1,2,1,3,1,0,0,2,0,3
2350,8,Ba|Cu|O|Y,0,1,2,1,3,1,2,3,1,2,3
2351,265,Bi|Ca|Cu|In|O|Pb|Sr,0,3,3,0,2,1,1,3,4,4,4
2352,265,Bi|Ca|Cu|In|O|Pb|Sr,0,3,3,0,2,1,4,3,1,3,2
2353,265,Bi|Ca|Cu|In|O|Pb|Sr,0,3,3,0,2,1,4,2,1,2,0
2354,265,Bi|Ca|Cu|In|O|Pb|Sr,0,3,3,0,2,1,4,2,1,4,3
2355,265,Bi|Ca|Cu|In|O|Pb|Sr,0,3,3,0,2,1,3,0,1,1,3
2356,71,Bi|Ca|Cu|O|Pb|Sr,2,0,4,1,4,1,2,0,1,2,1
2357,265,Bi|Ca|Cu|In|O|Pb|Sr,0,3,3,0,2,1,0,4,1,2,3
2358,265,Bi|Ca|Cu|In|O|Pb|Sr,0,3,3,0,2,1,1,3,2,4,4
2359,265,Bi|Ca|Cu|In|O|Pb|Sr,0,3,3,0,2,1,0,1,2,0,2
2360,265,Bi|Ca|Cu|In|O|Pb|Sr,0,3,3,0,2,1,4,0,3,3,2
2361,17,Ba|Cu|O|Sm,4,0,0,3,4,1,1,3,0,1,4
2362,180,Ba|Cu|O|Pr|Sm,0,4,1,0,2,3,3,1,3,4,1
2363,180,Ba|Cu|O|Pr|Sm,0,4,1,0,2,3,2,3,2,0,3
2364,180,Ba|Cu|O|Pr|Sm,0,4,1,0,2,3,2,0,4,3,0
2365,10,Ba|Cu|O|Tm,3,0,0,3,2,2,1,4,3,1,0
2366,184,Ba|Cu|O|Pr|Tm,3,3,4,0,1,3,4,0,4,2,1
2367,184,Ba|Cu|O|Pr|Tm,3,3,4,0,1,3,2,1,0,1,0
2368,184,Ba|Cu|O|Pr|Tm,3,3,4,0,1,3,1,0,2,1,1
2369,184,Ba|Cu|O|Pr|Tm,3,3,4,0,1,3,2,0,2,2,0
2370,184,Ba|Cu|O|Pr|Tm,3,3,4,0,1,3,4,0,1,3,2
2371,13,Ba|Cu|Gd|O,2,1,0,3,4,0,0,0,2,2,0
2372,177,Ba|Cu|Gd|O|Pr,2,2,1,3,3,3,3,0,3,0,3
2373,177,Ba|Cu|Gd|O|Pr,2,2,1,3,3,3,1,1,1,3,0
2374,177,Ba|Cu|Gd|O|Pr,2,2,1,3,3,3,1,4,4,0,4
2375,177,Ba|Cu|Gd|O|Pr,2,2,1,3,3,3,2,3,2,0,1
2376,120,Bi|Cu|La|O|Sr,1,3,1,3,0,0,2,2,1,4,3
2377,120,Bi|Cu|La|O|Sr,1,3,1,3,0,0,1,0,2,1,3
2378,71,Bi|Ca|Cu|O|Pb|Sr,2,0,4,1,4,1,2,1,3,3,4
2379,71,Bi|Ca|Cu|O|Pb|Sr,2,0,4,1,4,1,2,3,2,1,2
2380,71,Bi|Ca|Cu|O|Pb|Sr,2,0,4,1,4,1,1,4,0,3,2
2381,71,Bi|Ca|Cu|O|Pb|Sr,2,0,4,1,4,1,3,4,4,3,3
2382,71,Bi|Ca|Cu|O|Pb|Sr,2,0,4,1,4,1,2,4,3,0,2
2383,71,Bi|Ca|Cu|O|Pb|Sr,2,0,4,1,4,1,0,4,1,4,1
2384,71,Bi|Ca|Cu|O|Pb|Sr,2,0,4,1,4,1,0,3,4,4,4
2385,266,Cu|O|Re|Sr|Y,0,3,4,4,0,2,1,0,2,4,3
2386,266,Cu|O|Re|Sr|Y,0,3,4,4,0,2,3,4,0,3,4
2387,266,Cu|O|Re|Sr|Y,0,3,4,4,0,2,4,4,3,1,4
2388,266,Cu|O|Re|Sr|Y,0,3,4,4,0,2,3,3,3,4,4
2389,266,Cu|O|Re|Sr|Y,0,3,4,4,0,2,1,3,0,4,2
2390,266,Cu|O|Re|Sr|Y,0,3,4,4,0,2,2,1,4,3,3
2391,266,Cu|O|Re|Sr|Y,0,3,4,4,0,2,0,1,2,1,2
2392,266,Cu|O|Re|Sr|Y,0,3,4,4,0,2,3,4,3,1,3
2393,267,Cu|O|Sr|W|Y,0,2,2,1,4,4,0,1,2,2,1
2394,267,Cu|O|Sr|W|Y,0,2,2,1,4,4,4,1,0,4,1
2395,267,Cu|O|Sr|W|Y,0,2,2,1,4,4,0,0,1,0,1
2396,267,Cu|O|Sr|W|Y,0,2,2,1,4,4,3,4,3,2,1
2397,267,Cu|O|Sr|W|Y,0,2,2,1,4,4,1,1,0,1,1
2398,267,Cu|O|Sr|W|Y,0,2,2,1,4,4,0,2,1,2,0
2399,268,Cu|Mo|O|Sr|Y,4,2,1,1,2,0,3,1,3,3,0
2400,268,Cu|Mo|O|Sr|Y,4,2,1,1,2,0,0,2,0,0,2
2401,268,Cu|Mo|O|Sr|Y,4,2,1,1,2,0,3,0,3,2,4
2402,268,Cu|Mo|O|Sr|Y,4,2,1,1,2,0,1,3,1,1,3
2403,268,Cu|Mo|O|Sr|Y,4,2,1,1,2,0,1,0,4,2,3
2404,268,Cu|Mo|O|Sr|Y,4,2,1,1,2,0,3,0,2,1,3
2405,268,Cu|Mo|O|Sr|Y,4,2,1,1,2,0,1,3,1,1,4
2406,268,Cu|Mo|O|Sr|Y,4,2,1,1,2,0,2,2,1,2,3
2407,269,Co|Cu|O|Sr|Y,4,1,4,0,0,3,3,3,1,1,3
2408,270,Cu|Ga|O|Sr|Y,3,2,1,0,1,3,2,3,3,1,2
2409,270,Cu|Ga|O|Sr|Y,3,2,1,0,1,3,2,4,2,3,3
2410,271,Cu|Ge|O|Sr|Y,2,1,4,2,2,4,4,1,0,0,4
2411,272,Cu|Fe|O|Sr|Y,1,2,4,1,1,4,0,2,1,3,4
2412,272,Cu|Fe|O|Sr|Y,1,2,4,1,1,4,2,4,3,4,2
2413,272,Cu|Fe|O|Sr|Y,1,2,4,1,1,4,2,3,1,4,3
2414,272,Cu|Fe|O|Sr|Y,1,2,4,1,1,4,0,3,4,4,1
2415,272,Cu|Fe|O|Sr|Y,1,2,4,1,1,4,1,1,4,0,3
2416,272,Cu|Fe|O|Sr|Y,1,2,4,1,1,4,1,1,0,1,1
2417,269,Co|Cu|O|Sr|Y,4,1,4,0,0,3,2,4,2,1,1
2418,273,Cu|O|Sr|V|Y,3,4,0,0,0,0,4,1,0,0,1
2419,274,Cu|O|Sr|Ti|Y,4,4,3,4,4,1,4,2,3,0,0
2420,274,Cu|O|Sr|Ti|Y,4,4,3,4,4,1,0,1,0,2,3
2421,274,Cu|O|Sr|Ti|Y,4,4,3,4,4,1,1,3,2,0,4
2422,274,Cu|O|Sr|Ti|Y,4,4,3,4,4,1,4,1,3,2,0
2423,274,Cu|O|Sr|Ti|Y,4,4,3,4,4,1,2,2,2,2,2
2424,274,Cu|O|Sr|Ti|Y,4,4,3,4,4,1,1,4,4,2,0
2425,2,Cu|La|O|Sr,1,2,3,2,2,0,4,3,3,3,0
2426,2,Cu|La|O|Sr,1,2,3,2,2,0,2,3,4,0,2
2427,2,Cu|La|O|Sr,1,2,3,2,2,0,3,2,1,0,0
2428,275,Ba|Cu|Dy|O|Sr,2,4,1,1,4,1,3,3,3,1,3
2429,275,Ba|Cu|Dy|O|Sr,2,4,1,1,4,1,1,2,2,2,1
2430,68,Ba|Bi|K|O,0,1,2,0,3,0,4,0,3,0,4
2431,68,Ba|Bi|K|O,0,1,2,0,3,0,2,4,2,2,1
2432,68,Ba|Bi|K|O,0,1,2,0,3,0,4,2,2,0,0
2433,68,Ba|Bi|K|O,0,1,2,0,3,0,2,4,1,4,2
2434,68,Ba|Bi|K|O,0,1,2,0,3,0,3,0,0,2,1
2435,68,Ba|Bi|K|O,0,1,2,0,3,0,3,2,1,2,1
2436,11,Ba|Cu|Nd|O,2,2,2,2,1,2,0,0,0,3,0
2437,179,Ba|Cu|Nd|O|Pr,4,0,4,3,0,1,4,2,4,2,3
2438,179,Ba|Cu|Nd|O|Pr,4,0,4,3,0,1,0,1,3,2,2
2439,179,Ba|Cu|Nd|O|Pr,4,0,4,3,0,1,3,4,1,2,3
2440,186,Ba|Cu|Lu|O|Pr,2,3,1,4,1,0,1,3,0,2,2
2441,185,Ba|Cu|O|Pr|Yb,1,2,3,0,4,4,4,3,0,0,3
2442,184,Ba|Cu|O|Pr|Tm,3,3,4,0,1,3,2,1,1,3,4
2443,183,Ba|Cu|Er|O|Pr,1,3,4,2,0,4,2,2,4,3,3
2444,182,Ba|Cu|Ho|O|Pr,1,0,1,3,4,0,1,1,3,0,0
2445,102,Ba|Cu|O|Pr|Y,4,2,0,0,3,0,1,0,4,0,0
2446,181,Ba|Cu|Dy|O|Pr,2,3,1,2,2,3,1,4,4,0,3
2447,270,Cu|Ga|O|Sr|Y,3,2,1,0,1,3,3,0,0,0,2
2448,69,Cu|La|O,2,0,3,0,0,0,0,3,0,3,3
2449,69,Cu|La|O,2,0,3,0,0,0,3,2,2,4,2
2450,2,Cu|La|O|Sr,1,2,3,2,2,0,0,2,2,0,2
2451,2,Cu|La|O|Sr,1,2,3,2,2,0,4,3,3,1,2
2452,2,Cu|La|O|Sr,1,2,3,2,2,0,4,1,2,0,3
2453,2,Cu|La|O|Sr,1,2,3,2,2,0,3,4,2,2,2
2454,2,Cu|La|O|Sr,1,2,3,2,2,0,1,4,2,1,1
2455,2,Cu|La|O|Sr,1,2,3,2,2,0,0,3,3,3,3
2456,2,Cu|La|O|Sr,1,2,3,2,2,0,1,1,1,1,1
2457,90,Ca|Cu|O|Pb|Sr|Y,0,3,2,3,4,0,1,4,3,2,3
2458,90,Ca|Cu|O|Pb|Sr|Y,0,3,2,3,4,0,2,2,3,4,1
2459,90,Ca|Cu|O|Pb|Sr|Y,0,3,2,3,4,0,0,0,4,2,0
2460,90,Ca|Cu|O|Pb|Sr|Y,0,3,2,3,4,0,3,0,1,4,3
2461,2,Cu|La|O|Sr,1,2,3,2,2,0,0,3,0,2,4
2462,276,Cu|La|O|Sn|Sr,0,0,3,4,4,1,0,0,4,3,2
2463,276,Cu|La|O|Sn|Sr,0,0,3,4,4,1,1,0,2,2,0
2464,276,Cu|La|O|Sn|Sr,0,0,3,4,4,1,0,1,2,4,1
2465,47,Ba|Ca|Cu|O|Tl,3,2,1,1,4,1,1,0,4,0,3
2466,47,Ba|Ca|Cu|O|Tl,3,2,1,1,4,1,0,3,2,2,3
2467,47,Ba|Ca|Cu|O|Tl,3,2,1,1,4,1,4,4,2,3,2
2468,47,Ba|Ca|Cu|O|Tl,3,2,1,1,4,1,1,2,3,0,2
2469,277,Bi|Ca|Co|Cu|O|Sr,4,4,3,2,4,1,4,4,4,4,0
2470,277,Bi|Ca|Co|Cu|O|Sr,4,4,3,2,4,1,1,3,3,2,4
2471,277,Bi|Ca|Co|Cu|O|Sr,4,4,3,2,4,1,4,4,2,1,2
2472,277,Bi|Ca|Co|Cu|O|Sr,4,4,3,2,4,1,1,3,0,3,1
2473,268,Cu|Mo|O|Sr|Y,4,2,1,1,2,0,1,3,3,2,4
2474,278,Cu|Mo|O|Sr|Tb,0,2,3,1,4,2,0,3,4,4,2
2475,49,Bi|Ca|Cu|O|Sr,2,0,2,4,3,0,2,3,3,3,3
2476,49,Bi|Ca|Cu|O|Sr,2,0,2,4,3,0,1,0,1,2,0
2477,49,Bi|Ca|Cu|O|Sr,2,0,2,4,3,0,2,2,1,3,3
2478,49,Bi|Ca|Cu|O|Sr,2,0,2,4,3,0,3,3,3,1,2
2479,49,Bi|Ca|Cu|O|Sr,2,0,2,4,3,0,2,3,4,1,2
2480,49,Bi|Ca|Cu|O|Sr,2,0,2,4,3,0,1,4,4,1,4
2481,49,Bi|Ca|Cu|O|Sr,2,0,2,4,3,0,3,2,2,4,3
2482,49,Bi|Ca|Cu|O|Sr,2,0,2,4,3,0,2,1,3,0,4
2483,49,Bi|Ca|Cu|O|Sr,2,0,2,4,3,0,2,0,0,1,2
2484,49,Bi|Ca|Cu|O|Sr,2,0,2,4,3,0,3,3,1,3,0
2485,243,Cu|F|Nd|O,1,3,4,2,2,4,2,4,1,2,0
2486,243,Cu|F|Nd|O,1,3,4,2,2,4,2,2,1,0,2
2487,243,Cu|F|Nd|O,1,3,4,2,2,4,4,2,2,0,1
2488,243,Cu|F|Nd|O,1,3,4,2,2,4,3,2,2,2,3
2489,62,Ba|Ca|Cu|La|O,1,3,2,0,1,3,0,2,3,3,4
2490,140,Ca|Cu|O|Pb|Sr|Tl,3,2,2,0,0,4,2,1,0,4,3
2491,140,Ca|Cu|O|Pb|Sr|Tl,3,2,2,0,0,4,0,3,0,2,1
2492,140,Ca|Cu|O|Pb|Sr|Tl,3,2,2,0,0,4,4,2,0,4,2
2493,49,Bi|Ca|Cu|O|Sr,2,0,2,4,3,0,3,4,2,2,4
2494,279,Ba|Co|Cu|O|Sr|Y,2,2,3,2,2,2,3,2,1,0,3
2495,280,Ba|Ca|Co|Cu|O|Sr|Y,3,4,1,0,4,0,1,3,1,0,2
2496,280,Ba|Ca|Co|Cu|O|Sr|Y,3,4,1,0,4,0,4,1,1,1,1
2497,31,Ba|Cu|Fe|O|Y,3,2,3,4,1,0,4,3,2,0,4
2498,31,Ba|Cu|Fe|O|Y,3,2,3,4,1,0,2,1,0,1,2
2499,31,Ba|Cu|Fe|O|Y,3,2,3,4,1,0,2,4,0,0,4
2500,2,Cu|La|O|Sr,1,2,3,2,2,0,1,3,1,4,1
2501,2,Cu|La|O|Sr,1,2,3,2,2,0,3,3,4,3,2
2502,2,Cu|La|O|Sr,1,2,3,2,2,0,1,4,1,3,1
2503,2,Cu|La|O|Sr,1,2,3,2,2,0,1,1,2,4,0
2504,2,Cu|La|O|Sr,1,2,3,2,2,0,3,4,2,1,3
2505,281,Ba|Cu|O|Sr|Yb,1,4,2,1,1,0,3,2,4,0,3
2506,281,Ba|Cu|O|Sr|Yb,1,4,2,1,1,0,1,2,0,4,1
2507,281,Ba|Cu|O|Sr|Yb,1,4,2,1,1,0,3,0,3,2,1
2508,281,Ba|Cu|O|Sr|Yb,1,4,2,1,1,0,3,4,2,4,3
2509,238,Ba|Ca|Cu|O|Sr|Yb,1,1,3,1,2,2,0,3,3,1,2
2510,238,Ba|Ca|Cu|O|Sr|Yb,1,1,3,1,2,2,2,0,1,2,2
2511,238,Ba|Ca|Cu|O|Sr|Yb,1,1,3,1,2,2,2,4,0,1,1
2512,238,Ba|Ca|Cu|O|Sr|Yb,1,1,3,1,2,2,4,0,1,1,2
2513,238,Ba|Ca|Cu|O|Sr|Yb,1,1,3,1,2,2,2,3,0,4,0
2514,238,Ba|Ca|Cu|O|Sr|Yb,1,1,3,1,2,2,4,3,2,0,1
2515,31,Ba|Cu|Fe|O|Y,3,2,3,4,1,0,0,1,4,4,3
2516,5,Ca|Cu|La|O,0,2,3,4,0,3,1,2,4,1,1
2517,5,Ca|Cu|La|O,0,2,3,4,0,3,1,1,1,3,4
2518,5,Ca|Cu|La|O,0,2,3,4,0,3,1,0,4,0,1
2519,5,Ca|Cu|La|O,0,2,3,4,0,3,2,1,2,1,3
2520,173,Ca|Cu|La|O|Sr,1,2,1,1,0,4,2,3,3,3,3
2521,173,Ca|Cu|La|O|Sr,1,2,1,1,0,4,2,0,1,2,1
2522,173,Ca|Cu|La|O|Sr,1,2,1,1,0,4,2,4,3,2,0
2523,173,Ca|Cu|La|O|Sr,1,2,1,1,0,4,4,1,4,0,0
2524,8,Ba|Cu|O|Y,0,1,2,1,3,1,2,1,3,0,1
2525,120,Bi|Cu|La|O|Sr,1,3,1,3,0,0,1,0,1,1,4
2526,40,Ba|Cu|O|Y|Zn,3,1,0,2,1,0,2,1,4,2,2
2527,40,Ba|Cu|O|Y|Zn,3,1,0,2,1,0,0,3,4,3,1
2528,40,Ba|Cu|O|Y|Zn,3,1,0,2,1,0,1,0,3,3,0
2529,282,Ba|Cd|Cu|O|Y,1,4,0,0,4,1,1,3,3,4,3
2530,282,Ba|Cd|Cu|O|Y,1,4,0,0,4,1,2,3,3,0,3
2531,282,Ba|Cd|Cu|O|Y,1,4,0,0,4,1,0,2,2,0,3
2532,282,Ba|Cd|Cu|O|Y,1,4,0,0,4,1,4,3,0,2,2
2533,282,Ba|Cd|Cu|O|Y,1,4,0,0,4,1,2,3,2,2,3
2534,282,Ba|Cd|Cu|O|Y,1,4,0,0,4,1,0,3,3,2,4
2535,282,Ba|Cd|Cu|O|Y,1,4,0,0,4,1,0,4,0,0,3
2536,282,Ba|Cd|Cu|O|Y,1,4,0,0,4,1,1,2,3,1,1
2537,70,Bi|Ca|Cu|O|Pb|Sb|Sr,1,0,4,1,0,0,3,1,1,2,0
2538,70,Bi|Ca|Cu|O|Pb|Sb|Sr,1,0,4,1,0,0,4,3,1,1,3
2539,8,Ba|Cu|O|Y,0,1,2,1,3,1,0,0,4,4,3
2540,102,Ba|Cu|O|Pr|Y,4,2,0,0,3,0,1,1,4,2,1
2541,102,Ba|Cu|O|Pr|Y,4,2,0,0,3,0,3,0,3,2,4
2542,102,Ba|Cu|O|Pr|Y,4,2,0,0,3,0,3,2,1,2,4
2543,102,Ba|Cu|O|Pr|Y,4,2,0,0,3,0,2,0,0,2,3
2544,102,Ba|Cu|O|Pr|Y,4,2,0,0,3,0,4,0,4,0,4
2545,39,Ba|Cu|H|O|Y,3,0,2,2,3,2,0,1,4,1,1
2546,0,Ba|Cu|La|O,2,4,2,3,0,4,2,3,1,1,2
2547,74,Ce|Cu|Nd|O,3,3,3,3,3,1,2,4,1,2,1
2548,71,Bi|Ca|Cu|O|Pb|Sr,2,0,4,1,4,1,3,0,4,4,2
2549,8,Ba|Cu|O|Y,0,1,2,1,3,1,0,1,3,0,2
2550,194,Cu|La|O|Sr|Tl,2,1,1,1,0,2,2,1,3,0,0
2551,205,Cu|O|Pr|Sr|Tl,4,2,0,3,1,4,1,4,4,4,2
2552,113,Cu|Nd|O|Sr|Tl,0,1,4,4,4,2,2,0,0,1,0
2553,204,Cu|O|Sr|Tl|Y,3,1,0,0,1,0,1,3,1,4,4
2554,12,Ba|Cu|Eu|O,2,3,0,3,4,4,2,1,2,3,1
2555,8,Ba|Cu|O|Y,0,1,2,1,3,1,4,3,0,1,1
2556,250,Ba|Cu|Na|O|Y,1,2,1,3,0,4,4,0,1,3,1
2557,250,Ba|Cu|Na|O|Y,1,2,1,3,0,4,1,2,4,0,3
2558,250,Ba|Cu|Na|O|Y,1,2,1,3,0,4,4,2,0,3,1
2559,250,Ba|Cu|Na|O|Y,1,2,1,3,0,4,3,4,2,2,4
2560,250,Ba|Cu|Na|O|Y,1,2,1,3,0,4,2,0,3,4,2
2561,43,Ba|Co|Cu|O|Y,1,2,3,2,1,3,1,4,4,0,0
2562,34,Ba|Cu|Gd|O|Y,0,2,1,1,1,1,4,2,1,4,1
2563,34,Ba|Cu|Gd|O|Y,0,2,1,1,1,1,2,0,3,1,1
2564,34,Ba|Cu|Gd|O|Y,0,2,1,1,1,1,4,1,4,1,4
2565,13,Ba|Cu|Gd|O,2,1,0,3,4,0,3,3,1,0,3
2566,8,Ba|Cu|O|Y,0,1,2,1,3,1,3,4,3,0,2
2567,283,Ba|Ca|Cu|Eu|La|O,0,1,3,2,1,2,4,3,0,3,1
2568,283,Ba|Ca|Cu|Eu|La|O,0,1,3,2,1,2,3,3,3,0,0
2569,283,Ba|Ca|Cu|Eu|La|O,0,1,3,2,1,2,0,2,1,0,4
2570,284,Ba|Ca|Cu|Eu|O,4,3,3,1,2,2,1,3,0,1,2
2571,285,Ba|Ca|Cu|Gd|O,3,1,1,2,1,0,0,1,4,2,2
2572,286,Ba|Ca|Cu|La|O|Sm,4,1,3,1,3,0,1,3,2,3,3
2573,286,Ba|Ca|Cu|La|O|Sm,4,1,3,1,3,0,1,0,2,3,0
2574,286,Ba|Ca|Cu|La|O|Sm,4,1,3,1,3,0,0,1,0,1,3
2575,286,Ba|Ca|Cu|La|O|Sm,4,1,3,1,3,0,1,0,4,0,0
2576,287,Ba|Ca|Cu|O|Sm,4,2,1,1,0,3,0,2,3,3,1
2577,62,Ba|Ca|Cu|La|O,1,3,2,0,1,3,3,0,0,1,1
2578,288,Ba|Ca|Cu|La|Nd|O,4,3,1,1,2,2,1,0,1,0,2
2579,288,Ba|Ca|Cu|La|Nd|O,4,3,1,1,2,2,2,4,3,1,4
2580,288,Ba|Ca|Cu|La|Nd|O,4,3,1,1,2,2,2,1,4,4,3
2581,288,Ba|Ca|Cu|La|Nd|O,4,3,1,1,2,2,4,0,4,3,3
2582,289,Ba|Ca|Cu|Nd|O,3,0,0,3,1,0,0,1,1,3,2
2583,290,Ba|Ca|Cu|Dy|O,3,0,4,0,1,2,4,2,2,3,2
2584,127,Ba|Ca|Cu|Ho|O,3,3,3,0,3,0,0,3,2,3,4
2585,291,Ba|Ca|Cu|Er|O,2,4,0,1,4,4,0,2,1,4,4
2586,292,Ba|Ca|Cu|O|Tm,1,4,0,1,4,1,3,3,3,3,4
2587,293,Ba|Cu|O|Sc|Y,2,2,2,3,1,2,2,3,4,1,1
2588,293,Ba|Cu|O|Sc|Y,2,2,2,3,1,2,2,0,1,3,1
2589,44,Ba|Cu|Mn|O|Y,2,1,0,2,4,2,4,3,2,2,0
2590,44,Ba|Cu|Mn|O|Y,2,1,0,2,4,2,1,0,2,0,1
2591,44,Ba|Cu|Mn|O|Y,2,1,0,2,4,2,4,0,2,1,0
2592,44,Ba|Cu|Mn|O|Y,2,1,0,2,4,2,2,4,1,1,3
2593,250,Ba|Cu|Na|O|Y,1,2,1,3,0,4,4,1,3,0,2
2594,124,Ba|Cu|K|O|Y,4,0,1,4,0,2,0,3,2,4,2
2595,110,Ba|Cs|Cu|O|Y,3,3,0,0,4,1,2,3,1,0,2
2596,108,Ca|Cu|O|Sr|Tl,4,2,1,1,0,4,4,4,3,0,2
2597,15,Ba|Cu|Ho|O,0,0,4,0,3,2,4,2,0,4,0
2598,11,Ba|Cu|Nd|O,2,2,2,2,1,2,4,2,2,4,4
2599,11,Ba|Cu|Nd|O,2,2,2,2,1,2,2,4,2,3,3
2600,11,Ba|Cu|Nd|O,2,2,2,2,1,2,0,1,1,3,1
2601,11,Ba|Cu|Nd|O,2,2,2,2,1,2,0,4,2,2,4
2602,17,Ba|Cu|O|Sm,4,0,0,3,4,1,1,4,2,4,2
2603,17,Ba|Cu|O|Sm,4,0,0,3,4,1,4,1,0,0,0
2604,17,Ba|Cu|O|Sm,4,0,0,3,4,1,0,4,0,1,4
2605,12,Ba|Cu|Eu|O,2,3,0,3,4,4,3,0,3,1,2
2606,12,Ba|Cu|Eu|O,2,3,0,3,4,4,0,1,4,0,0
2607,12,Ba|Cu|Eu|O,2,3,0,3,4,4,0,4,2,0,2
2608,12,Ba|Cu|Eu|O,2,3,0,3,4,4,3,1,2,1,1
2609,12,Ba|Cu|Eu|O,2,3,0,3,4,4,4,0,1,3,2
2610,0,Ba|Cu|La|O,2,4,2,3,0,4,1,0,1,2,3
2611,0,Ba|Cu|La|O,2,4,2,3,0,4,3,2,2,2,4
2612,0,Ba|Cu|La|O,2,4,2,3,0,4,3,3,2,0,3
2613,0,Ba|Cu|La|O,2,4,2,3,0,4,2,3,2,2,2
2614,0,Ba|Cu|La|O,2,4,2,3,0,4,1,4,3,3,0
2615,0,Ba|Cu|La|O,2,4,2,3,0,4,3,2,4,2,3
2616,12,Ba|Cu|Eu|O,2,3,0,3,4,4,4,4,4,2,0
2617,12,Ba|Cu|Eu|O,2,3,0,3,4,4,0,0,4,3,1
2618,239,C|Rb,0,3,3,1,1,3,1,1,0,4,4
2619,240,C|K,4,2,4,0,0,4,0,2,3,4,1
2620,14,Ba|Cu|Dy|O,4,1,4,1,3,3,3,0,4,0,3
2621,13,Ba|Cu|Gd|O,2,1,0,3,4,0,3,0,2,0,3
2622,28,Cu|La|Nd|O|Sr,3,3,0,3,1,0,4,4,2,0,1
2623,28,Cu|La|Nd|O|Sr,3,3,0,3,1,0,2,1,2,4,4
2624,32,Ba|Cu|O|S|Y,1,3,1,4,4,4,4,1,1,2,0
2625,2,Cu|La|O|Sr,1,2,3,2,2,0,0,1,2,0,1
2626,294,Ba|Ce|Cu|Eu|O,3,2,2,1,3,3,4,4,0,0,1
2627,295,Ba|Ce|Cu|O|Sm,0,0,3,3,4,0,1,2,3,3,4
2628,296,Ba|Ce|Cu|Nd|O,3,0,4,4,2,4,4,4,3,3,3
2629,71,Bi|Ca|Cu|O|Pb|Sr,2,0,4,1,4,1,4,4,0,3,2
2630,71,Bi|Ca|Cu|O|Pb|Sr,2,0,4,1,4,1,2,4,1,1,0
2631,71,Bi|Ca|Cu|O|Pb|Sr,2,0,4,1,4,1,3,1,0,1,3
2632,71,Bi|Ca|Cu|O|Pb|Sr,2,0,4,1,4,1,1,2,4,0,0
2633,71,Bi|Ca|Cu|O|Pb|Sr,2,0,4,1,4,1,2,4,2,2,0
2634,10,Ba|Cu|O|Tm,3,0,0,3,2,2,0,3,0,0,0
2635,49,Bi|Ca|Cu|O|Sr,2,0,2,4,3,0,3,0,1,1,3
2636,74,Ce|Cu|Nd|O,3,3,3,3,3,1,3,3,2,4,3
2637,120,Bi|Cu|La|O|Sr,1,3,1,3,0,0,1,3,2,3,0
2638,120,Bi|Cu|La|O|Sr,1,3,1,3,0,0,3,3,1,3,4
2639,120,Bi|Cu|La|O|Sr,1,3,1,3,0,0,0,3,3,0,4
2640,120,Bi|Cu|La|O|Sr,1,3,1,3,0,0,2,3,4,3,2
2641,120,Bi|Cu|La|O|Sr,1,3,1,3,0,0,1,0,1,0,3
2642,71,Bi|Ca|Cu|O|Pb|Sr,2,0,4,1,4,1,3,2,4,1,1
2643,2,Cu|La|O|Sr,1,2,3,2,2,0,2,1,0,2,0
2644,2,Cu|La|O|Sr,1,2,3,2,2,0,3,0,2,3,3
2645,25,Cu|La|Ni|O|Sr,3,4,4,4,0,3,3,1,2,4,1
2646,43,Ba|Co|Cu|O|Y,1,2,3,2,1,3,2,1,1,1,3
2647,43,Ba|Co|Cu|O|Y,1,2,3,2,1,3,1,0,2,1,1
2648,8,Ba|Cu|O|Y,0,1,2,1,3,1,2,4,1,1,1
2649,31,Ba|Cu|Fe|O|Y,3,2,3,4,1,0,0,3,0,4,4
2650,31,Ba|Cu|Fe|O|Y,3,2,3,4,1,0,3,2,4,1,1
2651,2,Cu|La|O|Sr,1,2,3,2,2,0,4,2,0,3,1
2652,2,Cu|La|O|Sr,1,2,3,2,2,0,0,3,1,3,1
2653,49,Bi|Ca|Cu|O|Sr,2,0,2,4,3,0,3,1,2,1,4
2654,119,Ce|Cu|O|Sm,1,1,1,1,1,4,4,4,0,2,4
2655,8,Ba|Cu|O|Y,0,1,2,1,3,1,2,0,2,2,4
2656,37,Ba|Cu|Ni|O|Y,1,0,2,1,2,2,0,1,0,1,1
2657,37,Ba|Cu|Ni|O|Y,1,0,2,1,2,2,2,2,2,0,0
2658,37,Ba|Cu|Ni|O|Y,1,0,2,1,2,2,1,1,3,3,0
2659,37,Ba|Cu|Ni|O|Y,1,0,2,1,2,2,4,1,0,2,4
2660,37,Ba|Cu|Ni|O|Y,1,0,2,1,2,2,4,1,1,1,4
2661,37,Ba|Cu|Ni|O|Y,1,0,2,1,2,2,2,2,1,0,0
2662,13,Ba|Cu|Gd|O,2,1,0,3,4,0,2,4,0,1,4
2663,53,Ba|Cu|Fe|Gd|O,4,1,2,4,3,1,1,2,2,3,0
2664,53,Ba|Cu|Fe|Gd|O,4,1,2,4,3,1,0,0,0,2,3
2665,53,Ba|Cu|Fe|Gd|O,4,1,2,4,3,1,4,2,4,0,4
2666,53,Ba|Cu|Fe|Gd|O,4,1,2,4,3,1,2,1,0,0,1
2667,49,Bi|Ca|Cu|O|Sr,2,0,2,4,3,0,1,3,3,2,0
2668,83,Bi|Ca|Cu|O|Sr|Y,4,3,2,2,1,2,4,4,0,2,3
2669,83,Bi|Ca|Cu|O|Sr|Y,4,3,2,2,1,2,0,4,1,2,2
2670,83,Bi|Ca|Cu|O|Sr|Y,4,3,2,2,1,2,0,0,2,0,1
2671,83,Bi|Ca|Cu|O|Sr|Y,4,3,2,2,1,2,1,2,3,4,1
2672,83,Bi|Ca|Cu|O|Sr|Y,4,3,2,2,1,2,4,1,2,0,1
2673,83,Bi|Ca|Cu|O|Sr|Y,4,3,2,2,1,2,4,1,4,4,1
2674,83,Bi|Ca|Cu|O|Sr|Y,4,3,2,2,1,2,4,0,0,2,4
2675,4,Ba|Ca|Cu|O|Y,3,0,0,0,2,3,2,0,2,2,2
2676,109,Ba|Cu|O|Se|Y,1,1,4,0,3,2,0,1,4,4,2
2677,109,Ba|Cu|O|Se|Y,1,1,4,0,3,2,2,1,3,2,0
2678,2,Cu|La|O|Sr,1,2,3,2,2,0,3,0,2,1,2
2679,25,Cu|La|Ni|O|Sr,3,4,4,4,0,3,4,4,4,4,3
2680,25,Cu|La|Ni|O|Sr,3,4,4,4,0,3,0,1,2,3,3
2681,102,Ba|Cu|O|Pr|Y,4,2,0,0,3,0,4,1,4,2,2
2682,102,Ba|Cu|O|Pr|Y,4,2,0,0,3,0,0,0,4,3,3
2683,102,Ba|Cu|O|Pr|Y,4,2,0,0,3,0,4,4,2,2,1
2684,25,Cu|La|Ni|O|Sr,3,4,4,4,0,3,3,0,0,3,0
2685,26,Cu|La|O|Sr|Zn,4,4,3,4,1,2,0,3,1,2,2
2686,2,Cu|La|O|Sr,1,2,3,2,2,0,1,3,2,0,1
2687,190,Cu|Ga|La|O|Sr,0,2,2,4,3,4,1,1,2,1,0
2688,8,Ba|Cu|O|Y,0,1,2,1,3,1,4,3,0,0,0
2689,8,Ba|Cu|O|Y,0,1,2,1,3,1,2,3,1,4,0
2690,28,Cu|La|Nd|O|Sr,3,3,0,3,1,0,1,1,2,3,3
2691,28,Cu|La|Nd|O|Sr,3,3,0,3,1,0,4,3,2,4,1
2692,108,Ca|Cu|O|Sr|Tl,4,2,1,1,0,4,0,2,2,3,1
2693,297,Ca|Cu|F|O|Sr|Tl,2,4,0,1,2,0,3,4,0,2,0
2694,297,Ca|Cu|F|O|Sr|Tl,2,4,0,1,2,0,2,1,4,2,1
2695,297,Ca|Cu|F|O|Sr|Tl,2,4,0,1,2,0,3,3,1,1,3
2696,297,Ca|Cu|F|O|Sr|Tl,2,4,0,1,2,0,1,3,0,3,1
2697,2,Cu|La|O|Sr,1,2,3,2,2,0,1,1,3,1,2
2698,25,Cu|La|Ni|O|Sr,3,4,4,4,0,3,3,2,0,2,4
2699,25,Cu|La|Ni|O|Sr,3,4,4,4,0,3,4,4,3,1,2
2700,25,Cu|La|Ni|O|Sr,3,4,4,4,0,3,0,2,1,4,2
2701,25,Cu|La|Ni|O|Sr,3,4,4,4,0,3,2,2,2,1,3
2702,25,Cu|La|Ni|O|Sr,3,4,4,4,0,3,0,0,2,4,4
2703,25,Cu|La|Ni|O|Sr,3,4,4,4,0,3,0,3,0,3,0
2704,25,Cu|La|Ni|O|Sr,3,4,4,4,0,3,1,1,0,4,3
2705,25,Cu|La|Ni|O|Sr,3,4,4,4,0,3,1,2,0,3,4
2706,25,Cu|La|Ni|O|Sr,3,4,4,4,0,3,3,1,2,4,0
2707,2,Cu|La|O|Sr,1,2,3,2,2,0,2,2,3,0,0
2708,131,Bi|Ca|Cu|Ho|O|Sr,2,3,3,0,1,0,2,2,4,1,2
2709,8,Ba|Cu|O|Y,0,1,2,1,3,1,0,4,1,2,4
2710,240,C|K,4,2,4,0,0,4,4,3,0,4,4
2711,239,C|Rb,0,3,3,1,1,3,0,0,3,1,1
2712,152,Bi|Ca|Cu|Dy|O|Sr,3,2,4,0,3,2,1,0,2,2,0
2713,152,Bi|Ca|Cu|Dy|O|Sr,3,2,4,0,3,2,3,0,2,2,3
2714,152,Bi|Ca|Cu|Dy|O|Sr,3,2,4,0,3,2,4,3,3,3,1
2715,298,Ba|Bi|Ca|Cu|O|Pb|Sr,3,0,3,4,1,2,0,4,1,0,3
2716,299,Cr|Cu|O|Sr|Tl,0,1,0,4,4,0,3,4,4,4,2
2717,70,Bi|Ca|Cu|O|Pb|Sb|Sr,1,0,4,1,0,0,2,0,4,1,0
2718,70,Bi|Ca|Cu|O|Pb|Sb|Sr,1,0,4,1,0,0,3,3,3,2,4
2719,74,Ce|Cu|Nd|O,3,3,3,3,3,1,3,3,2,3,1
2720,71,Bi|Ca|Cu|O|Pb|Sr,2,0,4,1,4,1,3,3,2,3,0
2721,74,Ce|Cu|Nd|O,3,3,3,3,3,1,4,3,2,4,1
2722,49,Bi|Ca|Cu|O|Sr,2,0,2,4,3,0,4,1,1,3,1
2723,49,Bi|Ca|Cu|O|Sr,2,0,2,4,3,0,2,3,3,0,0
2724,2,Cu|La|O|Sr,1,2,3,2,2,0,0,3,3,0,1
2725,2,Cu|La|O|Sr,1,2,3,2,2,0,4,4,2,3,2
2726,13,Ba|Cu|Gd|O,2,1,0,3,4,0,3,2,1,1,0
2727,14,Ba|Cu|Dy|O,4,1,4,1,3,3,4,3,1,1,2
2728,12,Ba|Cu|Eu|O,2,3,0,3,4,4,0,4,3,3,3
2729,8,Ba|Cu|O|Y,0,1,2,1,3,1,2,0,2,4,1
2730,9,Ba|Cu|Er|O,2,0,3,4,4,4,2,1,1,2,1
2731,8,Ba|Cu|O|Y,0,1,2,1,3,1,2,1,1,0,3
2732,8,Ba|Cu|O|Y,0,1,2,1,3,1,4,1,4,3,1
2733,140,Ca|Cu|O|Pb|Sr|Tl,3,2,2,0,0,4,3,2,2,1,2
2734,140,Ca|Cu|O|Pb|Sr|Tl,3,2,2,0,0,4,1,3,1,4,3
2735,140,Ca|Cu|O|Pb|Sr|Tl,3,2,2,0,0,4,2,3,0,4,4
2736,49,Bi|Ca|Cu|O|Sr,2,0,2,4,3,0,4,2,3,1,1
2737,49,Bi|Ca|Cu|O|Sr,2,0,2,4,3,0,4,3,4,2,4
2738,49,Bi|Ca|Cu|O|Sr,2,0,2,4,3,0,3,4,4,3,1
2739,8,Ba|Cu|O|Y,0,1,2,1,3,1,0,0,3,4,2
2740,8,Ba|Cu|O|Y,0,1,2,1,3,1,2,1,3,1,0
2741,49,Bi|Ca|Cu|O|Sr,2,0,2,4,3,0,4,0,1,0,2
2742,49,Bi|Ca|Cu|O|Sr,2,0,2,4,3,0,1,1,3,3,3
2743,8,Ba|Cu|O|Y,0,1,2,1,3,1,0,1,2,4,2
2744,74,Ce|Cu|Nd|O,3,3,3,3,3,1,2,1,4,2,3
2745,71,Bi|Ca|Cu|O|Pb|Sr,2,0,4,1,4,1,2,0,0,4,2
2746,74,Ce|Cu|Nd|O,3,3,3,3,3,1,1,2,2,3,2
2747,47,Ba|Ca|Cu|O|Tl,3,2,1,1,4,1,3,4,0,1,2
2748,49,Bi|Ca|Cu|O|Sr,2,0,2,4,3,0,0,1,3,2,0
2749,49,Bi|Ca|Cu|O|Sr,2,0,2,4,3,0,1,2,4,2,0
2750,49,Bi|Ca|Cu|O|Sr,2,0,2,4,3,0,0,2,1,1,3
2751,2,Cu|La|O|Sr,1,2,3,2,2,0,4,1,0,0,4
2752,2,Cu|La|O|Sr,1,2,3,2,2,0,3,0,4,3,0
2753,71,Bi|Ca|Cu|O|Pb|Sr,2,0,4,1,4,1,0,3,0,3,2
2754,8,Ba|Cu|O|Y,0,1,2,1,3,1,2,3,1,4,3
2755,2,Cu|La|O|Sr,1,2,3,2,2,0,3,3,2,4,3
2756,2,Cu|La|O|Sr,1,2,3,2,2,0,2,2,3,3,0
2757,8,Ba|Cu|O|Y,0,1,2,1,3,1,4,3,1,4,1
2758,49,Bi|Ca|Cu|O|Sr,2,0,2,4,3,0,3,4,0,0,4
2759,49,Bi|Ca|Cu|O|Sr,2,0,2,4,3,0,0,3,0,1,3
2760,8,Ba|Cu|O|Y,0,1,2,1,3,1,1,4,4,1,4
2761,68,Ba|Bi|K|O,0,1,2,0,3,0,1,2,2,4,2
2762,47,Ba|Ca|Cu|O|Tl,3,2,1,1,4,1,4,2,2,0,2
2763,49,Bi|Ca|Cu|O|Sr,2,0,2,4,3,0,0,2,3,3,2
2764,102,Ba|Cu|O|Pr|Y,4,2,0,0,3,0,1,2,0,0,0
2765,71,Bi|Ca|Cu|O|Pb|Sr,2,0,4,1,4,1,4,4,2,1,1
2766,107,Ba|Bi|O|Pb,4,1,0,0,3,4,3,4,2,4,4
2767,107,Ba|Bi|O|Pb,4,1,0,0,3,4,1,3,3,4,0
2768,49,Bi|Ca|Cu|O|Sr,2,0,2,4,3,0,2,1,1,4,0
2769,300,Ba|O|Pb|Sb,1,2,3,4,1,3,0,1,3,3,1
2770,14,Ba|Cu|Dy|O,4,1,4,1,3,3,3,0,1,1,4
2771,275,Ba|Cu|Dy|O|Sr,2,4,1,1,4,1,4,0,2,1,3
2772,275,Ba|Cu|Dy|O|Sr,2,4,1,1,4,1,1,3,4,2,0
2773,275,Ba|Cu|Dy|O|Sr,2,4,1,1,4,1,3,1,4,3,4
2774,275,Ba|Cu|Dy|O|Sr,2,4,1,1,4,1,1,1,4,4,0
2775,275,Ba|Cu|Dy|O|Sr,2,4,1,1,4,1,4,3,1,0,2
2776,301,B|Ba|Cu|O|Sr|Y,3,2,0,2,0,0,2,1,1,0,2
2777,301,B|Ba|Cu|O|Sr|Y,3,2,0,2,0,0,0,4,2,0,1
2778,301,B|Ba|Cu|O|Sr|Y,3,2,0,2,0,0,0,4,4,1,4
2779,301,B|Ba|Cu|O|Sr|Y,3,2,0,2,0,0,1,0,4,4,1
2780,301,B|Ba|Cu|O|Sr|Y,3,2,0,2,0,0,4,0,3,0,1
2781,301,B|Ba|Cu|O|Sr|Y,3,2,0,2,0,0,4,2,2,0,3
2782,301,B|Ba|Cu|O|Sr|Y,3,2,0,2,0,0,0,0,3,0,2
2783,71,Bi|Ca|Cu|O|Pb|Sr,2,0,4,1,4,1,0,2,3,3,3
2784,302,Bi|Ca|Cu|O|Pb|Sm|Sr,4,0,1,3,0,4,3,0,3,2,0
2785,302,Bi|Ca|Cu|O|Pb|Sm|Sr,4,0,1,3,0,4,3,0,0,4,1
2786,302,Bi|Ca|Cu|O|Pb|Sm|Sr,4,0,1,3,0,4,1,0,1,1,3
2787,302,Bi|Ca|Cu|O|Pb|Sm|Sr,4,0,1,3,0,4,0,1,0,0,0
2788,302,Bi|Ca|Cu|O|Pb|Sm|Sr,4,0,1,3,0,4,2,1,0,2,0
2789,303,Ce|Cu|Nb|O|Sm|Sr,0,1,0,2,1,2,2,4,4,2,2
2790,304,Ce|Cu|Eu|Nb|O|Sr,1,0,0,3,2,3,3,1,4,3,0
2791,305,Ce|Cu|Nb|Nd|O|Sr,4,0,2,1,4,3,0,4,2,3,4
2792,49,Bi|Ca|Cu|O|Sr,2,0,2,4,3,0,4,4,3,2,2
2793,49,Bi|Ca|Cu|O|Sr,2,0,2,4,3,0,3,1,2,1,2
2794,49,Bi|Ca|Cu|O|Sr,2,0,2,4,3,0,1,0,4,4,4
2795,49,Bi|Ca|Cu|O|Sr,2,0,2,4,3,0,0,0,3,1,4
2796,49,Bi|Ca|Cu|O|Sr,2,0,2,4,3,0,3,3,0,2,2
2797,49,Bi|Ca|Cu|O|Sr,2,0,2,4,3,0,0,0,1,0,2
2798,49,Bi|Ca|Cu|O|Sr,2,0,2,4,3,0,3,0,4,0,0
2799,49,Bi|Ca|Cu|O|Sr,2,0,2,4,3,0,1,4,2,2,2
2800,49,Bi|Ca|Cu|O|Sr,2,0,2,4,3,0,4,1,3,3,3
2801,49,Bi|Ca|Cu|O|Sr,2,0,2,4,3,0,4,2,2,4,2
2802,49,Bi|Ca|Cu|O|Sr,2,0,2,4,3,0,2,0,0,0,4
2803,306,Ba|Cu|Hg|O,4,0,0,2,4,0,4,1,0,3,0
2804,307,Ba|Ca|Cu|Hg|O,2,4,3,2,4,3,2,2,2,0,3
2805,308,Ba|Ca|Co|Cu|O|Y,1,0,3,1,2,0,1,2,3,1,0
2806,308,Ba|Ca|Co|Cu|O|Y,1,0,3,1,2,0,3,0,0,4,0
2807,308,Ba|Ca|Co|Cu|O|Y,1,0,3,1,2,0,3,1,3,0,0
2808,308,Ba|Ca|Co|Cu|O|Y,1,0,3,1,2,0,0,3,0,1,2
2809,308,Ba|Ca|Co|Cu|O|Y,1,0,3,1,2,0,4,1,3,3,4
2810,308,Ba|Ca|Co|Cu|O|Y,1,0,3,1,2,0,4,3,4,0,0
2811,308,Ba|Ca|Co|Cu|O|Y,1,0,3,1,2,0,3,0,3,2,3
2812,308,Ba|Ca|Co|Cu|O|Y,1,0,3,1,2,0,2,2,3,1,0
2813,308,Ba|Ca|Co|Cu|O|Y,1,0,3,1,2,0,0,1,3,3,3
2814,43,Ba|Co|Cu|O|Y,1,2,3,2,1,3,0,0,3,0,3
2815,308,Ba|Ca|Co|Cu|O|Y,1,0,3,1,2,0,1,3,0,0,2
2816,308,Ba|Ca|Co|Cu|O|Y,1,0,3,1,2,0,1,4,2,4,4
2817,308,Ba|Ca|Co|Cu|O|Y,1,0,3,1,2,0,0,4,4,2,4
2818,308,Ba|Ca|Co|Cu|O|Y,1,0,3,1,2,0,0,4,1,0,4
2819,308,Ba|Ca|Co|Cu|O|Y,1,0,3,1,2,0,2,1,4,3,1
2820,308,Ba|Ca|Co|Cu|O|Y,1,0,3,1,2,0,0,0,4,4,2
2821,308,Ba|Ca|Co|Cu|O|Y,1,0,3,1,2,0,2,2,4,3,3
2822,308,Ba|Ca|Co|Cu|O|Y,1,0,3,1,2,0,4,2,1,3,3
2823,258,Bi|Ca|Cu|I|O|Sr,3,3,1,0,2,1,2,4,4,0,2
2824,309,Bi|Ca|Cu|I|O|Sr|Y,1,2,2,3,3,2,2,4,2,1,2
2825,309,Bi|Ca|Cu|I|O|Sr|Y,1,2,2,3,3,2,2,4,1,0,3
2826,309,Bi|Ca|Cu|I|O|Sr|Y,1,2,2,3,3,2,1,4,0,1,4
2827,309,Bi|Ca|Cu|I|O|Sr|Y,1,2,2,3,3,2,1,1,0,2,2
2828,309,Bi|Ca|Cu|I|O|Sr|Y,1,2,2,3,3,2,1,1,0,1,2
2829,309,Bi|Ca|Cu|I|O|Sr|Y,1,2,2,3,3,2,3,3,3,0,3
2830,310,Bi|Ca|Cu|Fe|O|Pb|Sr,4,2,3,1,2,2,3,3,2,0,2
2831,310,Bi|Ca|Cu|Fe|O|Pb|Sr,4,2,3,1,2,2,1,3,4,1,2
2832,310,Bi|Ca|Cu|Fe|O|Pb|Sr,4,2,3,1,2,2,3,3,0,1,2
2833,310,Bi|Ca|Cu|Fe|O|Pb|Sr,4,2,3,1,2,2,3,3,4,3,0
2834,311,Bi|Ca|Cu|O|Pb|Sr|Zn,1,0,3,3,1,4,3,0,0,1,0
2835,311,Bi|Ca|Cu|O|Pb|Sr|Zn,1,0,3,3,1,4,2,1,4,1,2
2836,311,Bi|Ca|Cu|O|Pb|Sr|Zn,1,0,3,3,1,4,2,0,1,0,0
2837,311,Bi|Ca|Cu|O|Pb|Sr|Zn,1,0,3,3,1,4,4,3,4,3,4
2838,311,Bi|Ca|Cu|O|Pb|Sr|Zn,1,0,3,3,1,4,1,1,1,1,2
2839,311,Bi|Ca|Cu|O|Pb|Sr|Zn,1,0,3,3,1,4,0,2,3,3,1
2840,311,Bi|Ca|Cu|O|Pb|Sr|Zn,1,0,3,3,1,4,3,3,0,2,2
2841,71,Bi|Ca|Cu|O|Pb|Sr,2,0,4,1,4,1,0,3,4,2,3
2842,312,Bi|Ca|Cu|Mn|O|Pb|Sr,2,3,4,0,0,3,1,3,1,1,1
2843,312,Bi|Ca|Cu|Mn|O|Pb|Sr,2,3,4,0,0,3,3,0,2,3,1
2844,312,Bi|Ca|Cu|Mn|O|Pb|Sr,2,3,4,0,0,3,4,3,4,4,3
2845,312,Bi|Ca|Cu|Mn|O|Pb|Sr,2,3,4,0,0,3,4,3,3,0,1
2846,312,Bi|Ca|Cu|Mn|O|Pb|Sr,2,3,4,0,0,3,1,4,1,3,0
2847,313,C|Ce|Cu|O|Sr|Y,4,3,4,0,3,0,1,2,2,2,3
2848,90,Ca|Cu|O|Pb|Sr|Y,0,3,2,3,4,0,3,3,0,3,3
2849,90,Ca|Cu|O|Pb|Sr|Y,0,3,2,3,4,0,2,3,4,0,0
2850,90,Ca|Cu|O|Pb|Sr|Y,0,3,2,3,4,0,2,1,1,3,3
2851,31,Ba|Cu|Fe|O|Y,3,2,3,4,1,0,3,0,0,4,2
2852,31,Ba|Cu|Fe|O|Y,3,2,3,4,1,0,4,2,2,0,1
2853,31,Ba|Cu|Fe|O|Y,3,2,3,4,1,0,2,0,1,0,3
2854,40,Ba|Cu|O|Y|Zn,3,1,0,2,1,0,4,2,2,2,1
2855,40,Ba|Cu|O|Y|Zn,3,1,0,2,1,0,4,3,3,4,1
2856,314,Ba|Br|Cu|O|Y,2,1,0,4,1,0,1,1,3,4,1
2857,4,Ba|Ca|Cu|O|Y,3,0,0,0,2,3,1,1,2,4,1
2858,4,Ba|Ca|Cu|O|Y,3,0,0,0,2,3,2,0,2,0,0
2859,4,Ba|Ca|Cu|O|Y,3,0,0,0,2,3,4,4,2,3,0
2860,62,Ba|Ca|Cu|La|O,1,3,2,0,1,3,2,2,2,4,3
2861,62,Ba|Ca|Cu|La|O,1,3,2,0,1,3,1,1,2,2,1
2862,62,Ba|Ca|Cu|La|O,1,3,2,0,1,3,0,0,1,1,2
2863,62,Ba|Ca|Cu|La|O,1,3,2,0,1,3,4,0,0,2,2
2864,62,Ba|Ca|Cu|La|O,1,3,2,0,1,3,4,2,3,3,1
2865,0,Ba|Cu|La|O,2,4,2,3,0,4,1,3,4,3,2
2866,62,Ba|Ca|Cu|La|O,1,3,2,0,1,3,3,0,3,2,1
2867,62,Ba|Ca|Cu|La|O,1,3,2,0,1,3,1,3,1,4,4
2868,62,Ba|Ca|Cu|La|O,1,3,2,0,1,3,0,0,0,1,1
2869,62,Ba|Ca|Cu|La|O,1,3,2,0,1,3,1,0,1,3,3
2870,62,Ba|Ca|Cu|La|O,1,3,2,0,1,3,3,1,0,2,3
2871,5,Ca|Cu|La|O,0,2,3,4,0,3,4,1,3,0,1
2872,5,Ca|Cu|La|O,0,2,3,4,0,3,2,4,1,3,3
2873,315,Au|Ba|Cu|O|Y,2,2,3,0,3,0,1,4,4,1,3
2874,8,Ba|Cu|O|Y,0,1,2,1,3,1,1,0,2,1,4
2875,316,Cu|Mo|O|Sr|Yb,1,0,4,1,3,1,2,1,4,2,0
2876,317,Cu|Mo|O|Sr|Tm,3,0,4,0,0,1,1,4,4,1,0
2877,318,Cu|Er|Mo|O|Sr,3,2,0,2,0,4,3,0,1,2,0
2878,319,Cu|Ho|Mo|O|Sr,3,3,4,3,1,3,3,1,1,2,1
2879,320,Cu|Dy|Mo|O|Sr,3,1,3,4,3,4,2,1,3,4,4
2880,321,Cu|Gd|Mo|O|Sr,0,4,0,1,1,3,1,2,1,3,3
2881,322,Cu|Eu|Mo|O|Sr,4,0,3,0,0,2,4,2,4,4,2
2882,323,Cu|Mo|O|Sm|Sr,0,4,3,1,0,0,1,1,1,0,2
2883,324,Ba|Cu|Nd|O|Pr|Yb,4,4,4,4,2,3,1,2,4,3,3
2884,325,Ba|Cu|Er|Eu|O|Pr,2,4,2,3,0,1,3,4,1,0,4
2885,324,Ba|Cu|Nd|O|Pr|Yb,4,4,4,4,2,3,2,2,1,2,0
2886,325,Ba|Cu|Er|Eu|O|Pr,2,4,2,3,0,1,2,3,2,0,1
2887,125,Ba|Cu|O|Tl,0,1,2,3,4,1,1,1,0,4,2
2888,283,Ba|Ca|Cu|Eu|La|O,0,1,3,2,1,2,2,0,2,2,4
2889,283,Ba|Ca|Cu|Eu|La|O,0,1,3,2,1,2,4,3,3,2,0
2890,283,Ba|Ca|Cu|Eu|La|O,0,1,3,2,1,2,2,1,1,3,4
2891,284,Ba|Ca|Cu|Eu|O,4,3,3,1,2,2,1,3,4,2,0
2892,69,Cu|La|O,2,0,3,0,0,0,1,4,1,4,4
2893,46,Ba|Cu|F|O|Y,2,4,3,3,2,3,4,0,0,3,0
2894,326,C|Ca|Cu|O|Sr|Y,4,1,3,3,4,3,1,0,3,1,2
2895,327,Ce|Cu|Eu|Ga|O|Sr,1,4,4,0,3,4,0,4,4,1,1
2896,8,Ba|Cu|O|Y,0,1,2,1,3,1,2,2,1,0,3
2897,328,Ba|Ce|Cu|O|Y,2,2,3,1,0,0,4,2,4,2,4
2898,14,Ba|Cu|Dy|O,4,1,4,1,3,3,2,4,2,1,1
2899,329,Ba|Ce|Cu|Dy|O,2,4,0,1,4,4,3,1,3,3,1
2900,186,Ba|Cu|Lu|O|Pr,2,3,1,4,1,0,2,2,0,4,2
2901,68,Ba|Bi|K|O,0,1,2,0,3,0,0,1,0,0,0
2902,68,Ba|Bi|K|O,0,1,2,0,3,0,2,3,2,1,2
2903,68,Ba|Bi|K|O,0,1,2,0,3,0,4,2,4,2,2
2904,68,Ba|Bi|K|O,0,1,2,0,3,0,3,0,3,1,4
2905,68,Ba|Bi|K|O,0,1,2,0,3,0,3,3,4,4,4
2906,71,Bi|Ca|Cu|O|Pb|Sr,2,0,4,1,4,1,0,4,1,0,0
2907,49,Bi|Ca|Cu|O|Sr,2,0,2,4,3,0,0,0,3,3,1
2908,83,Bi|Ca|Cu|O|Sr|Y,4,3,2,2,1,2,2,0,0,3,1
2909,83,Bi|Ca|Cu|O|Sr|Y,4,3,2,2,1,2,3,3,2,2,2
2910,275,Ba|Cu|Dy|O|Sr,2,4,1,1,4,1,0,1,1,4,1
2911,66,Ba|Cu|O|Sr|Y,2,2,3,2,4,1,3,3,4,0,0
2912,330,Ba|Cu|Ho|O|Sr,1,0,0,3,0,0,1,2,2,0,2
2913,331,Ba|Cu|Er|O|Sr,3,3,0,4,4,0,3,1,1,3,1
2914,332,Ba|Cu|O|Sr|Tm,4,1,2,0,0,3,3,3,0,1,0
2915,333,Ba|Cu|Lu|O|Sr,3,0,4,2,3,0,1,2,2,1,4
2916,237,Ba|Cu|La|O|Sr,0,4,3,1,3,0,2,2,2,1,2
2917,334,Ba|Cu|Nd|O|Sr,3,4,4,0,0,3,1,1,2,4,4
2918,335,Ba|Cu|O|Sm|Sr,3,2,1,1,1,2,1,0,1,0,2
2919,336,Ba|Cu|Eu|O|Sr,3,3,2,0,3,2,1,1,0,3,1
2920,51,Ba|Cu|Gd|O|Sr,3,3,2,4,3,3,2,4,3,2,2
2921,249,Bi|Ca|Cu|O|Pr|Sr,4,2,4,2,2,3,1,0,3,3,2
2922,337,Bi|Ca|Cu|In|O|Sr,0,3,4,2,4,0,4,2,0,3,0
2923,338,Bi|Ca|Cu|O|Sb|Sr,2,0,1,0,3,1,0,4,3,1,0
2924,71,Bi|Ca|Cu|O|Pb|Sr,2,0,4,1,4,1,3,2,0,1,4
2925,257,Bi|Ca|Cu|O|Sn|Sr,2,4,1,3,4,1,1,3,1,3,0
2926,339,Bi|Ca|Cu|Ge|O|Sr,4,2,3,2,0,4,2,4,3,1,4
2927,47,Ba|Ca|Cu|O|Tl,3,2,1,1,4,1,4,3,2,4,3
2928,47,Ba|Ca|Cu|O|Tl,3,2,1,1,4,1,4,4,0,0,3
2929,17,Ba|Cu|O|Sm,4,0,0,3,4,1,3,2,1,2,4
2930,11,Ba|Cu|Nd|O,2,2,2,2,1,2,1,3,1,0,2
2931,2,Cu|La|O|Sr,1,2,3,2,2,0,3,1,3,1,3
2932,2,Cu|La|O|Sr,1,2,3,2,2,0,2,0,0,4,3
2933,2,Cu|La|O|Sr,1,2,3,2,2,0,2,2,0,2,3
2934,8,Ba|Cu|O|Y,0,1,2,1,3,1,2,0,4,1,2
2935,31,Ba|Cu|Fe|O|Y,3,2,3,4,1,0,3,0,1,4,3
2936,31,Ba|Cu|Fe|O|Y,3,2,3,4,1,0,2,2,2,2,1
2937,31,Ba|Cu|Fe|O|Y,3,2,3,4,1,0,4,0,1,0,2
2938,31,Ba|Cu|Fe|O|Y,3,2,3,4,1,0,3,1,0,4,0
2939,49,Bi|Ca|Cu|O|Sr,2,0,2,4,3,0,3,0,1,2,4
2940,83,Bi|Ca|Cu|O|Sr|Y,4,3,2,2,1,2,2,1,2,3,3
2941,83,Bi|Ca|Cu|O|Sr|Y,4,3,2,2,1,2,4,1,0,3,2
2942,2,Cu|La|O|Sr,1,2,3,2,2,0,0,2,1,2,2
2943,2,Cu|La|O|Sr,1,2,3,2,2,0,1,0,1,2,1
2944,2,Cu|La|O|Sr,1,2,3,2,2,0,2,2,2,4,0
2945,8,Ba|Cu|O|Y,0,1,2,1,3,1,4,3,0,0,2
2946,8,Ba|Cu|O|Y,0,1,2,1,3,1,1,1,3,4,2
2947,340,Ce|Cu|Eu|Fe|O|Sr,0,1,0,2,2,3,4,1,3,1,2
2948,341,Ce|Co|Cu|Eu|O|Sr,4,3,1,0,1,3,1,1,3,2,3
2949,342,Al|Ce|Cu|Eu|O|Sr,2,2,4,3,3,1,2,4,2,2,2
2950,343,Ce|Cu|Gd|O|Sm,0,4,4,2,1,3,3,4,4,2,1
2951,343,Ce|Cu|Gd|O|Sm,0,4,4,2,1,3,3,0,2,3,2
2952,343,Ce|Cu|Gd|O|Sm,0,4,4,2,1,3,1,0,2,1,4
2953,343,Ce|Cu|Gd|O|Sm,0,4,4,2,1,3,1,4,4,4,1
2954,343,Ce|Cu|Gd|O|Sm,0,4,4,2,1,3,2,1,4,1,2
2955,119,Ce|Cu|O|Sm,1,1,1,1,1,4,1,4,4,4,4
2956,344,Ce|Cu|Gd|O|Pr,4,2,4,1,4,0,0,3,4,3,4
2957,344,Ce|Cu|Gd|O|Pr,4,2,4,1,4,0,4,1,1,2,2
2958,344,Ce|Cu|Gd|O|Pr,4,2,4,1,4,0,2,0,1,2,1
2959,344,Ce|Cu|Gd|O|Pr,4,2,4,1,4,0,0,2,0,3,0
2960,344,Ce|Cu|Gd|O|Pr,4,2,4,1,4,0,4,0,0,1,1
2961,344,Ce|Cu|Gd|O|Pr,4,2,4,1,4,0,3,3,0,0,0
2962,344,Ce|Cu|Gd|O|Pr,4,2,4,1,4,0,1,4,3,3,4
2963,49,Bi|Ca|Cu|O|Sr,2,0,2,4,3,0,4,1,2,0,4
2964,102,Ba|Cu|O|Pr|Y,4,2,0,0,3,0,2,4,1,0,4
2965,62,Ba|Ca|Cu|La|O,1,3,2,0,1,3,3,1,0,3,2
2966,345,Ba|Ca|Ce|Cu|La|O,0,2,2,3,4,3,0,2,3,3,3
2967,345,Ba|Ca|Ce|Cu|La|O,0,2,2,3,4,3,0,3,3,4,3
2968,345,Ba|Ca|Ce|Cu|La|O,0,2,2,3,4,3,4,3,0,3,1
2969,288,Ba|Ca|Cu|La|Nd|O,4,3,1,1,2,2,4,2,2,0,4
2970,288,Ba|Ca|Cu|La|Nd|O,4,3,1,1,2,2,4,2,4,3,0
2971,288,Ba|Ca|Cu|La|Nd|O,4,3,1,1,2,2,0,2,3,3,2
2972,288,Ba|Ca|Cu|La|Nd|O,4,3,1,1,2,2,0,4,2,1,0
2973,288,Ba|Ca|Cu|La|Nd|O,4,3,1,1,2,2,1,1,0,4,4
2974,288,Ba|Ca|Cu|La|Nd|O,4,3,1,1,2,2,4,4,4,1,0
2975,288,Ba|Ca|Cu|La|Nd|O,4,3,1,1,2,2,1,1,0,2,1
2976,8,Ba|Cu|O|Y,0,1,2,1,3,1,0,0,1,4,2
2977,71,Bi|Ca|Cu|O|Pb|Sr,2,0,4,1,4,1,3,2,2,4,3
2978,346,Ce|Cu|O|Sr|Y,1,1,0,2,0,4,4,2,1,0,0
2979,14,Ba|Cu|Dy|O,4,1,4,1,3,3,4,0,4,2,1
2980,11,Ba|Cu|Nd|O,2,2,2,2,1,2,0,0,0,2,1
2981,347,Ba|Ca|Cd|Cu|La|O,3,2,2,0,0,1,3,1,2,2,0
2982,347,Ba|Ca|Cd|Cu|La|O,3,2,2,0,0,1,4,1,4,2,1
2983,347,Ba|Ca|Cd|Cu|La|O,3,2,2,0,0,1,2,2,4,3,3
2984,347,Ba|Ca|Cd|Cu|La|O,3,2,2,0,0,1,0,0,0,4,4
2985,347,Ba|Ca|Cd|Cu|La|O,3,2,2,0,0,1,1,0,4,2,3
2986,307,Ba|Ca|Cu|Hg|O,2,4,3,2,4,3,2,2,3,1,3
2987,307,Ba|Ca|Cu|Hg|O,2,4,3,2,4,3,4,0,0,4,3
2988,348,Ba|Ca|Cu|Hg|Nd|O,0,4,1,3,3,4,1,4,2,4,3
2989,348,Ba|Ca|Cu|Hg|Nd|O,0,4,1,3,3,4,3,1,1,2,4
2990,307,Ba|Ca|Cu|Hg|O,2,4,3,2,4,3,1,1,0,4,1
2991,307,Ba|Ca|Cu|Hg|O,2,4,3,2,4,3,3,3,1,3,0
2992,74,Ce|Cu|Nd|O,3,3,3,3,3,1,4,3,2,0,1
2993,74,Ce|Cu|Nd|O,3,3,3,3,3,1,4,3,3,1,3
2994,349,Ba|Bi|Ca|Cu|O|Pb|Sr|Tl,0,1,0,1,1,3,2,4,2,2,0
2995,350,Ca|Cu|Fe|O|Sr|Y,3,4,2,4,0,4,2,4,0,3,1
2996,350,Ca|Cu|Fe|O|Sr|Y,3,4,2,4,0,4,4,0,1,3,2
2997,350,Ca|Cu|Fe|O|Sr|Y,3,4,2,4,0,4,0,4,1,4,0
2998,351,Ba|Ca|Cu|O,4,0,0,3,3,4,1,1,1,2,0
2999,351,Ba|Ca|Cu|O,4,0,0,3,3,4,2,0,1,1,1
3000,351,Ba|Ca|Cu|O,4,0,0,3,3,4,3,0,0,0,4
3001,351,Ba|Ca|Cu|O,4,0,0,3,3,4,4,2,2,4,2
3002,307,Ba|Ca|Cu|Hg|O,2,4,3,2,4,3,2,4,2,2,4
3003,352,Ca|Cu|Hg|Nd|O|Pb|Sr,1,0,3,2,3,0,4,0,3,4,0
3004,353,C|Cu|Hg|O|Pb|Sr,4,1,2,3,3,2,4,1,1,0,0
3005,8,Ba|Cu|O|Y,0,1,2,1,3,1,2,2,3,1,3
3006,8,Ba|Cu|O|Y,0,1,2,1,3,1,2,1,3,1,2
3007,8,Ba|Cu|O|Y,0,1,2,1,3,1,2,0,2,2,4
3008,31,Ba|Cu|Fe|O|Y,3,2,3,4,1,0,1,3,2,0,3
3009,31,Ba|Cu|Fe|O|Y,3,2,3,4,1,0,2,3,4,2,1
3010,31,Ba|Cu|Fe|O|Y,3,2,3,4,1,0,1,2,4,1,4
3011,31,Ba|Cu|Fe|O|Y,3,2,3,4,1,0,4,0,0,2,0
3012,354,Ba|Cu|O|Yb|Zn,0,2,3,1,3,0,0,4,3,2,2
3013,82,Ba|Cu|Er|O|Zn,2,2,1,0,1,4,2,1,4,1,2
3014,40,Ba|Cu|O|Y|Zn,3,1,0,2,1,0,0,1,1,2,2
3015,80,Ba|Cu|Dy|O|Zn,2,2,2,1,2,4,3,1,3,1,1
3016,78,Ba|Cu|Gd|O|Zn,3,3,3,4,2,0,2,1,3,1,4
3017,148,Ba|Cu|Eu|O|Zn,4,0,1,1,2,2,1,1,1,0,1
3018,355,Ba|Cu|O|Sm|Zn,0,3,3,0,1,4,1,0,1,1,0
3019,76,Ba|Cu|Nd|O|Zn,0,1,2,0,2,1,1,0,1,1,0
3020,356,Bi|Cu|Hg|O|Sr|Y,1,3,4,1,1,0,0,4,4,2,4
3021,357,Bi|Ca|Cu|Hg|O|Sr|Y,3,1,4,3,1,0,1,0,1,2,0
3022,358,Ba|C|Cu|Hg|O|Sr,0,3,3,2,3,2,3,4,2,4,0
3023,358,Ba|C|Cu|Hg|O|Sr,0,3,3,2,3,2,0,1,3,4,1
3024,306,Ba|Cu|Hg|O,4,0,0,2,4,0,1,3,0,4,1
3025,306,Ba|Cu|Hg|O,4,0,0,2,4,0,1,4,1,1,0
3026,359,Ce|Cu|Eu|O|Sr,4,1,1,4,2,4,3,2,0,3,4
3027,360,Ce|Cu|O|Sm|Sr,0,2,3,1,2,4,3,2,4,0,4
3028,307,Ba|Ca|Cu|Hg|O,2,4,3,2,4,3,1,3,4,3,1
3029,361,Bi|Ca|Cu|Gd|In|O|Sr,2,0,2,2,1,0,3,4,3,2,1
3030,361,Bi|Ca|Cu|Gd|In|O|Sr,2,0,2,2,1,0,1,4,1,0,2
3031,8,Ba|Cu|O|Y,0,1,2,1,3,1,4,4,4,1,2
3032,8,Ba|Cu|O|Y,0,1,2,1,3,1,2,1,4,2,1
3033,8,Ba|Cu|O|Y,0,1,2,1,3,1,0,4,4,1,4
3034,8,Ba|Cu|O|Y,0,1,2,1,3,1,1,4,4,3,1
3035,102,Ba|Cu|O|Pr|Y,4,2,0,0,3,0,1,2,0,1,0
3036,102,Ba|Cu|O|Pr|Y,4,2,0,0,3,0,3,2,1,0,2
3037,102,Ba|Cu|O|Pr|Y,4,2,0,0,3,0,1,3,2,1,1
3038,102,Ba|Cu|O|Pr|Y,4,2,0,0,3,0,0,1,2,0,2
3039,102,Ba|Cu|O|Pr|Y,4,2,0,0,3,0,2,0,0,2,1
3040,102,Ba|Cu|O|Pr|Y,4,2,0,0,3,0,3,3,3,3,2
3041,102,Ba|Cu|O|Pr|Y,4,2,0,0,3,0,4,4,1,4,1
3042,362,Ba|Ca|Ce|Cu|Lu|O,1,3,4,1,1,0,0,1,2,0,2
3043,362,Ba|Ca|Ce|Cu|Lu|O,1,3,4,1,1,0,2,4,0,3,3
3044,362,Ba|Ca|Ce|Cu|Lu|O,1,3,4,1,1,0,4,3,0,1,0
3045,363,Ba|Ce|Cu|Lu|O,2,3,2,1,4,3,3,3,1,0,2
3046,186,Ba|Cu|Lu|O|Pr,2,3,1,4,1,0,2,2,3,1,2
3047,186,Ba|Cu|Lu|O|Pr,2,3,1,4,1,0,0,4,0,1,0
3048,364,Ba|Ca|Cu|Lu|O|Pr,1,3,1,1,4,0,0,3,3,1,4
3049,186,Ba|Cu|Lu|O|Pr,2,3,1,4,1,0,4,0,4,4,0
3050,186,Ba|Cu|Lu|O|Pr,2,3,1,4,1,0,2,1,4,0,0
3051,364,Ba|Ca|Cu|Lu|O|Pr,1,3,1,1,4,0,0,4,4,2,0
3052,186,Ba|Cu|Lu|O|Pr,2,3,1,4,1,0,2,3,1,3,1
3053,364,Ba|Ca|Cu|Lu|O|Pr,1,3,1,1,4,0,0,3,2,1,1
3054,186,Ba|Cu|Lu|O|Pr,2,3,1,4,1,0,3,4,0,0,1
3055,186,Ba|Cu|Lu|O|Pr,2,3,1,4,1,0,1,2,4,2,1
3056,186,Ba|Cu|Lu|O|Pr,2,3,1,4,1,0,3,4,0,1,1
3057,306,Ba|Cu|Hg|O,4,0,0,2,4,0,1,0,2,3,0
3058,351,Ba|Ca|Cu|O,4,0,0,3,3,4,4,0,3,0,4
3059,307,Ba|Ca|Cu|Hg|O,2,4,3,2,4,3,2,3,4,2,0
3060,307,Ba|Ca|Cu|Hg|O,2,4,3,2,4,3,3,3,1,3,1
3061,102,Ba|Cu|O|Pr|Y,4,2,0,0,3,0,0,4,2,1,0
3062,102,Ba|Cu|O|Pr|Y,4,2,0,0,3,0,1,4,0,4,1
3063,102,Ba|Cu|O|Pr|Y,4,2,0,0,3,0,3,2,4,2,1
3064,102,Ba|Cu|O|Pr|Y,4,2,0,0,3,0,0,0,0,3,0
3065,4,Ba|Ca|Cu|O|Y,3,0,0,0,2,3,3,2,2,3,3
3066,142,Ba|Ca|Cu|O|Pr|Y,4,2,3,0,3,4,2,3,1,2,0
3067,142,Ba|Ca|Cu|O|Pr|Y,4,2,3,0,3,4,2,3,2,0,1
3068,142,Ba|Ca|Cu|O|Pr|Y,4,2,3,0,3,4,4,1,4,2,0
3069,142,Ba|Ca|Cu|O|Pr|Y,4,2,3,0,3,4,1,0,1,1,0
3070,165,Ce|Cu|La|Nd|O,3,3,0,2,2,4,3,4,3,3,0
3071,165,Ce|Cu|La|Nd|O,3,3,0,2,2,4,2,1,3,1,0
3072,165,Ce|Cu|La|Nd|O,3,3,0,2,2,4,4,0,0,3,1
3073,165,Ce|Cu|La|Nd|O,3,3,0,2,2,4,0,3,2,2,2
3074,165,Ce|Cu|La|Nd|O,3,3,0,2,2,4,2,3,2,1,2
3075,165,Ce|Cu|La|Nd|O,3,3,0,2,2,4,1,0,0,0,4
3076,47,Ba|Ca|Cu|O|Tl,3,2,1,1,4,1,0,3,3,2,3
3077,365,Ba|Cu|Hg|O|Pb,2,4,1,1,4,2,4,1,4,1,4
3078,40,Ba|Cu|O|Y|Zn,3,1,0,2,1,0,0,1,4,1,3
3079,40,Ba|Cu|O|Y|Zn,3,1,0,2,1,0,0,2,2,2,0
3080,40,Ba|Cu|O|Y|Zn,3,1,0,2,1,0,2,1,0,4,1
3081,40,Ba|Cu|O|Y|Zn,3,1,0,2,1,0,1,1,3,2,2
3082,68,Ba|Bi|K|O,0,1,2,0,3,0,4,4,2,3,4
3083,68,Ba|Bi|K|O,0,1,2,0,3,0,2,4,0,2,2
3084,68,Ba|Bi|K|O,0,1,2,0,3,0,4,3,1,2,3
3085,49,Bi|Ca|Cu|O|Sr,2,0,2,4,3,0,3,0,3,2,1
3086,125,Ba|Cu|O|Tl,0,1,2,3,4,1,3,1,4,4,2
3087,47,Ba|Ca|Cu|O|Tl,3,2,1,1,4,1,4,0,3,3,1
3088,47,Ba|Ca|Cu|O|Tl,3,2,1,1,4,1,2,1,0,1,2
3089,49,Bi|Ca|Cu|O|Sr,2,0,2,4,3,0,0,4,0,1,4
3090,49,Bi|Ca|Cu|O|Sr,2,0,2,4,3,0,1,2,2,3,4
3091,49,Bi|Ca|Cu|O|Sr,2,0,2,4,3,0,4,0,0,1,4
3092,49,Bi|Ca|Cu|O|Sr,2,0,2,4,3,0,3,2,0,4,2
3093,351,Ba|Ca|Cu|O,4,0,0,3,3,4,0,4,4,1,4
3094,2,Cu|La|O|Sr,1,2,3,2,2,0,1,0,2,3,1
3095,25,Cu|La|Ni|O|Sr,3,4,4,4,0,3,4,0,0,3,3
3096,25,Cu|La|Ni|O|Sr,3,4,4,4,0,3,4,3,3,0,1
3097,25,Cu|La|Ni|O|Sr,3,4,4,4,0,3,2,1,0,2,2
3098,25,Cu|La|Ni|O|Sr,3,4,4,4,0,3,3,2,2,4,3
3099,25,Cu|La|Ni|O|Sr,3,4,4,4,0,3,1,1,1,2,1
3100,25,Cu|La|Ni|O|Sr,3,4,4,4,0,3,3,1,3,0,4
3101,25,Cu|La|Ni|O|Sr,3,4,4,4,0,3,0,3,3,4,2
3102,2,Cu|La|O|Sr,1,2,3,2,2,0,0,3,4,0,3
3103,25,Cu|La|Ni|O|Sr,3,4,4,4,0,3,2,2,2,4,0
3104,49,Bi|Ca|Cu|O|Sr,2,0,2,4,3,0,0,3,3,0,3
3105,49,Bi|Ca|Cu|O|Sr,2,0,2,4,3,0,1,0,1,4,2
3106,49,Bi|Ca|Cu|O|Sr,2,0,2,4,3,0,2,0,4,1,3
3107,49,Bi|Ca|Cu|O|Sr,2,0,2,4,3,0,4,2,0,3,3
3108,49,Bi|Ca|Cu|O|Sr,2,0,2,4,3,0,4,3,1,0,1
3109,8,Ba|Cu|O|Y,0,1,2,1,3,1,1,4,2,2,3
3110,102,Ba|Cu|O|Pr|Y,4,2,0,0,3,0,4,4,4,4,3
3111,102,Ba|Cu|O|Pr|Y,4,2,0,0,3,0,4,1,4,2,4
3112,102,Ba|Cu|O|Pr|Y,4,2,0,0,3,0,3,3,3,3,1
3113,366,Cl|Cu|La|O|Sr,2,2,0,4,4,2,4,3,2,1,2
3114,366,Cl|Cu|La|O|Sr,2,2,0,4,4,2,3,4,0,0,4
3115,366,Cl|Cu|La|O|Sr,2,2,0,4,4,2,4,4,4,4,4
3116,161,Bi|Ce|Cu|O|Sr|Y,2,2,0,2,4,1,0,2,4,0,0
3117,367,Bi|Ce|Cu|O|Pb|Sr|Y,3,3,0,2,4,3,1,0,4,0,2
3118,367,Bi|Ce|Cu|O|Pb|Sr|Y,3,3,0,2,4,3,2,0,0,4,0
3119,367,Bi|Ce|Cu|O|Pb|Sr|Y,3,3,0,2,4,3,3,0,1,4,2
3120,367,Bi|Ce|Cu|O|Pb|Sr|Y,3,3,0,2,4,3,0,4,4,2,1
3121,367,Bi|Ce|Cu|O|Pb|Sr|Y,3,3,0,2,4,3,2,3,2,3,3
3122,62,Ba|Ca|Cu|La|O,1,3,2,0,1,3,1,4,4,3,4
3123,62,Ba|Ca|Cu|La|O,1,3,2,0,1,3,1,3,4,1,3
3124,62,Ba|Ca|Cu|La|O,1,3,2,0,1,3,2,4,2,4,3
3125,62,Ba|Ca|Cu|La|O,1,3,2,0,1,3,0,2,0,4,1
3126,62,Ba|Ca|Cu|La|O,1,3,2,0,1,3,1,3,0,4,0
3127,62,Ba|Ca|Cu|La|O,1,3,2,0,1,3,2,3,2,1,4
3128,62,Ba|Ca|Cu|La|O,1,3,2,0,1,3,3,0,1,2,2
3129,62,Ba|Ca|Cu|La|O,1,3,2,0,1,3,2,4,1,1,2
3130,69,Cu|La|O,2,0,3,0,0,0,2,4,4,1,4
3131,0,Ba|Cu|La|O,2,4,2,3,0,4,1,3,2,0,2
3132,0,Ba|Cu|La|O,2,4,2,3,0,4,1,1,1,4,3
3133,0,Ba|Cu|La|O,2,4,2,3,0,4,4,1,0,1,2
3134,0,Ba|Cu|La|O,2,4,2,3,0,4,4,2,0,0,2
3135,0,Ba|Cu|La|O,2,4,2,3,0,4,4,0,4,2,3
3136,0,Ba|Cu|La|O,2,4,2,3,0,4,3,0,4,0,1
3137,368,C|N|Na,1,4,0,0,4,3,1,0,2,1,4
3138,49,Bi|Ca|Cu|O|Sr,2,0,2,4,3,0,3,4,4,1,0
3139,4,Ba|Ca|Cu|O|Y,3,0,0,0,2,3,4,4,3,2,4
3140,4,Ba|Ca|Cu|O|Y,3,0,0,0,2,3,1,3,3,1,1
3141,4,Ba|Ca|Cu|O|Y,3,0,0,0,2,3,1,1,3,4,4
3142,57,Ba|Cu|La|O|Y,4,0,3,4,0,1,3,0,2,4,1
3143,57,Ba|Cu|La|O|Y,4,0,3,4,0,1,3,3,0,4,2
3144,57,Ba|Cu|La|O|Y,4,0,3,4,0,1,0,1,1,4,3
3145,57,Ba|Cu|La|O|Y,4,0,3,4,0,1,1,0,1,4,0
3146,57,Ba|Cu|La|O|Y,4,0,3,4,0,1,1,3,1,1,4
3147,57,Ba|Cu|La|O|Y,4,0,3,4,0,1,0,2,4,3,1
3148,57,Ba|Cu|La|O|Y,4,0,3,4,0,1,0,0,3,0,1
3149,57,Ba|Cu|La|O|Y,4,0,3,4,0,1,2,4,3,1,0
3150,8,Ba|Cu|O|Y,0,1,2,1,3,1,4,4,2,0,1
3151,57,Ba|Cu|La|O|Y,4,0,3,4,0,1,0,4,4,1,3
3152,57,Ba|Cu|La|O|Y,4,0,3,4,0,1,1,1,4,0,1
3153,57,Ba|Cu|La|O|Y,4,0,3,4,0,1,1,0,0,2,4
3154,0,Ba|Cu|La|O,2,4,2,3,0,4,1,4,1,4,4
3155,0,Ba|Cu|La|O,2,4,2,3,0,4,1,4,4,0,2
3156,68,Ba|Bi|K|O,0,1,2,0,3,0,1,4,4,1,1
3157,68,Ba|Bi|K|O,0,1,2,0,3,0,2,3,2,3,0
3158,369,Cu|O|Sr,1,1,2,1,4,3,1,0,0,2,2
3159,370,Ca|Cu|O|Sr,3,3,1,1,0,0,2,4,3,3,1
3160,371,Cu|O|Sm|Sr,1,3,3,0,0,4,1,1,0,0,2
3161,102,Ba|Cu|O|Pr|Y,4,2,0,0,3,0,0,1,4,4,3
3162,2,Cu|La|O|Sr,1,2,3,2,2,0,3,2,2,2,1
3163,120,Bi|Cu|La|O|Sr,1,3,1,3,0,0,2,4,3,3,3
3164,140,Ca|Cu|O|Pb|Sr|Tl,3,2,2,0,0,4,2,4,0,2,2
3165,372,Ba|Ca|Cu|Hg|O|Tl,0,3,2,1,4,2,2,2,1,1,4
3166,373,Cu|H|La|O|Sr,1,4,4,4,0,4,2,4,3,0,0
3167,373,Cu|H|La|O|Sr,1,4,4,4,0,4,2,2,4,1,3
3168,373,Cu|H|La|O|Sr,1,4,4,4,0,4,4,4,2,0,4
3169,373,Cu|H|La|O|Sr,1,4,4,4,0,4,1,0,4,2,2
3170,274,Cu|O|Sr|Ti|Y,4,4,3,4,4,1,2,4,3,1,2
3171,274,Cu|O|Sr|Ti|Y,4,4,3,4,4,1,0,3,3,3,1
3172,274,Cu|O|Sr|Ti|Y,4,4,3,4,4,1,2,4,4,4,3
3173,374,Cu|O|Sr|Y,0,3,3,2,1,2,3,2,3,4,0
3174,374,Cu|O|Sr|Y,0,3,3,2,1,2,4,3,1,1,0
3175,374,Cu|O|Sr|Y,0,3,3,2,1,2,3,4,2,3,0
3176,374,Cu|O|Sr|Y,0,3,3,2,1,2,0,2,4,0,3
3177,374,Cu|O|Sr|Y,0,3,3,2,1,2,2,0,2,3,4
3178,374,Cu|O|Sr|Y,0,3,3,2,1,2,2,3,4,3,0
3179,125,Ba|Cu|O|Tl,0,1,2,3,4,1,4,4,2,2,1
3180,125,Ba|Cu|O|Tl,0,1,2,3,4,1,2,1,1,0,1
3181,108,Ca|Cu|O|Sr|Tl,4,2,1,1,0,4,0,2,2,3,0
3182,375,Bi|C|Cu|O|Pb|Sr,4,4,2,1,4,2,0,2,4,2,3
3183,375,Bi|C|Cu|O|Pb|Sr,4,4,2,1,4,2,2,4,3,4,3
3184,376,B|C|Cu|O|Sr,0,2,4,2,3,0,0,4,4,0,2
3185,377,B|C|Ca|Cu|O|Sr,1,3,4,0,0,2,4,3,1,3,2
3186,377,B|C|Ca|Cu|O|Sr,1,3,4,0,0,2,4,1,3,2,3
3187,118,Ce|Cu|O|Pr,3,0,4,2,3,3,4,1,2,2,1
3188,119,Ce|Cu|O|Sm,1,1,1,1,1,4,1,1,0,0,4
3189,74,Ce|Cu|Nd|O,3,3,3,3,3,1,3,1,3,1,3
3190,2,Cu|La|O|Sr,1,2,3,2,2,0,2,1,0,0,4
3191,2,Cu|La|O|Sr,1,2,3,2,2,0,4,0,2,0,3
3192,2,Cu|La|O|Sr,1,2,3,2,2,0,1,1,2,3,0
3193,378,Ba|C|Ca|Cu|O,2,3,4,2,1,4,0,0,1,4,1
3194,378,Ba|C|Ca|Cu|O,2,3,4,2,1,4,3,3,1,1,4
3195,379,Cu|La|O|Rb,3,1,4,3,1,0,2,1,4,2,3
3196,380,Cu|K|La|O,0,0,2,4,3,3,1,2,1,1,3
3197,52,Cu|La|Na|O,3,1,4,2,4,0,0,3,1,0,3
3198,43,Ba|Co|Cu|O|Y,1,2,3,2,1,3,0,0,1,3,4
3199,43,Ba|Co|Cu|O|Y,1,2,3,2,1,3,3,4,2,1,3
3200,8,Ba|Cu|O|Y,0,1,2,1,3,1,1,2,2,3,0
3201,8,Ba|Cu|O|Y,0,1,2,1,3,1,2,1,0,2,0
3202,8,Ba|Cu|O|Y,0,1,2,1,3,1,3,3,0,0,4
3203,47,Ba|Ca|Cu|O|Tl,3,2,1,1,4,1,1,1,1,0,0
3204,120,Bi|Cu|La|O|Sr,1,3,1,3,0,0,4,3,3,0,1
3205,120,Bi|Cu|La|O|Sr,1,3,1,3,0,0,2,3,0,2,1
3206,120,Bi|Cu|La|O|Sr,1,3,1,3,0,0,1,3,4,0,0
3207,120,Bi|Cu|La|O|Sr,1,3,1,3,0,0,2,1,2,0,0
3208,120,Bi|Cu|La|O|Sr,1,3,1,3,0,0,3,0,4,4,4
3209,381,Bi|Cu|O|Pr|Sr,1,2,3,3,2,3,3,1,3,3,4
3210,381,Bi|Cu|O|Pr|Sr,1,2,3,3,2,3,2,2,3,1,0
3211,381,Bi|Cu|O|Pr|Sr,1,2,3,3,2,3,4,2,4,1,0
3212,381,Bi|Cu|O|Pr|Sr,1,2,3,3,2,3,2,1,3,1,3
3213,381,Bi|Cu|O|Pr|Sr,1,2,3,3,2,3,1,2,3,2,3
3214,112,Bi|Cu|Nd|O|Sr,2,4,4,0,1,3,1,0,3,4,4
3215,112,Bi|Cu|Nd|O|Sr,2,4,4,0,1,3,4,1,2,1,1
3216,112,Bi|Cu|Nd|O|Sr,2,4,4,0,1,3,4,0,1,4,1
3217,112,Bi|Cu|Nd|O|Sr,2,4,4,0,1,3,3,4,2,3,1
3218,169,Bi|Cu|La|O|Pb|Sr,1,0,1,2,2,1,4,3,3,1,0
3219,6,Ba|Cu|O|Yb,2,1,0,1,0,4,4,3,4,0,0
3220,185,Ba|Cu|O|Pr|Yb,1,2,3,0,4,4,0,4,0,1,2
3221,185,Ba|Cu|O|Pr|Yb,1,2,3,0,4,4,4,4,1,3,4
3222,185,Ba|Cu|O|Pr|Yb,1,2,3,0,4,4,3,2,3,2,3
3223,185,Ba|Cu|O|Pr|Yb,1,2,3,0,4,4,1,1,3,3,2
3224,185,Ba|Cu|O|Pr|Yb,1,2,3,0,4,4,3,2,2,2,4
3225,185,Ba|Cu|O|Pr|Yb,1,2,3,0,4,4,0,3,2,1,1
3226,185,Ba|Cu|O|Pr|Yb,1,2,3,0,4,4,2,4,0,2,4
3227,2,Cu|La|O|Sr,1,2,3,2,2,0,1,0,2,1,3
3228,25,Cu|La|Ni|O|Sr,3,4,4,4,0,3,3,1,3,0,1
3229,25,Cu|La|Ni|O|Sr,3,4,4,4,0,3,4,2,2,4,4
3230,25,Cu|La|Ni|O|Sr,3,4,4,4,0,3,0,1,3,2,0
3231,25,Cu|La|Ni|O|Sr,3,4,4,4,0,3,0,0,2,1,3
3232,2,Cu|La|O|Sr,1,2,3,2,2,0,0,4,4,3,2
3233,25,Cu|La|Ni|O|Sr,3,4,4,4,0,3,3,4,2,3,3
3234,25,Cu|La|Ni|O|Sr,3,4,4,4,0,3,0,3,3,4,1
3235,25,Cu|La|Ni|O|Sr,3,4,4,4,0,3,4,2,3,4,3
3236,25,Cu|La|Ni|O|Sr,3,4,4,4,0,3,0,3,1,0,2
3237,25,Cu|La|Ni|O|Sr,3,4,4,4,0,3,2,3,0,3,2
3238,2,Cu|La|O|Sr,1,2,3,2,2,0,1,2,4,2,1
3239,25,Cu|La|Ni|O|Sr,3,4,4,4,0,3,0,0,3,0,3
3240,2,Cu|La|O|Sr,1,2,3,2,2,0,1,4,0,4,1
3241,25,Cu|La|Ni|O|Sr,3,4,4,4,0,3,3,4,1,3,2
3242,25,Cu|La|Ni|O|Sr,3,4,4,4,0,3,4,3,4,2,1
3243,25,Cu|La|Ni|O|Sr,3,4,4,4,0,3,1,3,1,4,4
3244,25,Cu|La|Ni|O|Sr,3,4,4,4,0,3,4,0,1,0,1
3245,25,Cu|La|Ni|O|Sr,3,4,4,4,0,3,1,0,2,3,0
3246,25,Cu|La|Ni|O|Sr,3,4,4,4,0,3,3,3,2,2,4
3247,2,Cu|La|O|Sr,1,2,3,2,2,0,3,0,2,3,3
3248,2,Cu|La|O|Sr,1,2,3,2,2,0,4,0,2,4,0
3249,2,Cu|La|O|Sr,1,2,3,2,2,0,1,0,0,0,1
3250,2,Cu|La|O|Sr,1,2,3,2,2,0,4,4,4,4,2
3251,25,Cu|La|Ni|O|Sr,3,4,4,4,0,3,3,2,2,1,3
3252,25,Cu|La|Ni|O|Sr,3,4,4,4,0,3,4,4,1,3,1
3253,25,Cu|La|Ni|O|Sr,3,4,4,4,0,3,0,0,1,0,4
3254,25,Cu|La|Ni|O|Sr,3,4,4,4,0,3,0,4,4,1,1
3255,378,Ba|C|Ca|Cu|O,2,3,4,2,1,4,4,4,4,3,0
3256,378,Ba|C|Ca|Cu|O,2,3,4,2,1,4,0,4,4,3,1
3257,382,Ba|Ca|Cu|Hg|O|Sr|Tl,4,3,0,1,2,0,1,0,4,4,2
3258,382,Ba|Ca|Cu|Hg|O|Sr|Tl,4,3,0,1,2,0,2,2,1,0,0
3259,17,Ba|Cu|O|Sm,4,0,0,3,4,1,0,0,1,0,0
3260,17,Ba|Cu|O|Sm,4,0,0,3,4,1,1,2,0,3,2
3261,17,Ba|Cu|O|Sm,4,0,0,3,4,1,0,0,3,2,0
3262,383,Ca|Cu|O|Tm,2,2,0,2,4,4,3,2,0,0,3
3263,384,Ca|Cu|O|Se|Sr|Y,4,1,3,2,4,2,0,4,2,4,1
3264,125,Ba|Cu|O|Tl,0,1,2,3,4,1,4,1,4,0,4
3265,47,Ba|Ca|Cu|O|Tl,3,2,1,1,4,1,1,3,0,1,4
3266,8,Ba|Cu|O|Y,0,1,2,1,3,1,1,4,3,2,3
3267,357,Bi|Ca|Cu|Hg|O|Sr|Y,3,1,4,3,1,0,1,0,0,0,2
3268,120,Bi|Cu|La|O|Sr,1,3,1,3,0,0,0,0,0,3,0
3269,49,Bi|Ca|Cu|O|Sr,2,0,2,4,3,0,1,3,1,2,3
3270,153,Bi|Ca|Cu|O|Sr|Yb,3,4,4,3,2,1,2,1,2,0,1
3271,71,Bi|Ca|Cu|O|Pb|Sr,2,0,4,1,4,1,1,1,2,4,1
3272,326,C|Ca|Cu|O|Sr|Y,4,1,3,3,4,3,3,0,0,4,3
3273,326,C|Ca|Cu|O|Sr|Y,4,1,3,3,4,3,0,2,0,0,4
3274,326,C|Ca|Cu|O|Sr|Y,4,1,3,3,4,3,2,3,0,2,1
3275,326,C|Ca|Cu|O|Sr|Y,4,1,3,3,4,3,4,4,0,0,4
3276,326,C|Ca|Cu|O|Sr|Y,4,1,3,3,4,3,3,3,2,1,3
3277,326,C|Ca|Cu|O|Sr|Y,4,1,3,3,4,3,1,2,1,0,3
3278,326,C|Ca|Cu|O|Sr|Y,4,1,3,3,4,3,4,0,1,4,4
3279,326,C|Ca|Cu|O|Sr|Y,4,1,3,3,4,3,2,2,2,3,2
3280,307,Ba|Ca|Cu|Hg|O,2,4,3,2,4,3,4,2,4,1,1
3281,307,Ba|Ca|Cu|Hg|O,2,4,3,2,4,3,1,2,0,0,1
3282,385,Bi|C|Cu|Hg|O|Sr,0,0,2,1,3,0,0,2,0,1,0
3283,386,Bi|Ca|Cu|O|Pb|Sr|Te,1,2,2,2,3,4,0,0,4,2,1
3284,36,Bi|Cu|O|Sr,2,2,4,1,2,0,0,0,0,4,0
3285,136,Bi|Cu|O|Pb|Sr,2,4,0,4,3,1,2,3,3,1,2
3286,387,Ca|Cd|Cu|O|Pb|Sr|Y,0,4,3,2,2,4,3,0,1,2,2
3287,387,Ca|Cd|Cu|O|Pb|Sr|Y,0,4,3,2,2,4,3,3,4,4,4
3288,387,Ca|Cd|Cu|O|Pb|Sr|Y,0,4,3,2,2,4,4,2,3,4,3
3289,387,Ca|Cd|Cu|O|Pb|Sr|Y,0,4,3,2,2,4,4,0,1,3,4
3290,387,Ca|Cd|Cu|O|Pb|Sr|Y,0,4,3,2,2,4,4,2,0,4,4
3291,387,Ca|Cd|Cu|O|Pb|Sr|Y,0,4,3,2,2,4,0,1,2,4,2
3292,388,Ba|Cu|In|O|Y,2,4,2,3,0,4,4,1,1,0,0
3293,275,Ba|Cu|Dy|O|Sr,2,4,1,1,4,1,4,3,4,2,0
3294,275,Ba|Cu|Dy|O|Sr,2,4,1,1,4,1,1,0,0,0,4
3295,275,Ba|Cu|Dy|O|Sr,2,4,1,1,4,1,2,3,4,4,0
3296,275,Ba|Cu|Dy|O|Sr,2,4,1,1,4,1,3,2,0,0,1
3297,31,Ba|Cu|Fe|O|Y,3,2,3,4,1,0,3,3,4,4,3
3298,31,Ba|Cu|Fe|O|Y,3,2,3,4,1,0,0,1,0,2,1
3299,31,Ba|Cu|Fe|O|Y,3,2,3,4,1,0,2,3,3,4,4
3300,31,Ba|Cu|Fe|O|Y,3,2,3,4,1,0,4,2,1,4,1
3301,37,Ba|Cu|Ni|O|Y,1,0,2,1,2,2,4,1,2,0,4
3302,37,Ba|Cu|Ni|O|Y,1,0,2,1,2,2,0,3,0,4,2
3303,37,Ba|Cu|Ni|O|Y,1,0,2,1,2,2,3,4,1,3,1
3304,37,Ba|Cu|Ni|O|Y,1,0,2,1,2,2,2,2,2,0,0
3305,37,Ba|Cu|Ni|O|Y,1,0,2,1,2,2,2,2,1,3,1
3306,37,Ba|Cu|Ni|O|Y,1,0,2,1,2,2,2,4,2,4,3
3307,37,Ba|Cu|Ni|O|Y,1,0,2,1,2,2,4,4,1,2,1
3308,40,Ba|Cu|O|Y|Zn,3,1,0,2,1,0,4,0,1,2,3
3309,40,Ba|Cu|O|Y|Zn,3,1,0,2,1,0,0,0,3,3,0
3310,40,Ba|Cu|O|Y|Zn,3,1,0,2,1,0,2,0,2,2,0
3311,40,Ba|Cu|O|Y|Zn,3,1,0,2,1,0,0,4,3,3,2
3312,36,Bi|Cu|O|Sr,2,2,4,1,2,0,4,0,0,1,4
3313,36,Bi|Cu|O|Sr,2,2,4,1,2,0,4,1,1,3,2
3314,36,Bi|Cu|O|Sr,2,2,4,1,2,0,1,4,3,3,1
3315,36,Bi|Cu|O|Sr,2,2,4,1,2,0,3,0,3,0,1
3316,36,Bi|Cu|O|Sr,2,2,4,1,2,0,3,4,0,0,2
3317,36,Bi|Cu|O|Sr,2,2,4,1,2,0,1,2,4,2,0
3318,389,Bi|C|Cu|O|Sr,1,3,2,4,0,2,0,3,2,0,4
3319,389,Bi|C|Cu|O|Sr,1,3,2,4,0,2,1,4,3,2,1
3320,389,Bi|C|Cu|O|Sr,1,3,2,4,0,2,2,4,0,4,0
3321,11,Ba|Cu|Nd|O,2,2,2,2,1,2,1,4,0,2,2
3322,11,Ba|Cu|Nd|O,2,2,2,2,1,2,4,1,1,2,4
3323,390,Ba|Cu|Ni|O|Y|Zn,3,1,1,4,4,2,3,0,0,4,4
3324,390,Ba|Cu|Ni|O|Y|Zn,3,1,1,4,4,2,3,2,0,4,4
3325,390,Ba|Cu|Ni|O|Y|Zn,3,1,1,4,4,2,2,0,1,1,4
3326,37,Ba|Cu|Ni|O|Y,1,0,2,1,2,2,0,4,4,0,1
3327,8,Ba|Cu|O|Y,0,1,2,1,3,1,2,3,1,3,3
3328,68,Ba|Bi|K|O,0,1,2,0,3,0,1,2,1,3,1
3329,68,Ba|Bi|K|O,0,1,2,0,3,0,2,2,2,4,2
3330,68,Ba|Bi|K|O,0,1,2,0,3,0,3,1,3,3,3
3331,118,Ce|Cu|O|Pr,3,0,4,2,3,3,0,1,1,2,0
3332,118,Ce|Cu|O|Pr,3,0,4,2,3,3,3,2,3,0,3
3333,118,Ce|Cu|O|Pr,3,0,4,2,3,3,4,3,0,3,0
3334,118,Ce|Cu|O|Pr,3,0,4,2,3,3,2,4,4,1,1
3335,391,Bi|Ca|Ce|Cu|O|Sr,1,1,4,1,1,1,1,3,2,4,0
3336,391,Bi|Ca|Ce|Cu|O|Sr,1,1,4,1,1,1,0,3,3,1,4
3337,391,Bi|Ca|Ce|Cu|O|Sr,1,1,4,1,1,1,3,0,1,2,3
3338,49,Bi|Ca|Cu|O|Sr,2,0,2,4,3,0,3,3,3,1,3
3339,249,Bi|Ca|Cu|O|Pr|Sr,4,2,4,2,2,3,4,0,0,1,4
3340,249,Bi|Ca|Cu|O|Pr|Sr,4,2,4,2,2,3,4,4,1,0,0
3341,249,Bi|Ca|Cu|O|Pr|Sr,4,2,4,2,2,3,1,3,1,0,3
3342,249,Bi|Ca|Cu|O|Pr|Sr,4,2,4,2,2,3,1,2,3,4,2
3343,249,Bi|Ca|Cu|O|Pr|Sr,4,2,4,2,2,3,1,2,2,4,3
3344,249,Bi|Ca|Cu|O|Pr|Sr,4,2,4,2,2,3,2,0,1,0,0
3345,49,Bi|Ca|Cu|O|Sr,2,0,2,4,3,0,2,0,2,0,2
3346,155,Bi|Ce|Cu|Nd|O|Sr,0,3,4,2,3,2,4,3,3,1,2
3347,158,Bi|Ce|Cu|Gd|O|Sr,0,2,2,0,3,0,4,1,2,3,0
3348,37,Ba|Cu|Ni|O|Y,1,0,2,1,2,2,2,4,4,1,0
3349,37,Ba|Cu|Ni|O|Y,1,0,2,1,2,2,4,3,2,4,0
3350,37,Ba|Cu|Ni|O|Y,1,0,2,1,2,2,2,2,4,3,2
3351,40,Ba|Cu|O|Y|Zn,3,1,0,2,1,0,1,0,1,3,0
3352,40,Ba|Cu|O|Y|Zn,3,1,0,2,1,0,1,4,2,1,2
3353,40,Ba|Cu|O|Y|Zn,3,1,0,2,1,0,2,2,3,0,4
3354,31,Ba|Cu|Fe|O|Y,3,2,3,4,1,0,1,0,4,4,2
3355,31,Ba|Cu|Fe|O|Y,3,2,3,4,1,0,2,0,4,1,3
3356,31,Ba|Cu|Fe|O|Y,3,2,3,4,1,0,4,4,4,0,3
3357,31,Ba|Cu|Fe|O|Y,3,2,3,4,1,0,3,1,0,2,4
3358,8,Ba|Cu|O|Y,0,1,2,1,3,1,0,2,4,0,0
3359,31,Ba|Cu|Fe|O|Y,3,2,3,4,1,0,1,3,2,2,1
3360,31,Ba|Cu|Fe|O|Y,3,2,3,4,1,0,4,1,4,0,4
3361,31,Ba|Cu|Fe|O|Y,3,2,3,4,1,0,0,0,4,3,1
3362,31,Ba|Cu|Fe|O|Y,3,2,3,4,1,0,4,4,0,2,2
3363,40,Ba|Cu|O|Y|Zn,3,1,0,2,1,0,3,2,1,0,3
3364,40,Ba|Cu|O|Y|Zn,3,1,0,2,1,0,3,3,3,2,4
3365,40,Ba|Cu|O|Y|Zn,3,1,0,2,1,0,3,1,3,3,4
3366,40,Ba|Cu|O|Y|Zn,3,1,0,2,1,0,4,0,0,3,2
3367,37,Ba|Cu|Ni|O|Y,1,0,2,1,2,2,0,2,2,4,4
3368,37,Ba|Cu|Ni|O|Y,1,0,2,1,2,2,0,0,1,1,1
3369,37,Ba|Cu|Ni|O|Y,1,0,2,1,2,2,2,2,0,4,1
3370,141,Bi|Ca|Cu|Fe|O|Sr,2,1,3,2,4,0,3,0,2,1,1
3371,141,Bi|Ca|Cu|Fe|O|Sr,2,1,3,2,4,0,4,4,1,1,2
3372,141,Bi|Ca|Cu|Fe|O|Sr,2,1,3,2,4,0,3,0,1,0,1
3373,307,Ba|Ca|Cu|Hg|O,2,4,3,2,4,3,1,1,1,3,1
3374,392,B|Ba|Ca|Cu|O|Sr|Y,2,1,3,4,0,1,0,1,2,0,4
3375,392,B|Ba|Ca|Cu|O|Sr|Y,2,1,3,4,0,1,0,3,2,2,0
3376,392,B|Ba|Ca|Cu|O|Sr|Y,2,1,3,4,0,1,0,1,3,2,3
3377,301,B|Ba|Cu|O|Sr|Y,3,2,0,2,0,0,4,3,0,3,0
3378,301,B|Ba|Cu|O|Sr|Y,3,2,0,2,0,0,2,4,0,4,0
3379,307,Ba|Ca|Cu|Hg|O,2,4,3,2,4,3,2,2,0,1,3
3380,307,Ba|Ca|Cu|Hg|O,2,4,3,2,4,3,1,0,0,3,3
3381,307,Ba|Ca|Cu|Hg|O,2,4,3,2,4,3,2,4,0,1,1
3382,8,Ba|Cu|O|Y,0,1,2,1,3,1,0,2,3,1,1
3383,8,Ba|Cu|O|Y,0,1,2,1,3,1,4,1,3,3,3
3384,8,Ba|Cu|O|Y,0,1,2,1,3,1,3,3,4,3,1
3385,40,Ba|Cu|O|Y|Zn,3,1,0,2,1,0,2,3,0,0,2
3386,43,Ba|Co|Cu|O|Y,1,2,3,2,1,3,2,4,4,2,1
3387,43,Ba|Co|Cu|O|Y,1,2,3,2,1,3,4,3,1,4,4
3388,305,Ce|Cu|Nb|Nd|O|Sr,4,0,2,1,4,3,0,3,3,1,1
3389,304,Ce|Cu|Eu|Nb|O|Sr,1,0,0,3,2,3,3,2,1,0,2
3390,303,Ce|Cu|Nb|O|Sm|Sr,0,1,0,2,1,2,3,1,0,3,4
3391,140,Ca|Cu|O|Pb|Sr|Tl,3,2,2,0,0,4,4,2,0,0,1
3392,69,Cu|La|O,2,0,3,0,0,0,3,4,0,3,3
3393,69,Cu|La|O,2,0,3,0,0,0,1,1,2,3,4
3394,69,Cu|La|O,2,0,3,0,0,0,1,0,3,0,0
3395,11,Ba|Cu|Nd|O,2,2,2,2,1,2,3,4,1,1,3
3396,11,Ba|Cu|Nd|O,2,2,2,2,1,2,4,2,0,3,0
3397,49,Bi|Ca|Cu|O|Sr,2,0,2,4,3,0,4,1,2,1,2
3398,393,Ba|Ce|Cu|Eu|O|Tl,2,2,0,2,1,4,2,2,2,4,0
3399,393,Ba|Ce|Cu|Eu|O|Tl,2,2,0,2,1,4,4,1,2,3,0
3400,394,Ag|Cu|La|O|Pb|Sr,1,2,0,3,2,1,0,1,1,3,2
3401,281,Ba|Cu|O|Sr|Yb,1,4,2,1,1,0,3,0,1,4,0
3402,74,Ce|Cu|Nd|O,3,3,3,3,3,1,1,3,1,3,4
3403,15,Ba|Cu|Ho|O,0,0,4,0,3,2,3,0,4,1,2
3404,395,Cu|Ho|O|Sr,3,3,3,4,4,3,4,3,1,1,2
3405,396,Cu|Er|O|Sr,1,1,0,4,4,4,4,1,4,4,3
3406,397,Cu|O|Sr|Tm,1,3,0,1,4,2,4,0,0,1,4
3407,49,Bi|Ca|Cu|O|Sr,2,0,2,4,3,0,4,1,3,1,3
3408,309,Bi|Ca|Cu|I|O|Sr|Y,1,2,2,3,3,2,2,4,1,4,1
3409,309,Bi|Ca|Cu|I|O|Sr|Y,1,2,2,3,3,2,4,2,3,2,1
3410,309,Bi|Ca|Cu|I|O|Sr|Y,1,2,2,3,3,2,1,4,3,4,3
3411,258,Bi|Ca|Cu|I|O|Sr,3,3,1,0,2,1,1,1,4,2,2
3412,83,Bi|Ca|Cu|O|Sr|Y,4,3,2,2,1,2,1,4,3,1,4
3413,83,Bi|Ca|Cu|O|Sr|Y,4,3,2,2,1,2,3,4,4,0,3
3414,83,Bi|Ca|Cu|O|Sr|Y,4,3,2,2,1,2,2,1,1,3,3
3415,47,Ba|Ca|Cu|O|Tl,3,2,1,1,4,1,0,0,2,3,2
3416,47,Ba|Ca|Cu|O|Tl,3,2,1,1,4,1,0,4,3,1,2
3417,144,Ba|Ca|Cu|O|Tl|Y,0,1,4,4,2,1,3,3,4,4,0
3418,144,Ba|Ca|Cu|O|Tl|Y,0,1,4,4,2,1,4,3,0,3,1
3419,144,Ba|Ca|Cu|O|Tl|Y,0,1,4,4,2,1,4,0,4,1,1
3420,144,Ba|Ca|Cu|O|Tl|Y,0,1,4,4,2,1,0,3,0,0,3
3421,262,Ba|Bi|K|O|Pb,2,2,0,2,3,0,2,3,1,2,2
3422,262,Ba|Bi|K|O|Pb,2,2,0,2,3,0,4,4,4,1,1
3423,262,Ba|Bi|K|O|Pb,2,2,0,2,3,0,3,1,0,1,1
3424,125,Ba|Cu|O|Tl,0,1,2,3,4,1,1,2,0,3,1
3425,90,Ca|Cu|O|Pb|Sr|Y,0,3,2,3,4,0,2,4,0,3,2
3426,307,Ba|Ca|Cu|Hg|O,2,4,3,2,4,3,1,2,0,0,1
3427,307,Ba|Ca|Cu|Hg|O,2,4,3,2,4,3,2,0,2,1,4
3428,4,Ba|Ca|Cu|O|Y,3,0,0,0,2,3,3,4,3,1,4
3429,161,Bi|Ce|Cu|O|Sr|Y,2,2,0,2,4,1,1,3,4,2,4
3430,9,Ba|Cu|Er|O,2,0,3,4,4,4,2,4,4,4,4
3431,291,Ba|Ca|Cu|Er|O,2,4,0,1,4,4,2,2,2,4,3
3432,291,Ba|Ca|Cu|Er|O,2,4,0,1,4,4,1,2,1,3,1
3433,291,Ba|Ca|Cu|Er|O,2,4,0,1,4,4,3,3,1,0,3
3434,291,Ba|Ca|Cu|Er|O,2,4,0,1,4,4,3,4,1,0,3
3435,291,Ba|Ca|Cu|Er|O,2,4,0,1,4,4,0,0,4,4,3
3436,291,Ba|Ca|Cu|Er|O,2,4,0,1,4,4,4,2,2,1,4
3437,328,Ba|Ce|Cu|O|Y,2,2,3,1,0,0,3,2,4,4,3
3438,8,Ba|Cu|O|Y,0,1,2,1,3,1,4,0,1,2,1
3439,398,Cu|Mo|O|Sr|W|Y,4,1,2,2,0,0,0,0,4,1,4
3440,108,Ca|Cu|O|Sr|Tl,4,2,1,1,0,4,3,4,2,0,3
3441,47,Ba|Ca|Cu|O|Tl,3,2,1,1,4,1,4,4,2,4,4
3442,399,Ca|Cu|O|Sr|Tl|V,0,0,2,3,2,3,0,1,2,2,0
3443,400,Bi|C|Cu|I|O|Sr,0,4,2,2,1,4,2,1,0,3,1
3444,11,Ba|Cu|Nd|O,2,2,2,2,1,2,1,4,0,2,1
3445,179,Ba|Cu|Nd|O|Pr,4,0,4,3,0,1,3,4,0,0,3
3446,179,Ba|Cu|Nd|O|Pr,4,0,4,3,0,1,2,4,4,2,1
3447,179,Ba|Cu|Nd|O|Pr,4,0,4,3,0,1,2,3,0,3,0
3448,179,Ba|Cu|Nd|O|Pr,4,0,4,3,0,1,0,1,2,2,1
3449,179,Ba|Cu|Nd|O|Pr,4,0,4,3,0,1,3,0,0,0,4
3450,13,Ba|Cu|Gd|O,2,1,0,3,4,0,4,1,0,3,1
3451,177,Ba|Cu|Gd|O|Pr,2,2,1,3,3,3,2,3,3,0,2
3452,177,Ba|Cu|Gd|O|Pr,2,2,1,3,3,3,1,4,3,3,3
3453,177,Ba|Cu|Gd|O|Pr,2,2,1,3,3,3,2,2,3,3,4
3454,177,Ba|Cu|Gd|O|Pr,2,2,1,3,3,3,4,3,1,3,0
3455,177,Ba|Cu|Gd|O|Pr,2,2,1,3,3,3,4,0,1,1,2
3456,177,Ba|Cu|Gd|O|Pr,2,2,1,3,3,3,3,1,2,1,2
3457,9,Ba|Cu|Er|O,2,0,3,4,4,4,1,4,0,4,1
3458,183,Ba|Cu|Er|O|Pr,1,3,4,2,0,4,2,3,4,2,3
3459,183,Ba|Cu|Er|O|Pr,1,3,4,2,0,4,0,3,1,3,1
3460,183,Ba|Cu|Er|O|Pr,1,3,4,2,0,4,1,4,4,3,0
3461,183,Ba|Cu|Er|O|Pr,1,3,4,2,0,4,3,1,2,1,0
3462,183,Ba|Cu|Er|O|Pr,1,3,4,2,0,4,4,4,0,0,1
3463,183,Ba|Cu|Er|O|Pr,1,3,4,2,0,4,4,2,0,2,2
3464,183,Ba|Cu|Er|O|Pr,1,3,4,2,0,4,0,2,2,4,4
3465,16,Ba|Cu|Lu|O,0,3,2,3,1,4,1,1,1,4,1
3466,186,Ba|Cu|Lu|O|Pr,2,3,1,4,1,0,4,4,0,1,0
3467,186,Ba|Cu|Lu|O|Pr,2,3,1,4,1,0,4,3,4,0,4
3468,186,Ba|Cu|Lu|O|Pr,2,3,1,4,1,0,0,4,0,1,4
3469,186,Ba|Cu|Lu|O|Pr,2,3,1,4,1,0,4,2,1,1,1
3470,401,Ca|Ce|Cu|Hg|O|Sr,4,3,1,0,2,1,2,2,1,1,2
3471,402,Ca|Ce|Cu|Hg|Nd|O|Sr,3,0,4,2,1,3,0,0,3,0,2
3472,402,Ca|Ce|Cu|Hg|Nd|O|Sr,3,0,4,2,1,3,1,0,3,4,0
3473,62,Ba|Ca|Cu|La|O,1,3,2,0,1,3,0,2,3,3,0
3474,347,Ba|Ca|Cd|Cu|La|O,3,2,2,0,0,1,0,1,4,2,4
3475,347,Ba|Ca|Cd|Cu|La|O,3,2,2,0,0,1,4,0,2,4,4
3476,347,Ba|Ca|Cd|Cu|La|O,3,2,2,0,0,1,2,3,3,1,3
3477,347,Ba|Ca|Cd|Cu|La|O,3,2,2,0,0,1,4,3,2,0,2
3478,347,Ba|Ca|Cd|Cu|La|O,3,2,2,0,0,1,2,4,3,3,3
3479,347,Ba|Ca|Cd|Cu|La|O,3,2,2,0,0,1,0,2,2,1,2
3480,347,Ba|Ca|Cd|Cu|La|O,3,2,2,0,0,1,1,2,3,2,4
3481,347,Ba|Ca|Cd|Cu|La|O,3,2,2,0,0,1,0,2,2,0,1
3482,306,Ba|Cu|Hg|O,4,0,0,2,4,0,2,4,3,1,4
3483,307,Ba|Ca|Cu|Hg|O,2,4,3,2,4,3,2,4,4,1,0
3484,403,Cu|Hg|Mo|O|Sr,1,3,0,2,0,1,3,0,4,4,0
3485,404,Ca|Cu|Hg|O|Re|Sr|Y,1,4,3,2,0,0,1,2,3,4,3
3486,404,Ca|Cu|Hg|O|Re|Sr|Y,1,4,3,2,0,0,4,0,3,2,0
3487,405,Cu|Hg|O|Re|Sr,4,0,4,2,4,1,1,4,2,1,4
3488,406,Ca|Cu|Hg|Mo|O|Sr|Y,2,1,2,4,1,1,0,1,1,4,4
3489,406,Ca|Cu|Hg|Mo|O|Sr|Y,2,1,2,4,1,1,4,1,0,4,3
3490,406,Ca|Cu|Hg|Mo|O|Sr|Y,2,1,2,4,1,1,3,2,3,1,0
3491,64,Ba|Cu|O|Y|Zr,2,1,3,4,3,2,1,1,1,0,0
3492,64,Ba|Cu|O|Y|Zr,2,1,3,4,3,2,0,2,0,3,0
3493,407,Cu|Hg|O|Sr,1,4,2,3,1,3,3,2,0,4,1
3494,403,Cu|Hg|Mo|O|Sr,1,3,0,2,0,1,0,4,0,4,3
3495,403,Cu|Hg|Mo|O|Sr,1,3,0,2,0,1,4,1,4,3,0
3496,403,Cu|Hg|Mo|O|Sr,1,3,0,2,0,1,1,1,3,3,0
3497,403,Cu|Hg|Mo|O|Sr,1,3,0,2,0,1,2,1,0,3,4
3498,403,Cu|Hg|Mo|O|Sr,1,3,0,2,0,1,3,0,2,0,2
3499,403,Cu|Hg|Mo|O|Sr,1,3,0,2,0,1,1,0,4,4,3
3500,403,Cu|Hg|Mo|O|Sr,1,3,0,2,0,1,4,1,2,4,4
3501,378,Ba|C|Ca|Cu|O,2,3,4,2,1,4,0,0,4,1,3
3502,2,Cu|La|O|Sr,1,2,3,2,2,0,0,2,0,2,2
3503,5,Ca|Cu|La|O,0,2,3,4,0,3,1,4,3,1,0
3504,74,Ce|Cu|Nd|O,3,3,3,3,3,1,4,3,0,3,3
3505,118,Ce|Cu|O|Pr,3,0,4,2,3,3,1,0,1,4,1
3506,408,Ba|C|Ca|Cu|O|Y,1,2,3,3,1,2,4,2,1,1,4
3507,409,Ca|Cu|Ga|O|Sr,2,3,3,3,0,0,1,3,1,2,0
3508,409,Ca|Cu|Ga|O|Sr,2,3,3,3,0,0,2,3,4,2,1
3509,409,Ca|Cu|Ga|O|Sr,2,3,3,3,0,0,3,2,1,4,0
3510,409,Ca|Cu|Ga|O|Sr,2,3,3,3,0,0,2,3,4,2,4
3511,409,Ca|Cu|Ga|O|Sr,2,3,3,3,0,0,4,3,1,3,0
3512,409,Ca|Cu|Ga|O|Sr,2,3,3,3,0,0,0,1,4,1,4
3513,85,Ca|Cu|Ho|O|Pb|Sr,2,2,3,2,1,4,4,1,2,1,0
3514,8,Ba|Cu|O|Y,0,1,2,1,3,1,0,3,0,1,4
3515,8,Ba|Cu|O|Y,0,1,2,1,3,1,0,4,3,0,4
3516,8,Ba|Cu|O|Y,0,1,2,1,3,1,0,0,2,4,1
3517,8,Ba|Cu|O|Y,0,1,2,1,3,1,3,1,3,1,1
3518,8,Ba|Cu|O|Y,0,1,2,1,3,1,1,1,0,1,4
3519,8,Ba|Cu|O|Y,0,1,2,1,3,1,2,0,3,4,4
3520,8,Ba|Cu|O|Y,0,1,2,1,3,1,1,0,1,2,3
3521,8,Ba|Cu|O|Y,0,1,2,1,3,1,1,1,1,4,3
3522,8,Ba|Cu|O|Y,0,1,2,1,3,1,0,3,2,3,2
3523,8,Ba|Cu|O|Y,0,1,2,1,3,1,1,2,0,0,2
3524,8,Ba|Cu|O|Y,0,1,2,1,3,1,1,4,3,1,4
3525,8,Ba|Cu|O|Y,0,1,2,1,3,1,2,0,2,1,4
3526,8,Ba|Cu|O|Y,0,1,2,1,3,1,0,1,4,0,3
3527,8,Ba|Cu|O|Y,0,1,2,1,3,1,4,3,3,0,2
3528,8,Ba|Cu|O|Y,0,1,2,1,3,1,3,4,2,3,4
3529,8,Ba|Cu|O|Y,0,1,2,1,3,1,4,2,4,3,2
3530,39,Ba|Cu|H|O|Y,3,0,2,2,3,2,4,2,1,2,3
3531,39,Ba|Cu|H|O|Y,3,0,2,2,3,2,4,1,2,0,4
3532,124,Ba|Cu|K|O|Y,4,0,1,4,0,2,4,1,3,1,4
3533,124,Ba|Cu|K|O|Y,4,0,1,4,0,2,4,3,1,0,2
3534,124,Ba|Cu|K|O|Y,4,0,1,4,0,2,3,4,4,0,2
3535,410,Ba|Cu|O|Rb|Y,4,0,4,4,1,4,1,4,1,2,3
3536,410,Ba|Cu|O|Rb|Y,4,0,4,4,1,4,1,2,0,2,1
3537,410,Ba|Cu|O|Rb|Y,4,0,4,4,1,4,1,4,0,1,1
3538,110,Ba|Cs|Cu|O|Y,3,3,0,0,4,1,2,1,4,1,0
3539,110,Ba|Cs|Cu|O|Y,3,3,0,0,4,1,0,1,4,3,0
3540,110,Ba|Cs|Cu|O|Y,3,3,0,0,4,1,3,3,1,3,0
3541,124,Ba|Cu|K|O|Y,4,0,1,4,0,2,4,2,4,3,3
3542,124,Ba|Cu|K|O|Y,4,0,1,4,0,2,3,4,1,1,3
3543,124,Ba|Cu|K|O|Y,4,0,1,4,0,2,0,0,0,0,3
3544,410,Ba|Cu|O|Rb|Y,4,0,4,4,1,4,3,1,3,4,0
3545,410,Ba|Cu|O|Rb|Y,4,0,4,4,1,4,2,4,0,0,1
3546,410,Ba|Cu|O|Rb|Y,4,0,4,4,1,4,1,3,2,1,3
3547,110,Ba|Cs|Cu|O|Y,3,3,0,0,4,1,4,4,3,1,4
3548,110,Ba|Cs|Cu|O|Y,3,3,0,0,4,1,4,4,3,2,3
3549,110,Ba|Cs|Cu|O|Y,3,3,0,0,4,1,0,4,1,2,2
3550,293,Ba|Cu|O|Sc|Y,2,2,2,3,1,2,0,3,0,3,3
3551,293,Ba|Cu|O|Sc|Y,2,2,2,3,1,2,2,3,0,1,1
3552,57,Ba|Cu|La|O|Y,4,0,3,4,0,1,3,1,4,1,1
3553,57,Ba|Cu|La|O|Y,4,0,3,4,0,1,1,3,1,4,0
3554,293,Ba|Cu|O|Sc|Y,2,2,2,3,1,2,3,3,4,4,1
3555,293,Ba|Cu|O|Sc|Y,2,2,2,3,1,2,2,2,3,1,2
3556,8,Ba|Cu|O|Y,0,1,2,1,3,1,4,1,4,3,4
3557,8,Ba|Cu|O|Y,0,1,2,1,3,1,1,0,4,0,1
3558,57,Ba|Cu|La|O|Y,4,0,3,4,0,1,2,0,0,2,3
3559,57,Ba|Cu|La|O|Y,4,0,3,4,0,1,0,4,1,0,4
3560,411,Ag|Ba|Ca|Cu|O,0,1,4,2,2,1,4,1,1,1,2
3561,11,Ba|Cu|Nd|O,2,2,2,2,1,2,4,0,4,3,2
3562,240,C|K,4,2,4,0,0,4,3,3,3,1,3
3563,239,C|Rb,0,3,3,1,1,3,4,0,2,0,4
3564,412,Bi|Ca|Cl|Cu|Hg|O|Sr,2,3,4,3,1,0,3,1,1,4,4
3565,71,Bi|Ca|Cu|O|Pb|Sr,2,0,4,1,4,1,2,1,4,2,3
3566,413,Bi|Ca|Cu|F|O|Pb|Sr,2,2,4,4,2,2,3,4,1,3,3
3567,413,Bi|Ca|Cu|F|O|Pb|Sr,2,2,4,4,2,2,1,2,2,0,2
3568,413,Bi|Ca|Cu|F|O|Pb|Sr,2,2,4,4,2,2,4,1,0,4,3
3569,414,Li|Nb|O,3,1,1,2,0,2,1,1,0,2,1
3570,414,Li|Nb|O,3,1,1,2,0,2,3,2,1,1,2
3571,415,Ba|Ca|Cu|Hg|O|Sr,2,2,1,4,3,1,1,3,1,2,2
3572,382,Ba|Ca|Cu|Hg|O|Sr|Tl,4,3,0,1,2,0,1,4,1,4,2
3573,49,Bi|Ca|Cu|O|Sr,2,0,2,4,3,0,4,1,3,3,2
3574,151,Bi|Ca|Cu|Gd|O|Sr,1,4,1,4,4,4,4,4,2,4,4
3575,151,Bi|Ca|Cu|Gd|O|Sr,1,4,1,4,4,4,4,4,2,4,3
3576,151,Bi|Ca|Cu|Gd|O|Sr,1,4,1,4,4,4,3,1,3,1,1
3577,151,Bi|Ca|Cu|Gd|O|Sr,1,4,1,4,4,4,1,0,0,0,0
3578,151,Bi|Ca|Cu|Gd|O|Sr,1,4,1,4,4,4,0,1,2,1,2
3579,151,Bi|Ca|Cu|Gd|O|Sr,1,4,1,4,4,4,4,0,2,4,0
3580,37,Ba|Cu|Ni|O|Y,1,0,2,1,2,2,0,4,3,4,3
3581,37,Ba|Cu|Ni|O|Y,1,0,2,1,2,2,1,1,2,1,2
3582,8,Ba|Cu|O|Y,0,1,2,1,3,1,4,1,4,0,4
3583,120,Bi|Cu|La|O|Sr,1,3,1,3,0,0,2,2,2,2,0
3584,381,Bi|Cu|O|Pr|Sr,1,2,3,3,2,3,1,2,2,2,1
3585,112,Bi|Cu|Nd|O|Sr,2,4,4,0,1,3,1,3,1,0,3
3586,416,Bi|Cu|O|Sm|Sr,2,3,2,4,2,1,1,0,4,4,1
3587,417,Bi|Cu|Eu|O|Sr,1,3,4,1,3,1,2,1,4,4,2
3588,120,Bi|Cu|La|O|Sr,1,3,1,3,0,0,0,2,1,0,0
3589,112,Bi|Cu|Nd|O|Sr,2,4,4,0,1,3,4,1,0,4,4
3590,416,Bi|Cu|O|Sm|Sr,2,3,2,4,2,1,0,3,4,1,1
3591,418,Al|Ca|Cu|O|Sr,4,0,1,1,4,3,4,4,1,1,1
3592,418,Al|Ca|Cu|O|Sr,4,0,1,1,4,3,4,1,3,0,3
3593,419,Cu|F|O|Sr,0,4,2,3,4,3,4,1,3,0,1
3594,420,Al|Ca|Cu|Ho|O|Pb|Sr,4,3,0,4,2,0,1,3,1,1,4
3595,420,Al|Ca|Cu|Ho|O|Pb|Sr,4,3,0,4,2,0,0,3,0,0,4
3596,420,Al|Ca|Cu|Ho|O|Pb|Sr,4,3,0,4,2,0,1,4,2,4,3
3597,420,Al|Ca|Cu|Ho|O|Pb|Sr,4,3,0,4,2,0,2,3,0,0,2
3598,421,Ca|Cu|Ho|O|Pb|Pt|Sr,1,3,2,2,2,4,1,4,4,2,1
3599,422,Ca|Cl|Cu|Na|O,1,0,1,2,0,1,0,3,0,2,1
3600,422,Ca|Cl|Cu|Na|O,1,0,1,2,0,1,1,0,2,4,2
3601,422,Ca|Cl|Cu|Na|O,1,0,1,2,0,1,0,2,0,0,1
3602,422,Ca|Cl|Cu|Na|O,1,0,1,2,0,1,3,1,0,0,2
3603,307,Ba|Ca|Cu|Hg|O,2,4,3,2,4,3,4,0,3,4,1
3604,382,Ba|Ca|Cu|Hg|O|Sr|Tl,4,3,0,1,2,0,4,1,0,2,3
3605,382,Ba|Ca|Cu|Hg|O|Sr|Tl,4,3,0,1,2,0,3,4,3,1,2
3606,382,Ba|Ca|Cu|Hg|O|Sr|Tl,4,3,0,1,2,0,4,4,4,3,3
3607,372,Ba|Ca|Cu|Hg|O|Tl,0,3,2,1,4,2,2,0,3,2,2
3608,372,Ba|Ca|Cu|Hg|O|Tl,0,3,2,1,4,2,3,3,1,2,1
3609,372,Ba|Ca|Cu|Hg|O|Tl,0,3,2,1,4,2,3,0,1,2,0
3610,372,Ba|Ca|Cu|Hg|O|Tl,0,3,2,1,4,2,3,0,3,4,2
3611,46,Ba|Cu|F|O|Y,2,4,3,3,2,3,3,2,0,2,2
3612,46,Ba|Cu|F|O|Y,2,4,3,3,2,3,2,1,1,4,4
3613,46,Ba|Cu|F|O|Y,2,4,3,3,2,3,2,1,3,0,4
3614,46,Ba|Cu|F|O|Y,2,4,3,3,2,3,3,2,2,4,3
3615,36,Bi|Cu|O|Sr,2,2,4,1,2,0,3,4,3,4,4
3616,9,Ba|Cu|Er|O,2,0,3,4,4,4,2,1,1,1,1
3617,81,Ba|Cu|Er|Ni|O,0,3,1,2,1,2,1,1,1,1,2
3618,82,Ba|Cu|Er|O|Zn,2,2,1,0,1,4,0,1,0,3,3
3619,423,Ba|Cu|Er|Fe|O,4,4,4,2,3,1,1,3,4,0,4
3620,424,Ba|Co|Cu|Er|O,2,4,2,4,0,3,3,2,3,0,4
3621,425,Ba|Cu|Er|Ga|O,4,1,1,3,1,2,4,4,3,1,0
3622,306,Ba|Cu|Hg|O,4,0,0,2,4,0,2,2,4,4,3
3623,306,Ba|Cu|Hg|O,4,0,0,2,4,0,3,0,0,1,4
3624,306,Ba|Cu|Hg|O,4,0,0,2,4,0,1,1,2,4,4
3625,306,Ba|Cu|Hg|O,4,0,0,2,4,0,1,0,2,3,3
3626,306,Ba|Cu|Hg|O,4,0,0,2,4,0,3,3,3,1,2
3627,306,Ba|Cu|Hg|O,4,0,0,2,4,0,4,2,2,0,1
3628,306,Ba|Cu|Hg|O,4,0,0,2,4,0,0,3,1,3,0
3629,306,Ba|Cu|Hg|O,4,0,0,2,4,0,0,0,3,2,0
3630,9,Ba|Cu|Er|O,2,0,3,4,4,4,0,2,4,0,2
3631,426,Ba|Ca|Cu|Ni|O|Y,2,1,3,1,4,4,3,0,2,4,2
3632,426,Ba|Ca|Cu|Ni|O|Y,2,1,3,1,4,4,3,1,4,4,2
3633,426,Ba|Ca|Cu|Ni|O|Y,2,1,3,1,4,4,3,2,4,3,2
3634,426,Ba|Ca|Cu|Ni|O|Y,2,1,3,1,4,4,0,1,1,3,4
3635,426,Ba|Ca|Cu|Ni|O|Y,2,1,3,1,4,4,1,2,3,0,3
3636,426,Ba|Ca|Cu|Ni|O|Y,2,1,3,1,4,4,1,3,0,0,0
3637,426,Ba|Ca|Cu|Ni|O|Y,2,1,3,1,4,4,2,2,4,1,2
3638,427,Ba|Cu|Hg|O|V,3,1,0,3,2,2,1,4,2,3,0
3639,428,Ba|Ca|Cu|Hg|O|V,2,4,1,4,3,2,0,1,3,4,2
3640,428,Ba|Ca|Cu|Hg|O|V,2,4,1,4,3,2,1,0,2,4,1
3641,429,Ba|Ca|Cu|O|Y|Zn,1,4,1,2,3,0,1,1,4,0,1
3642,429,Ba|Ca|Cu|O|Y|Zn,1,4,1,2,3,0,4,2,0,4,2
3643,429,Ba|Ca|Cu|O|Y|Zn,1,4,1,2,3,0,3,2,0,1,0
3644,429,Ba|Ca|Cu|O|Y|Zn,1,4,1,2,3,0,4,2,1,4,3
3645,429,Ba|Ca|Cu|O|Y|Zn,1,4,1,2,3,0,0,1,1,1,1
3646,429,Ba|Ca|Cu|O|Y|Zn,1,4,1,2,3,0,2,4,2,4,2
3647,430,C|Cu|Hg|Mo|O|Sr,1,4,3,4,3,0,3,1,0,1,2
3648,431,C|Cr|Cu|Hg|O|Sr,4,2,4,1,3,1,2,1,3,3,0
3649,432,Ba|Ca|Cu|Ga|O|Sr|Y,3,3,0,1,4,2,4,2,3,4,1
3650,432,Ba|Ca|Cu|Ga|O|Sr|Y,3,3,0,1,4,2,1,3,3,2,4
3651,432,Ba|Ca|Cu|Ga|O|Sr|Y,3,3,0,1,4,2,3,4,0,4,4
3652,432,Ba|Ca|Cu|Ga|O|Sr|Y,3,3,0,1,4,2,0,4,1,4,2
3653,433,Ca|Cu|Ga|O|Sr|Y,0,4,3,4,2,1,2,4,1,3,3
3654,433,Ca|Cu|Ga|O|Sr|Y,0,4,3,4,2,1,3,4,0,2,2
3655,434,Ba|C,3,2,2,4,4,0,2,1,3,0,4
3656,435,Ba|Ca|Cr|Cu|O|Sr|Y,4,3,2,4,4,3,2,3,2,3,0
3657,435,Ba|Ca|Cr|Cu|O|Sr|Y,4,3,2,4,4,3,1,2,4,1,2
3658,50,Ba|Cr|Cu|O|Y,3,2,0,3,1,3,2,2,3,0,4
3659,43,Ba|Co|Cu|O|Y,1,2,3,2,1,3,1,3,2,0,4
3660,432,Ba|Ca|Cu|Ga|O|Sr|Y,3,3,0,1,4,2,2,0,1,4,4
3661,432,Ba|Ca|Cu|Ga|O|Sr|Y,3,3,0,1,4,2,2,0,2,2,1
3662,436,Ba|Cu|Hg|O|W,2,0,2,3,2,1,0,2,2,4,2
3663,437,Ba|Cr|Cu|Hg|O,1,4,3,3,0,2,3,3,3,3,2
3664,438,Ba|Cu|Hg|Mo|O,1,1,0,3,4,2,2,1,4,4,0
3665,438,Ba|Cu|Hg|Mo|O,1,1,0,3,4,2,0,1,3,0,4
3666,436,Ba|Cu|Hg|O|W,2,0,2,3,2,1,4,1,3,3,0
3667,306,Ba|Cu|Hg|O,4,0,0,2,4,0,2,3,2,2,3
3668,427,Ba|Cu|Hg|O|V,3,1,0,3,2,2,1,2,4,3,0
3669,307,Ba|Ca|Cu|Hg|O,2,4,3,2,4,3,1,0,4,1,1
3670,428,Ba|Ca|Cu|Hg|O|V,2,4,1,4,3,2,4,0,0,1,4
3671,428,Ba|Ca|Cu|Hg|O|V,2,4,1,4,3,2,1,2,0,3,3
3672,439,Ba|Ca|Cu|Hg|Mo|O,1,3,1,3,0,4,3,0,0,4,2
3673,440,Ba|Ca|Cu|Hg|O|W,0,1,0,3,1,2,0,4,0,1,3
3674,440,Ba|Ca|Cu|Hg|O|W,0,1,0,3,1,2,1,0,4,1,1
3675,441,Ba|Ca|Cu|Hg|O|Ti,0,2,2,2,1,1,0,1,1,4,0
3676,442,Ba|Ca|Cr|Cu|Hg|O,4,2,0,4,3,3,4,0,2,0,2
3677,442,Ba|Ca|Cr|Cu|Hg|O,4,2,0,4,3,3,3,2,3,1,0
3678,307,Ba|Ca|Cu|Hg|O,2,4,3,2,4,3,3,4,0,2,0
3679,307,Ba|Ca|Cu|Hg|O,2,4,3,2,4,3,1,2,3,1,1
3680,428,Ba|Ca|Cu|Hg|O|V,2,4,1,4,3,2,2,3,4,4,3
3681,428,Ba|Ca|Cu|Hg|O|V,2,4,1,4,3,2,0,4,2,3,3
3682,439,Ba|Ca|Cu|Hg|Mo|O,1,3,1,3,0,4,2,3,3,3,1
3683,439,Ba|Ca|Cu|Hg|Mo|O,1,3,1,3,0,4,2,3,0,4,4
3684,441,Ba|Ca|Cu|Hg|O|Ti,0,2,2,2,1,1,0,4,0,4,4
3685,441,Ba|Ca|Cu|Hg|O|Ti,0,2,2,2,1,1,3,4,2,3,1
3686,442,Ba|Ca|Cr|Cu|Hg|O,4,2,0,4,3,3,4,3,2,1,1
3687,442,Ba|Ca|Cr|Cu|Hg|O,4,2,0,4,3,3,4,1,2,4,3
3688,4,Ba|Ca|Cu|O|Y,3,0,0,0,2,3,1,3,3,4,3
3689,285,Ba|Ca|Cu|Gd|O,3,1,1,2,1,0,1,1,3,0,3
3690,306,Ba|Cu|Hg|O,4,0,0,2,4,0,4,0,2,2,2
3691,306,Ba|Cu|Hg|O,4,0,0,2,4,0,3,1,0,2,0
3692,443,Ba|Bi|Cu|Hg|O,1,0,1,4,1,4,4,2,2,3,4
3693,444,Ba|Bi|Ca|Cu|Hg|O,0,2,1,4,3,2,2,4,1,3,4
3694,8,Ba|Cu|O|Y,0,1,2,1,3,1,2,0,0,4,3
3695,8,Ba|Cu|O|Y,0,1,2,1,3,1,0,0,2,0,4
3696,445,Ca|Cu|Hg|Mo|O|Sr,2,3,0,1,0,3,2,4,4,2,2
3697,445,Ca|Cu|Hg|Mo|O|Sr,2,3,0,1,0,3,2,0,3,0,1
3698,415,Ba|Ca|Cu|Hg|O|Sr,2,2,1,4,3,1,2,2,4,2,0
3699,415,Ba|Ca|Cu|Hg|O|Sr,2,2,1,4,3,1,1,1,4,1,4
3700,415,Ba|Ca|Cu|Hg|O|Sr,2,2,1,4,3,1,1,4,2,2,4
3701,446,Ca|Cu|Hg|O|Pb|Sr,3,0,1,2,1,0,1,2,1,4,4
3702,446,Ca|Cu|Hg|O|Pb|Sr,3,0,1,2,1,0,4,4,4,4,1
3703,419,Cu|F|O|Sr,0,4,2,3,4,3,4,3,4,3,0
3704,447,Ba|Cu|F|O|Sr,1,4,2,2,0,2,4,1,2,3,4
3705,447,Ba|Cu|F|O|Sr,1,4,2,2,0,2,1,1,1,3,4
3706,447,Ba|Cu|F|O|Sr,1,4,2,2,0,2,0,1,0,1,1
3707,447,Ba|Cu|F|O|Sr,1,4,2,2,0,2,4,2,2,3,1
3708,447,Ba|Cu|F|O|Sr,1,4,2,2,0,2,3,3,4,0,2
3709,447,Ba|Cu|F|O|Sr,1,4,2,2,0,2,0,1,2,1,3
3710,448,B|Ca|Cu|O|Sr,3,3,2,2,1,0,1,2,2,1,3
3711,68,Ba|Bi|K|O,0,1,2,0,3,0,3,2,2,1,4
3712,68,Ba|Bi|K|O,0,1,2,0,3,0,2,3,4,1,1
3713,71,Bi|Ca|Cu|O|Pb|Sr,2,0,4,1,4,1,4,1,1,2,4
3714,71,Bi|Ca|Cu|O|Pb|Sr,2,0,4,1,4,1,1,2,0,2,0
3715,71,Bi|Ca|Cu|O|Pb|Sr,2,0,4,1,4,1,4,0,1,3,2
3716,71,Bi|Ca|Cu|O|Pb|Sr,2,0,4,1,4,1,3,2,3,3,4
3717,449,C|Yb,3,4,3,4,3,0,1,4,3,1,4
3718,450,Ba|Cu|O|Pr|Sr|Y,4,3,4,2,2,2,3,4,1,4,1
3719,237,Ba|Cu|La|O|Sr,0,4,3,1,3,0,0,0,0,2,3
3720,237,Ba|Cu|La|O|Sr,0,4,3,1,3,0,4,2,3,4,3
3721,237,Ba|Cu|La|O|Sr,0,4,3,1,3,0,3,3,2,1,1
3722,237,Ba|Cu|La|O|Sr,0,4,3,1,3,0,1,3,4,0,0
3723,237,Ba|Cu|La|O|Sr,0,4,3,1,3,0,3,1,0,4,2
3724,237,Ba|Cu|La|O|Sr,0,4,3,1,3,0,2,2,3,3,2
3725,237,Ba|Cu|La|O|Sr,0,4,3,1,3,0,1,2,3,1,3
3726,237,Ba|Cu|La|O|Sr,0,4,3,1,3,0,3,4,2,0,0
3727,237,Ba|Cu|La|O|Sr,0,4,3,1,3,0,2,3,4,4,0
3728,237,Ba|Cu|La|O|Sr,0,4,3,1,3,0,2,1,0,4,0
3729,237,Ba|Cu|La|O|Sr,0,4,3,1,3,0,3,0,0,2,4
3730,237,Ba|Cu|La|O|Sr,0,4,3,1,3,0,2,3,4,4,3
3731,237,Ba|Cu|La|O|Sr,0,4,3,1,3,0,3,2,3,3,3
3732,237,Ba|Cu|La|O|Sr,0,4,3,1,3,0,3,1,4,2,1
3733,237,Ba|Cu|La|O|Sr,0,4,3,1,3,0,0,0,0,1,1
3734,237,Ba|Cu|La|O|Sr,0,4,3,1,3,0,3,1,3,2,3
3735,237,Ba|Cu|La|O|Sr,0,4,3,1,3,0,1,1,1,4,3
3736,237,Ba|Cu|La|O|Sr,0,4,3,1,3,0,3,0,2,1,0
3737,237,Ba|Cu|La|O|Sr,0,4,3,1,3,0,3,1,3,0,1
3738,237,Ba|Cu|La|O|Sr,0,4,3,1,3,0,3,2,2,4,4
3739,237,Ba|Cu|La|O|Sr,0,4,3,1,3,0,1,4,4,3,4
3740,451,Ba|Co|Cu|Hg|O|Sr|Tl,2,4,4,3,4,4,1,2,1,0,1
3741,451,Ba|Co|Cu|Hg|O|Sr|Tl,2,4,4,3,4,4,4,1,1,3,4
3742,451,Ba|Co|Cu|Hg|O|Sr|Tl,2,4,4,3,4,4,4,4,0,4,0
3743,451,Ba|Co|Cu|Hg|O|Sr|Tl,2,4,4,3,4,4,2,2,2,1,0
3744,451,Ba|Co|Cu|Hg|O|Sr|Tl,2,4,4,3,4,4,2,4,4,3,2
3745,451,Ba|Co|Cu|Hg|O|Sr|Tl,2,4,4,3,4,4,1,1,4,2,2
3746,451,Ba|Co|Cu|Hg|O|Sr|Tl,2,4,4,3,4,4,4,3,3,0,0
3747,451,Ba|Co|Cu|Hg|O|Sr|Tl,2,4,4,3,4,4,2,3,3,2,4
3748,451,Ba|Co|Cu|Hg|O|Sr|Tl,2,4,4,3,4,4,3,2,0,2,3
3749,451,Ba|Co|Cu|Hg|O|Sr|Tl,2,4,4,3,4,4,1,2,2,0,3
3750,452,Ca|Cu|Ga|Hg|O|Sr|Y,0,1,1,1,3,1,1,2,2,4,4
3751,452,Ca|Cu|Ga|Hg|O|Sr|Y,0,1,1,1,3,1,4,2,2,3,3
3752,452,Ca|Cu|Ga|Hg|O|Sr|Y,0,1,1,1,3,1,2,4,4,2,1
3753,452,Ca|Cu|Ga|Hg|O|Sr|Y,0,1,1,1,3,1,2,1,3,4,2
3754,452,Ca|Cu|Ga|Hg|O|Sr|Y,0,1,1,1,3,1,2,3,0,2,4
3755,452,Ca|Cu|Ga|Hg|O|Sr|Y,0,1,1,1,3,1,2,1,1,0,2
3756,372,Ba|Ca|Cu|Hg|O|Tl,0,3,2,1,4,2,3,3,4,4,3
3757,372,Ba|Ca|Cu|Hg|O|Tl,0,3,2,1,4,2,3,3,3,3,4
3758,372,Ba|Ca|Cu|Hg|O|Tl,0,3,2,1,4,2,2,3,0,1,4
3759,372,Ba|Ca|Cu|Hg|O|Tl,0,3,2,1,4,2,1,3,0,2,1
3760,372,Ba|Ca|Cu|Hg|O|Tl,0,3,2,1,4,2,3,1,2,2,1
3761,453,Ca|Cu|Hg|O|Sr|Tl,1,0,0,2,4,4,2,1,3,3,4
3762,453,Ca|Cu|Hg|O|Sr|Tl,1,0,0,2,4,4,4,2,4,2,0
3763,454,Cu|Hg|O|Sr|Tl,0,1,4,1,0,1,2,3,0,3,1
3764,34,Ba|Cu|Gd|O|Y,0,2,1,1,1,1,4,0,3,0,4
3765,34,Ba|Cu|Gd|O|Y,0,2,1,1,1,1,4,2,4,4,4
3766,34,Ba|Cu|Gd|O|Y,0,2,1,1,1,1,1,2,3,2,1
3767,34,Ba|Cu|Gd|O|Y,0,2,1,1,1,1,4,4,3,0,0
3768,455,Ba|Ca|Cd|Cu|O|Y,4,1,3,2,4,3,0,3,4,3,1
3769,51,Ba|Cu|Gd|O|Sr,3,3,2,4,3,3,1,3,4,1,2
3770,51,Ba|Cu|Gd|O|Sr,3,3,2,4,3,3,3,2,2,4,3
3771,456,Ca|Cu|Hg|O|Pb|Sr|Y,0,2,2,0,1,4,1,3,2,1,1
3772,456,Ca|Cu|Hg|O|Pb|Sr|Y,0,2,2,0,1,4,4,1,2,0,0
3773,456,Ca|Cu|Hg|O|Pb|Sr|Y,0,2,2,0,1,4,4,1,0,0,3
3774,457,Ca|Hg|Mo|O|Sr|Y,1,1,0,1,3,2,2,0,1,1,2
3775,457,Ca|Hg|Mo|O|Sr|Y,1,1,0,1,3,2,1,3,3,2,3
3776,457,Ca|Hg|Mo|O|Sr|Y,1,1,0,1,3,2,3,4,4,4,2
3777,198,Bi|Ca|Cu|Dy|O|Pb|Sr,3,2,2,3,0,3,2,3,1,4,3
3778,198,Bi|Ca|Cu|Dy|O|Pb|Sr,3,2,2,3,0,3,4,3,1,3,1
3779,49,Bi|Ca|Cu|O|Sr,2,0,2,4,3,0,2,3,4,0,1
3780,258,Bi|Ca|Cu|I|O|Sr,3,3,1,0,2,1,1,0,3,3,3
3781,49,Bi|Ca|Cu|O|Sr,2,0,2,4,3,0,3,4,4,2,1
3782,258,Bi|Ca|Cu|I|O|Sr,3,3,1,0,2,1,0,0,1,3,4
3783,387,Ca|Cd|Cu|O|Pb|Sr|Y,0,4,3,2,2,4,1,0,1,2,3
3784,387,Ca|Cd|Cu|O|Pb|Sr|Y,0,4,3,2,2,4,2,2,3,3,0
3785,387,Ca|Cd|Cu|O|Pb|Sr|Y,0,4,3,2,2,4,3,0,1,0,2
3786,458,Ba|C|Cu|O|Sr|Tl,4,2,3,2,0,4,3,2,2,3,3
3787,459,C|Cr|Cu|O|Sr|Tl,1,1,1,1,1,1,3,1,4,3,0
3788,460,C|Cu|O|Sr|Tl|V,0,4,0,2,1,4,3,2,3,1,0
3789,461,C|Cu|O|Pb|Sr|Tl,2,0,4,4,3,2,1,3,3,4,4
3790,462,C|Cu|Hg|O|Sr|V,3,4,2,2,3,2,3,1,4,2,0
3791,29,Cu|La|O|Sm|Sr,4,0,3,4,4,0,3,1,0,2,0
3792,29,Cu|La|O|Sm|Sr,4,0,3,4,4,0,4,1,2,2,1
3793,29,Cu|La|O|Sm|Sr,4,0,3,4,4,0,1,2,3,2,3
3794,29,Cu|La|O|Sm|Sr,4,0,3,4,4,0,4,4,0,2,4
3795,31,Ba|Cu|Fe|O|Y,3,2,3,4,1,0,1,2,2,3,0
3796,31,Ba|Cu|Fe|O|Y,3,2,3,4,1,0,4,1,3,4,4
3797,31,Ba|Cu|Fe|O|Y,3,2,3,4,1,0,4,3,1,0,0
3798,31,Ba|Cu|Fe|O|Y,3,2,3,4,1,0,3,2,0,1,1
3799,31,Ba|Cu|Fe|O|Y,3,2,3,4,1,0,4,4,1,0,3
3800,31,Ba|Cu|Fe|O|Y,3,2,3,4,1,0,2,4,4,1,2
3801,43,Ba|Co|Cu|O|Y,1,2,3,2,1,3,3,3,4,2,3
3802,43,Ba|Co|Cu|O|Y,1,2,3,2,1,3,2,2,3,1,2
3803,43,Ba|Co|Cu|O|Y,1,2,3,2,1,3,2,1,2,3,1
3804,43,Ba|Co|Cu|O|Y,1,2,3,2,1,3,3,1,2,3,3
3805,43,Ba|Co|Cu|O|Y,1,2,3,2,1,3,3,2,3,3,4
3806,43,Ba|Co|Cu|O|Y,1,2,3,2,1,3,0,1,2,3,2
3807,8,Ba|Cu|O|Y,0,1,2,1,3,1,0,1,1,1,1
3808,37,Ba|Cu|Ni|O|Y,1,0,2,1,2,2,4,1,4,4,1
3809,37,Ba|Cu|Ni|O|Y,1,0,2,1,2,2,3,0,1,3,1
3810,37,Ba|Cu|Ni|O|Y,1,0,2,1,2,2,2,0,4,1,4
3811,37,Ba|Cu|Ni|O|Y,1,0,2,1,2,2,3,3,0,0,1
3812,40,Ba|Cu|O|Y|Zn,3,1,0,2,1,0,1,2,2,4,3
3813,40,Ba|Cu|O|Y|Zn,3,1,0,2,1,0,0,2,1,2,1
3814,40,Ba|Cu|O|Y|Zn,3,1,0,2,1,0,0,1,1,1,3
3815,40,Ba|Cu|O|Y|Zn,3,1,0,2,1,0,0,1,4,1,2
3816,40,Ba|Cu|O|Y|Zn,3,1,0,2,1,0,4,2,1,3,1
3817,40,Ba|Cu|O|Y|Zn,3,1,0,2,1,0,4,3,3,3,3
3818,55,Ba|Cu|Ga|O|Y,4,2,3,4,3,2,1,3,0,1,2
3819,55,Ba|Cu|Ga|O|Y,4,2,3,4,3,2,4,3,2,3,4
3820,55,Ba|Cu|Ga|O|Y,4,2,3,4,3,2,3,4,1,3,0
3821,55,Ba|Cu|Ga|O|Y,4,2,3,4,3,2,4,0,0,4,3
3822,55,Ba|Cu|Ga|O|Y,4,2,3,4,3,2,0,1,1,3,2
3823,55,Ba|Cu|Ga|O|Y,4,2,3,4,3,2,4,3,0,2,3
3824,463,Cr|Cu|Hg|O|Sr,0,0,3,0,1,2,0,3,4,4,3
3825,49,Bi|Ca|Cu|O|Sr,2,0,2,4,3,0,3,4,1,4,3
3826,49,Bi|Ca|Cu|O|Sr,2,0,2,4,3,0,3,1,3,3,0
3827,464,Ba|Ca|Cu|O|Sr|Tl,0,3,0,2,1,4,1,2,4,3,1
3828,464,Ba|Ca|Cu|O|Sr|Tl,0,3,0,2,1,4,0,1,2,0,1
3829,464,Ba|Ca|Cu|O|Sr|Tl,0,3,0,2,1,4,3,2,0,2,2
3830,74,Ce|Cu|Nd|O,3,3,3,3,3,1,3,0,3,0,1
3831,419,Cu|F|O|Sr,0,4,2,3,4,3,2,1,0,4,3
3832,8,Ba|Cu|O|Y,0,1,2,1,3,1,0,0,0,1,2
3833,306,Ba|Cu|Hg|O,4,0,0,2,4,0,0,0,3,4,0
3834,307,Ba|Ca|Cu|Hg|O,2,4,3,2,4,3,0,2,2,2,1
3835,465,Ca|Cu|Hg|O|Re|Sr,4,0,4,2,3,1,4,0,4,2,4
3836,465,Ca|Cu|Hg|O|Re|Sr,4,0,4,2,3,1,4,1,3,4,2
3837,465,Ca|Cu|Hg|O|Re|Sr,4,0,4,2,3,1,3,4,3,3,4
3838,433,Ca|Cu|Ga|O|Sr|Y,0,4,3,4,2,1,3,4,0,1,3
3839,466,Ca|Cu|O|Pb|Sr,2,3,3,2,4,4,2,3,3,1,0
3840,467,Ce|Cu|Gd|Hg|O|Pb|Sr,1,0,4,0,2,1,1,3,1,0,1
3841,52,Cu|La|Na|O,3,1,4,2,4,0,0,0,4,1,3
3842,380,Cu|K|La|O,0,0,2,4,3,3,3,0,1,2,2
3843,380,Cu|K|La|O,0,0,2,4,3,3,4,4,0,0,0
3844,49,Bi|Ca|Cu|O|Sr,2,0,2,4,3,0,3,1,2,4,0
3845,258,Bi|Ca|Cu|I|O|Sr,3,3,1,0,2,1,3,4,0,4,0
3846,258,Bi|Ca|Cu|I|O|Sr,3,3,1,0,2,1,4,1,0,1,3
3847,258,Bi|Ca|Cu|I|O|Sr,3,3,1,0,2,1,3,1,0,1,0
3848,258,Bi|Ca|Cu|I|O|Sr,3,3,1,0,2,1,2,1,0,2,4
3849,258,Bi|Ca|Cu|I|O|Sr,3,3,1,0,2,1,1,2,1,1,2
3850,258,Bi|Ca|Cu|I|O|Sr,3,3,1,0,2,1,0,3,2,1,0
3851,258,Bi|Ca|Cu|I|O|Sr,3,3,1,0,2,1,0,0,3,3,1
3852,49,Bi|Ca|Cu|O|Sr,2,0,2,4,3,0,1,4,1,1,0
3853,258,Bi|Ca|Cu|I|O|Sr,3,3,1,0,2,1,3,3,2,0,1
3854,258,Bi|Ca|Cu|I|O|Sr,3,3,1,0,2,1,3,0,4,2,3
3855,258,Bi|Ca|Cu|I|O|Sr,3,3,1,0,2,1,0,4,0,3,2
3856,258,Bi|Ca|Cu|I|O|Sr,3,3,1,0,2,1,0,2,0,1,3
3857,258,Bi|Ca|Cu|I|O|Sr,3,3,1,0,2,1,2,1,0,0,2
3858,8,Ba|Cu|O|Y,0,1,2,1,3,1,1,0,0,0,1
3859,48,Ba|Cu|O|Ti|Y,3,1,2,0,2,4,4,3,1,0,2
3860,48,Ba|Cu|O|Ti|Y,3,1,2,0,2,4,0,0,2,3,4
3861,48,Ba|Cu|O|Ti|Y,3,1,2,0,2,4,0,3,4,2,4
3862,48,Ba|Cu|O|Ti|Y,3,1,2,0,2,4,3,0,2,3,1
3863,468,C|Na|Rb,4,2,1,0,2,0,4,4,3,4,4
3864,469,C|Cs|Na|Rb,0,4,4,3,0,2,0,3,3,2,3
3865,469,C|Cs|Na|Rb,0,4,4,3,0,2,1,3,0,0,4
3866,469,C|Cs|Na|Rb,0,4,4,3,0,2,0,3,1,3,0
3867,470,C|Cs|Na,4,4,0,2,4,4,4,1,4,2,2
3868,303,Ce|Cu|Nb|O|Sm|Sr,0,1,0,2,1,2,4,2,4,2,4
3869,471,Ce|Cu|Nb|O|Ru|Sm|Sr,2,3,1,2,0,4,4,0,2,3,1
3870,471,Ce|Cu|Nb|O|Ru|Sm|Sr,2,3,1,2,0,4,0,4,4,2,4
3871,471,Ce|Cu|Nb|O|Ru|Sm|Sr,2,3,1,2,0,4,4,0,2,2,4
3872,8,Ba|Cu|O|Y,0,1,2,1,3,1,2,2,1,0,3
3873,6,Ba|Cu|O|Yb,2,1,0,1,0,4,0,1,1,4,0
3874,10,Ba|Cu|O|Tm,3,0,0,3,2,2,3,0,1,0,4
3875,15,Ba|Cu|Ho|O,0,0,4,0,3,2,3,3,0,2,4
3876,14,Ba|Cu|Dy|O,4,1,4,1,3,3,4,3,1,2,4
3877,4,Ba|Ca|Cu|O|Y,3,0,0,0,2,3,4,1,3,3,2
3878,472,Ca|Cd|Cu|O|Pb|Sr|Tb,3,0,3,0,0,0,4,3,2,1,1
3879,472,Ca|Cd|Cu|O|Pb|Sr|Tb,3,0,3,0,0,0,2,1,4,3,4
3880,49,Bi|Ca|Cu|O|Sr,2,0,2,4,3,0,1,0,2,2,4
3881,473,Bi|Ca|Cu|O|Sr|Zn,1,2,0,0,4,2,4,1,4,0,2
3882,473,Bi|Ca|Cu|O|Sr|Zn,1,2,0,0,4,2,0,1,3,0,4
3883,474,C|Cu|K|O|Sr,3,2,3,4,2,3,0,3,3,0,2
3884,474,C|Cu|K|O|Sr,3,2,3,4,2,3,2,4,2,3,0
3885,474,C|Cu|K|O|Sr,3,2,3,4,2,3,2,4,1,2,1
3886,474,C|Cu|K|O|Sr,3,2,3,4,2,3,4,2,0,1,0
3887,474,C|Cu|K|O|Sr,3,2,3,4,2,3,2,3,0,3,2
3888,474,C|Cu|K|O|Sr,3,2,3,4,2,3,3,2,3,4,3
3889,0,Ba|Cu|La|O,2,4,2,3,0,4,2,4,2,4,4
3890,475,Ba|Co|Cu|La|O,4,2,4,0,2,4,1,4,0,2,0
3891,307,Ba|Ca|Cu|Hg|O,2,4,3,2,4,3,3,0,1,3,2
3892,476,Ba|Ca|Cu|F|Hg|O,0,1,1,0,4,0,1,4,2,1,1
3893,476,Ba|Ca|Cu|F|Hg|O,0,1,1,0,4,0,4,2,1,1,3
3894,476,Ba|Ca|Cu|F|Hg|O,0,1,1,0,4,0,1,0,4,2,3
3895,476,Ba|Ca|Cu|F|Hg|O,0,1,1,0,4,0,0,2,1,1,0
3896,476,Ba|Ca|Cu|F|Hg|O,0,1,1,0,4,0,2,2,3,0,1
3897,476,Ba|Ca|Cu|F|Hg|O,0,1,1,0,4,0,0,1,0,4,1
3898,476,Ba|Ca|Cu|F|Hg|O,0,1,1,0,4,0,4,1,4,4,2
3899,47,Ba|Ca|Cu|O|Tl,3,2,1,1,4,1,0,0,1,2,4
3900,464,Ba|Ca|Cu|O|Sr|Tl,0,3,0,2,1,4,3,3,0,0,0
3901,140,Ca|Cu|O|Pb|Sr|Tl,3,2,2,0,0,4,4,1,1,4,1
3902,125,Ba|Cu|O|Tl,0,1,2,3,4,1,4,4,2,0,3
3903,125,Ba|Cu|O|Tl,0,1,2,3,4,1,3,0,4,1,4
3904,477,Ca|Ce|Cu|O|Sr|Tl,3,1,1,1,3,3,3,3,0,4,2
3905,477,Ca|Ce|Cu|O|Sr|Tl,3,1,1,1,3,3,3,2,1,0,4
3906,477,Ca|Ce|Cu|O|Sr|Tl,3,1,1,1,3,3,1,1,2,4,1
3907,477,Ca|Ce|Cu|O|Sr|Tl,3,1,1,1,3,3,0,3,3,0,3
3908,477,Ca|Ce|Cu|O|Sr|Tl,3,1,1,1,3,3,1,0,3,3,3
3909,477,Ca|Ce|Cu|O|Sr|Tl,3,1,1,1,3,3,1,3,1,2,1
3910,477,Ca|Ce|Cu|O|Sr|Tl,3,1,1,1,3,3,2,2,1,0,2
3911,477,Ca|Ce|Cu|O|Sr|Tl,3,1,1,1,3,3,0,1,4,2,1
3912,477,Ca|Ce|Cu|O|Sr|Tl,3,1,1,1,3,3,4,3,3,1,1
3913,477,Ca|Ce|Cu|O|Sr|Tl,3,1,1,1,3,3,1,0,2,0,0
3914,189,Cu|La|O|Pb|Sr,3,0,2,3,3,1,1,0,0,4,3
3915,189,Cu|La|O|Pb|Sr,3,0,2,3,3,1,3,3,0,4,4
3916,478,Cu|La|O|Pb,4,1,2,3,1,4,2,1,4,1,0
3917,478,Cu|La|O|Pb,4,1,2,3,1,4,4,0,3,2,1
3918,478,Cu|La|O|Pb,4,1,2,3,1,4,4,2,4,1,2
3919,478,Cu|La|O|Pb,4,1,2,3,1,4,1,2,3,1,0
3920,66,Ba|Cu|O|Sr|Y,2,2,3,2,4,1,4,0,0,2,2
3921,479,Ba|Cu|O|Sn|Sr|Y,4,2,3,2,3,2,1,2,3,3,0
3922,479,Ba|Cu|O|Sn|Sr|Y,4,2,3,2,3,2,4,0,4,1,0
3923,479,Ba|Cu|O|Sn|Sr|Y,4,2,3,2,3,2,0,2,1,2,1
3924,479,Ba|Cu|O|Sn|Sr|Y,4,2,3,2,3,2,2,2,0,1,3
3925,479,Ba|Cu|O|Sn|Sr|Y,4,2,3,2,3,2,2,0,1,3,4
3926,479,Ba|Cu|O|Sn|Sr|Y,4,2,3,2,3,2,3,0,2,3,2
3927,476,Ba|Ca|Cu|F|Hg|O,0,1,1,0,4,0,2,4,0,0,3
3928,49,Bi|Ca|Cu|O|Sr,2,0,2,4,3,0,0,0,3,1,2
3929,99,Bi|Ca|Cu|Na|O|Sr,1,4,0,1,2,3,4,1,1,4,3
3930,99,Bi|Ca|Cu|Na|O|Sr,1,4,0,1,2,3,0,0,2,3,1
3931,99,Bi|Ca|Cu|Na|O|Sr,1,4,0,1,2,3,2,1,4,2,1
3932,8,Ba|Cu|O|Y,0,1,2,1,3,1,1,1,1,2,1
3933,8,Ba|Cu|O|Y,0,1,2,1,3,1,2,0,2,1,2
3934,8,Ba|Cu|O|Y,0,1,2,1,3,1,3,4,3,2,0
3935,8,Ba|Cu|O|Y,0,1,2,1,3,1,1,3,3,3,3
3936,8,Ba|Cu|O|Y,0,1,2,1,3,1,1,4,1,2,3
3937,62,Ba|Ca|Cu|La|O,1,3,2,0,1,3,2,3,0,0,4
3938,62,Ba|Ca|Cu|La|O,1,3,2,0,1,3,4,0,0,1,2
3939,62,Ba|Ca|Cu|La|O,1,3,2,0,1,3,3,4,2,4,0
3940,62,Ba|Ca|Cu|La|O,1,3,2,0,1,3,0,3,4,3,4
3941,62,Ba|Ca|Cu|La|O,1,3,2,0,1,3,0,2,0,1,3
3942,62,Ba|Ca|Cu|La|O,1,3,2,0,1,3,3,2,4,0,4
3943,62,Ba|Ca|Cu|La|O,1,3,2,0,1,3,1,1,3,3,1
3944,62,Ba|Ca|Cu|La|O,1,3,2,0,1,3,3,3,1,2,0
3945,62,Ba|Ca|Cu|La|O,1,3,2,0,1,3,0,3,0,1,2
3946,62,Ba|Ca|Cu|La|O,1,3,2,0,1,3,3,0,2,0,3
3947,62,Ba|Ca|Cu|La|O,1,3,2,0,1,3,1,4,1,1,4
3948,62,Ba|Ca|Cu|La|O,1,3,2,0,1,3,1,3,1,3,1
3949,62,Ba|Ca|Cu|La|O,1,3,2,0,1,3,0,3,1,4,3
3950,62,Ba|Ca|Cu|La|O,1,3,2,0,1,3,3,1,0,1,3
3951,62,Ba|Ca|Cu|La|O,1,3,2,0,1,3,0,0,0,2,4
3952,62,Ba|Ca|Cu|La|O,1,3,2,0,1,3,4,3,2,4,0
3953,62,Ba|Ca|Cu|La|O,1,3,2,0,1,3,3,1,2,0,0
3954,62,Ba|Ca|Cu|La|O,1,3,2,0,1,3,2,2,2,4,2
3955,62,Ba|Ca|Cu|La|O,1,3,2,0,1,3,2,3,3,2,1
3956,62,Ba|Ca|Cu|La|O,1,3,2,0,1,3,4,2,4,3,2
3957,62,Ba|Ca|Cu|La|O,1,3,2,0,1,3,3,1,2,2,4
3958,62,Ba|Ca|Cu|La|O,1,3,2,0,1,3,4,4,4,4,0
3959,62,Ba|Ca|Cu|La|O,1,3,2,0,1,3,1,4,4,2,3
3960,62,Ba|Ca|Cu|La|O,1,3,2,0,1,3,0,4,2,3,3
3961,62,Ba|Ca|Cu|La|O,1,3,2,0,1,3,4,2,2,3,4
3962,268,Cu|Mo|O|Sr|Y,4,2,1,1,2,0,4,4,4,0,1
3963,321,Cu|Gd|Mo|O|Sr,0,4,0,1,1,3,4,1,3,0,0
3964,278,Cu|Mo|O|Sr|Tb,0,2,3,1,4,2,2,0,0,4,4
3965,480,Ca|Cu|O|S|Sr,3,0,1,0,4,2,1,4,2,4,2
3966,480,Ca|Cu|O|S|Sr,3,0,1,0,4,2,4,3,3,2,1
3967,480,Ca|Cu|O|S|Sr,3,0,1,0,4,2,2,4,0,2,0
3968,480,Ca|Cu|O|S|Sr,3,0,1,0,4,2,4,4,4,1,3
3969,4,Ba|Ca|Cu|O|Y,3,0,0,0,2,3,4,0,1,0,0
3970,4,Ba|Ca|Cu|O|Y,3,0,0,0,2,3,0,4,0,0,3
3971,4,Ba|Ca|Cu|O|Y,3,0,0,0,2,3,0,0,0,1,0
3972,302,Bi|Ca|Cu|O|Pb|Sm|Sr,4,0,1,3,0,4,0,1,3,0,4
3973,302,Bi|Ca|Cu|O|Pb|Sm|Sr,4,0,1,3,0,4,4,4,0,1,2
3974,302,Bi|Ca|Cu|O|Pb|Sm|Sr,4,0,1,3,0,4,0,1,3,0,2
3975,302,Bi|Ca|Cu|O|Pb|Sm|Sr,4,0,1,3,0,4,1,3,4,0,1
3976,481,Ba|Ca|Cu|Hg|O|Pb,0,2,0,2,0,3,3,3,0,4,4
3977,482,Ba|Bi|Ca|Cu|O|Sr|Tl,1,0,3,3,1,3,3,3,0,2,2
3978,8,Ba|Cu|O|Y,0,1,2,1,3,1,2,1,0,2,1
3979,307,Ba|Ca|Cu|Hg|O,2,4,3,2,4,3,4,1,1,2,0
3980,481,Ba|Ca|Cu|Hg|O|Pb,0,2,0,2,0,3,1,2,3,1,4
3981,481,Ba|Ca|Cu|Hg|O|Pb,0,2,0,2,0,3,2,0,1,4,4
3982,481,Ba|Ca|Cu|Hg|O|Pb,0,2,0,2,0,3,1,1,1,4,1
3983,481,Ba|Ca|Cu|Hg|O|Pb,0,2,0,2,0,3,4,0,2,2,3
3984,481,Ba|Ca|Cu|Hg|O|Pb,0,2,0,2,0,3,0,2,4,3,0
3985,481,Ba|Ca|Cu|Hg|O|Pb,0,2,0,2,0,3,3,2,0,3,3
3986,483,Ca|Cu|Mo|O|Sr|Tl,0,0,3,2,4,2,0,1,0,1,3
3987,483,Ca|Cu|Mo|O|Sr|Tl,0,0,3,2,4,2,3,0,3,3,4
3988,483,Ca|Cu|Mo|O|Sr|Tl,0,0,3,2,4,2,4,4,0,4,3
3989,484,Cu|La|Mo|O|Sr|Tl,1,3,2,2,4,3,3,1,2,3,3
3990,484,Cu|La|Mo|O|Sr|Tl,1,3,2,2,4,3,1,3,0,0,0
3991,485,Co|Cu|Mo|O|Sr|Tl,2,0,1,4,2,0,1,0,0,4,3
3992,485,Co|Cu|Mo|O|Sr|Tl,2,0,1,4,2,0,0,4,2,4,0
3993,4,Ba|Ca|Cu|O|Y,3,0,0,0,2,3,1,3,3,2,1
3994,4,Ba|Ca|Cu|O|Y,3,0,0,0,2,3,3,1,3,4,0
3995,4,Ba|Ca|Cu|O|Y,3,0,0,0,2,3,4,4,4,0,4
3996,418,Al|Ca|Cu|O|Sr,4,0,1,1,4,3,3,1,4,3,4
3997,418,Al|Ca|Cu|O|Sr,4,0,1,1,4,3,2,4,1,2,1
3998,418,Al|Ca|Cu|O|Sr,4,0,1,1,4,3,0,3,0,4,1
3999,418,Al|Ca|Cu|O|Sr,4,0,1,1,4,3,4,2,0,4,0
4000,418,Al|Ca|Cu|O|Sr,4,0,1,1,4,3,2,4,0,4,4
4001,486,Al|Ca|Cu|O|Sr|Y,0,1,0,3,1,1,1,1,3,2,0
4002,487,Ca|Cl|Cu|K|O,0,1,0,1,2,0,2,3,1,0,3
4003,487,Ca|Cl|Cu|K|O,0,1,0,1,2,0,1,0,4,3,3
4004,487,Ca|Cl|Cu|K|O,0,1,0,1,2,0,2,2,3,2,3
4005,487,Ca|Cl|Cu|K|O,0,1,0,1,2,0,4,1,3,0,1
4006,487,Ca|Cl|Cu|K|O,0,1,0,1,2,0,0,3,1,4,2
4007,66,Ba|Cu|O|Sr|Y,2,2,3,2,4,1,3,2,0,3,3
4008,450,Ba|Cu|O|Pr|Sr|Y,4,3,4,2,2,2,0,2,0,1,1
4009,450,Ba|Cu|O|Pr|Sr|Y,4,3,4,2,2,2,3,3,3,3,2
4010,450,Ba|Cu|O|Pr|Sr|Y,4,3,4,2,2,2,4,4,4,2,3
4011,450,Ba|Cu|O|Pr|Sr|Y,4,3,4,2,2,2,0,4,1,2,1
4012,450,Ba|Cu|O|Pr|Sr|Y,4,3,4,2,2,2,0,3,3,1,3
4013,254,Cu|O|Pb|Sr|Y,4,2,0,3,3,0,0,1,0,3,2
4014,90,Ca|Cu|O|Pb|Sr|Y,0,3,2,3,4,0,2,0,3,2,1
4015,90,Ca|Cu|O|Pb|Sr|Y,0,3,2,3,4,0,2,0,3,4,3
4016,90,Ca|Cu|O|Pb|Sr|Y,0,3,2,3,4,0,1,3,2,4,1
4017,49,Bi|Ca|Cu|O|Sr,2,0,2,4,3,0,3,0,1,1,3
4018,49,Bi|Ca|Cu|O|Sr,2,0,2,4,3,0,0,4,3,2,4
4019,49,Bi|Ca|Cu|O|Sr,2,0,2,4,3,0,1,1,1,4,0
4020,49,Bi|Ca|Cu|O|Sr,2,0,2,4,3,0,2,3,1,0,1
4021,174,Bi|Ca|Cu|Li|O|Sr,4,4,4,3,3,4,4,2,4,4,2
4022,174,Bi|Ca|Cu|Li|O|Sr,4,4,4,3,3,4,0,4,3,4,3
4023,174,Bi|Ca|Cu|Li|O|Sr,4,4,4,3,3,4,4,3,3,0,2
4024,174,Bi|Ca|Cu|Li|O|Sr,4,4,4,3,3,4,1,1,3,1,1
4025,174,Bi|Ca|Cu|Li|O|Sr,4,4,4,3,3,4,0,4,2,0,4
4026,174,Bi|Ca|Cu|Li|O|Sr,4,4,4,3,3,4,1,4,2,0,0
4027,174,Bi|Ca|Cu|Li|O|Sr,4,4,4,3,3,4,0,4,0,3,0
4028,47,Ba|Ca|Cu|O|Tl,3,2,1,1,4,1,4,2,3,2,0
4029,372,Ba|Ca|Cu|Hg|O|Tl,0,3,2,1,4,2,1,1,0,3,0
4030,372,Ba|Ca|Cu|Hg|O|Tl,0,3,2,1,4,2,1,0,1,4,1
4031,372,Ba|Ca|Cu|Hg|O|Tl,0,3,2,1,4,2,3,3,3,1,1
4032,372,Ba|Ca|Cu|Hg|O|Tl,0,3,2,1,4,2,3,3,2,4,4
4033,372,Ba|Ca|Cu|Hg|O|Tl,0,3,2,1,4,2,3,3,2,4,1
4034,372,Ba|Ca|Cu|Hg|O|Tl,0,3,2,1,4,2,0,3,0,1,4
4035,307,Ba|Ca|Cu|Hg|O,2,4,3,2,4,3,0,1,3,0,0
4036,306,Ba|Cu|Hg|O,4,0,0,2,4,0,0,1,3,2,4
4037,306,Ba|Cu|Hg|O,4,0,0,2,4,0,0,4,2,0,1
4038,306,Ba|Cu|Hg|O,4,0,0,2,4,0,2,1,0,3,0
4039,306,Ba|Cu|Hg|O,4,0,0,2,4,0,4,4,3,4,0
4040,306,Ba|Cu|Hg|O,4,0,0,2,4,0,0,2,3,4,4
4041,488,Bi|Cu|Mo|O|Sr|Y,3,1,2,0,1,4,1,1,1,2,4
4042,488,Bi|Cu|Mo|O|Sr|Y,3,1,2,0,1,4,1,4,3,2,4
4043,268,Cu|Mo|O|Sr|Y,4,2,1,1,2,0,3,1,4,2,3
4044,334,Ba|Cu|Nd|O|Sr,3,4,4,0,0,3,1,3,4,1,4
4045,489,Ba|Ca|Cu|Nd|O|Sr,1,0,4,4,4,3,3,1,3,4,0
4046,489,Ba|Ca|Cu|Nd|O|Sr,1,0,4,4,4,3,2,1,3,4,4
4047,489,Ba|Ca|Cu|Nd|O|Sr,1,0,4,4,4,3,4,4,0,1,2
4048,489,Ba|Ca|Cu|Nd|O|Sr,1,0,4,4,4,3,0,3,3,4,1
4049,489,Ba|Ca|Cu|Nd|O|Sr,1,0,4,4,4,3,4,3,2,1,4
4050,489,Ba|Ca|Cu|Nd|O|Sr,1,0,4,4,4,3,2,1,1,1,4
4051,489,Ba|Ca|Cu|Nd|O|Sr,1,0,4,4,4,3,3,4,3,4,2
4052,489,Ba|Ca|Cu|Nd|O|Sr,1,0,4,4,4,3,4,3,2,1,4
4053,489,Ba|Ca|Cu|Nd|O|Sr,1,0,4,4,4,3,2,2,1,3,3
4054,289,Ba|Ca|Cu|Nd|O,3,0,0,3,1,0,4,3,4,2,0
4055,490,Cu|Hg|La|O|Sr|W,1,2,0,3,0,1,0,4,1,2,3
4056,490,Cu|Hg|La|O|Sr|W,1,2,0,3,0,1,1,4,2,2,0
4057,102,Ba|Cu|O|Pr|Y,4,2,0,0,3,0,0,1,2,3,4
4058,142,Ba|Ca|Cu|O|Pr|Y,4,2,3,0,3,4,1,4,3,0,2
4059,142,Ba|Ca|Cu|O|Pr|Y,4,2,3,0,3,4,3,4,3,1,1
4060,142,Ba|Ca|Cu|O|Pr|Y,4,2,3,0,3,4,3,1,1,0,1
4061,142,Ba|Ca|Cu|O|Pr|Y,4,2,3,0,3,4,3,2,3,1,4
4062,177,Ba|Cu|Gd|O|Pr,2,2,1,3,3,3,1,4,2,3,1
4063,491,Ba|Ca|Cu|Gd|O|Pr,2,1,3,1,3,0,1,4,0,0,2
4064,491,Ba|Ca|Cu|Gd|O|Pr,2,1,3,1,3,0,1,4,1,1,0
4065,491,Ba|Ca|Cu|Gd|O|Pr,2,1,3,1,3,0,3,1,3,1,3
4066,491,Ba|Ca|Cu|Gd|O|Pr,2,1,3,1,3,0,0,2,1,0,2
4067,102,Ba|Cu|O|Pr|Y,4,2,0,0,3,0,0,0,1,1,3
4068,142,Ba|Ca|Cu|O|Pr|Y,4,2,3,0,3,4,3,3,0,3,1
4069,142,Ba|Ca|Cu|O|Pr|Y,4,2,3,0,3,4,1,1,0,4,3
4070,142,Ba|Ca|Cu|O|Pr|Y,4,2,3,0,3,4,2,1,4,1,2
4071,142,Ba|Ca|Cu|O|Pr|Y,4,2,3,0,3,4,3,1,2,4,3
4072,177,Ba|Cu|Gd|O|Pr,2,2,1,3,3,3,3,3,0,3,0
4073,491,Ba|Ca|Cu|Gd|O|Pr,2,1,3,1,3,0,4,1,1,0,3
4074,491,Ba|Ca|Cu|Gd|O|Pr,2,1,3,1,3,0,3,4,3,2,3
4075,492,Ba|O|Y,0,3,1,2,2,0,1,1,0,2,2
4076,102,Ba|Cu|O|Pr|Y,4,2,0,0,3,0,1,1,3,3,0
4077,102,Ba|Cu|O|Pr|Y,4,2,0,0,3,0,4,0,2,0,4
4078,493,Cu|Li|O|Ti,0,1,1,2,1,0,4,3,1,2,2
4079,494,Bi|Ca|O|Sr,4,3,0,0,4,3,4,0,3,3,0
4080,307,Ba|Ca|Cu|Hg|O,2,4,3,2,4,3,4,1,3,1,2
4081,307,Ba|Ca|Cu|Hg|O,2,4,3,2,4,3,4,2,2,3,4
4082,307,Ba|Ca|Cu|Hg|O,2,4,3,2,4,3,4,2,0,3,4
4083,307,Ba|Ca|Cu|Hg|O,2,4,3,2,4,3,3,2,1,3,1
4084,463,Cr|Cu|Hg|O|Sr,0,0,3,0,1,2,1,0,1,3,0
4085,463,Cr|Cu|Hg|O|Sr,0,0,3,0,1,2,2,4,2,3,2
4086,407,Cu|Hg|O|Sr,1,4,2,3,1,3,2,2,0,3,3
4087,495,Bi|Cu|Hg|La|O|Sr,3,3,0,4,4,0,2,4,3,0,2
4088,495,Bi|Cu|Hg|La|O|Sr,3,3,0,4,4,0,1,0,4,0,0
4089,495,Bi|Cu|Hg|La|O|Sr,3,3,0,4,4,0,1,2,1,1,2
4090,496,Cu|Hg|La|O|Pb|Sr,0,0,3,1,4,3,4,3,0,1,4
4091,496,Cu|Hg|La|O|Pb|Sr,0,0,3,1,4,3,1,4,0,1,4
4092,496,Cu|Hg|La|O|Pb|Sr,0,0,3,1,4,3,0,3,3,3,3
4093,496,Cu|Hg|La|O|Pb|Sr,0,0,3,1,4,3,2,2,1,1,4
4094,125,Ba|Cu|O|Tl,0,1,2,3,4,1,2,2,3,2,2
4095,125,Ba|Cu|O|Tl,0,1,2,3,4,1,3,3,0,3,2
4096,47,Ba|Ca|Cu|O|Tl,3,2,1,1,4,1,4,3,0,2,0
4097,47,Ba|Ca|Cu|O|Tl,3,2,1,1,4,1,2,1,4,2,1
4098,47,Ba|Ca|Cu|O|Tl,3,2,1,1,4,1,3,3,4,1,0
4099,47,Ba|Ca|Cu|O|Tl,3,2,1,1,4,1,3,4,1,2,2
4100,47,Ba|Ca|Cu|O|Tl,3,2,1,1,4,1,1,3,0,3,4
4101,47,Ba|Ca|Cu|O|Tl,3,2,1,1,4,1,2,1,4,1,0
4102,464,Ba|Ca|Cu|O|Sr|Tl,0,3,0,2,1,4,3,0,4,2,3
4103,464,Ba|Ca|Cu|O|Sr|Tl,0,3,0,2,1,4,2,4,3,1,2
4104,464,Ba|Ca|Cu|O|Sr|Tl,0,3,0,2,1,4,2,2,2,3,0
4105,464,Ba|Ca|Cu|O|Sr|Tl,0,3,0,2,1,4,2,4,3,0,4
4106,307,Ba|Ca|Cu|Hg|O,2,4,3,2,4,3,1,0,0,4,2
4107,488,Bi|Cu|Mo|O|Sr|Y,3,1,2,0,1,4,1,1,4,1,1
4108,8,Ba|Cu|O|Y,0,1,2,1,3,1,3,1,3,3,2
4109,39,Ba|Cu|H|O|Y,3,0,2,2,3,2,0,2,0,2,2
4110,39,Ba|Cu|H|O|Y,3,0,2,2,3,2,1,0,3,4,4
4111,39,Ba|Cu|H|O|Y,3,0,2,2,3,2,1,0,2,3,3
4112,8,Ba|Cu|O|Y,0,1,2,1,3,1,3,2,2,2,1
4113,39,Ba|Cu|H|O|Y,3,0,2,2,3,2,2,2,4,3,3
4114,39,Ba|Cu|H|O|Y,3,0,2,2,3,2,0,2,0,1,4
4115,39,Ba|Cu|H|O|Y,3,0,2,2,3,2,0,0,4,1,4
4116,39,Ba|Cu|H|O|Y,3,0,2,2,3,2,4,1,2,2,1
4117,39,Ba|Cu|H|O|Y,3,0,2,2,3,2,2,0,0,3,0
4118,39,Ba|Cu|H|O|Y,3,0,2,2,3,2,4,4,2,3,4
4119,39,Ba|Cu|H|O|Y,3,0,2,2,3,2,2,1,1,0,0
4120,8,Ba|Cu|O|Y,0,1,2,1,3,1,3,0,0,2,2
4121,8,Ba|Cu|O|Y,0,1,2,1,3,1,2,2,3,2,1
4122,8,Ba|Cu|O|Y,0,1,2,1,3,1,4,0,0,0,4
4123,8,Ba|Cu|O|Y,0,1,2,1,3,1,1,3,1,3,2
4124,8,Ba|Cu|O|Y,0,1,2,1,3,1,4,0,4,0,4
4125,8,Ba|Cu|O|Y,0,1,2,1,3,1,1,1,2,2,3
4126,8,Ba|Cu|O|Y,0,1,2,1,3,1,2,1,2,3,4
4127,8,Ba|Cu|O|Y,0,1,2,1,3,1,2,0,1,0,4
4128,8,Ba|Cu|O|Y,0,1,2,1,3,1,2,4,1,1,1
4129,8,Ba|Cu|O|Y,0,1,2,1,3,1,1,4,1,3,3
4130,8,Ba|Cu|O|Y,0,1,2,1,3,1,3,2,2,1,2
4131,8,Ba|Cu|O|Y,0,1,2,1,3,1,3,0,3,0,4
4132,8,Ba|Cu|O|Y,0,1,2,1,3,1,2,4,3,3,1
4133,8,Ba|Cu|O|Y,0,1,2,1,3,1,1,2,1,0,2
4134,8,Ba|Cu|O|Y,0,1,2,1,3,1,1,4,2,3,1
4135,8,Ba|Cu|O|Y,0,1,2,1,3,1,1,0,2,1,3
4136,8,Ba|Cu|O|Y,0,1,2,1,3,1,0,1,0,1,2
4137,8,Ba|Cu|O|Y,0,1,2,1,3,1,0,0,4,0,4
4138,238,Ba|Ca|Cu|O|Sr|Yb,1,1,3,1,2,2,1,2,2,2,0
4139,238,Ba|Ca|Cu|O|Sr|Yb,1,1,3,1,2,2,0,0,3,4,4
4140,238,Ba|Ca|Cu|O|Sr|Yb,1,1,3,1,2,2,2,0,3,4,1
4141,238,Ba|Ca|Cu|O|Sr|Yb,1,1,3,1,2,2,0,0,0,2,2
4142,238,Ba|Ca|Cu|O|Sr|Yb,1,1,3,1,2,2,1,3,0,4,1
4143,281,Ba|Cu|O|Sr|Yb,1,4,2,1,1,0,3,2,0,4,1
4144,238,Ba|Ca|Cu|O|Sr|Yb,1,1,3,1,2,2,0,3,3,2,1
4145,238,Ba|Ca|Cu|O|Sr|Yb,1,1,3,1,2,2,1,0,2,4,0
4146,238,Ba|Ca|Cu|O|Sr|Yb,1,1,3,1,2,2,4,2,1,1,4
4147,8,Ba|Cu|O|Y,0,1,2,1,3,1,4,3,2,3,1
4148,39,Ba|Cu|H|O|Y,3,0,2,2,3,2,0,2,1,3,1
4149,39,Ba|Cu|H|O|Y,3,0,2,2,3,2,1,4,4,1,3
4150,39,Ba|Cu|H|O|Y,3,0,2,2,3,2,2,2,1,0,3
4151,39,Ba|Cu|H|O|Y,3,0,2,2,3,2,1,0,1,2,4
4152,39,Ba|Cu|H|O|Y,3,0,2,2,3,2,0,1,2,3,0
4153,39,Ba|Cu|H|O|Y,3,0,2,2,3,2,2,2,2,1,2
4154,39,Ba|Cu|H|O|Y,3,0,2,2,3,2,4,3,2,4,1
4155,39,Ba|Cu|H|O|Y,3,0,2,2,3,2,2,4,2,4,2
4156,8,Ba|Cu|O|Y,0,1,2,1,3,1,3,2,1,4,4
4157,8,Ba|Cu|O|Y,0,1,2,1,3,1,2,4,3,3,1
4158,39,Ba|Cu|H|O|Y,3,0,2,2,3,2,3,0,0,0,3
4159,39,Ba|Cu|H|O|Y,3,0,2,2,3,2,2,4,3,0,3
4160,39,Ba|Cu|H|O|Y,3,0,2,2,3,2,1,2,0,4,4
4161,39,Ba|Cu|H|O|Y,3,0,2,2,3,2,4,2,2,1,0
4162,13,Ba|Cu|Gd|O,2,1,0,3,4,0,3,4,3,4,4
4163,497,Ba|Cu|Gd|H|O,0,4,4,4,4,0,4,1,4,4,3
4164,497,Ba|Cu|Gd|H|O,0,4,4,4,4,0,2,3,1,3,3
4165,497,Ba|Cu|Gd|H|O,0,4,4,4,4,0,0,1,3,3,4
4166,31,Ba|Cu|Fe|O|Y,3,2,3,4,1,0,0,0,2,4,4
4167,498,Ba|Cu|Fe|H|O|Y,4,3,2,3,2,4,4,0,2,3,2
4168,498,Ba|Cu|Fe|H|O|Y,4,3,2,3,2,4,0,3,1,2,2
4169,12,Ba|Cu|Eu|O,2,3,0,3,4,4,3,4,3,0,1
4170,499,Ba|Cu|Eu|H|O,0,0,0,0,0,2,2,0,2,2,4
4171,499,Ba|Cu|Eu|H|O,0,0,0,0,0,2,1,1,1,4,0
4172,62,Ba|Ca|Cu|La|O,1,3,2,0,1,3,1,0,1,0,1
4173,500,Ba|Ca|Cd|Cu|O|Pb|Sr|Y,1,2,3,3,2,4,1,0,0,4,3
4174,500,Ba|Ca|Cd|Cu|O|Pb|Sr|Y,1,2,3,3,2,4,2,4,3,2,1
4175,501,Ba|Ca|Cu|La|O|Pr,3,0,1,1,4,1,0,1,3,3,1
4176,62,Ba|Ca|Cu|La|O,1,3,2,0,1,3,3,2,4,0,2
4177,502,C|Tb,0,1,3,0,3,3,4,1,0,4,4
4178,450,Ba|Cu|O|Pr|Sr|Y,4,3,4,2,2,2,3,1,1,1,1
4179,450,Ba|Cu|O|Pr|Sr|Y,4,3,4,2,2,2,3,1,0,2,4
4180,450,Ba|Cu|O|Pr|Sr|Y,4,3,4,2,2,2,2,1,3,4,4
4181,503,C|Sm,4,1,1,1,4,3,4,1,2,1,4
4182,8,Ba|Cu|O|Y,0,1,2,1,3,1,4,0,3,4,3
4183,8,Ba|Cu|O|Y,0,1,2,1,3,1,0,2,4,3,2
4184,8,Ba|Cu|O|Y,0,1,2,1,3,1,2,0,4,0,0
4185,8,Ba|Cu|O|Y,0,1,2,1,3,1,3,2,2,4,0
4186,8,Ba|Cu|O|Y,0,1,2,1,3,1,4,3,4,3,2
4187,8,Ba|Cu|O|Y,0,1,2,1,3,1,3,4,1,4,0
4188,8,Ba|Cu|O|Y,0,1,2,1,3,1,1,1,4,0,3
4189,8,Ba|Cu|O|Y,0,1,2,1,3,1,4,3,4,3,1
4190,8,Ba|Cu|O|Y,0,1,2,1,3,1,3,1,1,2,2
4191,8,Ba|Cu|O|Y,0,1,2,1,3,1,0,1,3,3,4
4192,8,Ba|Cu|O|Y,0,1,2,1,3,1,4,3,3,4,0
4193,8,Ba|Cu|O|Y,0,1,2,1,3,1,3,0,4,3,1
4194,8,Ba|Cu|O|Y,0,1,2,1,3,1,0,2,3,3,4
4195,8,Ba|Cu|O|Y,0,1,2,1,3,1,4,1,2,4,4
4196,8,Ba|Cu|O|Y,0,1,2,1,3,1,3,2,3,0,4
4197,8,Ba|Cu|O|Y,0,1,2,1,3,1,1,3,3,2,3
4198,8,Ba|Cu|O|Y,0,1,2,1,3,1,3,3,3,1,1
4199,504,Ba|Ca|Cd|Cu|O,3,4,3,1,2,0,4,4,1,2,2
4200,8,Ba|Cu|O|Y,0,1,2,1,3,1,1,3,3,0,4
4201,2,Cu|La|O|Sr,1,2,3,2,2,0,1,4,2,1,2
4202,306,Ba|Cu|Hg|O,4,0,0,2,4,0,0,4,3,2,1
4203,264,Ba|Cu|Hg|O|Tl,4,1,2,3,0,4,2,0,1,4,4
4204,264,Ba|Cu|Hg|O|Tl,4,1,2,3,0,4,3,0,0,2,4
4205,264,Ba|Cu|Hg|O|Tl,4,1,2,3,0,4,3,4,2,3,3
4206,3,Ba|Cu|Hg|La|O,4,4,0,1,0,1,0,3,2,3,2
4207,3,Ba|Cu|Hg|La|O,4,4,0,1,0,1,4,0,4,0,0
4208,505,Ba|Cu|Hg|La|O|Tl,2,2,4,0,2,4,2,0,2,2,0
4209,505,Ba|Cu|Hg|La|O|Tl,2,2,4,0,2,4,2,0,3,0,2
4210,505,Ba|Cu|Hg|La|O|Tl,2,2,4,0,2,4,4,4,2,4,3
4211,17,Ba|Cu|O|Sm,4,0,0,3,4,1,0,0,1,1,3
4212,17,Ba|Cu|O|Sm,4,0,0,3,4,1,4,3,4,2,2
4213,17,Ba|Cu|O|Sm,4,0,0,3,4,1,4,3,1,2,1
4214,17,Ba|Cu|O|Sm,4,0,0,3,4,1,0,2,2,4,0
4215,17,Ba|Cu|O|Sm,4,0,0,3,4,1,4,3,2,4,2
4216,17,Ba|Cu|O|Sm,4,0,0,3,4,1,3,1,1,3,3
4217,17,Ba|Cu|O|Sm,4,0,0,3,4,1,0,4,2,2,2
4218,17,Ba|Cu|O|Sm,4,0,0,3,4,1,1,0,1,2,3
4219,17,Ba|Cu|O|Sm,4,0,0,3,4,1,1,1,3,2,4
4220,142,Ba|Ca|Cu|O|Pr|Y,4,2,3,0,3,4,2,1,1,1,0
4221,142,Ba|Ca|Cu|O|Pr|Y,4,2,3,0,3,4,1,2,4,2,2
4222,142,Ba|Ca|Cu|O|Pr|Y,4,2,3,0,3,4,3,0,3,2,1
4223,142,Ba|Ca|Cu|O|Pr|Y,4,2,3,0,3,4,4,2,1,4,0
4224,85,Ca|Cu|Ho|O|Pb|Sr,2,2,3,2,1,4,1,0,1,0,2
4225,85,Ca|Cu|Ho|O|Pb|Sr,2,2,3,2,1,4,3,2,0,1,2
4226,74,Ce|Cu|Nd|O,3,3,3,3,3,1,1,2,0,4,0
4227,108,Ca|Cu|O|Sr|Tl,4,2,1,1,0,4,4,1,2,1,3
4228,108,Ca|Cu|O|Sr|Tl,4,2,1,1,0,4,0,2,1,1,4
4229,108,Ca|Cu|O|Sr|Tl,4,2,1,1,0,4,4,3,3,3,4
4230,108,Ca|Cu|O|Sr|Tl,4,2,1,1,0,4,1,1,0,0,4
4231,62,Ba|Ca|Cu|La|O,1,3,2,0,1,3,1,4,1,4,3
4232,62,Ba|Ca|Cu|La|O,1,3,2,0,1,3,3,1,0,4,0
4233,62,Ba|Ca|Cu|La|O,1,3,2,0,1,3,3,2,2,4,0
4234,505,Ba|Cu|Hg|La|O|Tl,2,2,4,0,2,4,3,2,0,3,1
4235,505,Ba|Cu|Hg|La|O|Tl,2,2,4,0,2,4,1,0,0,0,3
4236,505,Ba|Cu|Hg|La|O|Tl,2,2,4,0,2,4,0,2,3,3,2
4237,505,Ba|Cu|Hg|La|O|Tl,2,2,4,0,2,4,3,1,3,0,1
4238,4,Ba|Ca|Cu|O|Y,3,0,0,0,2,3,2,3,1,1,2
4239,4,Ba|Ca|Cu|O|Y,3,0,0,0,2,3,0,2,3,0,3
4240,4,Ba|Ca|Cu|O|Y,3,0,0,0,2,3,1,2,2,0,2
4241,4,Ba|Ca|Cu|O|Y,3,0,0,0,2,3,2,3,0,4,3
4242,4,Ba|Ca|Cu|O|Y,3,0,0,0,2,3,4,4,0,0,2
4243,4,Ba|Ca|Cu|O|Y,3,0,0,0,2,3,4,2,3,4,3
4244,4,Ba|Ca|Cu|O|Y,3,0,0,0,2,3,0,0,1,1,0
4245,4,Ba|Ca|Cu|O|Y,3,0,0,0,2,3,3,2,4,3,4
4246,4,Ba|Ca|Cu|O|Y,3,0,0,0,2,3,2,2,3,3,4
4247,4,Ba|Ca|Cu|O|Y,3,0,0,0,2,3,1,2,3,4,4
4248,4,Ba|Ca|Cu|O|Y,3,0,0,0,2,3,4,2,0,0,4
4249,4,Ba|Ca|Cu|O|Y,3,0,0,0,2,3,2,3,4,1,1
4250,4,Ba|Ca|Cu|O|Y,3,0,0,0,2,3,1,3,3,3,2
4251,4,Ba|Ca|Cu|O|Y,3,0,0,0,2,3,1,1,3,2,4
4252,4,Ba|Ca|Cu|O|Y,3,0,0,0,2,3,0,1,3,0,3
4253,57,Ba|Cu|La|O|Y,4,0,3,4,0,1,1,0,4,2,1
4254,57,Ba|Cu|La|O|Y,4,0,3,4,0,1,0,4,3,2,2
4255,57,Ba|Cu|La|O|Y,4,0,3,4,0,1,1,4,2,0,0
4256,57,Ba|Cu|La|O|Y,4,0,3,4,0,1,2,2,2,4,1
4257,57,Ba|Cu|La|O|Y,4,0,3,4,0,1,3,2,0,3,3
4258,57,Ba|Cu|La|O|Y,4,0,3,4,0,1,2,0,3,2,1
4259,57,Ba|Cu|La|O|Y,4,0,3,4,0,1,3,4,1,3,3
4260,57,Ba|Cu|La|O|Y,4,0,3,4,0,1,4,3,2,1,4
4261,57,Ba|Cu|La|O|Y,4,0,3,4,0,1,2,3,4,1,2
4262,57,Ba|Cu|La|O|Y,4,0,3,4,0,1,1,2,0,1,3
4263,57,Ba|Cu|La|O|Y,4,0,3,4,0,1,0,4,3,4,4
4264,57,Ba|Cu|La|O|Y,4,0,3,4,0,1,1,3,0,2,4
4265,57,Ba|Cu|La|O|Y,4,0,3,4,0,1,2,2,2,2,0
4266,57,Ba|Cu|La|O|Y,4,0,3,4,0,1,0,1,2,3,0
4267,57,Ba|Cu|La|O|Y,4,0,3,4,0,1,4,3,4,4,1
4268,57,Ba|Cu|La|O|Y,4,0,3,4,0,1,4,3,2,2,3
4269,57,Ba|Cu|La|O|Y,4,0,3,4,0,1,0,1,4,2,4
4270,57,Ba|Cu|La|O|Y,4,0,3,4,0,1,3,2,0,1,4
4271,57,Ba|Cu|La|O|Y,4,0,3,4,0,1,3,0,0,1,2
4272,57,Ba|Cu|La|O|Y,4,0,3,4,0,1,4,1,2,4,1
4273,57,Ba|Cu|La|O|Y,4,0,3,4,0,1,0,2,4,3,3
4274,57,Ba|Cu|La|O|Y,4,0,3,4,0,1,4,3,3,4,1
4275,57,Ba|Cu|La|O|Y,4,0,3,4,0,1,3,4,1,4,0
4276,57,Ba|Cu|La|O|Y,4,0,3,4,0,1,3,1,4,2,0
4277,4,Ba|Ca|Cu|O|Y,3,0,0,0,2,3,2,3,0,0,0
4278,4,Ba|Ca|Cu|O|Y,3,0,0,0,2,3,2,3,1,2,2
4279,4,Ba|Ca|Cu|O|Y,3,0,0,0,2,3,4,4,2,0,4
4280,4,Ba|Ca|Cu|O|Y,3,0,0,0,2,3,0,0,1,0,2
4281,4,Ba|Ca|Cu|O|Y,3,0,0,0,2,3,1,0,0,0,0
4282,4,Ba|Ca|Cu|O|Y,3,0,0,0,2,3,3,0,2,2,2
4283,4,Ba|Ca|Cu|O|Y,3,0,0,0,2,3,2,1,0,4,0
4284,8,Ba|Cu|O|Y,0,1,2,1,3,1,1,3,0,0,1
4285,57,Ba|Cu|La|O|Y,4,0,3,4,0,1,0,3,4,0,3
4286,57,Ba|Cu|La|O|Y,4,0,3,4,0,1,3,0,0,2,3
4287,57,Ba|Cu|La|O|Y,4,0,3,4,0,1,2,1,0,2,0
4288,57,Ba|Cu|La|O|Y,4,0,3,4,0,1,0,1,2,1,0
4289,57,Ba|Cu|La|O|Y,4,0,3,4,0,1,3,0,1,2,4
4290,57,Ba|Cu|La|O|Y,4,0,3,4,0,1,2,0,2,2,2
4291,57,Ba|Cu|La|O|Y,4,0,3,4,0,1,2,3,0,3,4
4292,4,Ba|Ca|Cu|O|Y,3,0,0,0,2,3,4,2,0,0,2
4293,4,Ba|Ca|Cu|O|Y,3,0,0,0,2,3,0,4,0,1,3
4294,4,Ba|Ca|Cu|O|Y,3,0,0,0,2,3,2,0,3,0,1
4295,8,Ba|Cu|O|Y,0,1,2,1,3,1,4,1,3,3,2
4296,57,Ba|Cu|La|O|Y,4,0,3,4,0,1,1,2,0,3,4
4297,57,Ba|Cu|La|O|Y,4,0,3,4,0,1,0,2,3,0,3
4298,57,Ba|Cu|La|O|Y,4,0,3,4,0,1,1,3,3,0,0
4299,57,Ba|Cu|La|O|Y,4,0,3,4,0,1,3,1,4,0,3
4300,57,Ba|Cu|La|O|Y,4,0,3,4,0,1,4,0,3,1,2
4301,8,Ba|Cu|O|Y,0,1,2,1,3,1,1,2,4,3,0
4302,57,Ba|Cu|La|O|Y,4,0,3,4,0,1,3,2,0,3,3
4303,57,Ba|Cu|La|O|Y,4,0,3,4,0,1,3,4,2,1,0
4304,57,Ba|Cu|La|O|Y,4,0,3,4,0,1,2,3,3,1,0
4305,57,Ba|Cu|La|O|Y,4,0,3,4,0,1,4,1,3,1,2
4306,57,Ba|Cu|La|O|Y,4,0,3,4,0,1,1,1,3,0,1
4307,193,Ba|Ca|Cu|La|O|Y,0,3,3,2,2,3,4,2,4,4,3
4308,193,Ba|Ca|Cu|La|O|Y,0,3,3,2,2,3,0,4,0,4,1
4309,193,Ba|Ca|Cu|La|O|Y,0,3,3,2,2,3,0,3,2,4,1
4310,193,Ba|Ca|Cu|La|O|Y,0,3,3,2,2,3,3,0,3,0,3
4311,193,Ba|Ca|Cu|La|O|Y,0,3,3,2,2,3,0,1,3,0,4
4312,193,Ba|Ca|Cu|La|O|Y,0,3,3,2,2,3,3,2,3,3,1
4313,193,Ba|Ca|Cu|La|O|Y,0,3,3,2,2,3,0,3,3,1,3
4314,193,Ba|Ca|Cu|La|O|Y,0,3,3,2,2,3,4,0,3,0,0
4315,193,Ba|Ca|Cu|La|O|Y,0,3,3,2,2,3,3,2,1,4,2
4316,193,Ba|Ca|Cu|La|O|Y,0,3,3,2,2,3,3,0,2,1,3
4317,193,Ba|Ca|Cu|La|O|Y,0,3,3,2,2,3,4,2,4,4,4
4318,193,Ba|Ca|Cu|La|O|Y,0,3,3,2,2,3,3,1,4,4,3
4319,193,Ba|Ca|Cu|La|O|Y,0,3,3,2,2,3,3,1,3,0,4
4320,193,Ba|Ca|Cu|La|O|Y,0,3,3,2,2,3,2,2,1,1,0
4321,193,Ba|Ca|Cu|La|O|Y,0,3,3,2,2,3,4,4,2,0,1
4322,193,Ba|Ca|Cu|La|O|Y,0,3,3,2,2,3,4,0,3,2,4
4323,193,Ba|Ca|Cu|La|O|Y,0,3,3,2,2,3,1,2,0,4,0
4324,193,Ba|Ca|Cu|La|O|Y,0,3,3,2,2,3,2,3,1,0,0
4325,193,Ba|Ca|Cu|La|O|Y,0,3,3,2,2,3,4,0,3,4,1
4326,193,Ba|Ca|Cu|La|O|Y,0,3,3,2,2,3,0,1,1,4,2
4327,57,Ba|Cu|La|O|Y,4,0,3,4,0,1,3,2,1,0,1
4328,57,Ba|Cu|La|O|Y,4,0,3,4,0,1,3,3,1,0,0
4329,193,Ba|Ca|Cu|La|O|Y,0,3,3,2,2,3,2,1,2,1,2
4330,193,Ba|Ca|Cu|La|O|Y,0,3,3,2,2,3,0,0,3,3,3
4331,62,Ba|Ca|Cu|La|O,1,3,2,0,1,3,4,1,3,0,4
4332,62,Ba|Ca|Cu|La|O,1,3,2,0,1,3,3,4,4,0,0
4333,62,Ba|Ca|Cu|La|O,1,3,2,0,1,3,4,4,4,1,1
4334,62,Ba|Ca|Cu|La|O,1,3,2,0,1,3,4,4,2,4,0
4335,62,Ba|Ca|Cu|La|O,1,3,2,0,1,3,4,3,2,4,4
4336,8,Ba|Cu|O|Y,0,1,2,1,3,1,1,2,2,1,4
4337,66,Ba|Cu|O|Sr|Y,2,2,3,2,4,1,1,2,0,3,4
4338,66,Ba|Cu|O|Sr|Y,2,2,3,2,4,1,4,4,3,2,4
4339,66,Ba|Cu|O|Sr|Y,2,2,3,2,4,1,1,0,4,1,1
4340,66,Ba|Cu|O|Sr|Y,2,2,3,2,4,1,0,4,2,3,4
4341,237,Ba|Cu|La|O|Sr,0,4,3,1,3,0,1,3,4,4,1
4342,237,Ba|Cu|La|O|Sr,0,4,3,1,3,0,4,3,0,2,4
4343,237,Ba|Cu|La|O|Sr,0,4,3,1,3,0,1,3,4,4,2
4344,237,Ba|Cu|La|O|Sr,0,4,3,1,3,0,2,0,0,3,3
4345,306,Ba|Cu|Hg|O,4,0,0,2,4,0,2,3,0,0,0
4346,306,Ba|Cu|Hg|O,4,0,0,2,4,0,1,3,0,1,2
4347,306,Ba|Cu|Hg|O,4,0,0,2,4,0,2,1,2,4,2
4348,306,Ba|Cu|Hg|O,4,0,0,2,4,0,0,0,1,4,4
4349,306,Ba|Cu|Hg|O,4,0,0,2,4,0,1,1,3,3,0
4350,4,Ba|Ca|Cu|O|Y,3,0,0,0,2,3,2,4,3,3,1
4351,289,Ba|Ca|Cu|Nd|O,3,0,0,3,1,0,2,3,2,0,1
4352,289,Ba|Ca|Cu|Nd|O,3,0,0,3,1,0,4,0,1,0,2
4353,289,Ba|Ca|Cu|Nd|O,3,0,0,3,1,0,2,3,3,4,3
4354,289,Ba|Ca|Cu|Nd|O,3,0,0,3,1,0,4,2,3,3,0
4355,289,Ba|Ca|Cu|Nd|O,3,0,0,3,1,0,0,0,0,2,3
4356,289,Ba|Ca|Cu|Nd|O,3,0,0,3,1,0,4,4,2,1,0
4357,289,Ba|Ca|Cu|Nd|O,3,0,0,3,1,0,0,1,4,1,2
4358,289,Ba|Ca|Cu|Nd|O,3,0,0,3,1,0,2,1,3,3,0
4359,289,Ba|Ca|Cu|Nd|O,3,0,0,3,1,0,0,4,0,4,2
4360,334,Ba|Cu|Nd|O|Sr,3,4,4,0,0,3,3,0,2,1,3
4361,334,Ba|Cu|Nd|O|Sr,3,4,4,0,0,3,2,2,0,0,2
4362,506,Ba|Nd|O|Sr,2,2,4,4,3,3,2,2,0,0,3
4363,334,Ba|Cu|Nd|O|Sr,3,4,4,0,0,3,2,2,3,4,2
4364,334,Ba|Cu|Nd|O|Sr,3,4,4,0,0,3,3,0,3,1,3
4365,334,Ba|Cu|Nd|O|Sr,3,4,4,0,0,3,3,0,4,3,4
4366,334,Ba|Cu|Nd|O|Sr,3,4,4,0,0,3,4,4,3,1,4
4367,334,Ba|Cu|Nd|O|Sr,3,4,4,0,0,3,0,3,2,2,0
4368,334,Ba|Cu|Nd|O|Sr,3,4,4,0,0,3,1,0,0,0,4
4369,11,Ba|Cu|Nd|O,2,2,2,2,1,2,4,1,1,0,0
4370,11,Ba|Cu|Nd|O,2,2,2,2,1,2,4,1,2,2,4
4371,11,Ba|Cu|Nd|O,2,2,2,2,1,2,4,1,2,2,3
4372,37,Ba|Cu|Ni|O|Y,1,0,2,1,2,2,2,4,3,3,3
4373,40,Ba|Cu|O|Y|Zn,3,1,0,2,1,0,1,4,1,0,0
4374,40,Ba|Cu|O|Y|Zn,3,1,0,2,1,0,1,4,1,0,4
4375,40,Ba|Cu|O|Y|Zn,3,1,0,2,1,0,3,4,3,3,0
4376,40,Ba|Cu|O|Y|Zn,3,1,0,2,1,0,2,3,3,1,2
4377,40,Ba|Cu|O|Y|Zn,3,1,0,2,1,0,1,1,1,2,4
4378,40,Ba|Cu|O|Y|Zn,3,1,0,2,1,0,4,4,1,4,1
4379,507,Bi|Ca|Cu|Hg|O|Pr|Sr,4,1,2,4,1,2,0,2,0,4,3
4380,507,Bi|Ca|Cu|Hg|O|Pr|Sr,4,1,2,4,1,2,3,0,0,3,0
4381,9,Ba|Cu|Er|O,2,0,3,4,4,4,3,3,0,0,1
4382,508,Ba|Cu|Er|Hf|O,3,4,1,2,4,2,1,1,3,4,1
4383,508,Ba|Cu|Er|Hf|O,3,4,1,2,4,2,4,0,4,3,4
4384,508,Ba|Cu|Er|Hf|O,3,4,1,2,4,2,1,4,0,3,3
4385,508,Ba|Cu|Er|Hf|O,3,4,1,2,4,2,2,0,4,0,2
4386,509,Ba|Ca|Cu|Er|Hf|O,2,4,2,4,2,1,1,1,3,1,4
4387,509,Ba|Ca|Cu|Er|Hf|O,2,4,2,4,2,1,3,2,0,0,4
4388,509,Ba|Ca|Cu|Er|Hf|O,2,4,2,4,2,1,0,2,4,4,0
4389,509,Ba|Ca|Cu|Er|Hf|O,2,4,2,4,2,1,1,2,3,2,2
4390,509,Ba|Ca|Cu|Er|Hf|O,2,4,2,4,2,1,0,0,0,1,0
4391,509,Ba|Ca|Cu|Er|Hf|O,2,4,2,4,2,1,0,3,0,2,0
4392,509,Ba|Ca|Cu|Er|Hf|O,2,4,2,4,2,1,1,4,3,4,0
4393,272,Cu|Fe|O|Sr|Y,1,2,4,1,1,4,3,4,4,3,1
4394,350,Ca|Cu|Fe|O|Sr|Y,3,4,2,4,0,4,0,2,4,3,1
4395,266,Cu|O|Re|Sr|Y,0,3,4,4,0,2,1,1,2,4,0
4396,266,Cu|O|Re|Sr|Y,0,3,4,4,0,2,0,1,3,1,1
4397,510,Cu|O|Pr|Re|Sr|Y,3,3,1,0,1,1,3,3,4,2,2
4398,511,Ca|Cu|Ho|O|P|Sr,1,2,3,0,0,0,2,0,2,0,3
4399,510,Cu|O|Pr|Re|Sr|Y,3,3,1,0,1,1,1,1,4,1,1
4400,62,Ba|Ca|Cu|La|O,1,3,2,0,1,3,3,2,0,2,1
4401,62,Ba|Ca|Cu|La|O,1,3,2,0,1,3,0,4,2,3,1
4402,62,Ba|Ca|Cu|La|O,1,3,2,0,1,3,0,3,1,1,3
4403,62,Ba|Ca|Cu|La|O,1,3,2,0,1,3,4,0,3,0,2
4404,62,Ba|Ca|Cu|La|O,1,3,2,0,1,3,0,2,1,2,1
4405,62,Ba|Ca|Cu|La|O,1,3,2,0,1,3,3,0,0,1,2
4406,62,Ba|Ca|Cu|La|O,1,3,2,0,1,3,2,1,2,0,3
4407,62,Ba|Ca|Cu|La|O,1,3,2,0,1,3,2,2,1,1,0
4408,62,Ba|Ca|Cu|La|O,1,3,2,0,1,3,0,4,3,2,4
4409,15,Ba|Cu|Ho|O,0,0,4,0,3,2,4,1,0,1,2
4410,15,Ba|Cu|Ho|O,0,0,4,0,3,2,1,1,3,3,2
4411,8,Ba|Cu|O|Y,0,1,2,1,3,1,0,2,0,1,1
4412,307,Ba|Ca|Cu|Hg|O,2,4,3,2,4,3,1,1,3,2,2
4413,481,Ba|Ca|Cu|Hg|O|Pb,0,2,0,2,0,3,0,1,0,3,3
4414,481,Ba|Ca|Cu|Hg|O|Pb,0,2,0,2,0,3,0,0,3,4,0
4415,481,Ba|Ca|Cu|Hg|O|Pb,0,2,0,2,0,3,0,4,4,1,1
4416,481,Ba|Ca|Cu|Hg|O|Pb,0,2,0,2,0,3,3,1,4,3,0
4417,481,Ba|Ca|Cu|Hg|O|Pb,0,2,0,2,0,3,4,3,3,2,0
4418,71,Bi|Ca|Cu|O|Pb|Sr,2,0,4,1,4,1,3,4,3,2,3
4419,307,Ba|Ca|Cu|Hg|O,2,4,3,2,4,3,4,4,2,0,1
4420,334,Ba|Cu|Nd|O|Sr,3,4,4,0,0,3,4,4,4,3,3
4421,334,Ba|Cu|Nd|O|Sr,3,4,4,0,0,3,2,0,2,0,4
4422,31,Ba|Cu|Fe|O|Y,3,2,3,4,1,0,0,2,4,3,4
4423,31,Ba|Cu|Fe|O|Y,3,2,3,4,1,0,0,0,1,0,1
4424,8,Ba|Cu|O|Y,0,1,2,1,3,1,2,0,3,1,1
4425,4,Ba|Ca|Cu|O|Y,3,0,0,0,2,3,0,1,4,2,1
4426,4,Ba|Ca|Cu|O|Y,3,0,0,0,2,3,2,0,0,0,3
4427,4,Ba|Ca|Cu|O|Y,3,0,0,0,2,3,4,1,3,2,0
4428,51,Ba|Cu|Gd|O|Sr,3,3,2,4,3,3,2,3,3,0,3
4429,51,Ba|Cu|Gd|O|Sr,3,3,2,4,3,3,0,0,4,1,0
4430,51,Ba|Cu|Gd|O|Sr,3,3,2,4,3,3,2,2,0,3,4
4431,8,Ba|Cu|O|Y,0,1,2,1,3,1,1,1,3,2,1
4432,102,Ba|Cu|O|Pr|Y,4,2,0,0,3,0,2,1,0,1,1
4433,102,Ba|Cu|O|Pr|Y,4,2,0,0,3,0,1,4,2,4,3
4434,102,Ba|Cu|O|Pr|Y,4,2,0,0,3,0,0,1,0,4,3
4435,102,Ba|Cu|O|Pr|Y,4,2,0,0,3,0,0,3,3,1,2
4436,4,Ba|Ca|Cu|O|Y,3,0,0,0,2,3,1,2,3,2,1
4437,4,Ba|Ca|Cu|O|Y,3,0,0,0,2,3,1,2,2,2,0
4438,4,Ba|Ca|Cu|O|Y,3,0,0,0,2,3,3,0,3,1,0
4439,4,Ba|Ca|Cu|O|Y,3,0,0,0,2,3,0,4,4,0,2
4440,142,Ba|Ca|Cu|O|Pr|Y,4,2,3,0,3,4,4,4,2,1,1
4441,142,Ba|Ca|Cu|O|Pr|Y,4,2,3,0,3,4,3,4,4,2,0
4442,8,Ba|Cu|O|Y,0,1,2,1,3,1,3,1,0,2,2
4443,102,Ba|Cu|O|Pr|Y,4,2,0,0,3,0,3,1,3,4,0
4444,102,Ba|Cu|O|Pr|Y,4,2,0,0,3,0,4,2,2,1,4
4445,102,Ba|Cu|O|Pr|Y,4,2,0,0,3,0,2,1,0,0,0
4446,102,Ba|Cu|O|Pr|Y,4,2,0,0,3,0,1,3,2,0,2
4447,102,Ba|Cu|O|Pr|Y,4,2,0,0,3,0,1,2,4,0,1
4448,102,Ba|Cu|O|Pr|Y,4,2,0,0,3,0,2,3,2,0,0
4449,102,Ba|Cu|O|Pr|Y,4,2,0,0,3,0,3,1,3,4,1
4450,102,Ba|Cu|O|Pr|Y,4,2,0,0,3,0,4,4,3,4,2
4451,102,Ba|Cu|O|Pr|Y,4,2,0,0,3,0,4,1,4,1,0
4452,8,Ba|Cu|O|Y,0,1,2,1,3,1,4,3,4,0,1
4453,102,Ba|Cu|O|Pr|Y,4,2,0,0,3,0,0,3,3,4,3
4454,102,Ba|Cu|O|Pr|Y,4,2,0,0,3,0,3,3,0,1,2
4455,102,Ba|Cu|O|Pr|Y,4,2,0,0,3,0,1,3,1,0,2
4456,102,Ba|Cu|O|Pr|Y,4,2,0,0,3,0,1,4,1,2,0
4457,102,Ba|Cu|O|Pr|Y,4,2,0,0,3,0,3,1,2,4,0
4458,102,Ba|Cu|O|Pr|Y,4,2,0,0,3,0,3,3,1,4,2
4459,102,Ba|Cu|O|Pr|Y,4,2,0,0,3,0,4,4,2,1,2
4460,102,Ba|Cu|O|Pr|Y,4,2,0,0,3,0,2,4,4,4,3
4461,8,Ba|Cu|O|Y,0,1,2,1,3,1,4,1,0,4,2
4462,102,Ba|Cu|O|Pr|Y,4,2,0,0,3,0,1,3,1,0,2
4463,102,Ba|Cu|O|Pr|Y,4,2,0,0,3,0,3,2,4,1,1
4464,102,Ba|Cu|O|Pr|Y,4,2,0,0,3,0,0,0,3,4,1
4465,102,Ba|Cu|O|Pr|Y,4,2,0,0,3,0,4,2,1,4,4
4466,102,Ba|Cu|O|Pr|Y,4,2,0,0,3,0,4,4,0,1,2
4467,8,Ba|Cu|O|Y,0,1,2,1,3,1,0,0,1,1,3
4468,102,Ba|Cu|O|Pr|Y,4,2,0,0,3,0,4,0,1,0,0
4469,102,Ba|Cu|O|Pr|Y,4,2,0,0,3,0,4,0,4,3,1
4470,102,Ba|Cu|O|Pr|Y,4,2,0,0,3,0,2,4,3,1,2
4471,102,Ba|Cu|O|Pr|Y,4,2,0,0,3,0,4,1,3,0,0
4472,102,Ba|Cu|O|Pr|Y,4,2,0,0,3,0,2,4,3,2,4
4473,102,Ba|Cu|O|Pr|Y,4,2,0,0,3,0,4,0,1,2,3
4474,102,Ba|Cu|O|Pr|Y,4,2,0,0,3,0,3,0,0,2,3
4475,8,Ba|Cu|O|Y,0,1,2,1,3,1,2,2,1,0,0
4476,102,Ba|Cu|O|Pr|Y,4,2,0,0,3,0,0,0,2,2,1
4477,102,Ba|Cu|O|Pr|Y,4,2,0,0,3,0,0,3,2,1,4
4478,102,Ba|Cu|O|Pr|Y,4,2,0,0,3,0,3,3,2,0,2
4479,102,Ba|Cu|O|Pr|Y,4,2,0,0,3,0,3,2,3,1,3
4480,102,Ba|Cu|O|Pr|Y,4,2,0,0,3,0,0,2,0,1,3
4481,11,Ba|Cu|Nd|O,2,2,2,2,1,2,3,2,3,4,1
4482,179,Ba|Cu|Nd|O|Pr,4,0,4,3,0,1,2,2,0,1,3
4483,179,Ba|Cu|Nd|O|Pr,4,0,4,3,0,1,4,4,2,0,4
4484,179,Ba|Cu|Nd|O|Pr,4,0,4,3,0,1,2,1,3,0,3
4485,179,Ba|Cu|Nd|O|Pr,4,0,4,3,0,1,4,0,4,1,2
4486,179,Ba|Cu|Nd|O|Pr,4,0,4,3,0,1,1,3,2,4,0
4487,11,Ba|Cu|Nd|O,2,2,2,2,1,2,0,1,3,3,3
4488,179,Ba|Cu|Nd|O|Pr,4,0,4,3,0,1,1,2,4,4,0
4489,179,Ba|Cu|Nd|O|Pr,4,0,4,3,0,1,4,3,4,3,1
4490,179,Ba|Cu|Nd|O|Pr,4,0,4,3,0,1,3,1,2,3,1
4491,179,Ba|Cu|Nd|O|Pr,4,0,4,3,0,1,4,2,3,0,3
4492,11,Ba|Cu|Nd|O,2,2,2,2,1,2,1,0,4,4,2
4493,179,Ba|Cu|Nd|O|Pr,4,0,4,3,0,1,1,2,3,4,0
4494,179,Ba|Cu|Nd|O|Pr,4,0,4,3,0,1,3,2,2,0,4
4495,11,Ba|Cu|Nd|O,2,2,2,2,1,2,0,3,3,4,2
4496,179,Ba|Cu|Nd|O|Pr,4,0,4,3,0,1,2,3,2,4,4
4497,512,Ce|Cu|Gd|O|Ru|Sr,3,2,2,3,4,3,2,2,0,2,3
4498,512,Ce|Cu|Gd|O|Ru|Sr,3,2,2,3,4,3,3,3,1,3,0
4499,512,Ce|Cu|Gd|O|Ru|Sr,3,2,2,3,4,3,2,1,4,0,3
4500,513,Ba|Cu|Hg|O|Y,3,2,2,2,1,1,1,2,1,0,3
4501,514,Ba|Ca|Cu|Hg|O|Y,0,0,1,3,2,3,0,0,3,2,0
4502,514,Ba|Ca|Cu|Hg|O|Y,0,0,1,3,2,3,0,0,3,3,1
4503,515,Ba|Ca|Cu|Hg|O|Tl|Y,0,3,4,1,1,0,2,3,2,4,4
4504,515,Ba|Ca|Cu|Hg|O|Tl|Y,0,3,4,1,1,0,2,2,0,3,0
4505,378,Ba|C|Ca|Cu|O,2,3,4,2,1,4,4,2,3,1,2
4506,378,Ba|C|Ca|Cu|O,2,3,4,2,1,4,3,2,0,3,2
4507,351,Ba|Ca|Cu|O,4,0,0,3,3,4,1,3,1,3,3
4508,125,Ba|Cu|O|Tl,0,1,2,3,4,1,0,4,2,0,0
4509,0,Ba|Cu|La|O,2,4,2,3,0,4,4,4,3,3,0
4510,0,Ba|Cu|La|O,2,4,2,3,0,4,1,0,2,3,4
4511,0,Ba|Cu|La|O,2,4,2,3,0,4,3,1,2,2,1
4512,0,Ba|Cu|La|O,2,4,2,3,0,4,2,2,1,2,3
4513,0,Ba|Cu|La|O,2,4,2,3,0,4,3,4,1,2,1
4514,0,Ba|Cu|La|O,2,4,2,3,0,4,4,1,1,2,1
4515,409,Ca|Cu|Ga|O|Sr,2,3,3,3,0,0,4,2,4,2,2
4516,90,Ca|Cu|O|Pb|Sr|Y,0,3,2,3,4,0,0,0,2,1,0
4517,90,Ca|Cu|O|Pb|Sr|Y,0,3,2,3,4,0,4,1,3,3,2
4518,90,Ca|Cu|O|Pb|Sr|Y,0,3,2,3,4,0,2,1,2,1,1
4519,266,Cu|O|Re|Sr|Y,0,3,4,4,0,2,1,2,3,4,0
4520,510,Cu|O|Pr|Re|Sr|Y,3,3,1,0,1,1,1,2,2,1,0
4521,516,Cu|O|Pr|Re|Y,4,2,0,1,3,1,3,3,0,4,2
4522,510,Cu|O|Pr|Re|Sr|Y,3,3,1,0,1,1,3,1,2,4,4
4523,510,Cu|O|Pr|Re|Sr|Y,3,3,1,0,1,1,0,0,1,0,4
4524,510,Cu|O|Pr|Re|Sr|Y,3,3,1,0,1,1,4,3,0,0,0
4525,8,Ba|Cu|O|Y,0,1,2,1,3,1,1,3,1,1,1
4526,8,Ba|Cu|O|Y,0,1,2,1,3,1,3,2,4,4,2
4527,8,Ba|Cu|O|Y,0,1,2,1,3,1,2,0,3,3,1
4528,8,Ba|Cu|O|Y,0,1,2,1,3,1,3,1,2,1,3
4529,8,Ba|Cu|O|Y,0,1,2,1,3,1,3,4,1,0,4
4530,8,Ba|Cu|O|Y,0,1,2,1,3,1,3,0,1,2,3
4531,8,Ba|Cu|O|Y,0,1,2,1,3,1,3,3,1,1,4
4532,8,Ba|Cu|O|Y,0,1,2,1,3,1,0,2,4,4,1
4533,8,Ba|Cu|O|Y,0,1,2,1,3,1,4,4,2,3,4
4534,8,Ba|Cu|O|Y,0,1,2,1,3,1,0,3,2,4,2
4535,8,Ba|Cu|O|Y,0,1,2,1,3,1,3,1,4,3,1
4536,8,Ba|Cu|O|Y,0,1,2,1,3,1,1,2,0,0,0
4537,8,Ba|Cu|O|Y,0,1,2,1,3,1,3,1,2,3,0
4538,9,Ba|Cu|Er|O,2,0,3,4,4,4,0,2,3,0,1
4539,424,Ba|Co|Cu|Er|O,2,4,2,4,0,3,3,4,3,2,3
4540,424,Ba|Co|Cu|Er|O,2,4,2,4,0,3,3,2,0,0,3
4541,424,Ba|Co|Cu|Er|O,2,4,2,4,0,3,3,3,4,0,1
4542,424,Ba|Co|Cu|Er|O,2,4,2,4,0,3,2,4,4,1,3
4543,517,Ba|Ca|Co|Cu|Er|O,4,0,0,2,0,1,2,1,4,0,3
4544,517,Ba|Ca|Co|Cu|Er|O,4,0,0,2,0,1,2,2,4,2,0
4545,517,Ba|Ca|Co|Cu|Er|O,4,0,0,2,0,1,0,2,1,2,4
4546,450,Ba|Cu|O|Pr|Sr|Y,4,3,4,2,2,2,2,0,2,2,0
4547,450,Ba|Cu|O|Pr|Sr|Y,4,3,4,2,2,2,1,2,2,2,1
4548,450,Ba|Cu|O|Pr|Sr|Y,4,3,4,2,2,2,2,3,2,1,1
4549,450,Ba|Cu|O|Pr|Sr|Y,4,3,4,2,2,2,2,1,2,4,1
4550,450,Ba|Cu|O|Pr|Sr|Y,4,3,4,2,2,2,4,1,4,1,3
4551,307,Ba|Ca|Cu|Hg|O,2,4,3,2,4,3,3,3,1,0,2
4552,518,Au|Ba|Ca|Cu|Hg|O,2,1,2,2,1,0,3,4,0,1,4
4553,518,Au|Ba|Ca|Cu|Hg|O,2,1,2,2,1,0,4,1,0,4,0
4554,518,Au|Ba|Ca|Cu|Hg|O,2,1,2,2,1,0,1,3,2,0,1
4555,518,Au|Ba|Ca|Cu|Hg|O,2,1,2,2,1,0,2,2,3,4,2
4556,518,Au|Ba|Ca|Cu|Hg|O,2,1,2,2,1,0,2,3,0,2,1
4557,518,Au|Ba|Ca|Cu|Hg|O,2,1,2,2,1,0,0,3,1,3,3
4558,10,Ba|Cu|O|Tm,3,0,0,3,2,2,0,2,1,4,2
4559,9,Ba|Cu|Er|O,2,0,3,4,4,4,3,1,1,1,3
4560,15,Ba|Cu|Ho|O,0,0,4,0,3,2,4,2,3,0,4
4561,8,Ba|Cu|O|Y,0,1,2,1,3,1,2,3,3,4,3
4562,14,Ba|Cu|Dy|O,4,1,4,1,3,3,4,4,3,3,3
4563,13,Ba|Cu|Gd|O,2,1,0,3,4,0,1,0,0,1,4
4564,108,Ca|Cu|O|Sr|Tl,4,2,1,1,0,4,4,1,1,3,2
4565,108,Ca|Cu|O|Sr|Tl,4,2,1,1,0,4,1,1,0,2,2
4566,108,Ca|Cu|O|Sr|Tl,4,2,1,1,0,4,3,1,4,4,4
4567,108,Ca|Cu|O|Sr|Tl,4,2,1,1,0,4,2,1,0,3,3
4568,108,Ca|Cu|O|Sr|Tl,4,2,1,1,0,4,3,4,3,3,2
4569,108,Ca|Cu|O|Sr|Tl,4,2,1,1,0,4,4,2,1,4,2
4570,108,Ca|Cu|O|Sr|Tl,4,2,1,1,0,4,4,0,3,0,0
4571,519,Ca|Cu|O|Sr|Tl|Y,0,2,4,2,2,4,3,2,2,4,3
4572,519,Ca|Cu|O|Sr|Tl|Y,0,2,4,2,2,4,3,4,0,2,1
4573,519,Ca|Cu|O|Sr|Tl|Y,0,2,4,2,2,4,1,4,4,1,2
4574,519,Ca|Cu|O|Sr|Tl|Y,0,2,4,2,2,4,2,4,3,3,4
4575,519,Ca|Cu|O|Sr|Tl|Y,0,2,4,2,2,4,3,0,0,3,0
4576,519,Ca|Cu|O|Sr|Tl|Y,0,2,4,2,2,4,2,0,4,4,3
4577,519,Ca|Cu|O|Sr|Tl|Y,0,2,4,2,2,4,3,2,3,1,1
4578,519,Ca|Cu|O|Sr|Tl|Y,0,2,4,2,2,4,2,2,3,3,4
4579,307,Ba|Ca|Cu|Hg|O,2,4,3,2,4,3,3,1,2,1,2
4580,307,Ba|Ca|Cu|Hg|O,2,4,3,2,4,3,2,1,2,2,1
4581,266,Cu|O|Re|Sr|Y,0,3,4,4,0,2,1,1,4,1,2
4582,266,Cu|O|Re|Sr|Y,0,3,4,4,0,2,1,1,1,2,1
4583,510,Cu|O|Pr|Re|Sr|Y,3,3,1,0,1,1,1,4,2,3,3
4584,424,Ba|Co|Cu|Er|O,2,4,2,4,0,3,0,1,3,3,3
4585,517,Ba|Ca|Co|Cu|Er|O,4,0,0,2,0,1,0,2,4,2,4
4586,517,Ba|Ca|Co|Cu|Er|O,4,0,0,2,0,1,4,2,4,4,0
4587,9,Ba|Cu|Er|O,2,0,3,4,4,4,4,3,3,3,0
4588,520,Ba|Cu|Er|O|Y,0,0,2,0,2,3,3,4,3,3,2
4589,521,Ba|Cu|O|Pr,0,2,0,0,2,1,2,3,1,3,0
4590,66,Ba|Cu|O|Sr|Y,2,2,3,2,4,1,4,2,1,1,2
4591,479,Ba|Cu|O|Sn|Sr|Y,4,2,3,2,3,2,2,3,4,4,3
4592,479,Ba|Cu|O|Sn|Sr|Y,4,2,3,2,3,2,0,2,1,1,3
4593,479,Ba|Cu|O|Sn|Sr|Y,4,2,3,2,3,2,4,1,2,3,1
4594,479,Ba|Cu|O|Sn|Sr|Y,4,2,3,2,3,2,4,1,1,2,4
4595,479,Ba|Cu|O|Sn|Sr|Y,4,2,3,2,3,2,0,2,3,2,0
4596,479,Ba|Cu|O|Sn|Sr|Y,4,2,3,2,3,2,2,4,3,0,0
4597,4,Ba|Ca|Cu|O|Y,3,0,0,0,2,3,1,1,4,0,4
4598,4,Ba|Ca|Cu|O|Y,3,0,0,0,2,3,2,2,3,0,4
4599,4,Ba|Ca|Cu|O|Y,3,0,0,0,2,3,4,1,1,1,1
4600,4,Ba|Ca|Cu|O|Y,3,0,0,0,2,3,2,1,0,4,0
4601,522,Ba|Ce|Cu|Hg|O,2,1,4,2,2,3,3,1,0,3,2
4602,522,Ba|Ce|Cu|Hg|O,2,1,4,2,2,3,0,0,2,0,1
4603,522,Ba|Ce|Cu|Hg|O,2,1,4,2,2,3,0,4,4,3,1
4604,522,Ba|Ce|Cu|Hg|O,2,1,4,2,2,3,1,1,1,0,4
4605,37,Ba|Cu|Ni|O|Y,1,0,2,1,2,2,2,2,4,4,3
4606,37,Ba|Cu|Ni|O|Y,1,0,2,1,2,2,0,3,2,0,0
4607,37,Ba|Cu|Ni|O|Y,1,0,2,1,2,2,3,1,2,2,1
4608,37,Ba|Cu|Ni|O|Y,1,0,2,1,2,2,0,4,4,3,3
4609,37,Ba|Cu|Ni|O|Y,1,0,2,1,2,2,3,2,2,3,4
4610,37,Ba|Cu|Ni|O|Y,1,0,2,1,2,2,0,1,0,1,2
4611,37,Ba|Cu|Ni|O|Y,1,0,2,1,2,2,4,1,3,2,4
4612,8,Ba|Cu|O|Y,0,1,2,1,3,1,1,3,1,1,2
4613,40,Ba|Cu|O|Y|Zn,3,1,0,2,1,0,3,3,4,3,4
4614,40,Ba|Cu|O|Y|Zn,3,1,0,2,1,0,4,1,2,4,4
4615,40,Ba|Cu|O|Y|Zn,3,1,0,2,1,0,1,0,0,2,4
4616,40,Ba|Cu|O|Y|Zn,3,1,0,2,1,0,3,3,4,4,3
4617,40,Ba|Cu|O|Y|Zn,3,1,0,2,1,0,0,0,3,1,2
4618,40,Ba|Cu|O|Y|Zn,3,1,0,2,1,0,3,2,3,2,1
4619,523,Ca|Cu|F|Nd|O|Sr,2,3,2,0,3,1,3,4,1,0,2
4620,523,Ca|Cu|F|Nd|O|Sr,2,3,2,0,3,1,2,0,3,1,2
4621,523,Ca|Cu|F|Nd|O|Sr,2,3,2,0,3,1,4,2,1,4,1
4622,523,Ca|Cu|F|Nd|O|Sr,2,3,2,0,3,1,3,0,1,1,4
4623,523,Ca|Cu|F|Nd|O|Sr,2,3,2,0,3,1,0,4,1,4,0
4624,524,Ca|Cu|F|O|Sr,2,3,4,2,4,1,2,4,4,2,4
4625,14,Ba|Cu|Dy|O,4,1,4,1,3,3,1,0,3,2,0
4626,181,Ba|Cu|Dy|O|Pr,2,3,1,2,2,3,1,3,2,4,3
4627,181,Ba|Cu|Dy|O|Pr,2,3,1,2,2,3,2,3,3,2,4
4628,181,Ba|Cu|Dy|O|Pr,2,3,1,2,2,3,2,4,0,2,0
4629,181,Ba|Cu|Dy|O|Pr,2,3,1,2,2,3,1,4,3,2,1
4630,181,Ba|Cu|Dy|O|Pr,2,3,1,2,2,3,0,4,4,2,0
4631,525,Ca|Cu|O|Sr|Tl|Yb,1,4,1,2,4,3,0,3,4,4,2
4632,525,Ca|Cu|O|Sr|Tl|Yb,1,4,1,2,4,3,0,2,2,0,2
4633,525,Ca|Cu|O|Sr|Tl|Yb,1,4,1,2,4,3,0,0,2,1,0
4634,11,Ba|Cu|Nd|O,2,2,2,2,1,2,2,2,1,3,0
4635,526,Ba|Ca|Cu|Nd|O|Pr,0,0,3,1,3,3,1,4,4,0,0
4636,526,Ba|Ca|Cu|Nd|O|Pr,0,0,3,1,3,3,0,3,4,2,1
4637,526,Ba|Ca|Cu|Nd|O|Pr,0,0,3,1,3,3,0,3,4,0,3
4638,226,Bi|Ca|Cu|O|Pb|Sr|W,3,1,1,0,0,1,3,3,1,3,3
4639,4,Ba|Ca|Cu|O|Y,3,0,0,0,2,3,1,0,3,4,2
4640,4,Ba|Ca|Cu|O|Y,3,0,0,0,2,3,4,1,3,1,4
4641,4,Ba|Ca|Cu|O|Y,3,0,0,0,2,3,4,0,2,4,3
4642,370,Ca|Cu|O|Sr,3,3,1,1,0,0,2,1,1,0,4
4643,49,Bi|Ca|Cu|O|Sr,2,0,2,4,3,0,0,1,1,2,0
4644,141,Bi|Ca|Cu|Fe|O|Sr,2,1,3,2,4,0,3,4,2,4,4
4645,141,Bi|Ca|Cu|Fe|O|Sr,2,1,3,2,4,0,2,1,2,3,3
4646,141,Bi|Ca|Cu|Fe|O|Sr,2,1,3,2,4,0,3,0,0,2,1
4647,141,Bi|Ca|Cu|Fe|O|Sr,2,1,3,2,4,0,2,3,4,4,3
4648,141,Bi|Ca|Cu|Fe|O|Sr,2,1,3,2,4,0,4,0,2,0,2
4649,527,Bi|Ca|Cr|Cu|O|Sr,0,0,1,0,1,3,3,1,3,2,4
4650,527,Bi|Ca|Cr|Cu|O|Sr,0,0,1,0,1,3,3,3,2,4,3
4651,527,Bi|Ca|Cr|Cu|O|Sr,0,0,1,0,1,3,2,2,2,1,3
4652,527,Bi|Ca|Cr|Cu|O|Sr,0,0,1,0,1,3,4,2,0,2,4
4653,528,Bi|Ca|Cu|Mn|O|Sr,4,1,3,4,0,1,0,3,0,0,1
4654,528,Bi|Ca|Cu|Mn|O|Sr,4,1,3,4,0,1,2,3,3,2,2
4655,528,Bi|Ca|Cu|Mn|O|Sr,4,1,3,4,0,1,0,2,3,2,0
4656,528,Bi|Ca|Cu|Mn|O|Sr,4,1,3,4,0,1,1,3,4,2,2
4657,173,Ca|Cu|La|O|Sr,1,2,1,1,0,4,0,2,3,3,3
4658,173,Ca|Cu|La|O|Sr,1,2,1,1,0,4,0,1,4,1,2
4659,376,B|C|Cu|O|Sr,0,2,4,2,3,0,2,2,4,0,0
4660,376,B|C|Cu|O|Sr,0,2,4,2,3,0,1,0,3,1,0
4661,376,B|C|Cu|O|Sr,0,2,4,2,3,0,1,2,3,2,3
4662,376,B|C|Cu|O|Sr,0,2,4,2,3,0,3,3,0,0,3
4663,376,B|C|Cu|O|Sr,0,2,4,2,3,0,0,2,1,3,3
4664,376,B|C|Cu|O|Sr,0,2,4,2,3,0,1,0,3,4,4
4665,376,B|C|Cu|O|Sr,0,2,4,2,3,0,2,0,4,1,4
4666,376,B|C|Cu|O|Sr,0,2,4,2,3,0,4,3,4,2,0
4667,529,Cu|Nb|O|Sr|Y,2,1,2,0,0,4,3,2,2,2,2
4668,299,Cr|Cu|O|Sr|Tl,0,1,0,4,4,0,0,0,1,1,4
4669,530,Ca|Nb|O,3,1,3,1,2,4,4,3,4,0,2
4670,531,Ca|Cu|Ge|O|Sr|Y,3,0,3,3,4,0,4,0,2,0,0
4671,531,Ca|Cu|Ge|O|Sr|Y,3,0,3,3,4,0,3,4,0,1,0
4672,531,Ca|Cu|Ge|O|Sr|Y,3,0,3,3,4,0,0,4,2,4,4
4673,531,Ca|Cu|Ge|O|Sr|Y,3,0,3,3,4,0,3,2,2,0,2
4674,531,Ca|Cu|Ge|O|Sr|Y,3,0,3,3,4,0,1,0,2,4,4
4675,531,Ca|Cu|Ge|O|Sr|Y,3,0,3,3,4,0,4,0,3,0,1
4676,306,Ba|Cu|Hg|O,4,0,0,2,4,0,1,2,2,0,2
4677,306,Ba|Cu|Hg|O,4,0,0,2,4,0,2,0,2,2,2
4678,306,Ba|Cu|Hg|O,4,0,0,2,4,0,2,0,1,1,4
4679,306,Ba|Cu|Hg|O,4,0,0,2,4,0,4,0,2,2,1
4680,306,Ba|Cu|Hg|O,4,0,0,2,4,0,4,1,1,0,1
4681,306,Ba|Cu|Hg|O,4,0,0,2,4,0,2,1,2,1,1
4682,306,Ba|Cu|Hg|O,4,0,0,2,4,0,1,3,1,0,2
4683,306,Ba|Cu|Hg|O,4,0,0,2,4,0,0,2,1,4,1
4684,306,Ba|Cu|Hg|O,4,0,0,2,4,0,0,3,4,2,3
4685,306,Ba|Cu|Hg|O,4,0,0,2,4,0,1,1,2,4,0
4686,4,Ba|Ca|Cu|O|Y,3,0,0,0,2,3,3,1,2,2,3
4687,4,Ba|Ca|Cu|O|Y,3,0,0,0,2,3,2,3,0,2,4
4688,532,Ca|Cu|O|Y,3,2,4,2,0,1,1,0,1,4,1
4689,4,Ba|Ca|Cu|O|Y,3,0,0,0,2,3,3,3,2,0,1
4690,378,Ba|C|Ca|Cu|O,2,3,4,2,1,4,4,4,0,0,0
4691,378,Ba|C|Ca|Cu|O,2,3,4,2,1,4,0,0,2,2,4
4692,378,Ba|C|Ca|Cu|O,2,3,4,2,1,4,0,4,1,2,0
4693,378,Ba|C|Ca|Cu|O,2,3,4,2,1,4,1,4,1,3,1
4694,422,Ca|Cl|Cu|Na|O,1,0,1,2,0,1,0,0,0,2,2
4695,422,Ca|Cl|Cu|Na|O,1,0,1,2,0,1,3,2,1,2,3
4696,422,Ca|Cl|Cu|Na|O,1,0,1,2,0,1,1,0,3,3,3
4697,422,Ca|Cl|Cu|Na|O,1,0,1,2,0,1,2,4,4,1,2
4698,422,Ca|Cl|Cu|Na|O,1,0,1,2,0,1,4,1,2,3,4
4699,422,Ca|Cl|Cu|Na|O,1,0,1,2,0,1,2,3,0,1,2
4700,533,Bi|Ca|Cu|Gd|In|O|Pb|Sr,4,0,1,4,1,3,0,4,4,4,0
4701,533,Bi|Ca|Cu|Gd|In|O|Pb|Sr,4,0,1,4,1,3,1,1,3,1,4
4702,533,Bi|Ca|Cu|Gd|In|O|Pb|Sr,4,0,1,4,1,3,4,2,2,0,2
4703,533,Bi|Ca|Cu|Gd|In|O|Pb|Sr,4,0,1,4,1,3,2,1,0,1,4
4704,289,Ba|Ca|Cu|Nd|O,3,0,0,3,1,0,1,2,0,3,3
4705,285,Ba|Ca|Cu|Gd|O,3,1,1,2,1,0,1,2,4,4,2
4706,127,Ba|Ca|Cu|Ho|O,3,3,3,0,3,0,0,1,1,1,1
4707,292,Ba|Ca|Cu|O|Tm,1,4,0,1,4,1,0,0,2,3,3
4708,71,Bi|Ca|Cu|O|Pb|Sr,2,0,4,1,4,1,0,3,0,3,4
4709,307,Ba|Ca|Cu|Hg|O,2,4,3,2,4,3,3,2,4,4,4
4710,307,Ba|Ca|Cu|Hg|O,2,4,3,2,4,3,3,1,1,4,1
4711,307,Ba|Ca|Cu|Hg|O,2,4,3,2,4,3,0,0,0,3,2
4712,68,Ba|Bi|K|O,0,1,2,0,3,0,3,0,0,1,2
4713,521,Ba|Cu|O|Pr,0,2,0,0,2,1,2,2,0,2,0
4714,36,Bi|Cu|O|Sr,2,2,4,1,2,0,4,0,1,4,2
4715,120,Bi|Cu|La|O|Sr,1,3,1,3,0,0,4,4,2,0,0
4716,120,Bi|Cu|La|O|Sr,1,3,1,3,0,0,3,4,2,1,3
4717,120,Bi|Cu|La|O|Sr,1,3,1,3,0,0,2,3,0,4,4
4718,120,Bi|Cu|La|O|Sr,1,3,1,3,0,0,3,4,0,4,1
4719,120,Bi|Cu|La|O|Sr,1,3,1,3,0,0,1,0,3,4,3
4720,49,Bi|Ca|Cu|O|Sr,2,0,2,4,3,0,2,4,0,4,1
4721,71,Bi|Ca|Cu|O|Pb|Sr,2,0,4,1,4,1,1,2,0,1,3
4722,5,Ca|Cu|La|O,0,2,3,4,0,3,4,0,3,2,1
4723,67,Ce|Cu|Nd|O|Sr,1,4,2,2,3,0,4,4,3,2,0
4724,534,Ba|C|Cu|O|Sr,1,2,0,4,4,0,2,4,4,0,1
4725,118,Ce|Cu|O|Pr,3,0,4,2,3,3,0,4,3,1,3
4726,243,Cu|F|Nd|O,1,3,4,2,2,4,2,1,0,4,1
4727,49,Bi|Ca|Cu|O|Sr,2,0,2,4,3,0,2,3,2,1,4
4728,277,Bi|Ca|Co|Cu|O|Sr,4,4,3,2,4,1,2,2,1,4,1
4729,277,Bi|Ca|Co|Cu|O|Sr,4,4,3,2,4,1,4,2,1,3,1
4730,277,Bi|Ca|Co|Cu|O|Sr,4,4,3,2,4,1,0,0,2,4,1
4731,277,Bi|Ca|Co|Cu|O|Sr,4,4,3,2,4,1,2,3,2,3,4
4732,277,Bi|Ca|Co|Cu|O|Sr,4,4,3,2,4,1,2,0,4,3,4
4733,277,Bi|Ca|Co|Cu|O|Sr,4,4,3,2,4,1,4,0,4,2,3
4734,49,Bi|Ca|Cu|O|Sr,2,0,2,4,3,0,2,4,3,2,0
4735,277,Bi|Ca|Co|Cu|O|Sr,4,4,3,2,4,1,2,4,3,1,2
4736,277,Bi|Ca|Co|Cu|O|Sr,4,4,3,2,4,1,4,3,1,0,1
4737,277,Bi|Ca|Co|Cu|O|Sr,4,4,3,2,4,1,0,2,0,1,4
4738,277,Bi|Ca|Co|Cu|O|Sr,4,4,3,2,4,1,2,1,2,2,1
4739,277,Bi|Ca|Co|Cu|O|Sr,4,4,3,2,4,1,4,1,3,4,3
4740,277,Bi|Ca|Co|Cu|O|Sr,4,4,3,2,4,1,3,1,0,2,2
4741,49,Bi|Ca|Cu|O|Sr,2,0,2,4,3,0,0,3,0,2,0
4742,277,Bi|Ca|Co|Cu|O|Sr,4,4,3,2,4,1,1,4,1,4,1
4743,277,Bi|Ca|Co|Cu|O|Sr,4,4,3,2,4,1,4,4,0,2,1
4744,277,Bi|Ca|Co|Cu|O|Sr,4,4,3,2,4,1,4,0,3,2,0
4745,277,Bi|Ca|Co|Cu|O|Sr,4,4,3,2,4,1,3,4,1,1,2
4746,277,Bi|Ca|Co|Cu|O|Sr,4,4,3,2,4,1,4,4,0,2,2
4747,277,Bi|Ca|Co|Cu|O|Sr,4,4,3,2,4,1,0,1,2,1,1
4748,258,Bi|Ca|Cu|I|O|Sr,3,3,1,0,2,1,4,1,0,4,0
4749,535,Bi|Ca|Co|Cu|I|O|Sr,4,2,0,3,1,0,0,4,3,0,4
4750,535,Bi|Ca|Co|Cu|I|O|Sr,4,2,0,3,1,0,1,4,3,2,2
4751,535,Bi|Ca|Co|Cu|I|O|Sr,4,2,0,3,1,0,2,3,2,1,2
4752,535,Bi|Ca|Co|Cu|I|O|Sr,4,2,0,3,1,0,1,1,4,3,3
4753,535,Bi|Ca|Co|Cu|I|O|Sr,4,2,0,3,1,0,2,4,0,3,3
4754,535,Bi|Ca|Co|Cu|I|O|Sr,4,2,0,3,1,0,4,0,0,0,4
4755,8,Ba|Cu|O|Y,0,1,2,1,3,1,1,0,1,2,1
4756,8,Ba|Cu|O|Y,0,1,2,1,3,1,2,4,0,2,2
4757,8,Ba|Cu|O|Y,0,1,2,1,3,1,3,3,0,4,4
4758,8,Ba|Cu|O|Y,0,1,2,1,3,1,0,1,4,0,0
4759,8,Ba|Cu|O|Y,0,1,2,1,3,1,3,1,3,4,0
4760,8,Ba|Cu|O|Y,0,1,2,1,3,1,3,0,2,2,0
4761,8,Ba|Cu|O|Y,0,1,2,1,3,1,2,2,0,0,3
4762,36,Bi|Cu|O|Sr,2,2,4,1,2,0,3,1,3,1,0
4763,36,Bi|Cu|O|Sr,2,2,4,1,2,0,3,4,0,3,0
4764,36,Bi|Cu|O|Sr,2,2,4,1,2,0,3,4,2,1,2
4765,536,Bi|Ca|Cu|O|Pb|Sc|Sr,3,0,2,3,0,3,4,0,2,4,3
4766,537,Bi|Ca|Cu|O|Pb|Sr|Ti,4,4,2,0,2,1,3,1,3,1,4
4767,224,Bi|Ca|Cu|O|Pb|Sr|V,2,0,0,4,2,0,3,2,0,3,1
4768,538,Bi|Ca|Cr|Cu|O|Pb|Sr,2,0,3,2,4,3,4,4,3,2,2
4769,312,Bi|Ca|Cu|Mn|O|Pb|Sr,2,3,4,0,0,3,0,4,0,2,3
4770,310,Bi|Ca|Cu|Fe|O|Pb|Sr,4,2,3,1,2,2,0,2,0,3,0
4771,539,Bi|Ca|Cu|Ni|O|Pb|Sr,0,3,4,1,3,1,1,0,2,4,3
4772,311,Bi|Ca|Cu|O|Pb|Sr|Zn,1,0,3,3,1,4,2,2,3,3,3
4773,463,Cr|Cu|Hg|O|Sr,0,0,3,0,1,2,0,1,1,3,0
4774,71,Bi|Ca|Cu|O|Pb|Sr,2,0,4,1,4,1,1,0,4,2,2
4775,224,Bi|Ca|Cu|O|Pb|Sr|V,2,0,0,4,2,0,2,1,3,4,3
4776,224,Bi|Ca|Cu|O|Pb|Sr|V,2,0,0,4,2,0,4,2,3,2,2
4777,49,Bi|Ca|Cu|O|Sr,2,0,2,4,3,0,0,2,1,4,1
4778,540,Ba|Bi|Ca|Cu|O|Sr,4,3,0,1,0,4,3,1,1,2,3
4779,540,Ba|Bi|Ca|Cu|O|Sr,4,3,0,1,0,4,2,0,3,4,2
4780,540,Ba|Bi|Ca|Cu|O|Sr,4,3,0,1,0,4,1,4,4,2,4
4781,49,Bi|Ca|Cu|O|Sr,2,0,2,4,3,0,4,1,2,3,0
4782,540,Ba|Bi|Ca|Cu|O|Sr,4,3,0,1,0,4,0,1,4,0,1
4783,540,Ba|Bi|Ca|Cu|O|Sr,4,3,0,1,0,4,4,1,0,4,3
4784,540,Ba|Bi|Ca|Cu|O|Sr,4,3,0,1,0,4,2,0,2,0,0
4785,49,Bi|Ca|Cu|O|Sr,2,0,2,4,3,0,3,0,4,1,0
4786,540,Ba|Bi|Ca|Cu|O|Sr,4,3,0,1,0,4,3,3,2,0,3
4787,540,Ba|Bi|Ca|Cu|O|Sr,4,3,0,1,0,4,2,2,2,2,2
4788,377,B|C|Ca|Cu|O|Sr,1,3,4,0,0,2,4,0,3,3,0
4789,377,B|C|Ca|Cu|O|Sr,1,3,4,0,0,2,4,3,1,2,1
4790,541,B|Ba|C|Ca|Cu|O,0,0,2,1,4,3,0,3,4,1,0
4791,8,Ba|Cu|O|Y,0,1,2,1,3,1,4,4,1,3,2
4792,542,Ba|Cu|Ni|O|S|Y,3,3,4,1,2,1,2,0,3,2,0
4793,542,Ba|Cu|Ni|O|S|Y,3,3,4,1,2,1,0,1,3,3,3
4794,542,Ba|Cu|Ni|O|S|Y,3,3,4,1,2,1,0,3,1,4,2
4795,542,Ba|Cu|Ni|O|S|Y,3,3,4,1,2,1,2,4,3,3,0
4796,543,Ba|Cu|Fe|O|S|Y,3,0,1,2,3,4,4,0,4,0,3
4797,544,Ba|Ca|Fe|O|S|Y,1,4,0,3,0,2,3,0,1,1,2
4798,544,Ba|Ca|Fe|O|S|Y,1,4,0,3,0,2,1,1,0,0,0
4799,544,Ba|Ca|Fe|O|S|Y,1,4,0,3,0,2,2,1,4,1,1
4800,8,Ba|Cu|O|Y,0,1,2,1,3,1,1,3,2,1,3
4801,545,Ba|Cu|O|S|Y|Zn,0,0,4,2,4,1,4,0,3,0,2
4802,545,Ba|Cu|O|S|Y|Zn,0,0,4,2,4,1,0,2,1,1,4
4803,545,Ba|Cu|O|S|Y|Zn,0,0,4,2,4,1,2,1,1,3,2
4804,71,Bi|Ca|Cu|O|Pb|Sr,2,0,4,1,4,1,0,2,4,1,2
4805,224,Bi|Ca|Cu|O|Pb|Sr|V,2,0,0,4,2,0,3,1,2,1,1
4806,224,Bi|Ca|Cu|O|Pb|Sr|V,2,0,0,4,2,0,0,0,4,0,4
4807,546,Cd|Ce|Cu|O|Pb|Sm|Sr,2,0,0,3,2,0,3,3,4,3,4
4808,547,Cd|Ce|Cu|Eu|O|Pb|Sr,4,0,0,1,3,3,1,1,4,2,2
4809,548,Cd|Ce|Cu|Gd|O|Pb|Sr,3,0,3,4,3,4,2,1,4,4,0
4810,549,Cd|Ce|Cu|Dy|O|Pb|Sr,1,3,0,0,0,0,4,1,3,0,0
4811,463,Cr|Cu|Hg|O|Sr,0,0,3,0,1,2,3,4,0,3,4
4812,372,Ba|Ca|Cu|Hg|O|Tl,0,3,2,1,4,2,3,2,2,4,1
4813,372,Ba|Ca|Cu|Hg|O|Tl,0,3,2,1,4,2,2,4,3,2,1
4814,4,Ba|Ca|Cu|O|Y,3,0,0,0,2,3,2,0,1,3,3
4815,4,Ba|Ca|Cu|O|Y,3,0,0,0,2,3,1,2,0,3,0
4816,4,Ba|Ca|Cu|O|Y,3,0,0,0,2,3,0,3,1,3,1
4817,4,Ba|Ca|Cu|O|Y,3,0,0,0,2,3,3,2,0,1,3
4818,4,Ba|Ca|Cu|O|Y,3,0,0,0,2,3,1,4,1,4,1
4819,10,Ba|Cu|O|Tm,3,0,0,3,2,2,0,1,2,4,2
4820,292,Ba|Ca|Cu|O|Tm,1,4,0,1,4,1,4,3,3,1,4
4821,292,Ba|Ca|Cu|O|Tm,1,4,0,1,4,1,3,2,2,3,3
4822,292,Ba|Ca|Cu|O|Tm,1,4,0,1,4,1,2,1,4,3,0
4823,292,Ba|Ca|Cu|O|Tm,1,4,0,1,4,1,0,4,4,4,0
4824,291,Ba|Ca|Cu|Er|O,2,4,0,1,4,4,3,2,1,1,3
4825,291,Ba|Ca|Cu|Er|O,2,4,0,1,4,4,1,2,3,3,4
4826,291,Ba|Ca|Cu|Er|O,2,4,0,1,4,4,3,3,2,2,4
4827,127,Ba|Ca|Cu|Ho|O,3,3,3,0,3,0,0,4,4,3,0
4828,127,Ba|Ca|Cu|Ho|O,3,3,3,0,3,0,1,1,3,0,4
4829,4,Ba|Ca|Cu|O|Y,3,0,0,0,2,3,4,0,3,2,3
4830,374,Cu|O|Sr|Y,0,3,3,2,1,2,1,4,2,1,3
4831,374,Cu|O|Sr|Y,0,3,3,2,1,2,0,4,4,1,1
4832,374,Cu|O|Sr|Y,0,3,3,2,1,2,0,4,2,2,2
4833,374,Cu|O|Sr|Y,0,3,3,2,1,2,3,4,3,3,3
4834,374,Cu|O|Sr|Y,0,3,3,2,1,2,2,1,3,1,3
4835,374,Cu|O|Sr|Y,0,3,3,2,1,2,4,0,1,2,0
4836,397,Cu|O|Sr|Tm,1,3,0,1,4,2,3,0,4,3,0
4837,397,Cu|O|Sr|Tm,1,3,0,1,4,2,1,1,3,2,1
4838,397,Cu|O|Sr|Tm,1,3,0,1,4,2,4,0,0,1,4
4839,397,Cu|O|Sr|Tm,1,3,0,1,4,2,2,0,4,3,4
4840,397,Cu|O|Sr|Tm,1,3,0,1,4,2,0,4,2,3,1
4841,550,Ba|Cu|O|Sr|Ti|Y,3,4,3,2,2,1,2,0,3,2,4
4842,551,Ba|Cu|Ga|O|Sr|Y,0,2,1,0,0,3,1,4,4,4,0
4843,552,Ba|Cu|Ge|O|Sr|Y,3,3,4,2,2,4,1,2,3,0,1
4844,553,Ba|Cu|Mo|O|Sr|Y,2,0,1,3,4,2,4,2,3,1,1
4845,551,Ba|Cu|Ga|O|Sr|Y,0,2,1,0,0,3,4,1,1,3,1
4846,551,Ba|Cu|Ga|O|Sr|Y,0,2,1,0,0,3,2,0,1,0,1
4847,551,Ba|Cu|Ga|O|Sr|Y,0,2,1,0,0,3,0,2,4,1,2
4848,551,Ba|Cu|Ga|O|Sr|Y,0,2,1,0,0,3,2,3,2,4,4
4849,550,Ba|Cu|O|Sr|Ti|Y,3,4,3,2,2,1,3,3,4,1,2
4850,550,Ba|Cu|O|Sr|Ti|Y,3,4,3,2,2,1,4,3,2,3,4
4851,554,Al|Ba|Cu|O|Sr|Y,1,3,3,4,1,1,4,3,4,3,3
4852,554,Al|Ba|Cu|O|Sr|Y,1,3,3,4,1,1,3,1,3,1,3
4853,554,Al|Ba|Cu|O|Sr|Y,1,3,3,4,1,1,1,3,1,3,0
4854,554,Al|Ba|Cu|O|Sr|Y,1,3,3,4,1,1,4,3,1,1,0
4855,409,Ca|Cu|Ga|O|Sr,2,3,3,3,0,0,1,4,4,1,2
4856,448,B|Ca|Cu|O|Sr,3,3,2,2,1,0,4,0,1,0,1
4857,8,Ba|Cu|O|Y,0,1,2,1,3,1,0,3,3,3,3
4858,37,Ba|Cu|Ni|O|Y,1,0,2,1,2,2,2,4,2,4,0
4859,37,Ba|Cu|Ni|O|Y,1,0,2,1,2,2,2,2,3,4,4
4860,37,Ba|Cu|Ni|O|Y,1,0,2,1,2,2,0,0,1,0,4
4861,37,Ba|Cu|Ni|O|Y,1,0,2,1,2,2,0,4,4,2,0
4862,74,Ce|Cu|Nd|O,3,3,3,3,3,1,4,3,2,1,4
4863,67,Ce|Cu|Nd|O|Sr,1,4,2,2,3,0,4,4,3,4,1
4864,67,Ce|Cu|Nd|O|Sr,1,4,2,2,3,0,2,0,3,3,4
4865,120,Bi|Cu|La|O|Sr,1,3,1,3,0,0,4,3,4,2,3
4866,555,Bi|Cu|La|Ni|O|Sr,0,4,1,3,3,0,1,4,0,1,4
4867,555,Bi|Cu|La|Ni|O|Sr,0,4,1,3,3,0,2,2,0,0,2
4868,555,Bi|Cu|La|Ni|O|Sr,0,4,1,3,3,0,4,1,3,1,2
4869,555,Bi|Cu|La|Ni|O|Sr,0,4,1,3,3,0,3,3,0,3,2
4870,556,Bi|Cu|La|O|Sr|Zn,3,4,2,0,4,3,4,4,1,1,3
4871,556,Bi|Cu|La|O|Sr|Zn,3,4,2,0,4,3,3,0,0,4,4
4872,556,Bi|Cu|La|O|Sr|Zn,3,4,2,0,4,3,1,2,0,0,4
4873,556,Bi|Cu|La|O|Sr|Zn,3,4,2,0,4,3,3,1,4,2,0
4874,556,Bi|Cu|La|O|Sr|Zn,3,4,2,0,4,3,1,2,4,4,0
4875,8,Ba|Cu|O|Y,0,1,2,1,3,1,4,3,4,3,3
4876,43,Ba|Co|Cu|O|Y,1,2,3,2,1,3,4,2,0,4,1
4877,43,Ba|Co|Cu|O|Y,1,2,3,2,1,3,4,2,0,2,2
4878,43,Ba|Co|Cu|O|Y,1,2,3,2,1,3,1,4,3,3,4
4879,43,Ba|Co|Cu|O|Y,1,2,3,2,1,3,0,0,3,2,2
4880,43,Ba|Co|Cu|O|Y,1,2,3,2,1,3,2,1,4,2,0
4881,43,Ba|Co|Cu|O|Y,1,2,3,2,1,3,3,1,3,0,4
4882,43,Ba|Co|Cu|O|Y,1,2,3,2,1,3,3,3,4,3,0
4883,43,Ba|Co|Cu|O|Y,1,2,3,2,1,3,0,0,2,3,4
4884,43,Ba|Co|Cu|O|Y,1,2,3,2,1,3,0,0,1,4,4
4885,43,Ba|Co|Cu|O|Y,1,2,3,2,1,3,2,1,1,2,1
4886,12,Ba|Cu|Eu|O,2,3,0,3,4,4,3,2,0,4,3
4887,557,Ba|Co|Cu|Eu|O,4,1,1,0,0,3,4,3,1,2,1
4888,557,Ba|Co|Cu|Eu|O,4,1,1,0,0,3,3,1,0,3,0
4889,557,Ba|Co|Cu|Eu|O,4,1,1,0,0,3,0,4,4,2,4
4890,557,Ba|Co|Cu|Eu|O,4,1,1,0,0,3,0,4,4,4,1
4891,558,Cu|F|Nd|O|Sr,0,1,0,2,1,3,0,1,0,4,3
4892,66,Ba|Cu|O|Sr|Y,2,2,3,2,4,1,2,4,0,0,3
4893,66,Ba|Cu|O|Sr|Y,2,2,3,2,4,1,4,2,3,2,3
4894,66,Ba|Cu|O|Sr|Y,2,2,3,2,4,1,1,0,2,4,4
4895,8,Ba|Cu|O|Y,0,1,2,1,3,1,2,0,3,4,4
4896,118,Ce|Cu|O|Pr,3,0,4,2,3,3,1,3,0,2,2
4897,118,Ce|Cu|O|Pr,3,0,4,2,3,3,1,3,0,3,4
4898,118,Ce|Cu|O|Pr,3,0,4,2,3,3,1,4,4,3,1
4899,118,Ce|Cu|O|Pr,3,0,4,2,3,3,2,2,3,2,4
4900,525,Ca|Cu|O|Sr|Tl|Yb,1,4,1,2,4,3,1,0,3,1,2
4901,525,Ca|Cu|O|Sr|Tl|Yb,1,4,1,2,4,3,2,1,1,2,1
4902,306,Ba|Cu|Hg|O,4,0,0,2,4,0,3,4,4,3,0
4903,307,Ba|Ca|Cu|Hg|O,2,4,3,2,4,3,0,1,0,2,0
4904,307,Ba|Ca|Cu|Hg|O,2,4,3,2,4,3,0,0,3,1,1
4905,277,Bi|Ca|Co|Cu|O|Sr,4,4,3,2,4,1,3,2,3,3,2
4906,69,Cu|La|O,2,0,3,0,0,0,2,1,1,4,2
4907,69,Cu|La|O,2,0,3,0,0,0,3,0,0,1,4
4908,69,Cu|La|O,2,0,3,0,0,0,2,1,1,4,2
4909,8,Ba|Cu|O|Y,0,1,2,1,3,1,3,0,3,3,3
4910,8,Ba|Cu|O|Y,0,1,2,1,3,1,0,2,1,2,1
4911,8,Ba|Cu|O|Y,0,1,2,1,3,1,1,2,2,1,4
4912,8,Ba|Cu|O|Y,0,1,2,1,3,1,3,0,0,0,1
4913,118,Ce|Cu|O|Pr,3,0,4,2,3,3,3,1,3,0,3
4914,559,Ce|Cu|Ni|O|Pr,4,0,1,1,2,1,0,4,4,3,0
4915,559,Ce|Cu|Ni|O|Pr,4,0,1,1,2,1,2,0,2,2,3
4916,560,Ce|Co|Cu|O|Pr,1,4,0,2,3,4,3,4,1,1,2
4917,560,Ce|Co|Cu|O|Pr,1,4,0,2,3,4,3,3,4,0,1
4918,561,Bi|Ca|O|Pb|Sr,4,2,1,4,1,4,2,4,2,0,2
4919,71,Bi|Ca|Cu|O|Pb|Sr,2,0,4,1,4,1,1,1,1,0,1
4920,71,Bi|Ca|Cu|O|Pb|Sr,2,0,4,1,4,1,3,1,2,3,2
4921,411,Ag|Ba|Ca|Cu|O,0,1,4,2,2,1,3,0,4,2,4
4922,411,Ag|Ba|Ca|Cu|O,0,1,4,2,2,1,4,4,3,1,3
4923,378,Ba|C|Ca|Cu|O,2,3,4,2,1,4,4,1,1,3,4
4924,411,Ag|Ba|Ca|Cu|O,0,1,4,2,2,1,3,3,0,3,3
4925,351,Ba|Ca|Cu|O,4,0,0,3,3,4,3,1,0,4,1
4926,381,Bi|Cu|O|Pr|Sr,1,2,3,3,2,3,0,2,3,4,4
4927,381,Bi|Cu|O|Pr|Sr,1,2,3,3,2,3,2,4,2,0,4
4928,381,Bi|Cu|O|Pr|Sr,1,2,3,3,2,3,4,1,4,4,2
4929,381,Bi|Cu|O|Pr|Sr,1,2,3,3,2,3,1,4,2,4,0
4930,381,Bi|Cu|O|Pr|Sr,1,2,3,3,2,3,4,0,1,1,4
4931,120,Bi|Cu|La|O|Sr,1,3,1,3,0,0,4,2,4,0,3
4932,120,Bi|Cu|La|O|Sr,1,3,1,3,0,0,4,3,3,4,0
4933,120,Bi|Cu|La|O|Sr,1,3,1,3,0,0,4,1,1,2,4
4934,120,Bi|Cu|La|O|Sr,1,3,1,3,0,0,0,1,1,1,1
4935,562,Bi|Ca|La|O|Sr,0,0,4,4,0,4,4,3,0,4,2
4936,112,Bi|Cu|Nd|O|Sr,2,4,4,0,1,3,0,3,1,0,4
4937,416,Bi|Cu|O|Sm|Sr,2,3,2,4,2,1,0,3,0,0,0
4938,120,Bi|Cu|La|O|Sr,1,3,1,3,0,0,1,1,1,4,3
4939,120,Bi|Cu|La|O|Sr,1,3,1,3,0,0,4,1,3,2,4
4940,120,Bi|Cu|La|O|Sr,1,3,1,3,0,0,4,2,1,4,1
4941,120,Bi|Cu|La|O|Sr,1,3,1,3,0,0,3,2,1,0,0
4942,120,Bi|Cu|La|O|Sr,1,3,1,3,0,0,1,2,0,1,3
4943,120,Bi|Cu|La|O|Sr,1,3,1,3,0,0,2,4,3,1,3
4944,120,Bi|Cu|La|O|Sr,1,3,1,3,0,0,1,2,2,2,4
4945,120,Bi|Cu|La|O|Sr,1,3,1,3,0,0,3,3,1,2,0
4946,120,Bi|Cu|La|O|Sr,1,3,1,3,0,0,0,4,4,1,2
4947,120,Bi|Cu|La|O|Sr,1,3,1,3,0,0,3,3,4,0,4
4948,563,Bi|Cu|F|La|O|Sr,4,1,0,1,0,4,2,3,1,3,1
4949,563,Bi|Cu|F|La|O|Sr,4,1,0,1,0,4,4,1,2,3,2
4950,563,Bi|Cu|F|La|O|Sr,4,1,0,1,0,4,4,2,1,4,3
4951,563,Bi|Cu|F|La|O|Sr,4,1,0,1,0,4,2,2,3,4,1
4952,224,Bi|Ca|Cu|O|Pb|Sr|V,2,0,0,4,2,0,4,1,0,3,2
4953,224,Bi|Ca|Cu|O|Pb|Sr|V,2,0,0,4,2,0,3,3,1,3,3
4954,224,Bi|Ca|Cu|O|Pb|Sr|V,2,0,0,4,2,0,1,0,4,2,0
4955,71,Bi|Ca|Cu|O|Pb|Sr,2,0,4,1,4,1,3,4,2,0,2
4956,224,Bi|Ca|Cu|O|Pb|Sr|V,2,0,0,4,2,0,2,3,4,2,3
4957,224,Bi|Ca|Cu|O|Pb|Sr|V,2,0,0,4,2,0,0,3,3,1,1
4958,224,Bi|Ca|Cu|O|Pb|Sr|V,2,0,0,4,2,0,3,3,3,0,0
4959,564,Bi|Ca|Cu|O|Sr|V,2,1,4,0,3,3,3,1,3,3,3
4960,564,Bi|Ca|Cu|O|Sr|V,2,1,4,0,3,3,1,1,2,4,2
4961,565,Ca|Cu|Hg|O|Sr|Ti|Y,2,0,4,1,2,1,4,3,3,0,1
4962,565,Ca|Cu|Hg|O|Sr|Ti|Y,2,0,4,1,2,1,0,2,0,3,3
4963,565,Ca|Cu|Hg|O|Sr|Ti|Y,2,0,4,1,2,1,3,1,3,2,0
4964,565,Ca|Cu|Hg|O|Sr|Ti|Y,2,0,4,1,2,1,3,2,3,2,4
4965,71,Bi|Ca|Cu|O|Pb|Sr,2,0,4,1,4,1,0,2,4,4,4
4966,203,Bi|Ca|Cu|Nd|O|Pb|Sr,0,2,0,3,2,0,4,3,1,0,2
4967,203,Bi|Ca|Cu|Nd|O|Pb|Sr,0,2,0,3,2,0,2,3,2,1,3
4968,132,Bi|Ca|Cu|O|Pb|Sr|Y,3,1,1,4,3,2,3,2,2,3,3
4969,203,Bi|Ca|Cu|Nd|O|Pb|Sr,0,2,0,3,2,0,0,4,4,2,3
4970,203,Bi|Ca|Cu|Nd|O|Pb|Sr,0,2,0,3,2,0,4,1,3,3,3
4971,203,Bi|Ca|Cu|Nd|O|Pb|Sr,0,2,0,3,2,0,3,1,2,0,1
4972,566,Ba|Cu|O|Sm|Y,3,1,4,2,1,2,1,2,2,0,3
4973,517,Ba|Ca|Co|Cu|Er|O,4,0,0,2,0,1,4,1,2,1,4
4974,567,Ba|Ca|Co|Cu|Er|O|Sr,4,0,3,3,2,1,1,1,0,1,1
4975,567,Ba|Ca|Co|Cu|Er|O|Sr,4,0,3,3,2,1,3,3,2,0,0
4976,567,Ba|Ca|Co|Cu|Er|O|Sr,4,0,3,3,2,1,3,1,2,2,0
4977,567,Ba|Ca|Co|Cu|Er|O|Sr,4,0,3,3,2,1,1,3,4,4,2
4978,567,Ba|Ca|Co|Cu|Er|O|Sr,4,0,3,3,2,1,3,4,0,2,3
4979,0,Ba|Cu|La|O,2,4,2,3,0,4,4,4,0,0,0
4980,568,Ba|Cu|Fe|La|O,0,1,3,1,1,2,4,2,1,0,4
4981,568,Ba|Cu|Fe|La|O,0,1,3,1,1,2,0,3,0,0,2
4982,301,B|Ba|Cu|O|Sr|Y,3,2,0,2,0,0,3,0,2,3,1
4983,569,B|Ba|Cu|O|S|Sr|Y,0,0,0,4,4,4,4,2,2,0,3
4984,570,Ba|Cu|O|S|Sr|Y,3,0,3,2,3,1,0,2,3,4,2
4985,569,B|Ba|Cu|O|S|Sr|Y,0,0,0,4,4,4,2,3,0,4,4
4986,569,B|Ba|Cu|O|S|Sr|Y,0,0,0,4,4,4,1,4,2,1,0
4987,570,Ba|Cu|O|S|Sr|Y,3,0,3,2,3,1,2,2,2,2,0
4988,31,Ba|Cu|Fe|O|Y,3,2,3,4,1,0,4,0,2,2,1
4989,40,Ba|Cu|O|Y|Zn,3,1,0,2,1,0,4,2,4,1,3
4990,40,Ba|Cu|O|Y|Zn,3,1,0,2,1,0,4,2,1,1,4
4991,40,Ba|Cu|O|Y|Zn,3,1,0,2,1,0,0,2,3,3,1
4992,83,Bi|Ca|Cu|O|Sr|Y,4,3,2,2,1,2,1,1,4,3,4
4993,83,Bi|Ca|Cu|O|Sr|Y,4,3,2,2,1,2,1,1,3,4,0
4994,83,Bi|Ca|Cu|O|Sr|Y,4,3,2,2,1,2,3,1,1,0,0
4995,427,Ba|Cu|Hg|O|V,3,1,0,3,2,2,2,3,4,0,0
4996,571,Ba|Cu|Hg|O|Sr|V,2,3,1,0,1,1,1,1,1,4,4
4997,571,Ba|Cu|Hg|O|Sr|V,2,3,1,0,1,1,4,3,0,1,1
4998,571,Ba|Cu|Hg|O|Sr|V,2,3,1,0,1,1,4,4,1,2,3
4999,571,Ba|Cu|Hg|O|Sr|V,2,3,1,0,1,1,0,3,0,0,1
5000,427,Ba|Cu|Hg|O|V,3,1,0,3,2,2,4,1,0,3,1
5001,571,Ba|Cu|Hg|O|Sr|V,2,3,1,0,1,1,3,2,0,2,1
5002,571,Ba|Cu|Hg|O|Sr|V,2,3,1,0,1,1,0,0,2,3,1
5003,571,Ba|Cu|Hg|O|Sr|V,2,3,1,0,1,1,2,1,3,0,3
5004,571,Ba|Cu|Hg|O|Sr|V,2,3,1,0,1,1,2,1,0,2,1
5005,267,Cu|O|Sr|W|Y,0,2,2,1,4,4,4,1,3,2,4
5006,268,Cu|Mo|O|Sr|Y,4,2,1,1,2,0,1,4,4,1,1
5007,266,Cu|O|Re|Sr|Y,0,3,4,4,0,2,1,4,2,0,1
5008,572,Ca|Cu|O|Sr|W|Y,4,0,1,3,4,4,0,2,2,3,1
5009,573,Ca|Cu|Mo|O|Sr|Y,1,4,1,2,1,0,4,3,4,4,2
5010,574,Ca|Cu|O|Re|Sr|Y,2,2,0,3,3,1,0,4,4,1,0
5011,62,Ba|Ca|Cu|La|O,1,3,2,0,1,3,1,4,4,0,1
5012,575,Ba|Ca|Cu|Fe|La|O,4,0,2,2,2,2,4,1,2,1,2
5013,575,Ba|Ca|Cu|Fe|La|O,4,0,2,2,2,2,2,3,2,3,2
5014,575,Ba|Ca|Cu|Fe|La|O,4,0,2,2,2,2,3,1,1,0,0
5015,575,Ba|Ca|Cu|Fe|La|O,4,0,2,2,2,2,4,2,2,2,3
5016,576,Ba|Cu|Hg|O|S,4,0,0,0,4,1,0,2,4,3,0
5017,576,Ba|Cu|Hg|O|S,4,0,0,0,4,1,1,4,2,1,3
5018,576,Ba|Cu|Hg|O|S,4,0,0,0,4,1,2,0,3,2,1
5019,576,Ba|Cu|Hg|O|S,4,0,0,0,4,1,1,2,2,3,4
5020,576,Ba|Cu|Hg|O|S,4,0,0,0,4,1,4,2,0,0,4
5021,576,Ba|Cu|Hg|O|S,4,0,0,0,4,1,4,4,1,3,2
5022,576,Ba|Cu|Hg|O|S,4,0,0,0,4,1,3,2,2,4,0
5023,306,Ba|Cu|Hg|O,4,0,0,2,4,0,0,3,1,2,1
5024,40,Ba|Cu|O|Y|Zn,3,1,0,2,1,0,4,1,4,3,0
5025,40,Ba|Cu|O|Y|Zn,3,1,0,2,1,0,0,3,3,1,0
5026,40,Ba|Cu|O|Y|Zn,3,1,0,2,1,0,4,2,0,2,2
5027,40,Ba|Cu|O|Y|Zn,3,1,0,2,1,0,0,3,2,4,3
5028,11,Ba|Cu|Nd|O,2,2,2,2,1,2,4,0,4,4,4
5029,373,Cu|H|La|O|Sr,1,4,4,4,0,4,3,1,3,1,4
5030,62,Ba|Ca|Cu|La|O,1,3,2,0,1,3,2,4,1,1,0
5031,229,Ba|Ca|Cu|La|O|Zn,2,1,2,4,1,0,0,2,1,0,0
5032,229,Ba|Ca|Cu|La|O|Zn,2,1,2,4,1,0,3,4,4,0,3
5033,229,Ba|Ca|Cu|La|O|Zn,2,1,2,4,1,0,1,0,4,4,2
5034,229,Ba|Ca|Cu|La|O|Zn,2,1,2,4,1,0,1,1,0,0,0
5035,62,Ba|Ca|Cu|La|O,1,3,2,0,1,3,3,4,2,4,1
5036,90,Ca|Cu|O|Pb|Sr|Y,0,3,2,3,4,0,0,0,1,1,1
5037,577,Ca|Cu|O|Pb|Sr|V|Y,4,4,0,3,0,2,4,1,1,1,4
5038,578,Ca|Cr|Cu|O|Pb|Sr|Y,4,0,2,1,2,2,4,2,1,4,2
5039,281,Ba|Cu|O|Sr|Yb,1,4,2,1,1,0,0,1,4,2,0
5040,310,Bi|Ca|Cu|Fe|O|Pb|Sr,4,2,3,1,2,2,3,1,3,4,4
5041,310,Bi|Ca|Cu|Fe|O|Pb|Sr,4,2,3,1,2,2,4,0,1,4,0
5042,310,Bi|Ca|Cu|Fe|O|Pb|Sr,4,2,3,1,2,2,4,0,1,4,4
5043,310,Bi|Ca|Cu|Fe|O|Pb|Sr,4,2,3,1,2,2,2,2,1,2,4
5044,310,Bi|Ca|Cu|Fe|O|Pb|Sr,4,2,3,1,2,2,0,0,2,4,4
5045,579,Bi|Ca|Co|Cu|O|Pb|Sr,0,1,1,3,2,2,3,0,2,1,4
5046,579,Bi|Ca|Co|Cu|O|Pb|Sr,0,1,1,3,2,2,4,4,4,1,2
5047,579,Bi|Ca|Co|Cu|O|Pb|Sr,0,1,1,3,2,2,0,3,3,0,3
5048,579,Bi|Ca|Co|Cu|O|Pb|Sr,0,1,1,3,2,2,0,3,3,1,2
5049,579,Bi|Ca|Co|Cu|O|Pb|Sr,0,1,1,3,2,2,3,1,1,1,4
5050,307,Ba|Ca|Cu|Hg|O,2,4,3,2,4,3,3,4,3,2,1
5051,49,Bi|Ca|Cu|O|Sr,2,0,2,4,3,0,1,1,3,3,2
5052,125,Ba|Cu|O|Tl,0,1,2,3,4,1,3,4,2,3,3
5053,47,Ba|Ca|Cu|O|Tl,3,2,1,1,4,1,0,2,3,3,0
5054,580,Cu|Hg|La|O|Sr|V,3,3,4,0,4,3,2,2,0,1,3
5055,580,Cu|Hg|La|O|Sr|V,3,3,4,0,4,3,2,0,4,3,0
5056,580,Cu|Hg|La|O|Sr|V,3,3,4,0,4,3,1,1,3,2,4
5057,580,Cu|Hg|La|O|Sr|V,3,3,4,0,4,3,2,2,3,3,3
5058,580,Cu|Hg|La|O|Sr|V,3,3,4,0,4,3,3,3,4,4,3
5059,580,Cu|Hg|La|O|Sr|V,3,3,4,0,4,3,2,4,4,4,1
5060,580,Cu|Hg|La|O|Sr|V,3,3,4,0,4,3,2,4,0,3,1
5061,8,Ba|Cu|O|Y,0,1,2,1,3,1,0,0,2,0,3
5062,8,Ba|Cu|O|Y,0,1,2,1,3,1,2,2,2,3,1
5063,8,Ba|Cu|O|Y,0,1,2,1,3,1,0,1,4,0,1
5064,8,Ba|Cu|O|Y,0,1,2,1,3,1,3,1,2,1,0
5065,8,Ba|Cu|O|Y,0,1,2,1,3,1,1,0,3,3,4
5066,8,Ba|Cu|O|Y,0,1,2,1,3,1,4,1,4,2,3
5067,8,Ba|Cu|O|Y,0,1,2,1,3,1,1,2,3,2,4
5068,8,Ba|Cu|O|Y,0,1,2,1,3,1,1,4,2,2,4
5069,8,Ba|Cu|O|Y,0,1,2,1,3,1,0,4,4,3,3
5070,301,B|Ba|Cu|O|Sr|Y,3,2,0,2,0,0,0,2,3,3,1
5071,581,Ce|Cu|O|S|Sr|Y,1,0,0,1,0,2,2,0,4,4,0
5072,392,B|Ba|Ca|Cu|O|Sr|Y,2,1,3,4,0,1,4,4,1,0,3
5073,392,B|Ba|Ca|Cu|O|Sr|Y,2,1,3,4,0,1,0,0,4,0,4
5074,11,Ba|Cu|Nd|O,2,2,2,2,1,2,4,4,3,2,1
5075,11,Ba|Cu|Nd|O,2,2,2,2,1,2,3,2,2,1,2
5076,11,Ba|Cu|Nd|O,2,2,2,2,1,2,0,3,1,2,2
5077,11,Ba|Cu|Nd|O,2,2,2,2,1,2,4,2,2,2,1
5078,11,Ba|Cu|Nd|O,2,2,2,2,1,2,0,1,2,2,1
5079,11,Ba|Cu|Nd|O,2,2,2,2,1,2,3,4,4,2,0
5080,391,Bi|Ca|Ce|Cu|O|Sr,1,1,4,1,1,1,3,2,1,2,4
5081,391,Bi|Ca|Ce|Cu|O|Sr,1,1,4,1,1,1,3,4,0,0,1
5082,391,Bi|Ca|Ce|Cu|O|Sr,1,1,4,1,1,1,1,0,4,4,1
5083,391,Bi|Ca|Ce|Cu|O|Sr,1,1,4,1,1,1,2,1,2,2,1
5084,391,Bi|Ca|Ce|Cu|O|Sr,1,1,4,1,1,1,4,0,0,1,0
5085,8,Ba|Cu|O|Y,0,1,2,1,3,1,4,0,1,0,1
5086,8,Ba|Cu|O|Y,0,1,2,1,3,1,1,3,3,0,2
5087,8,Ba|Cu|O|Y,0,1,2,1,3,1,3,1,1,1,0
5088,49,Bi|Ca|Cu|O|Sr,2,0,2,4,3,0,4,4,2,1,2
5089,8,Ba|Cu|O|Y,0,1,2,1,3,1,4,2,4,2,3
5090,8,Ba|Cu|O|Y,0,1,2,1,3,1,2,1,2,1,4
5091,8,Ba|Cu|O|Y,0,1,2,1,3,1,1,0,1,3,2
5092,49,Bi|Ca|Cu|O|Sr,2,0,2,4,3,0,3,3,2,2,2
5093,8,Ba|Cu|O|Y,0,1,2,1,3,1,0,4,0,3,3
5094,107,Ba|Bi|O|Pb,4,1,0,0,3,4,0,0,3,3,4
5095,2,Cu|La|O|Sr,1,2,3,2,2,0,2,3,1,4,1
5096,582,Cu|La|Mg|O|Sr,0,0,0,0,4,1,4,1,4,2,3
5097,582,Cu|La|Mg|O|Sr,0,0,0,0,4,1,3,4,3,1,1
5098,25,Cu|La|Ni|O|Sr,3,4,4,4,0,3,1,1,1,0,0
5099,25,Cu|La|Ni|O|Sr,3,4,4,4,0,3,3,4,2,2,2
5100,25,Cu|La|Ni|O|Sr,3,4,4,4,0,3,4,4,2,0,4
5101,25,Cu|La|Ni|O|Sr,3,4,4,4,0,3,0,0,3,3,1
5102,49,Bi|Ca|Cu|O|Sr,2,0,2,4,3,0,2,2,1,3,0
5103,49,Bi|Ca|Cu|O|Sr,2,0,2,4,3,0,4,3,3,1,0
5104,36,Bi|Cu|O|Sr,2,2,4,1,2,0,1,0,4,2,3
5105,49,Bi|Ca|Cu|O|Sr,2,0,2,4,3,0,0,4,4,2,2
5106,14,Ba|Cu|Dy|O,4,1,4,1,3,3,4,1,2,4,1
5107,49,Bi|Ca|Cu|O|Sr,2,0,2,4,3,0,0,3,4,2,3
5108,583,Bi|Ca|Cd|Cu|O|Sr,3,2,2,2,1,3,1,3,0,3,3
5109,583,Bi|Ca|Cd|Cu|O|Sr,3,2,2,2,1,3,2,0,2,1,2
5110,583,Bi|Ca|Cd|Cu|O|Sr,3,2,2,2,1,3,3,4,1,4,3
5111,583,Bi|Ca|Cd|Cu|O|Sr,3,2,2,2,1,3,1,1,2,3,3
5112,583,Bi|Ca|Cd|Cu|O|Sr,3,2,2,2,1,3,2,0,4,4,3
5113,584,Ba|Cu|F|O|Sm|Tl,3,4,0,0,0,3,4,1,3,3,0
5114,278,Cu|Mo|O|Sr|Tb,0,2,3,1,4,2,1,1,4,0,3
5115,8,Ba|Cu|O|Y,0,1,2,1,3,1,3,0,3,1,2
5116,40,Ba|Cu|O|Y|Zn,3,1,0,2,1,0,0,0,2,4,4
5117,49,Bi|Ca|Cu|O|Sr,2,0,2,4,3,0,4,2,4,0,2
5118,49,Bi|Ca|Cu|O|Sr,2,0,2,4,3,0,0,0,1,4,3
5119,49,Bi|Ca|Cu|O|Sr,2,0,2,4,3,0,2,0,4,0,3
5120,49,Bi|Ca|Cu|O|Sr,2,0,2,4,3,0,1,0,0,3,0
5121,49,Bi|Ca|Cu|O|Sr,2,0,2,4,3,0,2,4,0,0,4
5122,49,Bi|Ca|Cu|O|Sr,2,0,2,4,3,0,1,1,4,1,4
5123,49,Bi|Ca|Cu|O|Sr,2,0,2,4,3,0,4,3,0,0,2
5124,49,Bi|Ca|Cu|O|Sr,2,0,2,4,3,0,1,2,2,0,1
5125,49,Bi|Ca|Cu|O|Sr,2,0,2,4,3,0,0,3,4,2,4
5126,11,Ba|Cu|Nd|O,2,2,2,2,1,2,2,0,2,1,4
5127,11,Ba|Cu|Nd|O,2,2,2,2,1,2,0,3,2,1,2
5128,11,Ba|Cu|Nd|O,2,2,2,2,1,2,3,3,4,1,1
5129,11,Ba|Cu|Nd|O,2,2,2,2,1,2,0,1,2,4,0
5130,11,Ba|Cu|Nd|O,2,2,2,2,1,2,4,3,1,2,4
5131,11,Ba|Cu|Nd|O,2,2,2,2,1,2,1,0,4,1,0
5132,71,Bi|Ca|Cu|O|Pb|Sr,2,0,4,1,4,1,2,0,0,0,3
5133,585,Bi|Ca|Cu|O|Pb|Si|Sr,1,1,2,0,3,2,2,3,4,3,0
5134,585,Bi|Ca|Cu|O|Pb|Si|Sr,1,1,2,0,3,2,2,0,2,4,2
5135,585,Bi|Ca|Cu|O|Pb|Si|Sr,1,1,2,0,3,2,3,3,0,0,1
5136,585,Bi|Ca|Cu|O|Pb|Si|Sr,1,1,2,0,3,2,0,4,0,3,1
5137,304,Ce|Cu|Eu|Nb|O|Sr,1,0,0,3,2,3,4,2,3,0,3
5138,586,Ce|Cu|Eu|Nb|O|Pr|Sr,1,4,0,0,1,4,2,4,3,3,0
5139,586,Ce|Cu|Eu|Nb|O|Pr|Sr,1,4,0,0,1,4,3,3,4,2,3
5140,586,Ce|Cu|Eu|Nb|O|Pr|Sr,1,4,0,0,1,4,3,3,3,2,0
5141,586,Ce|Cu|Eu|Nb|O|Pr|Sr,1,4,0,0,1,4,2,4,0,4,1
5142,586,Ce|Cu|Eu|Nb|O|Pr|Sr,1,4,0,0,1,4,0,3,4,0,3
5143,586,Ce|Cu|Eu|Nb|O|Pr|Sr,1,4,0,0,1,4,1,3,1,1,0
5144,305,Ce|Cu|Nb|Nd|O|Sr,4,0,2,1,4,3,4,2,3,1,3
5145,587,Ce|Cu|Nb|Nd|O|Pr|Sr,3,0,1,0,3,3,4,1,4,2,0
5146,587,Ce|Cu|Nb|Nd|O|Pr|Sr,3,0,1,0,3,3,4,3,3,4,3
5147,587,Ce|Cu|Nb|Nd|O|Pr|Sr,3,0,1,0,3,3,0,3,0,2,2
5148,587,Ce|Cu|Nb|Nd|O|Pr|Sr,3,0,1,0,3,3,0,4,3,2,1
5149,303,Ce|Cu|Nb|O|Sm|Sr,0,1,0,2,1,2,2,1,1,3,1
5150,588,Ce|Cu|Nb|O|Pr|Sm|Sr,1,1,0,4,0,3,1,1,1,2,2
5151,588,Ce|Cu|Nb|O|Pr|Sm|Sr,1,1,0,4,0,3,3,2,1,2,1
5152,588,Ce|Cu|Nb|O|Pr|Sm|Sr,1,1,0,4,0,3,3,3,0,3,1
5153,588,Ce|Cu|Nb|O|Pr|Sm|Sr,1,1,0,4,0,3,0,3,3,3,3
5154,588,Ce|Cu|Nb|O|Pr|Sm|Sr,1,1,0,4,0,3,0,3,3,2,4
5155,8,Ba|Cu|O|Y,0,1,2,1,3,1,1,0,3,1,0
5156,589,Ba|Ca|Cu|Lu|O,4,0,1,3,4,4,4,1,3,1,1
5157,589,Ba|Ca|Cu|Lu|O,4,0,1,3,4,4,0,1,0,4,1
5158,589,Ba|Ca|Cu|Lu|O,4,0,1,3,4,4,2,4,0,4,4
5159,589,Ba|Ca|Cu|Lu|O,4,0,1,3,4,4,3,4,1,2,0
5160,589,Ba|Ca|Cu|Lu|O,4,0,1,3,4,4,2,3,3,2,4
5161,589,Ba|Ca|Cu|Lu|O,4,0,1,3,4,4,1,2,2,0,1
5162,589,Ba|Ca|Cu|Lu|O,4,0,1,3,4,4,4,4,2,0,1
5163,589,Ba|Ca|Cu|Lu|O,4,0,1,3,4,4,2,3,3,3,1
5164,589,Ba|Ca|Cu|Lu|O,4,0,1,3,4,4,1,3,4,4,3
5165,589,Ba|Ca|Cu|Lu|O,4,0,1,3,4,4,0,4,2,1,4
5166,589,Ba|Ca|Cu|Lu|O,4,0,1,3,4,4,1,0,0,0,0
5167,589,Ba|Ca|Cu|Lu|O,4,0,1,3,4,4,1,2,4,2,3
5168,557,Ba|Co|Cu|Eu|O,4,1,1,0,0,3,0,4,4,3,0
5169,557,Ba|Co|Cu|Eu|O,4,1,1,0,0,3,1,2,3,3,3
5170,399,Ca|Cu|O|Sr|Tl|V,0,0,2,3,2,3,4,1,0,1,4
5171,590,Ca|Cu|O|Sr|Tl|V|Y,1,2,3,0,1,0,4,4,1,4,3
5172,11,Ba|Cu|Nd|O,2,2,2,2,1,2,1,2,1,3,0
5173,179,Ba|Cu|Nd|O|Pr,4,0,4,3,0,1,0,3,2,1,2
5174,179,Ba|Cu|Nd|O|Pr,4,0,4,3,0,1,0,2,4,4,3
5175,179,Ba|Cu|Nd|O|Pr,4,0,4,3,0,1,2,4,3,2,2
5176,12,Ba|Cu|Eu|O,2,3,0,3,4,4,3,2,0,0,1
5177,154,Ba|Cu|Eu|O|Pr,3,1,1,2,0,1,4,0,1,2,4
5178,154,Ba|Cu|Eu|O|Pr,3,1,1,2,0,1,2,1,3,1,2
5179,154,Ba|Cu|Eu|O|Pr,3,1,1,2,0,1,0,1,3,2,3
5180,154,Ba|Cu|Eu|O|Pr,3,1,1,2,0,1,2,2,4,1,1
5181,10,Ba|Cu|O|Tm,3,0,0,3,2,2,4,1,4,3,3
5182,184,Ba|Cu|O|Pr|Tm,3,3,4,0,1,3,2,2,3,3,1
5183,184,Ba|Cu|O|Pr|Tm,3,3,4,0,1,3,1,3,4,2,1
5184,184,Ba|Cu|O|Pr|Tm,3,3,4,0,1,3,1,2,4,3,1
5185,184,Ba|Cu|O|Pr|Tm,3,3,4,0,1,3,3,0,1,0,2
5186,49,Bi|Ca|Cu|O|Sr,2,0,2,4,3,0,1,3,2,3,0
5187,564,Bi|Ca|Cu|O|Sr|V,2,1,4,0,3,3,1,4,4,1,1
5188,564,Bi|Ca|Cu|O|Sr|V,2,1,4,0,3,3,0,2,3,4,1
5189,564,Bi|Ca|Cu|O|Sr|V,2,1,4,0,3,3,2,3,2,1,1
5190,564,Bi|Ca|Cu|O|Sr|V,2,1,4,0,3,3,0,0,4,3,0
5191,564,Bi|Ca|Cu|O|Sr|V,2,1,4,0,3,3,2,0,1,1,2
5192,13,Ba|Cu|Gd|O,2,1,0,3,4,0,1,4,2,3,4
5193,51,Ba|Cu|Gd|O|Sr,3,3,2,4,3,3,2,0,0,4,2
5194,51,Ba|Cu|Gd|O|Sr,3,3,2,4,3,3,2,3,4,4,0
5195,15,Ba|Cu|Ho|O,0,0,4,0,3,2,4,1,3,3,1
5196,330,Ba|Cu|Ho|O|Sr,1,0,0,3,0,0,4,3,3,4,4
5197,330,Ba|Cu|Ho|O|Sr,1,0,0,3,0,0,2,1,0,1,0
5198,330,Ba|Cu|Ho|O|Sr,1,0,0,3,0,0,0,0,2,3,3
5199,11,Ba|Cu|Nd|O,2,2,2,2,1,2,4,2,2,0,2
5200,481,Ba|Ca|Cu|Hg|O|Pb,0,2,0,2,0,3,3,2,2,4,2
5201,120,Bi|Cu|La|O|Sr,1,3,1,3,0,0,2,2,0,3,2
5202,169,Bi|Cu|La|O|Pb|Sr,1,0,1,2,2,1,4,2,0,2,0
5203,169,Bi|Cu|La|O|Pb|Sr,1,0,1,2,2,1,3,4,3,3,2
5204,169,Bi|Cu|La|O|Pb|Sr,1,0,1,2,2,1,3,3,3,3,1
5205,169,Bi|Cu|La|O|Pb|Sr,1,0,1,2,2,1,2,4,3,1,0
5206,169,Bi|Cu|La|O|Pb|Sr,1,0,1,2,2,1,1,0,1,4,3
5207,120,Bi|Cu|La|O|Sr,1,3,1,3,0,0,2,2,3,2,4
5208,169,Bi|Cu|La|O|Pb|Sr,1,0,1,2,2,1,4,4,4,1,0
5209,169,Bi|Cu|La|O|Pb|Sr,1,0,1,2,2,1,4,3,0,2,4
5210,169,Bi|Cu|La|O|Pb|Sr,1,0,1,2,2,1,2,3,3,4,4
5211,169,Bi|Cu|La|O|Pb|Sr,1,0,1,2,2,1,0,3,3,2,1
5212,169,Bi|Cu|La|O|Pb|Sr,1,0,1,2,2,1,0,3,1,2,0
5213,591,Ba|Ca|Cu|Gd|La|O,4,4,4,2,0,4,3,0,0,3,3
5214,591,Ba|Ca|Cu|Gd|La|O,4,4,4,2,0,4,1,3,2,4,3
5215,591,Ba|Ca|Cu|Gd|La|O,4,4,4,2,0,4,2,0,1,2,0
5216,591,Ba|Ca|Cu|Gd|La|O,4,4,4,2,0,4,3,1,0,0,1
5217,591,Ba|Ca|Cu|Gd|La|O,4,4,4,2,0,4,4,4,2,4,3
5218,591,Ba|Ca|Cu|Gd|La|O,4,4,4,2,0,4,1,0,3,0,4
5219,288,Ba|Ca|Cu|La|Nd|O,4,3,1,1,2,2,1,1,1,0,2
5220,288,Ba|Ca|Cu|La|Nd|O,4,3,1,1,2,2,3,1,2,4,0
5221,288,Ba|Ca|Cu|La|Nd|O,4,3,1,1,2,2,2,0,1,0,0
5222,288,Ba|Ca|Cu|La|Nd|O,4,3,1,1,2,2,4,2,4,3,0
5223,592,Ba|Ca|Cu|Dy|La|O,3,3,0,0,1,0,1,4,2,1,4
5224,45,Ba|Cu|Li|O|Y,1,0,0,2,3,1,3,4,2,4,0
5225,45,Ba|Cu|Li|O|Y,1,0,0,2,3,1,0,4,2,1,3
5226,45,Ba|Cu|Li|O|Y,1,0,0,2,3,1,1,0,1,2,1
5227,45,Ba|Cu|Li|O|Y,1,0,0,2,3,1,1,3,3,0,2
5228,45,Ba|Cu|Li|O|Y,1,0,0,2,3,1,1,2,2,1,1
5229,582,Cu|La|Mg|O|Sr,0,0,0,0,4,1,3,1,2,1,3
5230,582,Cu|La|Mg|O|Sr,0,0,0,0,4,1,2,4,3,0,2
5231,593,Bi|C|Ca|Cu|H|N|O|Sr|Zn,1,2,3,3,0,3,1,0,4,0,2
5232,593,Bi|C|Ca|Cu|H|N|O|Sr|Zn,1,2,3,3,0,3,1,0,1,1,0
5233,593,Bi|C|Ca|Cu|H|N|O|Sr|Zn,1,2,3,3,0,3,0,3,4,0,1
5234,593,Bi|C|Ca|Cu|H|N|O|Sr|Zn,1,2,3,3,0,3,4,1,0,0,1
5235,593,Bi|C|Ca|Cu|H|N|O|Sr|Zn,1,2,3,3,0,3,1,1,2,4,0
5236,593,Bi|C|Ca|Cu|H|N|O|Sr|Zn,1,2,3,3,0,3,4,4,2,2,4
5237,11,Ba|Cu|Nd|O,2,2,2,2,1,2,1,1,2,1,3
5238,11,Ba|Cu|Nd|O,2,2,2,2,1,2,3,1,2,0,3
5239,11,Ba|Cu|Nd|O,2,2,2,2,1,2,4,3,3,1,3
5240,11,Ba|Cu|Nd|O,2,2,2,2,1,2,4,0,4,4,0
5241,11,Ba|Cu|Nd|O,2,2,2,2,1,2,4,2,3,2,3
5242,11,Ba|Cu|Nd|O,2,2,2,2,1,2,0,1,0,3,3
5243,11,Ba|Cu|Nd|O,2,2,2,2,1,2,0,2,1,3,1
5244,90,Ca|Cu|O|Pb|Sr|Y,0,3,2,3,4,0,1,0,3,3,1
5245,594,Ca|Cu|F|O|Pb|Sr|Y,4,4,3,1,3,0,4,1,1,3,1
5246,594,Ca|Cu|F|O|Pb|Sr|Y,4,4,3,1,3,0,4,0,1,2,2
5247,594,Ca|Cu|F|O|Pb|Sr|Y,4,4,3,1,3,0,2,1,4,3,3
5248,594,Ca|Cu|F|O|Pb|Sr|Y,4,4,3,1,3,0,4,2,1,0,1
5249,595,Cd|Cu|La|O|Pb|Sr,3,4,0,0,3,0,0,4,0,2,0
5250,595,Cd|Cu|La|O|Pb|Sr,3,4,0,0,3,0,4,2,4,1,1
5251,595,Cd|Cu|La|O|Pb|Sr,3,4,0,0,3,0,4,2,3,3,1
5252,596,Ba|Cu|Eu|Gd|Nd|O,0,0,2,1,2,2,2,0,2,1,2
5253,597,Ba|Cu|Gd|Nd|O|Sm,3,1,3,1,0,1,0,1,2,0,2
5254,598,Ba|Cu|Eu|Nd|O|Sm,2,2,0,1,3,2,1,2,4,4,3
5255,599,Ba|Cu|Eu|Gd|O|Sm,1,0,1,0,4,1,3,0,4,3,3
5256,501,Ba|Ca|Cu|La|O|Pr,3,0,1,1,4,1,2,0,1,4,0
5257,11,Ba|Cu|Nd|O,2,2,2,2,1,2,2,2,4,1,3
5258,600,Ce|Cu|O|Pr|Sr,3,1,0,1,1,1,3,1,2,1,1
5259,600,Ce|Cu|O|Pr|Sr,3,1,0,1,1,1,4,0,2,2,3
5260,118,Ce|Cu|O|Pr,3,0,4,2,3,3,2,0,0,4,3
5261,118,Ce|Cu|O|Pr,3,0,4,2,3,3,3,2,4,0,2
5262,593,Bi|C|Ca|Cu|H|N|O|Sr|Zn,1,2,3,3,0,3,4,0,2,1,3
5263,593,Bi|C|Ca|Cu|H|N|O|Sr|Zn,1,2,3,3,0,3,2,4,1,3,3
5264,593,Bi|C|Ca|Cu|H|N|O|Sr|Zn,1,2,3,3,0,3,3,0,4,3,2
5265,593,Bi|C|Ca|Cu|H|N|O|Sr|Zn,1,2,3,3,0,3,1,0,4,2,2
5266,118,Ce|Cu|O|Pr,3,0,4,2,3,3,2,2,1,1,1
5267,118,Ce|Cu|O|Pr,3,0,4,2,3,3,3,2,1,3,2
5268,57,Ba|Cu|La|O|Y,4,0,3,4,0,1,0,4,3,1,0
5269,57,Ba|Cu|La|O|Y,4,0,3,4,0,1,2,4,2,3,3
5270,57,Ba|Cu|La|O|Y,4,0,3,4,0,1,1,3,3,2,2
5271,57,Ba|Cu|La|O|Y,4,0,3,4,0,1,2,4,1,1,4
5272,57,Ba|Cu|La|O|Y,4,0,3,4,0,1,4,4,1,1,2
5273,57,Ba|Cu|La|O|Y,4,0,3,4,0,1,2,1,0,0,1
5274,57,Ba|Cu|La|O|Y,4,0,3,4,0,1,1,4,0,0,2
5275,57,Ba|Cu|La|O|Y,4,0,3,4,0,1,2,3,1,3,1
5276,57,Ba|Cu|La|O|Y,4,0,3,4,0,1,1,0,4,4,1
5277,57,Ba|Cu|La|O|Y,4,0,3,4,0,1,4,4,2,3,2
5278,57,Ba|Cu|La|O|Y,4,0,3,4,0,1,1,4,0,0,3
5279,57,Ba|Cu|La|O|Y,4,0,3,4,0,1,3,4,4,0,4
5280,0,Ba|Cu|La|O,2,4,2,3,0,4,0,0,2,1,0
5281,0,Ba|Cu|La|O,2,4,2,3,0,4,2,0,2,0,4
5282,102,Ba|Cu|O|Pr|Y,4,2,0,0,3,0,3,0,2,0,1
5283,102,Ba|Cu|O|Pr|Y,4,2,0,0,3,0,0,1,2,2,3
5284,102,Ba|Cu|O|Pr|Y,4,2,0,0,3,0,1,0,1,1,4
5285,102,Ba|Cu|O|Pr|Y,4,2,0,0,3,0,0,2,0,1,1
5286,102,Ba|Cu|O|Pr|Y,4,2,0,0,3,0,1,3,0,0,2
5287,102,Ba|Cu|O|Pr|Y,4,2,0,0,3,0,2,0,4,1,0
5288,102,Ba|Cu|O|Pr|Y,4,2,0,0,3,0,0,2,1,1,4
5289,601,Ba|O|Pr|Y,0,1,4,1,4,0,3,2,3,1,1
5290,102,Ba|Cu|O|Pr|Y,4,2,0,0,3,0,4,1,3,1,1
5291,102,Ba|Cu|O|Pr|Y,4,2,0,0,3,0,0,0,2,3,1
5292,102,Ba|Cu|O|Pr|Y,4,2,0,0,3,0,1,3,4,1,3
5293,102,Ba|Cu|O|Pr|Y,4,2,0,0,3,0,1,3,2,0,1
5294,102,Ba|Cu|O|Pr|Y,4,2,0,0,3,0,4,2,1,0,4
5295,90,Ca|Cu|O|Pb|Sr|Y,0,3,2,3,4,0,1,4,4,3,3
5296,578,Ca|Cr|Cu|O|Pb|Sr|Y,4,0,2,1,2,2,1,1,2,4,0
5297,90,Ca|Cu|O|Pb|Sr|Y,0,3,2,3,4,0,0,3,2,0,3
5298,578,Ca|Cr|Cu|O|Pb|Sr|Y,4,0,2,1,2,2,2,3,1,1,0
5299,8,Ba|Cu|O|Y,0,1,2,1,3,1,4,0,4,3,4
5300,4,Ba|Ca|Cu|O|Y,3,0,0,0,2,3,1,3,0,0,0
5301,4,Ba|Ca|Cu|O|Y,3,0,0,0,2,3,3,3,1,1,1
5302,8,Ba|Cu|O|Y,0,1,2,1,3,1,4,1,3,3,0
5303,4,Ba|Ca|Cu|O|Y,3,0,0,0,2,3,2,2,3,1,0
5304,4,Ba|Ca|Cu|O|Y,3,0,0,0,2,3,2,0,1,0,0
5305,4,Ba|Ca|Cu|O|Y,3,0,0,0,2,3,4,2,0,2,0
5306,4,Ba|Ca|Cu|O|Y,3,0,0,0,2,3,1,1,4,3,0
5307,4,Ba|Ca|Cu|O|Y,3,0,0,0,2,3,1,0,2,3,0
5308,602,Ca|Cu|Hg|Nd|O|Sr|V,1,1,0,2,0,1,4,2,0,0,0
5309,602,Ca|Cu|Hg|Nd|O|Sr|V,1,1,0,2,0,1,4,1,4,4,1
5310,602,Ca|Cu|Hg|Nd|O|Sr|V,1,1,0,2,0,1,4,2,3,1,0
5311,602,Ca|Cu|Hg|Nd|O|Sr|V,1,1,0,2,0,1,4,4,2,0,0
5312,306,Ba|Cu|Hg|O,4,0,0,2,4,0,4,0,0,1,0
5313,306,Ba|Cu|Hg|O,4,0,0,2,4,0,3,0,3,0,3
5314,307,Ba|Ca|Cu|Hg|O,2,4,3,2,4,3,4,4,0,1,3
5315,307,Ba|Ca|Cu|Hg|O,2,4,3,2,4,3,1,3,1,3,1
5316,603,Ba|Cu|F|Hg|O,1,4,3,0,0,4,2,4,4,1,0
5317,476,Ba|Ca|Cu|F|Hg|O,0,1,1,0,4,0,3,4,3,2,3
5318,476,Ba|Ca|Cu|F|Hg|O,0,1,1,0,4,0,0,3,3,0,3
5319,307,Ba|Ca|Cu|Hg|O,2,4,3,2,4,3,0,4,4,4,4
5320,476,Ba|Ca|Cu|F|Hg|O,0,1,1,0,4,0,2,2,4,2,0
5321,307,Ba|Ca|Cu|Hg|O,2,4,3,2,4,3,0,1,4,3,1
5322,476,Ba|Ca|Cu|F|Hg|O,0,1,1,0,4,0,1,0,3,1,4
5323,47,Ba|Ca|Cu|O|Tl,3,2,1,1,4,1,0,3,2,1,4
5324,604,Ba|Bi|Ca|Cu|O|Tl,2,4,3,4,0,1,3,3,0,0,0
5325,369,Cu|O|Sr,1,1,2,1,4,3,3,4,4,3,4
5326,369,Cu|O|Sr,1,1,2,1,4,3,3,1,4,2,3
5327,36,Bi|Cu|O|Sr,2,2,4,1,2,0,1,4,3,1,1
5328,8,Ba|Cu|O|Y,0,1,2,1,3,1,0,2,4,0,4
5329,605,Ba|Cu|Nd|O|Y,0,4,0,3,1,3,0,1,2,0,4
5330,605,Ba|Cu|Nd|O|Y,0,4,0,3,1,3,4,1,4,2,2
5331,605,Ba|Cu|Nd|O|Y,0,4,0,3,1,3,0,4,2,3,1
5332,605,Ba|Cu|Nd|O|Y,0,4,0,3,1,3,4,2,4,0,3
5333,605,Ba|Cu|Nd|O|Y,0,4,0,3,1,3,0,4,1,4,2
5334,605,Ba|Cu|Nd|O|Y,0,4,0,3,1,3,0,3,4,2,4
5335,605,Ba|Cu|Nd|O|Y,0,4,0,3,1,3,3,1,3,4,4
5336,605,Ba|Cu|Nd|O|Y,0,4,0,3,1,3,4,3,2,2,4
5337,605,Ba|Cu|Nd|O|Y,0,4,0,3,1,3,1,1,4,2,0
5338,370,Ca|Cu|O|Sr,3,3,1,1,0,0,0,0,3,4,4
5339,307,Ba|Ca|Cu|Hg|O,2,4,3,2,4,3,1,1,4,2,2
5340,307,Ba|Ca|Cu|Hg|O,2,4,3,2,4,3,4,2,4,2,3
5341,476,Ba|Ca|Cu|F|Hg|O,0,1,1,0,4,0,2,1,3,0,0
5342,476,Ba|Ca|Cu|F|Hg|O,0,1,1,0,4,0,2,2,4,2,4
5343,606,Ba|Ca|Cu|Fe|Hg|O,1,4,4,1,2,4,4,0,1,1,1
5344,383,Ca|Cu|O|Tm,2,2,0,2,4,4,1,3,2,2,4
5345,607,Ba|K|O|Pb,4,4,1,4,4,4,3,2,2,4,4
5346,2,Cu|La|O|Sr,1,2,3,2,2,0,4,4,4,1,3
5347,608,Cu|La|Li|O|Sr,2,3,1,2,3,0,4,3,2,3,1
5348,608,Cu|La|Li|O|Sr,2,3,1,2,3,0,3,1,4,3,2
5349,608,Cu|La|Li|O|Sr,2,3,1,2,3,0,4,3,0,2,0
5350,609,Cu|Nd|O,1,1,4,4,2,1,2,0,0,3,4
5351,243,Cu|F|Nd|O,1,3,4,2,2,4,4,2,2,4,4
5352,243,Cu|F|Nd|O,1,3,4,2,2,4,2,3,2,2,1
5353,189,Cu|La|O|Pb|Sr,3,0,2,3,3,1,4,4,4,4,3
5354,189,Cu|La|O|Pb|Sr,3,0,2,3,3,1,2,4,0,2,1
5355,189,Cu|La|O|Pb|Sr,3,0,2,3,3,1,3,1,4,1,3
5356,189,Cu|La|O|Pb|Sr,3,0,2,3,3,1,0,2,0,1,2
5357,189,Cu|La|O|Pb|Sr,3,0,2,3,3,1,0,3,0,3,2
5358,189,Cu|La|O|Pb|Sr,3,0,2,3,3,1,3,1,3,3,4
5359,189,Cu|La|O|Pb|Sr,3,0,2,3,3,1,3,3,0,2,0
5360,189,Cu|La|O|Pb|Sr,3,0,2,3,3,1,3,1,2,0,3
5361,189,Cu|La|O|Pb|Sr,3,0,2,3,3,1,1,3,1,0,3
5362,189,Cu|La|O|Pb|Sr,3,0,2,3,3,1,2,1,2,1,2
5363,189,Cu|La|O|Pb|Sr,3,0,2,3,3,1,3,1,2,2,1
5364,189,Cu|La|O|Pb|Sr,3,0,2,3,3,1,3,3,0,2,4
5365,189,Cu|La|O|Pb|Sr,3,0,2,3,3,1,2,4,4,3,4
5366,189,Cu|La|O|Pb|Sr,3,0,2,3,3,1,1,2,4,4,1
5367,189,Cu|La|O|Pb|Sr,3,0,2,3,3,1,2,1,4,3,1
5368,189,Cu|La|O|Pb|Sr,3,0,2,3,3,1,2,3,0,3,1
5369,189,Cu|La|O|Pb|Sr,3,0,2,3,3,1,2,0,1,2,0
5370,189,Cu|La|O|Pb|Sr,3,0,2,3,3,1,1,4,2,1,2
5371,189,Cu|La|O|Pb|Sr,3,0,2,3,3,1,4,3,3,2,2
5372,189,Cu|La|O|Pb|Sr,3,0,2,3,3,1,4,1,1,3,3
5373,189,Cu|La|O|Pb|Sr,3,0,2,3,3,1,1,1,3,0,0
5374,189,Cu|La|O|Pb|Sr,3,0,2,3,3,1,1,4,1,0,0
5375,189,Cu|La|O|Pb|Sr,3,0,2,3,3,1,2,1,3,1,1
5376,189,Cu|La|O|Pb|Sr,3,0,2,3,3,1,4,2,1,1,3
5377,189,Cu|La|O|Pb|Sr,3,0,2,3,3,1,3,0,0,2,1
5378,189,Cu|La|O|Pb|Sr,3,0,2,3,3,1,1,1,2,3,0
5379,189,Cu|La|O|Pb|Sr,3,0,2,3,3,1,2,4,3,3,4
5380,189,Cu|La|O|Pb|Sr,3,0,2,3,3,1,0,4,3,3,2
5381,189,Cu|La|O|Pb|Sr,3,0,2,3,3,1,1,4,0,2,4
5382,189,Cu|La|O|Pb|Sr,3,0,2,3,3,1,4,2,2,2,3
5383,189,Cu|La|O|Pb|Sr,3,0,2,3,3,1,4,4,3,4,3
5384,606,Ba|Ca|Cu|Fe|Hg|O,1,4,4,1,2,4,3,0,3,3,3
5385,606,Ba|Ca|Cu|Fe|Hg|O,1,4,4,1,2,4,2,0,1,2,0
5386,606,Ba|Ca|Cu|Fe|Hg|O,1,4,4,1,2,4,1,1,0,0,0
5387,606,Ba|Ca|Cu|Fe|Hg|O,1,4,4,1,2,4,3,2,1,0,3
5388,281,Ba|Cu|O|Sr|Yb,1,4,2,1,1,0,4,1,1,2,4
5389,281,Ba|Cu|O|Sr|Yb,1,4,2,1,1,0,1,4,4,1,1
5390,281,Ba|Cu|O|Sr|Yb,1,4,2,1,1,0,4,2,1,0,4
5391,281,Ba|Cu|O|Sr|Yb,1,4,2,1,1,0,2,3,0,0,4
5392,281,Ba|Cu|O|Sr|Yb,1,4,2,1,1,0,3,2,2,1,3
5393,281,Ba|Cu|O|Sr|Yb,1,4,2,1,1,0,4,1,2,0,1
5394,238,Ba|Ca|Cu|O|Sr|Yb,1,1,3,1,2,2,3,4,3,0,0
5395,238,Ba|Ca|Cu|O|Sr|Yb,1,1,3,1,2,2,3,0,4,3,0
5396,238,Ba|Ca|Cu|O|Sr|Yb,1,1,3,1,2,2,2,0,1,1,1
5397,238,Ba|Ca|Cu|O|Sr|Yb,1,1,3,1,2,2,2,3,1,1,2
5398,238,Ba|Ca|Cu|O|Sr|Yb,1,1,3,1,2,2,2,0,2,4,2
5399,238,Ba|Ca|Cu|O|Sr|Yb,1,1,3,1,2,2,3,1,2,3,0
5400,238,Ba|Ca|Cu|O|Sr|Yb,1,1,3,1,2,2,4,4,0,2,3
5401,238,Ba|Ca|Cu|O|Sr|Yb,1,1,3,1,2,2,2,2,1,0,4
5402,238,Ba|Ca|Cu|O|Sr|Yb,1,1,3,1,2,2,4,2,2,4,4
5403,238,Ba|Ca|Cu|O|Sr|Yb,1,1,3,1,2,2,4,4,1,4,1
5404,238,Ba|Ca|Cu|O|Sr|Yb,1,1,3,1,2,2,2,4,0,4,0
5405,238,Ba|Ca|Cu|O|Sr|Yb,1,1,3,1,2,2,4,4,2,3,4
5406,238,Ba|Ca|Cu|O|Sr|Yb,1,1,3,1,2,2,2,2,4,2,2
5407,238,Ba|Ca|Cu|O|Sr|Yb,1,1,3,1,2,2,0,4,2,0,3
5408,238,Ba|Ca|Cu|O|Sr|Yb,1,1,3,1,2,2,0,1,0,2,2
5409,238,Ba|Ca|Cu|O|Sr|Yb,1,1,3,1,2,2,3,0,4,3,0
5410,238,Ba|Ca|Cu|O|Sr|Yb,1,1,3,1,2,2,4,1,4,3,1
5411,238,Ba|Ca|Cu|O|Sr|Yb,1,1,3,1,2,2,1,1,0,3,0
5412,238,Ba|Ca|Cu|O|Sr|Yb,1,1,3,1,2,2,1,4,1,1,0
5413,238,Ba|Ca|Cu|O|Sr|Yb,1,1,3,1,2,2,2,4,0,4,1
5414,238,Ba|Ca|Cu|O|Sr|Yb,1,1,3,1,2,2,4,3,4,1,0
5415,238,Ba|Ca|Cu|O|Sr|Yb,1,1,3,1,2,2,0,2,2,0,0
5416,238,Ba|Ca|Cu|O|Sr|Yb,1,1,3,1,2,2,0,1,4,2,1
5417,238,Ba|Ca|Cu|O|Sr|Yb,1,1,3,1,2,2,3,0,3,4,1
5418,238,Ba|Ca|Cu|O|Sr|Yb,1,1,3,1,2,2,0,0,2,1,0
5419,238,Ba|Ca|Cu|O|Sr|Yb,1,1,3,1,2,2,0,3,2,4,4
5420,238,Ba|Ca|Cu|O|Sr|Yb,1,1,3,1,2,2,2,2,2,4,1
5421,238,Ba|Ca|Cu|O|Sr|Yb,1,1,3,1,2,2,3,0,4,0,1
5422,238,Ba|Ca|Cu|O|Sr|Yb,1,1,3,1,2,2,3,3,2,3,1
5423,238,Ba|Ca|Cu|O|Sr|Yb,1,1,3,1,2,2,0,2,3,0,1
5424,307,Ba|Ca|Cu|Hg|O,2,4,3,2,4,3,2,0,3,1,4
5425,306,Ba|Cu|Hg|O,4,0,0,2,4,0,4,0,2,2,0
5426,101,Bi|Ca|Cu|K|O|Sr,4,2,2,0,2,1,1,4,1,0,3
5427,101,Bi|Ca|Cu|K|O|Sr,4,2,2,0,2,1,0,4,0,1,0
5428,101,Bi|Ca|Cu|K|O|Sr,4,2,2,0,2,1,1,4,4,4,1
5429,307,Ba|Ca|Cu|Hg|O,2,4,3,2,4,3,3,3,4,1,4
5430,307,Ba|Ca|Cu|Hg|O,2,4,3,2,4,3,1,3,4,2,1
5431,307,Ba|Ca|Cu|Hg|O,2,4,3,2,4,3,1,0,1,4,3
5432,307,Ba|Ca|Cu|Hg|O,2,4,3,2,4,3,3,4,3,0,1
5433,307,Ba|Ca|Cu|Hg|O,2,4,3,2,4,3,1,3,0,3,1
5434,307,Ba|Ca|Cu|Hg|O,2,4,3,2,4,3,3,1,4,4,1
5435,307,Ba|Ca|Cu|Hg|O,2,4,3,2,4,3,0,1,4,4,2
5436,610,Ca|Cu|O|S|Sr|Y,4,1,0,2,2,3,3,2,4,0,2
5437,611,Ba|C|Ca|Cu|N|O|Y,0,3,4,0,1,2,0,3,0,2,0
5438,612,Bi|C|Cu|O|Sr|Tl,0,3,1,3,2,3,1,3,0,4,3
5439,612,Bi|C|Cu|O|Sr|Tl,0,3,1,3,2,3,0,1,3,0,1
5440,612,Bi|C|Cu|O|Sr|Tl,0,3,1,3,2,3,0,1,2,1,1
5441,612,Bi|C|Cu|O|Sr|Tl,0,3,1,3,2,3,1,1,2,3,0
5442,389,Bi|C|Cu|O|Sr,1,3,2,4,0,2,4,1,2,4,0
5443,461,C|Cu|O|Pb|Sr|Tl,2,0,4,4,3,2,2,2,1,4,4
5444,461,C|Cu|O|Pb|Sr|Tl,2,0,4,4,3,2,4,0,1,1,1
5445,461,C|Cu|O|Pb|Sr|Tl,2,0,4,4,3,2,1,4,3,0,2
5446,461,C|Cu|O|Pb|Sr|Tl,2,0,4,4,3,2,4,3,1,1,1
5447,534,Ba|C|Cu|O|Sr,1,2,0,4,4,0,3,2,1,1,3
5448,301,B|Ba|Cu|O|Sr|Y,3,2,0,2,0,0,1,3,1,2,3
5449,392,B|Ba|Ca|Cu|O|Sr|Y,2,1,3,4,0,1,1,4,0,2,2
5450,389,Bi|C|Cu|O|Sr,1,3,2,4,0,2,4,3,4,2,4
5451,613,Ba|C|Ca|Cu|O|Sr|Y,1,3,0,3,1,4,4,3,1,0,0
5452,614,Ba|C|Ca|Cu|O|Pr|Sr,3,3,2,1,1,0,0,4,3,1,2
5453,615,Ba|C|Ca|Cu|Nd|O|Sr,2,1,1,1,1,1,0,0,4,2,0
5454,616,Ba|C|Ca|Cu|O|Sm|Sr,0,0,1,2,3,2,2,3,3,0,1
5455,617,Ba|C|Cu|Eu|O|Pr|Sr,3,3,4,2,0,2,1,0,0,0,2
5456,618,Ba|C|Ca|Cu|Gd|O|Sr,1,0,3,3,3,0,3,4,3,0,3
5457,619,Ba|C|Ca|Cu|Dy|O|Sr,2,1,2,0,4,4,3,0,3,0,3
5458,620,Ba|C|Ca|Cu|Ho|O|Sr,0,2,1,2,2,1,3,1,4,4,1
5459,621,Ba|C|Ca|Cu|Er|O|Sr,4,0,4,1,4,4,1,0,0,2,1
5460,622,Ba|C|Ca|Cu|O|Sr|Tm,2,3,3,0,4,3,2,4,0,0,1
5461,623,Ba|C|Ca|Cu|O|Sr|Yb,0,4,0,4,2,2,0,0,2,1,2
5462,624,Ba|C|Ca|Cu|Lu|O|Sr,4,4,4,3,3,2,3,1,4,3,1
5463,610,Ca|Cu|O|S|Sr|Y,4,1,0,2,2,3,0,0,0,2,2
5464,625,Ba|Ca|Cu|O|S|Sr|Y,1,3,2,2,4,3,0,4,3,1,3
5465,625,Ba|Ca|Cu|O|S|Sr|Y,1,3,2,2,4,3,1,3,0,1,3
5466,625,Ba|Ca|Cu|O|S|Sr|Y,1,3,2,2,4,3,0,2,2,3,1
5467,626,Cu|O|S|Sr|Y,0,3,4,3,1,2,2,1,4,2,2
5468,570,Ba|Cu|O|S|Sr|Y,3,0,3,2,3,1,2,2,4,1,2
5469,627,C|Ca|Cu|O|Sr,0,4,0,0,2,4,0,0,0,2,4
5470,628,Ca|Cu|O|P|Sr|Y,3,0,2,3,0,4,1,2,4,1,1
5471,629,Ba|Cu|O|P|Sr|Y,3,2,3,0,2,3,4,3,1,4,1
5472,630,Ba|Ca|Cu|O|P|Sr|Y,2,3,0,4,0,1,0,3,3,1,1
5473,307,Ba|Ca|Cu|Hg|O,2,4,3,2,4,3,1,0,4,0,3
5474,307,Ba|Ca|Cu|Hg|O,2,4,3,2,4,3,2,0,2,1,1
5475,307,Ba|Ca|Cu|Hg|O,2,4,3,2,4,3,1,3,3,1,1
5476,307,Ba|Ca|Cu|Hg|O,2,4,3,2,4,3,1,0,2,0,2
5477,307,Ba|Ca|Cu|Hg|O,2,4,3,2,4,3,4,2,1,3,2
5478,306,Ba|Cu|Hg|O,4,0,0,2,4,0,4,3,4,3,3
5479,306,Ba|Cu|Hg|O,4,0,0,2,4,0,4,4,2,4,0
5480,306,Ba|Cu|Hg|O,4,0,0,2,4,0,2,0,4,4,3
5481,306,Ba|Cu|Hg|O,4,0,0,2,4,0,1,1,1,3,3
5482,306,Ba|Cu|Hg|O,4,0,0,2,4,0,2,3,1,2,1
5483,306,Ba|Cu|Hg|O,4,0,0,2,4,0,3,1,0,2,3
5484,306,Ba|Cu|Hg|O,4,0,0,2,4,0,4,2,0,4,3
5485,306,Ba|Cu|Hg|O,4,0,0,2,4,0,0,2,3,1,0
5486,101,Bi|Ca|Cu|K|O|Sr,4,2,2,0,2,1,2,2,2,3,3
5487,631,Ba|Ca|Cu|Hg|O|Re,2,3,2,0,1,2,0,3,4,4,1
5488,631,Ba|Ca|Cu|Hg|O|Re,2,3,2,0,1,2,1,0,4,2,1
5489,632,Bi|Ca|Cu|Hg|O|Sr,3,3,1,2,0,1,2,1,3,2,1
5490,632,Bi|Ca|Cu|Hg|O|Sr,3,3,1,2,0,1,1,1,2,3,1
5491,632,Bi|Ca|Cu|Hg|O|Sr,3,3,1,2,0,1,2,2,3,2,3
5492,632,Bi|Ca|Cu|Hg|O|Sr,3,3,1,2,0,1,1,0,0,3,4
5493,633,Ca|Cu|Ga|O|Sr|Yb,0,2,4,2,2,3,3,1,1,1,1
5494,633,Ca|Cu|Ga|O|Sr|Yb,0,2,4,2,2,3,0,3,3,1,3
5495,0,Ba|Cu|La|O,2,4,2,3,0,4,0,3,3,4,0
5496,568,Ba|Cu|Fe|La|O,0,1,3,1,1,2,2,0,0,2,0
5497,568,Ba|Cu|Fe|La|O,0,1,3,1,1,2,2,4,3,2,2
5498,8,Ba|Cu|O|Y,0,1,2,1,3,1,3,1,2,1,3
5499,31,Ba|Cu|Fe|O|Y,3,2,3,4,1,0,1,0,1,2,1
5500,31,Ba|Cu|Fe|O|Y,3,2,3,4,1,0,0,0,2,0,1
5501,31,Ba|Cu|Fe|O|Y,3,2,3,4,1,0,0,3,1,1,3
5502,31,Ba|Cu|Fe|O|Y,3,2,3,4,1,0,1,3,3,3,4
5503,8,Ba|Cu|O|Y,0,1,2,1,3,1,0,1,2,0,0
5504,46,Ba|Cu|F|O|Y,2,4,3,3,2,3,3,1,2,0,0
5505,46,Ba|Cu|F|O|Y,2,4,3,3,2,3,2,3,2,0,0
5506,46,Ba|Cu|F|O|Y,2,4,3,3,2,3,2,0,0,1,0
5507,288,Ba|Ca|Cu|La|Nd|O,4,3,1,1,2,2,0,1,4,3,2
5508,289,Ba|Ca|Cu|Nd|O,3,0,0,3,1,0,1,0,1,3,1
5509,286,Ba|Ca|Cu|La|O|Sm,4,1,3,1,3,0,2,0,0,2,0
5510,286,Ba|Ca|Cu|La|O|Sm,4,1,3,1,3,0,2,0,3,0,1
5511,286,Ba|Ca|Cu|La|O|Sm,4,1,3,1,3,0,1,1,4,0,1
5512,501,Ba|Ca|Cu|La|O|Pr,3,0,1,1,4,1,3,3,3,2,4
5513,501,Ba|Ca|Cu|La|O|Pr,3,0,1,1,4,1,2,3,3,1,0
5514,501,Ba|Ca|Cu|La|O|Pr,3,0,1,1,4,1,0,1,3,4,2
5515,5,Ca|Cu|La|O,0,2,3,4,0,3,4,2,3,2,4
5516,592,Ba|Ca|Cu|Dy|La|O,3,3,0,0,1,0,3,4,2,0,3
5517,592,Ba|Ca|Cu|Dy|La|O,3,3,0,0,1,0,4,4,4,2,1
5518,592,Ba|Ca|Cu|Dy|La|O,3,3,0,0,1,0,1,1,2,1,3
5519,102,Ba|Cu|O|Pr|Y,4,2,0,0,3,0,2,0,4,3,2
5520,102,Ba|Cu|O|Pr|Y,4,2,0,0,3,0,4,2,2,4,4
5521,102,Ba|Cu|O|Pr|Y,4,2,0,0,3,0,0,3,3,0,2
5522,102,Ba|Cu|O|Pr|Y,4,2,0,0,3,0,4,3,3,0,2
5523,102,Ba|Cu|O|Pr|Y,4,2,0,0,3,0,1,3,1,0,3
5524,102,Ba|Cu|O|Pr|Y,4,2,0,0,3,0,1,3,1,1,4
5525,8,Ba|Cu|O|Y,0,1,2,1,3,1,3,1,4,4,3
5526,102,Ba|Cu|O|Pr|Y,4,2,0,0,3,0,2,2,4,3,3
5527,102,Ba|Cu|O|Pr|Y,4,2,0,0,3,0,0,2,2,3,0
5528,102,Ba|Cu|O|Pr|Y,4,2,0,0,3,0,1,1,2,1,2
5529,102,Ba|Cu|O|Pr|Y,4,2,0,0,3,0,3,1,3,3,0
5530,102,Ba|Cu|O|Pr|Y,4,2,0,0,3,0,2,4,4,3,2
5531,102,Ba|Cu|O|Pr|Y,4,2,0,0,3,0,4,0,4,4,3
5532,102,Ba|Cu|O|Pr|Y,4,2,0,0,3,0,0,4,1,2,0
5533,8,Ba|Cu|O|Y,0,1,2,1,3,1,2,1,2,0,0
5534,39,Ba|Cu|H|O|Y,3,0,2,2,3,2,4,1,2,1,4
5535,39,Ba|Cu|H|O|Y,3,0,2,2,3,2,4,4,4,2,1
5536,8,Ba|Cu|O|Y,0,1,2,1,3,1,0,4,0,2,2
5537,39,Ba|Cu|H|O|Y,3,0,2,2,3,2,2,2,1,2,4
5538,39,Ba|Cu|H|O|Y,3,0,2,2,3,2,0,4,3,0,4
5539,47,Ba|Ca|Cu|O|Tl,3,2,1,1,4,1,1,0,1,2,0
5540,47,Ba|Ca|Cu|O|Tl,3,2,1,1,4,1,1,3,2,3,0
5541,47,Ba|Ca|Cu|O|Tl,3,2,1,1,4,1,0,4,1,2,4
5542,634,Ce|Cu|O|Sr|Ti|Y,2,0,2,3,2,2,3,1,4,3,2
5543,635,Ce|Cu|O|Sr|V|Y,1,0,1,4,2,4,0,1,3,3,0
5544,636,Ce|Cr|Cu|O|Sr|Y,0,1,1,4,0,3,3,0,3,2,0
5545,637,Ce|Co|Cu|O|Sr|Y,4,4,4,2,1,0,3,4,4,1,4
5546,638,Ce|Cu|Ga|O|Sr|Y,3,0,1,4,3,4,3,3,3,0,2
5547,639,Ce|Cu|Ge|O|Sr|Y,2,4,2,0,3,1,2,3,1,1,1
5548,346,Ce|Cu|O|Sr|Y,1,1,0,2,0,4,1,4,2,4,4
5549,640,Ce|Cu|O|Sr|W|Y,1,4,2,3,0,1,4,1,4,2,2
5550,641,Ce|Cu|O|Re|Sr|Y,3,0,3,3,4,2,4,1,3,2,0
5551,642,Ce|Cu|Mo|O|Sr|Y,3,2,2,1,2,3,0,0,1,1,3
5552,641,Ce|Cu|O|Re|Sr|Y,3,0,3,3,4,2,2,2,3,2,1
5553,643,Bi|Ce|Cu|Eu|O|Pb|Sr,3,0,2,0,4,4,3,3,1,4,4
5554,643,Bi|Ce|Cu|Eu|O|Pb|Sr,3,0,2,0,4,4,0,4,1,4,0
5555,643,Bi|Ce|Cu|Eu|O|Pb|Sr,3,0,2,0,4,4,2,1,0,2,4
5556,643,Bi|Ce|Cu|Eu|O|Pb|Sr,3,0,2,0,4,4,3,1,0,2,0
5557,643,Bi|Ce|Cu|Eu|O|Pb|Sr,3,0,2,0,4,4,0,4,1,2,0
5558,643,Bi|Ce|Cu|Eu|O|Pb|Sr,3,0,2,0,4,4,2,0,4,2,3
5559,643,Bi|Ce|Cu|Eu|O|Pb|Sr,3,0,2,0,4,4,1,2,3,4,3
5560,643,Bi|Ce|Cu|Eu|O|Pb|Sr,3,0,2,0,4,4,1,4,1,0,3
5561,644,Ca|Cr|Cu|O|Sr,3,2,0,2,3,2,2,3,4,4,0
5562,644,Ca|Cr|Cu|O|Sr,3,2,0,2,3,2,4,2,3,0,2
5563,644,Ca|Cr|Cu|O|Sr,3,2,0,2,3,2,2,3,4,1,4
5564,644,Ca|Cr|Cu|O|Sr,3,2,0,2,3,2,1,4,2,0,1
5565,644,Ca|Cr|Cu|O|Sr,3,2,0,2,3,2,2,4,2,0,1
5566,644,Ca|Cr|Cu|O|Sr,3,2,0,2,3,2,2,4,4,0,4
5567,237,Ba|Cu|La|O|Sr,0,4,3,1,3,0,1,0,1,1,3
5568,334,Ba|Cu|Nd|O|Sr,3,4,4,0,0,3,1,0,2,4,0
5569,335,Ba|Cu|O|Sm|Sr,3,2,1,1,1,2,2,0,2,0,3
5570,336,Ba|Cu|Eu|O|Sr,3,3,2,0,3,2,2,1,0,0,0
5571,51,Ba|Cu|Gd|O|Sr,3,3,2,4,3,3,2,2,1,3,4
5572,275,Ba|Cu|Dy|O|Sr,2,4,1,1,4,1,4,4,2,3,2
5573,330,Ba|Cu|Ho|O|Sr,1,0,0,3,0,0,2,3,3,1,4
5574,66,Ba|Cu|O|Sr|Y,2,2,3,2,4,1,2,4,0,1,2
5575,645,Ba|C|Cu|N|O|Sr|Tl,2,3,1,1,4,2,3,2,2,4,4
5576,645,Ba|C|Cu|N|O|Sr|Tl,2,3,1,1,4,2,2,1,3,0,3
5577,646,C|Cu|N|O|Pb|Sr|Tl,1,2,3,1,1,3,1,3,2,1,1
5578,646,C|Cu|N|O|Pb|Sr|Tl,1,2,3,1,1,3,2,4,1,2,2
5579,646,C|Cu|N|O|Pb|Sr|Tl,1,2,3,1,1,3,2,4,4,3,3
5580,482,Ba|Bi|Ca|Cu|O|Sr|Tl,1,0,3,3,1,3,4,4,2,1,2
5581,463,Cr|Cu|Hg|O|Sr,0,0,3,0,1,2,3,2,0,1,4
5582,306,Ba|Cu|Hg|O,4,0,0,2,4,0,2,4,0,3,2
5583,101,Bi|Ca|Cu|K|O|Sr,4,2,2,0,2,1,1,2,0,4,3
5584,101,Bi|Ca|Cu|K|O|Sr,4,2,2,0,2,1,0,4,3,3,2
5585,101,Bi|Ca|Cu|K|O|Sr,4,2,2,0,2,1,2,2,4,3,0
5586,49,Bi|Ca|Cu|O|Sr,2,0,2,4,3,0,2,4,3,0,2
5587,306,Ba|Cu|Hg|O,4,0,0,2,4,0,0,4,4,1,0
5588,306,Ba|Cu|Hg|O,4,0,0,2,4,0,1,3,0,3,4
5589,306,Ba|Cu|Hg|O,4,0,0,2,4,0,1,2,1,0,2
5590,306,Ba|Cu|Hg|O,4,0,0,2,4,0,1,2,2,1,1
5591,306,Ba|Cu|Hg|O,4,0,0,2,4,0,3,3,2,3,4
5592,306,Ba|Cu|Hg|O,4,0,0,2,4,0,2,1,2,1,2
5593,306,Ba|Cu|Hg|O,4,0,0,2,4,0,4,0,2,3,0
5594,306,Ba|Cu|Hg|O,4,0,0,2,4,0,0,1,4,4,4
5595,306,Ba|Cu|Hg|O,4,0,0,2,4,0,1,0,3,1,1
5596,306,Ba|Cu|Hg|O,4,0,0,2,4,0,4,3,3,2,1
5597,71,Bi|Ca|Cu|O|Pb|Sr,2,0,4,1,4,1,4,3,0,0,1
5598,71,Bi|Ca|Cu|O|Pb|Sr,2,0,4,1,4,1,2,4,4,4,3
5599,71,Bi|Ca|Cu|O|Pb|Sr,2,0,4,1,4,1,3,1,4,0,3
5600,71,Bi|Ca|Cu|O|Pb|Sr,2,0,4,1,4,1,2,3,2,1,1
5601,45,Ba|Cu|Li|O|Y,1,0,0,2,3,1,0,0,0,2,0
5602,45,Ba|Cu|Li|O|Y,1,0,0,2,3,1,1,4,0,1,1
5603,45,Ba|Cu|Li|O|Y,1,0,0,2,3,1,1,1,4,4,4
5604,45,Ba|Cu|Li|O|Y,1,0,0,2,3,1,4,0,3,4,4
5605,45,Ba|Cu|Li|O|Y,1,0,0,2,3,1,0,4,2,4,1
5606,45,Ba|Cu|Li|O|Y,1,0,0,2,3,1,2,0,0,0,3
5607,45,Ba|Cu|Li|O|Y,1,0,0,2,3,1,1,0,0,2,3
5608,45,Ba|Cu|Li|O|Y,1,0,0,2,3,1,1,3,2,0,0
5609,71,Bi|Ca|Cu|O|Pb|Sr,2,0,4,1,4,1,1,2,1,0,0
5610,71,Bi|Ca|Cu|O|Pb|Sr,2,0,4,1,4,1,2,4,3,3,1
5611,71,Bi|Ca|Cu|O|Pb|Sr,2,0,4,1,4,1,3,1,4,1,3
5612,71,Bi|Ca|Cu|O|Pb|Sr,2,0,4,1,4,1,4,4,2,4,0
5613,71,Bi|Ca|Cu|O|Pb|Sr,2,0,4,1,4,1,1,3,0,4,1
5614,71,Bi|Ca|Cu|O|Pb|Sr,2,0,4,1,4,1,2,1,3,2,1
5615,71,Bi|Ca|Cu|O|Pb|Sr,2,0,4,1,4,1,3,1,0,0,4
5616,71,Bi|Ca|Cu|O|Pb|Sr,2,0,4,1,4,1,1,0,1,3,4
5617,71,Bi|Ca|Cu|O|Pb|Sr,2,0,4,1,4,1,0,0,2,2,4
5618,71,Bi|Ca|Cu|O|Pb|Sr,2,0,4,1,4,1,4,0,0,2,3
5619,71,Bi|Ca|Cu|O|Pb|Sr,2,0,4,1,4,1,1,1,0,3,4
5620,71,Bi|Ca|Cu|O|Pb|Sr,2,0,4,1,4,1,1,3,0,4,3
5621,71,Bi|Ca|Cu|O|Pb|Sr,2,0,4,1,4,1,0,4,2,2,0
5622,68,Ba|Bi|K|O,0,1,2,0,3,0,2,2,2,0,1
5623,68,Ba|Bi|K|O,0,1,2,0,3,0,0,1,2,2,4
5624,68,Ba|Bi|K|O,0,1,2,0,3,0,0,4,3,0,3
5625,68,Ba|Bi|K|O,0,1,2,0,3,0,0,2,2,3,1
5626,102,Ba|Cu|O|Pr|Y,4,2,0,0,3,0,3,4,0,1,2
5627,647,Ba|Cd|Cu|O|Pr|Y,1,4,3,1,4,4,4,4,0,2,3
5628,647,Ba|Cd|Cu|O|Pr|Y,1,4,3,1,4,4,2,2,0,1,4
5629,648,Ba|Ca|Cd|Cu|O|Pr|Y,3,0,4,1,3,2,2,4,4,2,2
5630,648,Ba|Ca|Cd|Cu|O|Pr|Y,3,0,4,1,3,2,4,3,4,2,1
5631,142,Ba|Ca|Cu|O|Pr|Y,4,2,3,0,3,4,3,0,3,3,3
5632,8,Ba|Cu|O|Y,0,1,2,1,3,1,1,0,2,4,0
5633,4,Ba|Ca|Cu|O|Y,3,0,0,0,2,3,2,1,4,0,0
5634,4,Ba|Ca|Cu|O|Y,3,0,0,0,2,3,1,4,3,2,4
5635,4,Ba|Ca|Cu|O|Y,3,0,0,0,2,3,3,1,4,1,2
5636,4,Ba|Ca|Cu|O|Y,3,0,0,0,2,3,2,2,3,3,4
5637,4,Ba|Ca|Cu|O|Y,3,0,0,0,2,3,4,0,3,4,3
5638,4,Ba|Ca|Cu|O|Y,3,0,0,0,2,3,4,2,1,0,0
5639,8,Ba|Cu|O|Y,0,1,2,1,3,1,1,4,2,1,0
5640,4,Ba|Ca|Cu|O|Y,3,0,0,0,2,3,0,2,0,2,2
5641,4,Ba|Ca|Cu|O|Y,3,0,0,0,2,3,0,2,1,3,0
5642,4,Ba|Ca|Cu|O|Y,3,0,0,0,2,3,1,1,1,1,4
5643,4,Ba|Ca|Cu|O|Y,3,0,0,0,2,3,3,1,0,1,2
5644,4,Ba|Ca|Cu|O|Y,3,0,0,0,2,3,2,2,4,1,0
5645,4,Ba|Ca|Cu|O|Y,3,0,0,0,2,3,4,1,1,4,3
5646,68,Ba|Bi|K|O,0,1,2,0,3,0,3,2,0,4,1
5647,68,Ba|Bi|K|O,0,1,2,0,3,0,2,0,2,4,0
5648,627,C|Ca|Cu|O|Sr,0,4,0,0,2,4,0,1,2,0,2
5649,627,C|Ca|Cu|O|Sr,0,4,0,0,2,4,4,2,3,1,3
5650,649,C|Ca|Cu|N|O|Sr,3,3,3,0,0,0,3,2,4,3,0
5651,649,C|Ca|Cu|N|O|Sr,3,3,3,0,0,0,0,4,0,3,1
5652,649,C|Ca|Cu|N|O|Sr,3,3,3,0,0,0,3,2,4,0,0
5653,649,C|Ca|Cu|N|O|Sr,3,3,3,0,0,0,1,2,1,0,3
5654,307,Ba|Ca|Cu|Hg|O,2,4,3,2,4,3,1,4,2,1,1
5655,307,Ba|Ca|Cu|Hg|O,2,4,3,2,4,3,0,1,3,4,1
5656,650,B|Ba|C|Ca|Cu|O|Sr,4,4,0,4,3,0,2,2,1,4,4
5657,650,B|Ba|C|Ca|Cu|O|Sr,4,4,0,4,3,0,2,1,3,3,3
5658,49,Bi|Ca|Cu|O|Sr,2,0,2,4,3,0,2,1,0,2,4
5659,249,Bi|Ca|Cu|O|Pr|Sr,4,2,4,2,2,3,1,1,0,3,4
5660,249,Bi|Ca|Cu|O|Pr|Sr,4,2,4,2,2,3,3,3,1,1,4
5661,249,Bi|Ca|Cu|O|Pr|Sr,4,2,4,2,2,3,4,1,0,3,0
5662,249,Bi|Ca|Cu|O|Pr|Sr,4,2,4,2,2,3,0,4,4,3,0
5663,68,Ba|Bi|K|O,0,1,2,0,3,0,3,2,2,3,1
5664,68,Ba|Bi|K|O,0,1,2,0,3,0,1,2,0,1,2
5665,68,Ba|Bi|K|O,0,1,2,0,3,0,4,2,0,0,4
5666,68,Ba|Bi|K|O,0,1,2,0,3,0,4,4,3,2,4
5667,68,Ba|Bi|K|O,0,1,2,0,3,0,2,4,0,3,2
5668,68,Ba|Bi|K|O,0,1,2,0,3,0,0,4,4,1,2
5669,68,Ba|Bi|K|O,0,1,2,0,3,0,3,0,1,1,4
5670,68,Ba|Bi|K|O,0,1,2,0,3,0,1,0,4,4,3
5671,68,Ba|Bi|K|O,0,1,2,0,3,0,4,1,1,0,4
5672,68,Ba|Bi|K|O,0,1,2,0,3,0,4,4,0,3,3
5673,336,Ba|Cu|Eu|O|Sr,3,3,2,0,3,2,4,2,1,0,0
5674,651,Ba|Ca|Cu|Eu|O|Sr,3,2,4,2,4,2,4,0,1,3,2
5675,651,Ba|Ca|Cu|Eu|O|Sr,3,2,4,2,4,2,3,3,4,1,1
5676,651,Ba|Ca|Cu|Eu|O|Sr,3,2,4,2,4,2,3,2,2,1,0
5677,13,Ba|Cu|Gd|O,2,1,0,3,4,0,1,3,1,0,4
5678,51,Ba|Cu|Gd|O|Sr,3,3,2,4,3,3,4,2,4,2,1
5679,51,Ba|Cu|Gd|O|Sr,3,3,2,4,3,3,0,0,3,4,0
5680,15,Ba|Cu|Ho|O,0,0,4,0,3,2,3,1,4,0,0
5681,330,Ba|Cu|Ho|O|Sr,1,0,0,3,0,0,2,4,3,2,2
5682,330,Ba|Cu|Ho|O|Sr,1,0,0,3,0,0,0,0,4,3,4
5683,43,Ba|Co|Cu|O|Y,1,2,3,2,1,3,4,3,0,0,1
5684,8,Ba|Cu|O|Y,0,1,2,1,3,1,1,3,0,3,4
5685,645,Ba|C|Cu|N|O|Sr|Tl,2,3,1,1,4,2,1,4,0,2,4
5686,645,Ba|C|Cu|N|O|Sr|Tl,2,3,1,1,4,2,3,1,2,3,2
5687,645,Ba|C|Cu|N|O|Sr|Tl,2,3,1,1,4,2,1,2,0,0,4
5688,645,Ba|C|Cu|N|O|Sr|Tl,2,3,1,1,4,2,3,4,1,3,1
5689,646,C|Cu|N|O|Pb|Sr|Tl,1,2,3,1,1,3,0,3,1,3,3
5690,646,C|Cu|N|O|Pb|Sr|Tl,1,2,3,1,1,3,3,0,1,0,1
5691,646,C|Cu|N|O|Pb|Sr|Tl,1,2,3,1,1,3,0,2,3,3,2
5692,646,C|Cu|N|O|Pb|Sr|Tl,1,2,3,1,1,3,3,0,4,2,4
5693,646,C|Cu|N|O|Pb|Sr|Tl,1,2,3,1,1,3,0,2,1,3,3
5694,646,C|Cu|N|O|Pb|Sr|Tl,1,2,3,1,1,3,3,0,1,4,2
5695,652,Ca|Cl|Cu|O|Sr,1,1,4,1,1,1,2,2,3,3,3
5696,315,Au|Ba|Cu|O|Y,2,2,3,0,3,0,4,1,1,4,1
5697,62,Ba|Ca|Cu|La|O,1,3,2,0,1,3,1,1,3,4,1
5698,370,Ca|Cu|O|Sr,3,3,1,1,0,0,3,2,1,0,4
5699,370,Ca|Cu|O|Sr,3,3,1,1,0,0,2,1,4,2,4
5700,370,Ca|Cu|O|Sr,3,3,1,1,0,0,3,0,0,4,1
5701,216,Cu|Nd|O|Sr,4,4,1,1,0,1,0,1,3,1,4
5702,653,Cu|Gd|O|Sr,4,1,1,2,3,4,1,1,2,4,3
5703,371,Cu|O|Sm|Sr,1,3,3,0,0,4,4,4,1,4,1
5704,524,Ca|Cu|F|O|Sr,2,3,4,2,4,1,1,3,2,1,0
5705,524,Ca|Cu|F|O|Sr,2,3,4,2,4,1,3,1,3,3,0
5706,370,Ca|Cu|O|Sr,3,3,1,1,0,0,2,4,0,0,2
5707,370,Ca|Cu|O|Sr,3,3,1,1,0,0,2,1,4,3,1
5708,370,Ca|Cu|O|Sr,3,3,1,1,0,0,1,4,2,2,3
5709,647,Ba|Cd|Cu|O|Pr|Y,1,4,3,1,4,4,4,0,2,3,2
5710,68,Ba|Bi|K|O,0,1,2,0,3,0,0,2,2,3,4
5711,68,Ba|Bi|K|O,0,1,2,0,3,0,3,1,0,1,2
5712,475,Ba|Co|Cu|La|O,4,2,4,0,2,4,2,3,1,4,3
5713,475,Ba|Co|Cu|La|O,4,2,4,0,2,4,3,4,4,0,1
5714,475,Ba|Co|Cu|La|O,4,2,4,0,2,4,2,1,0,1,1
5715,249,Bi|Ca|Cu|O|Pr|Sr,4,2,4,2,2,3,0,3,2,1,0
5716,249,Bi|Ca|Cu|O|Pr|Sr,4,2,4,2,2,3,2,4,0,3,0
5717,249,Bi|Ca|Cu|O|Pr|Sr,4,2,4,2,2,3,2,0,3,1,1
5718,370,Ca|Cu|O|Sr,3,3,1,1,0,0,4,4,2,2,0
5719,49,Bi|Ca|Cu|O|Sr,2,0,2,4,3,0,4,1,0,1,0
5720,49,Bi|Ca|Cu|O|Sr,2,0,2,4,3,0,2,3,2,3,1
5721,49,Bi|Ca|Cu|O|Sr,2,0,2,4,3,0,1,0,3,2,2
5722,49,Bi|Ca|Cu|O|Sr,2,0,2,4,3,0,3,0,0,1,3
5723,49,Bi|Ca|Cu|O|Sr,2,0,2,4,3,0,4,0,0,0,1
5724,49,Bi|Ca|Cu|O|Sr,2,0,2,4,3,0,3,4,1,4,2
5725,49,Bi|Ca|Cu|O|Sr,2,0,2,4,3,0,0,3,0,2,4
5726,8,Ba|Cu|O|Y,0,1,2,1,3,1,1,1,0,0,1
5727,8,Ba|Cu|O|Y,0,1,2,1,3,1,1,3,3,2,2
5728,8,Ba|Cu|O|Y,0,1,2,1,3,1,1,0,0,3,0
5729,8,Ba|Cu|O|Y,0,1,2,1,3,1,3,0,3,3,1
5730,8,Ba|Cu|O|Y,0,1,2,1,3,1,4,2,4,4,4
5731,8,Ba|Cu|O|Y,0,1,2,1,3,1,2,2,0,2,3
5732,8,Ba|Cu|O|Y,0,1,2,1,3,1,3,3,3,2,1
5733,654,Ba|Ca|Cu|O|Pr,3,0,1,3,0,1,4,3,0,2,3
5734,654,Ba|Ca|Cu|O|Pr,3,0,1,3,0,1,4,1,3,3,2
5735,654,Ba|Ca|Cu|O|Pr,3,0,1,3,0,1,4,3,4,1,3
5736,654,Ba|Ca|Cu|O|Pr,3,0,1,3,0,1,3,1,2,4,2
5737,654,Ba|Ca|Cu|O|Pr,3,0,1,3,0,1,4,4,3,3,2
5738,655,Ca|Cu|La|O|Y,3,1,1,0,4,3,0,3,1,0,0
5739,71,Bi|Ca|Cu|O|Pb|Sr,2,0,4,1,4,1,0,0,1,2,4
5740,224,Bi|Ca|Cu|O|Pb|Sr|V,2,0,0,4,2,0,0,4,2,2,1
5741,224,Bi|Ca|Cu|O|Pb|Sr|V,2,0,0,4,2,0,0,4,0,2,3
5742,224,Bi|Ca|Cu|O|Pb|Sr|V,2,0,0,4,2,0,3,0,0,3,4
5743,656,Ca|Cu|La|Nd|O,4,3,4,3,2,1,3,1,3,4,0
5744,288,Ba|Ca|Cu|La|Nd|O,4,3,1,1,2,2,1,1,4,1,3
5745,288,Ba|Ca|Cu|La|Nd|O,4,3,1,1,2,2,1,3,0,4,0
5746,288,Ba|Ca|Cu|La|Nd|O,4,3,1,1,2,2,2,3,3,4,4
5747,2,Cu|La|O|Sr,1,2,3,2,2,0,1,0,4,2,1
5748,657,Ba|Ca|Cu|La|O|Sr,0,2,4,4,4,2,3,1,0,1,1
5749,657,Ba|Ca|Cu|La|O|Sr,0,2,4,4,4,2,0,2,1,3,2
5750,657,Ba|Ca|Cu|La|O|Sr,0,2,4,4,4,2,1,2,3,0,3
5751,657,Ba|Ca|Cu|La|O|Sr,0,2,4,4,4,2,4,2,4,1,4
5752,657,Ba|Ca|Cu|La|O|Sr,0,2,4,4,4,2,4,0,4,3,4
5753,62,Ba|Ca|Cu|La|O,1,3,2,0,1,3,0,2,2,1,1
5754,288,Ba|Ca|Cu|La|Nd|O,4,3,1,1,2,2,0,0,4,3,3
5755,288,Ba|Ca|Cu|La|Nd|O,4,3,1,1,2,2,2,1,3,1,3
5756,288,Ba|Ca|Cu|La|Nd|O,4,3,1,1,2,2,3,3,1,0,4
5757,237,Ba|Cu|La|O|Sr,0,4,3,1,3,0,3,0,4,2,1
5758,658,Ba|Cu|La|Nd|O|Sr,2,2,4,1,1,1,3,3,0,2,0
5759,658,Ba|Cu|La|Nd|O|Sr,2,2,4,1,1,1,0,4,4,4,0
5760,658,Ba|Cu|La|Nd|O|Sr,2,2,4,1,1,1,1,0,0,2,1
5761,659,Ba|Cu|La|Nd|O,0,4,3,0,4,1,2,0,1,0,3
5762,660,Al|Ca|Cu|Ho|O|Sr,1,3,1,1,0,2,0,4,4,3,0
5763,660,Al|Ca|Cu|Ho|O|Sr,1,3,1,1,0,2,4,3,1,2,4
5764,448,B|Ca|Cu|O|Sr,3,3,2,2,1,0,3,2,4,1,0
5765,306,Ba|Cu|Hg|O,4,0,0,2,4,0,1,2,2,4,1
5766,8,Ba|Cu|O|Y,0,1,2,1,3,1,0,1,0,0,2
5767,577,Ca|Cu|O|Pb|Sr|V|Y,4,4,0,3,0,2,3,2,1,3,1
5768,661,O|Ru|Sr,2,0,2,3,0,2,3,1,1,0,0
5769,661,O|Ru|Sr,2,0,2,3,0,2,2,1,2,0,3
5770,68,Ba|Bi|K|O,0,1,2,0,3,0,1,4,1,2,3
5771,49,Bi|Ca|Cu|O|Sr,2,0,2,4,3,0,2,0,4,0,0
5772,125,Ba|Cu|O|Tl,0,1,2,3,4,1,2,1,4,1,0
5773,216,Cu|Nd|O|Sr,4,4,1,1,0,1,0,1,1,4,2
5774,216,Cu|Nd|O|Sr,4,4,1,1,0,1,4,0,1,4,3
5775,216,Cu|Nd|O|Sr,4,4,1,1,0,1,0,2,0,2,3
5776,216,Cu|Nd|O|Sr,4,4,1,1,0,1,3,2,1,0,1
5777,68,Ba|Bi|K|O,0,1,2,0,3,0,0,4,1,3,0
5778,68,Ba|Bi|K|O,0,1,2,0,3,0,0,4,0,2,0
5779,351,Ba|Ca|Cu|O,4,0,0,3,3,4,4,3,4,3,0
5780,351,Ba|Ca|Cu|O,4,0,0,3,3,4,3,2,3,2,1
5781,351,Ba|Ca|Cu|O,4,0,0,3,3,4,3,1,0,1,2
5782,351,Ba|Ca|Cu|O,4,0,0,3,3,4,0,2,1,2,4
5783,351,Ba|Ca|Cu|O,4,0,0,3,3,4,3,3,1,4,4
5784,351,Ba|Ca|Cu|O,4,0,0,3,3,4,3,4,0,4,0
5785,631,Ba|Ca|Cu|Hg|O|Re,2,3,2,0,1,2,4,4,4,0,2
5786,631,Ba|Ca|Cu|Hg|O|Re,2,3,2,0,1,2,3,4,3,3,3
5787,631,Ba|Ca|Cu|Hg|O|Re,2,3,2,0,1,2,1,3,0,0,0
5788,307,Ba|Ca|Cu|Hg|O,2,4,3,2,4,3,0,4,4,0,3
5789,307,Ba|Ca|Cu|Hg|O,2,4,3,2,4,3,4,0,1,0,3
5790,631,Ba|Ca|Cu|Hg|O|Re,2,3,2,0,1,2,3,0,3,2,0
5791,299,Cr|Cu|O|Sr|Tl,0,1,0,4,4,0,4,2,0,2,3
5792,299,Cr|Cu|O|Sr|Tl,0,1,0,4,4,0,0,0,4,1,2
5793,299,Cr|Cu|O|Sr|Tl,0,1,0,4,4,0,2,0,4,1,1
5794,299,Cr|Cu|O|Sr|Tl,0,1,0,4,4,0,3,1,3,0,2
5795,299,Cr|Cu|O|Sr|Tl,0,1,0,4,4,0,4,3,4,2,0
5796,49,Bi|Ca|Cu|O|Sr,2,0,2,4,3,0,3,3,4,1,1
5797,662,Bi|Ca|Cu|H|O|Sr,2,3,2,2,4,1,0,3,1,4,0
5798,663,Ba|Ca|Cu|O|Pb|Sr|Tl,4,0,3,0,1,0,2,2,4,1,4
5799,4,Ba|Ca|Cu|O|Y,3,0,0,0,2,3,0,3,3,4,2
5800,4,Ba|Ca|Cu|O|Y,3,0,0,0,2,3,3,0,2,3,0
5801,4,Ba|Ca|Cu|O|Y,3,0,0,0,2,3,4,4,3,4,2
5802,4,Ba|Ca|Cu|O|Y,3,0,0,0,2,3,4,3,1,1,3
5803,68,Ba|Bi|K|O,0,1,2,0,3,0,4,2,0,3,3
5804,664,Bi|Cs|O|Pb|Sr,0,4,1,2,2,1,1,0,1,0,0
5805,258,Bi|Ca|Cu|I|O|Sr,3,3,1,0,2,1,0,4,0,1,4
5806,665,Bi|Ca|Cu|Hg|I|O|Sr,0,2,4,1,3,0,1,2,1,0,2
5807,666,Bi|Cu|I|La|O|Sr,3,1,0,3,4,1,2,4,1,3,4
5808,667,Bi|Cu|Hg|I|La|O|Sr,2,1,4,3,2,0,0,3,1,0,1
5809,47,Ba|Ca|Cu|O|Tl,3,2,1,1,4,1,3,1,0,0,2
5810,668,Ba|Ca|Cd|Cu|O|Tl,0,0,4,4,2,2,4,1,1,4,1
5811,668,Ba|Ca|Cd|Cu|O|Tl,0,0,4,4,2,2,3,3,2,3,0
5812,668,Ba|Ca|Cd|Cu|O|Tl,0,0,4,4,2,2,3,2,0,2,0
5813,669,Ce|Cu|Gd|O|Sr|Ti,3,3,2,3,1,1,1,3,3,1,2
5814,11,Ba|Cu|Nd|O,2,2,2,2,1,2,0,2,3,2,0
5815,670,Ba|La|Nd|O,1,0,1,4,2,2,0,1,0,2,2
5816,670,Ba|La|Nd|O,1,0,1,4,2,2,0,0,2,3,3
5817,670,Ba|La|Nd|O,1,0,1,4,2,2,3,4,4,1,3
5818,670,Ba|La|Nd|O,1,0,1,4,2,2,0,0,0,1,1
5819,670,Ba|La|Nd|O,1,0,1,4,2,2,4,3,3,0,1
5820,288,Ba|Ca|Cu|La|Nd|O,4,3,1,1,2,2,0,2,4,3,2
5821,288,Ba|Ca|Cu|La|Nd|O,4,3,1,1,2,2,1,2,4,4,3
5822,288,Ba|Ca|Cu|La|Nd|O,4,3,1,1,2,2,1,0,1,3,4
5823,288,Ba|Ca|Cu|La|Nd|O,4,3,1,1,2,2,1,2,2,0,0
5824,288,Ba|Ca|Cu|La|Nd|O,4,3,1,1,2,2,0,0,1,0,1
5825,288,Ba|Ca|Cu|La|Nd|O,4,3,1,1,2,2,2,1,3,2,4
5826,15,Ba|Cu|Ho|O,0,0,4,0,3,2,4,4,4,2,0
5827,182,Ba|Cu|Ho|O|Pr,1,0,1,3,4,0,2,2,4,2,0
5828,182,Ba|Cu|Ho|O|Pr,1,0,1,3,4,0,0,1,2,2,2
5829,182,Ba|Cu|Ho|O|Pr,1,0,1,3,4,0,0,3,3,0,0
5830,182,Ba|Cu|Ho|O|Pr,1,0,1,3,4,0,4,2,3,0,1
5831,182,Ba|Cu|Ho|O|Pr,1,0,1,3,4,0,0,2,1,1,3
5832,182,Ba|Cu|Ho|O|Pr,1,0,1,3,4,0,3,3,2,0,4
5833,182,Ba|Cu|Ho|O|Pr,1,0,1,3,4,0,0,3,2,4,3
5834,182,Ba|Cu|Ho|O|Pr,1,0,1,3,4,0,1,0,0,2,3
5835,182,Ba|Cu|Ho|O|Pr,1,0,1,3,4,0,4,4,0,0,0
5836,182,Ba|Cu|Ho|O|Pr,1,0,1,3,4,0,4,1,2,0,4
5837,182,Ba|Cu|Ho|O|Pr,1,0,1,3,4,0,4,1,1,1,3
5838,182,Ba|Cu|Ho|O|Pr,1,0,1,3,4,0,1,2,4,0,4
5839,182,Ba|Cu|Ho|O|Pr,1,0,1,3,4,0,4,4,3,0,0
5840,4,Ba|Ca|Cu|O|Y,3,0,0,0,2,3,2,2,1,4,1
5841,193,Ba|Ca|Cu|La|O|Y,0,3,3,2,2,3,3,3,0,1,3
5842,193,Ba|Ca|Cu|La|O|Y,0,3,3,2,2,3,2,4,3,0,3
5843,193,Ba|Ca|Cu|La|O|Y,0,3,3,2,2,3,2,4,2,3,2
5844,193,Ba|Ca|Cu|La|O|Y,0,3,3,2,2,3,0,1,1,2,1
5845,193,Ba|Ca|Cu|La|O|Y,0,3,3,2,2,3,2,2,2,4,2
5846,193,Ba|Ca|Cu|La|O|Y,0,3,3,2,2,3,4,0,3,2,1
5847,193,Ba|Ca|Cu|La|O|Y,0,3,3,2,2,3,1,4,2,3,4
5848,193,Ba|Ca|Cu|La|O|Y,0,3,3,2,2,3,2,4,2,2,1
5849,671,Cu|O|Y|Zn,1,4,0,0,1,0,0,3,4,0,1
5850,671,Cu|O|Y|Zn,1,4,0,0,1,0,4,3,0,3,0
5851,671,Cu|O|Y|Zn,1,4,0,0,1,0,4,2,4,3,3
5852,372,Ba|Ca|Cu|Hg|O|Tl,0,3,2,1,4,2,2,2,2,3,3
5853,372,Ba|Ca|Cu|Hg|O|Tl,0,3,2,1,4,2,3,0,4,2,1
5854,372,Ba|Ca|Cu|Hg|O|Tl,0,3,2,1,4,2,0,2,3,4,1
5855,372,Ba|Ca|Cu|Hg|O|Tl,0,3,2,1,4,2,0,2,1,4,3
5856,193,Ba|Ca|Cu|La|O|Y,0,3,3,2,2,3,0,1,2,4,3
5857,193,Ba|Ca|Cu|La|O|Y,0,3,3,2,2,3,2,0,3,4,1
5858,193,Ba|Ca|Cu|La|O|Y,0,3,3,2,2,3,1,2,0,4,3
5859,193,Ba|Ca|Cu|La|O|Y,0,3,3,2,2,3,1,4,1,4,4
5860,632,Bi|Ca|Cu|Hg|O|Sr,3,3,1,2,0,1,4,0,1,1,0
5861,632,Bi|Ca|Cu|Hg|O|Sr,3,3,1,2,0,1,0,4,1,1,3
5862,632,Bi|Ca|Cu|Hg|O|Sr,3,3,1,2,0,1,1,3,4,0,2
5863,632,Bi|Ca|Cu|Hg|O|Sr,3,3,1,2,0,1,1,1,2,0,4
5864,632,Bi|Ca|Cu|Hg|O|Sr,3,3,1,2,0,1,2,3,3,3,4
5865,632,Bi|Ca|Cu|Hg|O|Sr,3,3,1,2,0,1,3,0,2,3,0
5866,289,Ba|Ca|Cu|Nd|O,3,0,0,3,1,0,0,4,2,3,4
5867,526,Ba|Ca|Cu|Nd|O|Pr,0,0,3,1,3,3,3,0,0,2,4
5868,526,Ba|Ca|Cu|Nd|O|Pr,0,0,3,1,3,3,1,2,1,2,2
5869,526,Ba|Ca|Cu|Nd|O|Pr,0,0,3,1,3,3,3,0,3,4,1
5870,8,Ba|Cu|O|Y,0,1,2,1,3,1,3,1,3,1,0
5871,380,Cu|K|La|O,0,0,2,4,3,3,3,0,2,3,0
5872,672,Bi|Ca|Cu|O|Sr|Tb,0,1,2,3,4,1,3,2,3,3,1
5873,672,Bi|Ca|Cu|O|Sr|Tb,0,1,2,3,4,1,1,0,3,0,3
5874,672,Bi|Ca|Cu|O|Sr|Tb,0,1,2,3,4,1,1,3,3,4,0
5875,8,Ba|Cu|O|Y,0,1,2,1,3,1,2,4,4,4,0
5876,57,Ba|Cu|La|O|Y,4,0,3,4,0,1,4,3,2,2,1
5877,57,Ba|Cu|La|O|Y,4,0,3,4,0,1,2,0,0,4,2
5878,57,Ba|Cu|La|O|Y,4,0,3,4,0,1,4,0,3,2,4
5879,57,Ba|Cu|La|O|Y,4,0,3,4,0,1,1,0,1,4,4
5880,57,Ba|Cu|La|O|Y,4,0,3,4,0,1,1,4,3,3,4
5881,57,Ba|Cu|La|O|Y,4,0,3,4,0,1,1,2,1,3,4
5882,57,Ba|Cu|La|O|Y,4,0,3,4,0,1,2,2,3,4,0
5883,57,Ba|Cu|La|O|Y,4,0,3,4,0,1,3,3,1,1,0
5884,351,Ba|Ca|Cu|O,4,0,0,3,3,4,4,3,4,1,2
5885,673,C|Ca|Cu|O,1,4,3,4,4,2,4,4,4,0,1
5886,673,C|Ca|Cu|O,1,4,3,4,4,2,3,0,0,0,0
5887,673,C|Ca|Cu|O,1,4,3,4,4,2,4,2,1,0,1
5888,531,Ca|Cu|Ge|O|Sr|Y,3,0,3,3,4,0,3,4,0,0,2
5889,674,Ca|Cu|Ge|O|Sr,2,1,1,4,3,1,2,1,0,1,2
5890,675,Ca|Cu|O|P|Sr,2,0,0,2,2,0,2,0,3,4,0
5891,628,Ca|Cu|O|P|Sr|Y,3,0,2,3,0,4,0,0,0,4,0
5892,628,Ca|Cu|O|P|Sr|Y,3,0,2,3,0,4,2,2,2,3,2
5893,628,Ca|Cu|O|P|Sr|Y,3,0,2,3,0,4,2,2,2,4,1
5894,628,Ca|Cu|O|P|Sr|Y,3,0,2,3,0,4,2,1,4,0,0
5895,628,Ca|Cu|O|P|Sr|Y,3,0,2,3,0,4,0,0,4,3,2
5896,628,Ca|Cu|O|P|Sr|Y,3,0,2,3,0,4,4,1,0,3,1
5897,628,Ca|Cu|O|P|Sr|Y,3,0,2,3,0,4,0,1,1,4,1
5898,628,Ca|Cu|O|P|Sr|Y,3,0,2,3,0,4,3,1,4,4,2
5899,628,Ca|Cu|O|P|Sr|Y,3,0,2,3,0,4,3,4,1,3,4
5900,628,Ca|Cu|O|P|Sr|Y,3,0,2,3,0,4,1,2,2,3,0
5901,448,B|Ca|Cu|O|Sr,3,3,2,2,1,0,2,0,1,4,3
5902,448,B|Ca|Cu|O|Sr,3,3,2,2,1,0,4,0,2,1,3
5903,448,B|Ca|Cu|O|Sr,3,3,2,2,1,0,1,0,4,0,2
5904,69,Cu|La|O,2,0,3,0,0,0,2,0,0,0,1
5905,69,Cu|La|O,2,0,3,0,0,0,3,2,4,3,4
5906,69,Cu|La|O,2,0,3,0,0,0,2,1,1,1,1
5907,69,Cu|La|O,2,0,3,0,0,0,3,4,2,2,3
5908,69,Cu|La|O,2,0,3,0,0,0,3,4,4,1,2
5909,676,Cu|O|Pb|Sr,2,1,4,4,4,3,0,4,1,0,0
5910,676,Cu|O|Pb|Sr,2,1,4,4,4,3,3,0,2,4,4
5911,8,Ba|Cu|O|Y,0,1,2,1,3,1,0,1,4,2,0
5912,102,Ba|Cu|O|Pr|Y,4,2,0,0,3,0,4,2,3,0,3
5913,102,Ba|Cu|O|Pr|Y,4,2,0,0,3,0,1,1,0,4,3
5914,102,Ba|Cu|O|Pr|Y,4,2,0,0,3,0,1,0,1,2,1
5915,102,Ba|Cu|O|Pr|Y,4,2,0,0,3,0,2,4,2,4,3
5916,102,Ba|Cu|O|Pr|Y,4,2,0,0,3,0,0,0,4,3,1
5917,677,Ba|Cu|O|Tm|Y,0,2,4,0,3,0,3,0,4,2,1
5918,678,Ba|Ca|Cu|Fe|La|O|Y,3,0,0,3,3,3,1,0,0,2,3
5919,678,Ba|Ca|Cu|Fe|La|O|Y,3,0,0,3,3,3,3,0,1,4,1
5920,678,Ba|Ca|Cu|Fe|La|O|Y,3,0,0,3,3,3,0,4,3,4,3
5921,678,Ba|Ca|Cu|Fe|La|O|Y,3,0,0,3,3,3,0,0,3,1,0
5922,678,Ba|Ca|Cu|Fe|La|O|Y,3,0,0,3,3,3,1,4,0,1,1
5923,678,Ba|Ca|Cu|Fe|La|O|Y,3,0,0,3,3,3,2,3,0,2,1
5924,678,Ba|Ca|Cu|Fe|La|O|Y,3,0,0,3,3,3,1,3,1,0,3
5925,605,Ba|Cu|Nd|O|Y,0,4,0,3,1,3,1,3,0,1,4
5926,679,Ba|Ca|Cu|Nd|O|Y,4,3,1,3,2,3,1,3,0,1,2
5927,679,Ba|Ca|Cu|Nd|O|Y,4,3,1,3,2,3,2,4,2,2,2
5928,679,Ba|Ca|Cu|Nd|O|Y,4,3,1,3,2,3,3,3,0,4,2
5929,679,Ba|Ca|Cu|Nd|O|Y,4,3,1,3,2,3,2,3,4,3,2
5930,679,Ba|Ca|Cu|Nd|O|Y,4,3,1,3,2,3,3,0,3,0,0
5931,679,Ba|Ca|Cu|Nd|O|Y,4,3,1,3,2,3,0,0,0,3,2
5932,679,Ba|Ca|Cu|Nd|O|Y,4,3,1,3,2,3,4,3,0,3,3
5933,679,Ba|Ca|Cu|Nd|O|Y,4,3,1,3,2,3,0,1,3,3,4
5934,4,Ba|Ca|Cu|O|Y,3,0,0,0,2,3,1,2,0,0,2
5935,679,Ba|Ca|Cu|Nd|O|Y,4,3,1,3,2,3,3,4,2,2,0
5936,679,Ba|Ca|Cu|Nd|O|Y,4,3,1,3,2,3,4,4,3,2,3
5937,679,Ba|Ca|Cu|Nd|O|Y,4,3,1,3,2,3,3,2,4,1,2
5938,679,Ba|Ca|Cu|Nd|O|Y,4,3,1,3,2,3,1,2,2,3,0
5939,679,Ba|Ca|Cu|Nd|O|Y,4,3,1,3,2,3,1,3,3,2,3
5940,679,Ba|Ca|Cu|Nd|O|Y,4,3,1,3,2,3,4,4,4,2,1
5941,679,Ba|Ca|Cu|Nd|O|Y,4,3,1,3,2,3,0,1,0,4,0
5942,679,Ba|Ca|Cu|Nd|O|Y,4,3,1,3,2,3,1,2,0,2,2
5943,308,Ba|Ca|Co|Cu|O|Y,1,0,3,1,2,0,0,3,1,2,3
5944,308,Ba|Ca|Co|Cu|O|Y,1,0,3,1,2,0,1,1,1,0,4
5945,308,Ba|Ca|Co|Cu|O|Y,1,0,3,1,2,0,4,3,3,0,3
5946,308,Ba|Ca|Co|Cu|O|Y,1,0,3,1,2,0,2,0,1,1,0
5947,308,Ba|Ca|Co|Cu|O|Y,1,0,3,1,2,0,4,1,2,4,4
5948,308,Ba|Ca|Co|Cu|O|Y,1,0,3,1,2,0,0,3,1,1,1
5949,8,Ba|Cu|O|Y,0,1,2,1,3,1,1,4,2,4,4
5950,308,Ba|Ca|Co|Cu|O|Y,1,0,3,1,2,0,3,1,3,0,0
5951,308,Ba|Ca|Co|Cu|O|Y,1,0,3,1,2,0,0,4,3,0,3
5952,308,Ba|Ca|Co|Cu|O|Y,1,0,3,1,2,0,3,1,1,3,0
5953,308,Ba|Ca|Co|Cu|O|Y,1,0,3,1,2,0,1,0,3,3,2
5954,308,Ba|Ca|Co|Cu|O|Y,1,0,3,1,2,0,0,1,4,3,0
5955,308,Ba|Ca|Co|Cu|O|Y,1,0,3,1,2,0,4,2,4,1,0
5956,8,Ba|Cu|O|Y,0,1,2,1,3,1,4,4,4,2,4
5957,308,Ba|Ca|Co|Cu|O|Y,1,0,3,1,2,0,0,4,4,4,3
5958,308,Ba|Ca|Co|Cu|O|Y,1,0,3,1,2,0,4,1,3,1,0
5959,308,Ba|Ca|Co|Cu|O|Y,1,0,3,1,2,0,4,1,2,0,0
5960,308,Ba|Ca|Co|Cu|O|Y,1,0,3,1,2,0,0,2,4,4,1
5961,308,Ba|Ca|Co|Cu|O|Y,1,0,3,1,2,0,0,3,2,3,1
5962,308,Ba|Ca|Co|Cu|O|Y,1,0,3,1,2,0,0,1,3,3,1
5963,118,Ce|Cu|O|Pr,3,0,4,2,3,3,2,4,0,0,2
5964,419,Cu|F|O|Sr,0,4,2,3,4,3,2,3,1,3,0
5965,8,Ba|Cu|O|Y,0,1,2,1,3,1,1,3,2,3,1
5966,663,Ba|Ca|Cu|O|Pb|Sr|Tl,4,0,3,0,1,0,1,3,0,1,0
5967,680,Ba|Ca|Cu|F|O|Pb|Sr|Tl,0,4,1,4,1,4,1,4,1,2,1
5968,680,Ba|Ca|Cu|F|O|Pb|Sr|Tl,0,4,1,4,1,4,2,4,0,2,3
5969,680,Ba|Ca|Cu|F|O|Pb|Sr|Tl,0,4,1,4,1,4,2,2,1,2,2
5970,306,Ba|Cu|Hg|O,4,0,0,2,4,0,2,4,3,4,2
5971,306,Ba|Cu|Hg|O,4,0,0,2,4,0,4,2,4,3,3
5972,306,Ba|Cu|Hg|O,4,0,0,2,4,0,3,1,3,2,0
5973,306,Ba|Cu|Hg|O,4,0,0,2,4,0,2,0,1,3,0
5974,306,Ba|Cu|Hg|O,4,0,0,2,4,0,4,1,1,0,3
5975,306,Ba|Cu|Hg|O,4,0,0,2,4,0,1,0,3,0,1
5976,306,Ba|Cu|Hg|O,4,0,0,2,4,0,2,4,2,0,4
5977,5,Ca|Cu|La|O,0,2,3,4,0,3,3,1,3,4,3
5978,243,Cu|F|Nd|O,1,3,4,2,2,4,1,3,0,4,2
5979,49,Bi|Ca|Cu|O|Sr,2,0,2,4,3,0,0,4,0,0,0
5980,49,Bi|Ca|Cu|O|Sr,2,0,2,4,3,0,3,3,3,0,1
5981,49,Bi|Ca|Cu|O|Sr,2,0,2,4,3,0,0,3,2,2,3
5982,14,Ba|Cu|Dy|O,4,1,4,1,3,3,1,1,0,4,4
5983,29,Cu|La|O|Sm|Sr,4,0,3,4,4,0,2,4,0,1,2
5984,29,Cu|La|O|Sm|Sr,4,0,3,4,4,0,0,3,3,0,2
5985,29,Cu|La|O|Sm|Sr,4,0,3,4,4,0,4,1,0,3,3
5986,29,Cu|La|O|Sm|Sr,4,0,3,4,4,0,2,4,3,0,4
5987,74,Ce|Cu|Nd|O,3,3,3,3,3,1,0,0,1,2,4
5988,74,Ce|Cu|Nd|O,3,3,3,3,3,1,0,1,1,2,4
5989,74,Ce|Cu|Nd|O,3,3,3,3,3,1,1,2,4,2,1
5990,8,Ba|Cu|O|Y,0,1,2,1,3,1,3,1,3,3,0
5991,102,Ba|Cu|O|Pr|Y,4,2,0,0,3,0,1,4,2,1,4
5992,102,Ba|Cu|O|Pr|Y,4,2,0,0,3,0,0,3,0,2,2
5993,102,Ba|Cu|O|Pr|Y,4,2,0,0,3,0,0,3,2,1,1
5994,102,Ba|Cu|O|Pr|Y,4,2,0,0,3,0,4,1,3,4,3
5995,102,Ba|Cu|O|Pr|Y,4,2,0,0,3,0,4,2,4,3,4
5996,102,Ba|Cu|O|Pr|Y,4,2,0,0,3,0,3,2,2,4,0
5997,62,Ba|Ca|Cu|La|O,1,3,2,0,1,3,1,0,4,3,0
5998,62,Ba|Ca|Cu|La|O,1,3,2,0,1,3,2,3,0,3,2
5999,62,Ba|Ca|Cu|La|O,1,3,2,0,1,3,4,4,1,3,2
6000,62,Ba|Ca|Cu|La|O,1,3,2,0,1,3,4,0,4,2,4
6001,62,Ba|Ca|Cu|La|O,1,3,2,0,1,3,4,2,3,3,0
6002,62,Ba|Ca|Cu|La|O,1,3,2,0,1,3,3,1,4,4,3
6003,62,Ba|Ca|Cu|La|O,1,3,2,0,1,3,2,1,3,4,3
6004,62,Ba|Ca|Cu|La|O,1,3,2,0,1,3,4,0,2,2,1
6005,62,Ba|Ca|Cu|La|O,1,3,2,0,1,3,1,1,1,2,3
6006,62,Ba|Ca|Cu|La|O,1,3,2,0,1,3,4,4,4,2,1
6007,62,Ba|Ca|Cu|La|O,1,3,2,0,1,3,4,2,3,2,4
6008,62,Ba|Ca|Cu|La|O,1,3,2,0,1,3,0,2,3,2,4
6009,62,Ba|Ca|Cu|La|O,1,3,2,0,1,3,3,2,2,4,1
6010,62,Ba|Ca|Cu|La|O,1,3,2,0,1,3,3,4,0,4,2
6011,62,Ba|Ca|Cu|La|O,1,3,2,0,1,3,4,0,2,1,2
6012,118,Ce|Cu|O|Pr,3,0,4,2,3,3,2,0,3,4,3
6013,8,Ba|Cu|O|Y,0,1,2,1,3,1,4,2,4,1,4
6014,8,Ba|Cu|O|Y,0,1,2,1,3,1,3,2,1,2,2
6015,8,Ba|Cu|O|Y,0,1,2,1,3,1,4,4,4,4,4
6016,8,Ba|Cu|O|Y,0,1,2,1,3,1,0,1,0,0,4
6017,8,Ba|Cu|O|Y,0,1,2,1,3,1,0,2,0,0,4
6018,8,Ba|Cu|O|Y,0,1,2,1,3,1,2,2,2,0,2
6019,8,Ba|Cu|O|Y,0,1,2,1,3,1,3,4,1,1,1
6020,8,Ba|Cu|O|Y,0,1,2,1,3,1,1,1,1,3,3
6021,8,Ba|Cu|O|Y,0,1,2,1,3,1,4,4,2,4,3
6022,8,Ba|Cu|O|Y,0,1,2,1,3,1,1,3,0,4,0
6023,8,Ba|Cu|O|Y,0,1,2,1,3,1,1,0,1,4,3
6024,681,Ca|Cu|Er|O|Pb|Sr|V,1,3,1,0,4,0,2,2,2,0,1
6025,681,Ca|Cu|Er|O|Pb|Sr|V,1,3,1,0,4,0,2,3,1,1,2
6026,681,Ca|Cu|Er|O|Pb|Sr|V,1,3,1,0,4,0,4,1,0,4,1
6027,681,Ca|Cu|Er|O|Pb|Sr|V,1,3,1,0,4,0,2,0,3,0,0
6028,681,Ca|Cu|Er|O|Pb|Sr|V,1,3,1,0,4,0,0,1,0,2,0
6029,681,Ca|Cu|Er|O|Pb|Sr|V,1,3,1,0,4,0,1,0,1,2,1
6030,681,Ca|Cu|Er|O|Pb|Sr|V,1,3,1,0,4,0,2,4,4,1,4
6031,681,Ca|Cu|Er|O|Pb|Sr|V,1,3,1,0,4,0,0,3,0,0,3
6032,681,Ca|Cu|Er|O|Pb|Sr|V,1,3,1,0,4,0,0,1,4,3,2
6033,681,Ca|Cu|Er|O|Pb|Sr|V,1,3,1,0,4,0,0,4,3,4,0
6034,681,Ca|Cu|Er|O|Pb|Sr|V,1,3,1,0,4,0,4,1,1,2,4
6035,681,Ca|Cu|Er|O|Pb|Sr|V,1,3,1,0,4,0,3,4,0,2,4
6036,682,Ca|Cu|Lu|O|Pb|Sr|V,0,0,3,3,3,0,4,1,1,1,0
6037,683,Ca|Cu|Dy|O|Pb|Sr|V,1,0,1,0,4,1,4,0,4,3,4
6038,684,Ca|Cu|Gd|O|Pb|Sr|V,2,2,4,1,4,1,2,0,4,2,4
6039,685,Ca|Cu|O|Pb|Sm|Sr|V,2,0,1,3,1,1,3,0,1,1,2
6040,682,Ca|Cu|Lu|O|Pb|Sr|V,0,0,3,3,3,0,4,2,1,2,1
6041,683,Ca|Cu|Dy|O|Pb|Sr|V,1,0,1,0,4,1,2,4,1,4,4
6042,684,Ca|Cu|Gd|O|Pb|Sr|V,2,2,4,1,4,1,2,3,0,1,2
6043,685,Ca|Cu|O|Pb|Sm|Sr|V,2,0,1,3,1,1,0,0,1,1,0
6044,62,Ba|Ca|Cu|La|O,1,3,2,0,1,3,2,4,3,0,0
6045,62,Ba|Ca|Cu|La|O,1,3,2,0,1,3,0,4,4,4,2
6046,62,Ba|Ca|Cu|La|O,1,3,2,0,1,3,1,4,2,2,0
6047,62,Ba|Ca|Cu|La|O,1,3,2,0,1,3,3,2,3,4,1
6048,230,Ba|Ca|Cu|La|Ni|O,0,3,0,0,3,1,1,2,2,0,2
6049,230,Ba|Ca|Cu|La|Ni|O,0,3,0,0,3,1,3,2,0,0,1
6050,230,Ba|Ca|Cu|La|Ni|O,0,3,0,0,3,1,3,4,4,1,3
6051,230,Ba|Ca|Cu|La|Ni|O,0,3,0,0,3,1,4,2,4,2,1
6052,230,Ba|Ca|Cu|La|Ni|O,0,3,0,0,3,1,0,1,0,3,3
6053,686,Ca|Cr|Cu|Hg|O|Sr,2,0,3,1,1,0,2,0,2,3,0
6054,686,Ca|Cr|Cu|Hg|O|Sr,2,0,3,1,1,0,3,0,2,1,1
6055,686,Ca|Cr|Cu|Hg|O|Sr,2,0,3,1,1,0,0,0,3,3,3
6056,686,Ca|Cr|Cu|Hg|O|Sr,2,0,3,1,1,0,4,4,2,1,2
6057,108,Ca|Cu|O|Sr|Tl,4,2,1,1,0,4,3,2,4,4,3
6058,8,Ba|Cu|O|Y,0,1,2,1,3,1,0,0,2,4,3
6059,315,Au|Ba|Cu|O|Y,2,2,3,0,3,0,0,0,3,3,4
6060,315,Au|Ba|Cu|O|Y,2,2,3,0,3,0,1,0,0,2,3
6061,315,Au|Ba|Cu|O|Y,2,2,3,0,3,0,2,2,3,2,3
6062,49,Bi|Ca|Cu|O|Sr,2,0,2,4,3,0,1,4,0,1,4
6063,687,Au|Bi|Ca|Cu|O|Sr,1,0,4,4,1,2,3,2,1,4,1
6064,687,Au|Bi|Ca|Cu|O|Sr,1,0,4,4,1,2,2,1,1,4,4
6065,687,Au|Bi|Ca|Cu|O|Sr,1,0,4,4,1,2,3,1,2,1,4
6066,687,Au|Bi|Ca|Cu|O|Sr,1,0,4,4,1,2,4,1,4,1,0
6067,49,Bi|Ca|Cu|O|Sr,2,0,2,4,3,0,3,4,3,1,3
6068,100,Bi|Ca|Cu|La|O|Sr,2,4,4,4,1,4,2,0,2,4,0
6069,100,Bi|Ca|Cu|La|O|Sr,2,4,4,4,1,4,1,1,2,3,0
6070,100,Bi|Ca|Cu|La|O|Sr,2,4,4,4,1,4,3,3,2,3,3
6071,100,Bi|Ca|Cu|La|O|Sr,2,4,4,4,1,4,2,2,3,2,4
6072,100,Bi|Ca|Cu|La|O|Sr,2,4,4,4,1,4,0,3,4,3,4
6073,438,Ba|Cu|Hg|Mo|O,1,1,0,3,4,2,1,4,0,4,3
6074,438,Ba|Cu|Hg|Mo|O,1,1,0,3,4,2,4,1,0,3,0
6075,132,Bi|Ca|Cu|O|Pb|Sr|Y,3,1,1,4,3,2,0,1,1,0,2
6076,11,Ba|Cu|Nd|O,2,2,2,2,1,2,4,4,2,1,2
6077,2,Cu|La|O|Sr,1,2,3,2,2,0,4,0,3,1,1
6078,2,Cu|La|O|Sr,1,2,3,2,2,0,0,4,1,1,1
6079,2,Cu|La|O|Sr,1,2,3,2,2,0,1,4,3,4,0
6080,2,Cu|La|O|Sr,1,2,3,2,2,0,0,3,2,1,0
6081,2,Cu|La|O|Sr,1,2,3,2,2,0,4,2,3,4,4
6082,631,Ba|Ca|Cu|Hg|O|Re,2,3,2,0,1,2,1,2,3,0,2
6083,631,Ba|Ca|Cu|Hg|O|Re,2,3,2,0,1,2,3,0,2,1,0
6084,656,Ca|Cu|La|Nd|O,4,3,4,3,2,1,0,0,0,1,1
6085,656,Ca|Cu|La|Nd|O,4,3,4,3,2,1,0,1,4,1,3
6086,656,Ca|Cu|La|Nd|O,4,3,4,3,2,1,1,1,2,0,2
6087,656,Ca|Cu|La|Nd|O,4,3,4,3,2,1,3,3,3,2,4
6088,688,Ba|Co|Cu|O|Sr|Tl,0,0,1,1,1,3,0,3,0,0,2
6089,688,Ba|Co|Cu|O|Sr|Tl,0,0,1,1,1,3,0,1,1,3,0
6090,688,Ba|Co|Cu|O|Sr|Tl,0,0,1,1,1,3,4,4,1,4,1
6091,688,Ba|Co|Cu|O|Sr|Tl,0,0,1,1,1,3,4,1,4,4,4
6092,47,Ba|Ca|Cu|O|Tl,3,2,1,1,4,1,2,3,1,1,2
6093,370,Ca|Cu|O|Sr,3,3,1,1,0,0,4,1,2,4,1
6094,370,Ca|Cu|O|Sr,3,3,1,1,0,0,4,4,3,0,2
6095,2,Cu|La|O|Sr,1,2,3,2,2,0,2,0,3,2,2
6096,370,Ca|Cu|O|Sr,3,3,1,1,0,0,4,1,1,3,3
6097,661,O|Ru|Sr,2,0,2,3,0,2,2,2,2,0,4
6098,661,O|Ru|Sr,2,0,2,3,0,2,2,1,1,4,2
6099,661,O|Ru|Sr,2,0,2,3,0,2,3,2,4,3,1
6100,661,O|Ru|Sr,2,0,2,3,0,2,4,0,1,2,1
6101,661,O|Ru|Sr,2,0,2,3,0,2,3,1,3,4,3
6102,661,O|Ru|Sr,2,0,2,3,0,2,4,3,4,4,4
6103,488,Bi|Cu|Mo|O|Sr|Y,3,1,2,0,1,4,4,2,0,2,2
6104,488,Bi|Cu|Mo|O|Sr|Y,3,1,2,0,1,4,2,1,4,4,2
6105,488,Bi|Cu|Mo|O|Sr|Y,3,1,2,0,1,4,2,1,4,1,2
6106,140,Ca|Cu|O|Pb|Sr|Tl,3,2,2,0,0,4,2,3,1,3,3
6107,689,Ca|Cu|Li|O|Pb|Sr|Tl,2,2,2,2,1,3,0,0,4,0,2
6108,8,Ba|Cu|O|Y,0,1,2,1,3,1,3,4,3,0,0
6109,2,Cu|La|O|Sr,1,2,3,2,2,0,0,4,0,2,1
6110,2,Cu|La|O|Sr,1,2,3,2,2,0,3,4,1,2,1
6111,2,Cu|La|O|Sr,1,2,3,2,2,0,1,0,2,1,4
6112,28,Cu|La|Nd|O|Sr,3,3,0,3,1,0,2,0,3,2,2
6113,37,Ba|Cu|Ni|O|Y,1,0,2,1,2,2,1,0,0,2,3
6114,11,Ba|Cu|Nd|O,2,2,2,2,1,2,1,3,3,4,3
6115,690,Cu|Gd|O|Ru|Sr,0,2,4,2,4,2,3,3,3,1,1
6116,661,O|Ru|Sr,2,0,2,3,0,2,2,1,1,0,0
6117,663,Ba|Ca|Cu|O|Pb|Sr|Tl,4,0,3,0,1,0,4,2,4,1,2
6118,482,Ba|Bi|Ca|Cu|O|Sr|Tl,1,0,3,3,1,3,3,4,4,4,0
6119,482,Ba|Bi|Ca|Cu|O|Sr|Tl,1,0,3,3,1,3,4,4,4,3,0
6120,13,Ba|Cu|Gd|O,2,1,0,3,4,0,2,0,2,4,0
6121,136,Bi|Cu|O|Pb|Sr,2,4,0,4,3,1,3,1,3,1,0
6122,71,Bi|Ca|Cu|O|Pb|Sr,2,0,4,1,4,1,0,0,0,0,4
6123,16,Ba|Cu|Lu|O,0,3,2,3,1,4,3,4,1,3,3
6124,351,Ba|Ca|Cu|O,4,0,0,3,3,4,4,2,4,4,2
6125,351,Ba|Ca|Cu|O,4,0,0,3,3,4,2,3,2,2,3
6126,351,Ba|Ca|Cu|O,4,0,0,3,3,4,0,1,0,0,2
6127,351,Ba|Ca|Cu|O,4,0,0,3,3,4,4,0,4,4,1
6128,49,Bi|Ca|Cu|O|Sr,2,0,2,4,3,0,0,3,2,1,1
6129,306,Ba|Cu|Hg|O,4,0,0,2,4,0,2,3,4,3,3
6130,691,Ba|Ca|Cu|Hg|O|Sb,1,4,4,0,2,1,3,2,1,4,3
6131,8,Ba|Cu|O|Y,0,1,2,1,3,1,3,1,2,1,1
6132,125,Ba|Cu|O|Tl,0,1,2,3,4,1,2,3,4,0,0
6133,125,Ba|Cu|O|Tl,0,1,2,3,4,1,0,3,0,0,4
6134,125,Ba|Cu|O|Tl,0,1,2,3,4,1,2,2,3,4,4
6135,47,Ba|Ca|Cu|O|Tl,3,2,1,1,4,1,3,0,4,3,4
6136,306,Ba|Cu|Hg|O,4,0,0,2,4,0,3,0,4,1,2
6137,307,Ba|Ca|Cu|Hg|O,2,4,3,2,4,3,0,2,0,0,3
6138,307,Ba|Ca|Cu|Hg|O,2,4,3,2,4,3,2,1,3,2,0
6139,481,Ba|Ca|Cu|Hg|O|Pb,0,2,0,2,0,3,0,0,2,1,4
6140,481,Ba|Ca|Cu|Hg|O|Pb,0,2,0,2,0,3,3,3,4,1,1
6141,8,Ba|Cu|O|Y,0,1,2,1,3,1,3,0,2,1,3
6142,111,Ba|Cu|O|Tb|Y,4,3,0,1,0,0,1,2,1,3,2
6143,328,Ba|Ce|Cu|O|Y,2,2,3,1,0,0,1,3,4,1,1
6144,347,Ba|Ca|Cd|Cu|La|O,3,2,2,0,0,1,0,2,4,4,1
6145,347,Ba|Ca|Cd|Cu|La|O,3,2,2,0,0,1,2,4,1,3,1
6146,347,Ba|Ca|Cd|Cu|La|O,3,2,2,0,0,1,0,2,1,2,0
6147,347,Ba|Ca|Cd|Cu|La|O,3,2,2,0,0,1,0,4,3,0,0
6148,185,Ba|Cu|O|Pr|Yb,1,2,3,0,4,4,2,2,1,2,4
6149,184,Ba|Cu|O|Pr|Tm,3,3,4,0,1,3,4,2,3,0,2
6150,183,Ba|Cu|Er|O|Pr,1,3,4,2,0,4,2,0,3,0,4
6151,182,Ba|Cu|Ho|O|Pr,1,0,1,3,4,0,3,4,1,3,4
6152,181,Ba|Cu|Dy|O|Pr,2,3,1,2,2,3,0,3,3,1,3
6153,177,Ba|Cu|Gd|O|Pr,2,2,1,3,3,3,3,2,2,3,1
6154,154,Ba|Cu|Eu|O|Pr,3,1,1,2,0,1,3,0,1,1,1
6155,180,Ba|Cu|O|Pr|Sm,0,4,1,0,2,3,0,0,1,4,3
6156,179,Ba|Cu|Nd|O|Pr,4,0,4,3,0,1,0,2,0,2,3
6157,13,Ba|Cu|Gd|O,2,1,0,3,4,0,3,0,2,4,1
6158,692,Ba|Cu|Gd|Mo|O,4,0,1,1,0,3,0,0,0,0,0
6159,692,Ba|Cu|Gd|Mo|O,4,0,1,1,0,3,4,3,1,2,4
6160,692,Ba|Cu|Gd|Mo|O,4,0,1,1,0,3,4,0,0,4,0
6161,692,Ba|Cu|Gd|Mo|O,4,0,1,1,0,3,0,0,4,0,3
6162,693,Ba|Ca|Cu|Gd|Mo|O,4,3,1,3,0,0,2,4,0,2,4
6163,693,Ba|Ca|Cu|Gd|Mo|O,4,3,1,3,0,0,2,4,3,3,0
6164,693,Ba|Ca|Cu|Gd|Mo|O,4,3,1,3,0,0,0,2,3,1,2
6165,693,Ba|Ca|Cu|Gd|Mo|O,4,3,1,3,0,0,0,4,2,0,1
6166,693,Ba|Ca|Cu|Gd|Mo|O,4,3,1,3,0,0,1,3,1,1,4
6167,693,Ba|Ca|Cu|Gd|Mo|O,4,3,1,3,0,0,2,3,4,0,1
6168,693,Ba|Ca|Cu|Gd|Mo|O,4,3,1,3,0,0,2,4,2,2,2
6169,693,Ba|Ca|Cu|Gd|Mo|O,4,3,1,3,0,0,2,3,4,4,4
6170,90,Ca|Cu|O|Pb|Sr|Y,0,3,2,3,4,0,4,2,2,4,0
6171,387,Ca|Cd|Cu|O|Pb|Sr|Y,0,4,3,2,2,4,2,4,2,1,1
6172,49,Bi|Ca|Cu|O|Sr,2,0,2,4,3,0,4,4,4,1,4
6173,249,Bi|Ca|Cu|O|Pr|Sr,4,2,4,2,2,3,0,1,1,1,3
6174,249,Bi|Ca|Cu|O|Pr|Sr,4,2,4,2,2,3,2,1,3,0,0
6175,249,Bi|Ca|Cu|O|Pr|Sr,4,2,4,2,2,3,2,4,3,0,1
6176,249,Bi|Ca|Cu|O|Pr|Sr,4,2,4,2,2,3,4,4,1,0,3
6177,83,Bi|Ca|Cu|O|Sr|Y,4,3,2,2,1,2,4,4,1,2,2
6178,83,Bi|Ca|Cu|O|Sr|Y,4,3,2,2,1,2,0,4,1,3,0
6179,83,Bi|Ca|Cu|O|Sr|Y,4,3,2,2,1,2,3,4,3,1,4
6180,83,Bi|Ca|Cu|O|Sr|Y,4,3,2,2,1,2,4,2,1,0,0
6181,694,Ce|Cu|Eu|O|Ru|Sr,4,4,3,2,3,1,4,0,1,2,4
6182,694,Ce|Cu|Eu|O|Ru|Sr,4,4,3,2,3,1,4,3,3,1,4
6183,694,Ce|Cu|Eu|O|Ru|Sr,4,4,3,2,3,1,1,0,2,3,4
6184,694,Ce|Cu|Eu|O|Ru|Sr,4,4,3,2,3,1,1,2,3,1,3
6185,370,Ca|Cu|O|Sr,3,3,1,1,0,0,4,3,1,2,3
6186,151,Bi|Ca|Cu|Gd|O|Sr,1,4,1,4,4,4,1,2,4,4,4
6187,151,Bi|Ca|Cu|Gd|O|Sr,1,4,1,4,4,4,2,1,4,0,2
6188,151,Bi|Ca|Cu|Gd|O|Sr,1,4,1,4,4,4,4,3,4,4,4
6189,151,Bi|Ca|Cu|Gd|O|Sr,1,4,1,4,4,4,1,0,4,4,0
6190,272,Cu|Fe|O|Sr|Y,1,2,4,1,1,4,0,0,2,4,0
6191,270,Cu|Ga|O|Sr|Y,3,2,1,0,1,3,3,1,1,4,1
6192,274,Cu|O|Sr|Ti|Y,4,4,3,4,4,1,1,1,4,1,3
6193,268,Cu|Mo|O|Sr|Y,4,2,1,1,2,0,0,3,0,2,3
6194,267,Cu|O|Sr|W|Y,0,2,2,1,4,4,4,1,2,3,3
6195,266,Cu|O|Re|Sr|Y,0,3,4,4,0,2,2,3,4,3,4
6196,69,Cu|La|O,2,0,3,0,0,0,0,4,0,0,0
6197,69,Cu|La|O,2,0,3,0,0,0,3,0,1,0,3
6198,2,Cu|La|O|Sr,1,2,3,2,2,0,4,4,1,2,2
6199,2,Cu|La|O|Sr,1,2,3,2,2,0,0,0,4,0,0
6200,2,Cu|La|O|Sr,1,2,3,2,2,0,4,3,4,2,0
6201,47,Ba|Ca|Cu|O|Tl,3,2,1,1,4,1,0,1,0,1,4
6202,372,Ba|Ca|Cu|Hg|O|Tl,0,3,2,1,4,2,2,1,2,0,3
6203,47,Ba|Ca|Cu|O|Tl,3,2,1,1,4,1,0,0,4,0,4
6204,372,Ba|Ca|Cu|Hg|O|Tl,0,3,2,1,4,2,0,2,4,4,2
6205,2,Cu|La|O|Sr,1,2,3,2,2,0,0,3,1,0,1
6206,2,Cu|La|O|Sr,1,2,3,2,2,0,0,3,2,4,2
6207,2,Cu|La|O|Sr,1,2,3,2,2,0,2,0,1,4,2
6208,695,Ce|Cu|O|Pr|Y,2,3,4,1,1,2,0,2,1,3,3
6209,695,Ce|Cu|O|Pr|Y,2,3,4,1,1,2,0,2,4,2,2
6210,695,Ce|Cu|O|Pr|Y,2,3,4,1,1,2,2,1,2,4,1
6211,695,Ce|Cu|O|Pr|Y,2,3,4,1,1,2,1,0,0,3,3
6212,695,Ce|Cu|O|Pr|Y,2,3,4,1,1,2,0,4,1,4,0
6213,695,Ce|Cu|O|Pr|Y,2,3,4,1,1,2,1,4,0,4,3
6214,696,Cu|Nd|O|Y,1,4,4,2,0,3,1,3,3,0,4
6215,260,Ce|Cu|Nd|O|Y,4,2,0,0,4,0,1,1,0,3,1
6216,260,Ce|Cu|Nd|O|Y,4,2,0,0,4,0,4,3,3,0,0
6217,260,Ce|Cu|Nd|O|Y,4,2,0,0,4,0,0,4,3,4,2
6218,260,Ce|Cu|Nd|O|Y,4,2,0,0,4,0,4,2,1,0,3
6219,260,Ce|Cu|Nd|O|Y,4,2,0,0,4,0,3,4,1,3,0
6220,119,Ce|Cu|O|Sm,1,1,1,1,1,4,1,3,2,4,4
6221,697,Ce|Cu|O|Sm|Y,3,3,2,3,0,4,1,4,3,1,3
6222,697,Ce|Cu|O|Sm|Y,3,3,2,3,0,4,4,0,1,2,2
6223,697,Ce|Cu|O|Sm|Y,3,3,2,3,0,4,3,4,2,2,4
6224,697,Ce|Cu|O|Sm|Y,3,3,2,3,0,4,1,1,3,3,4
6225,147,Ce|Cu|Eu|O,4,2,3,4,1,1,3,4,1,1,4
6226,2,Cu|La|O|Sr,1,2,3,2,2,0,0,4,1,1,1
6227,23,Cu|Fe|La|O|Sr,2,0,1,0,2,4,1,0,2,4,0
6228,23,Cu|Fe|La|O|Sr,2,0,1,0,2,4,3,1,3,4,4
6229,23,Cu|Fe|La|O|Sr,2,0,1,0,2,4,0,3,4,4,1
6230,190,Cu|Ga|La|O|Sr,0,2,2,4,3,4,2,2,1,2,0
6231,190,Cu|Ga|La|O|Sr,0,2,2,4,3,4,2,2,3,4,1
6232,190,Cu|Ga|La|O|Sr,0,2,2,4,3,4,0,2,2,4,3
6233,169,Bi|Cu|La|O|Pb|Sr,1,0,1,2,2,1,3,2,2,2,0
6234,698,Bi|Cu|Fe|La|O|Pb|Sr,4,4,2,4,3,1,4,4,1,4,2
6235,698,Bi|Cu|Fe|La|O|Pb|Sr,4,4,2,4,3,1,3,0,1,0,0
6236,699,Bi|Cu|Ga|La|O|Pb|Sr,1,4,3,0,2,4,1,4,0,0,2
6237,699,Bi|Cu|Ga|La|O|Pb|Sr,1,4,3,0,2,4,1,1,1,2,1
6238,538,Bi|Ca|Cr|Cu|O|Pb|Sr,2,0,3,2,4,3,4,0,0,0,2
6239,2,Cu|La|O|Sr,1,2,3,2,2,0,2,3,2,3,0
6240,2,Cu|La|O|Sr,1,2,3,2,2,0,4,0,1,2,0
6241,15,Ba|Cu|Ho|O,0,0,4,0,3,2,4,3,2,4,0
6242,66,Ba|Cu|O|Sr|Y,2,2,3,2,4,1,3,3,4,3,4
6243,66,Ba|Cu|O|Sr|Y,2,2,3,2,4,1,4,3,0,0,3
6244,66,Ba|Cu|O|Sr|Y,2,2,3,2,4,1,1,3,2,2,1
6245,66,Ba|Cu|O|Sr|Y,2,2,3,2,4,1,0,0,3,1,4
6246,66,Ba|Cu|O|Sr|Y,2,2,3,2,4,1,4,1,0,1,1
6247,66,Ba|Cu|O|Sr|Y,2,2,3,2,4,1,2,0,4,4,2
6248,66,Ba|Cu|O|Sr|Y,2,2,3,2,4,1,1,3,0,0,2
6249,8,Ba|Cu|O|Y,0,1,2,1,3,1,0,1,3,2,4
6250,8,Ba|Cu|O|Y,0,1,2,1,3,1,4,4,3,3,0
6251,8,Ba|Cu|O|Y,0,1,2,1,3,1,4,1,1,2,4
6252,8,Ba|Cu|O|Y,0,1,2,1,3,1,3,1,0,0,2
6253,8,Ba|Cu|O|Y,0,1,2,1,3,1,4,0,0,4,2
6254,66,Ba|Cu|O|Sr|Y,2,2,3,2,4,1,2,0,1,3,2
6255,66,Ba|Cu|O|Sr|Y,2,2,3,2,4,1,0,2,3,0,0
6256,66,Ba|Cu|O|Sr|Y,2,2,3,2,4,1,0,0,1,0,4
6257,66,Ba|Cu|O|Sr|Y,2,2,3,2,4,1,4,2,3,2,1
6258,66,Ba|Cu|O|Sr|Y,2,2,3,2,4,1,0,2,4,4,0
6259,66,Ba|Cu|O|Sr|Y,2,2,3,2,4,1,1,3,2,0,2
6260,66,Ba|Cu|O|Sr|Y,2,2,3,2,4,1,0,3,1,3,1
6261,66,Ba|Cu|O|Sr|Y,2,2,3,2,4,1,2,0,1,1,2
6262,690,Cu|Gd|O|Ru|Sr,0,2,4,2,4,2,4,3,0,0,4
6263,6,Ba|Cu|O|Yb,2,1,0,1,0,4,0,4,3,1,1
6264,281,Ba|Cu|O|Sr|Yb,1,4,2,1,1,0,2,4,2,3,3
6265,281,Ba|Cu|O|Sr|Yb,1,4,2,1,1,0,3,3,2,2,3
6266,281,Ba|Cu|O|Sr|Yb,1,4,2,1,1,0,3,3,1,4,4
6267,281,Ba|Cu|O|Sr|Yb,1,4,2,1,1,0,4,1,1,0,4
6268,6,Ba|Cu|O|Yb,2,1,0,1,0,4,2,2,2,2,1
6269,281,Ba|Cu|O|Sr|Yb,1,4,2,1,1,0,1,1,3,1,4
6270,281,Ba|Cu|O|Sr|Yb,1,4,2,1,1,0,1,1,2,2,1
6271,281,Ba|Cu|O|Sr|Yb,1,4,2,1,1,0,0,3,3,0,0
6272,281,Ba|Cu|O|Sr|Yb,1,4,2,1,1,0,3,4,2,1,3
6273,0,Ba|Cu|La|O,2,4,2,3,0,4,4,1,2,0,0
6274,0,Ba|Cu|La|O,2,4,2,3,0,4,1,4,1,3,2
6275,0,Ba|Cu|La|O,2,4,2,3,0,4,0,3,1,0,2
6276,0,Ba|Cu|La|O,2,4,2,3,0,4,4,4,1,3,3
6277,0,Ba|Cu|La|O,2,4,2,3,0,4,2,3,3,2,3
6278,0,Ba|Cu|La|O,2,4,2,3,0,4,0,4,0,0,2
6279,0,Ba|Cu|La|O,2,4,2,3,0,4,2,1,1,3,2
6280,0,Ba|Cu|La|O,2,4,2,3,0,4,4,3,2,3,0
6281,0,Ba|Cu|La|O,2,4,2,3,0,4,3,4,3,3,1
6282,0,Ba|Cu|La|O,2,4,2,3,0,4,4,0,1,1,3
6283,0,Ba|Cu|La|O,2,4,2,3,0,4,2,0,0,0,1
6284,0,Ba|Cu|La|O,2,4,2,3,0,4,2,3,4,4,0
6285,0,Ba|Cu|La|O,2,4,2,3,0,4,0,4,2,3,4
6286,0,Ba|Cu|La|O,2,4,2,3,0,4,0,4,1,4,2
6287,0,Ba|Cu|La|O,2,4,2,3,0,4,0,3,2,2,0
6288,0,Ba|Cu|La|O,2,4,2,3,0,4,2,4,1,4,0
6289,0,Ba|Cu|La|O,2,4,2,3,0,4,0,2,4,2,0
6290,0,Ba|Cu|La|O,2,4,2,3,0,4,2,4,2,1,2
6291,2,Cu|La|O|Sr,1,2,3,2,2,0,2,0,1,1,1
6292,2,Cu|La|O|Sr,1,2,3,2,2,0,1,3,3,3,3
6293,2,Cu|La|O|Sr,1,2,3,2,2,0,2,3,1,4,1
6294,2,Cu|La|O|Sr,1,2,3,2,2,0,2,0,0,2,3
6295,2,Cu|La|O|Sr,1,2,3,2,2,0,0,0,4,0,2
6296,2,Cu|La|O|Sr,1,2,3,2,2,0,1,4,2,3,2
6297,2,Cu|La|O|Sr,1,2,3,2,2,0,1,4,4,3,2
6298,2,Cu|La|O|Sr,1,2,3,2,2,0,0,4,3,1,1
6299,2,Cu|La|O|Sr,1,2,3,2,2,0,2,4,0,2,0
6300,2,Cu|La|O|Sr,1,2,3,2,2,0,3,3,1,4,1
6301,2,Cu|La|O|Sr,1,2,3,2,2,0,2,4,4,3,0
6302,2,Cu|La|O|Sr,1,2,3,2,2,0,4,4,3,0,2
6303,2,Cu|La|O|Sr,1,2,3,2,2,0,2,3,2,3,3
6304,2,Cu|La|O|Sr,1,2,3,2,2,0,0,1,4,2,1
6305,2,Cu|La|O|Sr,1,2,3,2,2,0,3,2,4,3,1
6306,2,Cu|La|O|Sr,1,2,3,2,2,0,4,3,3,4,3
6307,0,Ba|Cu|La|O,2,4,2,3,0,4,1,2,1,0,2
6308,0,Ba|Cu|La|O,2,4,2,3,0,4,3,4,0,0,3
6309,49,Bi|Ca|Cu|O|Sr,2,0,2,4,3,0,1,2,1,3,2
6310,251,Bi|Ca|Cu|Ga|O|Sr,3,1,3,3,4,3,4,4,2,1,1
6311,251,Bi|Ca|Cu|Ga|O|Sr,3,1,3,3,4,3,3,4,4,0,0
6312,251,Bi|Ca|Cu|Ga|O|Sr,3,1,3,3,4,3,3,3,2,3,2
6313,251,Bi|Ca|Cu|Ga|O|Sr,3,1,3,3,4,3,0,0,3,2,0
6314,700,Ce|Cu|Nd|O|Sm,0,1,0,1,1,4,2,2,1,0,2
6315,700,Ce|Cu|Nd|O|Sm,0,1,0,1,1,4,2,3,1,4,0
6316,700,Ce|Cu|Nd|O|Sm,0,1,0,1,1,4,2,3,3,2,0
6317,74,Ce|Cu|Nd|O,3,3,3,3,3,1,0,4,2,2,1
6318,165,Ce|Cu|La|Nd|O,3,3,0,2,2,4,3,2,4,1,1
6319,165,Ce|Cu|La|Nd|O,3,3,0,2,2,4,1,1,3,1,2
6320,165,Ce|Cu|La|Nd|O,3,3,0,2,2,4,3,0,3,0,0
6321,28,Cu|La|Nd|O|Sr,3,3,0,3,1,0,0,1,1,1,1
6322,28,Cu|La|Nd|O|Sr,3,3,0,3,1,0,2,1,4,0,1
6323,28,Cu|La|Nd|O|Sr,3,3,0,3,1,0,0,2,0,2,3
6324,28,Cu|La|Nd|O|Sr,3,3,0,3,1,0,3,3,1,4,4
6325,28,Cu|La|Nd|O|Sr,3,3,0,3,1,0,4,3,3,2,1
6326,47,Ba|Ca|Cu|O|Tl,3,2,1,1,4,1,3,3,3,2,1
6327,102,Ba|Cu|O|Pr|Y,4,2,0,0,3,0,2,0,1,1,0
6328,102,Ba|Cu|O|Pr|Y,4,2,0,0,3,0,2,2,4,0,1
6329,102,Ba|Cu|O|Pr|Y,4,2,0,0,3,0,4,3,3,0,3
6330,102,Ba|Cu|O|Pr|Y,4,2,0,0,3,0,1,1,3,1,3
6331,102,Ba|Cu|O|Pr|Y,4,2,0,0,3,0,0,2,3,3,3
6332,102,Ba|Cu|O|Pr|Y,4,2,0,0,3,0,4,1,3,3,0
6333,8,Ba|Cu|O|Y,0,1,2,1,3,1,1,0,4,0,2
6334,8,Ba|Cu|O|Y,0,1,2,1,3,1,4,4,2,3,4
6335,8,Ba|Cu|O|Y,0,1,2,1,3,1,1,3,3,3,4
6336,8,Ba|Cu|O|Y,0,1,2,1,3,1,3,3,0,3,1
6337,8,Ba|Cu|O|Y,0,1,2,1,3,1,4,0,1,0,4
6338,8,Ba|Cu|O|Y,0,1,2,1,3,1,1,1,2,3,2
6339,8,Ba|Cu|O|Y,0,1,2,1,3,1,3,3,3,4,3
6340,8,Ba|Cu|O|Y,0,1,2,1,3,1,3,2,4,0,3
6341,102,Ba|Cu|O|Pr|Y,4,2,0,0,3,0,4,2,2,0,0
6342,102,Ba|Cu|O|Pr|Y,4,2,0,0,3,0,2,4,0,2,1
6343,102,Ba|Cu|O|Pr|Y,4,2,0,0,3,0,0,1,2,0,2
6344,102,Ba|Cu|O|Pr|Y,4,2,0,0,3,0,0,2,0,3,3
6345,102,Ba|Cu|O|Pr|Y,4,2,0,0,3,0,2,4,2,0,3
6346,102,Ba|Cu|O|Pr|Y,4,2,0,0,3,0,0,3,4,0,0
6347,102,Ba|Cu|O|Pr|Y,4,2,0,0,3,0,2,4,4,1,4
6348,180,Ba|Cu|O|Pr|Sm,0,4,1,0,2,3,4,1,2,0,3
6349,180,Ba|Cu|O|Pr|Sm,0,4,1,0,2,3,1,0,3,2,1
6350,180,Ba|Cu|O|Pr|Sm,0,4,1,0,2,3,4,1,2,4,2
6351,180,Ba|Cu|O|Pr|Sm,0,4,1,0,2,3,1,1,3,4,2
6352,180,Ba|Cu|O|Pr|Sm,0,4,1,0,2,3,0,2,3,1,4
6353,17,Ba|Cu|O|Sm,4,0,0,3,4,1,1,0,4,2,2
6354,17,Ba|Cu|O|Sm,4,0,0,3,4,1,0,0,2,2,3
6355,17,Ba|Cu|O|Sm,4,0,0,3,4,1,3,2,2,0,3
6356,17,Ba|Cu|O|Sm,4,0,0,3,4,1,4,0,4,4,1
6357,17,Ba|Cu|O|Sm,4,0,0,3,4,1,3,4,2,1,1
6358,180,Ba|Cu|O|Pr|Sm,0,4,1,0,2,3,1,4,4,0,2
6359,180,Ba|Cu|O|Pr|Sm,0,4,1,0,2,3,4,0,4,1,1
6360,180,Ba|Cu|O|Pr|Sm,0,4,1,0,2,3,3,4,3,4,0
6361,180,Ba|Cu|O|Pr|Sm,0,4,1,0,2,3,2,4,0,3,0
6362,180,Ba|Cu|O|Pr|Sm,0,4,1,0,2,3,2,4,1,3,2
6363,180,Ba|Cu|O|Pr|Sm,0,4,1,0,2,3,4,0,4,4,0
6364,180,Ba|Cu|O|Pr|Sm,0,4,1,0,2,3,4,0,1,4,4
6365,180,Ba|Cu|O|Pr|Sm,0,4,1,0,2,3,4,4,3,0,1
6366,180,Ba|Cu|O|Pr|Sm,0,4,1,0,2,3,0,1,2,3,3
6367,180,Ba|Cu|O|Pr|Sm,0,4,1,0,2,3,2,3,0,1,4
6368,71,Bi|Ca|Cu|O|Pb|Sr,2,0,4,1,4,1,1,4,0,0,2
6369,538,Bi|Ca|Cr|Cu|O|Pb|Sr,2,0,3,2,4,3,4,1,0,4,1
6370,538,Bi|Ca|Cr|Cu|O|Pb|Sr,2,0,3,2,4,3,3,1,0,2,0
6371,538,Bi|Ca|Cr|Cu|O|Pb|Sr,2,0,3,2,4,3,2,1,2,4,2
6372,0,Ba|Cu|La|O,2,4,2,3,0,4,4,1,3,0,3
6373,0,Ba|Cu|La|O,2,4,2,3,0,4,4,4,0,0,3
6374,0,Ba|Cu|La|O,2,4,2,3,0,4,3,4,1,0,2
6375,0,Ba|Cu|La|O,2,4,2,3,0,4,2,1,4,2,0
6376,0,Ba|Cu|La|O,2,4,2,3,0,4,1,0,0,3,4
6377,0,Ba|Cu|La|O,2,4,2,3,0,4,0,0,1,2,1
6378,0,Ba|Cu|La|O,2,4,2,3,0,4,1,0,3,2,2
6379,0,Ba|Cu|La|O,2,4,2,3,0,4,3,3,3,3,4
6380,0,Ba|Cu|La|O,2,4,2,3,0,4,3,3,3,1,3
6381,0,Ba|Cu|La|O,2,4,2,3,0,4,1,2,4,1,2
6382,0,Ba|Cu|La|O,2,4,2,3,0,4,4,3,3,1,4
6383,0,Ba|Cu|La|O,2,4,2,3,0,4,1,1,2,3,3
6384,0,Ba|Cu|La|O,2,4,2,3,0,4,0,4,3,3,4
6385,659,Ba|Cu|La|Nd|O,0,4,3,0,4,1,4,4,1,2,3
6386,659,Ba|Cu|La|Nd|O,0,4,3,0,4,1,3,2,4,4,1
6387,659,Ba|Cu|La|Nd|O,0,4,3,0,4,1,3,4,4,0,2
6388,659,Ba|Cu|La|Nd|O,0,4,3,0,4,1,4,1,0,3,3
6389,659,Ba|Cu|La|Nd|O,0,4,3,0,4,1,0,1,1,4,3
6390,659,Ba|Cu|La|Nd|O,0,4,3,0,4,1,2,4,3,2,0
6391,659,Ba|Cu|La|Nd|O,0,4,3,0,4,1,0,2,0,3,4
6392,659,Ba|Cu|La|Nd|O,0,4,3,0,4,1,3,2,0,2,1
6393,659,Ba|Cu|La|Nd|O,0,4,3,0,4,1,4,3,0,3,1
6394,659,Ba|Cu|La|Nd|O,0,4,3,0,4,1,3,1,1,4,2
6395,659,Ba|Cu|La|Nd|O,0,4,3,0,4,1,4,2,0,4,2
6396,659,Ba|Cu|La|Nd|O,0,4,3,0,4,1,2,0,2,2,0
6397,659,Ba|Cu|La|Nd|O,0,4,3,0,4,1,3,3,0,4,2
6398,659,Ba|Cu|La|Nd|O,0,4,3,0,4,1,1,0,4,0,4
6399,659,Ba|Cu|La|Nd|O,0,4,3,0,4,1,2,0,0,3,2
6400,108,Ca|Cu|O|Sr|Tl,4,2,1,1,0,4,4,1,0,4,2
6401,11,Ba|Cu|Nd|O,2,2,2,2,1,2,4,4,0,2,2
6402,11,Ba|Cu|Nd|O,2,2,2,2,1,2,2,0,1,2,1
6403,11,Ba|Cu|Nd|O,2,2,2,2,1,2,1,0,2,4,1
6404,120,Bi|Cu|La|O|Sr,1,3,1,3,0,0,2,4,3,0,1
6405,120,Bi|Cu|La|O|Sr,1,3,1,3,0,0,4,0,1,2,1
6406,120,Bi|Cu|La|O|Sr,1,3,1,3,0,0,3,4,2,1,2
6407,120,Bi|Cu|La|O|Sr,1,3,1,3,0,0,2,1,0,2,2
6408,120,Bi|Cu|La|O|Sr,1,3,1,3,0,0,2,2,1,0,2
6409,120,Bi|Cu|La|O|Sr,1,3,1,3,0,0,0,1,3,0,0
6410,108,Ca|Cu|O|Sr|Tl,4,2,1,1,0,4,2,0,0,1,4
6411,108,Ca|Cu|O|Sr|Tl,4,2,1,1,0,4,2,0,4,0,3
6412,108,Ca|Cu|O|Sr|Tl,4,2,1,1,0,4,3,0,3,3,1
6413,108,Ca|Cu|O|Sr|Tl,4,2,1,1,0,4,1,4,4,0,4
6414,701,Nb|O|Sr,0,0,2,2,2,3,3,1,3,2,3
6415,702,Nb|Nd|O|Sr,4,1,0,4,2,4,0,2,0,0,0
6416,530,Ca|Nb|O,3,1,3,1,2,4,3,3,0,4,3
6417,71,Bi|Ca|Cu|O|Pb|Sr,2,0,4,1,4,1,4,4,0,0,3
6418,703,Bi|Ca|Cu|O|Pb|Sn|Sr,2,1,1,4,2,0,0,4,3,0,4
6419,703,Bi|Ca|Cu|O|Pb|Sn|Sr,2,1,1,4,2,0,2,2,1,4,3
6420,703,Bi|Ca|Cu|O|Pb|Sn|Sr,2,1,1,4,2,0,4,0,2,4,3
6421,703,Bi|Ca|Cu|O|Pb|Sn|Sr,2,1,1,4,2,0,4,4,3,3,1
6422,11,Ba|Cu|Nd|O,2,2,2,2,1,2,2,3,3,3,2
6423,289,Ba|Ca|Cu|Nd|O,3,0,0,3,1,0,1,0,2,4,0
6424,179,Ba|Cu|Nd|O|Pr,4,0,4,3,0,1,4,1,1,1,2
6425,13,Ba|Cu|Gd|O,2,1,0,3,4,0,0,4,3,4,2
6426,704,Ba|Cu|Gd|Hf|O,1,0,4,3,4,3,3,1,2,3,0
6427,704,Ba|Cu|Gd|Hf|O,1,0,4,3,4,3,0,2,3,1,3
6428,704,Ba|Cu|Gd|Hf|O,1,0,4,3,4,3,3,2,4,0,4
6429,704,Ba|Cu|Gd|Hf|O,1,0,4,3,4,3,4,2,4,4,0
6430,705,Ba|Ca|Cu|Gd|Hf|O,1,4,0,3,4,2,4,3,2,0,2
6431,705,Ba|Ca|Cu|Gd|Hf|O,1,4,0,3,4,2,3,3,3,1,1
6432,705,Ba|Ca|Cu|Gd|Hf|O,1,4,0,3,4,2,4,3,2,3,0
6433,705,Ba|Ca|Cu|Gd|Hf|O,1,4,0,3,4,2,1,1,2,2,2
6434,705,Ba|Ca|Cu|Gd|Hf|O,1,4,0,3,4,2,2,3,0,0,1
6435,705,Ba|Ca|Cu|Gd|Hf|O,1,4,0,3,4,2,4,3,4,4,4
6436,705,Ba|Ca|Cu|Gd|Hf|O,1,4,0,3,4,2,3,1,2,4,1
6437,68,Ba|Bi|K|O,0,1,2,0,3,0,4,1,0,1,0
6438,68,Ba|Bi|K|O,0,1,2,0,3,0,4,3,1,4,3
6439,68,Ba|Bi|K|O,0,1,2,0,3,0,0,2,2,1,2
6440,68,Ba|Bi|K|O,0,1,2,0,3,0,4,0,2,3,1
6441,68,Ba|Bi|K|O,0,1,2,0,3,0,0,2,2,1,4
6442,68,Ba|Bi|K|O,0,1,2,0,3,0,1,2,4,4,4
6443,68,Ba|Bi|K|O,0,1,2,0,3,0,1,0,0,3,4
6444,306,Ba|Cu|Hg|O,4,0,0,2,4,0,2,1,3,3,2
6445,107,Ba|Bi|O|Pb,4,1,0,0,3,4,4,3,3,2,1
6446,8,Ba|Cu|O|Y,0,1,2,1,3,1,0,4,2,4,4
6447,8,Ba|Cu|O|Y,0,1,2,1,3,1,4,2,0,0,2
6448,8,Ba|Cu|O|Y,0,1,2,1,3,1,4,4,0,2,3
6449,8,Ba|Cu|O|Y,0,1,2,1,3,1,3,3,0,1,0
6450,47,Ba|Ca|Cu|O|Tl,3,2,1,1,4,1,1,2,1,2,3
6451,49,Bi|Ca|Cu|O|Sr,2,0,2,4,3,0,3,4,4,4,4
6452,706,Bi|K|O|Sr,1,0,4,3,3,4,3,3,4,3,3
6453,707,Bi|O|Rb|Sr,0,3,1,1,3,0,4,3,3,0,4
6454,706,Bi|K|O|Sr,1,0,4,3,3,4,3,0,3,4,4
6455,706,Bi|K|O|Sr,1,0,4,3,3,4,0,4,3,3,0
6456,706,Bi|K|O|Sr,1,0,4,3,3,4,1,2,4,4,3
6457,2,Cu|La|O|Sr,1,2,3,2,2,0,4,3,0,0,4
6458,120,Bi|Cu|La|O|Sr,1,3,1,3,0,0,3,0,4,4,1
6459,120,Bi|Cu|La|O|Sr,1,3,1,3,0,0,0,4,0,2,3
6460,120,Bi|Cu|La|O|Sr,1,3,1,3,0,0,4,4,4,0,4
6461,120,Bi|Cu|La|O|Sr,1,3,1,3,0,0,2,4,2,0,1
6462,120,Bi|Cu|La|O|Sr,1,3,1,3,0,0,4,3,3,1,1
6463,120,Bi|Cu|La|O|Sr,1,3,1,3,0,0,4,0,3,3,4
6464,120,Bi|Cu|La|O|Sr,1,3,1,3,0,0,2,2,2,4,2
6465,120,Bi|Cu|La|O|Sr,1,3,1,3,0,0,0,4,4,4,4
6466,120,Bi|Cu|La|O|Sr,1,3,1,3,0,0,3,2,2,1,2
6467,49,Bi|Ca|Cu|O|Sr,2,0,2,4,3,0,4,4,1,2,4
6468,49,Bi|Ca|Cu|O|Sr,2,0,2,4,3,0,2,1,0,1,2
6469,49,Bi|Ca|Cu|O|Sr,2,0,2,4,3,0,3,0,2,1,2
6470,49,Bi|Ca|Cu|O|Sr,2,0,2,4,3,0,3,4,2,0,2
6471,49,Bi|Ca|Cu|O|Sr,2,0,2,4,3,0,2,4,4,0,1
6472,49,Bi|Ca|Cu|O|Sr,2,0,2,4,3,0,1,4,4,3,1
6473,49,Bi|Ca|Cu|O|Sr,2,0,2,4,3,0,1,3,1,1,1
6474,66,Ba|Cu|O|Sr|Y,2,2,3,2,4,1,1,0,1,4,2
6475,553,Ba|Cu|Mo|O|Sr|Y,2,0,1,3,4,2,1,1,0,2,2
6476,553,Ba|Cu|Mo|O|Sr|Y,2,0,1,3,4,2,2,3,0,3,1
6477,553,Ba|Cu|Mo|O|Sr|Y,2,0,1,3,4,2,3,1,3,4,0
6478,306,Ba|Cu|Hg|O,4,0,0,2,4,0,2,4,3,3,1
6479,708,Ba|Cu|Hg|O|Re,1,1,1,2,1,0,3,1,4,1,4
6480,708,Ba|Cu|Hg|O|Re,1,1,1,2,1,0,2,1,2,3,0
6481,708,Ba|Cu|Hg|O|Re,1,1,1,2,1,0,1,2,4,4,1
6482,306,Ba|Cu|Hg|O,4,0,0,2,4,0,0,0,1,4,4
6483,708,Ba|Cu|Hg|O|Re,1,1,1,2,1,0,2,0,1,1,4
6484,708,Ba|Cu|Hg|O|Re,1,1,1,2,1,0,0,2,4,4,0
6485,708,Ba|Cu|Hg|O|Re,1,1,1,2,1,0,3,1,2,0,4
6486,661,O|Ru|Sr,2,0,2,3,0,2,3,0,2,0,1
6487,709,Bi|Ca|Cu|Ni|O|Sr,4,4,0,3,0,4,2,1,4,1,3
6488,29,Cu|La|O|Sm|Sr,4,0,3,4,4,0,1,4,2,1,2
6489,29,Cu|La|O|Sm|Sr,4,0,3,4,4,0,4,4,0,2,3
6490,8,Ba|Cu|O|Y,0,1,2,1,3,1,4,1,4,3,1
6491,8,Ba|Cu|O|Y,0,1,2,1,3,1,2,0,1,1,3
6492,8,Ba|Cu|O|Y,0,1,2,1,3,1,0,3,4,2,1
6493,2,Cu|La|O|Sr,1,2,3,2,2,0,2,2,4,2,1
6494,28,Cu|La|Nd|O|Sr,3,3,0,3,1,0,4,0,3,2,0
6495,28,Cu|La|Nd|O|Sr,3,3,0,3,1,0,4,0,3,3,4
6496,28,Cu|La|Nd|O|Sr,3,3,0,3,1,0,1,2,3,3,1
6497,28,Cu|La|Nd|O|Sr,3,3,0,3,1,0,2,3,2,3,4
6498,710,Cu|O|Ru|Sr|Y,0,0,2,3,0,1,0,2,2,2,3
6499,8,Ba|Cu|O|Y,0,1,2,1,3,1,1,1,0,0,1
6500,49,Bi|Ca|Cu|O|Sr,2,0,2,4,3,0,3,1,0,2,3
6501,83,Bi|Ca|Cu|O|Sr|Y,4,3,2,2,1,2,0,3,4,4,3
6502,83,Bi|Ca|Cu|O|Sr|Y,4,3,2,2,1,2,0,1,4,0,1
6503,83,Bi|Ca|Cu|O|Sr|Y,4,3,2,2,1,2,0,1,0,0,0
6504,83,Bi|Ca|Cu|O|Sr|Y,4,3,2,2,1,2,0,2,2,3,1
6505,83,Bi|Ca|Cu|O|Sr|Y,4,3,2,2,1,2,2,0,0,1,4
6506,4,Ba|Ca|Cu|O|Y,3,0,0,0,2,3,4,3,3,3,2
6507,4,Ba|Ca|Cu|O|Y,3,0,0,0,2,3,3,4,3,3,0
6508,4,Ba|Ca|Cu|O|Y,3,0,0,0,2,3,4,1,2,0,1
6509,4,Ba|Ca|Cu|O|Y,3,0,0,0,2,3,3,3,3,0,4
6510,4,Ba|Ca|Cu|O|Y,3,0,0,0,2,3,0,1,3,3,4
6511,4,Ba|Ca|Cu|O|Y,3,0,0,0,2,3,0,4,3,3,2
6512,4,Ba|Ca|Cu|O|Y,3,0,0,0,2,3,3,4,2,3,1
6513,8,Ba|Cu|O|Y,0,1,2,1,3,1,3,2,2,2,1
6514,11,Ba|Cu|Nd|O,2,2,2,2,1,2,4,2,3,1,4
6515,663,Ba|Ca|Cu|O|Pb|Sr|Tl,4,0,3,0,1,0,4,3,3,2,1
6516,132,Bi|Ca|Cu|O|Pb|Sr|Y,3,1,1,4,3,2,0,3,0,3,4
6517,69,Cu|La|O,2,0,3,0,0,0,2,1,0,2,0
6518,298,Ba|Bi|Ca|Cu|O|Pb|Sr,3,0,3,4,1,2,1,0,4,1,1
6519,711,Ba|Bi|Ca|Cu|Er|O|Pb|Sr,0,1,1,2,2,4,3,2,0,0,3
6520,711,Ba|Bi|Ca|Cu|Er|O|Pb|Sr,0,1,1,2,2,4,0,1,1,0,0
6521,711,Ba|Bi|Ca|Cu|Er|O|Pb|Sr,0,1,1,2,2,4,4,3,4,1,1
6522,711,Ba|Bi|Ca|Cu|Er|O|Pb|Sr,0,1,1,2,2,4,3,4,4,0,1
6523,171,Ba|Cu|Eu|O|Y,3,3,0,0,3,4,3,4,4,0,1
6524,171,Ba|Cu|Eu|O|Y,3,3,0,0,3,4,2,4,0,4,1
6525,171,Ba|Cu|Eu|O|Y,3,3,0,0,3,4,2,1,4,3,2
6526,12,Ba|Cu|Eu|O,2,3,0,3,4,4,0,2,0,2,0
6527,31,Ba|Cu|Fe|O|Y,3,2,3,4,1,0,1,2,0,1,2
6528,31,Ba|Cu|Fe|O|Y,3,2,3,4,1,0,0,1,3,2,3
6529,31,Ba|Cu|Fe|O|Y,3,2,3,4,1,0,0,3,1,3,2
6530,31,Ba|Cu|Fe|O|Y,3,2,3,4,1,0,2,0,0,0,3
6531,710,Cu|O|Ru|Sr|Y,0,0,2,3,0,1,4,2,4,4,2
6532,710,Cu|O|Ru|Sr|Y,0,0,2,3,0,1,1,4,3,1,0
6533,710,Cu|O|Ru|Sr|Y,0,0,2,3,0,1,2,4,2,3,4
6534,710,Cu|O|Ru|Sr|Y,0,0,2,3,0,1,3,0,3,1,2
6535,710,Cu|O|Ru|Sr|Y,0,0,2,3,0,1,4,1,3,3,2
6536,710,Cu|O|Ru|Sr|Y,0,0,2,3,0,1,2,0,4,2,0
6537,710,Cu|O|Ru|Sr|Y,0,0,2,3,0,1,3,2,3,1,3
6538,661,O|Ru|Sr,2,0,2,3,0,2,3,1,3,1,3
6539,136,Bi|Cu|O|Pb|Sr,2,4,0,4,3,1,3,4,4,3,0
6540,49,Bi|Ca|Cu|O|Sr,2,0,2,4,3,0,4,0,3,4,3
6541,710,Cu|O|Ru|Sr|Y,0,0,2,3,0,1,0,4,3,1,4
6542,712,Ba|Cu|O|Ru|Y,0,0,1,2,3,0,1,3,0,4,2
6543,96,Ca|Cu|Eu|O|Pb|Sr,2,3,4,4,4,4,3,4,0,2,1
6544,96,Ca|Cu|Eu|O|Pb|Sr,2,3,4,4,4,4,1,0,4,1,2
6545,96,Ca|Cu|Eu|O|Pb|Sr,2,3,4,4,4,4,1,3,1,1,0
6546,96,Ca|Cu|Eu|O|Pb|Sr,2,3,4,4,4,4,2,2,3,1,0
6547,96,Ca|Cu|Eu|O|Pb|Sr,2,3,4,4,4,4,3,1,1,4,1
6548,96,Ca|Cu|Eu|O|Pb|Sr,2,3,4,4,4,4,2,4,4,2,1
6549,96,Ca|Cu|Eu|O|Pb|Sr,2,3,4,4,4,4,0,0,4,1,1
6550,713,Cu|Eu|O|Ru|Sr,3,1,0,2,1,3,1,4,2,1,2
6551,690,Cu|Gd|O|Ru|Sr,0,2,4,2,4,2,3,1,3,1,1
6552,714,Cu|Dy|Gd|O|Ru|Sr,4,4,4,4,4,0,3,2,2,4,1
6553,715,Ba|Cu|Gd|O|Ru|Sr,2,1,4,2,2,3,2,4,3,1,0
6554,690,Cu|Gd|O|Ru|Sr,0,2,4,2,4,2,1,0,4,0,2
6555,690,Cu|Gd|O|Ru|Sr,0,2,4,2,4,2,4,1,4,1,1
6556,690,Cu|Gd|O|Ru|Sr,0,2,4,2,4,2,2,1,1,2,0
6557,690,Cu|Gd|O|Ru|Sr,0,2,4,2,4,2,0,2,4,4,4
6558,690,Cu|Gd|O|Ru|Sr,0,2,4,2,4,2,3,1,2,3,0
6559,690,Cu|Gd|O|Ru|Sr,0,2,4,2,4,2,2,1,4,3,4
6560,119,Ce|Cu|O|Sm,1,1,1,1,1,4,2,0,0,4,0
6561,690,Cu|Gd|O|Ru|Sr,0,2,4,2,4,2,3,4,1,2,4
6562,716,Cu|Gd|O|Ru|Sr|Ta,0,0,4,0,3,0,1,0,2,1,1
6563,512,Ce|Cu|Gd|O|Ru|Sr,3,2,2,3,4,3,3,4,3,4,2
6564,717,Ca|Cu|Gd|O|Sr|Tl,3,2,4,2,3,0,4,4,3,3,3
6565,718,Ca|Cu|O|Sr|Tb|Tl,4,2,2,4,0,3,4,0,4,1,3
6566,719,Ca|Cu|Dy|O|Sr|Tl,0,0,0,1,0,0,1,3,4,1,3
6567,720,Ca|Cu|Ho|O|Sr|Tl,0,1,1,3,3,4,4,0,2,2,1
6568,721,Ca|Cu|Er|O|Sr|Tl,1,2,4,2,3,3,3,3,0,0,3
6569,722,Ca|Cu|O|Sr|Tl|Tm,2,1,3,4,4,1,0,3,4,4,4
6570,525,Ca|Cu|O|Sr|Tl|Yb,1,4,1,2,4,3,0,0,1,4,0
6571,723,Ca|Cu|La|O|Sr|Tl,2,1,3,4,3,2,2,3,0,3,1
6572,477,Ca|Ce|Cu|O|Sr|Tl,3,1,1,1,3,3,4,3,0,0,3
6573,223,Ca|Cu|O|Pr|Sr|Tl,0,1,2,3,4,2,2,1,1,0,0
6574,139,Ca|Cu|Nd|O|Sr|Tl,4,2,2,4,1,1,3,3,2,1,0
6575,72,Ca|Cu|O|Sm|Sr|Tl,1,2,1,0,0,0,2,2,2,3,0
6576,724,Ca|Cu|Eu|O|Sr|Tl,4,2,0,0,1,3,2,2,2,4,2
6577,725,Ca|Cu|Lu|O|Sr|Tl,0,1,0,4,0,0,0,2,3,1,4
6578,726,Al|Bi|Ca|Cu|O|Pb|Sr|Y,1,2,2,4,3,2,3,4,1,1,0
6579,694,Ce|Cu|Eu|O|Ru|Sr,4,4,3,2,3,1,3,0,1,4,3
6580,690,Cu|Gd|O|Ru|Sr,0,2,4,2,4,2,2,4,1,4,4
6581,512,Ce|Cu|Gd|O|Ru|Sr,3,2,2,3,4,3,3,4,2,4,4
6582,727,Ca|Cu|Gd|O|Ru|Sr,2,0,4,3,3,1,0,2,4,4,0
6583,12,Ba|Cu|Eu|O,2,3,0,3,4,4,4,2,3,2,0
6584,154,Ba|Cu|Eu|O|Pr,3,1,1,2,0,1,4,0,3,0,0
6585,154,Ba|Cu|Eu|O|Pr,3,1,1,2,0,1,0,4,2,1,4
6586,154,Ba|Cu|Eu|O|Pr,3,1,1,2,0,1,1,2,4,3,3
6587,154,Ba|Cu|Eu|O|Pr,3,1,1,2,0,1,4,0,4,4,0
6588,154,Ba|Cu|Eu|O|Pr,3,1,1,2,0,1,0,1,2,4,2
6589,306,Ba|Cu|Hg|O,4,0,0,2,4,0,0,0,1,4,1
6590,728,Ho|Nb|O,4,0,4,1,4,1,3,4,0,0,2
6591,729,Eu|Nb|O,3,3,3,1,1,4,0,2,2,4,0
6592,49,Bi|Ca|Cu|O|Sr,2,0,2,4,3,0,4,2,0,3,4
6593,83,Bi|Ca|Cu|O|Sr|Y,4,3,2,2,1,2,1,1,3,2,4
6594,83,Bi|Ca|Cu|O|Sr|Y,4,3,2,2,1,2,4,2,4,3,3
6595,83,Bi|Ca|Cu|O|Sr|Y,4,3,2,2,1,2,2,0,0,1,3
6596,83,Bi|Ca|Cu|O|Sr|Y,4,3,2,2,1,2,2,1,4,0,0
6597,100,Bi|Ca|Cu|La|O|Sr,2,4,4,4,1,4,2,2,0,4,3
6598,100,Bi|Ca|Cu|La|O|Sr,2,4,4,4,1,4,4,3,1,1,0
6599,100,Bi|Ca|Cu|La|O|Sr,2,4,4,4,1,4,0,3,4,1,0
6600,100,Bi|Ca|Cu|La|O|Sr,2,4,4,4,1,4,3,1,1,0,2
6601,125,Ba|Cu|O|Tl,0,1,2,3,4,1,3,3,4,2,4
6602,125,Ba|Cu|O|Tl,0,1,2,3,4,1,0,4,1,3,1
6603,11,Ba|Cu|Nd|O,2,2,2,2,1,2,3,0,3,4,4
6604,179,Ba|Cu|Nd|O|Pr,4,0,4,3,0,1,3,0,2,4,1
6605,179,Ba|Cu|Nd|O|Pr,4,0,4,3,0,1,0,3,2,1,4
6606,179,Ba|Cu|Nd|O|Pr,4,0,4,3,0,1,0,3,3,1,1
6607,11,Ba|Cu|Nd|O,2,2,2,2,1,2,1,1,3,4,3
6608,289,Ba|Ca|Cu|Nd|O,3,0,0,3,1,0,1,2,4,0,1
6609,289,Ba|Ca|Cu|Nd|O,3,0,0,3,1,0,0,0,0,3,1
6610,289,Ba|Ca|Cu|Nd|O,3,0,0,3,1,0,3,0,4,0,0
6611,659,Ba|Cu|La|Nd|O,0,4,3,0,4,1,1,0,2,0,0
6612,659,Ba|Cu|La|Nd|O,0,4,3,0,4,1,0,1,1,2,4
6613,659,Ba|Cu|La|Nd|O,0,4,3,0,4,1,4,4,1,0,4
6614,108,Ca|Cu|O|Sr|Tl,4,2,1,1,0,4,1,0,3,4,4
6615,108,Ca|Cu|O|Sr|Tl,4,2,1,1,0,4,3,2,2,0,4
6616,108,Ca|Cu|O|Sr|Tl,4,2,1,1,0,4,2,2,3,2,1
6617,108,Ca|Cu|O|Sr|Tl,4,2,1,1,0,4,0,1,2,2,1
6618,108,Ca|Cu|O|Sr|Tl,4,2,1,1,0,4,3,3,2,1,4
6619,49,Bi|Ca|Cu|O|Sr,2,0,2,4,3,0,0,0,1,3,4
6620,478,Cu|La|O|Pb,4,1,2,3,1,4,3,1,3,1,1
6621,189,Cu|La|O|Pb|Sr,3,0,2,3,3,1,3,4,1,2,3
6622,189,Cu|La|O|Pb|Sr,3,0,2,3,3,1,2,4,0,3,4
6623,189,Cu|La|O|Pb|Sr,3,0,2,3,3,1,3,4,3,1,4
6624,189,Cu|La|O|Pb|Sr,3,0,2,3,3,1,0,2,1,2,0
6625,189,Cu|La|O|Pb|Sr,3,0,2,3,3,1,2,3,1,2,2
6626,49,Bi|Ca|Cu|O|Sr,2,0,2,4,3,0,2,2,0,4,0
6627,257,Bi|Ca|Cu|O|Sn|Sr,2,4,1,3,4,1,3,2,4,1,4
6628,257,Bi|Ca|Cu|O|Sn|Sr,2,4,1,3,4,1,3,2,0,2,2
6629,257,Bi|Ca|Cu|O|Sn|Sr,2,4,1,3,4,1,1,4,2,3,0
6630,257,Bi|Ca|Cu|O|Sn|Sr,2,4,1,3,4,1,3,2,1,4,3
6631,257,Bi|Ca|Cu|O|Sn|Sr,2,4,1,3,4,1,0,1,3,2,1
6632,730,Bi|Cd|Cu|O|Pb|Sr|Y,0,4,0,1,1,1,2,0,0,0,2
6633,249,Bi|Ca|Cu|O|Pr|Sr,4,2,4,2,2,3,1,3,1,3,2
6634,249,Bi|Ca|Cu|O|Pr|Sr,4,2,4,2,2,3,1,3,1,3,1
6635,249,Bi|Ca|Cu|O|Pr|Sr,4,2,4,2,2,3,3,2,0,1,2
6636,250,Ba|Cu|Na|O|Y,1,2,1,3,0,4,3,1,3,4,4
6637,250,Ba|Cu|Na|O|Y,1,2,1,3,0,4,2,3,4,0,1
6638,250,Ba|Cu|Na|O|Y,1,2,1,3,0,4,3,3,1,2,0
6639,250,Ba|Cu|Na|O|Y,1,2,1,3,0,4,2,0,1,3,3
6640,124,Ba|Cu|K|O|Y,4,0,1,4,0,2,3,0,0,2,4
6641,124,Ba|Cu|K|O|Y,4,0,1,4,0,2,3,3,1,3,0
6642,124,Ba|Cu|K|O|Y,4,0,1,4,0,2,2,3,0,1,4
6643,124,Ba|Cu|K|O|Y,4,0,1,4,0,2,2,0,0,3,1
6644,731,Ba|Ca|Cu|Er|La|O,4,1,3,2,2,1,0,4,0,1,3
6645,731,Ba|Ca|Cu|Er|La|O,4,1,3,2,2,1,1,4,3,2,1
6646,731,Ba|Ca|Cu|Er|La|O,4,1,3,2,2,1,3,0,3,3,4
6647,731,Ba|Ca|Cu|Er|La|O,4,1,3,2,2,1,0,2,4,0,4
6648,731,Ba|Ca|Cu|Er|La|O,4,1,3,2,2,1,1,4,2,4,2
6649,731,Ba|Ca|Cu|Er|La|O,4,1,3,2,2,1,2,3,3,0,0
6650,731,Ba|Ca|Cu|Er|La|O,4,1,3,2,2,1,3,3,3,4,2
6651,731,Ba|Ca|Cu|Er|La|O,4,1,3,2,2,1,1,0,1,1,0
6652,731,Ba|Ca|Cu|Er|La|O,4,1,3,2,2,1,3,2,0,0,3
6653,591,Ba|Ca|Cu|Gd|La|O,4,4,4,2,0,4,4,1,0,1,4
6654,591,Ba|Ca|Cu|Gd|La|O,4,4,4,2,0,4,4,0,0,4,3
6655,591,Ba|Ca|Cu|Gd|La|O,4,4,4,2,0,4,0,1,1,2,4
6656,591,Ba|Ca|Cu|Gd|La|O,4,4,4,2,0,4,2,2,2,1,1
6657,591,Ba|Ca|Cu|Gd|La|O,4,4,4,2,0,4,2,4,4,4,4
6658,591,Ba|Ca|Cu|Gd|La|O,4,4,4,2,0,4,1,3,2,2,4
6659,661,O|Ru|Sr,2,0,2,3,0,2,3,4,4,1,0
6660,512,Ce|Cu|Gd|O|Ru|Sr,3,2,2,3,4,3,2,0,3,0,2
6661,512,Ce|Cu|Gd|O|Ru|Sr,3,2,2,3,4,3,3,2,4,1,3
6662,512,Ce|Cu|Gd|O|Ru|Sr,3,2,2,3,4,3,1,2,4,1,0
6663,512,Ce|Cu|Gd|O|Ru|Sr,3,2,2,3,4,3,0,3,2,3,3
6664,512,Ce|Cu|Gd|O|Ru|Sr,3,2,2,3,4,3,1,2,2,1,4
6665,694,Ce|Cu|Eu|O|Ru|Sr,4,4,3,2,3,1,1,3,0,1,1
6666,713,Cu|Eu|O|Ru|Sr,3,1,0,2,1,3,0,3,2,4,2
6667,706,Bi|K|O|Sr,1,0,4,3,3,4,1,0,0,3,4
6668,706,Bi|K|O|Sr,1,0,4,3,3,4,4,0,3,3,4
6669,49,Bi|Ca|Cu|O|Sr,2,0,2,4,3,0,1,1,4,3,1
6670,732,Bi|Ca|Cu|Ni|O|S|Sr,3,4,4,0,4,1,1,1,4,0,0
6671,732,Bi|Ca|Cu|Ni|O|S|Sr,3,4,4,0,4,1,3,3,3,3,4
6672,732,Bi|Ca|Cu|Ni|O|S|Sr,3,4,4,0,4,1,2,0,0,0,4
6673,71,Bi|Ca|Cu|O|Pb|Sr,2,0,4,1,4,1,1,0,0,0,4
6674,8,Ba|Cu|O|Y,0,1,2,1,3,1,0,0,3,2,0
6675,66,Ba|Cu|O|Sr|Y,2,2,3,2,4,1,0,3,0,4,1
6676,66,Ba|Cu|O|Sr|Y,2,2,3,2,4,1,0,4,2,3,4
6677,66,Ba|Cu|O|Sr|Y,2,2,3,2,4,1,0,4,2,3,1
6678,8,Ba|Cu|O|Y,0,1,2,1,3,1,3,2,4,1,3
6679,66,Ba|Cu|O|Sr|Y,2,2,3,2,4,1,3,4,0,3,2
6680,66,Ba|Cu|O|Sr|Y,2,2,3,2,4,1,0,1,2,1,2
6681,66,Ba|Cu|O|Sr|Y,2,2,3,2,4,1,1,3,3,4,3
6682,29,Cu|La|O|Sm|Sr,4,0,3,4,4,0,3,1,0,4,4
6683,733,Cd|O|Re,1,2,1,0,2,2,3,4,0,1,4
6684,733,Cd|O|Re,1,2,1,0,2,2,2,4,2,3,2
6685,733,Cd|O|Re,1,2,1,0,2,2,0,1,2,0,4
6686,734,Ca|Cu|Nd|O|Pb|Sr|Tl,1,3,4,1,2,2,1,3,4,3,2
6687,47,Ba|Ca|Cu|O|Tl,3,2,1,1,4,1,0,3,2,2,2
6688,735,Ba|Nb|O,2,2,1,1,2,1,3,3,1,4,2
6689,735,Ba|Nb|O,2,2,1,1,2,1,3,4,1,0,0
6690,288,Ba|Ca|Cu|La|Nd|O,4,3,1,1,2,2,2,0,3,3,0
6691,288,Ba|Ca|Cu|La|Nd|O,4,3,1,1,2,2,3,1,0,0,4
6692,288,Ba|Ca|Cu|La|Nd|O,4,3,1,1,2,2,0,2,2,4,0
6693,591,Ba|Ca|Cu|Gd|La|O,4,4,4,2,0,4,1,2,3,1,0
6694,591,Ba|Ca|Cu|Gd|La|O,4,4,4,2,0,4,3,4,0,3,3
6695,591,Ba|Ca|Cu|Gd|La|O,4,4,4,2,0,4,4,2,1,1,3
6696,591,Ba|Ca|Cu|Gd|La|O,4,4,4,2,0,4,3,3,3,3,0
6697,736,Ba|Ca|Cu|La|O|Yb,4,4,1,0,3,0,3,4,1,0,4
6698,736,Ba|Ca|Cu|La|O|Yb,4,4,1,0,3,0,1,2,0,1,3
6699,736,Ba|Ca|Cu|La|O|Yb,4,4,1,0,3,0,0,3,3,3,2
6700,736,Ba|Ca|Cu|La|O|Yb,4,4,1,0,3,0,2,1,3,0,3
6701,736,Ba|Ca|Cu|La|O|Yb,4,4,1,0,3,0,0,3,0,2,1
6702,736,Ba|Ca|Cu|La|O|Yb,4,4,1,0,3,0,2,2,2,0,2
6703,736,Ba|Ca|Cu|La|O|Yb,4,4,1,0,3,0,4,4,1,1,0
6704,193,Ba|Ca|Cu|La|O|Y,0,3,3,2,2,3,0,2,1,3,1
6705,193,Ba|Ca|Cu|La|O|Y,0,3,3,2,2,3,1,1,3,0,2
6706,193,Ba|Ca|Cu|La|O|Y,0,3,3,2,2,3,1,3,3,3,0
6707,193,Ba|Ca|Cu|La|O|Y,0,3,3,2,2,3,3,1,4,1,0
6708,193,Ba|Ca|Cu|La|O|Y,0,3,3,2,2,3,4,3,0,0,4
6709,193,Ba|Ca|Cu|La|O|Y,0,3,3,2,2,3,4,0,4,0,0
6710,0,Ba|Cu|La|O,2,4,2,3,0,4,1,3,4,3,2
6711,178,Ba|Cu|La|O|Pr,4,3,3,4,3,2,1,2,0,3,4
6712,178,Ba|Cu|La|O|Pr,4,3,3,4,3,2,1,3,4,2,2
6713,178,Ba|Cu|La|O|Pr,4,3,3,4,3,2,2,4,1,2,1
6714,178,Ba|Cu|La|O|Pr,4,3,3,4,3,2,3,1,1,0,1
6715,178,Ba|Cu|La|O|Pr,4,3,3,4,3,2,0,0,2,3,2
6716,37,Ba|Cu|Ni|O|Y,1,0,2,1,2,2,1,2,2,0,1
6717,40,Ba|Cu|O|Y|Zn,3,1,0,2,1,0,1,0,1,1,1
6718,40,Ba|Cu|O|Y|Zn,3,1,0,2,1,0,1,3,4,3,3
6719,57,Ba|Cu|La|O|Y,4,0,3,4,0,1,3,4,3,0,2
6720,737,Ba|Cu|La|O|Pr|Y,2,3,1,1,1,1,4,1,3,0,4
6721,737,Ba|Cu|La|O|Pr|Y,2,3,1,1,1,1,0,4,1,2,4
6722,737,Ba|Cu|La|O|Pr|Y,2,3,1,1,1,1,0,0,4,3,0
6723,57,Ba|Cu|La|O|Y,4,0,3,4,0,1,0,2,0,4,3
6724,737,Ba|Cu|La|O|Pr|Y,2,3,1,1,1,1,4,3,1,1,4
6725,737,Ba|Cu|La|O|Pr|Y,2,3,1,1,1,1,2,2,3,3,4
6726,102,Ba|Cu|O|Pr|Y,4,2,0,0,3,0,1,2,3,1,1
6727,102,Ba|Cu|O|Pr|Y,4,2,0,0,3,0,1,3,1,3,2
6728,102,Ba|Cu|O|Pr|Y,4,2,0,0,3,0,4,2,2,1,1
6729,102,Ba|Cu|O|Pr|Y,4,2,0,0,3,0,4,0,0,3,1
6730,102,Ba|Cu|O|Pr|Y,4,2,0,0,3,0,1,1,1,2,2
6731,8,Ba|Cu|O|Y,0,1,2,1,3,1,3,2,0,1,1
6732,102,Ba|Cu|O|Pr|Y,4,2,0,0,3,0,0,1,3,1,4
6733,102,Ba|Cu|O|Pr|Y,4,2,0,0,3,0,1,3,1,1,3
6734,102,Ba|Cu|O|Pr|Y,4,2,0,0,3,0,1,4,4,2,1
6735,102,Ba|Cu|O|Pr|Y,4,2,0,0,3,0,2,1,0,0,0
6736,8,Ba|Cu|O|Y,0,1,2,1,3,1,3,3,4,2,4
6737,102,Ba|Cu|O|Pr|Y,4,2,0,0,3,0,0,1,1,1,1
6738,102,Ba|Cu|O|Pr|Y,4,2,0,0,3,0,0,2,1,0,2
6739,102,Ba|Cu|O|Pr|Y,4,2,0,0,3,0,0,2,4,0,2
6740,102,Ba|Cu|O|Pr|Y,4,2,0,0,3,0,0,0,4,0,0
6741,8,Ba|Cu|O|Y,0,1,2,1,3,1,4,0,3,1,2
6742,102,Ba|Cu|O|Pr|Y,4,2,0,0,3,0,4,0,1,1,0
6743,102,Ba|Cu|O|Pr|Y,4,2,0,0,3,0,4,4,4,2,4
6744,102,Ba|Cu|O|Pr|Y,4,2,0,0,3,0,4,3,1,2,1
6745,102,Ba|Cu|O|Pr|Y,4,2,0,0,3,0,1,4,0,1,3
6746,8,Ba|Cu|O|Y,0,1,2,1,3,1,3,0,2,3,3
6747,102,Ba|Cu|O|Pr|Y,4,2,0,0,3,0,1,4,1,2,0
6748,102,Ba|Cu|O|Pr|Y,4,2,0,0,3,0,1,2,0,0,1
6749,0,Ba|Cu|La|O,2,4,2,3,0,4,3,1,3,3,2
6750,738,Ce|Cu|Gd|Hg|O|Sr|W,4,4,4,1,4,0,3,3,4,3,0
6751,739,Ce|Cu|Gd|Hg|Mo|O|Sr,3,4,2,1,4,2,3,4,3,1,3
6752,697,Ce|Cu|O|Sm|Y,3,3,2,3,0,4,0,4,3,2,4
6753,740,Ce|Cu|Eu|O|Y,2,3,3,3,2,2,1,0,3,2,4
6754,740,Ce|Cu|Eu|O|Y,2,3,3,3,2,2,3,0,3,1,0
6755,344,Ce|Cu|Gd|O|Pr,4,2,4,1,4,0,2,0,2,2,1
6756,344,Ce|Cu|Gd|O|Pr,4,2,4,1,4,0,1,4,1,2,1
6757,344,Ce|Cu|Gd|O|Pr,4,2,4,1,4,0,2,0,1,4,4
6758,344,Ce|Cu|Gd|O|Pr,4,2,4,1,4,0,4,4,0,3,4
6759,344,Ce|Cu|Gd|O|Pr,4,2,4,1,4,0,2,1,3,4,0
6760,344,Ce|Cu|Gd|O|Pr,4,2,4,1,4,0,3,3,4,2,3
6761,49,Bi|Ca|Cu|O|Sr,2,0,2,4,3,0,0,4,0,2,2
6762,83,Bi|Ca|Cu|O|Sr|Y,4,3,2,2,1,2,3,1,4,4,3
6763,8,Ba|Cu|O|Y,0,1,2,1,3,1,4,3,2,0,1
6764,8,Ba|Cu|O|Y,0,1,2,1,3,1,2,1,0,4,4
6765,8,Ba|Cu|O|Y,0,1,2,1,3,1,2,4,4,4,4
6766,15,Ba|Cu|Ho|O,0,0,4,0,3,2,3,4,2,1,4
6767,15,Ba|Cu|Ho|O,0,0,4,0,3,2,2,3,4,0,4
6768,39,Ba|Cu|H|O|Y,3,0,2,2,3,2,1,4,1,0,1
6769,39,Ba|Cu|H|O|Y,3,0,2,2,3,2,4,4,2,3,0
6770,39,Ba|Cu|H|O|Y,3,0,2,2,3,2,4,1,1,0,0
6771,39,Ba|Cu|H|O|Y,3,0,2,2,3,2,3,4,1,4,3
6772,31,Ba|Cu|Fe|O|Y,3,2,3,4,1,0,4,1,0,4,0
6773,31,Ba|Cu|Fe|O|Y,3,2,3,4,1,0,1,4,2,3,1
6774,31,Ba|Cu|Fe|O|Y,3,2,3,4,1,0,1,0,0,2,2
6775,31,Ba|Cu|Fe|O|Y,3,2,3,4,1,0,3,0,0,1,4
6776,31,Ba|Cu|Fe|O|Y,3,2,3,4,1,0,0,1,4,2,3
6777,161,Bi|Ce|Cu|O|Sr|Y,2,2,0,2,4,1,2,3,3,0,0
6778,43,Ba|Co|Cu|O|Y,1,2,3,2,1,3,3,4,1,1,2
6779,40,Ba|Cu|O|Y|Zn,3,1,0,2,1,0,4,0,1,1,0
6780,49,Bi|Ca|Cu|O|Sr,2,0,2,4,3,0,2,2,4,2,0
6781,49,Bi|Ca|Cu|O|Sr,2,0,2,4,3,0,4,1,3,3,3
6782,49,Bi|Ca|Cu|O|Sr,2,0,2,4,3,0,3,2,1,2,1
6783,49,Bi|Ca|Cu|O|Sr,2,0,2,4,3,0,0,3,1,1,0
6784,49,Bi|Ca|Cu|O|Sr,2,0,2,4,3,0,0,4,0,4,1
6785,249,Bi|Ca|Cu|O|Pr|Sr,4,2,4,2,2,3,0,3,3,2,2
6786,249,Bi|Ca|Cu|O|Pr|Sr,4,2,4,2,2,3,0,2,3,0,1
6787,249,Bi|Ca|Cu|O|Pr|Sr,4,2,4,2,2,3,3,4,0,4,0
6788,249,Bi|Ca|Cu|O|Pr|Sr,4,2,4,2,2,3,1,3,1,4,4
6789,249,Bi|Ca|Cu|O|Pr|Sr,4,2,4,2,2,3,3,0,2,3,1
6790,249,Bi|Ca|Cu|O|Pr|Sr,4,2,4,2,2,3,0,0,1,3,2
6791,151,Bi|Ca|Cu|Gd|O|Sr,1,4,1,4,4,4,3,3,3,4,4
6792,151,Bi|Ca|Cu|Gd|O|Sr,1,4,1,4,4,4,1,2,4,0,0
6793,151,Bi|Ca|Cu|Gd|O|Sr,1,4,1,4,4,4,0,0,0,3,3
6794,151,Bi|Ca|Cu|Gd|O|Sr,1,4,1,4,4,4,3,3,3,0,0
6795,151,Bi|Ca|Cu|Gd|O|Sr,1,4,1,4,4,4,1,2,0,3,2
6796,130,Bi|Ca|Cu|Er|O|Sr,0,4,1,0,3,2,3,2,3,2,0
6797,130,Bi|Ca|Cu|Er|O|Sr,0,4,1,0,3,2,4,1,3,1,4
6798,130,Bi|Ca|Cu|Er|O|Sr,0,4,1,0,3,2,0,0,2,0,1
6799,2,Cu|La|O|Sr,1,2,3,2,2,0,4,2,4,4,4
6800,2,Cu|La|O|Sr,1,2,3,2,2,0,1,2,4,0,0
6801,2,Cu|La|O|Sr,1,2,3,2,2,0,0,0,1,4,4
6802,2,Cu|La|O|Sr,1,2,3,2,2,0,3,1,1,4,3
6803,2,Cu|La|O|Sr,1,2,3,2,2,0,0,2,0,0,2
6804,2,Cu|La|O|Sr,1,2,3,2,2,0,0,0,1,0,3
6805,2,Cu|La|O|Sr,1,2,3,2,2,0,0,1,1,4,1
6806,2,Cu|La|O|Sr,1,2,3,2,2,0,3,1,1,4,2
6807,2,Cu|La|O|Sr,1,2,3,2,2,0,1,1,0,3,1
6808,2,Cu|La|O|Sr,1,2,3,2,2,0,2,3,1,0,0
6809,2,Cu|La|O|Sr,1,2,3,2,2,0,0,1,3,1,0
6810,2,Cu|La|O|Sr,1,2,3,2,2,0,1,4,2,3,4
6811,102,Ba|Cu|O|Pr|Y,4,2,0,0,3,0,4,0,2,1,4
6812,654,Ba|Ca|Cu|O|Pr,3,0,1,3,0,1,3,2,1,3,4
6813,654,Ba|Ca|Cu|O|Pr,3,0,1,3,0,1,0,3,3,3,3
6814,68,Ba|Bi|K|O,0,1,2,0,3,0,2,4,2,0,2
6815,130,Bi|Ca|Cu|Er|O|Sr,0,4,1,0,3,2,1,3,3,3,1
6816,130,Bi|Ca|Cu|Er|O|Sr,0,4,1,0,3,2,4,4,4,3,0
6817,130,Bi|Ca|Cu|Er|O|Sr,0,4,1,0,3,2,0,0,2,0,0
6818,130,Bi|Ca|Cu|Er|O|Sr,0,4,1,0,3,2,0,3,3,3,3
6819,741,Ba|Cu|Fe|O|Y|Zn,3,4,3,3,0,0,3,2,0,4,1
6820,741,Ba|Cu|Fe|O|Y|Zn,3,4,3,3,0,0,1,4,2,3,0
6821,741,Ba|Cu|Fe|O|Y|Zn,3,4,3,3,0,0,2,0,0,0,0
6822,741,Ba|Cu|Fe|O|Y|Zn,3,4,3,3,0,0,4,3,0,3,3
6823,741,Ba|Cu|Fe|O|Y|Zn,3,4,3,3,0,0,1,1,0,0,1
6824,31,Ba|Cu|Fe|O|Y,3,2,3,4,1,0,2,0,0,4,0
6825,37,Ba|Cu|Ni|O|Y,1,0,2,1,2,2,2,4,0,3,4
6826,742,Ba|Cu|Ga|Ni|O|Y,0,3,3,2,3,1,4,0,0,0,3
6827,742,Ba|Cu|Ga|Ni|O|Y,0,3,3,2,3,1,4,2,1,3,2
6828,742,Ba|Cu|Ga|Ni|O|Y,0,3,3,2,3,1,1,0,3,4,1
6829,742,Ba|Cu|Ga|Ni|O|Y,0,3,3,2,3,1,3,3,2,2,0
6830,742,Ba|Cu|Ga|Ni|O|Y,0,3,3,2,3,1,3,0,2,4,0
6831,55,Ba|Cu|Ga|O|Y,4,2,3,4,3,2,1,4,4,4,4
6832,40,Ba|Cu|O|Y|Zn,3,1,0,2,1,0,3,3,2,1,2
6833,146,Ba|Cu|Ga|O|Y|Zn,4,4,2,1,2,2,4,4,4,3,1
6834,146,Ba|Cu|Ga|O|Y|Zn,4,4,2,1,2,2,4,2,2,0,3
6835,146,Ba|Cu|Ga|O|Y|Zn,4,4,2,1,2,2,4,1,2,4,3
6836,146,Ba|Cu|Ga|O|Y|Zn,4,4,2,1,2,2,0,3,2,4,1
6837,146,Ba|Cu|Ga|O|Y|Zn,4,4,2,1,2,2,2,3,3,0,1
6838,55,Ba|Cu|Ga|O|Y,4,2,3,4,3,2,4,0,3,0,0
6839,40,Ba|Cu|O|Y|Zn,3,1,0,2,1,0,2,0,0,3,3
6840,390,Ba|Cu|Ni|O|Y|Zn,3,1,1,4,4,2,3,0,1,1,0
6841,390,Ba|Cu|Ni|O|Y|Zn,3,1,1,4,4,2,2,4,4,4,0
6842,258,Bi|Ca|Cu|I|O|Sr,3,3,1,0,2,1,1,2,0,0,1
6843,49,Bi|Ca|Cu|O|Sr,2,0,2,4,3,0,2,1,2,2,0
6844,49,Bi|Ca|Cu|O|Sr,2,0,2,4,3,0,3,0,3,2,2
6845,2,Cu|La|O|Sr,1,2,3,2,2,0,4,2,1,0,4
6846,2,Cu|La|O|Sr,1,2,3,2,2,0,0,3,4,2,1
6847,2,Cu|La|O|Sr,1,2,3,2,2,0,0,1,3,2,3
6848,2,Cu|La|O|Sr,1,2,3,2,2,0,0,2,1,2,0
6849,2,Cu|La|O|Sr,1,2,3,2,2,0,2,4,2,3,4
6850,2,Cu|La|O|Sr,1,2,3,2,2,0,2,2,0,1,0
6851,2,Cu|La|O|Sr,1,2,3,2,2,0,2,4,4,4,2
6852,141,Bi|Ca|Cu|Fe|O|Sr,2,1,3,2,4,0,4,3,2,0,0
6853,141,Bi|Ca|Cu|Fe|O|Sr,2,1,3,2,4,0,0,4,4,1,3
6854,141,Bi|Ca|Cu|Fe|O|Sr,2,1,3,2,4,0,4,4,1,3,1
6855,141,Bi|Ca|Cu|Fe|O|Sr,2,1,3,2,4,0,2,1,1,4,3
6856,141,Bi|Ca|Cu|Fe|O|Sr,2,1,3,2,4,0,0,1,3,1,4
6857,709,Bi|Ca|Cu|Ni|O|Sr,4,4,0,3,0,4,3,0,1,4,1
6858,709,Bi|Ca|Cu|Ni|O|Sr,4,4,0,3,0,4,1,2,3,0,3
6859,709,Bi|Ca|Cu|Ni|O|Sr,4,4,0,3,0,4,0,0,4,0,4
6860,473,Bi|Ca|Cu|O|Sr|Zn,1,2,0,0,4,2,0,1,4,0,3
6861,473,Bi|Ca|Cu|O|Sr|Zn,1,2,0,0,4,2,2,4,4,3,3
6862,13,Ba|Cu|Gd|O,2,1,0,3,4,0,2,4,3,3,1
6863,9,Ba|Cu|Er|O,2,0,3,4,4,4,0,0,1,3,1
6864,10,Ba|Cu|O|Tm,3,0,0,3,2,2,2,0,1,1,2
6865,2,Cu|La|O|Sr,1,2,3,2,2,0,3,0,4,3,4
6866,27,Cu|La|O|Pr|Sr,1,1,3,0,0,3,1,1,2,1,3
6867,27,Cu|La|O|Pr|Sr,1,1,3,0,0,3,3,4,0,3,4
6868,27,Cu|La|O|Pr|Sr,1,1,3,0,0,3,0,0,1,4,4
6869,27,Cu|La|O|Pr|Sr,1,1,3,0,0,3,0,0,1,2,2
6870,27,Cu|La|O|Pr|Sr,1,1,3,0,0,3,4,4,2,1,3
6871,27,Cu|La|O|Pr|Sr,1,1,3,0,0,3,1,4,2,2,2
6872,27,Cu|La|O|Pr|Sr,1,1,3,0,0,3,3,2,1,1,3
6873,27,Cu|La|O|Pr|Sr,1,1,3,0,0,3,2,0,0,2,2
6874,27,Cu|La|O|Pr|Sr,1,1,3,0,0,3,4,0,3,2,0
6875,27,Cu|La|O|Pr|Sr,1,1,3,0,0,3,1,3,3,1,3
6876,40,Ba|Cu|O|Y|Zn,3,1,0,2,1,0,1,2,1,4,4
6877,40,Ba|Cu|O|Y|Zn,3,1,0,2,1,0,1,3,1,2,4
6878,40,Ba|Cu|O|Y|Zn,3,1,0,2,1,0,1,3,3,0,0
6879,8,Ba|Cu|O|Y,0,1,2,1,3,1,3,3,1,2,2
6880,8,Ba|Cu|O|Y,0,1,2,1,3,1,3,1,1,1,4
6881,8,Ba|Cu|O|Y,0,1,2,1,3,1,2,0,2,1,4
6882,8,Ba|Cu|O|Y,0,1,2,1,3,1,0,1,4,1,4
6883,8,Ba|Cu|O|Y,0,1,2,1,3,1,0,4,1,0,3
6884,49,Bi|Ca|Cu|O|Sr,2,0,2,4,3,0,1,4,0,4,3
6885,49,Bi|Ca|Cu|O|Sr,2,0,2,4,3,0,2,1,4,2,2
6886,49,Bi|Ca|Cu|O|Sr,2,0,2,4,3,0,0,2,4,2,0
6887,306,Ba|Cu|Hg|O,4,0,0,2,4,0,1,2,0,2,0
6888,743,Ba|Cu|La|O|Sr|Tl,0,1,1,1,1,3,2,2,2,2,4
6889,743,Ba|Cu|La|O|Sr|Tl,0,1,1,1,1,3,1,1,1,3,1
6890,194,Cu|La|O|Sr|Tl,2,1,1,1,0,2,3,0,3,3,2
6891,723,Ca|Cu|La|O|Sr|Tl,2,1,3,4,3,2,0,4,0,3,1
6892,723,Ca|Cu|La|O|Sr|Tl,2,1,3,4,3,2,0,0,4,0,1
6893,744,Ba|Ca|Cu|La|O|Tl,3,2,3,1,2,2,0,1,4,0,3
6894,744,Ba|Ca|Cu|La|O|Tl,3,2,3,1,2,2,0,3,4,3,3
6895,744,Ba|Ca|Cu|La|O|Tl,3,2,3,1,2,2,1,1,1,4,3
6896,62,Ba|Ca|Cu|La|O,1,3,2,0,1,3,3,0,1,3,3
6897,62,Ba|Ca|Cu|La|O,1,3,2,0,1,3,2,3,0,2,0
6898,62,Ba|Ca|Cu|La|O,1,3,2,0,1,3,3,2,2,3,2
6899,62,Ba|Ca|Cu|La|O,1,3,2,0,1,3,4,1,0,1,3
6900,62,Ba|Ca|Cu|La|O,1,3,2,0,1,3,3,1,3,2,4
6901,26,Cu|La|O|Sr|Zn,4,4,3,4,1,2,0,1,2,1,2
6902,26,Cu|La|O|Sr|Zn,4,4,3,4,1,2,2,3,1,4,0
6903,26,Cu|La|O|Sr|Zn,4,4,3,4,1,2,3,4,1,0,3
6904,2,Cu|La|O|Sr,1,2,3,2,2,0,3,1,2,3,0
6905,26,Cu|La|O|Sr|Zn,4,4,3,4,1,2,0,3,4,2,4
6906,26,Cu|La|O|Sr|Zn,4,4,3,4,1,2,2,3,2,3,0
6907,26,Cu|La|O|Sr|Zn,4,4,3,4,1,2,1,0,1,1,1
6908,2,Cu|La|O|Sr,1,2,3,2,2,0,1,1,0,2,4
6909,49,Bi|Ca|Cu|O|Sr,2,0,2,4,3,0,2,1,0,4,3
6910,8,Ba|Cu|O|Y,0,1,2,1,3,1,1,1,0,0,0
6911,4,Ba|Ca|Cu|O|Y,3,0,0,0,2,3,4,2,0,4,3
6912,4,Ba|Ca|Cu|O|Y,3,0,0,0,2,3,0,0,4,3,4
6913,4,Ba|Ca|Cu|O|Y,3,0,0,0,2,3,0,4,4,2,2
6914,8,Ba|Cu|O|Y,0,1,2,1,3,1,2,3,4,3,3
6915,102,Ba|Cu|O|Pr|Y,4,2,0,0,3,0,4,0,1,0,0
6916,102,Ba|Cu|O|Pr|Y,4,2,0,0,3,0,2,0,1,0,1
6917,40,Ba|Cu|O|Y|Zn,3,1,0,2,1,0,0,0,3,4,2
6918,40,Ba|Cu|O|Y|Zn,3,1,0,2,1,0,0,4,0,1,4
6919,40,Ba|Cu|O|Y|Zn,3,1,0,2,1,0,0,0,1,0,4
6920,66,Ba|Cu|O|Sr|Y,2,2,3,2,4,1,2,2,2,0,2
6921,66,Ba|Cu|O|Sr|Y,2,2,3,2,4,1,4,1,4,2,0
6922,66,Ba|Cu|O|Sr|Y,2,2,3,2,4,1,1,3,3,1,4
6923,6,Ba|Cu|O|Yb,2,1,0,1,0,4,2,0,1,2,4
6924,745,Ba|Cu|Ga|O|Yb,1,1,2,2,2,2,0,4,0,4,0
6925,745,Ba|Cu|Ga|O|Yb,1,1,2,2,2,2,0,2,2,4,1
6926,745,Ba|Cu|Ga|O|Yb,1,1,2,2,2,2,1,0,1,0,0
6927,745,Ba|Cu|Ga|O|Yb,1,1,2,2,2,2,4,0,2,2,0
6928,745,Ba|Cu|Ga|O|Yb,1,1,2,2,2,2,1,4,3,2,4
6929,11,Ba|Cu|Nd|O,2,2,2,2,1,2,3,4,2,0,4
6930,746,Ba|Cu|Ga|Nd|O,4,1,3,4,3,4,0,2,0,2,3
6931,746,Ba|Cu|Ga|Nd|O,4,1,3,4,3,4,0,4,0,3,4
6932,746,Ba|Cu|Ga|Nd|O,4,1,3,4,3,4,4,3,2,0,2
6933,9,Ba|Cu|Er|O,2,0,3,4,4,4,3,2,2,2,3
6934,425,Ba|Cu|Er|Ga|O,4,1,1,3,1,2,1,0,3,4,0
6935,425,Ba|Cu|Er|Ga|O,4,1,1,3,1,2,0,4,4,2,1
6936,425,Ba|Cu|Er|Ga|O,4,1,1,3,1,2,0,2,4,4,3
6937,425,Ba|Cu|Er|Ga|O,4,1,1,3,1,2,3,3,2,0,0
6938,425,Ba|Cu|Er|Ga|O,4,1,1,3,1,2,3,0,0,1,3
6939,8,Ba|Cu|O|Y,0,1,2,1,3,1,1,2,0,0,0
6940,55,Ba|Cu|Ga|O|Y,4,2,3,4,3,2,1,3,0,3,2
6941,55,Ba|Cu|Ga|O|Y,4,2,3,4,3,2,4,2,1,2,2
6942,55,Ba|Cu|Ga|O|Y,4,2,3,4,3,2,1,4,2,3,2
6943,55,Ba|Cu|Ga|O|Y,4,2,3,4,3,2,0,3,2,0,4
6944,55,Ba|Cu|Ga|O|Y,4,2,3,4,3,2,1,4,0,1,3
6945,14,Ba|Cu|Dy|O,4,1,4,1,3,3,3,0,4,2,3
6946,747,Ba|Cu|Dy|Ga|O,4,4,2,3,3,3,0,2,4,0,0
6947,747,Ba|Cu|Dy|Ga|O,4,4,2,3,3,3,4,3,4,1,2
6948,747,Ba|Cu|Dy|Ga|O,4,4,2,3,3,3,0,0,3,1,3
6949,747,Ba|Cu|Dy|Ga|O,4,4,2,3,3,3,4,4,1,2,3
6950,748,Ba|Cu|Ga|Gd|O,2,1,0,2,2,4,4,2,1,2,2
6951,748,Ba|Cu|Ga|Gd|O,2,1,0,2,2,4,3,0,2,1,1
6952,12,Ba|Cu|Eu|O,2,3,0,3,4,4,0,0,2,3,3
6953,749,Ba|Cu|Eu|Ga|O,3,4,1,0,1,4,2,4,3,4,0
6954,749,Ba|Cu|Eu|Ga|O,3,4,1,0,1,4,1,1,2,4,0
6955,749,Ba|Cu|Eu|Ga|O,3,4,1,0,1,4,4,0,0,0,3
6956,749,Ba|Cu|Eu|Ga|O,3,4,1,0,1,4,0,2,1,1,2
6957,71,Bi|Ca|Cu|O|Pb|Sr,2,0,4,1,4,1,4,1,4,3,1
6958,413,Bi|Ca|Cu|F|O|Pb|Sr,2,2,4,4,2,2,2,0,0,2,1
6959,8,Ba|Cu|O|Y,0,1,2,1,3,1,2,4,2,2,2
6960,46,Ba|Cu|F|O|Y,2,4,3,3,2,3,0,2,1,2,3
6961,46,Ba|Cu|F|O|Y,2,4,3,3,2,3,3,4,1,1,1
6962,8,Ba|Cu|O|Y,0,1,2,1,3,1,4,4,4,2,0
6963,46,Ba|Cu|F|O|Y,2,4,3,3,2,3,3,4,2,3,1
6964,69,Cu|La|O,2,0,3,0,0,0,3,3,4,3,4
6965,69,Cu|La|O,2,0,3,0,0,0,1,2,4,4,4
6966,69,Cu|La|O,2,0,3,0,0,0,3,1,1,0,1
6967,69,Cu|La|O,2,0,3,0,0,0,1,0,4,2,1
6968,69,Cu|La|O,2,0,3,0,0,0,2,0,1,2,2
6969,69,Cu|La|O,2,0,3,0,0,0,0,3,4,3,4
6970,69,Cu|La|O,2,0,3,0,0,0,3,3,3,0,3
6971,307,Ba|Ca|Cu|Hg|O,2,4,3,2,4,3,0,3,0,4,4
6972,8,Ba|Cu|O|Y,0,1,2,1,3,1,2,0,0,2,2
6973,49,Bi|Ca|Cu|O|Sr,2,0,2,4,3,0,0,3,2,4,4
6974,49,Bi|Ca|Cu|O|Sr,2,0,2,4,3,0,0,0,0,3,0
6975,249,Bi|Ca|Cu|O|Pr|Sr,4,2,4,2,2,3,0,0,1,3,1
6976,249,Bi|Ca|Cu|O|Pr|Sr,4,2,4,2,2,3,2,3,2,3,0
6977,249,Bi|Ca|Cu|O|Pr|Sr,4,2,4,2,2,3,2,4,3,2,0
6978,249,Bi|Ca|Cu|O|Pr|Sr,4,2,4,2,2,3,1,2,1,2,3
6979,249,Bi|Ca|Cu|O|Pr|Sr,4,2,4,2,2,3,3,4,1,4,2
6980,118,Ce|Cu|O|Pr,3,0,4,2,3,3,3,3,4,2,2
6981,71,Bi|Ca|Cu|O|Pb|Sr,2,0,4,1,4,1,1,1,2,3,2
6982,413,Bi|Ca|Cu|F|O|Pb|Sr,2,2,4,4,2,2,2,1,1,2,3
6983,413,Bi|Ca|Cu|F|O|Pb|Sr,2,2,4,4,2,2,0,3,2,2,2
6984,413,Bi|Ca|Cu|F|O|Pb|Sr,2,2,4,4,2,2,3,2,0,0,0
6985,307,Ba|Ca|Cu|Hg|O,2,4,3,2,4,3,3,1,0,0,0
6986,8,Ba|Cu|O|Y,0,1,2,1,3,1,2,1,2,2,4
6987,8,Ba|Cu|O|Y,0,1,2,1,3,1,3,0,2,1,0
6988,74,Ce|Cu|Nd|O,3,3,3,3,3,1,1,2,0,0,0
6989,194,Cu|La|O|Sr|Tl,2,1,1,1,0,2,4,2,2,0,4
6990,743,Ba|Cu|La|O|Sr|Tl,0,1,1,1,1,3,3,2,1,1,0
6991,743,Ba|Cu|La|O|Sr|Tl,0,1,1,1,1,3,4,4,1,3,2
6992,74,Ce|Cu|Nd|O,3,3,3,3,3,1,4,1,0,1,4
6993,175,Ce|Cu|Nd|Ni|O,1,1,3,3,0,0,3,3,4,0,0
6994,175,Ce|Cu|Nd|Ni|O,1,1,3,3,0,0,4,4,0,2,2
6995,175,Ce|Cu|Nd|Ni|O,1,1,3,3,0,0,4,1,2,3,2
6996,175,Ce|Cu|Nd|Ni|O,1,1,3,3,0,0,1,4,1,0,4
6997,175,Ce|Cu|Nd|Ni|O,1,1,3,3,0,0,1,2,3,1,1
6998,750,Ce|Cu|Fe|Nd|O,2,2,2,4,1,0,3,4,4,0,0
6999,750,Ce|Cu|Fe|Nd|O,2,2,2,4,1,0,0,0,4,0,4
7000,750,Ce|Cu|Fe|Nd|O,2,2,2,4,1,0,4,2,2,0,4
7001,750,Ce|Cu|Fe|Nd|O,2,2,2,4,1,0,0,2,4,0,4
7002,176,Ce|Cu|Nd|O|Zn,4,4,2,1,4,4,0,0,3,2,1
7003,176,Ce|Cu|Nd|O|Zn,4,4,2,1,4,4,2,1,0,2,1
7004,176,Ce|Cu|Nd|O|Zn,4,4,2,1,4,4,1,1,4,2,1
7005,176,Ce|Cu|Nd|O|Zn,4,4,2,1,4,4,0,1,1,1,1
7006,176,Ce|Cu|Nd|O|Zn,4,4,2,1,4,4,2,3,3,3,0
7007,176,Ce|Cu|Nd|O|Zn,4,4,2,1,4,4,1,2,4,2,3
7008,176,Ce|Cu|Nd|O|Zn,4,4,2,1,4,4,4,1,4,0,0
7009,176,Ce|Cu|Nd|O|Zn,4,4,2,1,4,4,0,2,0,4,4
7010,176,Ce|Cu|Nd|O|Zn,4,4,2,1,4,4,0,3,2,2,2
7011,8,Ba|Cu|O|Y,0,1,2,1,3,1,4,2,3,0,0
7012,40,Ba|Cu|O|Y|Zn,3,1,0,2,1,0,4,1,2,1,2
7013,40,Ba|Cu|O|Y|Zn,3,1,0,2,1,0,4,0,2,1,1
7014,8,Ba|Cu|O|Y,0,1,2,1,3,1,0,0,3,3,0
7015,8,Ba|Cu|O|Y,0,1,2,1,3,1,3,4,3,0,2
7016,8,Ba|Cu|O|Y,0,1,2,1,3,1,1,4,2,4,0
7017,73,Ba|Cu|La|O|Tl,4,3,2,4,1,3,1,3,4,2,3
7018,73,Ba|Cu|La|O|Tl,4,3,2,4,1,3,4,1,4,1,4
7019,73,Ba|Cu|La|O|Tl,4,3,2,4,1,3,1,0,3,2,2
7020,73,Ba|Cu|La|O|Tl,4,3,2,4,1,3,3,1,4,4,4
7021,12,Ba|Cu|Eu|O,2,3,0,3,4,4,4,1,0,4,2
7022,154,Ba|Cu|Eu|O|Pr,3,1,1,2,0,1,0,3,0,0,0
7023,154,Ba|Cu|Eu|O|Pr,3,1,1,2,0,1,3,2,0,3,0
7024,154,Ba|Cu|Eu|O|Pr,3,1,1,2,0,1,3,0,4,0,0
7025,102,Ba|Cu|O|Pr|Y,4,2,0,0,3,0,1,1,2,4,4
7026,102,Ba|Cu|O|Pr|Y,4,2,0,0,3,0,4,0,4,0,3
7027,102,Ba|Cu|O|Pr|Y,4,2,0,0,3,0,0,3,0,0,3
7028,102,Ba|Cu|O|Pr|Y,4,2,0,0,3,0,1,3,1,2,1
7029,102,Ba|Cu|O|Pr|Y,4,2,0,0,3,0,1,4,2,0,4
7030,102,Ba|Cu|O|Pr|Y,4,2,0,0,3,0,2,0,2,2,2
7031,102,Ba|Cu|O|Pr|Y,4,2,0,0,3,0,1,4,4,1,4
7032,73,Ba|Cu|La|O|Tl,4,3,2,4,1,3,4,3,1,1,1
7033,73,Ba|Cu|La|O|Tl,4,3,2,4,1,3,3,2,1,2,4
7034,73,Ba|Cu|La|O|Tl,4,3,2,4,1,3,3,3,3,2,1
7035,73,Ba|Cu|La|O|Tl,4,3,2,4,1,3,3,4,0,1,1
7036,73,Ba|Cu|La|O|Tl,4,3,2,4,1,3,1,2,4,4,0
7037,194,Cu|La|O|Sr|Tl,2,1,1,1,0,2,2,0,1,0,0
7038,194,Cu|La|O|Sr|Tl,2,1,1,1,0,2,1,2,0,1,4
7039,143,Ba|Ca|Cu|Gd|O|Tl,1,2,4,0,3,4,3,0,1,4,1
7040,717,Ca|Cu|Gd|O|Sr|Tl,3,2,4,2,3,0,3,0,3,2,0
7041,717,Ca|Cu|Gd|O|Sr|Tl,3,2,4,2,3,0,1,4,1,1,2
7042,102,Ba|Cu|O|Pr|Y,4,2,0,0,3,0,3,0,2,2,0
7043,102,Ba|Cu|O|Pr|Y,4,2,0,0,3,0,2,2,2,2,2
7044,102,Ba|Cu|O|Pr|Y,4,2,0,0,3,0,2,4,3,3,4
7045,90,Ca|Cu|O|Pb|Sr|Y,0,3,2,3,4,0,3,0,1,0,1
7046,254,Cu|O|Pb|Sr|Y,4,2,0,3,3,0,0,3,1,3,4
7047,751,Cu|Eu|O|Pb|Sm|Sr,2,0,0,4,1,0,4,4,4,3,2
7048,216,Cu|Nd|O|Sr,4,4,1,1,0,1,3,2,3,4,2
7049,216,Cu|Nd|O|Sr,4,4,1,1,0,1,1,0,1,0,3
7050,306,Ba|Cu|Hg|O,4,0,0,2,4,0,0,4,4,4,4
7051,306,Ba|Cu|Hg|O,4,0,0,2,4,0,2,3,1,1,0
7052,306,Ba|Cu|Hg|O,4,0,0,2,4,0,2,3,3,2,4
7053,306,Ba|Cu|Hg|O,4,0,0,2,4,0,1,3,1,2,2
7054,306,Ba|Cu|Hg|O,4,0,0,2,4,0,1,4,2,0,4
7055,306,Ba|Cu|Hg|O,4,0,0,2,4,0,1,4,2,3,1
7056,306,Ba|Cu|Hg|O,4,0,0,2,4,0,0,4,1,4,2
7057,119,Ce|Cu|O|Sm,1,1,1,1,1,4,0,4,3,2,4
7058,119,Ce|Cu|O|Sm,1,1,1,1,1,4,3,4,0,3,2
7059,119,Ce|Cu|O|Sm,1,1,1,1,1,4,0,2,1,1,3
7060,119,Ce|Cu|O|Sm,1,1,1,1,1,4,0,4,2,2,1
7061,119,Ce|Cu|O|Sm,1,1,1,1,1,4,4,4,0,4,0
7062,119,Ce|Cu|O|Sm,1,1,1,1,1,4,2,0,2,0,3
7063,119,Ce|Cu|O|Sm,1,1,1,1,1,4,4,2,4,0,1
7064,119,Ce|Cu|O|Sm,1,1,1,1,1,4,3,0,4,0,1
7065,370,Ca|Cu|O|Sr,3,3,1,1,0,0,2,0,4,2,0
7066,481,Ba|Ca|Cu|Hg|O|Pb,0,2,0,2,0,3,3,4,3,4,3
7067,49,Bi|Ca|Cu|O|Sr,2,0,2,4,3,0,3,0,3,4,4
7068,481,Ba|Ca|Cu|Hg|O|Pb,0,2,0,2,0,3,1,2,4,1,2
7069,74,Ce|Cu|Nd|O,3,3,3,3,3,1,2,3,2,3,1
7070,119,Ce|Cu|O|Sm,1,1,1,1,1,4,0,3,2,3,4
7071,8,Ba|Cu|O|Y,0,1,2,1,3,1,1,4,1,4,3
7072,8,Ba|Cu|O|Y,0,1,2,1,3,1,1,4,3,2,2
7073,125,Ba|Cu|O|Tl,0,1,2,3,4,1,4,2,2,1,0
7074,108,Ca|Cu|O|Sr|Tl,4,2,1,1,0,4,3,4,0,4,3
7075,43,Ba|Co|Cu|O|Y,1,2,3,2,1,3,2,3,3,0,2
7076,43,Ba|Co|Cu|O|Y,1,2,3,2,1,3,2,0,0,0,0
7077,43,Ba|Co|Cu|O|Y,1,2,3,2,1,3,1,1,2,3,0
7078,43,Ba|Co|Cu|O|Y,1,2,3,2,1,3,4,4,4,0,1
7079,43,Ba|Co|Cu|O|Y,1,2,3,2,1,3,1,3,2,2,4
7080,43,Ba|Co|Cu|O|Y,1,2,3,2,1,3,2,0,2,0,4
7081,43,Ba|Co|Cu|O|Y,1,2,3,2,1,3,2,0,4,3,3
7082,43,Ba|Co|Cu|O|Y,1,2,3,2,1,3,1,2,2,4,0
7083,43,Ba|Co|Cu|O|Y,1,2,3,2,1,3,3,0,0,3,0
7084,378,Ba|C|Ca|Cu|O,2,3,4,2,1,4,0,3,4,4,4
7085,8,Ba|Cu|O|Y,0,1,2,1,3,1,1,2,4,4,3
7086,8,Ba|Cu|O|Y,0,1,2,1,3,1,0,4,2,0,0
7087,71,Bi|Ca|Cu|O|Pb|Sr,2,0,4,1,4,1,4,2,2,0,2
7088,118,Ce|Cu|O|Pr,3,0,4,2,3,3,1,0,1,2,1
7089,74,Ce|Cu|Nd|O,3,3,3,3,3,1,2,4,0,1,1
7090,119,Ce|Cu|O|Sm,1,1,1,1,1,4,3,4,2,2,3
7091,147,Ce|Cu|Eu|O,4,2,3,4,1,1,2,2,3,0,0
7092,481,Ba|Ca|Cu|Hg|O|Pb,0,2,0,2,0,3,0,3,1,2,4
7093,8,Ba|Cu|O|Y,0,1,2,1,3,1,3,3,3,0,1
7094,8,Ba|Cu|O|Y,0,1,2,1,3,1,2,4,1,3,4
7095,8,Ba|Cu|O|Y,0,1,2,1,3,1,3,3,1,1,0
7096,193,Ba|Ca|Cu|La|O|Y,0,3,3,2,2,3,3,3,3,0,3
7097,193,Ba|Ca|Cu|La|O|Y,0,3,3,2,2,3,2,4,0,2,2
7098,193,Ba|Ca|Cu|La|O|Y,0,3,3,2,2,3,3,4,3,2,3
7099,193,Ba|Ca|Cu|La|O|Y,0,3,3,2,2,3,0,3,0,0,1
7100,8,Ba|Cu|O|Y,0,1,2,1,3,1,1,0,4,0,2
7101,8,Ba|Cu|O|Y,0,1,2,1,3,1,3,1,0,0,1
7102,8,Ba|Cu|O|Y,0,1,2,1,3,1,4,1,2,4,4
7103,8,Ba|Cu|O|Y,0,1,2,1,3,1,1,3,2,2,3
7104,8,Ba|Cu|O|Y,0,1,2,1,3,1,1,3,0,0,1
7105,307,Ba|Ca|Cu|Hg|O,2,4,3,2,4,3,2,1,3,1,2
7106,141,Bi|Ca|Cu|Fe|O|Sr,2,1,3,2,4,0,3,0,3,0,3
7107,49,Bi|Ca|Cu|O|Sr,2,0,2,4,3,0,0,1,2,0,1
7108,223,Ca|Cu|O|Pr|Sr|Tl,0,1,2,3,4,2,4,4,3,0,1
7109,223,Ca|Cu|O|Pr|Sr|Tl,0,1,2,3,4,2,1,3,1,1,2
7110,223,Ca|Cu|O|Pr|Sr|Tl,0,1,2,3,4,2,4,3,3,2,1
7111,223,Ca|Cu|O|Pr|Sr|Tl,0,1,2,3,4,2,2,1,3,0,2
7112,718,Ca|Cu|O|Sr|Tb|Tl,4,2,2,4,0,3,1,4,4,2,2
7113,49,Bi|Ca|Cu|O|Sr,2,0,2,4,3,0,3,3,2,0,3
7114,49,Bi|Ca|Cu|O|Sr,2,0,2,4,3,0,3,4,3,2,1
7115,9,Ba|Cu|Er|O,2,0,3,4,4,4,1,1,0,3,1
7116,14,Ba|Cu|Dy|O,4,1,4,1,3,3,4,4,2,1,4
7117,14,Ba|Cu|Dy|O,4,1,4,1,3,3,2,2,4,3,3
7118,11,Ba|Cu|Nd|O,2,2,2,2,1,2,1,3,1,1,0
7119,11,Ba|Cu|Nd|O,2,2,2,2,1,2,2,2,4,3,0
7120,8,Ba|Cu|O|Y,0,1,2,1,3,1,2,2,4,1,0
7121,8,Ba|Cu|O|Y,0,1,2,1,3,1,1,1,4,2,4
7122,8,Ba|Cu|O|Y,0,1,2,1,3,1,2,1,4,2,4
7123,8,Ba|Cu|O|Y,0,1,2,1,3,1,2,2,2,3,3
7124,307,Ba|Ca|Cu|Hg|O,2,4,3,2,4,3,4,0,1,3,3
7125,307,Ba|Ca|Cu|Hg|O,2,4,3,2,4,3,3,4,1,2,1
7126,307,Ba|Ca|Cu|Hg|O,2,4,3,2,4,3,0,2,2,4,0
7127,8,Ba|Cu|O|Y,0,1,2,1,3,1,2,1,0,2,2
7128,8,Ba|Cu|O|Y,0,1,2,1,3,1,4,2,3,0,2
7129,8,Ba|Cu|O|Y,0,1,2,1,3,1,0,1,4,2,2
7130,8,Ba|Cu|O|Y,0,1,2,1,3,1,4,2,3,1,0
7131,8,Ba|Cu|O|Y,0,1,2,1,3,1,2,3,4,1,3
7132,8,Ba|Cu|O|Y,0,1,2,1,3,1,0,3,1,4,0
7133,40,Ba|Cu|O|Y|Zn,3,1,0,2,1,0,2,4,3,4,4
7134,40,Ba|Cu|O|Y|Zn,3,1,0,2,1,0,2,0,4,2,3
7135,40,Ba|Cu|O|Y|Zn,3,1,0,2,1,0,2,2,2,1,0
7136,40,Ba|Cu|O|Y|Zn,3,1,0,2,1,0,0,2,0,1,4
7137,40,Ba|Cu|O|Y|Zn,3,1,0,2,1,0,4,2,2,4,2
7138,40,Ba|Cu|O|Y|Zn,3,1,0,2,1,0,0,1,3,2,2
7139,40,Ba|Cu|O|Y|Zn,3,1,0,2,1,0,3,4,0,1,0
7140,40,Ba|Cu|O|Y|Zn,3,1,0,2,1,0,2,2,4,0,1
7141,40,Ba|Cu|O|Y|Zn,3,1,0,2,1,0,2,4,2,3,1
7142,40,Ba|Cu|O|Y|Zn,3,1,0,2,1,0,4,3,1,4,1
7143,40,Ba|Cu|O|Y|Zn,3,1,0,2,1,0,0,4,1,2,3
7144,40,Ba|Cu|O|Y|Zn,3,1,0,2,1,0,1,4,3,4,4
7145,40,Ba|Cu|O|Y|Zn,3,1,0,2,1,0,1,3,3,4,1
7146,40,Ba|Cu|O|Y|Zn,3,1,0,2,1,0,3,1,2,4,0
7147,40,Ba|Cu|O|Y|Zn,3,1,0,2,1,0,4,2,0,3,2
7148,40,Ba|Cu|O|Y|Zn,3,1,0,2,1,0,1,3,1,4,1
7149,40,Ba|Cu|O|Y|Zn,3,1,0,2,1,0,2,0,1,3,0
7150,40,Ba|Cu|O|Y|Zn,3,1,0,2,1,0,0,0,1,4,1
7151,36,Bi|Cu|O|Sr,2,2,4,1,2,0,2,4,3,4,4
7152,36,Bi|Cu|O|Sr,2,2,4,1,2,0,4,2,4,2,4
7153,8,Ba|Cu|O|Y,0,1,2,1,3,1,1,0,1,2,1
7154,8,Ba|Cu|O|Y,0,1,2,1,3,1,2,0,1,4,2
7155,102,Ba|Cu|O|Pr|Y,4,2,0,0,3,0,0,1,0,2,4
7156,450,Ba|Cu|O|Pr|Sr|Y,4,3,4,2,2,2,2,2,2,4,1
7157,450,Ba|Cu|O|Pr|Sr|Y,4,3,4,2,2,2,1,0,4,4,4
7158,450,Ba|Cu|O|Pr|Sr|Y,4,3,4,2,2,2,1,2,1,2,4
7159,450,Ba|Cu|O|Pr|Sr|Y,4,3,4,2,2,2,2,2,4,2,4
7160,450,Ba|Cu|O|Pr|Sr|Y,4,3,4,2,2,2,4,1,2,0,1
7161,450,Ba|Cu|O|Pr|Sr|Y,4,3,4,2,2,2,1,4,4,3,0
7162,450,Ba|Cu|O|Pr|Sr|Y,4,3,4,2,2,2,4,1,0,4,1
7163,450,Ba|Cu|O|Pr|Sr|Y,4,3,4,2,2,2,1,3,4,4,2
7164,450,Ba|Cu|O|Pr|Sr|Y,4,3,4,2,2,2,4,3,3,2,3
7165,40,Ba|Cu|O|Y|Zn,3,1,0,2,1,0,0,4,4,3,0
7166,40,Ba|Cu|O|Y|Zn,3,1,0,2,1,0,0,0,0,3,3
7167,40,Ba|Cu|O|Y|Zn,3,1,0,2,1,0,0,0,3,3,2
7168,40,Ba|Cu|O|Y|Zn,3,1,0,2,1,0,1,1,0,4,2
7169,69,Cu|La|O,2,0,3,0,0,0,2,3,3,4,0
7170,69,Cu|La|O,2,0,3,0,0,0,1,1,3,4,1
7171,69,Cu|La|O,2,0,3,0,0,0,1,2,1,3,4
7172,69,Cu|La|O,2,0,3,0,0,0,4,2,3,0,4
7173,69,Cu|La|O,2,0,3,0,0,0,4,4,0,1,1
7174,69,Cu|La|O,2,0,3,0,0,0,3,0,3,3,4
7175,69,Cu|La|O,2,0,3,0,0,0,1,2,4,1,4
7176,69,Cu|La|O,2,0,3,0,0,0,4,2,4,3,4
7177,69,Cu|La|O,2,0,3,0,0,0,3,0,2,4,2
7178,8,Ba|Cu|O|Y,0,1,2,1,3,1,3,3,4,0,0
7179,49,Bi|Ca|Cu|O|Sr,2,0,2,4,3,0,2,4,3,4,2
7180,11,Ba|Cu|Nd|O,2,2,2,2,1,2,1,3,2,0,1
7181,746,Ba|Cu|Ga|Nd|O,4,1,3,4,3,4,3,2,4,1,0
7182,752,Ba|Cu|Ga|Nb|O,1,1,3,2,2,4,0,1,2,3,1
7183,746,Ba|Cu|Ga|Nd|O,4,1,3,4,3,4,0,4,3,2,1
7184,752,Ba|Cu|Ga|Nb|O,1,1,3,2,2,4,1,1,0,3,1
7185,752,Ba|Cu|Ga|Nb|O,1,1,3,2,2,4,1,1,0,0,3
7186,752,Ba|Cu|Ga|Nb|O,1,1,3,2,2,4,2,4,4,1,2
7187,752,Ba|Cu|Ga|Nb|O,1,1,3,2,2,4,3,1,4,2,0
7188,752,Ba|Cu|Ga|Nb|O,1,1,3,2,2,4,2,2,0,4,4
7189,746,Ba|Cu|Ga|Nd|O,4,1,3,4,3,4,2,1,1,4,1
7190,752,Ba|Cu|Ga|Nb|O,1,1,3,2,2,4,3,4,4,4,2
7191,71,Bi|Ca|Cu|O|Pb|Sr,2,0,4,1,4,1,4,2,2,1,2
7192,71,Bi|Ca|Cu|O|Pb|Sr,2,0,4,1,4,1,3,2,0,0,2
7193,71,Bi|Ca|Cu|O|Pb|Sr,2,0,4,1,4,1,0,0,4,3,3
7194,37,Ba|Cu|Ni|O|Y,1,0,2,1,2,2,0,1,1,0,1
7195,37,Ba|Cu|Ni|O|Y,1,0,2,1,2,2,3,3,4,1,3
7196,37,Ba|Cu|Ni|O|Y,1,0,2,1,2,2,2,4,2,3,4
7197,37,Ba|Cu|Ni|O|Y,1,0,2,1,2,2,4,4,4,1,3
7198,37,Ba|Cu|Ni|O|Y,1,0,2,1,2,2,1,0,0,1,4
7199,31,Ba|Cu|Fe|O|Y,3,2,3,4,1,0,2,4,1,1,2
7200,31,Ba|Cu|Fe|O|Y,3,2,3,4,1,0,4,2,1,3,4
7201,23,Cu|Fe|La|O|Sr,2,0,1,0,2,4,1,1,0,0,1
7202,753,Cu|Fe|H|La|O|Sr,0,4,4,1,4,0,2,0,1,1,4
7203,753,Cu|Fe|H|La|O|Sr,0,4,4,1,4,0,3,4,4,1,2
7204,753,Cu|Fe|H|La|O|Sr,0,4,4,1,4,0,0,2,3,2,2
7205,753,Cu|Fe|H|La|O|Sr,0,4,4,1,4,0,0,1,0,1,3
7206,23,Cu|Fe|La|O|Sr,2,0,1,0,2,4,0,4,4,3,1
7207,753,Cu|Fe|H|La|O|Sr,0,4,4,1,4,0,4,0,0,1,1
7208,753,Cu|Fe|H|La|O|Sr,0,4,4,1,4,0,4,4,0,0,2
7209,754,Cu|Mo|O|Pr|Sr|Y,2,4,3,4,4,4,4,2,4,0,4
7210,754,Cu|Mo|O|Pr|Sr|Y,2,4,3,4,4,4,0,0,3,3,4
7211,754,Cu|Mo|O|Pr|Sr|Y,2,4,3,4,4,4,4,3,2,4,0
7212,754,Cu|Mo|O|Pr|Sr|Y,2,4,3,4,4,4,0,0,2,0,4
7213,754,Cu|Mo|O|Pr|Sr|Y,2,4,3,4,4,4,4,2,3,3,0
7214,754,Cu|Mo|O|Pr|Sr|Y,2,4,3,4,4,4,1,0,4,0,1
7215,754,Cu|Mo|O|Pr|Sr|Y,2,4,3,4,4,4,2,2,0,3,3
7216,8,Ba|Cu|O|Y,0,1,2,1,3,1,2,4,2,4,4
7217,4,Ba|Ca|Cu|O|Y,3,0,0,0,2,3,3,2,1,0,3
7218,4,Ba|Ca|Cu|O|Y,3,0,0,0,2,3,1,0,3,4,2
7219,4,Ba|Ca|Cu|O|Y,3,0,0,0,2,3,1,2,3,1,4
7220,140,Ca|Cu|O|Pb|Sr|Tl,3,2,2,0,0,4,3,4,0,2,4
7221,47,Ba|Ca|Cu|O|Tl,3,2,1,1,4,1,1,3,4,4,2
7222,47,Ba|Ca|Cu|O|Tl,3,2,1,1,4,1,0,3,1,0,3
7223,47,Ba|Ca|Cu|O|Tl,3,2,1,1,4,1,0,2,1,0,2
7224,422,Ca|Cl|Cu|Na|O,1,0,1,2,0,1,0,2,0,3,3
7225,6,Ba|Cu|O|Yb,2,1,0,1,0,4,3,1,1,4,0
7226,10,Ba|Cu|O|Tm,3,0,0,3,2,2,3,3,2,2,1
7227,15,Ba|Cu|Ho|O,0,0,4,0,3,2,1,1,4,0,1
7228,14,Ba|Cu|Dy|O,4,1,4,1,3,3,4,4,3,3,0
7229,13,Ba|Cu|Gd|O,2,1,0,3,4,0,1,4,0,0,3
7230,17,Ba|Cu|O|Sm,4,0,0,3,4,1,3,4,1,2,0
7231,11,Ba|Cu|Nd|O,2,2,2,2,1,2,2,0,0,2,0
7232,125,Ba|Cu|O|Tl,0,1,2,3,4,1,3,2,3,0,0
7233,47,Ba|Ca|Cu|O|Tl,3,2,1,1,4,1,3,1,3,2,1
7234,47,Ba|Ca|Cu|O|Tl,3,2,1,1,4,1,4,0,1,4,4
7235,47,Ba|Ca|Cu|O|Tl,3,2,1,1,4,1,1,4,2,2,3
7236,125,Ba|Cu|O|Tl,0,1,2,3,4,1,3,3,0,4,1
7237,8,Ba|Cu|O|Y,0,1,2,1,3,1,2,4,3,2,3
7238,8,Ba|Cu|O|Y,0,1,2,1,3,1,1,1,0,0,1
7239,2,Cu|La|O|Sr,1,2,3,2,2,0,2,1,3,0,1
7240,102,Ba|Cu|O|Pr|Y,4,2,0,0,3,0,1,1,1,2,4
7241,102,Ba|Cu|O|Pr|Y,4,2,0,0,3,0,0,4,0,2,1
7242,102,Ba|Cu|O|Pr|Y,4,2,0,0,3,0,3,2,0,1,0
7243,102,Ba|Cu|O|Pr|Y,4,2,0,0,3,0,1,0,4,2,3
7244,102,Ba|Cu|O|Pr|Y,4,2,0,0,3,0,3,1,2,1,4
7245,142,Ba|Ca|Cu|O|Pr|Y,4,2,3,0,3,4,2,1,0,4,4
7246,142,Ba|Ca|Cu|O|Pr|Y,4,2,3,0,3,4,4,1,4,4,1
7247,142,Ba|Ca|Cu|O|Pr|Y,4,2,3,0,3,4,2,3,2,2,2
7248,142,Ba|Ca|Cu|O|Pr|Y,4,2,3,0,3,4,3,3,1,2,0
7249,40,Ba|Cu|O|Y|Zn,3,1,0,2,1,0,3,4,3,2,3
7250,40,Ba|Cu|O|Y|Zn,3,1,0,2,1,0,2,4,2,3,4
7251,40,Ba|Cu|O|Y|Zn,3,1,0,2,1,0,1,1,3,0,2
7252,40,Ba|Cu|O|Y|Zn,3,1,0,2,1,0,1,1,3,1,4
7253,40,Ba|Cu|O|Y|Zn,3,1,0,2,1,0,3,4,4,4,2
7254,40,Ba|Cu|O|Y|Zn,3,1,0,2,1,0,1,1,3,0,0
7255,40,Ba|Cu|O|Y|Zn,3,1,0,2,1,0,4,4,0,4,1
7256,40,Ba|Cu|O|Y|Zn,3,1,0,2,1,0,0,4,3,0,1
7257,40,Ba|Cu|O|Y|Zn,3,1,0,2,1,0,4,4,4,1,2
7258,40,Ba|Cu|O|Y|Zn,3,1,0,2,1,0,2,3,4,1,1
7259,173,Ca|Cu|La|O|Sr,1,2,1,1,0,4,2,1,2,4,3
7260,173,Ca|Cu|La|O|Sr,1,2,1,1,0,4,1,0,2,4,1
7261,8,Ba|Cu|O|Y,0,1,2,1,3,1,1,2,3,1,4
7262,8,Ba|Cu|O|Y,0,1,2,1,3,1,3,2,4,0,2
7263,8,Ba|Cu|O|Y,0,1,2,1,3,1,1,3,3,0,1
7264,8,Ba|Cu|O|Y,0,1,2,1,3,1,4,4,2,3,0
7265,8,Ba|Cu|O|Y,0,1,2,1,3,1,1,2,0,1,1
7266,8,Ba|Cu|O|Y,0,1,2,1,3,1,2,2,3,1,2
7267,8,Ba|Cu|O|Y,0,1,2,1,3,1,3,3,1,3,2
7268,8,Ba|Cu|O|Y,0,1,2,1,3,1,1,1,3,3,4
7269,8,Ba|Cu|O|Y,0,1,2,1,3,1,1,4,3,0,4
7270,8,Ba|Cu|O|Y,0,1,2,1,3,1,4,2,0,3,3
7271,8,Ba|Cu|O|Y,0,1,2,1,3,1,4,2,3,4,3
7272,8,Ba|Cu|O|Y,0,1,2,1,3,1,1,1,3,3,4
7273,49,Bi|Ca|Cu|O|Sr,2,0,2,4,3,0,3,3,3,2,0
7274,362,Ba|Ca|Ce|Cu|Lu|O,1,3,4,1,1,0,1,0,0,1,0
7275,362,Ba|Ca|Ce|Cu|Lu|O,1,3,4,1,1,0,1,0,4,3,1
7276,362,Ba|Ca|Ce|Cu|Lu|O,1,3,4,1,1,0,2,3,4,1,2
7277,362,Ba|Ca|Ce|Cu|Lu|O,1,3,4,1,1,0,1,2,0,3,1
7278,362,Ba|Ca|Ce|Cu|Lu|O,1,3,4,1,1,0,4,1,0,0,2
7279,16,Ba|Cu|Lu|O,0,3,2,3,1,4,1,4,3,2,0
7280,186,Ba|Cu|Lu|O|Pr,2,3,1,4,1,0,0,1,1,1,0
7281,364,Ba|Ca|Cu|Lu|O|Pr,1,3,1,1,4,0,1,3,2,1,2
7282,186,Ba|Cu|Lu|O|Pr,2,3,1,4,1,0,0,4,0,3,4
7283,186,Ba|Cu|Lu|O|Pr,2,3,1,4,1,0,0,3,2,1,3
7284,364,Ba|Ca|Cu|Lu|O|Pr,1,3,1,1,4,0,2,3,1,2,4
7285,186,Ba|Cu|Lu|O|Pr,2,3,1,4,1,0,2,1,4,0,1
7286,364,Ba|Ca|Cu|Lu|O|Pr,1,3,1,1,4,0,1,2,0,3,2
7287,186,Ba|Cu|Lu|O|Pr,2,3,1,4,1,0,2,0,2,4,3
7288,364,Ba|Ca|Cu|Lu|O|Pr,1,3,1,1,4,0,1,4,3,2,3
7289,186,Ba|Cu|Lu|O|Pr,2,3,1,4,1,0,2,0,2,1,3
7290,186,Ba|Cu|Lu|O|Pr,2,3,1,4,1,0,4,1,1,1,3
7291,423,Ba|Cu|Er|Fe|O,4,4,4,2,3,1,2,0,4,0,4
7292,424,Ba|Co|Cu|Er|O,2,4,2,4,0,3,0,2,0,2,2
7293,81,Ba|Cu|Er|Ni|O,0,3,1,2,1,2,3,0,3,3,4
7294,425,Ba|Cu|Er|Ga|O,4,1,1,3,1,2,2,4,3,1,4
7295,111,Ba|Cu|O|Tb|Y,4,3,0,1,0,0,4,0,4,1,4
7296,111,Ba|Cu|O|Tb|Y,4,3,0,1,0,0,3,1,4,0,3
7297,306,Ba|Cu|Hg|O,4,0,0,2,4,0,2,4,2,3,4
7298,306,Ba|Cu|Hg|O,4,0,0,2,4,0,1,2,4,3,3
7299,306,Ba|Cu|Hg|O,4,0,0,2,4,0,4,0,1,3,1
7300,306,Ba|Cu|Hg|O,4,0,0,2,4,0,4,2,1,4,3
7301,306,Ba|Cu|Hg|O,4,0,0,2,4,0,2,2,4,3,0
7302,14,Ba|Cu|Dy|O,4,1,4,1,3,3,1,0,1,4,2
7303,13,Ba|Cu|Gd|O,2,1,0,3,4,0,4,1,4,2,0
7304,12,Ba|Cu|Eu|O,2,3,0,3,4,4,2,2,1,3,2
7305,2,Cu|La|O|Sr,1,2,3,2,2,0,2,2,2,0,0
7306,2,Cu|La|O|Sr,1,2,3,2,2,0,2,3,4,4,3
7307,2,Cu|La|O|Sr,1,2,3,2,2,0,2,2,0,1,3
7308,47,Ba|Ca|Cu|O|Tl,3,2,1,1,4,1,0,2,0,4,3
7309,46,Ba|Cu|F|O|Y,2,4,3,3,2,3,0,2,0,4,3
7310,46,Ba|Cu|F|O|Y,2,4,3,3,2,3,2,0,3,2,0
7311,46,Ba|Cu|F|O|Y,2,4,3,3,2,3,1,3,2,0,0
7312,46,Ba|Cu|F|O|Y,2,4,3,3,2,3,2,0,3,3,4
7313,40,Ba|Cu|O|Y|Zn,3,1,0,2,1,0,3,1,1,2,0
7314,40,Ba|Cu|O|Y|Zn,3,1,0,2,1,0,2,2,3,2,2
7315,40,Ba|Cu|O|Y|Zn,3,1,0,2,1,0,4,4,2,3,0
7316,40,Ba|Cu|O|Y|Zn,3,1,0,2,1,0,2,1,0,0,0
7317,57,Ba|Cu|La|O|Y,4,0,3,4,0,1,1,3,1,4,1
7318,755,Ba|Cu|La|O|Y|Zn,4,4,3,0,1,3,3,2,1,3,1
7319,755,Ba|Cu|La|O|Y|Zn,4,4,3,0,1,3,4,1,4,2,4
7320,755,Ba|Cu|La|O|Y|Zn,4,4,3,0,1,3,1,1,1,0,4
7321,57,Ba|Cu|La|O|Y,4,0,3,4,0,1,0,4,0,0,0
7322,755,Ba|Cu|La|O|Y|Zn,4,4,3,0,1,3,1,0,0,4,2
7323,306,Ba|Cu|Hg|O,4,0,0,2,4,0,4,0,1,1,1
7324,306,Ba|Cu|Hg|O,4,0,0,2,4,0,2,3,2,2,3
7325,306,Ba|Cu|Hg|O,4,0,0,2,4,0,2,4,2,3,2
7326,306,Ba|Cu|Hg|O,4,0,0,2,4,0,4,2,4,1,1
7327,306,Ba|Cu|Hg|O,4,0,0,2,4,0,1,3,2,1,3
7328,306,Ba|Cu|Hg|O,4,0,0,2,4,0,3,0,2,0,0
7329,306,Ba|Cu|Hg|O,4,0,0,2,4,0,2,2,2,1,0
7330,306,Ba|Cu|Hg|O,4,0,0,2,4,0,1,3,4,1,3
7331,306,Ba|Cu|Hg|O,4,0,0,2,4,0,1,1,4,2,1
7332,306,Ba|Cu|Hg|O,4,0,0,2,4,0,0,2,1,0,1
7333,306,Ba|Cu|Hg|O,4,0,0,2,4,0,2,3,2,2,1
7334,281,Ba|Cu|O|Sr|Yb,1,4,2,1,1,0,4,4,3,4,2
7335,756,Ba|Cu|O|Pr|Sr|Yb,3,4,1,1,2,2,2,4,0,2,4
7336,756,Ba|Cu|O|Pr|Sr|Yb,3,4,1,1,2,2,3,0,3,1,3
7337,756,Ba|Cu|O|Pr|Sr|Yb,3,4,1,1,2,2,1,4,3,4,3
7338,756,Ba|Cu|O|Pr|Sr|Yb,3,4,1,1,2,2,0,0,2,1,0
7339,756,Ba|Cu|O|Pr|Sr|Yb,3,4,1,1,2,2,4,2,1,3,3
7340,756,Ba|Cu|O|Pr|Sr|Yb,3,4,1,1,2,2,0,4,0,0,4
7341,756,Ba|Cu|O|Pr|Sr|Yb,3,4,1,1,2,2,3,4,0,3,0
7342,756,Ba|Cu|O|Pr|Sr|Yb,3,4,1,1,2,2,1,2,3,0,3
7343,756,Ba|Cu|O|Pr|Sr|Yb,3,4,1,1,2,2,1,4,1,1,1
7344,756,Ba|Cu|O|Pr|Sr|Yb,3,4,1,1,2,2,3,0,4,3,0
7345,756,Ba|Cu|O|Pr|Sr|Yb,3,4,1,1,2,2,2,1,4,4,2
7346,333,Ba|Cu|Lu|O|Sr,3,0,4,2,3,0,1,3,4,4,3
7347,757,Ba|Cu|Lu|O|Pr|Sr,3,1,0,2,3,2,1,3,2,3,3
7348,757,Ba|Cu|Lu|O|Pr|Sr,3,1,0,2,3,2,2,2,3,2,4
7349,757,Ba|Cu|Lu|O|Pr|Sr,3,1,0,2,3,2,1,4,0,3,3
7350,757,Ba|Cu|Lu|O|Pr|Sr,3,1,0,2,3,2,2,1,3,1,2
7351,757,Ba|Cu|Lu|O|Pr|Sr,3,1,0,2,3,2,2,2,0,0,2
7352,757,Ba|Cu|Lu|O|Pr|Sr,3,1,0,2,3,2,1,3,1,3,2
7353,757,Ba|Cu|Lu|O|Pr|Sr,3,1,0,2,3,2,0,1,0,4,3
7354,757,Ba|Cu|Lu|O|Pr|Sr,3,1,0,2,3,2,2,3,4,3,2
7355,757,Ba|Cu|Lu|O|Pr|Sr,3,1,0,2,3,2,0,1,0,1,3
7356,40,Ba|Cu|O|Y|Zn,3,1,0,2,1,0,2,0,3,0,4
7357,40,Ba|Cu|O|Y|Zn,3,1,0,2,1,0,1,2,4,3,1
7358,40,Ba|Cu|O|Y|Zn,3,1,0,2,1,0,0,4,2,0,4
7359,40,Ba|Cu|O|Y|Zn,3,1,0,2,1,0,4,3,1,1,1
7360,40,Ba|Cu|O|Y|Zn,3,1,0,2,1,0,3,4,1,2,1
7361,40,Ba|Cu|O|Y|Zn,3,1,0,2,1,0,3,1,0,0,2
7362,40,Ba|Cu|O|Y|Zn,3,1,0,2,1,0,1,1,1,2,4
7363,40,Ba|Cu|O|Y|Zn,3,1,0,2,1,0,3,4,0,0,1
7364,40,Ba|Cu|O|Y|Zn,3,1,0,2,1,0,1,1,2,2,3
7365,40,Ba|Cu|O|Y|Zn,3,1,0,2,1,0,4,4,1,4,2
7366,40,Ba|Cu|O|Y|Zn,3,1,0,2,1,0,0,1,0,3,2
7367,40,Ba|Cu|O|Y|Zn,3,1,0,2,1,0,2,0,4,4,2
7368,40,Ba|Cu|O|Y|Zn,3,1,0,2,1,0,0,4,1,3,3
7369,62,Ba|Ca|Cu|La|O,1,3,2,0,1,3,3,2,0,1,4
7370,62,Ba|Ca|Cu|La|O,1,3,2,0,1,3,4,1,4,4,1
7371,62,Ba|Ca|Cu|La|O,1,3,2,0,1,3,4,3,3,4,1
7372,62,Ba|Ca|Cu|La|O,1,3,2,0,1,3,3,1,4,1,3
7373,62,Ba|Ca|Cu|La|O,1,3,2,0,1,3,3,2,1,3,2
7374,62,Ba|Ca|Cu|La|O,1,3,2,0,1,3,2,1,2,1,0
7375,62,Ba|Ca|Cu|La|O,1,3,2,0,1,3,1,4,4,3,3
7376,62,Ba|Ca|Cu|La|O,1,3,2,0,1,3,2,3,3,1,2
7377,758,Ce|In|Ir,1,1,2,1,3,2,3,0,1,1,1
7378,759,Ce|Co|In,3,3,3,2,1,0,1,2,2,4,1
7379,760,Ce|Co|In|Sn,1,2,1,4,2,4,3,2,1,2,1
7380,760,Ce|Co|In|Sn,1,2,1,4,2,4,3,0,4,0,1
7381,760,Ce|Co|In|Sn,1,2,1,4,2,4,1,1,1,3,4
7382,761,B|C|Ni|Y,0,3,0,0,3,2,2,4,2,2,1
7383,762,O|Os|Rb,1,1,4,0,3,1,3,2,4,3,3
7384,763,Co|H|Na|O,1,4,2,2,1,4,2,2,4,3,3
7385,36,Bi|Cu|O|Sr,2,2,4,1,2,0,2,1,2,3,4
7386,120,Bi|Cu|La|O|Sr,1,3,1,3,0,0,2,2,4,2,4
7387,654,Ba|Ca|Cu|O|Pr,3,0,1,3,0,1,3,2,0,4,3
7388,24,Co|Cu|La|O|Sr,2,4,2,4,3,1,1,1,4,4,4
7389,24,Co|Cu|La|O|Sr,2,4,2,4,3,1,1,3,0,4,1
7390,24,Co|Cu|La|O|Sr,2,4,2,4,3,1,3,1,0,2,3
7391,764,Ce|Cu|La|O|Pr,0,0,1,4,1,3,2,3,2,4,2
7392,764,Ce|Cu|La|O|Pr,0,0,1,4,1,3,4,2,3,0,1
7393,764,Ce|Cu|La|O|Pr,0,0,1,4,1,3,4,4,4,1,4
7394,31,Ba|Cu|Fe|O|Y,3,2,3,4,1,0,2,4,3,4,1
7395,31,Ba|Cu|Fe|O|Y,3,2,3,4,1,0,2,2,2,3,0
7396,31,Ba|Cu|Fe|O|Y,3,2,3,4,1,0,4,2,4,2,2
7397,31,Ba|Cu|Fe|O|Y,3,2,3,4,1,0,3,3,3,1,0
7398,8,Ba|Cu|O|Y,0,1,2,1,3,1,1,4,2,4,0
7399,31,Ba|Cu|Fe|O|Y,3,2,3,4,1,0,4,4,4,1,2
7400,31,Ba|Cu|Fe|O|Y,3,2,3,4,1,0,2,1,0,2,4
7401,31,Ba|Cu|Fe|O|Y,3,2,3,4,1,0,2,1,0,0,3
7402,31,Ba|Cu|Fe|O|Y,3,2,3,4,1,0,1,4,0,4,1
7403,31,Ba|Cu|Fe|O|Y,3,2,3,4,1,0,1,2,0,2,0
7404,31,Ba|Cu|Fe|O|Y,3,2,3,4,1,0,1,2,4,3,3
7405,31,Ba|Cu|Fe|O|Y,3,2,3,4,1,0,0,2,1,2,4
7406,31,Ba|Cu|Fe|O|Y,3,2,3,4,1,0,0,4,3,4,4
7407,28,Cu|La|Nd|O|Sr,3,3,0,3,1,0,3,4,3,0,4
7408,28,Cu|La|Nd|O|Sr,3,3,0,3,1,0,2,4,2,3,4
7409,8,Ba|Cu|O|Y,0,1,2,1,3,1,3,1,1,0,2
7410,8,Ba|Cu|O|Y,0,1,2,1,3,1,3,4,0,1,3
7411,8,Ba|Cu|O|Y,0,1,2,1,3,1,1,4,2,4,3
7412,463,Cr|Cu|Hg|O|Sr,0,0,3,0,1,2,2,0,1,4,0
7413,49,Bi|Ca|Cu|O|Sr,2,0,2,4,3,0,3,3,2,2,2
7414,258,Bi|Ca|Cu|I|O|Sr,3,3,1,0,2,1,2,0,3,0,1
7415,653,Cu|Gd|O|Sr,4,1,1,2,3,4,3,3,3,4,4
7416,8,Ba|Cu|O|Y,0,1,2,1,3,1,1,3,4,2,3
7417,8,Ba|Cu|O|Y,0,1,2,1,3,1,0,2,1,1,1
7418,8,Ba|Cu|O|Y,0,1,2,1,3,1,0,4,3,1,3
7419,8,Ba|Cu|O|Y,0,1,2,1,3,1,0,0,4,3,1
7420,8,Ba|Cu|O|Y,0,1,2,1,3,1,1,1,2,1,4
7421,8,Ba|Cu|O|Y,0,1,2,1,3,1,2,4,1,3,2
7422,8,Ba|Cu|O|Y,0,1,2,1,3,1,1,0,4,0,4
7423,8,Ba|Cu|O|Y,0,1,2,1,3,1,1,1,2,4,3
7424,8,Ba|Cu|O|Y,0,1,2,1,3,1,1,0,1,0,4
7425,8,Ba|Cu|O|Y,0,1,2,1,3,1,3,2,0,0,1
7426,733,Cd|O|Re,1,2,1,0,2,2,4,3,4,1,0
7427,765,Cl|Cu|O|Sr,0,3,3,1,1,0,4,2,2,1,3
7428,765,Cl|Cu|O|Sr,0,3,3,1,1,0,4,4,4,2,3
7429,765,Cl|Cu|O|Sr,0,3,3,1,1,0,1,0,0,1,1
7430,765,Cl|Cu|O|Sr,0,3,3,1,1,0,2,4,4,3,2
7431,22,Cu|La|Mn|O|Sr,4,0,3,2,0,4,3,4,2,0,1
7432,22,Cu|La|Mn|O|Sr,4,0,3,2,0,4,4,0,2,1,4
7433,22,Cu|La|Mn|O|Sr,4,0,3,2,0,4,0,0,2,3,2
7434,22,Cu|La|Mn|O|Sr,4,0,3,2,0,4,2,2,0,3,4
7435,22,Cu|La|Mn|O|Sr,4,0,3,2,0,4,2,1,1,0,4
7436,766,Ba|C|Cu|O|Y,0,1,2,4,3,3,0,3,1,0,0
7437,766,Ba|C|Cu|O|Y,0,1,2,4,3,3,1,1,4,0,1
7438,766,Ba|C|Cu|O|Y,0,1,2,4,3,3,3,0,0,4,3
7439,766,Ba|C|Cu|O|Y,0,1,2,4,3,3,2,1,4,0,2
7440,767,Ba|Cu|Hg|O|Tl|Y,3,4,1,3,4,2,1,0,4,2,3
7441,515,Ba|Ca|Cu|Hg|O|Tl|Y,0,3,4,1,1,0,0,3,2,3,4
7442,515,Ba|Ca|Cu|Hg|O|Tl|Y,0,3,4,1,1,0,1,1,0,4,3
7443,515,Ba|Ca|Cu|Hg|O|Tl|Y,0,3,4,1,1,0,3,2,4,1,4
7444,515,Ba|Ca|Cu|Hg|O|Tl|Y,0,3,4,1,1,0,4,4,2,3,1
7445,515,Ba|Ca|Cu|Hg|O|Tl|Y,0,3,4,1,1,0,4,2,1,3,0
7446,515,Ba|Ca|Cu|Hg|O|Tl|Y,0,3,4,1,1,0,1,2,3,1,0
7447,515,Ba|Ca|Cu|Hg|O|Tl|Y,0,3,4,1,1,0,4,4,0,2,0
7448,515,Ba|Ca|Cu|Hg|O|Tl|Y,0,3,4,1,1,0,1,3,3,2,1
7449,515,Ba|Ca|Cu|Hg|O|Tl|Y,0,3,4,1,1,0,1,1,3,4,4
7450,515,Ba|Ca|Cu|Hg|O|Tl|Y,0,3,4,1,1,0,0,2,1,0,2
7451,515,Ba|Ca|Cu|Hg|O|Tl|Y,0,3,4,1,1,0,3,3,2,2,0
7452,515,Ba|Ca|Cu|Hg|O|Tl|Y,0,3,4,1,1,0,4,3,4,0,1
7453,515,Ba|Ca|Cu|Hg|O|Tl|Y,0,3,4,1,1,0,2,3,4,2,0
7454,515,Ba|Ca|Cu|Hg|O|Tl|Y,0,3,4,1,1,0,1,4,1,4,1
7455,515,Ba|Ca|Cu|Hg|O|Tl|Y,0,3,4,1,1,0,1,3,2,1,0
7456,515,Ba|Ca|Cu|Hg|O|Tl|Y,0,3,4,1,1,0,0,4,4,3,0
7457,372,Ba|Ca|Cu|Hg|O|Tl,0,3,2,1,4,2,0,3,4,0,4
7458,372,Ba|Ca|Cu|Hg|O|Tl,0,3,2,1,4,2,0,2,0,0,0
7459,372,Ba|Ca|Cu|Hg|O|Tl,0,3,2,1,4,2,2,1,1,4,4
7460,372,Ba|Ca|Cu|Hg|O|Tl,0,3,2,1,4,2,2,2,3,4,0
7461,372,Ba|Ca|Cu|Hg|O|Tl,0,3,2,1,4,2,2,0,1,0,3
7462,372,Ba|Ca|Cu|Hg|O|Tl,0,3,2,1,4,2,2,2,3,2,0
7463,372,Ba|Ca|Cu|Hg|O|Tl,0,3,2,1,4,2,4,1,2,0,1
7464,372,Ba|Ca|Cu|Hg|O|Tl,0,3,2,1,4,2,4,1,3,3,2
7465,372,Ba|Ca|Cu|Hg|O|Tl,0,3,2,1,4,2,3,1,2,0,3
7466,372,Ba|Ca|Cu|Hg|O|Tl,0,3,2,1,4,2,2,2,4,3,4
7467,372,Ba|Ca|Cu|Hg|O|Tl,0,3,2,1,4,2,3,1,4,3,0
7468,372,Ba|Ca|Cu|Hg|O|Tl,0,3,2,1,4,2,1,2,1,4,4
7469,372,Ba|Ca|Cu|Hg|O|Tl,0,3,2,1,4,2,4,4,0,4,3
7470,768,Bi|Ca|Cu|O|Pb|Sr|Tl,0,0,1,2,1,3,1,4,4,0,0
7471,8,Ba|Cu|O|Y,0,1,2,1,3,1,2,1,4,3,1
7472,306,Ba|Cu|Hg|O,4,0,0,2,4,0,0,3,3,4,4
7473,4,Ba|Ca|Cu|O|Y,3,0,0,0,2,3,1,0,2,2,2
7474,429,Ba|Ca|Cu|O|Y|Zn,1,4,1,2,3,0,1,3,1,3,0
7475,429,Ba|Ca|Cu|O|Y|Zn,1,4,1,2,3,0,0,4,0,3,0
7476,429,Ba|Ca|Cu|O|Y|Zn,1,4,1,2,3,0,0,1,1,1,3
7477,8,Ba|Cu|O|Y,0,1,2,1,3,1,0,2,0,2,3
7478,372,Ba|Ca|Cu|Hg|O|Tl,0,3,2,1,4,2,4,4,4,3,3
7479,372,Ba|Ca|Cu|Hg|O|Tl,0,3,2,1,4,2,0,1,1,2,4
7480,769,Ba|Cu|Fe|O|Sr|Yb,1,3,2,1,2,2,0,2,1,0,0
7481,770,Ba|Cu|Fe|O|Sr|Tm,2,4,4,2,1,3,3,4,4,1,3
7482,771,Ba|Cu|Er|Fe|O|Sr,3,3,1,2,3,4,1,3,4,1,2
7483,772,Ba|Cu|Fe|O|Sr|Y,4,2,1,2,4,1,0,0,3,4,1
7484,773,Ba|Cu|Fe|Ho|O|Sr,4,2,1,0,4,4,4,1,1,4,4
7485,774,Ba|Cu|Dy|Fe|O|Sr,0,4,1,4,3,0,0,0,4,0,3
7486,775,Ca|Cu|Fe|Hg|O|Sr|Y,0,0,4,3,4,3,2,4,2,1,1
7487,775,Ca|Cu|Fe|Hg|O|Sr|Y,0,0,4,3,4,3,1,1,2,3,3
7488,775,Ca|Cu|Fe|Hg|O|Sr|Y,0,0,4,3,4,3,1,2,3,3,2
7489,775,Ca|Cu|Fe|Hg|O|Sr|Y,0,0,4,3,4,3,1,1,0,3,2
7490,775,Ca|Cu|Fe|Hg|O|Sr|Y,0,0,4,3,4,3,0,1,1,2,4
7491,775,Ca|Cu|Fe|Hg|O|Sr|Y,0,0,4,3,4,3,0,1,3,1,4
7492,775,Ca|Cu|Fe|Hg|O|Sr|Y,0,0,4,3,4,3,1,1,2,1,3
7493,136,Bi|Cu|O|Pb|Sr,2,4,0,4,3,1,4,3,4,1,4
7494,136,Bi|Cu|O|Pb|Sr,2,4,0,4,3,1,3,0,4,2,4
7495,169,Bi|Cu|La|O|Pb|Sr,1,0,1,2,2,1,3,3,1,3,1
7496,169,Bi|Cu|La|O|Pb|Sr,1,0,1,2,2,1,3,4,1,3,3
7497,642,Ce|Cu|Mo|O|Sr|Y,3,2,2,1,2,3,0,1,4,0,4
7498,642,Ce|Cu|Mo|O|Sr|Y,3,2,2,1,2,3,4,0,4,4,4
7499,268,Cu|Mo|O|Sr|Y,4,2,1,1,2,0,3,4,0,1,3
7500,776,Ce|Cu|Mo|O|Sr|Yb,2,0,3,0,4,3,4,4,4,3,1
7501,777,Ce|Cu|Ho|Mo|O|Sr,3,3,0,1,3,3,1,0,4,4,2
7502,642,Ce|Cu|Mo|O|Sr|Y,3,2,2,1,2,3,2,1,2,4,0
7503,778,Ce|Cu|Dy|Mo|O|Sr,4,1,2,2,3,3,0,3,1,0,0
7504,779,Ce|Cu|Gd|Mo|O|Sr,0,0,2,1,2,2,3,1,0,3,0
7505,780,Ce|Cu|Eu|Mo|O|Sr,1,4,3,4,3,1,4,2,4,1,4
7506,781,Ce|Cu|Mo|Nd|O|Sr,3,1,1,1,0,3,0,3,0,1,0
7507,782,Ce|Cu|La|Mo|O|Sr,1,3,3,1,2,3,3,3,4,2,3
7508,783,K|O|Os,3,1,1,2,3,3,1,0,0,3,2
7509,71,Bi|Ca|Cu|O|Pb|Sr,2,0,4,1,4,1,4,0,3,0,4
7510,302,Bi|Ca|Cu|O|Pb|Sm|Sr,4,0,1,3,0,4,0,2,3,0,4
7511,302,Bi|Ca|Cu|O|Pb|Sm|Sr,4,0,1,3,0,4,1,1,3,3,4
7512,302,Bi|Ca|Cu|O|Pb|Sm|Sr,4,0,1,3,0,4,3,4,1,4,3
7513,302,Bi|Ca|Cu|O|Pb|Sm|Sr,4,0,1,3,0,4,0,3,1,4,1
7514,302,Bi|Ca|Cu|O|Pb|Sm|Sr,4,0,1,3,0,4,0,4,3,2,0
7515,302,Bi|Ca|Cu|O|Pb|Sm|Sr,4,0,1,3,0,4,4,2,2,0,4
7516,120,Bi|Cu|La|O|Sr,1,3,1,3,0,0,0,3,0,0,3
7517,120,Bi|Cu|La|O|Sr,1,3,1,3,0,0,4,1,2,1,1
7518,120,Bi|Cu|La|O|Sr,1,3,1,3,0,0,0,3,2,2,2
7519,120,Bi|Cu|La|O|Sr,1,3,1,3,0,0,0,4,0,0,4
7520,120,Bi|Cu|La|O|Sr,1,3,1,3,0,0,0,3,0,3,0
7521,120,Bi|Cu|La|O|Sr,1,3,1,3,0,0,1,4,2,1,3
7522,120,Bi|Cu|La|O|Sr,1,3,1,3,0,0,4,4,0,2,0
7523,120,Bi|Cu|La|O|Sr,1,3,1,3,0,0,1,0,1,2,3
7524,36,Bi|Cu|O|Sr,2,2,4,1,2,0,4,1,0,4,4
7525,6,Ba|Cu|O|Yb,2,1,0,1,0,4,3,3,2,1,1
7526,354,Ba|Cu|O|Yb|Zn,0,2,3,1,3,0,4,1,2,1,0
7527,354,Ba|Cu|O|Yb|Zn,0,2,3,1,3,0,2,2,0,1,4
7528,354,Ba|Cu|O|Yb|Zn,0,2,3,1,3,0,4,4,0,1,4
7529,354,Ba|Cu|O|Yb|Zn,0,2,3,1,3,0,1,0,2,3,2
7530,9,Ba|Cu|Er|O,2,0,3,4,4,4,0,0,4,0,3
7531,82,Ba|Cu|Er|O|Zn,2,2,1,0,1,4,4,3,2,3,3
7532,82,Ba|Cu|Er|O|Zn,2,2,1,0,1,4,2,3,2,1,1
7533,82,Ba|Cu|Er|O|Zn,2,2,1,0,1,4,4,0,3,2,4
7534,82,Ba|Cu|Er|O|Zn,2,2,1,0,1,4,3,2,2,0,0
7535,82,Ba|Cu|Er|O|Zn,2,2,1,0,1,4,1,1,0,4,1
7536,82,Ba|Cu|Er|O|Zn,2,2,1,0,1,4,3,3,2,1,3
7537,82,Ba|Cu|Er|O|Zn,2,2,1,0,1,4,2,0,2,4,0
7538,40,Ba|Cu|O|Y|Zn,3,1,0,2,1,0,0,2,0,4,4
7539,40,Ba|Cu|O|Y|Zn,3,1,0,2,1,0,1,0,4,2,1
7540,40,Ba|Cu|O|Y|Zn,3,1,0,2,1,0,1,1,1,3,3
7541,40,Ba|Cu|O|Y|Zn,3,1,0,2,1,0,1,3,4,4,3
7542,40,Ba|Cu|O|Y|Zn,3,1,0,2,1,0,0,1,2,1,2
7543,40,Ba|Cu|O|Y|Zn,3,1,0,2,1,0,3,3,2,1,4
7544,40,Ba|Cu|O|Y|Zn,3,1,0,2,1,0,0,4,0,4,1
7545,80,Ba|Cu|Dy|O|Zn,2,2,2,1,2,4,2,4,3,2,1
7546,80,Ba|Cu|Dy|O|Zn,2,2,2,1,2,4,0,3,0,0,4
7547,80,Ba|Cu|Dy|O|Zn,2,2,2,1,2,4,4,2,2,0,1
7548,80,Ba|Cu|Dy|O|Zn,2,2,2,1,2,4,4,3,4,4,0
7549,80,Ba|Cu|Dy|O|Zn,2,2,2,1,2,4,2,1,3,1,0
7550,80,Ba|Cu|Dy|O|Zn,2,2,2,1,2,4,2,2,1,1,4
7551,13,Ba|Cu|Gd|O,2,1,0,3,4,0,3,4,4,2,0
7552,78,Ba|Cu|Gd|O|Zn,3,3,3,4,2,0,0,1,2,3,1
7553,78,Ba|Cu|Gd|O|Zn,3,3,3,4,2,0,3,4,4,3,4
7554,78,Ba|Cu|Gd|O|Zn,3,3,3,4,2,0,2,2,2,0,1
7555,78,Ba|Cu|Gd|O|Zn,3,3,3,4,2,0,4,2,1,4,2
7556,78,Ba|Cu|Gd|O|Zn,3,3,3,4,2,0,3,2,1,3,2
7557,78,Ba|Cu|Gd|O|Zn,3,3,3,4,2,0,4,4,3,2,3
7558,78,Ba|Cu|Gd|O|Zn,3,3,3,4,2,0,0,4,3,3,0
7559,148,Ba|Cu|Eu|O|Zn,4,0,1,1,2,2,2,4,3,2,1
7560,148,Ba|Cu|Eu|O|Zn,4,0,1,1,2,2,2,3,3,4,4
7561,148,Ba|Cu|Eu|O|Zn,4,0,1,1,2,2,3,4,3,2,4
7562,148,Ba|Cu|Eu|O|Zn,4,0,1,1,2,2,1,0,4,2,0
7563,148,Ba|Cu|Eu|O|Zn,4,0,1,1,2,2,2,4,2,0,0
7564,148,Ba|Cu|Eu|O|Zn,4,0,1,1,2,2,1,3,4,2,3
7565,148,Ba|Cu|Eu|O|Zn,4,0,1,1,2,2,3,2,0,2,0
7566,17,Ba|Cu|O|Sm,4,0,0,3,4,1,1,3,2,2,2
7567,355,Ba|Cu|O|Sm|Zn,0,3,3,0,1,4,2,4,1,3,2
7568,355,Ba|Cu|O|Sm|Zn,0,3,3,0,1,4,1,2,3,2,1
7569,355,Ba|Cu|O|Sm|Zn,0,3,3,0,1,4,1,0,3,1,4
7570,355,Ba|Cu|O|Sm|Zn,0,3,3,0,1,4,3,4,4,4,2
7571,355,Ba|Cu|O|Sm|Zn,0,3,3,0,1,4,3,2,2,3,4
7572,355,Ba|Cu|O|Sm|Zn,0,3,3,0,1,4,1,0,0,0,3
7573,11,Ba|Cu|Nd|O,2,2,2,2,1,2,4,0,3,3,1
7574,76,Ba|Cu|Nd|O|Zn,0,1,2,0,2,1,3,2,1,0,2
7575,76,Ba|Cu|Nd|O|Zn,0,1,2,0,2,1,0,2,3,1,1
7576,76,Ba|Cu|Nd|O|Zn,0,1,2,0,2,1,2,2,1,1,2
7577,76,Ba|Cu|Nd|O|Zn,0,1,2,0,2,1,1,4,2,4,3
7578,76,Ba|Cu|Nd|O|Zn,0,1,2,0,2,1,3,3,2,2,0
7579,76,Ba|Cu|Nd|O|Zn,0,1,2,0,2,1,4,3,0,4,0
7580,49,Bi|Ca|Cu|O|Sr,2,0,2,4,3,0,1,0,0,1,0
7581,17,Ba|Cu|O|Sm,4,0,0,3,4,1,4,4,2,0,4
7582,784,Ba|Cu|Fe|O|Sm,4,1,0,0,3,1,0,4,4,4,0
7583,784,Ba|Cu|Fe|O|Sm,4,1,0,0,3,1,1,1,4,1,4
7584,784,Ba|Cu|Fe|O|Sm,4,1,0,0,3,1,1,2,2,3,4
7585,784,Ba|Cu|Fe|O|Sm,4,1,0,0,3,1,2,4,4,2,4
7586,784,Ba|Cu|Fe|O|Sm,4,1,0,0,3,1,3,4,2,3,2
7587,784,Ba|Cu|Fe|O|Sm,4,1,0,0,3,1,1,3,2,4,0
7588,784,Ba|Cu|Fe|O|Sm,4,1,0,0,3,1,0,2,1,2,0
7589,14,Ba|Cu|Dy|O,4,1,4,1,3,3,3,4,3,4,0
7590,785,Ba|Cu|Dy|Fe|O,0,2,1,2,1,0,4,3,1,1,0
7591,785,Ba|Cu|Dy|Fe|O,0,2,1,2,1,0,0,0,1,1,3
7592,785,Ba|Cu|Dy|Fe|O,0,2,1,2,1,0,4,2,3,1,1
7593,785,Ba|Cu|Dy|Fe|O,0,2,1,2,1,0,4,1,2,4,0
7594,785,Ba|Cu|Dy|Fe|O,0,2,1,2,1,0,0,4,1,1,1
7595,785,Ba|Cu|Dy|Fe|O,0,2,1,2,1,0,0,0,3,4,1
7596,785,Ba|Cu|Dy|Fe|O,0,2,1,2,1,0,4,2,4,3,0
7597,17,Ba|Cu|O|Sm,4,0,0,3,4,1,3,0,2,2,4
7598,786,Ba|Cu|Ni|O|Sm,3,4,3,1,3,2,0,1,3,1,0
7599,787,Cu|Ni|O|Sm,1,3,2,0,3,1,4,2,2,1,3
7600,786,Ba|Cu|Ni|O|Sm,3,4,3,1,3,2,4,1,1,1,3
7601,786,Ba|Cu|Ni|O|Sm,3,4,3,1,3,2,4,3,0,0,3
7602,786,Ba|Cu|Ni|O|Sm,3,4,3,1,3,2,0,2,4,1,1
7603,786,Ba|Cu|Ni|O|Sm,3,4,3,1,3,2,0,1,1,2,2
7604,14,Ba|Cu|Dy|O,4,1,4,1,3,3,0,3,0,0,2
7605,79,Ba|Cu|Dy|Ni|O,1,3,1,0,1,1,2,4,2,0,3
7606,79,Ba|Cu|Dy|Ni|O,1,3,1,0,1,1,0,1,1,1,4
7607,79,Ba|Cu|Dy|Ni|O,1,3,1,0,1,1,0,4,4,1,0
7608,79,Ba|Cu|Dy|Ni|O,1,3,1,0,1,1,4,2,4,4,2
7609,79,Ba|Cu|Dy|Ni|O,1,3,1,0,1,1,1,1,2,4,0
7610,79,Ba|Cu|Dy|Ni|O,1,3,1,0,1,1,1,2,1,2,4
7611,79,Ba|Cu|Dy|Ni|O,1,3,1,0,1,1,2,3,1,2,0
7612,79,Ba|Cu|Dy|Ni|O,1,3,1,0,1,1,3,2,3,0,1
7613,17,Ba|Cu|O|Sm,4,0,0,3,4,1,1,4,1,0,0
7614,355,Ba|Cu|O|Sm|Zn,0,3,3,0,1,4,0,4,0,1,1
7615,355,Ba|Cu|O|Sm|Zn,0,3,3,0,1,4,4,3,0,1,4
7616,355,Ba|Cu|O|Sm|Zn,0,3,3,0,1,4,3,0,3,0,4
7617,355,Ba|Cu|O|Sm|Zn,0,3,3,0,1,4,2,0,3,1,4
7618,355,Ba|Cu|O|Sm|Zn,0,3,3,0,1,4,1,4,2,2,3
7619,14,Ba|Cu|Dy|O,4,1,4,1,3,3,2,4,3,0,3
7620,80,Ba|Cu|Dy|O|Zn,2,2,2,1,2,4,2,4,2,0,4
7621,80,Ba|Cu|Dy|O|Zn,2,2,2,1,2,4,0,4,2,0,2
7622,80,Ba|Cu|Dy|O|Zn,2,2,2,1,2,4,2,0,4,2,1
7623,80,Ba|Cu|Dy|O|Zn,2,2,2,1,2,4,4,2,2,1,2
7624,80,Ba|Cu|Dy|O|Zn,2,2,2,1,2,4,1,1,0,0,3
7625,788,Ba|Ca|Cu|O|Sm|Zn,3,0,1,0,4,1,4,2,2,2,1
7626,788,Ba|Ca|Cu|O|Sm|Zn,3,0,1,0,4,1,2,0,3,3,3
7627,789,Ba|Ca|Cu|Dy|O|Zn,2,2,3,3,4,2,4,2,1,2,3
7628,789,Ba|Ca|Cu|Dy|O|Zn,2,2,3,3,4,2,1,4,1,2,2
7629,136,Bi|Cu|O|Pb|Sr,2,4,0,4,3,1,4,0,2,0,0
7630,169,Bi|Cu|La|O|Pb|Sr,1,0,1,2,2,1,4,4,4,4,2
7631,169,Bi|Cu|La|O|Pb|Sr,1,0,1,2,2,1,2,2,3,2,2
7632,169,Bi|Cu|La|O|Pb|Sr,1,0,1,2,2,1,3,1,4,4,4
7633,169,Bi|Cu|La|O|Pb|Sr,1,0,1,2,2,1,2,4,4,2,4
7634,169,Bi|Cu|La|O|Pb|Sr,1,0,1,2,2,1,0,2,0,3,0
7635,391,Bi|Ca|Ce|Cu|O|Sr,1,1,4,1,1,1,2,2,4,4,3
7636,391,Bi|Ca|Ce|Cu|O|Sr,1,1,4,1,1,1,3,3,3,0,3
7637,17,Ba|Cu|O|Sm,4,0,0,3,4,1,3,3,4,3,2
7638,17,Ba|Cu|O|Sm,4,0,0,3,4,1,1,0,2,2,3
7639,306,Ba|Cu|Hg|O,4,0,0,2,4,0,2,0,3,3,0
7640,306,Ba|Cu|Hg|O,4,0,0,2,4,0,4,0,4,2,2
7641,306,Ba|Cu|Hg|O,4,0,0,2,4,0,0,2,4,4,4
7642,307,Ba|Ca|Cu|Hg|O,2,4,3,2,4,3,1,4,3,4,4
7643,790,Ce|Cu|Nd|O|Tb,1,3,0,0,2,3,2,2,2,1,3
7644,790,Ce|Cu|Nd|O|Tb,1,3,0,0,2,3,4,4,0,0,0
7645,40,Ba|Cu|O|Y|Zn,3,1,0,2,1,0,2,3,4,4,1
7646,40,Ba|Cu|O|Y|Zn,3,1,0,2,1,0,4,4,0,0,1
7647,8,Ba|Cu|O|Y,0,1,2,1,3,1,0,3,4,0,3
7648,351,Ba|Ca|Cu|O,4,0,0,3,3,4,1,0,0,4,4
7649,125,Ba|Cu|O|Tl,0,1,2,3,4,1,3,0,2,3,2
7650,11,Ba|Cu|Nd|O,2,2,2,2,1,2,0,4,0,4,0
7651,75,Ba|Cu|Nd|Ni|O,4,3,0,0,3,2,4,0,0,1,1
7652,75,Ba|Cu|Nd|Ni|O,4,3,0,0,3,2,4,1,1,3,3
7653,75,Ba|Cu|Nd|Ni|O,4,3,0,0,3,2,1,3,0,1,3
7654,75,Ba|Cu|Nd|Ni|O,4,3,0,0,3,2,2,2,1,4,1
7655,75,Ba|Cu|Nd|Ni|O,4,3,0,0,3,2,1,1,1,3,0
7656,37,Ba|Cu|Ni|O|Y,1,0,2,1,2,2,3,4,2,4,4
7657,37,Ba|Cu|Ni|O|Y,1,0,2,1,2,2,1,3,4,4,0
7658,37,Ba|Cu|Ni|O|Y,1,0,2,1,2,2,4,2,2,1,2
7659,37,Ba|Cu|Ni|O|Y,1,0,2,1,2,2,4,0,4,1,3
7660,37,Ba|Cu|Ni|O|Y,1,0,2,1,2,2,1,2,1,4,4
7661,15,Ba|Cu|Ho|O,0,0,4,0,3,2,4,0,4,3,0
7662,791,Ba|Cu|Ho|Ni|O,4,1,0,4,2,0,2,3,0,0,0
7663,791,Ba|Cu|Ho|Ni|O,4,1,0,4,2,0,0,0,3,0,0
7664,791,Ba|Cu|Ho|Ni|O,4,1,0,4,2,0,0,0,1,4,0
7665,791,Ba|Cu|Ho|Ni|O,4,1,0,4,2,0,4,4,1,3,2
7666,792,Ba|Cu|Ni|O|Tm,3,2,0,3,1,4,3,0,2,3,4
7667,792,Ba|Cu|Ni|O|Tm,3,2,0,3,1,4,1,0,0,3,0
7668,792,Ba|Cu|Ni|O|Tm,3,2,0,3,1,4,1,1,2,2,4
7669,792,Ba|Cu|Ni|O|Tm,3,2,0,3,1,4,4,1,3,1,4
7670,792,Ba|Cu|Ni|O|Tm,3,2,0,3,1,4,0,1,3,3,3
7671,793,Ba|Cu|Fe|Nd|O,3,0,2,4,4,2,4,0,4,4,4
7672,793,Ba|Cu|Fe|Nd|O,3,0,2,4,4,2,3,4,0,4,0
7673,793,Ba|Cu|Fe|Nd|O,3,0,2,4,4,2,1,0,2,0,3
7674,793,Ba|Cu|Fe|Nd|O,3,0,2,4,4,2,1,3,0,3,0
7675,31,Ba|Cu|Fe|O|Y,3,2,3,4,1,0,1,2,3,0,0
7676,31,Ba|Cu|Fe|O|Y,3,2,3,4,1,0,4,4,2,2,3
7677,31,Ba|Cu|Fe|O|Y,3,2,3,4,1,0,3,3,1,2,4
7678,794,Ba|Cu|Fe|Ho|O,1,1,4,2,4,3,0,0,0,0,4
7679,794,Ba|Cu|Fe|Ho|O,1,1,4,2,4,3,2,3,4,1,1
7680,794,Ba|Cu|Fe|Ho|O,1,1,4,2,4,3,2,4,3,4,1
7681,794,Ba|Cu|Fe|Ho|O,1,1,4,2,4,3,0,3,3,1,3
7682,795,Ba|Cu|Fe|O|Tm,4,1,4,1,4,4,1,3,4,3,3
7683,795,Ba|Cu|Fe|O|Tm,4,1,4,1,4,4,1,2,2,1,4
7684,795,Ba|Cu|Fe|O|Tm,4,1,4,1,4,4,4,3,2,3,0
7685,795,Ba|Cu|Fe|O|Tm,4,1,4,1,4,4,0,2,3,2,1
7686,185,Ba|Cu|O|Pr|Yb,1,2,3,0,4,4,2,1,4,4,2
7687,183,Ba|Cu|Er|O|Pr,1,3,4,2,0,4,0,0,3,4,0
7688,181,Ba|Cu|Dy|O|Pr,2,3,1,2,2,3,1,1,1,3,3
7689,177,Ba|Cu|Gd|O|Pr,2,2,1,3,3,3,4,3,0,0,3
7690,154,Ba|Cu|Eu|O|Pr,3,1,1,2,0,1,0,0,0,1,0
7691,179,Ba|Cu|Nd|O|Pr,4,0,4,3,0,1,3,3,0,1,1
7692,796,Cu|Er|O|Re|Sr,1,2,0,2,1,4,4,1,3,3,0
7693,415,Ba|Ca|Cu|Hg|O|Sr,2,2,1,4,3,1,2,0,1,4,4
7694,8,Ba|Cu|O|Y,0,1,2,1,3,1,2,0,0,4,0
7695,8,Ba|Cu|O|Y,0,1,2,1,3,1,0,4,1,2,1
7696,665,Bi|Ca|Cu|Hg|I|O|Sr,0,2,4,1,3,0,4,2,0,1,3
7697,6,Ba|Cu|O|Yb,2,1,0,1,0,4,3,2,2,4,0
7698,185,Ba|Cu|O|Pr|Yb,1,2,3,0,4,4,3,3,1,3,4
7699,185,Ba|Cu|O|Pr|Yb,1,2,3,0,4,4,1,0,3,2,4
7700,185,Ba|Cu|O|Pr|Yb,1,2,3,0,4,4,2,0,2,1,0
7701,185,Ba|Cu|O|Pr|Yb,1,2,3,0,4,4,2,3,3,3,1
7702,185,Ba|Cu|O|Pr|Yb,1,2,3,0,4,4,0,3,1,1,4
7703,185,Ba|Cu|O|Pr|Yb,1,2,3,0,4,4,1,2,3,0,2
7704,797,Ca|Cu|Mo|O|Pr|Sr,2,4,1,4,4,4,4,3,1,4,2
7705,797,Ca|Cu|Mo|O|Pr|Sr,2,4,1,4,4,4,0,3,4,1,4
7706,797,Ca|Cu|Mo|O|Pr|Sr,2,4,1,4,4,4,1,3,1,3,2
7707,798,Cu|Mo|O|Pr|Sr,2,3,3,0,4,1,2,3,2,0,1
7708,798,Cu|Mo|O|Pr|Sr,2,3,3,0,4,1,1,2,2,0,1
7709,798,Cu|Mo|O|Pr|Sr,2,3,3,0,4,1,1,3,3,4,2
7710,798,Cu|Mo|O|Pr|Sr,2,3,3,0,4,1,0,3,0,0,1
7711,71,Bi|Ca|Cu|O|Pb|Sr,2,0,4,1,4,1,2,4,3,3,3
7712,71,Bi|Ca|Cu|O|Pb|Sr,2,0,4,1,4,1,2,4,3,3,1
7713,71,Bi|Ca|Cu|O|Pb|Sr,2,0,4,1,4,1,4,4,1,4,0
7714,71,Bi|Ca|Cu|O|Pb|Sr,2,0,4,1,4,1,3,1,3,1,0
7715,49,Bi|Ca|Cu|O|Sr,2,0,2,4,3,0,1,2,4,3,4
7716,49,Bi|Ca|Cu|O|Sr,2,0,2,4,3,0,3,0,3,0,0
7717,49,Bi|Ca|Cu|O|Sr,2,0,2,4,3,0,1,0,4,3,1
7718,49,Bi|Ca|Cu|O|Sr,2,0,2,4,3,0,4,3,0,2,3
7719,49,Bi|Ca|Cu|O|Sr,2,0,2,4,3,0,4,0,2,4,4
7720,2,Cu|La|O|Sr,1,2,3,2,2,0,0,2,4,3,0
7721,28,Cu|La|Nd|O|Sr,3,3,0,3,1,0,1,3,4,0,0
7722,28,Cu|La|Nd|O|Sr,3,3,0,3,1,0,3,2,0,2,3
7723,28,Cu|La|Nd|O|Sr,3,3,0,3,1,0,1,3,0,3,3
7724,28,Cu|La|Nd|O|Sr,3,3,0,3,1,0,3,1,0,3,0
7725,28,Cu|La|Nd|O|Sr,3,3,0,3,1,0,3,1,1,1,3
7726,28,Cu|La|Nd|O|Sr,3,3,0,3,1,0,4,1,3,2,2
7727,28,Cu|La|Nd|O|Sr,3,3,0,3,1,0,1,3,4,4,1
7728,28,Cu|La|Nd|O|Sr,3,3,0,3,1,0,3,1,4,1,2
7729,28,Cu|La|Nd|O|Sr,3,3,0,3,1,0,0,4,3,0,4
7730,28,Cu|La|Nd|O|Sr,3,3,0,3,1,0,0,3,3,2,4
7731,28,Cu|La|Nd|O|Sr,3,3,0,3,1,0,1,3,3,0,2
7732,28,Cu|La|Nd|O|Sr,3,3,0,3,1,0,0,2,1,0,1
7733,28,Cu|La|Nd|O|Sr,3,3,0,3,1,0,1,4,2,2,0
7734,28,Cu|La|Nd|O|Sr,3,3,0,3,1,0,4,3,0,1,4
7735,28,Cu|La|Nd|O|Sr,3,3,0,3,1,0,0,3,3,0,0
7736,28,Cu|La|Nd|O|Sr,3,3,0,3,1,0,4,1,4,3,3
7737,28,Cu|La|Nd|O|Sr,3,3,0,3,1,0,1,4,4,3,4
7738,28,Cu|La|Nd|O|Sr,3,3,0,3,1,0,4,4,4,4,0
7739,28,Cu|La|Nd|O|Sr,3,3,0,3,1,0,1,0,3,0,4
7740,28,Cu|La|Nd|O|Sr,3,3,0,3,1,0,1,4,4,2,4
7741,49,Bi|Ca|Cu|O|Sr,2,0,2,4,3,0,0,4,0,2,2
7742,709,Bi|Ca|Cu|Ni|O|Sr,4,4,0,3,0,4,4,2,4,2,1
7743,473,Bi|Ca|Cu|O|Sr|Zn,1,2,0,0,4,2,1,2,3,2,2
7744,102,Ba|Cu|O|Pr|Y,4,2,0,0,3,0,4,2,3,3,4
7745,102,Ba|Cu|O|Pr|Y,4,2,0,0,3,0,1,2,2,2,0
7746,102,Ba|Cu|O|Pr|Y,4,2,0,0,3,0,0,2,4,2,2
7747,102,Ba|Cu|O|Pr|Y,4,2,0,0,3,0,3,1,2,1,2
7748,694,Ce|Cu|Eu|O|Ru|Sr,4,4,3,2,3,1,0,4,3,0,4
7749,512,Ce|Cu|Gd|O|Ru|Sr,3,2,2,3,4,3,1,2,2,4,2
7750,47,Ba|Ca|Cu|O|Tl,3,2,1,1,4,1,1,2,3,1,4
7751,799,Bi|Ca|Cu|O|Sr|Tl,4,2,1,0,2,0,2,4,2,3,3
7752,8,Ba|Cu|O|Y,0,1,2,1,3,1,4,3,4,1,4
7753,306,Ba|Cu|Hg|O,4,0,0,2,4,0,1,4,2,0,0
7754,306,Ba|Cu|Hg|O,4,0,0,2,4,0,0,3,1,4,3
7755,306,Ba|Cu|Hg|O,4,0,0,2,4,0,2,3,0,2,1
7756,165,Ce|Cu|La|Nd|O,3,3,0,2,2,4,4,3,0,4,3
7757,165,Ce|Cu|La|Nd|O,3,3,0,2,2,4,2,4,3,0,4
7758,165,Ce|Cu|La|Nd|O,3,3,0,2,2,4,4,4,4,3,1
7759,165,Ce|Cu|La|Nd|O,3,3,0,2,2,4,2,0,4,1,1
7760,165,Ce|Cu|La|Nd|O,3,3,0,2,2,4,0,2,4,1,3
7761,165,Ce|Cu|La|Nd|O,3,3,0,2,2,4,1,4,1,3,4
7762,165,Ce|Cu|La|Nd|O,3,3,0,2,2,4,4,4,2,1,1
7763,165,Ce|Cu|La|Nd|O,3,3,0,2,2,4,1,1,2,2,2
7764,165,Ce|Cu|La|Nd|O,3,3,0,2,2,4,4,4,3,2,4
7765,165,Ce|Cu|La|Nd|O,3,3,0,2,2,4,1,3,2,4,3
7766,165,Ce|Cu|La|Nd|O,3,3,0,2,2,4,3,0,2,4,1
7767,165,Ce|Cu|La|Nd|O,3,3,0,2,2,4,0,0,0,1,4
7768,165,Ce|Cu|La|Nd|O,3,3,0,2,2,4,2,1,3,0,3
7769,307,Ba|Ca|Cu|Hg|O,2,4,3,2,4,3,2,2,1,0,1
7770,307,Ba|Ca|Cu|Hg|O,2,4,3,2,4,3,2,0,1,4,0
7771,307,Ba|Ca|Cu|Hg|O,2,4,3,2,4,3,4,0,4,3,2
7772,307,Ba|Ca|Cu|Hg|O,2,4,3,2,4,3,1,0,4,3,0
7773,307,Ba|Ca|Cu|Hg|O,2,4,3,2,4,3,3,2,1,0,4
7774,307,Ba|Ca|Cu|Hg|O,2,4,3,2,4,3,4,2,2,0,4
7775,307,Ba|Ca|Cu|Hg|O,2,4,3,2,4,3,2,1,4,3,4
7776,307,Ba|Ca|Cu|Hg|O,2,4,3,2,4,3,0,2,0,3,4
7777,307,Ba|Ca|Cu|Hg|O,2,4,3,2,4,3,4,0,0,4,3
7778,307,Ba|Ca|Cu|Hg|O,2,4,3,2,4,3,3,1,2,0,3
7779,307,Ba|Ca|Cu|Hg|O,2,4,3,2,4,3,4,0,2,4,4
7780,307,Ba|Ca|Cu|Hg|O,2,4,3,2,4,3,4,4,4,3,4
7781,307,Ba|Ca|Cu|Hg|O,2,4,3,2,4,3,0,0,1,4,4
7782,307,Ba|Ca|Cu|Hg|O,2,4,3,2,4,3,3,2,0,1,1
7783,307,Ba|Ca|Cu|Hg|O,2,4,3,2,4,3,1,3,1,3,0
7784,307,Ba|Ca|Cu|Hg|O,2,4,3,2,4,3,4,2,1,4,3
7785,307,Ba|Ca|Cu|Hg|O,2,4,3,2,4,3,3,4,4,0,0
7786,307,Ba|Ca|Cu|Hg|O,2,4,3,2,4,3,0,2,1,0,1
7787,307,Ba|Ca|Cu|Hg|O,2,4,3,2,4,3,2,1,1,3,2
7788,307,Ba|Ca|Cu|Hg|O,2,4,3,2,4,3,4,3,4,3,3
7789,307,Ba|Ca|Cu|Hg|O,2,4,3,2,4,3,4,4,3,2,2
7790,49,Bi|Ca|Cu|O|Sr,2,0,2,4,3,0,3,3,0,3,4
7791,307,Ba|Ca|Cu|Hg|O,2,4,3,2,4,3,4,4,4,2,1
7792,9,Ba|Cu|Er|O,2,0,3,4,4,4,3,4,0,0,1
7793,306,Ba|Cu|Hg|O,4,0,0,2,4,0,0,3,4,1,2
7794,306,Ba|Cu|Hg|O,4,0,0,2,4,0,4,2,2,4,4
7795,306,Ba|Cu|Hg|O,4,0,0,2,4,0,2,4,3,2,4
7796,306,Ba|Cu|Hg|O,4,0,0,2,4,0,1,4,3,3,3
7797,306,Ba|Cu|Hg|O,4,0,0,2,4,0,4,4,1,4,4
7798,306,Ba|Cu|Hg|O,4,0,0,2,4,0,0,4,3,0,2
7799,306,Ba|Cu|Hg|O,4,0,0,2,4,0,2,4,3,0,0
7800,306,Ba|Cu|Hg|O,4,0,0,2,4,0,0,3,4,0,3
7801,306,Ba|Cu|Hg|O,4,0,0,2,4,0,2,3,2,1,4
7802,306,Ba|Cu|Hg|O,4,0,0,2,4,0,4,4,4,4,0
7803,306,Ba|Cu|Hg|O,4,0,0,2,4,0,2,1,3,0,1
7804,306,Ba|Cu|Hg|O,4,0,0,2,4,0,1,4,3,2,2
7805,306,Ba|Cu|Hg|O,4,0,0,2,4,0,2,3,2,4,1
7806,306,Ba|Cu|Hg|O,4,0,0,2,4,0,1,0,1,2,0
7807,140,Ca|Cu|O|Pb|Sr|Tl,3,2,2,0,0,4,1,4,2,0,3
7808,800,Ca|Cu|O|Pb|Sr|Tl|Y,0,4,2,4,0,3,2,4,2,1,1
7809,800,Ca|Cu|O|Pb|Sr|Tl|Y,0,4,2,4,0,3,2,4,3,1,1
7810,800,Ca|Cu|O|Pb|Sr|Tl|Y,0,4,2,4,0,3,1,2,1,3,1
7811,36,Bi|Cu|O|Sr,2,2,4,1,2,0,0,2,1,3,2
7812,136,Bi|Cu|O|Pb|Sr,2,4,0,4,3,1,4,0,0,3,3
7813,136,Bi|Cu|O|Pb|Sr,2,4,0,4,3,1,3,4,0,1,4
7814,8,Ba|Cu|O|Y,0,1,2,1,3,1,0,3,1,3,0
7815,62,Ba|Ca|Cu|La|O,1,3,2,0,1,3,1,0,3,3,1
7816,62,Ba|Ca|Cu|La|O,1,3,2,0,1,3,4,3,1,1,1
7817,62,Ba|Ca|Cu|La|O,1,3,2,0,1,3,0,4,2,2,2
7818,62,Ba|Ca|Cu|La|O,1,3,2,0,1,3,2,1,3,3,0
7819,62,Ba|Ca|Cu|La|O,1,3,2,0,1,3,3,0,0,4,1
7820,62,Ba|Ca|Cu|La|O,1,3,2,0,1,3,4,3,3,0,0
7821,62,Ba|Ca|Cu|La|O,1,3,2,0,1,3,0,2,1,2,0
7822,62,Ba|Ca|Cu|La|O,1,3,2,0,1,3,2,0,1,1,4
7823,62,Ba|Ca|Cu|La|O,1,3,2,0,1,3,3,2,4,2,1
7824,62,Ba|Ca|Cu|La|O,1,3,2,0,1,3,2,2,4,0,2
7825,62,Ba|Ca|Cu|La|O,1,3,2,0,1,3,0,3,3,4,3
7826,62,Ba|Ca|Cu|La|O,1,3,2,0,1,3,2,1,4,0,2
7827,62,Ba|Ca|Cu|La|O,1,3,2,0,1,3,2,1,3,0,4
7828,62,Ba|Ca|Cu|La|O,1,3,2,0,1,3,4,4,4,2,3
7829,62,Ba|Ca|Cu|La|O,1,3,2,0,1,3,0,1,1,2,1
7830,62,Ba|Ca|Cu|La|O,1,3,2,0,1,3,3,4,4,3,2
7831,62,Ba|Ca|Cu|La|O,1,3,2,0,1,3,4,3,1,3,3
7832,62,Ba|Ca|Cu|La|O,1,3,2,0,1,3,2,1,1,2,4
7833,62,Ba|Ca|Cu|La|O,1,3,2,0,1,3,0,1,4,1,0
7834,62,Ba|Ca|Cu|La|O,1,3,2,0,1,3,0,2,3,1,1
7835,62,Ba|Ca|Cu|La|O,1,3,2,0,1,3,4,4,4,0,1
7836,62,Ba|Ca|Cu|La|O,1,3,2,0,1,3,3,2,4,1,1
7837,62,Ba|Ca|Cu|La|O,1,3,2,0,1,3,4,0,1,4,3
7838,62,Ba|Ca|Cu|La|O,1,3,2,0,1,3,0,2,2,3,3
7839,62,Ba|Ca|Cu|La|O,1,3,2,0,1,3,2,1,0,0,3
7840,62,Ba|Ca|Cu|La|O,1,3,2,0,1,3,1,2,4,4,3
7841,62,Ba|Ca|Cu|La|O,1,3,2,0,1,3,0,0,4,3,3
7842,62,Ba|Ca|Cu|La|O,1,3,2,0,1,3,2,1,3,3,2
7843,62,Ba|Ca|Cu|La|O,1,3,2,0,1,3,0,2,0,3,2
7844,62,Ba|Ca|Cu|La|O,1,3,2,0,1,3,2,2,4,3,0
7845,62,Ba|Ca|Cu|La|O,1,3,2,0,1,3,4,4,3,1,4
7846,62,Ba|Ca|Cu|La|O,1,3,2,0,1,3,3,2,0,3,0
7847,62,Ba|Ca|Cu|La|O,1,3,2,0,1,3,0,2,2,0,1
7848,62,Ba|Ca|Cu|La|O,1,3,2,0,1,3,3,4,4,1,2
7849,62,Ba|Ca|Cu|La|O,1,3,2,0,1,3,3,0,0,3,3
7850,62,Ba|Ca|Cu|La|O,1,3,2,0,1,3,2,4,3,1,4
7851,62,Ba|Ca|Cu|La|O,1,3,2,0,1,3,0,2,3,3,4
7852,307,Ba|Ca|Cu|Hg|O,2,4,3,2,4,3,2,2,0,0,0
7853,119,Ce|Cu|O|Sm,1,1,1,1,1,4,4,0,3,3,0
7854,119,Ce|Cu|O|Sm,1,1,1,1,1,4,2,0,3,1,0
7855,119,Ce|Cu|O|Sm,1,1,1,1,1,4,2,0,2,0,0
7856,119,Ce|Cu|O|Sm,1,1,1,1,1,4,3,0,4,0,1
7857,125,Ba|Cu|O|Tl,0,1,2,3,4,1,3,2,4,1,1
7858,307,Ba|Ca|Cu|Hg|O,2,4,3,2,4,3,2,2,2,0,0
7859,90,Ca|Cu|O|Pb|Sr|Y,0,3,2,3,4,0,3,4,4,2,1
7860,49,Bi|Ca|Cu|O|Sr,2,0,2,4,3,0,2,1,1,0,0
7861,49,Bi|Ca|Cu|O|Sr,2,0,2,4,3,0,3,2,3,1,1
7862,249,Bi|Ca|Cu|O|Pr|Sr,4,2,4,2,2,3,0,4,3,3,1
7863,249,Bi|Ca|Cu|O|Pr|Sr,4,2,4,2,2,3,0,0,2,0,2
7864,249,Bi|Ca|Cu|O|Pr|Sr,4,2,4,2,2,3,0,3,3,1,1
7865,249,Bi|Ca|Cu|O|Pr|Sr,4,2,4,2,2,3,4,3,3,4,4
7866,249,Bi|Ca|Cu|O|Pr|Sr,4,2,4,2,2,3,3,2,2,2,0
7867,249,Bi|Ca|Cu|O|Pr|Sr,4,2,4,2,2,3,3,3,1,2,0
7868,2,Cu|La|O|Sr,1,2,3,2,2,0,1,1,0,0,1
7869,2,Cu|La|O|Sr,1,2,3,2,2,0,1,4,0,2,3
7870,2,Cu|La|O|Sr,1,2,3,2,2,0,0,2,0,3,0
7871,2,Cu|La|O|Sr,1,2,3,2,2,0,1,4,4,0,2
7872,2,Cu|La|O|Sr,1,2,3,2,2,0,0,3,4,2,4
7873,2,Cu|La|O|Sr,1,2,3,2,2,0,2,2,2,3,4
7874,2,Cu|La|O|Sr,1,2,3,2,2,0,4,2,1,0,2
7875,8,Ba|Cu|O|Y,0,1,2,1,3,1,1,4,3,1,1
7876,650,B|Ba|C|Ca|Cu|O|Sr,4,4,0,4,3,0,0,3,4,3,1
7877,74,Ce|Cu|Nd|O,3,3,3,3,3,1,4,1,4,0,2
7878,83,Bi|Ca|Cu|O|Sr|Y,4,3,2,2,1,2,3,0,3,1,4
7879,83,Bi|Ca|Cu|O|Sr|Y,4,3,2,2,1,2,3,3,3,2,1
7880,83,Bi|Ca|Cu|O|Sr|Y,4,3,2,2,1,2,2,4,0,3,0
7881,83,Bi|Ca|Cu|O|Sr|Y,4,3,2,2,1,2,0,4,4,3,3
7882,83,Bi|Ca|Cu|O|Sr|Y,4,3,2,2,1,2,2,3,4,4,3
7883,83,Bi|Ca|Cu|O|Sr|Y,4,3,2,2,1,2,4,2,1,3,3
7884,83,Bi|Ca|Cu|O|Sr|Y,4,3,2,2,1,2,1,4,2,3,3
7885,83,Bi|Ca|Cu|O|Sr|Y,4,3,2,2,1,2,0,1,4,4,1
7886,83,Bi|Ca|Cu|O|Sr|Y,4,3,2,2,1,2,2,3,0,0,4
7887,83,Bi|Ca|Cu|O|Sr|Y,4,3,2,2,1,2,0,2,1,0,0
7888,83,Bi|Ca|Cu|O|Sr|Y,4,3,2,2,1,2,4,3,0,4,2
7889,801,Bi|Ca|Cu|O|Sr|Y|Zn,1,3,2,3,3,4,1,0,1,1,3
7890,801,Bi|Ca|Cu|O|Sr|Y|Zn,1,3,2,3,3,4,1,1,3,2,1
7891,801,Bi|Ca|Cu|O|Sr|Y|Zn,1,3,2,3,3,4,2,4,2,4,3
7892,801,Bi|Ca|Cu|O|Sr|Y|Zn,1,3,2,3,3,4,2,1,1,2,1
7893,801,Bi|Ca|Cu|O|Sr|Y|Zn,1,3,2,3,3,4,2,3,4,1,0
7894,801,Bi|Ca|Cu|O|Sr|Y|Zn,1,3,2,3,3,4,2,2,4,4,2
7895,801,Bi|Ca|Cu|O|Sr|Y|Zn,1,3,2,3,3,4,4,3,4,3,1
7896,801,Bi|Ca|Cu|O|Sr|Y|Zn,1,3,2,3,3,4,1,4,2,3,2
7897,801,Bi|Ca|Cu|O|Sr|Y|Zn,1,3,2,3,3,4,3,4,1,2,4
7898,801,Bi|Ca|Cu|O|Sr|Y|Zn,1,3,2,3,3,4,0,0,1,4,1
7899,801,Bi|Ca|Cu|O|Sr|Y|Zn,1,3,2,3,3,4,0,0,2,0,0
7900,801,Bi|Ca|Cu|O|Sr|Y|Zn,1,3,2,3,3,4,3,2,3,1,2
7901,801,Bi|Ca|Cu|O|Sr|Y|Zn,1,3,2,3,3,4,0,4,0,0,2
7902,801,Bi|Ca|Cu|O|Sr|Y|Zn,1,3,2,3,3,4,1,2,2,0,4
7903,801,Bi|Ca|Cu|O|Sr|Y|Zn,1,3,2,3,3,4,3,3,0,0,3
7904,801,Bi|Ca|Cu|O|Sr|Y|Zn,1,3,2,3,3,4,2,4,4,3,3
7905,801,Bi|Ca|Cu|O|Sr|Y|Zn,1,3,2,3,3,4,2,3,4,2,1
7906,801,Bi|Ca|Cu|O|Sr|Y|Zn,1,3,2,3,3,4,0,3,0,4,3
7907,801,Bi|Ca|Cu|O|Sr|Y|Zn,1,3,2,3,3,4,3,4,1,1,0
7908,801,Bi|Ca|Cu|O|Sr|Y|Zn,1,3,2,3,3,4,0,2,3,1,4
7909,801,Bi|Ca|Cu|O|Sr|Y|Zn,1,3,2,3,3,4,4,0,2,1,1
7910,801,Bi|Ca|Cu|O|Sr|Y|Zn,1,3,2,3,3,4,3,1,4,0,3
7911,801,Bi|Ca|Cu|O|Sr|Y|Zn,1,3,2,3,3,4,0,2,2,2,2
7912,801,Bi|Ca|Cu|O|Sr|Y|Zn,1,3,2,3,3,4,1,2,2,1,0
7913,801,Bi|Ca|Cu|O|Sr|Y|Zn,1,3,2,3,3,4,3,2,3,1,2
7914,801,Bi|Ca|Cu|O|Sr|Y|Zn,1,3,2,3,3,4,4,0,4,1,1
7915,801,Bi|Ca|Cu|O|Sr|Y|Zn,1,3,2,3,3,4,1,1,4,4,3
7916,801,Bi|Ca|Cu|O|Sr|Y|Zn,1,3,2,3,3,4,4,2,1,4,2
7917,801,Bi|Ca|Cu|O|Sr|Y|Zn,1,3,2,3,3,4,2,0,3,3,3
7918,801,Bi|Ca|Cu|O|Sr|Y|Zn,1,3,2,3,3,4,1,1,4,2,2
7919,801,Bi|Ca|Cu|O|Sr|Y|Zn,1,3,2,3,3,4,0,2,2,4,1
7920,801,Bi|Ca|Cu|O|Sr|Y|Zn,1,3,2,3,3,4,3,2,4,4,2
7921,801,Bi|Ca|Cu|O|Sr|Y|Zn,1,3,2,3,3,4,0,0,2,2,1
7922,801,Bi|Ca|Cu|O|Sr|Y|Zn,1,3,2,3,3,4,4,1,0,2,0
7923,801,Bi|Ca|Cu|O|Sr|Y|Zn,1,3,2,3,3,4,2,3,0,4,2
7924,801,Bi|Ca|Cu|O|Sr|Y|Zn,1,3,2,3,3,4,3,4,2,4,3
7925,801,Bi|Ca|Cu|O|Sr|Y|Zn,1,3,2,3,3,4,0,1,1,3,3
7926,801,Bi|Ca|Cu|O|Sr|Y|Zn,1,3,2,3,3,4,1,0,3,4,1
7927,801,Bi|Ca|Cu|O|Sr|Y|Zn,1,3,2,3,3,4,1,2,0,1,2
7928,801,Bi|Ca|Cu|O|Sr|Y|Zn,1,3,2,3,3,4,2,1,4,3,4
7929,801,Bi|Ca|Cu|O|Sr|Y|Zn,1,3,2,3,3,4,4,2,3,3,2
7930,801,Bi|Ca|Cu|O|Sr|Y|Zn,1,3,2,3,3,4,3,1,4,1,3
7931,801,Bi|Ca|Cu|O|Sr|Y|Zn,1,3,2,3,3,4,4,1,0,3,1
7932,8,Ba|Cu|O|Y,0,1,2,1,3,1,4,0,4,3,3
7933,8,Ba|Cu|O|Y,0,1,2,1,3,1,2,0,3,4,0
7934,8,Ba|Cu|O|Y,0,1,2,1,3,1,1,2,1,4,3
7935,8,Ba|Cu|O|Y,0,1,2,1,3,1,4,1,4,4,3
7936,2,Cu|La|O|Sr,1,2,3,2,2,0,1,0,3,0,0
7937,2,Cu|La|O|Sr,1,2,3,2,2,0,0,4,0,3,0
7938,2,Cu|La|O|Sr,1,2,3,2,2,0,0,4,0,3,3
7939,521,Ba|Cu|O|Pr,0,2,0,0,2,1,2,1,3,4,1
7940,521,Ba|Cu|O|Pr,0,2,0,0,2,1,2,0,4,2,4
7941,249,Bi|Ca|Cu|O|Pr|Sr,4,2,4,2,2,3,2,2,1,4,0
7942,249,Bi|Ca|Cu|O|Pr|Sr,4,2,4,2,2,3,4,1,4,3,1
7943,249,Bi|Ca|Cu|O|Pr|Sr,4,2,4,2,2,3,2,1,2,2,1
7944,69,Cu|La|O,2,0,3,0,0,0,0,4,3,2,1
7945,69,Cu|La|O,2,0,3,0,0,0,2,3,0,4,1
7946,125,Ba|Cu|O|Tl,0,1,2,3,4,1,2,2,2,0,2
7947,125,Ba|Cu|O|Tl,0,1,2,3,4,1,1,0,1,1,0
7948,2,Cu|La|O|Sr,1,2,3,2,2,0,0,4,1,0,4
7949,25,Cu|La|Ni|O|Sr,3,4,4,4,0,3,4,0,2,0,4
7950,25,Cu|La|Ni|O|Sr,3,4,4,4,0,3,2,3,4,3,1
7951,25,Cu|La|Ni|O|Sr,3,4,4,4,0,3,4,2,2,0,0
7952,2,Cu|La|O|Sr,1,2,3,2,2,0,1,0,1,3,2
7953,25,Cu|La|Ni|O|Sr,3,4,4,4,0,3,3,4,2,1,3
7954,25,Cu|La|Ni|O|Sr,3,4,4,4,0,3,4,3,3,4,1
7955,25,Cu|La|Ni|O|Sr,3,4,4,4,0,3,0,0,2,2,4
7956,2,Cu|La|O|Sr,1,2,3,2,2,0,3,0,1,1,4
7957,26,Cu|La|O|Sr|Zn,4,4,3,4,1,2,4,2,1,0,0
7958,26,Cu|La|O|Sr|Zn,4,4,3,4,1,2,1,1,1,0,4
7959,26,Cu|La|O|Sr|Zn,4,4,3,4,1,2,3,4,1,1,0
7960,26,Cu|La|O|Sr|Zn,4,4,3,4,1,2,2,4,2,0,0
7961,26,Cu|La|O|Sr|Zn,4,4,3,4,1,2,4,3,1,2,4
7962,49,Bi|Ca|Cu|O|Sr,2,0,2,4,3,0,2,1,4,0,0
7963,125,Ba|Cu|O|Tl,0,1,2,3,4,1,4,4,4,1,1
7964,125,Ba|Cu|O|Tl,0,1,2,3,4,1,4,1,1,0,2
7965,125,Ba|Cu|O|Tl,0,1,2,3,4,1,2,2,3,1,2
7966,125,Ba|Cu|O|Tl,0,1,2,3,4,1,3,2,0,0,1
7967,47,Ba|Ca|Cu|O|Tl,3,2,1,1,4,1,0,0,2,3,2
7968,40,Ba|Cu|O|Y|Zn,3,1,0,2,1,0,1,0,2,2,3
7969,49,Bi|Ca|Cu|O|Sr,2,0,2,4,3,0,2,0,0,4,2
7970,802,Ba|Ca|Cu|Mg|O,0,4,1,2,1,1,4,2,2,3,0
7971,802,Ba|Ca|Cu|Mg|O,0,4,1,2,1,1,4,4,2,4,3
7972,802,Ba|Ca|Cu|Mg|O,0,4,1,2,1,1,1,3,3,2,3
7973,802,Ba|Ca|Cu|Mg|O,0,4,1,2,1,1,0,4,3,1,3
7974,351,Ba|Ca|Cu|O,4,0,0,3,3,4,2,4,0,3,1
7975,374,Cu|O|Sr|Y,0,3,3,2,1,2,1,4,0,1,2
7976,71,Bi|Ca|Cu|O|Pb|Sr,2,0,4,1,4,1,1,3,4,4,2
7977,310,Bi|Ca|Cu|Fe|O|Pb|Sr,4,2,3,1,2,2,1,0,2,0,3
7978,310,Bi|Ca|Cu|Fe|O|Pb|Sr,4,2,3,1,2,2,4,3,4,2,1
7979,310,Bi|Ca|Cu|Fe|O|Pb|Sr,4,2,3,1,2,2,4,2,0,3,1
7980,25,Cu|La|Ni|O|Sr,3,4,4,4,0,3,0,3,3,4,2
7981,25,Cu|La|Ni|O|Sr,3,4,4,4,0,3,1,2,1,4,4
7982,25,Cu|La|Ni|O|Sr,3,4,4,4,0,3,1,4,4,3,3
7983,49,Bi|Ca|Cu|O|Sr,2,0,2,4,3,0,1,2,1,2,4
7984,49,Bi|Ca|Cu|O|Sr,2,0,2,4,3,0,3,0,2,3,4
7985,2,Cu|La|O|Sr,1,2,3,2,2,0,1,1,2,3,1
7986,2,Cu|La|O|Sr,1,2,3,2,2,0,0,2,1,4,2
7987,49,Bi|Ca|Cu|O|Sr,2,0,2,4,3,0,4,4,4,3,3
7988,83,Bi|Ca|Cu|O|Sr|Y,4,3,2,2,1,2,1,3,3,1,0
7989,83,Bi|Ca|Cu|O|Sr|Y,4,3,2,2,1,2,0,2,2,4,4
7990,83,Bi|Ca|Cu|O|Sr|Y,4,3,2,2,1,2,1,3,2,2,4
7991,83,Bi|Ca|Cu|O|Sr|Y,4,3,2,2,1,2,0,0,1,2,1
7992,83,Bi|Ca|Cu|O|Sr|Y,4,3,2,2,1,2,4,3,2,1,1
7993,803,Ba|Cu|La|Lu|O,1,1,4,2,2,3,0,2,4,3,4
7994,18,Ba|Cu|La|O|Yb,4,2,4,0,2,3,0,0,3,4,1
7995,804,Ba|Cu|La|O|Tm,2,4,0,2,2,3,3,3,0,4,4
7996,805,Ba|Cu|Er|La|O,3,2,2,3,0,2,0,0,3,3,1
7997,806,Ba|Cu|Ho|La|O,4,1,4,4,3,4,4,3,2,0,3
7998,57,Ba|Cu|La|O|Y,4,0,3,4,0,1,4,3,3,3,4
7999,807,Ba|Cu|Dy|La|O,0,4,1,1,2,1,2,1,1,0,0
8000,808,Ba|Cu|Gd|La|O,1,3,0,1,0,2,0,4,2,3,3
8001,809,Ba|Cu|Eu|La|O,2,4,2,2,3,1,0,2,1,3,0
8002,810,Ba|Cu|La|O|Sm,4,2,3,1,2,0,4,1,4,1,2
8003,659,Ba|Cu|La|Nd|O,0,4,3,0,4,1,1,0,1,2,1
8004,178,Ba|Cu|La|O|Pr,4,3,3,4,3,2,4,0,2,1,3
8005,8,Ba|Cu|O|Y,0,1,2,1,3,1,4,1,1,4,1
8006,8,Ba|Cu|O|Y,0,1,2,1,3,1,0,0,4,2,1
8007,8,Ba|Cu|O|Y,0,1,2,1,3,1,2,4,0,4,4
8008,8,Ba|Cu|O|Y,0,1,2,1,3,1,4,4,4,1,1
8009,8,Ba|Cu|O|Y,0,1,2,1,3,1,2,2,1,0,2
8010,66,Ba|Cu|O|Sr|Y,2,2,3,2,4,1,4,1,3,0,4
8011,66,Ba|Cu|O|Sr|Y,2,2,3,2,4,1,0,1,1,4,4
8012,66,Ba|Cu|O|Sr|Y,2,2,3,2,4,1,3,2,3,2,2
8013,66,Ba|Cu|O|Sr|Y,2,2,3,2,4,1,1,4,3,0,3
8014,66,Ba|Cu|O|Sr|Y,2,2,3,2,4,1,3,4,0,2,3
8015,66,Ba|Cu|O|Sr|Y,2,2,3,2,4,1,3,0,2,0,0
8016,66,Ba|Cu|O|Sr|Y,2,2,3,2,4,1,2,0,3,4,3
8017,66,Ba|Cu|O|Sr|Y,2,2,3,2,4,1,2,2,2,0,2
8018,66,Ba|Cu|O|Sr|Y,2,2,3,2,4,1,2,0,3,0,0
8019,66,Ba|Cu|O|Sr|Y,2,2,3,2,4,1,3,1,3,1,0
8020,2,Cu|La|O|Sr,1,2,3,2,2,0,3,4,1,2,3
8021,2,Cu|La|O|Sr,1,2,3,2,2,0,3,2,3,4,0
8022,2,Cu|La|O|Sr,1,2,3,2,2,0,2,4,0,3,2
8023,2,Cu|La|O|Sr,1,2,3,2,2,0,3,4,0,0,3
8024,2,Cu|La|O|Sr,1,2,3,2,2,0,3,1,0,2,2
8025,2,Cu|La|O|Sr,1,2,3,2,2,0,4,1,1,1,4
8026,2,Cu|La|O|Sr,1,2,3,2,2,0,1,1,2,1,2
8027,2,Cu|La|O|Sr,1,2,3,2,2,0,0,1,3,0,4
8028,120,Bi|Cu|La|O|Sr,1,3,1,3,0,0,1,2,2,1,2
8029,120,Bi|Cu|La|O|Sr,1,3,1,3,0,0,3,1,2,4,3
8030,120,Bi|Cu|La|O|Sr,1,3,1,3,0,0,4,0,4,4,2
8031,120,Bi|Cu|La|O|Sr,1,3,1,3,0,0,2,3,4,1,0
8032,120,Bi|Cu|La|O|Sr,1,3,1,3,0,0,4,0,3,0,1
8033,120,Bi|Cu|La|O|Sr,1,3,1,3,0,0,0,0,0,1,0
8034,120,Bi|Cu|La|O|Sr,1,3,1,3,0,0,4,2,4,4,2
8035,47,Ba|Ca|Cu|O|Tl,3,2,1,1,4,1,0,1,4,2,4
8036,47,Ba|Ca|Cu|O|Tl,3,2,1,1,4,1,3,4,1,3,1
8037,307,Ba|Ca|Cu|Hg|O,2,4,3,2,4,3,1,0,4,4,1
8038,2,Cu|La|O|Sr,1,2,3,2,2,0,2,2,4,0,3
8039,2,Cu|La|O|Sr,1,2,3,2,2,0,0,2,1,4,4
8040,2,Cu|La|O|Sr,1,2,3,2,2,0,1,0,4,2,4
8041,2,Cu|La|O|Sr,1,2,3,2,2,0,1,3,4,3,3
8042,2,Cu|La|O|Sr,1,2,3,2,2,0,3,3,2,3,2
8043,26,Cu|La|O|Sr|Zn,4,4,3,4,1,2,2,3,2,3,3
8044,26,Cu|La|O|Sr|Zn,4,4,3,4,1,2,3,3,0,0,3
8045,26,Cu|La|O|Sr|Zn,4,4,3,4,1,2,2,0,2,1,1
8046,26,Cu|La|O|Sr|Zn,4,4,3,4,1,2,3,2,4,4,1
8047,26,Cu|La|O|Sr|Zn,4,4,3,4,1,2,1,1,2,3,2
8048,26,Cu|La|O|Sr|Zn,4,4,3,4,1,2,4,3,1,2,4
8049,26,Cu|La|O|Sr|Zn,4,4,3,4,1,2,3,4,0,2,2
8050,26,Cu|La|O|Sr|Zn,4,4,3,4,1,2,0,0,1,4,3
8051,26,Cu|La|O|Sr|Zn,4,4,3,4,1,2,0,1,4,0,1
8052,26,Cu|La|O|Sr|Zn,4,4,3,4,1,2,1,2,4,1,2
8053,26,Cu|La|O|Sr|Zn,4,4,3,4,1,2,1,0,1,2,3
8054,26,Cu|La|O|Sr|Zn,4,4,3,4,1,2,3,1,3,4,1
8055,26,Cu|La|O|Sr|Zn,4,4,3,4,1,2,0,1,2,4,1
8056,26,Cu|La|O|Sr|Zn,4,4,3,4,1,2,2,4,3,0,2
8057,26,Cu|La|O|Sr|Zn,4,4,3,4,1,2,3,1,3,1,1
8058,183,Ba|Cu|Er|O|Pr,1,3,4,2,0,4,4,4,4,3,4
8059,811,Ba|Ca|Cu|Er|O|Pr,4,2,4,3,2,3,0,2,4,2,0
8060,811,Ba|Ca|Cu|Er|O|Pr,4,2,4,3,2,3,3,3,0,4,0
8061,811,Ba|Ca|Cu|Er|O|Pr,4,2,4,3,2,3,4,0,1,2,4
8062,811,Ba|Ca|Cu|Er|O|Pr,4,2,4,3,2,3,2,3,2,3,1
8063,183,Ba|Cu|Er|O|Pr,1,3,4,2,0,4,4,0,1,2,2
8064,811,Ba|Ca|Cu|Er|O|Pr,4,2,4,3,2,3,1,4,0,2,3
8065,811,Ba|Ca|Cu|Er|O|Pr,4,2,4,3,2,3,0,0,4,1,4
8066,811,Ba|Ca|Cu|Er|O|Pr,4,2,4,3,2,3,3,0,1,0,1
8067,2,Cu|La|O|Sr,1,2,3,2,2,0,0,0,4,2,3
8068,40,Ba|Cu|O|Y|Zn,3,1,0,2,1,0,4,0,1,4,4
8069,40,Ba|Cu|O|Y|Zn,3,1,0,2,1,0,3,1,1,4,3
8070,40,Ba|Cu|O|Y|Zn,3,1,0,2,1,0,2,4,2,2,2
8071,40,Ba|Cu|O|Y|Zn,3,1,0,2,1,0,0,2,2,1,4
8072,40,Ba|Cu|O|Y|Zn,3,1,0,2,1,0,1,0,3,2,1
8073,40,Ba|Cu|O|Y|Zn,3,1,0,2,1,0,0,0,2,4,4
8074,40,Ba|Cu|O|Y|Zn,3,1,0,2,1,0,2,2,2,4,2
8075,11,Ba|Cu|Nd|O,2,2,2,2,1,2,4,0,3,2,3
8076,11,Ba|Cu|Nd|O,2,2,2,2,1,2,3,1,3,4,1
8077,11,Ba|Cu|Nd|O,2,2,2,2,1,2,0,0,0,0,3
8078,306,Ba|Cu|Hg|O,4,0,0,2,4,0,0,3,4,4,1
8079,306,Ba|Cu|Hg|O,4,0,0,2,4,0,3,1,2,0,2
8080,306,Ba|Cu|Hg|O,4,0,0,2,4,0,4,3,0,1,4
8081,193,Ba|Ca|Cu|La|O|Y,0,3,3,2,2,3,0,2,3,3,2
8082,193,Ba|Ca|Cu|La|O|Y,0,3,3,2,2,3,3,4,3,3,3
8083,193,Ba|Ca|Cu|La|O|Y,0,3,3,2,2,3,3,0,0,2,0
8084,193,Ba|Ca|Cu|La|O|Y,0,3,3,2,2,3,3,0,2,4,0
8085,193,Ba|Ca|Cu|La|O|Y,0,3,3,2,2,3,0,0,0,2,0
8086,308,Ba|Ca|Co|Cu|O|Y,1,0,3,1,2,0,2,4,2,2,4
8087,308,Ba|Ca|Co|Cu|O|Y,1,0,3,1,2,0,1,0,0,4,2
8088,308,Ba|Ca|Co|Cu|O|Y,1,0,3,1,2,0,0,1,3,1,3
8089,308,Ba|Ca|Co|Cu|O|Y,1,0,3,1,2,0,1,2,0,4,2
8090,308,Ba|Ca|Co|Cu|O|Y,1,0,3,1,2,0,2,3,0,3,0
8091,308,Ba|Ca|Co|Cu|O|Y,1,0,3,1,2,0,4,0,4,3,1
8092,193,Ba|Ca|Cu|La|O|Y,0,3,3,2,2,3,4,4,4,4,4
8093,193,Ba|Ca|Cu|La|O|Y,0,3,3,2,2,3,4,1,3,0,1
8094,193,Ba|Ca|Cu|La|O|Y,0,3,3,2,2,3,0,2,4,0,4
8095,193,Ba|Ca|Cu|La|O|Y,0,3,3,2,2,3,4,0,3,1,1
8096,193,Ba|Ca|Cu|La|O|Y,0,3,3,2,2,3,1,1,4,2,4
8097,8,Ba|Cu|O|Y,0,1,2,1,3,1,2,2,3,0,0
8098,308,Ba|Ca|Co|Cu|O|Y,1,0,3,1,2,0,3,3,2,3,3
8099,308,Ba|Ca|Co|Cu|O|Y,1,0,3,1,2,0,3,3,3,1,0
8100,308,Ba|Ca|Co|Cu|O|Y,1,0,3,1,2,0,2,0,4,2,1
8101,308,Ba|Ca|Co|Cu|O|Y,1,0,3,1,2,0,0,0,4,1,4
8102,308,Ba|Ca|Co|Cu|O|Y,1,0,3,1,2,0,2,1,1,1,2
8103,308,Ba|Ca|Co|Cu|O|Y,1,0,3,1,2,0,1,1,3,4,4
8104,27,Cu|La|O|Pr|Sr,1,1,3,0,0,3,3,2,3,2,3
8105,27,Cu|La|O|Pr|Sr,1,1,3,0,0,3,1,2,4,4,0
8106,27,Cu|La|O|Pr|Sr,1,1,3,0,0,3,4,1,4,3,4
8107,27,Cu|La|O|Pr|Sr,1,1,3,0,0,3,0,4,1,2,1
8108,27,Cu|La|O|Pr|Sr,1,1,3,0,0,3,0,2,3,4,3
8109,27,Cu|La|O|Pr|Sr,1,1,3,0,0,3,3,2,3,2,1
8110,47,Ba|Ca|Cu|O|Tl,3,2,1,1,4,1,3,1,0,3,2
8111,2,Cu|La|O|Sr,1,2,3,2,2,0,2,3,3,4,4
8112,2,Cu|La|O|Sr,1,2,3,2,2,0,1,0,0,2,0
8113,44,Ba|Cu|Mn|O|Y,2,1,0,2,4,2,2,3,2,2,2
8114,44,Ba|Cu|Mn|O|Y,2,1,0,2,4,2,2,2,3,1,1
8115,44,Ba|Cu|Mn|O|Y,2,1,0,2,4,2,1,4,2,2,4
8116,44,Ba|Cu|Mn|O|Y,2,1,0,2,4,2,1,3,3,4,1
8117,44,Ba|Cu|Mn|O|Y,2,1,0,2,4,2,3,1,0,3,3
8118,44,Ba|Cu|Mn|O|Y,2,1,0,2,4,2,3,4,2,2,0
8119,31,Ba|Cu|Fe|O|Y,3,2,3,4,1,0,1,1,4,3,3
8120,2,Cu|La|O|Sr,1,2,3,2,2,0,1,0,0,4,4
8121,2,Cu|La|O|Sr,1,2,3,2,2,0,4,4,2,3,1
8122,249,Bi|Ca|Cu|O|Pr|Sr,4,2,4,2,2,3,0,2,4,4,3
8123,249,Bi|Ca|Cu|O|Pr|Sr,4,2,4,2,2,3,3,3,2,1,2
8124,249,Bi|Ca|Cu|O|Pr|Sr,4,2,4,2,2,3,3,4,3,1,1
8125,249,Bi|Ca|Cu|O|Pr|Sr,4,2,4,2,2,3,0,4,0,4,3
8126,49,Bi|Ca|Cu|O|Sr,2,0,2,4,3,0,1,0,2,0,1
8127,249,Bi|Ca|Cu|O|Pr|Sr,4,2,4,2,2,3,3,3,0,4,1
8128,249,Bi|Ca|Cu|O|Pr|Sr,4,2,4,2,2,3,4,4,4,1,3
8129,249,Bi|Ca|Cu|O|Pr|Sr,4,2,4,2,2,3,3,1,4,4,3
8130,249,Bi|Ca|Cu|O|Pr|Sr,4,2,4,2,2,3,1,1,2,4,1
8131,249,Bi|Ca|Cu|O|Pr|Sr,4,2,4,2,2,3,4,4,1,1,2
8132,812,Bi|Ca|Cu|I|O|Pb|Sr,2,1,0,4,4,3,3,2,4,1,4
8133,102,Ba|Cu|O|Pr|Y,4,2,0,0,3,0,3,4,4,4,1
8134,102,Ba|Cu|O|Pr|Y,4,2,0,0,3,0,1,0,4,0,2
8135,102,Ba|Cu|O|Pr|Y,4,2,0,0,3,0,1,4,0,3,1
8136,40,Ba|Cu|O|Y|Zn,3,1,0,2,1,0,2,0,3,2,1
8137,40,Ba|Cu|O|Y|Zn,3,1,0,2,1,0,2,1,0,0,2
8138,40,Ba|Cu|O|Y|Zn,3,1,0,2,1,0,2,1,1,4,4
8139,24,Co|Cu|La|O|Sr,2,4,2,4,3,1,2,3,4,2,0
8140,24,Co|Cu|La|O|Sr,2,4,2,4,3,1,2,4,4,3,4
8141,2,Cu|La|O|Sr,1,2,3,2,2,0,0,3,4,2,2
8142,25,Cu|La|Ni|O|Sr,3,4,4,4,0,3,4,4,4,2,3
8143,25,Cu|La|Ni|O|Sr,3,4,4,4,0,3,0,1,3,3,2
8144,25,Cu|La|Ni|O|Sr,3,4,4,4,0,3,4,1,1,1,1
8145,25,Cu|La|Ni|O|Sr,3,4,4,4,0,3,4,1,0,2,4
8146,25,Cu|La|Ni|O|Sr,3,4,4,4,0,3,2,0,0,2,4
8147,26,Cu|La|O|Sr|Zn,4,4,3,4,1,2,2,4,2,3,4
8148,26,Cu|La|O|Sr|Zn,4,4,3,4,1,2,1,3,1,3,0
8149,26,Cu|La|O|Sr|Zn,4,4,3,4,1,2,2,0,4,4,3
8150,49,Bi|Ca|Cu|O|Sr,2,0,2,4,3,0,0,3,1,3,3
8151,49,Bi|Ca|Cu|O|Sr,2,0,2,4,3,0,0,4,0,3,2
8152,71,Bi|Ca|Cu|O|Pb|Sr,2,0,4,1,4,1,1,4,0,3,3
8153,71,Bi|Ca|Cu|O|Pb|Sr,2,0,4,1,4,1,4,1,4,0,0
8154,71,Bi|Ca|Cu|O|Pb|Sr,2,0,4,1,4,1,1,3,1,0,3
8155,49,Bi|Ca|Cu|O|Sr,2,0,2,4,3,0,2,1,3,1,0
8156,71,Bi|Ca|Cu|O|Pb|Sr,2,0,4,1,4,1,0,3,4,1,0
8157,0,Ba|Cu|La|O,2,4,2,3,0,4,0,0,2,3,1
8158,40,Ba|Cu|O|Y|Zn,3,1,0,2,1,0,3,0,1,2,3
8159,40,Ba|Cu|O|Y|Zn,3,1,0,2,1,0,2,4,4,2,4
8160,37,Ba|Cu|Ni|O|Y,1,0,2,1,2,2,2,2,1,0,4
8161,174,Bi|Ca|Cu|Li|O|Sr,4,4,4,3,3,4,3,0,3,2,0
8162,174,Bi|Ca|Cu|Li|O|Sr,4,4,4,3,3,4,1,0,0,3,2
8163,174,Bi|Ca|Cu|Li|O|Sr,4,4,4,3,3,4,0,1,2,1,1
8164,174,Bi|Ca|Cu|Li|O|Sr,4,4,4,3,3,4,1,3,3,3,3
8165,49,Bi|Ca|Cu|O|Sr,2,0,2,4,3,0,1,0,2,0,4
8166,174,Bi|Ca|Cu|Li|O|Sr,4,4,4,3,3,4,0,3,3,4,2
8167,49,Bi|Ca|Cu|O|Sr,2,0,2,4,3,0,1,0,3,4,3
8168,49,Bi|Ca|Cu|O|Sr,2,0,2,4,3,0,2,0,2,1,3
8169,49,Bi|Ca|Cu|O|Sr,2,0,2,4,3,0,2,2,2,2,2
8170,49,Bi|Ca|Cu|O|Sr,2,0,2,4,3,0,3,1,4,4,4
8171,49,Bi|Ca|Cu|O|Sr,2,0,2,4,3,0,2,0,3,2,4
8172,8,Ba|Cu|O|Y,0,1,2,1,3,1,0,1,2,2,1
8173,49,Bi|Ca|Cu|O|Sr,2,0,2,4,3,0,0,1,1,1,0
8174,141,Bi|Ca|Cu|Fe|O|Sr,2,1,3,2,4,0,2,2,4,1,4
8175,141,Bi|Ca|Cu|Fe|O|Sr,2,1,3,2,4,0,1,1,1,3,3
8176,141,Bi|Ca|Cu|Fe|O|Sr,2,1,3,2,4,0,2,0,0,2,4
8177,8,Ba|Cu|O|Y,0,1,2,1,3,1,1,3,4,1,3
8178,16,Ba|Cu|Lu|O,0,3,2,3,1,4,4,0,4,4,2
8179,16,Ba|Cu|Lu|O,0,3,2,3,1,4,0,2,1,3,4
8180,16,Ba|Cu|Lu|O,0,3,2,3,1,4,3,3,3,2,3
8181,74,Ce|Cu|Nd|O,3,3,3,3,3,1,4,0,4,0,1
8182,74,Ce|Cu|Nd|O,3,3,3,3,3,1,1,4,4,3,2
8183,74,Ce|Cu|Nd|O,3,3,3,3,3,1,4,2,0,4,4
8184,69,Cu|La|O,2,0,3,0,0,0,0,3,3,4,4
8185,69,Cu|La|O,2,0,3,0,0,0,2,4,4,2,1
8186,12,Ba|Cu|Eu|O,2,3,0,3,4,4,0,4,0,2,0
8187,13,Ba|Cu|Gd|O,2,1,0,3,4,0,1,4,3,2,4
8188,13,Ba|Cu|Gd|O,2,1,0,3,4,0,2,4,1,3,1
8189,13,Ba|Cu|Gd|O,2,1,0,3,4,0,2,3,3,1,0
8190,13,Ba|Cu|Gd|O,2,1,0,3,4,0,1,2,1,4,2
8191,13,Ba|Cu|Gd|O,2,1,0,3,4,0,0,2,4,2,3
8192,69,Cu|La|O,2,0,3,0,0,0,4,4,4,1,4
8193,2,Cu|La|O|Sr,1,2,3,2,2,0,1,3,4,4,1
8194,25,Cu|La|Ni|O|Sr,3,4,4,4,0,3,2,3,0,4,1
8195,25,Cu|La|Ni|O|Sr,3,4,4,4,0,3,2,3,1,3,0
8196,25,Cu|La|Ni|O|Sr,3,4,4,4,0,3,0,1,0,2,1
8197,25,Cu|La|Ni|O|Sr,3,4,4,4,0,3,4,3,0,0,2
8198,25,Cu|La|Ni|O|Sr,3,4,4,4,0,3,1,0,4,4,3
8199,25,Cu|La|Ni|O|Sr,3,4,4,4,0,3,4,2,2,4,1
8200,23,Cu|Fe|La|O|Sr,2,0,1,0,2,4,3,4,2,1,0
8201,23,Cu|Fe|La|O|Sr,2,0,1,0,2,4,0,0,0,1,4
8202,23,Cu|Fe|La|O|Sr,2,0,1,0,2,4,2,1,4,2,1
8203,23,Cu|Fe|La|O|Sr,2,0,1,0,2,4,4,2,2,3,2
8204,23,Cu|Fe|La|O|Sr,2,0,1,0,2,4,3,2,2,1,4
8205,23,Cu|Fe|La|O|Sr,2,0,1,0,2,4,4,1,3,2,3
8206,26,Cu|La|O|Sr|Zn,4,4,3,4,1,2,1,4,4,4,3
8207,26,Cu|La|O|Sr|Zn,4,4,3,4,1,2,0,0,1,0,2
8208,26,Cu|La|O|Sr|Zn,4,4,3,4,1,2,1,0,4,3,4
8209,26,Cu|La|O|Sr|Zn,4,4,3,4,1,2,3,1,3,1,4
8210,26,Cu|La|O|Sr|Zn,4,4,3,4,1,2,0,0,0,0,3
8211,2,Cu|La|O|Sr,1,2,3,2,2,0,4,0,3,1,2
8212,24,Co|Cu|La|O|Sr,2,4,2,4,3,1,3,2,0,1,0
8213,24,Co|Cu|La|O|Sr,2,4,2,4,3,1,0,1,1,0,2
8214,24,Co|Cu|La|O|Sr,2,4,2,4,3,1,2,1,1,2,4
8215,24,Co|Cu|La|O|Sr,2,4,2,4,3,1,0,1,4,3,4
8216,24,Co|Cu|La|O|Sr,2,4,2,4,3,1,3,4,3,0,3
8217,24,Co|Cu|La|O|Sr,2,4,2,4,3,1,1,2,3,0,3
8218,24,Co|Cu|La|O|Sr,2,4,2,4,3,1,1,3,3,3,3
8219,2,Cu|La|O|Sr,1,2,3,2,2,0,4,4,1,0,4
8220,25,Cu|La|Ni|O|Sr,3,4,4,4,0,3,0,0,3,4,0
8221,25,Cu|La|Ni|O|Sr,3,4,4,4,0,3,3,0,3,3,2
8222,25,Cu|La|Ni|O|Sr,3,4,4,4,0,3,1,0,2,3,0
8223,25,Cu|La|Ni|O|Sr,3,4,4,4,0,3,1,4,3,3,0
8224,25,Cu|La|Ni|O|Sr,3,4,4,4,0,3,2,1,0,2,0
8225,25,Cu|La|Ni|O|Sr,3,4,4,4,0,3,0,2,3,2,3
8226,25,Cu|La|Ni|O|Sr,3,4,4,4,0,3,1,1,2,2,4
8227,2,Cu|La|O|Sr,1,2,3,2,2,0,2,0,1,2,3
8228,23,Cu|Fe|La|O|Sr,2,0,1,0,2,4,1,2,0,3,0
8229,23,Cu|Fe|La|O|Sr,2,0,1,0,2,4,0,1,0,4,0
8230,23,Cu|Fe|La|O|Sr,2,0,1,0,2,4,2,1,4,2,2
8231,23,Cu|Fe|La|O|Sr,2,0,1,0,2,4,0,0,4,4,4
8232,23,Cu|Fe|La|O|Sr,2,0,1,0,2,4,4,2,3,0,2
8233,23,Cu|Fe|La|O|Sr,2,0,1,0,2,4,1,0,2,0,2
8234,23,Cu|Fe|La|O|Sr,2,0,1,0,2,4,2,1,1,1,0
8235,813,Ce|Cu|Hg|La|O|Sr,1,2,0,1,3,0,3,4,2,3,1
8236,814,Ca|Ce|Cu|Hg|La|O|Sr,2,3,4,3,0,1,0,0,4,2,3
8237,815,Ca|Cu|Hg|La|O|Sr,2,2,3,2,1,3,4,2,2,3,4
8238,816,Cu|Hg|La|O|Sr,3,4,0,1,3,2,1,4,4,4,0
8239,815,Ca|Cu|Hg|La|O|Sr,2,2,3,2,1,3,3,0,3,4,0
8240,817,Ce|Cu|Hg|O|Pr|Sr,4,0,1,4,3,4,1,0,0,2,4
8241,818,Ca|Cu|Hg|Nd|O|Sr,0,2,4,4,0,1,1,0,0,1,4
8242,819,Ce|Cu|Hg|O|Sm|Sr,1,1,3,3,3,1,1,4,4,3,4
8243,820,Ce|Cu|Hg|Ho|O|Sr,2,1,2,2,1,4,3,1,4,4,0
8244,8,Ba|Cu|O|Y,0,1,2,1,3,1,0,1,2,3,3
8245,821,Ba|Cu|Hg|Mn|O,3,4,2,3,3,0,2,4,4,3,3
8246,822,Ba|Cu|Hg|Nd|O,4,2,4,4,0,3,2,2,0,2,0
8247,823,Ba|Ca|Cu|Hg|Mn|O,0,2,2,2,1,4,2,4,1,4,3
8248,824,Ba|Ca|Cu|Ge|Hg|O,1,3,3,0,0,0,4,2,1,4,4
8249,348,Ba|Ca|Cu|Hg|Nd|O,0,4,1,3,3,4,2,0,0,3,3
8250,825,Al|Cu|Mo|O|Sr|Y,2,0,0,1,2,4,4,0,3,1,3
8251,826,Al|Cu|O|Sr|W|Y,3,0,3,1,4,0,0,4,4,3,3
8252,398,Cu|Mo|O|Sr|W|Y,4,1,2,2,0,0,0,4,1,4,4
8253,171,Ba|Cu|Eu|O|Y,3,3,0,0,3,4,1,1,1,3,3
8254,15,Ba|Cu|Ho|O,0,0,4,0,3,2,4,2,2,3,3
8255,15,Ba|Cu|Ho|O,0,0,4,0,3,2,2,4,3,3,2
8256,243,Cu|F|Nd|O,1,3,4,2,2,4,2,3,3,2,3
8257,243,Cu|F|Nd|O,1,3,4,2,2,4,2,4,3,3,4
8258,243,Cu|F|Nd|O,1,3,4,2,2,4,3,2,4,4,1
8259,243,Cu|F|Nd|O,1,3,4,2,2,4,3,0,4,1,4
8260,243,Cu|F|Nd|O,1,3,4,2,2,4,3,2,2,4,3
8261,49,Bi|Ca|Cu|O|Sr,2,0,2,4,3,0,3,0,3,0,2
8262,49,Bi|Ca|Cu|O|Sr,2,0,2,4,3,0,3,2,4,3,2
8263,49,Bi|Ca|Cu|O|Sr,2,0,2,4,3,0,3,0,3,3,4
8264,49,Bi|Ca|Cu|O|Sr,2,0,2,4,3,0,1,1,2,3,1
8265,71,Bi|Ca|Cu|O|Pb|Sr,2,0,4,1,4,1,3,0,3,4,0
8266,71,Bi|Ca|Cu|O|Pb|Sr,2,0,4,1,4,1,4,0,1,1,1
8267,827,Ba|Bi|Cu|In|O,4,4,3,1,4,1,0,2,0,1,2
8268,828,Ba|Bi|Cu|O|Pb,0,2,2,2,0,1,1,0,2,2,0
8269,829,Ba|Bi|Cu|O|Ru,1,1,0,0,2,0,1,3,1,3,1
8270,66,Ba|Cu|O|Sr|Y,2,2,3,2,4,1,4,3,1,1,0
8271,66,Ba|Cu|O|Sr|Y,2,2,3,2,4,1,3,0,0,0,2
8272,66,Ba|Cu|O|Sr|Y,2,2,3,2,4,1,1,1,2,3,1
8273,66,Ba|Cu|O|Sr|Y,2,2,3,2,4,1,2,1,1,2,2
8274,51,Ba|Cu|Gd|O|Sr,3,3,2,4,3,3,1,0,0,1,1
8275,51,Ba|Cu|Gd|O|Sr,3,3,2,4,3,3,2,0,1,0,1
8276,51,Ba|Cu|Gd|O|Sr,3,3,2,4,3,3,3,2,3,2,0
8277,51,Ba|Cu|Gd|O|Sr,3,3,2,4,3,3,2,1,1,3,4
8278,51,Ba|Cu|Gd|O|Sr,3,3,2,4,3,3,3,3,0,1,1
8279,57,Ba|Cu|La|O|Y,4,0,3,4,0,1,4,4,3,1,1
8280,193,Ba|Ca|Cu|La|O|Y,0,3,3,2,2,3,3,0,2,0,1
8281,193,Ba|Ca|Cu|La|O|Y,0,3,3,2,2,3,3,2,2,4,3
8282,193,Ba|Ca|Cu|La|O|Y,0,3,3,2,2,3,1,3,4,2,4
8283,193,Ba|Ca|Cu|La|O|Y,0,3,3,2,2,3,1,0,0,2,4
8284,43,Ba|Co|Cu|O|Y,1,2,3,2,1,3,4,4,2,1,3
8285,308,Ba|Ca|Co|Cu|O|Y,1,0,3,1,2,0,3,0,2,1,0
8286,308,Ba|Ca|Co|Cu|O|Y,1,0,3,1,2,0,4,3,4,3,0
8287,308,Ba|Ca|Co|Cu|O|Y,1,0,3,1,2,0,0,0,3,2,0
8288,308,Ba|Ca|Co|Cu|O|Y,1,0,3,1,2,0,3,2,0,0,2
8289,308,Ba|Ca|Co|Cu|O|Y,1,0,3,1,2,0,3,4,2,4,2
8290,49,Bi|Ca|Cu|O|Sr,2,0,2,4,3,0,2,0,4,0,4
8291,71,Bi|Ca|Cu|O|Pb|Sr,2,0,4,1,4,1,3,0,2,2,4
8292,71,Bi|Ca|Cu|O|Pb|Sr,2,0,4,1,4,1,4,0,0,4,0
8293,71,Bi|Ca|Cu|O|Pb|Sr,2,0,4,1,4,1,1,3,2,0,0
8294,71,Bi|Ca|Cu|O|Pb|Sr,2,0,4,1,4,1,4,2,1,4,4
8295,150,Bi|Ca|Cu|Nd|O|Sr,0,3,4,4,2,3,1,0,1,3,1
8296,150,Bi|Ca|Cu|Nd|O|Sr,0,3,4,4,2,3,1,1,4,4,2
8297,150,Bi|Ca|Cu|Nd|O|Sr,0,3,4,4,2,3,0,2,1,1,3
8298,150,Bi|Ca|Cu|Nd|O|Sr,0,3,4,4,2,3,2,4,0,3,1
8299,150,Bi|Ca|Cu|Nd|O|Sr,0,3,4,4,2,3,3,0,0,2,2
8300,83,Bi|Ca|Cu|O|Sr|Y,4,3,2,2,1,2,3,0,3,2,0
8301,83,Bi|Ca|Cu|O|Sr|Y,4,3,2,2,1,2,3,1,1,2,3
8302,83,Bi|Ca|Cu|O|Sr|Y,4,3,2,2,1,2,3,4,2,2,4
8303,83,Bi|Ca|Cu|O|Sr|Y,4,3,2,2,1,2,2,2,3,2,3
8304,83,Bi|Ca|Cu|O|Sr|Y,4,3,2,2,1,2,1,0,3,3,3
8305,8,Ba|Cu|O|Y,0,1,2,1,3,1,1,0,3,4,1
8306,8,Ba|Cu|O|Y,0,1,2,1,3,1,0,4,4,2,0
8307,8,Ba|Cu|O|Y,0,1,2,1,3,1,0,1,1,0,4
8308,8,Ba|Cu|O|Y,0,1,2,1,3,1,1,0,0,2,0
8309,8,Ba|Cu|O|Y,0,1,2,1,3,1,2,4,3,2,0
8310,8,Ba|Cu|O|Y,0,1,2,1,3,1,4,4,2,2,4
8311,8,Ba|Cu|O|Y,0,1,2,1,3,1,1,2,4,3,1
8312,8,Ba|Cu|O|Y,0,1,2,1,3,1,3,4,0,3,3
8313,8,Ba|Cu|O|Y,0,1,2,1,3,1,1,4,0,0,2
8314,8,Ba|Cu|O|Y,0,1,2,1,3,1,0,3,0,4,3
8315,387,Ca|Cd|Cu|O|Pb|Sr|Y,0,4,3,2,2,4,3,3,2,1,4
8316,387,Ca|Cd|Cu|O|Pb|Sr|Y,0,4,3,2,2,4,0,1,4,4,2
8317,387,Ca|Cd|Cu|O|Pb|Sr|Y,0,4,3,2,2,4,0,2,1,2,2
8318,387,Ca|Cd|Cu|O|Pb|Sr|Y,0,4,3,2,2,4,4,2,1,0,4
8319,387,Ca|Cd|Cu|O|Pb|Sr|Y,0,4,3,2,2,4,0,0,0,2,0
8320,387,Ca|Cd|Cu|O|Pb|Sr|Y,0,4,3,2,2,4,1,0,1,2,2
8321,387,Ca|Cd|Cu|O|Pb|Sr|Y,0,4,3,2,2,4,1,4,1,0,2
8322,90,Ca|Cu|O|Pb|Sr|Y,0,3,2,3,4,0,3,2,1,3,3
8323,90,Ca|Cu|O|Pb|Sr|Y,0,3,2,3,4,0,4,4,4,0,0
8324,387,Ca|Cd|Cu|O|Pb|Sr|Y,0,4,3,2,2,4,3,3,0,2,0
8325,603,Ba|Cu|F|Hg|O,1,4,3,0,0,4,2,1,3,1,3
8326,603,Ba|Cu|F|Hg|O,1,4,3,0,0,4,0,1,4,1,4
8327,603,Ba|Cu|F|Hg|O,1,4,3,0,0,4,1,0,1,2,2
8328,603,Ba|Cu|F|Hg|O,1,4,3,0,0,4,1,2,4,0,3
8329,2,Cu|La|O|Sr,1,2,3,2,2,0,0,3,3,1,3
8330,8,Ba|Cu|O|Y,0,1,2,1,3,1,1,1,4,0,1
8331,57,Ba|Cu|La|O|Y,4,0,3,4,0,1,2,4,4,1,4
8332,57,Ba|Cu|La|O|Y,4,0,3,4,0,1,1,3,2,1,4
8333,57,Ba|Cu|La|O|Y,4,0,3,4,0,1,4,3,3,2,0
8334,57,Ba|Cu|La|O|Y,4,0,3,4,0,1,3,4,3,0,0
8335,57,Ba|Cu|La|O|Y,4,0,3,4,0,1,2,2,0,4,0
8336,57,Ba|Cu|La|O|Y,4,0,3,4,0,1,1,4,0,0,4
8337,8,Ba|Cu|O|Y,0,1,2,1,3,1,0,4,0,2,3
8338,102,Ba|Cu|O|Pr|Y,4,2,0,0,3,0,4,0,1,1,1
8339,102,Ba|Cu|O|Pr|Y,4,2,0,0,3,0,1,1,2,4,2
8340,102,Ba|Cu|O|Pr|Y,4,2,0,0,3,0,2,3,2,0,1
8341,102,Ba|Cu|O|Pr|Y,4,2,0,0,3,0,4,3,3,3,1
8342,102,Ba|Cu|O|Pr|Y,4,2,0,0,3,0,4,0,4,1,1
8343,102,Ba|Cu|O|Pr|Y,4,2,0,0,3,0,2,1,3,1,0
8344,315,Au|Ba|Cu|O|Y,2,2,3,0,3,0,1,2,4,1,3
8345,315,Au|Ba|Cu|O|Y,2,2,3,0,3,0,3,4,1,2,4
8346,71,Bi|Ca|Cu|O|Pb|Sr,2,0,4,1,4,1,0,3,3,4,2
8347,830,Bi|Ca|Cs|Cu|O|Pb|Sr,2,4,3,4,4,0,4,1,3,0,2
8348,830,Bi|Ca|Cs|Cu|O|Pb|Sr,2,4,3,4,4,0,3,3,3,4,2
8349,830,Bi|Ca|Cs|Cu|O|Pb|Sr,2,4,3,4,4,0,4,2,2,0,2
8350,830,Bi|Ca|Cs|Cu|O|Pb|Sr,2,4,3,4,4,0,3,3,2,0,2
8351,830,Bi|Ca|Cs|Cu|O|Pb|Sr,2,4,3,4,4,0,0,2,4,2,1
8352,830,Bi|Ca|Cs|Cu|O|Pb|Sr,2,4,3,4,4,0,4,3,2,3,0
8353,830,Bi|Ca|Cs|Cu|O|Pb|Sr,2,4,3,4,4,0,2,0,3,0,2
8354,830,Bi|Ca|Cs|Cu|O|Pb|Sr,2,4,3,4,4,0,0,2,2,2,3
8355,830,Bi|Ca|Cs|Cu|O|Pb|Sr,2,4,3,4,4,0,3,0,1,0,4
8356,830,Bi|Ca|Cs|Cu|O|Pb|Sr,2,4,3,4,4,0,2,3,1,1,0
8357,831,Ba|Ca|Ce|Cu|O|Y,3,1,3,0,3,3,0,0,1,4,1
8358,307,Ba|Ca|Cu|Hg|O,2,4,3,2,4,3,3,3,0,0,0
8359,307,Ba|Ca|Cu|Hg|O,2,4,3,2,4,3,0,2,1,0,2
8360,832,Ba|Cu|Nd|O|Pr|Sr,1,2,4,4,4,0,0,0,4,2,1
8361,832,Ba|Cu|Nd|O|Pr|Sr,1,2,4,4,4,0,3,0,0,4,0
8362,832,Ba|Cu|Nd|O|Pr|Sr,1,2,4,4,4,0,2,4,4,2,3
8363,832,Ba|Cu|Nd|O|Pr|Sr,1,2,4,4,4,0,3,0,0,1,1
8364,832,Ba|Cu|Nd|O|Pr|Sr,1,2,4,4,4,0,3,1,1,4,3
8365,832,Ba|Cu|Nd|O|Pr|Sr,1,2,4,4,4,0,1,2,4,4,3
8366,832,Ba|Cu|Nd|O|Pr|Sr,1,2,4,4,4,0,1,2,2,4,4
8367,832,Ba|Cu|Nd|O|Pr|Sr,1,2,4,4,4,0,1,2,4,0,0
8368,833,Ba|C|Cu|Hg|O,0,3,3,1,2,3,0,4,1,4,4
8369,4,Ba|Ca|Cu|O|Y,3,0,0,0,2,3,1,1,3,0,0
8370,4,Ba|Ca|Cu|O|Y,3,0,0,0,2,3,1,0,0,1,2
8371,4,Ba|Ca|Cu|O|Y,3,0,0,0,2,3,4,3,3,3,1
8372,71,Bi|Ca|Cu|O|Pb|Sr,2,0,4,1,4,1,2,1,0,1,2
8373,413,Bi|Ca|Cu|F|O|Pb|Sr,2,2,4,4,2,2,1,1,4,3,4
8374,834,Bi|Ca|Cu|F|K|O|Pb|Sr,4,4,2,1,4,1,4,3,4,4,3
8375,834,Bi|Ca|Cu|F|K|O|Pb|Sr,4,4,2,1,4,1,1,1,2,2,4
8376,835,Ag|Ba|Ca|Cu|O|Sr|Tl,3,4,4,2,4,0,3,3,2,4,4
8377,836,Ag|Ba|Ca|Cu|O|Pb|Sr|Tl,2,0,0,1,4,0,2,4,2,3,3
8378,835,Ag|Ba|Ca|Cu|O|Sr|Tl,3,4,4,2,4,0,4,1,0,3,2
8379,836,Ag|Ba|Ca|Cu|O|Pb|Sr|Tl,2,0,0,1,4,0,0,4,3,0,0
8380,836,Ag|Ba|Ca|Cu|O|Pb|Sr|Tl,2,0,0,1,4,0,1,3,0,0,1
8381,836,Ag|Ba|Ca|Cu|O|Pb|Sr|Tl,2,0,0,1,4,0,0,2,1,0,4
8382,836,Ag|Ba|Ca|Cu|O|Pb|Sr|Tl,2,0,0,1,4,0,1,1,3,3,4
8383,836,Ag|Ba|Ca|Cu|O|Pb|Sr|Tl,2,0,0,1,4,0,1,4,2,3,3
8384,836,Ag|Ba|Ca|Cu|O|Pb|Sr|Tl,2,0,0,1,4,0,1,2,0,3,4
8385,49,Bi|Ca|Cu|O|Sr,2,0,2,4,3,0,2,3,0,2,3
8386,71,Bi|Ca|Cu|O|Pb|Sr,2,0,4,1,4,1,3,4,0,1,0
8387,71,Bi|Ca|Cu|O|Pb|Sr,2,0,4,1,4,1,2,1,4,2,3
8388,71,Bi|Ca|Cu|O|Pb|Sr,2,0,4,1,4,1,1,2,2,2,1
8389,8,Ba|Cu|O|Y,0,1,2,1,3,1,4,2,2,0,4
8390,57,Ba|Cu|La|O|Y,4,0,3,4,0,1,4,0,0,2,3
8391,57,Ba|Cu|La|O|Y,4,0,3,4,0,1,0,1,3,0,4
8392,57,Ba|Cu|La|O|Y,4,0,3,4,0,1,2,1,3,0,0
8393,57,Ba|Cu|La|O|Y,4,0,3,4,0,1,4,3,3,4,4
8394,57,Ba|Cu|La|O|Y,4,0,3,4,0,1,2,4,3,2,4
8395,57,Ba|Cu|La|O|Y,4,0,3,4,0,1,3,0,3,0,0
8396,8,Ba|Cu|O|Y,0,1,2,1,3,1,2,0,1,2,2
8397,57,Ba|Cu|La|O|Y,4,0,3,4,0,1,4,4,4,0,3
8398,57,Ba|Cu|La|O|Y,4,0,3,4,0,1,0,1,0,3,0
8399,57,Ba|Cu|La|O|Y,4,0,3,4,0,1,0,4,2,0,0
8400,57,Ba|Cu|La|O|Y,4,0,3,4,0,1,1,0,0,4,4
8401,57,Ba|Cu|La|O|Y,4,0,3,4,0,1,2,0,1,3,1
8402,57,Ba|Cu|La|O|Y,4,0,3,4,0,1,1,1,4,1,4
8403,43,Ba|Co|Cu|O|Y,1,2,3,2,1,3,1,1,1,1,2
8404,43,Ba|Co|Cu|O|Y,1,2,3,2,1,3,3,4,3,3,1
8405,43,Ba|Co|Cu|O|Y,1,2,3,2,1,3,2,0,1,2,0
8406,43,Ba|Co|Cu|O|Y,1,2,3,2,1,3,1,1,0,0,3
8407,43,Ba|Co|Cu|O|Y,1,2,3,2,1,3,3,4,2,3,4
8408,43,Ba|Co|Cu|O|Y,1,2,3,2,1,3,3,1,1,0,2
8409,43,Ba|Co|Cu|O|Y,1,2,3,2,1,3,3,2,1,4,1
8410,43,Ba|Co|Cu|O|Y,1,2,3,2,1,3,2,0,3,4,4
8411,43,Ba|Co|Cu|O|Y,1,2,3,2,1,3,2,3,4,4,4
8412,43,Ba|Co|Cu|O|Y,1,2,3,2,1,3,0,1,3,0,2
8413,37,Ba|Cu|Ni|O|Y,1,0,2,1,2,2,1,2,0,0,1
8414,37,Ba|Cu|Ni|O|Y,1,0,2,1,2,2,2,1,1,1,4
8415,37,Ba|Cu|Ni|O|Y,1,0,2,1,2,2,0,4,0,2,2
8416,37,Ba|Cu|Ni|O|Y,1,0,2,1,2,2,0,1,4,3,1
8417,40,Ba|Cu|O|Y|Zn,3,1,0,2,1,0,3,3,0,1,0
8418,40,Ba|Cu|O|Y|Zn,3,1,0,2,1,0,2,3,2,1,1
8419,40,Ba|Cu|O|Y|Zn,3,1,0,2,1,0,3,1,4,2,1
8420,304,Ce|Cu|Eu|Nb|O|Sr,1,0,0,3,2,3,0,1,1,3,1
8421,415,Ba|Ca|Cu|Hg|O|Sr,2,2,1,4,3,1,2,1,4,3,3
8422,415,Ba|Ca|Cu|Hg|O|Sr,2,2,1,4,3,1,1,2,1,4,4
8423,382,Ba|Ca|Cu|Hg|O|Sr|Tl,4,3,0,1,2,0,0,1,0,0,3
8424,370,Ca|Cu|O|Sr,3,3,1,1,0,0,0,1,2,1,0
8425,47,Ba|Ca|Cu|O|Tl,3,2,1,1,4,1,0,3,4,0,3
8426,47,Ba|Ca|Cu|O|Tl,3,2,1,1,4,1,0,2,4,1,4
8427,47,Ba|Ca|Cu|O|Tl,3,2,1,1,4,1,3,2,4,4,4
8428,837,Ba|C|Ca|Cu|O|Tl,3,4,4,2,1,2,1,0,3,0,2
8429,837,Ba|C|Ca|Cu|O|Tl,3,4,4,2,1,2,2,0,1,2,4
8430,837,Ba|C|Ca|Cu|O|Tl,3,4,4,2,1,2,1,3,1,1,3
8431,277,Bi|Ca|Co|Cu|O|Sr,4,4,3,2,4,1,0,1,1,1,0
8432,277,Bi|Ca|Co|Cu|O|Sr,4,4,3,2,4,1,2,4,0,3,3
8433,277,Bi|Ca|Co|Cu|O|Sr,4,4,3,2,4,1,3,3,3,1,4
8434,83,Bi|Ca|Cu|O|Sr|Y,4,3,2,2,1,2,0,1,2,4,4
8435,838,Bi|Ca|Co|Cu|O|Sr|Y,0,1,4,4,1,2,4,2,4,4,0
8436,838,Bi|Ca|Co|Cu|O|Sr|Y,0,1,4,4,1,2,2,2,3,4,2
8437,838,Bi|Ca|Co|Cu|O|Sr|Y,0,1,4,4,1,2,4,4,2,3,4
8438,838,Bi|Ca|Co|Cu|O|Sr|Y,0,1,4,4,1,2,4,2,1,1,3
8439,83,Bi|Ca|Cu|O|Sr|Y,4,3,2,2,1,2,0,0,1,0,1
8440,838,Bi|Ca|Co|Cu|O|Sr|Y,0,1,4,4,1,2,4,1,3,4,1
8441,838,Bi|Ca|Co|Cu|O|Sr|Y,0,1,4,4,1,2,1,1,2,3,4
8442,838,Bi|Ca|Co|Cu|O|Sr|Y,0,1,4,4,1,2,0,2,0,4,2
8443,83,Bi|Ca|Cu|O|Sr|Y,4,3,2,2,1,2,4,3,4,0,4
8444,838,Bi|Ca|Co|Cu|O|Sr|Y,0,1,4,4,1,2,3,4,2,2,4
8445,838,Bi|Ca|Co|Cu|O|Sr|Y,0,1,4,4,1,2,1,4,2,4,3
8446,839,Bi|Cu|O|Sr|Yb,1,3,0,0,3,3,3,2,2,2,0
8447,839,Bi|Cu|O|Sr|Yb,1,3,0,0,3,3,3,0,3,2,3
8448,839,Bi|Cu|O|Sr|Yb,1,3,0,0,3,3,4,2,3,0,4
8449,153,Bi|Ca|Cu|O|Sr|Yb,3,4,4,3,2,1,0,0,3,0,2
8450,153,Bi|Ca|Cu|O|Sr|Yb,3,4,4,3,2,1,2,2,3,1,2
8451,120,Bi|Cu|La|O|Sr,1,3,1,3,0,0,1,0,0,4,1
8452,120,Bi|Cu|La|O|Sr,1,3,1,3,0,0,3,1,2,3,0
8453,120,Bi|Cu|La|O|Sr,1,3,1,3,0,0,3,2,2,3,3
8454,120,Bi|Cu|La|O|Sr,1,3,1,3,0,0,0,0,1,1,0
8455,120,Bi|Cu|La|O|Sr,1,3,1,3,0,0,0,4,3,0,0
8456,690,Cu|Gd|O|Ru|Sr,0,2,4,2,4,2,1,1,4,4,0
8457,71,Bi|Ca|Cu|O|Pb|Sr,2,0,4,1,4,1,0,2,3,3,4
8458,840,Ag|Bi|Ca|Cu|O|Pb|Sr,3,0,1,1,2,2,3,4,4,1,4
8459,840,Ag|Bi|Ca|Cu|O|Pb|Sr,3,0,1,1,2,2,3,4,1,4,3
8460,840,Ag|Bi|Ca|Cu|O|Pb|Sr,3,0,1,1,2,2,0,3,4,4,3
8461,840,Ag|Bi|Ca|Cu|O|Pb|Sr,3,0,1,1,2,2,0,4,3,0,0
8462,840,Ag|Bi|Ca|Cu|O|Pb|Sr,3,0,1,1,2,2,1,0,3,4,2
8463,840,Ag|Bi|Ca|Cu|O|Pb|Sr,3,0,1,1,2,2,0,1,4,4,3
8464,8,Ba|Cu|O|Y,0,1,2,1,3,1,0,1,1,1,0
8465,8,Ba|Cu|O|Y,0,1,2,1,3,1,1,3,1,1,4
8466,8,Ba|Cu|O|Y,0,1,2,1,3,1,2,4,4,4,3
8467,8,Ba|Cu|O|Y,0,1,2,1,3,1,4,3,1,4,1
8468,8,Ba|Cu|O|Y,0,1,2,1,3,1,3,0,4,1,1
8469,8,Ba|Cu|O|Y,0,1,2,1,3,1,2,3,3,4,2
8470,8,Ba|Cu|O|Y,0,1,2,1,3,1,1,1,4,4,4
8471,8,Ba|Cu|O|Y,0,1,2,1,3,1,2,0,0,3,3
8472,83,Bi|Ca|Cu|O|Sr|Y,4,3,2,2,1,2,4,1,0,2,3
8473,83,Bi|Ca|Cu|O|Sr|Y,4,3,2,2,1,2,3,1,4,0,2
8474,132,Bi|Ca|Cu|O|Pb|Sr|Y,3,1,1,4,3,2,3,1,2,2,0
8475,481,Ba|Ca|Cu|Hg|O|Pb,0,2,0,2,0,3,3,3,3,2,4
8476,446,Ca|Cu|Hg|O|Pb|Sr,3,0,1,2,1,0,4,3,1,1,3
8477,690,Cu|Gd|O|Ru|Sr,0,2,4,2,4,2,4,3,4,3,2
8478,841,Cu|Gd|O|Ru|Sn|Sr,0,0,3,2,0,3,3,4,3,4,4
8479,841,Cu|Gd|O|Ru|Sn|Sr,0,0,3,2,0,3,2,2,4,1,4
8480,841,Cu|Gd|O|Ru|Sn|Sr,0,0,3,2,0,3,3,1,3,4,1
8481,841,Cu|Gd|O|Ru|Sn|Sr,0,0,3,2,0,3,1,1,3,4,3
8482,2,Cu|La|O|Sr,1,2,3,2,2,0,1,3,1,3,4
8483,2,Cu|La|O|Sr,1,2,3,2,2,0,3,1,1,4,3
8484,8,Ba|Cu|O|Y,0,1,2,1,3,1,1,3,3,1,3
8485,8,Ba|Cu|O|Y,0,1,2,1,3,1,0,4,3,4,0
8486,40,Ba|Cu|O|Y|Zn,3,1,0,2,1,0,2,0,0,0,2
8487,40,Ba|Cu|O|Y|Zn,3,1,0,2,1,0,3,0,4,4,2
8488,2,Cu|La|O|Sr,1,2,3,2,2,0,1,1,1,2,0
8489,26,Cu|La|O|Sr|Zn,4,4,3,4,1,2,4,0,2,3,4
8490,26,Cu|La|O|Sr|Zn,4,4,3,4,1,2,2,4,2,4,2
8491,26,Cu|La|O|Sr|Zn,4,4,3,4,1,2,2,3,4,3,2
8492,26,Cu|La|O|Sr|Zn,4,4,3,4,1,2,2,3,2,3,4
8493,26,Cu|La|O|Sr|Zn,4,4,3,4,1,2,0,1,1,1,4
8494,26,Cu|La|O|Sr|Zn,4,4,3,4,1,2,1,3,0,1,4
8495,8,Ba|Cu|O|Y,0,1,2,1,3,1,2,2,1,3,2
8496,8,Ba|Cu|O|Y,0,1,2,1,3,1,0,3,2,4,3
8497,8,Ba|Cu|O|Y,0,1,2,1,3,1,1,1,1,1,0
8498,8,Ba|Cu|O|Y,0,1,2,1,3,1,4,1,0,1,3
8499,8,Ba|Cu|O|Y,0,1,2,1,3,1,2,1,0,2,3
8500,49,Bi|Ca|Cu|O|Sr,2,0,2,4,3,0,0,1,4,1,1
8501,69,Cu|La|O,2,0,3,0,0,0,0,0,0,4,0
8502,2,Cu|La|O|Sr,1,2,3,2,2,0,4,1,2,2,3
8503,8,Ba|Cu|O|Y,0,1,2,1,3,1,3,0,2,4,4
8504,40,Ba|Cu|O|Y|Zn,3,1,0,2,1,0,4,3,2,3,0
8505,40,Ba|Cu|O|Y|Zn,3,1,0,2,1,0,0,1,0,0,2
8506,2,Cu|La|O|Sr,1,2,3,2,2,0,1,3,0,2,2
8507,2,Cu|La|O|Sr,1,2,3,2,2,0,1,1,0,3,1
8508,2,Cu|La|O|Sr,1,2,3,2,2,0,4,4,4,4,1
8509,2,Cu|La|O|Sr,1,2,3,2,2,0,0,3,3,3,3
8510,306,Ba|Cu|Hg|O,4,0,0,2,4,0,1,3,4,3,2
8511,37,Ba|Cu|Ni|O|Y,1,0,2,1,2,2,3,3,0,1,3
8512,37,Ba|Cu|Ni|O|Y,1,0,2,1,2,2,0,4,0,4,4
8513,37,Ba|Cu|Ni|O|Y,1,0,2,1,2,2,0,1,0,3,3
8514,37,Ba|Cu|Ni|O|Y,1,0,2,1,2,2,3,3,3,0,3
8515,37,Ba|Cu|Ni|O|Y,1,0,2,1,2,2,3,2,2,4,3
8516,37,Ba|Cu|Ni|O|Y,1,0,2,1,2,2,1,1,0,1,3
8517,37,Ba|Cu|Ni|O|Y,1,0,2,1,2,2,0,3,4,4,0
8518,37,Ba|Cu|Ni|O|Y,1,0,2,1,2,2,1,4,0,2,0
8519,37,Ba|Cu|Ni|O|Y,1,0,2,1,2,2,4,4,0,2,3
8520,842,Ce|Cu|Eu|O|Sr|Ti,0,2,3,0,3,2,3,0,2,1,2
8521,378,Ba|C|Ca|Cu|O,2,3,4,2,1,4,2,1,2,3,0
8522,378,Ba|C|Ca|Cu|O,2,3,4,2,1,4,1,0,0,1,3
8523,378,Ba|C|Ca|Cu|O,2,3,4,2,1,4,1,1,1,0,0
8524,378,Ba|C|Ca|Cu|O,2,3,4,2,1,4,1,4,0,4,4
8525,378,Ba|C|Ca|Cu|O,2,3,4,2,1,4,4,4,1,3,3
8526,378,Ba|C|Ca|Cu|O,2,3,4,2,1,4,4,4,2,3,3
8527,378,Ba|C|Ca|Cu|O,2,3,4,2,1,4,4,1,0,3,0
8528,690,Cu|Gd|O|Ru|Sr,0,2,4,2,4,2,1,0,0,0,4
8529,690,Cu|Gd|O|Ru|Sr,0,2,4,2,4,2,4,1,3,1,1
8530,843,Cu|Gd|O|Ru|Sr|Zn,4,4,4,3,2,1,0,1,1,4,0
8531,843,Cu|Gd|O|Ru|Sr|Zn,4,4,4,3,2,1,1,4,4,2,4
8532,843,Cu|Gd|O|Ru|Sr|Zn,4,4,4,3,2,1,3,3,3,2,1
8533,378,Ba|C|Ca|Cu|O,2,3,4,2,1,4,2,4,0,4,3
8534,71,Bi|Ca|Cu|O|Pb|Sr,2,0,4,1,4,1,2,0,2,1,1
8535,307,Ba|Ca|Cu|Hg|O,2,4,3,2,4,3,1,1,1,2,1
8536,120,Bi|Cu|La|O|Sr,1,3,1,3,0,0,4,1,0,0,1
8537,120,Bi|Cu|La|O|Sr,1,3,1,3,0,0,3,0,2,2,4
8538,120,Bi|Cu|La|O|Sr,1,3,1,3,0,0,3,1,1,3,4
8539,120,Bi|Cu|La|O|Sr,1,3,1,3,0,0,2,2,2,2,0
8540,104,Bi|Ca|Cu|O|Pr,2,0,2,2,4,1,2,0,4,4,2
8541,104,Bi|Ca|Cu|O|Pr,2,0,2,2,4,1,1,1,2,3,4
8542,104,Bi|Ca|Cu|O|Pr,2,0,2,2,4,1,2,4,3,1,0
8543,104,Bi|Ca|Cu|O|Pr,2,0,2,2,4,1,4,1,4,4,0
8544,9,Ba|Cu|Er|O,2,0,3,4,4,4,4,1,1,2,0
8545,82,Ba|Cu|Er|O|Zn,2,2,1,0,1,4,0,4,1,0,3
8546,82,Ba|Cu|Er|O|Zn,2,2,1,0,1,4,2,0,4,2,1
8547,82,Ba|Cu|Er|O|Zn,2,2,1,0,1,4,4,1,1,2,1
8548,82,Ba|Cu|Er|O|Zn,2,2,1,0,1,4,0,3,1,1,3
8549,82,Ba|Cu|Er|O|Zn,2,2,1,0,1,4,4,4,1,0,4
8550,82,Ba|Cu|Er|O|Zn,2,2,1,0,1,4,0,0,3,1,0
8551,423,Ba|Cu|Er|Fe|O,4,4,4,2,3,1,3,0,2,4,3
8552,844,Ba|Cu|Er|Fe|O|Zn,4,3,4,2,3,2,2,1,3,2,0
8553,844,Ba|Cu|Er|Fe|O|Zn,4,3,4,2,3,2,1,1,1,2,3
8554,844,Ba|Cu|Er|Fe|O|Zn,4,3,4,2,3,2,1,3,1,1,3
8555,844,Ba|Cu|Er|Fe|O|Zn,4,3,4,2,3,2,0,1,0,1,2
8556,844,Ba|Cu|Er|Fe|O|Zn,4,3,4,2,3,2,3,3,3,4,2
8557,423,Ba|Cu|Er|Fe|O,4,4,4,2,3,1,1,4,4,1,0
8558,844,Ba|Cu|Er|Fe|O|Zn,4,3,4,2,3,2,4,3,1,1,4
8559,844,Ba|Cu|Er|Fe|O|Zn,4,3,4,2,3,2,4,3,2,2,3
8560,844,Ba|Cu|Er|Fe|O|Zn,4,3,4,2,3,2,0,0,2,0,1
8561,844,Ba|Cu|Er|Fe|O|Zn,4,3,4,2,3,2,0,0,0,2,4
8562,844,Ba|Cu|Er|Fe|O|Zn,4,3,4,2,3,2,1,0,2,2,2
8563,423,Ba|Cu|Er|Fe|O,4,4,4,2,3,1,3,0,3,1,3
8564,844,Ba|Cu|Er|Fe|O|Zn,4,3,4,2,3,2,3,1,4,4,2
8565,844,Ba|Cu|Er|Fe|O|Zn,4,3,4,2,3,2,4,3,4,0,1
8566,844,Ba|Cu|Er|Fe|O|Zn,4,3,4,2,3,2,3,4,3,1,2
8567,844,Ba|Cu|Er|Fe|O|Zn,4,3,4,2,3,2,3,0,2,1,0
8568,8,Ba|Cu|O|Y,0,1,2,1,3,1,3,3,2,1,3
8569,8,Ba|Cu|O|Y,0,1,2,1,3,1,0,2,2,0,1
8570,8,Ba|Cu|O|Y,0,1,2,1,3,1,0,2,1,4,2
8571,17,Ba|Cu|O|Sm,4,0,0,3,4,1,1,1,1,3,3
8572,180,Ba|Cu|O|Pr|Sm,0,4,1,0,2,3,0,0,3,1,4
8573,180,Ba|Cu|O|Pr|Sm,0,4,1,0,2,3,0,1,3,0,3
8574,180,Ba|Cu|O|Pr|Sm,0,4,1,0,2,3,0,2,4,4,1
8575,120,Bi|Cu|La|O|Sr,1,3,1,3,0,0,3,0,2,4,1
8576,120,Bi|Cu|La|O|Sr,1,3,1,3,0,0,2,1,4,4,0
8577,120,Bi|Cu|La|O|Sr,1,3,1,3,0,0,2,0,0,0,1
8578,120,Bi|Cu|La|O|Sr,1,3,1,3,0,0,1,1,3,3,4
8579,120,Bi|Cu|La|O|Sr,1,3,1,3,0,0,3,4,3,0,0
8580,120,Bi|Cu|La|O|Sr,1,3,1,3,0,0,0,0,0,0,4
8581,136,Bi|Cu|O|Pb|Sr,2,4,0,4,3,1,1,3,1,3,4
8582,169,Bi|Cu|La|O|Pb|Sr,1,0,1,2,2,1,2,2,0,0,4
8583,169,Bi|Cu|La|O|Pb|Sr,1,0,1,2,2,1,4,4,0,0,1
8584,169,Bi|Cu|La|O|Pb|Sr,1,0,1,2,2,1,2,3,0,2,2
8585,169,Bi|Cu|La|O|Pb|Sr,1,0,1,2,2,1,1,0,2,1,2
8586,169,Bi|Cu|La|O|Pb|Sr,1,0,1,2,2,1,2,0,4,4,3
8587,169,Bi|Cu|La|O|Pb|Sr,1,0,1,2,2,1,4,3,0,0,3
8588,169,Bi|Cu|La|O|Pb|Sr,1,0,1,2,2,1,0,1,1,1,3
8589,169,Bi|Cu|La|O|Pb|Sr,1,0,1,2,2,1,0,1,1,0,1
8590,169,Bi|Cu|La|O|Pb|Sr,1,0,1,2,2,1,0,2,1,3,1
8591,631,Ba|Ca|Cu|Hg|O|Re,2,3,2,0,1,2,4,4,1,4,3
8592,631,Ba|Ca|Cu|Hg|O|Re,2,3,2,0,1,2,2,3,4,1,2
8593,631,Ba|Ca|Cu|Hg|O|Re,2,3,2,0,1,2,3,2,1,2,1
8594,631,Ba|Ca|Cu|Hg|O|Re,2,3,2,0,1,2,0,2,4,0,0
8595,631,Ba|Ca|Cu|Hg|O|Re,2,3,2,0,1,2,1,2,1,2,0
8596,631,Ba|Ca|Cu|Hg|O|Re,2,3,2,0,1,2,4,4,0,0,3
8597,2,Cu|La|O|Sr,1,2,3,2,2,0,2,4,2,2,2
8598,25,Cu|La|Ni|O|Sr,3,4,4,4,0,3,1,1,2,0,1
8599,25,Cu|La|Ni|O|Sr,3,4,4,4,0,3,2,0,0,0,0
8600,306,Ba|Cu|Hg|O,4,0,0,2,4,0,2,2,1,1,1
8601,306,Ba|Cu|Hg|O,4,0,0,2,4,0,2,4,1,1,0
8602,306,Ba|Cu|Hg|O,4,0,0,2,4,0,2,0,2,3,4
8603,473,Bi|Ca|Cu|O|Sr|Zn,1,2,0,0,4,2,3,4,3,4,1
8604,120,Bi|Cu|La|O|Sr,1,3,1,3,0,0,4,3,2,0,0
8605,120,Bi|Cu|La|O|Sr,1,3,1,3,0,0,3,0,4,3,1
8606,120,Bi|Cu|La|O|Sr,1,3,1,3,0,0,1,2,1,2,3
8607,120,Bi|Cu|La|O|Sr,1,3,1,3,0,0,2,4,0,3,1
8608,120,Bi|Cu|La|O|Sr,1,3,1,3,0,0,3,3,3,1,3
8609,120,Bi|Cu|La|O|Sr,1,3,1,3,0,0,2,4,2,0,2
8610,120,Bi|Cu|La|O|Sr,1,3,1,3,0,0,3,4,0,3,2
8611,120,Bi|Cu|La|O|Sr,1,3,1,3,0,0,1,4,2,4,4
8612,120,Bi|Cu|La|O|Sr,1,3,1,3,0,0,3,2,2,2,2
8613,120,Bi|Cu|La|O|Sr,1,3,1,3,0,0,3,2,0,1,4
8614,120,Bi|Cu|La|O|Sr,1,3,1,3,0,0,1,3,0,1,4
8615,120,Bi|Cu|La|O|Sr,1,3,1,3,0,0,4,4,1,2,1
8616,120,Bi|Cu|La|O|Sr,1,3,1,3,0,0,4,0,1,0,0
8617,120,Bi|Cu|La|O|Sr,1,3,1,3,0,0,4,3,4,2,3
8618,0,Ba|Cu|La|O,2,4,2,3,0,4,4,1,0,1,3
8619,0,Ba|Cu|La|O,2,4,2,3,0,4,0,3,4,0,3
8620,0,Ba|Cu|La|O,2,4,2,3,0,4,4,1,4,2,0
8621,0,Ba|Cu|La|O,2,4,2,3,0,4,3,2,2,3,0
8622,0,Ba|Cu|La|O,2,4,2,3,0,4,4,4,3,4,0
8623,0,Ba|Cu|La|O,2,4,2,3,0,4,0,0,1,4,1
8624,0,Ba|Cu|La|O,2,4,2,3,0,4,0,3,4,0,3
8625,0,Ba|Cu|La|O,2,4,2,3,0,4,3,3,0,0,1
8626,0,Ba|Cu|La|O,2,4,2,3,0,4,2,3,4,3,4
8627,0,Ba|Cu|La|O,2,4,2,3,0,4,3,4,4,4,0
8628,0,Ba|Cu|La|O,2,4,2,3,0,4,4,1,3,3,0
8629,0,Ba|Cu|La|O,2,4,2,3,0,4,4,2,3,2,1
8630,0,Ba|Cu|La|O,2,4,2,3,0,4,0,3,0,4,1
8631,845,Ce|Cu|Nb|O|Pr|Sr,1,4,2,0,0,2,2,0,4,3,3
8632,11,Ba|Cu|Nd|O,2,2,2,2,1,2,3,0,4,4,3
8633,11,Ba|Cu|Nd|O,2,2,2,2,1,2,0,3,1,4,2
8634,120,Bi|Cu|La|O|Sr,1,3,1,3,0,0,1,1,0,3,2
8635,306,Ba|Cu|Hg|O,4,0,0,2,4,0,3,2,4,2,4
8636,306,Ba|Cu|Hg|O,4,0,0,2,4,0,2,2,3,4,3
8637,306,Ba|Cu|Hg|O,4,0,0,2,4,0,2,1,1,2,1
8638,306,Ba|Cu|Hg|O,4,0,0,2,4,0,3,4,0,2,1
8639,708,Ba|Cu|Hg|O|Re,1,1,1,2,1,0,4,1,1,3,4
8640,708,Ba|Cu|Hg|O|Re,1,1,1,2,1,0,3,1,3,1,3
8641,708,Ba|Cu|Hg|O|Re,1,1,1,2,1,0,1,1,1,4,3
8642,708,Ba|Cu|Hg|O|Re,1,1,1,2,1,0,3,4,0,0,4
8643,708,Ba|Cu|Hg|O|Re,1,1,1,2,1,0,1,4,3,1,4
8644,708,Ba|Cu|Hg|O|Re,1,1,1,2,1,0,3,3,3,1,4
8645,708,Ba|Cu|Hg|O|Re,1,1,1,2,1,0,0,0,1,0,4
8646,708,Ba|Cu|Hg|O|Re,1,1,1,2,1,0,0,0,1,1,0
8647,708,Ba|Cu|Hg|O|Re,1,1,1,2,1,0,4,3,2,2,4
8648,2,Cu|La|O|Sr,1,2,3,2,2,0,1,3,0,0,1
8649,2,Cu|La|O|Sr,1,2,3,2,2,0,0,2,2,4,0
8650,2,Cu|La|O|Sr,1,2,3,2,2,0,2,4,0,3,3
8651,2,Cu|La|O|Sr,1,2,3,2,2,0,4,4,2,0,3
8652,8,Ba|Cu|O|Y,0,1,2,1,3,1,1,0,0,2,1
8653,8,Ba|Cu|O|Y,0,1,2,1,3,1,3,4,4,2,1
8654,8,Ba|Cu|O|Y,0,1,2,1,3,1,2,2,3,4,2
8655,8,Ba|Cu|O|Y,0,1,2,1,3,1,2,0,1,3,0
8656,40,Ba|Cu|O|Y|Zn,3,1,0,2,1,0,0,0,1,0,2
8657,40,Ba|Cu|O|Y|Zn,3,1,0,2,1,0,3,0,2,3,3
8658,40,Ba|Cu|O|Y|Zn,3,1,0,2,1,0,4,4,2,1,0
8659,40,Ba|Cu|O|Y|Zn,3,1,0,2,1,0,0,0,1,0,4
8660,40,Ba|Cu|O|Y|Zn,3,1,0,2,1,0,0,4,3,4,0
8661,40,Ba|Cu|O|Y|Zn,3,1,0,2,1,0,3,4,3,3,3
8662,40,Ba|Cu|O|Y|Zn,3,1,0,2,1,0,3,3,4,4,2
8663,40,Ba|Cu|O|Y|Zn,3,1,0,2,1,0,0,4,4,2,1
8664,40,Ba|Cu|O|Y|Zn,3,1,0,2,1,0,0,3,2,3,1
8665,40,Ba|Cu|O|Y|Zn,3,1,0,2,1,0,4,1,3,1,0
8666,8,Ba|Cu|O|Y,0,1,2,1,3,1,3,2,4,3,1
8667,40,Ba|Cu|O|Y|Zn,3,1,0,2,1,0,1,4,0,3,1
8668,40,Ba|Cu|O|Y|Zn,3,1,0,2,1,0,1,1,4,1,0
8669,8,Ba|Cu|O|Y,0,1,2,1,3,1,4,3,4,2,1
8670,40,Ba|Cu|O|Y|Zn,3,1,0,2,1,0,4,0,1,3,2
8671,40,Ba|Cu|O|Y|Zn,3,1,0,2,1,0,3,4,0,4,2
8672,40,Ba|Cu|O|Y|Zn,3,1,0,2,1,0,1,2,0,4,1
8673,8,Ba|Cu|O|Y,0,1,2,1,3,1,4,2,4,0,2
8674,40,Ba|Cu|O|Y|Zn,3,1,0,2,1,0,3,3,2,3,0
8675,40,Ba|Cu|O|Y|Zn,3,1,0,2,1,0,3,4,1,4,0
8676,8,Ba|Cu|O|Y,0,1,2,1,3,1,1,0,0,4,2
8677,40,Ba|Cu|O|Y|Zn,3,1,0,2,1,0,4,1,1,4,0
8678,40,Ba|Cu|O|Y|Zn,3,1,0,2,1,0,4,1,2,1,2
8679,8,Ba|Cu|O|Y,0,1,2,1,3,1,2,2,4,4,0
8680,40,Ba|Cu|O|Y|Zn,3,1,0,2,1,0,4,2,1,2,2
8681,40,Ba|Cu|O|Y|Zn,3,1,0,2,1,0,1,1,0,2,4
8682,26,Cu|La|O|Sr|Zn,4,4,3,4,1,2,2,0,3,3,0
8683,26,Cu|La|O|Sr|Zn,4,4,3,4,1,2,1,1,3,3,1
8684,26,Cu|La|O|Sr|Zn,4,4,3,4,1,2,3,1,0,0,0
8685,26,Cu|La|O|Sr|Zn,4,4,3,4,1,2,3,1,3,0,2
8686,26,Cu|La|O|Sr|Zn,4,4,3,4,1,2,4,4,2,4,3
8687,26,Cu|La|O|Sr|Zn,4,4,3,4,1,2,0,4,1,3,3
8688,656,Ca|Cu|La|Nd|O,4,3,4,3,2,1,3,1,4,4,2
8689,656,Ca|Cu|La|Nd|O,4,3,4,3,2,1,4,4,3,4,2
8690,656,Ca|Cu|La|Nd|O,4,3,4,3,2,1,0,3,0,0,4
8691,656,Ca|Cu|La|Nd|O,4,3,4,3,2,1,1,1,1,3,3
8692,656,Ca|Cu|La|Nd|O,4,3,4,3,2,1,3,1,2,2,0
8693,656,Ca|Cu|La|Nd|O,4,3,4,3,2,1,1,0,4,1,0
8694,656,Ca|Cu|La|Nd|O,4,3,4,3,2,1,3,4,2,1,3
8695,656,Ca|Cu|La|Nd|O,4,3,4,3,2,1,3,2,0,4,1
8696,5,Ca|Cu|La|O,0,2,3,4,0,3,4,2,4,2,2
8697,5,Ca|Cu|La|O,0,2,3,4,0,3,0,1,1,1,2
8698,5,Ca|Cu|La|O,0,2,3,4,0,3,1,3,1,1,0
8699,5,Ca|Cu|La|O,0,2,3,4,0,3,3,3,0,2,0
8700,5,Ca|Cu|La|O,0,2,3,4,0,3,1,2,3,2,3
8701,5,Ca|Cu|La|O,0,2,3,4,0,3,1,1,1,3,0
8702,5,Ca|Cu|La|O,0,2,3,4,0,3,4,4,3,3,0
8703,5,Ca|Cu|La|O,0,2,3,4,0,3,1,1,4,2,1
8704,5,Ca|Cu|La|O,0,2,3,4,0,3,0,4,2,4,3
8705,5,Ca|Cu|La|O,0,2,3,4,0,3,0,1,4,2,0
8706,5,Ca|Cu|La|O,0,2,3,4,0,3,1,4,3,1,0
8707,5,Ca|Cu|La|O,0,2,3,4,0,3,2,2,4,1,0
8708,5,Ca|Cu|La|O,0,2,3,4,0,3,4,1,1,4,4
8709,5,Ca|Cu|La|O,0,2,3,4,0,3,0,2,4,0,2
8710,5,Ca|Cu|La|O,0,2,3,4,0,3,0,2,4,3,1
8711,8,Ba|Cu|O|Y,0,1,2,1,3,1,1,0,4,3,3
8712,8,Ba|Cu|O|Y,0,1,2,1,3,1,0,1,0,2,0
8713,8,Ba|Cu|O|Y,0,1,2,1,3,1,1,2,2,1,2
8714,249,Bi|Ca|Cu|O|Pr|Sr,4,2,4,2,2,3,1,2,0,3,0
8715,249,Bi|Ca|Cu|O|Pr|Sr,4,2,4,2,2,3,4,0,1,4,1
8716,249,Bi|Ca|Cu|O|Pr|Sr,4,2,4,2,2,3,2,2,3,2,1
8717,120,Bi|Cu|La|O|Sr,1,3,1,3,0,0,4,2,0,2,0
8718,120,Bi|Cu|La|O|Sr,1,3,1,3,0,0,1,2,4,3,0
8719,8,Ba|Cu|O|Y,0,1,2,1,3,1,0,1,2,2,1
8720,306,Ba|Cu|Hg|O,4,0,0,2,4,0,2,1,3,1,0
8721,306,Ba|Cu|Hg|O,4,0,0,2,4,0,4,4,4,3,1
8722,49,Bi|Ca|Cu|O|Sr,2,0,2,4,3,0,0,4,2,0,0
8723,49,Bi|Ca|Cu|O|Sr,2,0,2,4,3,0,3,1,2,1,0
8724,49,Bi|Ca|Cu|O|Sr,2,0,2,4,3,0,2,2,4,3,0
8725,8,Ba|Cu|O|Y,0,1,2,1,3,1,3,0,3,2,3
8726,40,Ba|Cu|O|Y|Zn,3,1,0,2,1,0,3,1,2,3,2
8727,40,Ba|Cu|O|Y|Zn,3,1,0,2,1,0,3,4,4,0,1
8728,40,Ba|Cu|O|Y|Zn,3,1,0,2,1,0,0,2,4,4,1
8729,306,Ba|Cu|Hg|O,4,0,0,2,4,0,1,0,2,1,1
8730,306,Ba|Cu|Hg|O,4,0,0,2,4,0,0,3,1,0,4
8731,521,Ba|Cu|O|Pr,0,2,0,0,2,1,2,4,0,1,3
8732,709,Bi|Ca|Cu|Ni|O|Sr,4,4,0,3,0,4,2,0,3,1,0
8733,709,Bi|Ca|Cu|Ni|O|Sr,4,4,0,3,0,4,1,1,0,2,4
8734,709,Bi|Ca|Cu|Ni|O|Sr,4,4,0,3,0,4,2,4,1,1,3
8735,8,Ba|Cu|O|Y,0,1,2,1,3,1,2,0,3,1,4
8736,4,Ba|Ca|Cu|O|Y,3,0,0,0,2,3,4,0,4,1,4
8737,370,Ca|Cu|O|Sr,3,3,1,1,0,0,3,2,0,1,3
8738,118,Ce|Cu|O|Pr,3,0,4,2,3,3,3,1,0,3,1
8739,118,Ce|Cu|O|Pr,3,0,4,2,3,3,4,4,2,3,4
8740,118,Ce|Cu|O|Pr,3,0,4,2,3,3,1,2,3,4,1
8741,118,Ce|Cu|O|Pr,3,0,4,2,3,3,3,2,2,2,2
8742,118,Ce|Cu|O|Pr,3,0,4,2,3,3,4,2,0,1,2
8743,118,Ce|Cu|O|Pr,3,0,4,2,3,3,1,0,4,3,2
8744,118,Ce|Cu|O|Pr,3,0,4,2,3,3,1,0,0,0,1
8745,10,Ba|Cu|O|Tm,3,0,0,3,2,2,3,3,4,4,1
8746,10,Ba|Cu|O|Tm,3,0,0,3,2,2,0,1,4,3,4
8747,10,Ba|Cu|O|Tm,3,0,0,3,2,2,1,2,3,3,0
8748,120,Bi|Cu|La|O|Sr,1,3,1,3,0,0,1,2,1,1,4
8749,8,Ba|Cu|O|Y,0,1,2,1,3,1,3,3,4,2,3
8750,8,Ba|Cu|O|Y,0,1,2,1,3,1,1,1,0,4,0
8751,8,Ba|Cu|O|Y,0,1,2,1,3,1,3,3,1,1,4
8752,8,Ba|Cu|O|Y,0,1,2,1,3,1,4,4,4,4,3
8753,8,Ba|Cu|O|Y,0,1,2,1,3,1,1,0,0,2,4
8754,8,Ba|Cu|O|Y,0,1,2,1,3,1,1,0,3,1,2
8755,49,Bi|Ca|Cu|O|Sr,2,0,2,4,3,0,0,1,0,3,1
8756,120,Bi|Cu|La|O|Sr,1,3,1,3,0,0,3,4,3,0,2
8757,2,Cu|La|O|Sr,1,2,3,2,2,0,0,3,1,2,0
8758,2,Cu|La|O|Sr,1,2,3,2,2,0,2,2,4,2,4
8759,2,Cu|La|O|Sr,1,2,3,2,2,0,1,4,3,3,3
8760,2,Cu|La|O|Sr,1,2,3,2,2,0,4,1,0,3,4
8761,2,Cu|La|O|Sr,1,2,3,2,2,0,0,2,4,1,3
8762,49,Bi|Ca|Cu|O|Sr,2,0,2,4,3,0,3,3,2,4,3
8763,49,Bi|Ca|Cu|O|Sr,2,0,2,4,3,0,0,0,3,3,0
8764,74,Ce|Cu|Nd|O,3,3,3,3,3,1,2,2,2,0,2
8765,658,Ba|Cu|La|Nd|O|Sr,2,2,4,1,1,1,4,0,2,2,2
8766,658,Ba|Cu|La|Nd|O|Sr,2,2,4,1,1,1,1,1,3,0,4
8767,659,Ba|Cu|La|Nd|O,0,4,3,0,4,1,3,0,2,0,3
8768,2,Cu|La|O|Sr,1,2,3,2,2,0,3,4,3,4,1
8769,657,Ba|Ca|Cu|La|O|Sr,0,2,4,4,4,2,4,1,1,2,1
8770,657,Ba|Ca|Cu|La|O|Sr,0,2,4,4,4,2,1,1,2,3,1
8771,657,Ba|Ca|Cu|La|O|Sr,0,2,4,4,4,2,1,1,0,4,3
8772,657,Ba|Ca|Cu|La|O|Sr,0,2,4,4,4,2,2,3,0,4,3
8773,288,Ba|Ca|Cu|La|Nd|O,4,3,1,1,2,2,4,2,3,4,0
8774,288,Ba|Ca|Cu|La|Nd|O,4,3,1,1,2,2,3,2,1,4,0
8775,656,Ca|Cu|La|Nd|O,4,3,4,3,2,1,3,0,2,4,4
8776,288,Ba|Ca|Cu|La|Nd|O,4,3,1,1,2,2,3,4,2,2,4
8777,288,Ba|Ca|Cu|La|Nd|O,4,3,1,1,2,2,0,0,2,2,1
8778,288,Ba|Ca|Cu|La|Nd|O,4,3,1,1,2,2,4,0,2,3,3
8779,45,Ba|Cu|Li|O|Y,1,0,0,2,3,1,1,2,3,3,1
8780,45,Ba|Cu|Li|O|Y,1,0,0,2,3,1,0,2,0,0,3
8781,45,Ba|Cu|Li|O|Y,1,0,0,2,3,1,1,2,0,4,0
8782,45,Ba|Cu|Li|O|Y,1,0,0,2,3,1,1,0,4,2,2
8783,45,Ba|Cu|Li|O|Y,1,0,0,2,3,1,0,0,2,2,2
8784,26,Cu|La|O|Sr|Zn,4,4,3,4,1,2,3,3,2,0,3
8785,26,Cu|La|O|Sr|Zn,4,4,3,4,1,2,2,2,4,4,4
8786,26,Cu|La|O|Sr|Zn,4,4,3,4,1,2,2,1,2,2,0
8787,120,Bi|Cu|La|O|Sr,1,3,1,3,0,0,0,4,0,4,3
8788,120,Bi|Cu|La|O|Sr,1,3,1,3,0,0,0,3,0,0,0
8789,120,Bi|Cu|La|O|Sr,1,3,1,3,0,0,1,2,3,2,1
8790,120,Bi|Cu|La|O|Sr,1,3,1,3,0,0,0,1,3,0,1
8791,120,Bi|Cu|La|O|Sr,1,3,1,3,0,0,3,0,0,3,2
8792,120,Bi|Cu|La|O|Sr,1,3,1,3,0,0,2,2,2,4,2
8793,49,Bi|Ca|Cu|O|Sr,2,0,2,4,3,0,1,3,0,2,3
8794,49,Bi|Ca|Cu|O|Sr,2,0,2,4,3,0,4,3,2,1,3
8795,49,Bi|Ca|Cu|O|Sr,2,0,2,4,3,0,1,3,3,2,1
8796,49,Bi|Ca|Cu|O|Sr,2,0,2,4,3,0,3,4,2,1,2
8797,49,Bi|Ca|Cu|O|Sr,2,0,2,4,3,0,4,1,1,3,0
8798,118,Ce|Cu|O|Pr,3,0,4,2,3,3,4,4,2,1,1
8799,118,Ce|Cu|O|Pr,3,0,4,2,3,3,3,0,2,4,1
8800,259,Ce|Cu|Gd|Nd|O,2,0,2,0,4,4,3,2,1,1,0
8801,259,Ce|Cu|Gd|Nd|O,2,0,2,0,4,4,2,0,3,2,1
8802,259,Ce|Cu|Gd|Nd|O,2,0,2,0,4,4,4,4,4,0,4
8803,259,Ce|Cu|Gd|Nd|O,2,0,2,0,4,4,4,3,0,3,0
8804,259,Ce|Cu|Gd|Nd|O,2,0,2,0,4,4,4,2,0,3,0
8805,259,Ce|Cu|Gd|Nd|O,2,0,2,0,4,4,0,1,2,0,3
8806,343,Ce|Cu|Gd|O|Sm,0,4,4,2,1,3,4,2,0,1,3
8807,343,Ce|Cu|Gd|O|Sm,0,4,4,2,1,3,2,4,4,0,3
8808,343,Ce|Cu|Gd|O|Sm,0,4,4,2,1,3,2,2,0,3,0
8809,343,Ce|Cu|Gd|O|Sm,0,4,4,2,1,3,2,2,2,3,4
8810,846,Ce|Cu|Eu|Gd|O,4,2,0,0,2,3,3,4,1,2,3
8811,846,Ce|Cu|Eu|Gd|O,4,2,0,0,2,3,1,0,3,3,4
8812,12,Ba|Cu|Eu|O,2,3,0,3,4,4,1,0,4,2,1
8813,154,Ba|Cu|Eu|O|Pr,3,1,1,2,0,1,0,4,3,0,3
8814,154,Ba|Cu|Eu|O|Pr,3,1,1,2,0,1,2,3,0,1,0
8815,154,Ba|Cu|Eu|O|Pr,3,1,1,2,0,1,2,1,2,1,4
8816,154,Ba|Cu|Eu|O|Pr,3,1,1,2,0,1,1,0,3,1,2
8817,154,Ba|Cu|Eu|O|Pr,3,1,1,2,0,1,1,4,0,4,0
8818,847,Ba|Cu|Eu|O|Pr|Sr,4,1,3,3,3,3,2,1,1,2,0
8819,847,Ba|Cu|Eu|O|Pr|Sr,4,1,3,3,3,3,4,1,2,1,0
8820,847,Ba|Cu|Eu|O|Pr|Sr,4,1,3,3,3,3,1,2,0,4,4
8821,847,Ba|Cu|Eu|O|Pr|Sr,4,1,3,3,3,3,3,4,0,1,1
8822,847,Ba|Cu|Eu|O|Pr|Sr,4,1,3,3,3,3,0,4,3,1,2
8823,847,Ba|Cu|Eu|O|Pr|Sr,4,1,3,3,3,3,4,3,4,4,0
8824,847,Ba|Cu|Eu|O|Pr|Sr,4,1,3,3,3,3,4,3,0,0,2
8825,847,Ba|Cu|Eu|O|Pr|Sr,4,1,3,3,3,3,2,2,1,4,4
8826,847,Ba|Cu|Eu|O|Pr|Sr,4,1,3,3,3,3,1,3,1,1,3
8827,847,Ba|Cu|Eu|O|Pr|Sr,4,1,3,3,3,3,2,3,0,4,3
8828,847,Ba|Cu|Eu|O|Pr|Sr,4,1,3,3,3,3,1,3,1,0,4
8829,847,Ba|Cu|Eu|O|Pr|Sr,4,1,3,3,3,3,4,1,3,4,2
8830,848,Ba|Cu|O|Re|Y,4,4,4,0,4,1,4,1,3,0,0
8831,848,Ba|Cu|O|Re|Y,4,4,4,0,4,1,1,1,0,1,2
8832,848,Ba|Cu|O|Re|Y,4,4,4,0,4,1,2,3,0,1,2
8833,848,Ba|Cu|O|Re|Y,4,4,4,0,4,1,0,3,1,0,2
8834,848,Ba|Cu|O|Re|Y,4,4,4,0,4,1,1,1,1,0,1
8835,848,Ba|Cu|O|Re|Y,4,4,4,0,4,1,1,2,1,2,1
8836,848,Ba|Cu|O|Re|Y,4,4,4,0,4,1,4,0,3,3,2
8837,848,Ba|Cu|O|Re|Y,4,4,4,0,4,1,3,1,4,1,0
8838,848,Ba|Cu|O|Re|Y,4,4,4,0,4,1,1,0,2,0,0
8839,849,Bi|K|La|O,3,1,2,2,0,2,1,0,2,4,3
8840,849,Bi|K|La|O,3,1,2,2,0,2,1,1,2,4,4
8841,849,Bi|K|La|O,3,1,2,2,0,2,2,4,1,3,3
8842,849,Bi|K|La|O,3,1,2,2,0,2,0,1,1,0,2
8843,850,Bi|K|O,0,1,4,4,1,3,1,2,0,3,4
8844,850,Bi|K|O,0,1,4,4,1,3,3,4,4,3,0
8845,850,Bi|K|O,0,1,4,4,1,3,4,0,1,4,2
8846,850,Bi|K|O,0,1,4,4,1,3,4,1,1,2,3
8847,851,Bi|Ca|K|O,1,4,2,2,1,4,2,4,2,2,1
8848,852,Bi|O|Rb,2,0,2,2,0,2,0,2,2,0,1
8849,852,Bi|O|Rb,2,0,2,2,0,2,2,0,3,4,3
8850,852,Bi|O|Rb,2,0,2,2,0,2,0,2,2,3,2
8851,852,Bi|O|Rb,2,0,2,2,0,2,2,1,2,4,0
8852,850,Bi|K|O,0,1,4,4,1,3,1,0,2,0,4
8853,850,Bi|K|O,0,1,4,4,1,3,3,4,2,3,1
8854,850,Bi|K|O,0,1,4,4,1,3,4,0,0,4,1
8855,850,Bi|K|O,0,1,4,4,1,3,0,0,0,1,3
8856,850,Bi|K|O,0,1,4,4,1,3,4,3,4,3,4
8857,306,Ba|Cu|Hg|O,4,0,0,2,4,0,0,4,4,0,1
8858,853,Ba|Cu|Hg|Mg|O,2,3,2,3,1,0,3,3,3,0,1
8859,853,Ba|Cu|Hg|Mg|O,2,3,2,3,1,0,1,2,0,2,3
8860,853,Ba|Cu|Hg|Mg|O,2,3,2,3,1,0,0,3,2,0,3
8861,854,Ba|Cu|Hg|O|Zn,2,4,1,4,3,4,4,1,3,0,3
8862,854,Ba|Cu|Hg|O|Zn,2,4,1,4,3,4,2,0,2,1,1
8863,854,Ba|Cu|Hg|O|Zn,2,4,1,4,3,4,2,2,2,0,0
8864,855,Ba|Cu|Fe|Hg|O,2,1,0,1,3,0,4,0,1,2,3
8865,855,Ba|Cu|Fe|Hg|O,2,1,0,1,3,0,0,4,0,4,2
8866,855,Ba|Cu|Fe|Hg|O,2,1,0,1,3,0,3,1,2,3,3
8867,856,Ba|Co|Cu|Hg|O,4,3,4,0,0,1,0,2,0,0,2
8868,856,Ba|Co|Cu|Hg|O,4,3,4,0,0,1,2,4,4,3,1
8869,856,Ba|Co|Cu|Hg|O,4,3,4,0,0,1,0,4,2,4,0
8870,857,Ba|Cu|Hg|Ni|O,0,3,0,1,0,2,3,0,4,2,3
8871,857,Ba|Cu|Hg|Ni|O,0,3,0,1,0,2,1,0,3,1,4
8872,857,Ba|Cu|Hg|Ni|O,0,3,0,1,0,2,4,3,3,3,4
8873,120,Bi|Cu|La|O|Sr,1,3,1,3,0,0,2,4,2,0,0
8874,556,Bi|Cu|La|O|Sr|Zn,3,4,2,0,4,3,3,2,4,0,0
8875,556,Bi|Cu|La|O|Sr|Zn,3,4,2,0,4,3,2,2,0,0,2
8876,556,Bi|Cu|La|O|Sr|Zn,3,4,2,0,4,3,2,0,2,1,0
8877,120,Bi|Cu|La|O|Sr,1,3,1,3,0,0,2,1,4,2,4
8878,556,Bi|Cu|La|O|Sr|Zn,3,4,2,0,4,3,1,3,0,1,3
8879,556,Bi|Cu|La|O|Sr|Zn,3,4,2,0,4,3,2,1,2,3,1
8880,4,Ba|Ca|Cu|O|Y,3,0,0,0,2,3,4,4,3,3,3
8881,284,Ba|Ca|Cu|Eu|O,4,3,3,1,2,2,0,0,2,3,3
8882,0,Ba|Cu|La|O,2,4,2,3,0,4,3,0,2,4,4
8883,690,Cu|Gd|O|Ru|Sr,0,2,4,2,4,2,2,0,4,1,4
8884,151,Bi|Ca|Cu|Gd|O|Sr,1,4,1,4,4,4,1,1,4,0,4
8885,151,Bi|Ca|Cu|Gd|O|Sr,1,4,1,4,4,4,2,4,4,0,3
8886,49,Bi|Ca|Cu|O|Sr,2,0,2,4,3,0,1,2,2,4,0
8887,151,Bi|Ca|Cu|Gd|O|Sr,1,4,1,4,4,4,3,0,1,3,4
8888,151,Bi|Ca|Cu|Gd|O|Sr,1,4,1,4,4,4,1,3,3,0,0
8889,151,Bi|Ca|Cu|Gd|O|Sr,1,4,1,4,4,4,4,4,1,0,0
8890,151,Bi|Ca|Cu|Gd|O|Sr,1,4,1,4,4,4,1,4,4,1,2
8891,49,Bi|Ca|Cu|O|Sr,2,0,2,4,3,0,3,1,0,2,4
8892,151,Bi|Ca|Cu|Gd|O|Sr,1,4,1,4,4,4,1,3,0,4,3
8893,151,Bi|Ca|Cu|Gd|O|Sr,1,4,1,4,4,4,2,0,0,2,2
8894,151,Bi|Ca|Cu|Gd|O|Sr,1,4,1,4,4,4,2,1,1,0,0
8895,151,Bi|Ca|Cu|Gd|O|Sr,1,4,1,4,4,4,4,3,1,0,0
8896,151,Bi|Ca|Cu|Gd|O|Sr,1,4,1,4,4,4,2,2,4,4,0
8897,151,Bi|Ca|Cu|Gd|O|Sr,1,4,1,4,4,4,4,3,3,2,4
8898,151,Bi|Ca|Cu|Gd|O|Sr,1,4,1,4,4,4,1,3,0,4,1
8899,8,Ba|Cu|O|Y,0,1,2,1,3,1,0,3,2,0,0
8900,858,Ca|Cu|O,1,3,1,4,4,3,2,0,0,1,1
8901,859,Ba|Cu|Eu|O|Sm,2,4,1,3,2,0,4,0,4,4,0
8902,8,Ba|Cu|O|Y,0,1,2,1,3,1,1,3,4,2,3
8903,44,Ba|Cu|Mn|O|Y,2,1,0,2,4,2,4,2,4,1,0
8904,44,Ba|Cu|Mn|O|Y,2,1,0,2,4,2,3,1,1,3,3
8905,44,Ba|Cu|Mn|O|Y,2,1,0,2,4,2,1,4,3,2,4
8906,44,Ba|Cu|Mn|O|Y,2,1,0,2,4,2,2,2,4,4,1
8907,44,Ba|Cu|Mn|O|Y,2,1,0,2,4,2,0,2,1,2,2
8908,44,Ba|Cu|Mn|O|Y,2,1,0,2,4,2,3,1,2,1,2
8909,69,Cu|La|O,2,0,3,0,0,0,1,2,4,2,3
8910,69,Cu|La|O,2,0,3,0,0,0,0,0,4,2,2
8911,403,Cu|Hg|Mo|O|Sr,1,3,0,2,0,1,1,3,3,3,0
8912,403,Cu|Hg|Mo|O|Sr,1,3,0,2,0,1,2,3,1,4,4
8913,463,Cr|Cu|Hg|O|Sr,0,0,3,0,1,2,4,0,0,3,4
8914,405,Cu|Hg|O|Re|Sr,4,0,4,2,4,1,2,1,4,4,1
8915,2,Cu|La|O|Sr,1,2,3,2,2,0,3,3,2,1,3
8916,2,Cu|La|O|Sr,1,2,3,2,2,0,4,0,2,0,3
8917,690,Cu|Gd|O|Ru|Sr,0,2,4,2,4,2,0,0,0,1,1
8918,288,Ba|Ca|Cu|La|Nd|O,4,3,1,1,2,2,2,0,3,1,4
8919,288,Ba|Ca|Cu|La|Nd|O,4,3,1,1,2,2,0,1,2,4,3
8920,118,Ce|Cu|O|Pr,3,0,4,2,3,3,2,2,3,2,2
8921,49,Bi|Ca|Cu|O|Sr,2,0,2,4,3,0,3,3,1,3,2
8922,112,Bi|Cu|Nd|O|Sr,2,4,4,0,1,3,4,2,4,2,2
8923,860,Ce|Cu|Gd|Nb|O|Sr,3,4,3,2,4,2,3,3,4,3,0
8924,132,Bi|Ca|Cu|O|Pb|Sr|Y,3,1,1,4,3,2,1,4,3,4,0
8925,132,Bi|Ca|Cu|O|Pb|Sr|Y,3,1,1,4,3,2,0,2,3,3,3
8926,861,C|Cu|N|O|Sr,1,1,3,1,3,0,4,4,0,2,4
8927,861,C|Cu|N|O|Sr,1,1,3,1,3,0,2,1,1,4,2
8928,861,C|Cu|N|O|Sr,1,1,3,1,3,0,0,0,4,4,2
8929,861,C|Cu|N|O|Sr,1,1,3,1,3,0,2,3,4,2,0
8930,861,C|Cu|N|O|Sr,1,1,3,1,3,0,4,4,3,0,3
8931,861,C|Cu|N|O|Sr,1,1,3,1,3,0,3,2,1,3,3
8932,861,C|Cu|N|O|Sr,1,1,3,1,3,0,3,0,2,3,4
8933,13,Ba|Cu|Gd|O,2,1,0,3,4,0,0,2,1,2,0
8934,285,Ba|Ca|Cu|Gd|O,3,1,1,2,1,0,3,2,1,3,4
8935,285,Ba|Ca|Cu|Gd|O,3,1,1,2,1,0,3,2,1,2,1
8936,285,Ba|Ca|Cu|Gd|O,3,1,1,2,1,0,1,2,1,0,2
8937,285,Ba|Ca|Cu|Gd|O,3,1,1,2,1,0,1,1,4,0,3
8938,285,Ba|Ca|Cu|Gd|O,3,1,1,2,1,0,2,4,4,1,4
8939,177,Ba|Cu|Gd|O|Pr,2,2,1,3,3,3,3,0,4,2,3
8940,491,Ba|Ca|Cu|Gd|O|Pr,2,1,3,1,3,0,0,1,0,3,4
8941,491,Ba|Ca|Cu|Gd|O|Pr,2,1,3,1,3,0,1,2,1,1,1
8942,491,Ba|Ca|Cu|Gd|O|Pr,2,1,3,1,3,0,0,0,2,1,0
8943,491,Ba|Ca|Cu|Gd|O|Pr,2,1,3,1,3,0,3,2,1,2,0
8944,491,Ba|Ca|Cu|Gd|O|Pr,2,1,3,1,3,0,4,2,1,3,4
8945,177,Ba|Cu|Gd|O|Pr,2,2,1,3,3,3,1,3,1,4,1
8946,491,Ba|Ca|Cu|Gd|O|Pr,2,1,3,1,3,0,3,4,4,2,1
8947,491,Ba|Ca|Cu|Gd|O|Pr,2,1,3,1,3,0,4,3,4,4,3
8948,491,Ba|Ca|Cu|Gd|O|Pr,2,1,3,1,3,0,2,0,1,0,4
8949,491,Ba|Ca|Cu|Gd|O|Pr,2,1,3,1,3,0,0,3,0,3,3
8950,491,Ba|Ca|Cu|Gd|O|Pr,2,1,3,1,3,0,0,2,4,4,2
8951,169,Bi|Cu|La|O|Pb|Sr,1,0,1,2,2,1,3,1,3,4,2
8952,169,Bi|Cu|La|O|Pb|Sr,1,0,1,2,2,1,0,0,0,0,4
8953,169,Bi|Cu|La|O|Pb|Sr,1,0,1,2,2,1,1,1,2,1,2
8954,120,Bi|Cu|La|O|Sr,1,3,1,3,0,0,3,3,2,2,0
8955,169,Bi|Cu|La|O|Pb|Sr,1,0,1,2,2,1,0,0,4,2,4
8956,169,Bi|Cu|La|O|Pb|Sr,1,0,1,2,2,1,3,4,2,1,0
8957,2,Cu|La|O|Sr,1,2,3,2,2,0,4,3,2,3,1
8958,2,Cu|La|O|Sr,1,2,3,2,2,0,4,1,4,1,0
8959,2,Cu|La|O|Sr,1,2,3,2,2,0,3,1,4,3,1
8960,2,Cu|La|O|Sr,1,2,3,2,2,0,2,3,1,3,1
8961,2,Cu|La|O|Sr,1,2,3,2,2,0,3,4,1,2,1
8962,2,Cu|La|O|Sr,1,2,3,2,2,0,4,1,4,4,1
8963,2,Cu|La|O|Sr,1,2,3,2,2,0,2,4,0,0,4
8964,2,Cu|La|O|Sr,1,2,3,2,2,0,0,3,2,0,0
8965,2,Cu|La|O|Sr,1,2,3,2,2,0,2,3,0,1,4
8966,2,Cu|La|O|Sr,1,2,3,2,2,0,3,4,4,2,2
8967,2,Cu|La|O|Sr,1,2,3,2,2,0,1,3,4,1,2
8968,2,Cu|La|O|Sr,1,2,3,2,2,0,1,4,0,0,0
8969,2,Cu|La|O|Sr,1,2,3,2,2,0,3,0,1,3,4
8970,2,Cu|La|O|Sr,1,2,3,2,2,0,2,2,3,3,1
8971,49,Bi|Ca|Cu|O|Sr,2,0,2,4,3,0,2,0,0,0,1
8972,151,Bi|Ca|Cu|Gd|O|Sr,1,4,1,4,4,4,3,3,1,3,2
8973,151,Bi|Ca|Cu|Gd|O|Sr,1,4,1,4,4,4,4,0,2,3,1
8974,151,Bi|Ca|Cu|Gd|O|Sr,1,4,1,4,4,4,1,0,0,4,4
8975,151,Bi|Ca|Cu|Gd|O|Sr,1,4,1,4,4,4,2,1,2,3,1
8976,862,Ba|Ca|Cu|F|O,0,1,3,0,2,0,4,0,4,2,2
8977,862,Ba|Ca|Cu|F|O,0,1,3,0,2,0,4,3,4,4,1
8978,862,Ba|Ca|Cu|F|O,0,1,3,0,2,0,4,4,2,0,1
8979,862,Ba|Ca|Cu|F|O,0,1,3,0,2,0,1,1,3,0,3
8980,862,Ba|Ca|Cu|F|O,0,1,3,0,2,0,4,4,3,3,1
8981,862,Ba|Ca|Cu|F|O,0,1,3,0,2,0,1,2,4,4,0
8982,862,Ba|Ca|Cu|F|O,0,1,3,0,2,0,4,0,0,2,3
8983,862,Ba|Ca|Cu|F|O,0,1,3,0,2,0,4,0,4,1,3
8984,862,Ba|Ca|Cu|F|O,0,1,3,0,2,0,2,1,2,3,2
8985,862,Ba|Ca|Cu|F|O,0,1,3,0,2,0,1,1,2,0,0
8986,862,Ba|Ca|Cu|F|O,0,1,3,0,2,0,3,3,0,3,2
8987,218,Li|O|Ti,0,0,0,0,3,0,1,1,3,3,2
8988,218,Li|O|Ti,0,0,0,0,3,0,4,1,0,2,4
8989,218,Li|O|Ti,0,0,0,0,3,0,4,1,1,2,3
8990,733,Cd|O|Re,1,2,1,0,2,2,3,3,2,4,3
8991,863,Ba|Ca|Cu|Hg|O|Pb|Y,0,3,3,3,2,0,0,3,2,4,0
8992,863,Ba|Ca|Cu|Hg|O|Pb|Y,0,3,3,3,2,0,2,3,2,0,4
8993,481,Ba|Ca|Cu|Hg|O|Pb,0,2,0,2,0,3,4,3,0,4,4
8994,6,Ba|Cu|O|Yb,2,1,0,1,0,4,2,0,2,3,0
8995,864,Ba|Ca|Cu|O|Yb,1,2,2,4,4,4,3,3,3,1,4
8996,864,Ba|Ca|Cu|O|Yb,1,2,2,4,4,4,1,1,3,0,3
8997,864,Ba|Ca|Cu|O|Yb,1,2,2,4,4,4,4,1,0,1,1
8998,6,Ba|Cu|O|Yb,2,1,0,1,0,4,2,4,1,3,0
8999,354,Ba|Cu|O|Yb|Zn,0,2,3,1,3,0,1,2,3,2,0
9000,354,Ba|Cu|O|Yb|Zn,0,2,3,1,3,0,4,3,4,2,0
9001,865,Ba|Ca|Cu|Ni|O|Tl,1,4,4,3,4,4,1,4,2,1,0
9002,865,Ba|Ca|Cu|Ni|O|Tl,1,4,4,3,4,4,0,3,2,1,0
9003,865,Ba|Ca|Cu|Ni|O|Tl,1,4,4,3,4,4,3,3,0,3,3
9004,865,Ba|Ca|Cu|Ni|O|Tl,1,4,4,3,4,4,1,4,4,0,4
9005,865,Ba|Ca|Cu|Ni|O|Tl,1,4,4,3,4,4,3,0,3,1,3
9006,866,Ba|Ca|Cu|O|Tl|Zn,4,2,0,1,2,2,2,0,3,3,4
9007,866,Ba|Ca|Cu|O|Tl|Zn,4,2,0,1,2,2,4,1,3,1,0
9008,866,Ba|Ca|Cu|O|Tl|Zn,4,2,0,1,2,2,4,0,1,0,4
9009,866,Ba|Ca|Cu|O|Tl|Zn,4,2,0,1,2,2,0,0,4,4,2
9010,866,Ba|Ca|Cu|O|Tl|Zn,4,2,0,1,2,2,1,3,1,1,4
9011,863,Ba|Ca|Cu|Hg|O|Pb|Y,0,3,3,3,2,0,2,2,2,2,4
9012,863,Ba|Ca|Cu|Hg|O|Pb|Y,0,3,3,3,2,0,0,0,0,3,4
9013,863,Ba|Ca|Cu|Hg|O|Pb|Y,0,3,3,3,2,0,2,3,1,1,1
9014,863,Ba|Ca|Cu|Hg|O|Pb|Y,0,3,3,3,2,0,0,0,1,3,0
9015,863,Ba|Ca|Cu|Hg|O|Pb|Y,0,3,3,3,2,0,4,3,4,4,1
9016,481,Ba|Ca|Cu|Hg|O|Pb,0,2,0,2,0,3,3,3,3,3,0
9017,481,Ba|Ca|Cu|Hg|O|Pb,0,2,0,2,0,3,2,1,0,1,0
9018,767,Ba|Cu|Hg|O|Tl|Y,3,4,1,3,4,2,1,0,2,4,3
9019,515,Ba|Ca|Cu|Hg|O|Tl|Y,0,3,4,1,1,0,4,1,4,1,1
9020,515,Ba|Ca|Cu|Hg|O|Tl|Y,0,3,4,1,1,0,0,4,2,4,3
9021,515,Ba|Ca|Cu|Hg|O|Tl|Y,0,3,4,1,1,0,3,1,1,2,0
9022,515,Ba|Ca|Cu|Hg|O|Tl|Y,0,3,4,1,1,0,4,4,4,1,2
9023,515,Ba|Ca|Cu|Hg|O|Tl|Y,0,3,4,1,1,0,1,3,2,0,0
9024,515,Ba|Ca|Cu|Hg|O|Tl|Y,0,3,4,1,1,0,3,3,3,2,0
9025,515,Ba|Ca|Cu|Hg|O|Tl|Y,0,3,4,1,1,0,2,4,3,4,4
9026,515,Ba|Ca|Cu|Hg|O|Tl|Y,0,3,4,1,1,0,2,2,2,0,0
9027,867,Ca|K|Nb|O,2,0,3,3,0,0,3,4,3,4,3
9028,49,Bi|Ca|Cu|O|Sr,2,0,2,4,3,0,1,3,1,0,4
9029,306,Ba|Cu|Hg|O,4,0,0,2,4,0,2,2,2,2,2
9030,306,Ba|Cu|Hg|O,4,0,0,2,4,0,1,4,1,0,4
9031,8,Ba|Cu|O|Y,0,1,2,1,3,1,0,3,1,2,2
9032,74,Ce|Cu|Nd|O,3,3,3,3,3,1,3,0,2,1,1
9033,275,Ba|Cu|Dy|O|Sr,2,4,1,1,4,1,2,4,2,4,1
9034,8,Ba|Cu|O|Y,0,1,2,1,3,1,2,3,1,4,3
9035,66,Ba|Cu|O|Sr|Y,2,2,3,2,4,1,0,1,0,4,2
9036,66,Ba|Cu|O|Sr|Y,2,2,3,2,4,1,3,1,3,3,1
9037,66,Ba|Cu|O|Sr|Y,2,2,3,2,4,1,4,4,2,2,3
9038,66,Ba|Cu|O|Sr|Y,2,2,3,2,4,1,1,3,3,1,4
9039,119,Ce|Cu|O|Sm,1,1,1,1,1,4,2,1,2,4,4
9040,343,Ce|Cu|Gd|O|Sm,0,4,4,2,1,3,4,2,0,1,0
9041,343,Ce|Cu|Gd|O|Sm,0,4,4,2,1,3,1,4,2,2,4
9042,343,Ce|Cu|Gd|O|Sm,0,4,4,2,1,3,4,3,3,2,2
9043,343,Ce|Cu|Gd|O|Sm,0,4,4,2,1,3,3,1,1,4,3
9044,343,Ce|Cu|Gd|O|Sm,0,4,4,2,1,3,0,3,0,3,2
9045,343,Ce|Cu|Gd|O|Sm,0,4,4,2,1,3,0,3,3,3,3
9046,343,Ce|Cu|Gd|O|Sm,0,4,4,2,1,3,1,0,4,3,4
9047,343,Ce|Cu|Gd|O|Sm,0,4,4,2,1,3,4,0,0,1,1
9048,343,Ce|Cu|Gd|O|Sm,0,4,4,2,1,3,1,2,2,4,0
9049,343,Ce|Cu|Gd|O|Sm,0,4,4,2,1,3,2,4,2,2,2
9050,868,Ca|Li|Nb|O|Rb,0,0,3,1,2,3,3,0,3,4,2
9051,868,Ca|Li|Nb|O|Rb,0,0,3,1,2,3,0,0,3,2,3
9052,868,Ca|Li|Nb|O|Rb,0,0,3,1,2,3,4,2,0,4,4
9053,869,Li|Nb|O|Rb|Sr,0,4,4,4,3,2,3,0,0,4,3
9054,870,Ca|K|Li|Nb|O,4,3,1,3,1,1,3,4,1,0,0
9055,871,Ca|Cs|Li|Nb|O,4,2,4,2,0,3,3,1,1,1,1
9056,871,Ca|Cs|Li|Nb|O,4,2,4,2,0,3,3,4,4,4,1
9057,871,Ca|Cs|Li|Nb|O,4,2,4,2,0,3,2,3,0,4,4
9058,871,Ca|Cs|Li|Nb|O,4,2,4,2,0,3,0,2,2,4,2
9059,306,Ba|Cu|Hg|O,4,0,0,2,4,0,1,1,4,2,3
9060,306,Ba|Cu|Hg|O,4,0,0,2,4,0,3,2,4,2,2
9061,306,Ba|Cu|Hg|O,4,0,0,2,4,0,0,2,3,2,3
9062,306,Ba|Cu|Hg|O,4,0,0,2,4,0,3,3,1,1,4
9063,306,Ba|Cu|Hg|O,4,0,0,2,4,0,0,1,4,2,3
9064,306,Ba|Cu|Hg|O,4,0,0,2,4,0,3,1,1,2,0
9065,306,Ba|Cu|Hg|O,4,0,0,2,4,0,3,4,4,0,2
9066,854,Ba|Cu|Hg|O|Zn,2,4,1,4,3,4,0,3,3,4,2
9067,854,Ba|Cu|Hg|O|Zn,2,4,1,4,3,4,3,2,2,0,0
9068,854,Ba|Cu|Hg|O|Zn,2,4,1,4,3,4,2,1,4,3,1
9069,854,Ba|Cu|Hg|O|Zn,2,4,1,4,3,4,1,3,1,4,3
9070,854,Ba|Cu|Hg|O|Zn,2,4,1,4,3,4,2,0,1,3,3
9071,854,Ba|Cu|Hg|O|Zn,2,4,1,4,3,4,2,0,1,0,0
9072,237,Ba|Cu|La|O|Sr,0,4,3,1,3,0,3,3,3,1,0
9073,237,Ba|Cu|La|O|Sr,0,4,3,1,3,0,1,0,4,0,2
9074,237,Ba|Cu|La|O|Sr,0,4,3,1,3,0,2,1,1,2,3
9075,237,Ba|Cu|La|O|Sr,0,4,3,1,3,0,1,3,2,1,4
9076,237,Ba|Cu|La|O|Sr,0,4,3,1,3,0,2,1,1,2,4
9077,237,Ba|Cu|La|O|Sr,0,4,3,1,3,0,0,4,0,2,1
9078,8,Ba|Cu|O|Y,0,1,2,1,3,1,2,4,0,3,2
9079,37,Ba|Cu|Ni|O|Y,1,0,2,1,2,2,4,4,1,4,4
9080,37,Ba|Cu|Ni|O|Y,1,0,2,1,2,2,1,1,4,4,0
9081,40,Ba|Cu|O|Y|Zn,3,1,0,2,1,0,0,1,2,2,2
9082,40,Ba|Cu|O|Y|Zn,3,1,0,2,1,0,2,4,0,3,1
9083,40,Ba|Cu|O|Y|Zn,3,1,0,2,1,0,3,2,2,0,1
9084,40,Ba|Cu|O|Y|Zn,3,1,0,2,1,0,4,1,4,0,3
9085,40,Ba|Cu|O|Y|Zn,3,1,0,2,1,0,2,0,2,3,0
9086,26,Cu|La|O|Sr|Zn,4,4,3,4,1,2,2,1,4,1,3
9087,26,Cu|La|O|Sr|Zn,4,4,3,4,1,2,1,2,2,1,3
9088,26,Cu|La|O|Sr|Zn,4,4,3,4,1,2,3,1,4,1,4
9089,26,Cu|La|O|Sr|Zn,4,4,3,4,1,2,4,1,3,0,2
9090,26,Cu|La|O|Sr|Zn,4,4,3,4,1,2,1,1,0,0,4
9091,26,Cu|La|O|Sr|Zn,4,4,3,4,1,2,1,0,0,4,3
9092,26,Cu|La|O|Sr|Zn,4,4,3,4,1,2,2,2,2,1,3
9093,26,Cu|La|O|Sr|Zn,4,4,3,4,1,2,0,0,1,4,3
9094,26,Cu|La|O|Sr|Zn,4,4,3,4,1,2,2,2,0,1,4
9095,26,Cu|La|O|Sr|Zn,4,4,3,4,1,2,1,4,2,4,2
9096,26,Cu|La|O|Sr|Zn,4,4,3,4,1,2,4,4,1,1,3
9097,26,Cu|La|O|Sr|Zn,4,4,3,4,1,2,4,3,2,2,1
9098,26,Cu|La|O|Sr|Zn,4,4,3,4,1,2,3,2,4,4,3
9099,26,Cu|La|O|Sr|Zn,4,4,3,4,1,2,0,4,2,2,3
9100,26,Cu|La|O|Sr|Zn,4,4,3,4,1,2,3,4,3,4,3
9101,26,Cu|La|O|Sr|Zn,4,4,3,4,1,2,1,4,1,3,2
9102,26,Cu|La|O|Sr|Zn,4,4,3,4,1,2,3,3,2,3,3
9103,26,Cu|La|O|Sr|Zn,4,4,3,4,1,2,4,2,2,2,2
9104,26,Cu|La|O|Sr|Zn,4,4,3,4,1,2,3,4,4,4,3
9105,26,Cu|La|O|Sr|Zn,4,4,3,4,1,2,3,2,1,3,4
9106,26,Cu|La|O|Sr|Zn,4,4,3,4,1,2,3,2,2,3,3
9107,26,Cu|La|O|Sr|Zn,4,4,3,4,1,2,2,3,3,4,4
9108,26,Cu|La|O|Sr|Zn,4,4,3,4,1,2,3,2,3,2,3
9109,26,Cu|La|O|Sr|Zn,4,4,3,4,1,2,3,0,1,2,4
9110,26,Cu|La|O|Sr|Zn,4,4,3,4,1,2,3,0,3,4,0
9111,26,Cu|La|O|Sr|Zn,4,4,3,4,1,2,0,2,4,1,2
9112,26,Cu|La|O|Sr|Zn,4,4,3,4,1,2,0,2,3,2,2
9113,17,Ba|Cu|O|Sm,4,0,0,3,4,1,3,0,0,1,4
9114,12,Ba|Cu|Eu|O,2,3,0,3,4,4,4,0,0,1,3
9115,13,Ba|Cu|Gd|O,2,1,0,3,4,0,2,2,1,1,0
9116,872,Ba|Cu|O|Y|Yb,3,4,3,4,3,2,0,4,4,3,3
9117,872,Ba|Cu|O|Y|Yb,3,4,3,4,3,2,3,1,1,4,3
9118,6,Ba|Cu|O|Yb,2,1,0,1,0,4,1,1,3,2,3
9119,873,Ba|Cu|Lu|O|Yb,1,4,4,3,4,3,2,0,4,2,0
9120,873,Ba|Cu|Lu|O|Yb,1,4,4,3,4,3,4,2,3,0,2
9121,873,Ba|Cu|Lu|O|Yb,1,4,4,3,4,3,4,2,3,0,2
9122,873,Ba|Cu|Lu|O|Yb,1,4,4,3,4,3,1,3,4,4,0
9123,68,Ba|Bi|K|O,0,1,2,0,3,0,4,0,3,4,2
9124,874,Ba|Bi|K|O|Pr,2,1,0,0,2,2,4,0,2,3,1
9125,874,Ba|Bi|K|O|Pr,2,1,0,0,2,2,0,4,0,0,4
9126,874,Ba|Bi|K|O|Pr,2,1,0,0,2,2,1,1,4,2,3
9127,874,Ba|Bi|K|O|Pr,2,1,0,0,2,2,4,3,0,3,4
9128,874,Ba|Bi|K|O|Pr,2,1,0,0,2,2,1,3,3,4,2
9129,874,Ba|Bi|K|O|Pr,2,1,0,0,2,2,2,2,1,4,4
9130,68,Ba|Bi|K|O,0,1,2,0,3,0,1,2,0,2,0
9131,874,Ba|Bi|K|O|Pr,2,1,0,0,2,2,0,4,2,2,3
9132,874,Ba|Bi|K|O|Pr,2,1,0,0,2,2,1,3,4,1,2
9133,874,Ba|Bi|K|O|Pr,2,1,0,0,2,2,2,0,2,3,3
9134,874,Ba|Bi|K|O|Pr,2,1,0,0,2,2,0,3,1,1,2
9135,874,Ba|Bi|K|O|Pr,2,1,0,0,2,2,0,0,2,3,3
9136,874,Ba|Bi|K|O|Pr,2,1,0,0,2,2,0,3,4,2,1
9137,370,Ca|Cu|O|Sr,3,3,1,1,0,0,3,1,1,1,1
9138,8,Ba|Cu|O|Y,0,1,2,1,3,1,1,2,0,1,4
9139,566,Ba|Cu|O|Sm|Y,3,1,4,2,1,2,4,4,4,2,3
9140,566,Ba|Cu|O|Sm|Y,3,1,4,2,1,2,3,0,3,1,3
9141,8,Ba|Cu|O|Y,0,1,2,1,3,1,1,4,1,0,0
9142,66,Ba|Cu|O|Sr|Y,2,2,3,2,4,1,0,0,2,0,3
9143,66,Ba|Cu|O|Sr|Y,2,2,3,2,4,1,3,2,1,0,1
9144,66,Ba|Cu|O|Sr|Y,2,2,3,2,4,1,4,4,3,3,1
9145,44,Ba|Cu|Mn|O|Y,2,1,0,2,4,2,2,2,3,3,0
9146,44,Ba|Cu|Mn|O|Y,2,1,0,2,4,2,4,2,3,2,0
9147,237,Ba|Cu|La|O|Sr,0,4,3,1,3,0,4,3,2,1,2
9148,875,Ba|Cu|La|O|Pr|Sr,2,3,3,4,1,1,4,2,1,2,1
9149,875,Ba|Cu|La|O|Pr|Sr,2,3,3,4,1,1,1,3,3,1,2
9150,657,Ba|Ca|Cu|La|O|Sr,0,2,4,4,4,2,2,3,2,1,2
9151,657,Ba|Ca|Cu|La|O|Sr,0,2,4,4,4,2,3,0,0,3,1
9152,657,Ba|Ca|Cu|La|O|Sr,0,2,4,4,4,2,4,4,0,2,2
9153,657,Ba|Ca|Cu|La|O|Sr,0,2,4,4,4,2,0,2,0,2,2
9154,876,Ba|Ca|Cu|La|O|Pr|Sr,0,2,0,4,1,0,1,4,4,4,2
9155,876,Ba|Ca|Cu|La|O|Pr|Sr,0,2,0,4,1,0,3,3,0,3,2
9156,876,Ba|Ca|Cu|La|O|Pr|Sr,0,2,0,4,1,0,3,4,3,1,4
9157,876,Ba|Ca|Cu|La|O|Pr|Sr,0,2,0,4,1,0,3,0,4,1,4
9158,876,Ba|Ca|Cu|La|O|Pr|Sr,0,2,0,4,1,0,1,2,0,1,2
9159,876,Ba|Ca|Cu|La|O|Pr|Sr,0,2,0,4,1,0,3,4,1,1,3
9160,876,Ba|Ca|Cu|La|O|Pr|Sr,0,2,0,4,1,0,1,0,3,0,0
9161,876,Ba|Ca|Cu|La|O|Pr|Sr,0,2,0,4,1,0,3,3,0,4,4
9162,876,Ba|Ca|Cu|La|O|Pr|Sr,0,2,0,4,1,0,1,4,0,2,3
9163,876,Ba|Ca|Cu|La|O|Pr|Sr,0,2,0,4,1,0,3,3,4,1,4
9164,876,Ba|Ca|Cu|La|O|Pr|Sr,0,2,0,4,1,0,0,0,1,1,2
9165,876,Ba|Ca|Cu|La|O|Pr|Sr,0,2,0,4,1,0,2,0,0,0,0
9166,49,Bi|Ca|Cu|O|Sr,2,0,2,4,3,0,4,4,3,0,0
9167,710,Cu|O|Ru|Sr|Y,0,0,2,3,0,1,4,1,1,4,2
9168,877,Cu|Ho|O|Ru|Sr,1,3,1,3,0,1,0,2,1,3,4
9169,710,Cu|O|Ru|Sr|Y,0,0,2,3,0,1,3,0,0,1,2
9170,277,Bi|Ca|Co|Cu|O|Sr,4,4,3,2,4,1,3,3,0,0,4
9171,473,Bi|Ca|Cu|O|Sr|Zn,1,2,0,0,4,2,0,0,4,2,1
9172,23,Cu|Fe|La|O|Sr,2,0,1,0,2,4,3,2,4,1,0
9173,23,Cu|Fe|La|O|Sr,2,0,1,0,2,4,0,0,0,2,0
9174,694,Ce|Cu|Eu|O|Ru|Sr,4,4,3,2,3,1,1,0,3,2,3
9175,608,Cu|La|Li|O|Sr,2,3,1,2,3,0,1,0,2,1,0
9176,608,Cu|La|Li|O|Sr,2,3,1,2,3,0,1,0,0,0,3
9177,608,Cu|La|Li|O|Sr,2,3,1,2,3,0,2,1,4,1,4
9178,608,Cu|La|Li|O|Sr,2,3,1,2,3,0,0,4,2,2,4
9179,772,Ba|Cu|Fe|O|Sr|Y,4,2,1,2,4,1,0,3,4,3,1
9180,878,Cu|Gd|La|O|Ru|Sr,2,1,4,4,4,1,3,2,4,1,4
9181,879,Bi|Ca|Cu|O|Pb|Sr|Y|Zn,2,0,4,4,2,0,2,3,3,4,1
9182,879,Bi|Ca|Cu|O|Pb|Sr|Y|Zn,2,0,4,4,2,0,1,2,4,1,2
9183,879,Bi|Ca|Cu|O|Pb|Sr|Y|Zn,2,0,4,4,2,0,3,2,4,3,2
9184,879,Bi|Ca|Cu|O|Pb|Sr|Y|Zn,2,0,4,4,2,0,1,3,4,2,3
9185,879,Bi|Ca|Cu|O|Pb|Sr|Y|Zn,2,0,4,4,2,0,0,1,3,3,3
9186,879,Bi|Ca|Cu|O|Pb|Sr|Y|Zn,2,0,4,4,2,0,2,1,0,3,0
9187,132,Bi|Ca|Cu|O|Pb|Sr|Y,3,1,1,4,3,2,1,2,4,4,0
9188,132,Bi|Ca|Cu|O|Pb|Sr|Y,3,1,1,4,3,2,0,1,1,1,4
9189,132,Bi|Ca|Cu|O|Pb|Sr|Y,3,1,1,4,3,2,2,2,4,3,1
9190,591,Ba|Ca|Cu|Gd|La|O,4,4,4,2,0,4,1,2,3,4,3
9191,880,Ba|Ca|Cu|Gd|In|La|O|Sr,3,0,0,2,1,0,4,0,0,1,3
9192,880,Ba|Ca|Cu|Gd|In|La|O|Sr,3,0,0,2,1,0,3,4,4,2,4
9193,880,Ba|Ca|Cu|Gd|In|La|O|Sr,3,0,0,2,1,0,1,2,4,4,2
9194,880,Ba|Ca|Cu|Gd|In|La|O|Sr,3,0,0,2,1,0,0,2,2,4,2
9195,880,Ba|Ca|Cu|Gd|In|La|O|Sr,3,0,0,2,1,0,0,0,0,1,1
9196,880,Ba|Ca|Cu|Gd|In|La|O|Sr,3,0,0,2,1,0,0,3,3,2,1
9197,881,Ba|Ca|Cu|Ga|In|La|O|Sr,2,3,2,3,2,2,1,0,4,2,2
9198,26,Cu|La|O|Sr|Zn,4,4,3,4,1,2,3,3,2,1,0
9199,26,Cu|La|O|Sr|Zn,4,4,3,4,1,2,2,4,4,1,1
9200,25,Cu|La|Ni|O|Sr,3,4,4,4,0,3,3,3,1,0,1
9201,28,Cu|La|Nd|O|Sr,3,3,0,3,1,0,3,2,4,2,2
9202,403,Cu|Hg|Mo|O|Sr,1,3,0,2,0,1,2,1,4,4,3
9203,690,Cu|Gd|O|Ru|Sr,0,2,4,2,4,2,0,1,0,0,2
9204,690,Cu|Gd|O|Ru|Sr,0,2,4,2,4,2,0,4,4,0,4
9205,690,Cu|Gd|O|Ru|Sr,0,2,4,2,4,2,3,3,1,1,4
9206,690,Cu|Gd|O|Ru|Sr,0,2,4,2,4,2,1,3,4,3,0
9207,66,Ba|Cu|O|Sr|Y,2,2,3,2,4,1,3,0,3,4,0
9208,66,Ba|Cu|O|Sr|Y,2,2,3,2,4,1,1,0,0,1,3
9209,66,Ba|Cu|O|Sr|Y,2,2,3,2,4,1,4,0,3,3,2
9210,66,Ba|Cu|O|Sr|Y,2,2,3,2,4,1,4,0,0,3,4
9211,66,Ba|Cu|O|Sr|Y,2,2,3,2,4,1,0,3,0,3,2
9212,66,Ba|Cu|O|Sr|Y,2,2,3,2,4,1,1,3,2,1,3
9213,43,Ba|Co|Cu|O|Y,1,2,3,2,1,3,3,0,3,1,0
9214,36,Bi|Cu|O|Sr,2,2,4,1,2,0,1,0,3,1,1
9215,36,Bi|Cu|O|Sr,2,2,4,1,2,0,3,3,1,3,2
9216,36,Bi|Cu|O|Sr,2,2,4,1,2,0,4,1,2,3,3
9217,36,Bi|Cu|O|Sr,2,2,4,1,2,0,1,2,1,0,4
9218,36,Bi|Cu|O|Sr,2,2,4,1,2,0,4,3,2,3,1
9219,36,Bi|Cu|O|Sr,2,2,4,1,2,0,1,1,1,3,3
9220,49,Bi|Ca|Cu|O|Sr,2,0,2,4,3,0,4,0,0,2,3
9221,49,Bi|Ca|Cu|O|Sr,2,0,2,4,3,0,2,2,4,4,1
9222,694,Ce|Cu|Eu|O|Ru|Sr,4,4,3,2,3,1,3,4,2,0,2
9223,694,Ce|Cu|Eu|O|Ru|Sr,4,4,3,2,3,1,2,3,1,1,2
9224,694,Ce|Cu|Eu|O|Ru|Sr,4,4,3,2,3,1,3,2,1,3,3
9225,694,Ce|Cu|Eu|O|Ru|Sr,4,4,3,2,3,1,4,2,4,1,1
9226,694,Ce|Cu|Eu|O|Ru|Sr,4,4,3,2,3,1,3,0,0,3,1
9227,305,Ce|Cu|Nb|Nd|O|Sr,4,0,2,1,4,3,1,2,4,2,0
9228,882,Ce|Cu|Nd|O|Sr|Ta,3,0,4,1,4,4,0,4,4,1,3
9229,8,Ba|Cu|O|Y,0,1,2,1,3,1,2,2,4,2,3
9230,8,Ba|Cu|O|Y,0,1,2,1,3,1,3,2,2,2,3
9231,8,Ba|Cu|O|Y,0,1,2,1,3,1,3,3,4,4,0
9232,8,Ba|Cu|O|Y,0,1,2,1,3,1,4,0,2,4,2
9233,8,Ba|Cu|O|Y,0,1,2,1,3,1,0,1,0,1,0
9234,8,Ba|Cu|O|Y,0,1,2,1,3,1,3,2,0,2,0
9235,8,Ba|Cu|O|Y,0,1,2,1,3,1,2,4,4,4,3
9236,8,Ba|Cu|O|Y,0,1,2,1,3,1,1,3,1,2,3
9237,733,Cd|O|Re,1,2,1,0,2,2,3,3,4,4,0
9238,661,O|Ru|Sr,2,0,2,3,0,2,2,4,1,1,3
9239,661,O|Ru|Sr,2,0,2,3,0,2,4,2,4,2,3
9240,661,O|Ru|Sr,2,0,2,3,0,2,4,2,3,2,3
9241,661,O|Ru|Sr,2,0,2,3,0,2,1,2,1,0,4
9242,661,O|Ru|Sr,2,0,2,3,0,2,3,0,3,0,3
9243,661,O|Ru|Sr,2,0,2,3,0,2,2,3,4,2,2
9244,661,O|Ru|Sr,2,0,2,3,0,2,0,2,2,4,4
9245,49,Bi|Ca|Cu|O|Sr,2,0,2,4,3,0,3,2,4,4,1
9246,370,Ca|Cu|O|Sr,3,3,1,1,0,0,2,3,1,1,3
9247,370,Ca|Cu|O|Sr,3,3,1,1,0,0,0,4,2,2,3
9248,863,Ba|Ca|Cu|Hg|O|Pb|Y,0,3,3,3,2,0,2,1,3,2,4
9249,713,Cu|Eu|O|Ru|Sr,3,1,0,2,1,3,1,2,0,3,2
9250,733,Cd|O|Re,1,2,1,0,2,2,0,3,0,0,3
9251,463,Cr|Cu|Hg|O|Sr,0,0,3,0,1,2,0,1,2,3,3
9252,883,Cr|Cu|Hg|O|Sr|Zn,2,1,4,3,0,4,1,2,4,2,0
9253,883,Cr|Cu|Hg|O|Sr|Zn,2,1,4,3,0,4,1,1,4,2,3
9254,883,Cr|Cu|Hg|O|Sr|Zn,2,1,4,3,0,4,0,2,3,4,4
9255,883,Cr|Cu|Hg|O|Sr|Zn,2,1,4,3,0,4,0,0,0,2,1
9256,883,Cr|Cu|Hg|O|Sr|Zn,2,1,4,3,0,4,2,0,2,1,3
9257,884,Cr|Cu|Hg|Ni|O|Sr,2,2,4,1,1,4,2,4,0,1,2
9258,884,Cr|Cu|Hg|Ni|O|Sr,2,2,4,1,1,4,0,1,3,4,3
9259,884,Cr|Cu|Hg|Ni|O|Sr,2,2,4,1,1,4,1,1,1,4,3
9260,884,Cr|Cu|Hg|Ni|O|Sr,2,2,4,1,1,4,3,1,2,1,0
9261,884,Cr|Cu|Hg|Ni|O|Sr,2,2,4,1,1,4,2,0,3,3,1
9262,884,Cr|Cu|Hg|Ni|O|Sr,2,2,4,1,1,4,0,1,2,4,1
9263,884,Cr|Cu|Hg|Ni|O|Sr,2,2,4,1,1,4,2,2,4,2,3
9264,885,Co|Cr|Cu|Hg|O|Sr,1,4,1,2,0,1,4,1,2,0,2
9265,885,Co|Cr|Cu|Hg|O|Sr,1,4,1,2,0,1,4,1,1,3,0
9266,885,Co|Cr|Cu|Hg|O|Sr,1,4,1,2,0,1,4,1,3,2,1
9267,885,Co|Cr|Cu|Hg|O|Sr,1,4,1,2,0,1,0,3,3,2,3
9268,885,Co|Cr|Cu|Hg|O|Sr,1,4,1,2,0,1,1,4,4,1,0
9269,886,Na|O|V,2,1,4,1,3,1,1,3,4,4,2
9270,519,Ca|Cu|O|Sr|Tl|Y,0,2,4,2,2,4,4,1,0,1,0
9271,519,Ca|Cu|O|Sr|Tl|Y,0,2,4,2,2,4,3,2,3,1,2
9272,519,Ca|Cu|O|Sr|Tl|Y,0,2,4,2,2,4,1,4,2,2,1
9273,631,Ba|Ca|Cu|Hg|O|Re,2,3,2,0,1,2,3,3,2,2,3
9274,631,Ba|Ca|Cu|Hg|O|Re,2,3,2,0,1,2,0,2,0,3,4
9275,11,Ba|Cu|Nd|O,2,2,2,2,1,2,3,4,4,2,2
9276,526,Ba|Ca|Cu|Nd|O|Pr,0,0,3,1,3,3,4,3,4,2,3
9277,526,Ba|Ca|Cu|Nd|O|Pr,0,0,3,1,3,3,0,4,4,3,1
9278,526,Ba|Ca|Cu|Nd|O|Pr,0,0,3,1,3,3,3,4,4,4,4
9279,11,Ba|Cu|Nd|O,2,2,2,2,1,2,0,3,2,0,3
9280,2,Cu|La|O|Sr,1,2,3,2,2,0,1,1,0,2,4
9281,887,Cu|La|O|Sr|Y,0,3,2,2,4,2,0,3,1,1,4
9282,2,Cu|La|O|Sr,1,2,3,2,2,0,0,0,2,0,2
9283,2,Cu|La|O|Sr,1,2,3,2,2,0,0,0,2,1,3
9284,2,Cu|La|O|Sr,1,2,3,2,2,0,0,2,3,2,3
9285,374,Cu|O|Sr|Y,0,3,3,2,1,2,2,1,3,4,4
9286,374,Cu|O|Sr|Y,0,3,3,2,1,2,1,1,2,2,4
9287,512,Ce|Cu|Gd|O|Ru|Sr,3,2,2,3,4,3,0,4,2,3,2
9288,8,Ba|Cu|O|Y,0,1,2,1,3,1,1,1,1,2,3
9289,8,Ba|Cu|O|Y,0,1,2,1,3,1,4,1,1,4,2
9290,8,Ba|Cu|O|Y,0,1,2,1,3,1,0,1,3,4,0
9291,8,Ba|Cu|O|Y,0,1,2,1,3,1,4,4,0,3,2
9292,8,Ba|Cu|O|Y,0,1,2,1,3,1,4,3,1,2,3
9293,8,Ba|Cu|O|Y,0,1,2,1,3,1,4,2,2,0,2
9294,8,Ba|Cu|O|Y,0,1,2,1,3,1,4,3,4,2,1
9295,102,Ba|Cu|O|Pr|Y,4,2,0,0,3,0,0,0,4,0,4
9296,102,Ba|Cu|O|Pr|Y,4,2,0,0,3,0,1,0,1,3,3
9297,102,Ba|Cu|O|Pr|Y,4,2,0,0,3,0,4,2,4,3,3
9298,102,Ba|Cu|O|Pr|Y,4,2,0,0,3,0,0,2,0,1,1
9299,102,Ba|Cu|O|Pr|Y,4,2,0,0,3,0,4,0,3,0,1
9300,102,Ba|Cu|O|Pr|Y,4,2,0,0,3,0,3,1,1,0,1
9301,102,Ba|Cu|O|Pr|Y,4,2,0,0,3,0,2,4,1,4,3
9302,102,Ba|Cu|O|Pr|Y,4,2,0,0,3,0,4,4,1,4,0
9303,528,Bi|Ca|Cu|Mn|O|Sr,4,1,3,4,0,1,3,4,1,2,2
9304,528,Bi|Ca|Cu|Mn|O|Sr,4,1,3,4,0,1,3,4,1,4,1
9305,528,Bi|Ca|Cu|Mn|O|Sr,4,1,3,4,0,1,4,1,1,3,3
9306,2,Cu|La|O|Sr,1,2,3,2,2,0,1,2,0,2,4
9307,888,Cu|Ho|La|O|Sr,4,4,3,2,1,2,4,4,0,3,3
9308,690,Cu|Gd|O|Ru|Sr,0,2,4,2,4,2,1,2,3,0,2
9309,68,Ba|Bi|K|O,0,1,2,0,3,0,2,0,4,1,1
9310,68,Ba|Bi|K|O,0,1,2,0,3,0,0,0,3,4,3
9311,68,Ba|Bi|K|O,0,1,2,0,3,0,2,0,4,2,4
9312,68,Ba|Bi|K|O,0,1,2,0,3,0,3,4,3,2,3
9313,850,Bi|K|O,0,1,4,4,1,3,0,0,0,4,2
9314,68,Ba|Bi|K|O,0,1,2,0,3,0,3,2,3,0,0
9315,68,Ba|Bi|K|O,0,1,2,0,3,0,3,2,1,3,0
9316,68,Ba|Bi|K|O,0,1,2,0,3,0,4,0,3,0,3
9317,68,Ba|Bi|K|O,0,1,2,0,3,0,3,2,0,3,1
9318,68,Ba|Bi|K|O,0,1,2,0,3,0,4,2,2,2,4
9319,68,Ba|Bi|K|O,0,1,2,0,3,0,2,0,3,0,4
9320,68,Ba|Bi|K|O,0,1,2,0,3,0,3,3,1,1,0
9321,68,Ba|Bi|K|O,0,1,2,0,3,0,3,1,1,1,0
9322,68,Ba|Bi|K|O,0,1,2,0,3,0,0,2,4,0,4
9323,68,Ba|Bi|K|O,0,1,2,0,3,0,0,1,2,2,1
9324,68,Ba|Bi|K|O,0,1,2,0,3,0,2,2,4,3,3
9325,68,Ba|Bi|K|O,0,1,2,0,3,0,3,4,3,2,2
9326,68,Ba|Bi|K|O,0,1,2,0,3,0,3,3,1,1,2
9327,68,Ba|Bi|K|O,0,1,2,0,3,0,2,3,0,0,4
9328,68,Ba|Bi|K|O,0,1,2,0,3,0,1,0,3,1,2
9329,68,Ba|Bi|K|O,0,1,2,0,3,0,4,4,2,2,1
9330,68,Ba|Bi|K|O,0,1,2,0,3,0,4,2,2,4,4
9331,68,Ba|Bi|K|O,0,1,2,0,3,0,1,1,1,0,2
9332,68,Ba|Bi|K|O,0,1,2,0,3,0,1,0,4,1,0
9333,889,Ce|Cu|Nd|O|Ru|Sr,2,3,4,4,3,0,0,2,4,4,2
9334,631,Ba|Ca|Cu|Hg|O|Re,2,3,2,0,1,2,3,4,0,1,3
9335,890,Ba|Ca|Cu|Hg|O|Re|Sr,0,1,3,4,1,1,1,4,0,1,0
9336,890,Ba|Ca|Cu|Hg|O|Re|Sr,0,1,3,4,1,1,1,0,3,2,3
9337,890,Ba|Ca|Cu|Hg|O|Re|Sr,0,1,3,4,1,1,0,0,2,4,4
9338,100,Bi|Ca|Cu|La|O|Sr,2,4,4,4,1,4,4,4,1,2,4
9339,100,Bi|Ca|Cu|La|O|Sr,2,4,4,4,1,4,4,1,0,1,4
9340,100,Bi|Ca|Cu|La|O|Sr,2,4,4,4,1,4,2,4,4,2,4
9341,100,Bi|Ca|Cu|La|O|Sr,2,4,4,4,1,4,1,4,0,4,1
9342,100,Bi|Ca|Cu|La|O|Sr,2,4,4,4,1,4,0,0,3,1,2
9343,100,Bi|Ca|Cu|La|O|Sr,2,4,4,4,1,4,2,1,3,3,1
9344,100,Bi|Ca|Cu|La|O|Sr,2,4,4,4,1,4,3,3,4,1,2
9345,891,Ce|Cu|Gd|O|Ru|Sb|Sr,1,0,2,0,0,2,4,1,2,3,0
9346,891,Ce|Cu|Gd|O|Ru|Sb|Sr,1,0,2,0,0,2,2,1,2,2,1
9347,891,Ce|Cu|Gd|O|Ru|Sb|Sr,1,0,2,0,0,2,3,2,1,2,3
9348,891,Ce|Cu|Gd|O|Ru|Sb|Sr,1,0,2,0,0,2,1,0,0,4,4
9349,840,Ag|Bi|Ca|Cu|O|Pb|Sr,3,0,1,1,2,2,0,4,2,4,3
9350,840,Ag|Bi|Ca|Cu|O|Pb|Sr,3,0,1,1,2,2,4,0,0,2,3
9351,840,Ag|Bi|Ca|Cu|O|Pb|Sr,3,0,1,1,2,2,3,1,1,0,2
9352,840,Ag|Bi|Ca|Cu|O|Pb|Sr,3,0,1,1,2,2,0,0,2,1,3
9353,49,Bi|Ca|Cu|O|Sr,2,0,2,4,3,0,3,3,0,3,4
9354,71,Bi|Ca|Cu|O|Pb|Sr,2,0,4,1,4,1,4,3,2,1,1
9355,71,Bi|Ca|Cu|O|Pb|Sr,2,0,4,1,4,1,1,1,2,1,3
9356,71,Bi|Ca|Cu|O|Pb|Sr,2,0,4,1,4,1,2,2,1,3,3
9357,2,Cu|La|O|Sr,1,2,3,2,2,0,3,1,4,1,0
9358,20,Cu|La|O|Sr|V,2,1,4,0,2,1,4,2,1,3,1
9359,20,Cu|La|O|Sr|V,2,1,4,0,2,1,4,0,3,3,3
9360,20,Cu|La|O|Sr|V,2,1,4,0,2,1,2,0,0,0,0
9361,20,Cu|La|O|Sr|V,2,1,4,0,2,1,3,3,1,0,0
9362,20,Cu|La|O|Sr|V,2,1,4,0,2,1,1,4,4,4,2
9363,20,Cu|La|O|Sr|V,2,1,4,0,2,1,3,0,2,2,1
9364,20,Cu|La|O|Sr|V,2,1,4,0,2,1,0,0,1,4,2
9365,20,Cu|La|O|Sr|V,2,1,4,0,2,1,3,0,1,1,4
9366,20,Cu|La|O|Sr|V,2,1,4,0,2,1,1,2,1,1,2
9367,663,Ba|Ca|Cu|O|Pb|Sr|Tl,4,0,3,0,1,0,3,3,1,1,4
9368,2,Cu|La|O|Sr,1,2,3,2,2,0,0,1,1,1,3
9369,8,Ba|Cu|O|Y,0,1,2,1,3,1,0,1,1,4,3
9370,17,Ba|Cu|O|Sm,4,0,0,3,4,1,0,0,3,3,4
9371,13,Ba|Cu|Gd|O,2,1,0,3,4,0,4,3,1,4,3
9372,14,Ba|Cu|Dy|O,4,1,4,1,3,3,0,0,2,1,2
9373,10,Ba|Cu|O|Tm,3,0,0,3,2,2,4,1,4,0,3
9374,74,Ce|Cu|Nd|O,3,3,3,3,3,1,3,1,1,1,4
9375,74,Ce|Cu|Nd|O,3,3,3,3,3,1,3,0,3,4,0
9376,74,Ce|Cu|Nd|O,3,3,3,3,3,1,1,1,3,2,3
9377,74,Ce|Cu|Nd|O,3,3,3,3,3,1,1,2,4,3,0
9378,764,Ce|Cu|La|O|Pr,0,0,1,4,1,3,0,4,2,4,0
9379,764,Ce|Cu|La|O|Pr,0,0,1,4,1,3,3,1,3,3,2
9380,764,Ce|Cu|La|O|Pr,0,0,1,4,1,3,3,0,0,3,3
9381,764,Ce|Cu|La|O|Pr,0,0,1,4,1,3,3,3,0,3,3
9382,764,Ce|Cu|La|O|Pr,0,0,1,4,1,3,2,2,3,1,4
9383,764,Ce|Cu|La|O|Pr,0,0,1,4,1,3,0,4,4,4,0
9384,68,Ba|Bi|K|O,0,1,2,0,3,0,3,0,4,1,3
9385,102,Ba|Cu|O|Pr|Y,4,2,0,0,3,0,2,4,3,4,4
9386,166,Ba|Cu|Fe|O|Pr|Y,0,4,1,1,0,3,0,2,1,1,2
9387,166,Ba|Cu|Fe|O|Pr|Y,0,4,1,1,0,3,3,1,1,1,3
9388,166,Ba|Cu|Fe|O|Pr|Y,0,4,1,1,0,3,3,3,2,3,0
9389,892,Ba|K|O,4,2,3,4,0,3,0,0,3,1,0
9390,370,Ca|Cu|O|Sr,3,3,1,1,0,0,2,0,4,0,1
9391,2,Cu|La|O|Sr,1,2,3,2,2,0,1,2,0,2,2
9392,2,Cu|La|O|Sr,1,2,3,2,2,0,4,3,4,0,0
9393,2,Cu|La|O|Sr,1,2,3,2,2,0,4,4,1,3,2
9394,2,Cu|La|O|Sr,1,2,3,2,2,0,3,3,1,4,0
9395,2,Cu|La|O|Sr,1,2,3,2,2,0,2,3,3,3,4
9396,763,Co|H|Na|O,1,4,2,2,1,4,4,0,4,1,2
9397,118,Ce|Cu|O|Pr,3,0,4,2,3,3,0,4,0,4,1
9398,713,Cu|Eu|O|Ru|Sr,3,1,0,2,1,3,1,1,1,0,0
9399,893,Cu|Eu|O|Ru|Sn|Sr,4,2,0,4,2,0,3,2,1,2,4
9400,893,Cu|Eu|O|Ru|Sn|Sr,4,2,0,4,2,0,3,0,3,2,2
9401,49,Bi|Ca|Cu|O|Sr,2,0,2,4,3,0,3,1,3,4,4
9402,49,Bi|Ca|Cu|O|Sr,2,0,2,4,3,0,4,3,1,4,4
9403,49,Bi|Ca|Cu|O|Sr,2,0,2,4,3,0,2,4,0,0,0
9404,49,Bi|Ca|Cu|O|Sr,2,0,2,4,3,0,3,1,3,0,4
9405,49,Bi|Ca|Cu|O|Sr,2,0,2,4,3,0,1,0,3,2,4
9406,36,Bi|Cu|O|Sr,2,2,4,1,2,0,0,1,3,4,3
9407,501,Ba|Ca|Cu|La|O|Pr,3,0,1,1,4,1,4,3,2,0,1
9408,654,Ba|Ca|Cu|O|Pr,3,0,1,3,0,1,1,1,0,4,4
9409,526,Ba|Ca|Cu|Nd|O|Pr,0,0,3,1,3,3,1,1,2,3,4
9410,894,Ba|Ca|Cu|O|Pr|Sm,1,4,2,4,1,4,4,0,3,2,0
9411,895,Ba|Ca|Cu|Eu|O|Pr,2,1,0,4,1,0,4,3,1,4,0
9412,491,Ba|Ca|Cu|Gd|O|Pr,2,1,3,1,3,0,0,2,2,0,2
9413,142,Ba|Ca|Cu|O|Pr|Y,4,2,3,0,3,4,0,3,2,0,2
9414,690,Cu|Gd|O|Ru|Sr,0,2,4,2,4,2,4,2,3,4,2
9415,896,Bi|Ca|Cu|Nd|O|Pb|S|Sr,4,1,1,4,2,3,3,3,0,0,0
9416,896,Bi|Ca|Cu|Nd|O|Pb|S|Sr,4,1,1,4,2,3,3,3,3,0,3
9417,896,Bi|Ca|Cu|Nd|O|Pb|S|Sr,4,1,1,4,2,3,3,0,3,4,3
9418,896,Bi|Ca|Cu|Nd|O|Pb|S|Sr,4,1,1,4,2,3,3,1,2,4,0
9419,27,Cu|La|O|Pr|Sr,1,1,3,0,0,3,3,0,0,3,3
9420,27,Cu|La|O|Pr|Sr,1,1,3,0,0,3,4,2,1,3,3
9421,27,Cu|La|O|Pr|Sr,1,1,3,0,0,3,3,1,1,1,2
9422,27,Cu|La|O|Pr|Sr,1,1,3,0,0,3,4,3,0,0,3
9423,27,Cu|La|O|Pr|Sr,1,1,3,0,0,3,1,3,1,2,3
9424,23,Cu|Fe|La|O|Sr,2,0,1,0,2,4,2,2,3,4,4
9425,23,Cu|Fe|La|O|Sr,2,0,1,0,2,4,4,1,4,3,2
9426,23,Cu|Fe|La|O|Sr,2,0,1,0,2,4,1,0,4,3,4
9427,23,Cu|Fe|La|O|Sr,2,0,1,0,2,4,1,3,1,0,1
9428,370,Ca|Cu|O|Sr,3,3,1,1,0,0,4,0,3,3,4
9429,370,Ca|Cu|O|Sr,3,3,1,1,0,0,2,1,1,0,0
9430,370,Ca|Cu|O|Sr,3,3,1,1,0,0,0,1,2,3,4
9431,102,Ba|Cu|O|Pr|Y,4,2,0,0,3,0,1,0,1,0,1
9432,102,Ba|Cu|O|Pr|Y,4,2,0,0,3,0,0,3,4,0,1
9433,142,Ba|Ca|Cu|O|Pr|Y,4,2,3,0,3,4,4,1,3,1,1
9434,142,Ba|Ca|Cu|O|Pr|Y,4,2,3,0,3,4,4,0,0,2,4
9435,142,Ba|Ca|Cu|O|Pr|Y,4,2,3,0,3,4,4,1,2,0,1
9436,4,Ba|Ca|Cu|O|Y,3,0,0,0,2,3,3,1,2,1,3
9437,4,Ba|Ca|Cu|O|Y,3,0,0,0,2,3,1,4,2,1,3
9438,4,Ba|Ca|Cu|O|Y,3,0,0,0,2,3,2,3,2,4,2
9439,102,Ba|Cu|O|Pr|Y,4,2,0,0,3,0,2,3,3,3,1
9440,142,Ba|Ca|Cu|O|Pr|Y,4,2,3,0,3,4,2,1,0,0,2
9441,142,Ba|Ca|Cu|O|Pr|Y,4,2,3,0,3,4,1,3,3,3,0
9442,142,Ba|Ca|Cu|O|Pr|Y,4,2,3,0,3,4,0,4,3,4,1
9443,102,Ba|Cu|O|Pr|Y,4,2,0,0,3,0,0,4,2,3,1
9444,142,Ba|Ca|Cu|O|Pr|Y,4,2,3,0,3,4,4,0,0,2,3
9445,142,Ba|Ca|Cu|O|Pr|Y,4,2,3,0,3,4,0,2,3,2,0
9446,142,Ba|Ca|Cu|O|Pr|Y,4,2,3,0,3,4,4,2,0,4,1
9447,142,Ba|Ca|Cu|O|Pr|Y,4,2,3,0,3,4,1,3,4,3,4
9448,169,Bi|Cu|La|O|Pb|Sr,1,0,1,2,2,1,4,2,4,1,0
9449,897,Bi|Cu|La|Mn|O|Pb|Sr,3,2,4,1,3,0,4,4,4,0,3
9450,897,Bi|Cu|La|Mn|O|Pb|Sr,3,2,4,1,3,0,2,3,1,4,2
9451,897,Bi|Cu|La|Mn|O|Pb|Sr,3,2,4,1,3,0,2,4,1,3,3
9452,22,Cu|La|Mn|O|Sr,4,0,3,2,0,4,0,4,0,3,4
9453,22,Cu|La|Mn|O|Sr,4,0,3,2,0,4,0,0,3,4,4
9454,47,Ba|Ca|Cu|O|Tl,3,2,1,1,4,1,0,1,4,2,1
9455,898,Ba|Ca|Co|Cu|O|Tl,2,0,0,4,1,0,4,4,3,1,0
9456,898,Ba|Ca|Co|Cu|O|Tl,2,0,0,4,1,0,4,2,1,3,2
9457,898,Ba|Ca|Co|Cu|O|Tl,2,0,0,4,1,0,4,4,3,3,0
9458,144,Ba|Ca|Cu|O|Tl|Y,0,1,4,4,2,1,0,2,4,2,1
9459,899,Ba|Ca|Co|Cu|O|Tl|Y,1,0,0,4,1,2,0,4,0,0,3
9460,899,Ba|Ca|Co|Cu|O|Tl|Y,1,0,0,4,1,2,2,3,1,0,0
9461,899,Ba|Ca|Co|Cu|O|Tl|Y,1,0,0,4,1,2,1,4,1,2,3
9462,144,Ba|Ca|Cu|O|Tl|Y,0,1,4,4,2,1,2,4,1,1,4
9463,899,Ba|Ca|Co|Cu|O|Tl|Y,1,0,0,4,1,2,4,1,4,0,2
9464,899,Ba|Ca|Co|Cu|O|Tl|Y,1,0,0,4,1,2,4,3,3,0,1
9465,899,Ba|Ca|Co|Cu|O|Tl|Y,1,0,0,4,1,2,1,0,1,3,4
9466,144,Ba|Ca|Cu|O|Tl|Y,0,1,4,4,2,1,3,4,3,0,1
9467,899,Ba|Ca|Co|Cu|O|Tl|Y,1,0,0,4,1,2,2,0,4,3,4
9468,899,Ba|Ca|Co|Cu|O|Tl|Y,1,0,0,4,1,2,0,1,1,1,0
9469,899,Ba|Ca|Co|Cu|O|Tl|Y,1,0,0,4,1,2,1,3,3,2,3
9470,144,Ba|Ca|Cu|O|Tl|Y,0,1,4,4,2,1,1,2,0,3,1
9471,899,Ba|Ca|Co|Cu|O|Tl|Y,1,0,0,4,1,2,4,4,1,4,3
9472,899,Ba|Ca|Co|Cu|O|Tl|Y,1,0,0,4,1,2,2,2,2,1,1
9473,899,Ba|Ca|Co|Cu|O|Tl|Y,1,0,0,4,1,2,0,3,2,2,3
9474,144,Ba|Ca|Cu|O|Tl|Y,0,1,4,4,2,1,1,0,2,3,3
9475,899,Ba|Ca|Co|Cu|O|Tl|Y,1,0,0,4,1,2,1,2,0,2,4
9476,899,Ba|Ca|Co|Cu|O|Tl|Y,1,0,0,4,1,2,3,4,3,3,3
9477,899,Ba|Ca|Co|Cu|O|Tl|Y,1,0,0,4,1,2,3,4,4,0,0
9478,144,Ba|Ca|Cu|O|Tl|Y,0,1,4,4,2,1,1,4,1,1,3
9479,899,Ba|Ca|Co|Cu|O|Tl|Y,1,0,0,4,1,2,0,1,0,3,0
9480,763,Co|H|Na|O,1,4,2,2,1,4,1,2,3,0,3
9481,38,Al|Ba|Cu|O|Y,3,2,2,1,0,2,4,1,1,0,4
9482,900,Al|Ba|Cu|Eu|O|Y,3,0,1,4,4,4,3,3,0,0,1
9483,900,Al|Ba|Cu|Eu|O|Y,3,0,1,4,4,4,4,4,0,0,2
9484,900,Al|Ba|Cu|Eu|O|Y,3,0,1,4,4,4,1,4,4,3,0
9485,900,Al|Ba|Cu|Eu|O|Y,3,0,1,4,4,4,1,0,0,4,2
9486,900,Al|Ba|Cu|Eu|O|Y,3,0,1,4,4,4,2,2,1,3,4
9487,130,Bi|Ca|Cu|Er|O|Sr,0,4,1,0,3,2,3,4,4,2,2
9488,249,Bi|Ca|Cu|O|Pr|Sr,4,2,4,2,2,3,3,0,4,2,0
9489,249,Bi|Ca|Cu|O|Pr|Sr,4,2,4,2,2,3,4,0,4,0,3
9490,249,Bi|Ca|Cu|O|Pr|Sr,4,2,4,2,2,3,1,2,0,1,0
9491,710,Cu|O|Ru|Sr|Y,0,0,2,3,0,1,2,2,2,0,2
9492,65,Cu|Eu|La|O|Sr,3,3,0,2,0,0,0,1,2,2,4
9493,57,Ba|Cu|La|O|Y,4,0,3,4,0,1,0,4,0,3,1
9494,57,Ba|Cu|La|O|Y,4,0,3,4,0,1,1,4,0,2,3
9495,57,Ba|Cu|La|O|Y,4,0,3,4,0,1,3,4,1,3,4
9496,57,Ba|Cu|La|O|Y,4,0,3,4,0,1,3,2,0,2,0
9497,57,Ba|Cu|La|O|Y,4,0,3,4,0,1,4,0,3,2,1
9498,102,Ba|Cu|O|Pr|Y,4,2,0,0,3,0,2,4,4,3,4
9499,102,Ba|Cu|O|Pr|Y,4,2,0,0,3,0,3,0,4,1,1
9500,102,Ba|Cu|O|Pr|Y,4,2,0,0,3,0,4,2,2,3,3
9501,102,Ba|Cu|O|Pr|Y,4,2,0,0,3,0,4,3,4,0,2
9502,102,Ba|Cu|O|Pr|Y,4,2,0,0,3,0,4,3,3,3,3
9503,605,Ba|Cu|Nd|O|Y,0,4,0,3,1,3,0,1,4,4,2
9504,605,Ba|Cu|Nd|O|Y,0,4,0,3,1,3,4,4,4,2,1
9505,605,Ba|Cu|Nd|O|Y,0,4,0,3,1,3,1,4,1,1,3
9506,605,Ba|Cu|Nd|O|Y,0,4,0,3,1,3,1,1,0,3,1
9507,185,Ba|Cu|O|Pr|Yb,1,2,3,0,4,4,0,4,1,0,3
9508,185,Ba|Cu|O|Pr|Yb,1,2,3,0,4,4,2,2,1,2,0
9509,185,Ba|Cu|O|Pr|Yb,1,2,3,0,4,4,4,2,3,0,1
9510,185,Ba|Cu|O|Pr|Yb,1,2,3,0,4,4,3,3,2,2,3
9511,185,Ba|Cu|O|Pr|Yb,1,2,3,0,4,4,0,3,4,1,0
9512,185,Ba|Cu|O|Pr|Yb,1,2,3,0,4,4,1,4,3,4,1
9513,185,Ba|Cu|O|Pr|Yb,1,2,3,0,4,4,2,0,1,0,1
9514,185,Ba|Cu|O|Pr|Yb,1,2,3,0,4,4,3,2,2,2,0
9515,185,Ba|Cu|O|Pr|Yb,1,2,3,0,4,4,4,2,0,4,2
9516,868,Ca|Li|Nb|O|Rb,0,0,3,1,2,3,1,4,4,2,4
9517,868,Ca|Li|Nb|O|Rb,0,0,3,1,2,3,3,4,2,4,0
9518,868,Ca|Li|Nb|O|Rb,0,0,3,1,2,3,3,1,4,4,2
9519,871,Ca|Cs|Li|Nb|O,4,2,4,2,0,3,2,3,4,3,0
9520,869,Li|Nb|O|Rb|Sr,0,4,4,4,3,2,0,0,3,0,2
9521,870,Ca|K|Li|Nb|O,4,3,1,3,1,1,0,2,4,3,0
9522,901,Cu|O|Ru|Sm|Sr,3,3,4,3,1,3,3,3,3,1,0
9523,713,Cu|Eu|O|Ru|Sr,3,1,0,2,1,3,3,3,4,4,0
9524,68,Ba|Bi|K|O,0,1,2,0,3,0,3,2,4,3,3
9525,68,Ba|Bi|K|O,0,1,2,0,3,0,3,3,1,2,4
9526,850,Bi|K|O,0,1,4,4,1,3,0,1,4,0,3
9527,121,Ba|Bi|O|Rb,0,1,3,0,2,4,4,0,2,4,3
9528,690,Cu|Gd|O|Ru|Sr,0,2,4,2,4,2,3,2,1,1,3
9529,902,Cu|Gd|Nd|O|Ru|Sr,0,4,1,4,1,3,0,4,1,0,2
9530,902,Cu|Gd|Nd|O|Ru|Sr,0,4,1,4,1,3,3,0,3,1,1
9531,903,Ce|Cu|Eu|O|Pb|Sr,4,4,4,2,1,4,3,2,0,4,4
9532,904,Ce|Cu|Eu|O|Pb|Sr|Tl,0,2,2,1,2,3,0,0,3,0,2
9533,905,Ce|Cu|Eu|Nd|O|Pb|Sr,3,1,4,3,3,2,3,1,4,3,0
9534,547,Cd|Ce|Cu|Eu|O|Pb|Sr,4,0,0,1,3,3,4,3,2,3,1
9535,547,Cd|Ce|Cu|Eu|O|Pb|Sr,4,0,0,1,3,3,2,4,3,0,3
9536,906,Cu|Gd|La|O|Pb|Sr,1,1,0,4,2,2,4,2,2,0,2
9537,28,Cu|La|Nd|O|Sr,3,3,0,3,1,0,1,4,1,3,3
9538,28,Cu|La|Nd|O|Sr,3,3,0,3,1,0,0,4,0,4,1
9539,28,Cu|La|Nd|O|Sr,3,3,0,3,1,0,4,3,2,3,0
9540,28,Cu|La|Nd|O|Sr,3,3,0,3,1,0,3,2,4,2,4
9541,28,Cu|La|Nd|O|Sr,3,3,0,3,1,0,1,2,4,1,4
9542,28,Cu|La|Nd|O|Sr,3,3,0,3,1,0,3,2,2,2,0
9543,28,Cu|La|Nd|O|Sr,3,3,0,3,1,0,2,4,4,0,0
9544,907,Cu|Hg|Nd|O|Sr|V,0,3,4,1,1,2,1,2,3,3,3
9545,907,Cu|Hg|Nd|O|Sr|V,0,3,4,1,1,2,4,3,0,3,4
9546,907,Cu|Hg|Nd|O|Sr|V,0,3,4,1,1,2,3,0,0,4,3
9547,288,Ba|Ca|Cu|La|Nd|O,4,3,1,1,2,2,3,0,4,4,4
9548,908,Ba|Ca|Cu|La|Mo|Nd|O,0,4,4,3,0,2,3,2,4,4,3
9549,908,Ba|Ca|Cu|La|Mo|Nd|O,0,4,4,3,0,2,0,3,1,0,0
9550,908,Ba|Ca|Cu|La|Mo|Nd|O,0,4,4,3,0,2,0,3,4,0,0
9551,908,Ba|Ca|Cu|La|Mo|Nd|O,0,4,4,3,0,2,2,1,0,1,4
9552,307,Ba|Ca|Cu|Hg|O,2,4,3,2,4,3,0,4,0,1,3
9553,372,Ba|Ca|Cu|Hg|O|Tl,0,3,2,1,4,2,2,1,4,0,2
9554,909,Cu|La|Nd|O,3,1,0,0,3,2,3,1,1,4,4
9555,909,Cu|La|Nd|O,3,1,0,0,3,2,1,4,1,4,3
9556,909,Cu|La|Nd|O,3,1,0,0,3,2,2,1,0,0,3
9557,909,Cu|La|Nd|O,3,1,0,0,3,2,4,1,3,3,2
9558,909,Cu|La|Nd|O,3,1,0,0,3,2,2,4,4,4,4
9559,909,Cu|La|Nd|O,3,1,0,0,3,2,0,2,0,1,2
9560,909,Cu|La|Nd|O,3,1,0,0,3,2,1,1,4,2,4
9561,910,Cu|La|Nd|O|Zn,2,1,4,4,1,3,1,3,2,4,1
9562,911,Bi|Cu|La|O,0,3,1,2,0,3,3,3,3,3,2
9563,912,Bi|Cu|La|O|Zn,0,1,3,4,0,4,2,4,2,1,0
9564,22,Cu|La|Mn|O|Sr,4,0,3,2,0,4,3,1,4,2,3
9565,22,Cu|La|Mn|O|Sr,4,0,3,2,0,4,2,2,4,3,1
9566,22,Cu|La|Mn|O|Sr,4,0,3,2,0,4,4,3,1,2,1
9567,663,Ba|Ca|Cu|O|Pb|Sr|Tl,4,0,3,0,1,0,2,4,0,1,4
9568,913,Ba|Ca|Cu|O|Pb|Sr|Te|Tl,4,1,0,4,2,0,1,1,2,3,2
9569,913,Ba|Ca|Cu|O|Pb|Sr|Te|Tl,4,1,0,4,2,0,3,3,3,1,3
9570,913,Ba|Ca|Cu|O|Pb|Sr|Te|Tl,4,1,0,4,2,0,4,4,0,4,1
9571,49,Bi|Ca|Cu|O|Sr,2,0,2,4,3,0,1,0,1,0,1
9572,49,Bi|Ca|Cu|O|Sr,2,0,2,4,3,0,2,0,0,1,4
9573,49,Bi|Ca|Cu|O|Sr,2,0,2,4,3,0,0,3,0,1,2
9574,57,Ba|Cu|La|O|Y,4,0,3,4,0,1,2,4,2,1,3
9575,57,Ba|Cu|La|O|Y,4,0,3,4,0,1,2,4,0,0,3
9576,57,Ba|Cu|La|O|Y,4,0,3,4,0,1,4,2,1,0,3
9577,57,Ba|Cu|La|O|Y,4,0,3,4,0,1,3,0,0,0,4
9578,57,Ba|Cu|La|O|Y,4,0,3,4,0,1,2,1,4,1,3
9579,57,Ba|Cu|La|O|Y,4,0,3,4,0,1,0,0,3,3,0
9580,57,Ba|Cu|La|O|Y,4,0,3,4,0,1,3,4,4,2,2
9581,57,Ba|Cu|La|O|Y,4,0,3,4,0,1,0,0,0,0,2
9582,57,Ba|Cu|La|O|Y,4,0,3,4,0,1,3,4,4,3,3
9583,57,Ba|Cu|La|O|Y,4,0,3,4,0,1,3,0,0,2,0
9584,0,Ba|Cu|La|O,2,4,2,3,0,4,3,3,3,2,1
9585,914,Ce|Cu|Mo|O|Sm|Sr,0,1,3,0,1,1,0,2,3,4,2
9586,780,Ce|Cu|Eu|Mo|O|Sr,1,4,3,4,3,1,1,1,3,3,4
9587,690,Cu|Gd|O|Ru|Sr,0,2,4,2,4,2,0,0,1,1,4
9588,841,Cu|Gd|O|Ru|Sn|Sr,0,0,3,2,0,3,4,0,2,1,3
9589,841,Cu|Gd|O|Ru|Sn|Sr,0,0,3,2,0,3,2,4,4,0,2
9590,841,Cu|Gd|O|Ru|Sn|Sr,0,0,3,2,0,3,2,0,3,1,4
9591,841,Cu|Gd|O|Ru|Sn|Sr,0,0,3,2,0,3,0,3,2,1,3
9592,915,Cu|Gd|Nb|O|Ru|Sr,1,2,4,3,0,3,1,0,1,3,0
9593,713,Cu|Eu|O|Ru|Sr,3,1,0,2,1,3,0,3,0,0,4
9594,714,Cu|Dy|Gd|O|Ru|Sr,4,4,4,4,4,0,0,1,1,1,3
9595,916,Cu|Gd|O|Ru|Sr|Y,2,2,1,2,1,3,2,3,1,1,4
9596,917,Cu|Gd|Li|O|Ru|Sr,3,2,2,1,1,3,0,2,4,0,1
9597,118,Ce|Cu|O|Pr,3,0,4,2,3,3,1,3,2,2,3
9598,118,Ce|Cu|O|Pr,3,0,4,2,3,3,4,2,1,1,0
9599,118,Ce|Cu|O|Pr,3,0,4,2,3,3,3,4,4,2,4
9600,118,Ce|Cu|O|Pr,3,0,4,2,3,3,3,4,0,3,2
9601,28,Cu|La|Nd|O|Sr,3,3,0,3,1,0,1,0,2,1,1
9602,28,Cu|La|Nd|O|Sr,3,3,0,3,1,0,0,1,4,3,2
9603,13,Ba|Cu|Gd|O,2,1,0,3,4,0,1,4,0,0,4
9604,177,Ba|Cu|Gd|O|Pr,2,2,1,3,3,3,1,2,1,2,4
9605,177,Ba|Cu|Gd|O|Pr,2,2,1,3,3,3,3,3,2,4,0
9606,177,Ba|Cu|Gd|O|Pr,2,2,1,3,3,3,0,3,3,2,1
9607,177,Ba|Cu|Gd|O|Pr,2,2,1,3,3,3,2,1,0,3,0
9608,177,Ba|Cu|Gd|O|Pr,2,2,1,3,3,3,0,2,4,1,3
9609,177,Ba|Cu|Gd|O|Pr,2,2,1,3,3,3,0,1,3,4,4
9610,177,Ba|Cu|Gd|O|Pr,2,2,1,3,3,3,0,3,1,2,4
9611,74,Ce|Cu|Nd|O,3,3,3,3,3,1,3,2,4,4,1
9612,74,Ce|Cu|Nd|O,3,3,3,3,3,1,4,0,3,2,2
9613,74,Ce|Cu|Nd|O,3,3,3,3,3,1,2,2,1,1,4
9614,74,Ce|Cu|Nd|O,3,3,3,3,3,1,2,2,4,4,4
9615,74,Ce|Cu|Nd|O,3,3,3,3,3,1,3,0,3,2,1
9616,909,Cu|La|Nd|O,3,1,0,0,3,2,0,0,4,0,0
9617,910,Cu|La|Nd|O|Zn,2,1,4,4,1,3,0,1,0,4,2
9618,911,Bi|Cu|La|O,0,3,1,2,0,3,3,3,1,2,4
9619,912,Bi|Cu|La|O|Zn,0,1,3,4,0,4,1,2,1,4,4
9620,918,Cu|La|O|Pr,4,0,0,4,4,0,3,3,0,1,3
9621,710,Cu|O|Ru|Sr|Y,0,0,2,3,0,1,4,4,0,2,1
9622,710,Cu|O|Ru|Sr|Y,0,0,2,3,0,1,0,1,2,4,1
9623,919,Cu|Er|O|Ru|Sr,0,3,2,1,3,2,3,4,0,4,2
9624,661,O|Ru|Sr,2,0,2,3,0,2,4,1,2,3,0
9625,763,Co|H|Na|O,1,4,2,2,1,4,3,1,3,4,2
9626,841,Cu|Gd|O|Ru|Sn|Sr,0,0,3,2,0,3,0,0,1,1,3
9627,763,Co|H|Na|O,1,4,2,2,1,4,2,1,3,1,4
9628,763,Co|H|Na|O,1,4,2,2,1,4,0,1,4,1,1
9629,920,Ce|Cu|O|Ru|Sm|Sr,2,3,2,0,2,4,1,3,4,3,0
9630,920,Ce|Cu|O|Ru|Sm|Sr,2,3,2,0,2,4,4,3,4,1,2
9631,31,Ba|Cu|Fe|O|Y,3,2,3,4,1,0,2,1,0,4,0
9632,272,Cu|Fe|O|Sr|Y,1,2,4,1,1,4,3,1,1,0,1
9633,272,Cu|Fe|O|Sr|Y,1,2,4,1,1,4,4,1,3,3,4
9634,605,Ba|Cu|Nd|O|Y,0,4,0,3,1,3,3,0,3,1,0
9635,679,Ba|Ca|Cu|Nd|O|Y,4,3,1,3,2,3,4,2,2,1,1
9636,679,Ba|Ca|Cu|Nd|O|Y,4,3,1,3,2,3,1,2,1,3,0
9637,679,Ba|Ca|Cu|Nd|O|Y,4,3,1,3,2,3,0,1,0,0,1
9638,679,Ba|Ca|Cu|Nd|O|Y,4,3,1,3,2,3,4,1,2,1,4
9639,679,Ba|Ca|Cu|Nd|O|Y,4,3,1,3,2,3,3,3,3,2,4
9640,679,Ba|Ca|Cu|Nd|O|Y,4,3,1,3,2,3,2,2,1,0,3
9641,679,Ba|Ca|Cu|Nd|O|Y,4,3,1,3,2,3,1,4,0,4,1
9642,690,Cu|Gd|O|Ru|Sr,0,2,4,2,4,2,2,4,4,2,2
9643,878,Cu|Gd|La|O|Ru|Sr,2,1,4,4,4,1,0,0,2,3,1
9644,713,Cu|Eu|O|Ru|Sr,3,1,0,2,1,3,2,1,1,0,3
9645,921,Cu|Eu|La|O|Ru|Sr,1,1,0,2,2,2,1,0,0,1,4
9646,921,Cu|Eu|La|O|Ru|Sr,1,1,0,2,2,2,0,1,3,3,0
9647,841,Cu|Gd|O|Ru|Sn|Sr,0,0,3,2,0,3,1,4,1,0,1
9648,512,Ce|Cu|Gd|O|Ru|Sr,3,2,2,3,4,3,3,1,1,1,0
9649,922,Ce|Cu|Gd|O|Pb|Ru|Sr,1,3,3,2,1,0,0,3,2,3,0
9650,922,Ce|Cu|Gd|O|Pb|Ru|Sr,1,3,3,2,1,0,3,1,3,2,3
9651,922,Ce|Cu|Gd|O|Pb|Ru|Sr,1,3,3,2,1,0,4,3,4,1,0
9652,272,Cu|Fe|O|Sr|Y,1,2,4,1,1,4,2,3,2,2,4
9653,923,Cu|Er|Fe|O|Sr,0,0,3,1,2,3,2,4,1,2,3
9654,924,Ce|Cu|Gd|Mo|O|Ru|Sr,4,0,1,3,3,1,4,4,2,0,1
9655,924,Ce|Cu|Gd|Mo|O|Ru|Sr,4,0,1,3,3,1,4,0,4,1,3
9656,690,Cu|Gd|O|Ru|Sr,0,2,4,2,4,2,0,4,4,4,2
9657,925,Cu|Gd|O|Ru|Sr|Ti,1,4,1,1,3,1,0,1,2,2,1
9658,925,Cu|Gd|O|Ru|Sr|Ti,1,4,1,1,3,1,2,3,3,3,2
9659,925,Cu|Gd|O|Ru|Sr|Ti,1,4,1,1,3,1,2,3,3,4,2
9660,925,Cu|Gd|O|Ru|Sr|Ti,1,4,1,1,3,1,1,1,2,2,4
9661,926,Cu|Gd|O|Rh|Ru|Sr,0,1,1,3,4,0,3,4,1,4,1
9662,926,Cu|Gd|O|Rh|Ru|Sr,0,1,1,3,4,0,3,2,3,1,1
9663,926,Cu|Gd|O|Rh|Ru|Sr,0,1,1,3,4,0,0,3,4,1,1
9664,926,Cu|Gd|O|Rh|Ru|Sr,0,1,1,3,4,0,4,4,0,1,0
9665,922,Ce|Cu|Gd|O|Pb|Ru|Sr,1,3,3,2,1,0,3,4,0,0,0
9666,927,Cu|La|Na|O|Sr,0,0,0,4,2,4,1,2,2,0,4
9667,927,Cu|La|Na|O|Sr,0,0,0,4,2,4,4,2,3,2,0
9668,927,Cu|La|Na|O|Sr,0,0,0,4,2,4,0,3,3,3,3
9669,927,Cu|La|Na|O|Sr,0,0,0,4,2,4,3,3,0,3,4
9670,927,Cu|La|Na|O|Sr,0,0,0,4,2,4,2,1,2,1,0
9671,763,Co|H|Na|O,1,4,2,2,1,4,4,1,0,2,0
9672,763,Co|H|Na|O,1,4,2,2,1,4,2,4,1,0,3
9673,763,Co|H|Na|O,1,4,2,2,1,4,4,4,1,0,1
9674,763,Co|H|Na|O,1,4,2,2,1,4,4,4,3,0,2
9675,694,Ce|Cu|Eu|O|Ru|Sr,4,4,3,2,3,1,0,0,4,0,0
9676,928,Cu|La|O|Ru|Sr,1,4,4,0,1,3,3,1,0,0,1
9677,928,Cu|La|O|Ru|Sr,1,4,4,0,1,3,3,2,4,4,1
9678,928,Cu|La|O|Ru|Sr,1,4,4,0,1,3,0,4,0,2,1
9679,928,Cu|La|O|Ru|Sr,1,4,4,0,1,3,0,0,2,0,0
9680,928,Cu|La|O|Ru|Sr,1,4,4,0,1,3,4,2,3,0,0
9681,928,Cu|La|O|Ru|Sr,1,4,4,0,1,3,4,0,3,3,3
9682,928,Cu|La|O|Ru|Sr,1,4,4,0,1,3,2,4,1,0,2
9683,928,Cu|La|O|Ru|Sr,1,4,4,0,1,3,1,0,2,1,3
9684,928,Cu|La|O|Ru|Sr,1,4,4,0,1,3,0,0,0,4,2
9685,928,Cu|La|O|Ru|Sr,1,4,4,0,1,3,1,2,1,1,2
9686,928,Cu|La|O|Ru|Sr,1,4,4,0,1,3,4,1,2,2,2
9687,928,Cu|La|O|Ru|Sr,1,4,4,0,1,3,0,1,2,1,2
9688,928,Cu|La|O|Ru|Sr,1,4,4,0,1,3,2,2,1,3,3
9689,928,Cu|La|O|Ru|Sr,1,4,4,0,1,3,0,2,0,0,0
9690,928,Cu|La|O|Ru|Sr,1,4,4,0,1,3,4,4,4,3,2
9691,928,Cu|La|O|Ru|Sr,1,4,4,0,1,3,0,0,4,1,3
9692,928,Cu|La|O|Ru|Sr,1,4,4,0,1,3,0,1,0,3,3
9693,928,Cu|La|O|Ru|Sr,1,4,4,0,1,3,2,2,0,2,1
9694,929,Ca|Co|Cu|O|Sr|Y,2,4,0,1,3,0,4,0,2,0,2
9695,929,Ca|Co|Cu|O|Sr|Y,2,4,0,1,3,0,3,2,3,1,3
9696,929,Ca|Co|Cu|O|Sr|Y,2,4,0,1,3,0,3,3,1,4,1
9697,929,Ca|Co|Cu|O|Sr|Y,2,4,0,1,3,0,2,4,2,2,4
9698,929,Ca|Co|Cu|O|Sr|Y,2,4,0,1,3,0,4,0,2,1,0
9699,929,Ca|Co|Cu|O|Sr|Y,2,4,0,1,3,0,2,4,3,3,0
9700,929,Ca|Co|Cu|O|Sr|Y,2,4,0,1,3,0,1,2,4,1,1
9701,929,Ca|Co|Cu|O|Sr|Y,2,4,0,1,3,0,0,3,3,1,1
9702,501,Ba|Ca|Cu|La|O|Pr,3,0,1,1,4,1,4,2,2,1,1
9703,501,Ba|Ca|Cu|La|O|Pr,3,0,1,1,4,1,3,3,2,4,2
9704,501,Ba|Ca|Cu|La|O|Pr,3,0,1,1,4,1,1,3,4,1,3
9705,501,Ba|Ca|Cu|La|O|Pr,3,0,1,1,4,1,3,0,2,0,4
9706,501,Ba|Ca|Cu|La|O|Pr,3,0,1,1,4,1,0,1,3,2,0
9707,930,O|Sr|Ti,0,2,3,0,2,1,0,2,4,2,0
9708,930,O|Sr|Ti,0,2,3,0,2,1,0,4,1,4,2
9709,930,O|Sr|Ti,0,2,3,0,2,1,4,2,2,0,2
9710,661,O|Ru|Sr,2,0,2,3,0,2,3,0,0,1,1
9711,931,O|Ru|Sr|Ti,0,4,1,3,3,4,2,2,3,4,4
9712,931,O|Ru|Sr|Ti,0,4,1,3,3,4,3,2,2,3,1
9713,931,O|Ru|Sr|Ti,0,4,1,3,3,4,3,4,3,1,0
9714,66,Ba|Cu|O|Sr|Y,2,2,3,2,4,1,0,4,1,0,0
9715,772,Ba|Cu|Fe|O|Sr|Y,4,2,1,2,4,1,1,2,1,1,1
9716,772,Ba|Cu|Fe|O|Sr|Y,4,2,1,2,4,1,1,2,4,1,2
9717,772,Ba|Cu|Fe|O|Sr|Y,4,2,1,2,4,1,1,3,1,4,0
9718,31,Ba|Cu|Fe|O|Y,3,2,3,4,1,0,3,1,2,2,1
9719,272,Cu|Fe|O|Sr|Y,1,2,4,1,1,4,3,4,3,4,4
9720,772,Ba|Cu|Fe|O|Sr|Y,4,2,1,2,4,1,1,3,0,4,4
9721,268,Cu|Mo|O|Sr|Y,4,2,1,1,2,0,2,4,2,3,1
9722,268,Cu|Mo|O|Sr|Y,4,2,1,1,2,0,4,4,0,3,0
9723,694,Ce|Cu|Eu|O|Ru|Sr,4,4,3,2,3,1,3,4,3,2,0
9724,217,Cu|O|Pr|Sr,2,0,2,1,4,4,4,2,4,0,1
9725,2,Cu|La|O|Sr,1,2,3,2,2,0,2,0,1,2,4
9726,763,Co|H|Na|O,1,4,2,2,1,4,4,1,0,2,2
9727,763,Co|H|Na|O,1,4,2,2,1,4,4,0,4,0,4
9728,763,Co|H|Na|O,1,4,2,2,1,4,2,0,2,3,3
9729,763,Co|H|Na|O,1,4,2,2,1,4,1,1,0,3,0
9730,763,Co|H|Na|O,1,4,2,2,1,4,0,3,1,1,4
9731,763,Co|H|Na|O,1,4,2,2,1,4,4,4,0,1,2
9732,763,Co|H|Na|O,1,4,2,2,1,4,0,3,2,2,2
9733,763,Co|H|Na|O,1,4,2,2,1,4,4,4,4,2,1
9734,763,Co|H|Na|O,1,4,2,2,1,4,3,1,4,1,0
9735,932,Ba|Cu|Hg|O|Sr|Y,2,4,0,3,1,3,2,4,0,4,2
9736,933,Cu|Hg|O|Sr|Y,3,1,1,4,0,4,1,1,2,2,3
9737,514,Ba|Ca|Cu|Hg|O|Y,0,0,1,3,2,3,1,1,4,1,4
9738,934,Ba|Ca|Cu|Hg|O|Sr|Y,0,0,1,0,1,0,4,0,1,1,3
9739,934,Ba|Ca|Cu|Hg|O|Sr|Y,0,0,1,0,1,0,3,0,2,3,3
9740,934,Ba|Ca|Cu|Hg|O|Sr|Y,0,0,1,0,1,0,4,3,3,3,1
9741,934,Ba|Ca|Cu|Hg|O|Sr|Y,0,0,1,0,1,0,1,1,0,0,1
9742,934,Ba|Ca|Cu|Hg|O|Sr|Y,0,0,1,0,1,0,4,0,0,0,3
9743,934,Ba|Ca|Cu|Hg|O|Sr|Y,0,0,1,0,1,0,3,3,4,0,0
9744,934,Ba|Ca|Cu|Hg|O|Sr|Y,0,0,1,0,1,0,4,4,1,0,2
9745,935,Ca|Cu|Hg|O|Sr|Y,0,0,1,4,3,0,3,0,1,1,2
9746,119,Ce|Cu|O|Sm,1,1,1,1,1,4,1,0,4,1,2
9747,119,Ce|Cu|O|Sm,1,1,1,1,1,4,0,0,1,1,3
9748,936,Bi|Ca|Cu|Nd|O|Pb|Sr|Tb,4,0,0,4,4,1,4,0,3,2,2
9749,937,Co|Cu|Gd|O|Ru|Sr,2,1,1,3,3,3,2,0,3,1,3
9750,937,Co|Cu|Gd|O|Ru|Sr,2,1,1,3,3,3,1,0,0,2,4
9751,937,Co|Cu|Gd|O|Ru|Sr,2,1,1,3,3,3,1,0,1,0,1
9752,68,Ba|Bi|K|O,0,1,2,0,3,0,3,4,0,4,1
9753,43,Ba|Co|Cu|O|Y,1,2,3,2,1,3,4,3,3,1,2
9754,43,Ba|Co|Cu|O|Y,1,2,3,2,1,3,3,0,1,2,0
9755,43,Ba|Co|Cu|O|Y,1,2,3,2,1,3,0,0,0,1,2
9756,43,Ba|Co|Cu|O|Y,1,2,3,2,1,3,3,0,1,0,0
9757,43,Ba|Co|Cu|O|Y,1,2,3,2,1,3,1,1,2,4,4
9758,118,Ce|Cu|O|Pr,3,0,4,2,3,3,1,3,2,4,0
9759,118,Ce|Cu|O|Pr,3,0,4,2,3,3,1,2,3,2,0
9760,118,Ce|Cu|O|Pr,3,0,4,2,3,3,1,2,2,2,2
9761,118,Ce|Cu|O|Pr,3,0,4,2,3,3,2,0,0,3,2
9762,118,Ce|Cu|O|Pr,3,0,4,2,3,3,1,3,4,1,4
9763,118,Ce|Cu|O|Pr,3,0,4,2,3,3,0,0,1,3,1
9764,118,Ce|Cu|O|Pr,3,0,4,2,3,3,2,4,1,0,1
9765,118,Ce|Cu|O|Pr,3,0,4,2,3,3,1,2,3,4,4
9766,118,Ce|Cu|O|Pr,3,0,4,2,3,3,4,4,1,2,4
9767,938,Ce|Cu|La|O,2,0,3,4,1,4,1,1,3,4,1
9768,938,Ce|Cu|La|O,2,0,3,4,1,4,4,2,0,4,3
9769,938,Ce|Cu|La|O,2,0,3,4,1,4,2,2,0,0,4
9770,938,Ce|Cu|La|O,2,0,3,4,1,4,0,0,4,0,4
9771,938,Ce|Cu|La|O,2,0,3,4,1,4,2,0,3,3,1
9772,938,Ce|Cu|La|O,2,0,3,4,1,4,1,1,3,2,2
9773,118,Ce|Cu|O|Pr,3,0,4,2,3,3,4,4,0,4,1
9774,74,Ce|Cu|Nd|O,3,3,3,3,3,1,4,4,3,3,1
9775,118,Ce|Cu|O|Pr,3,0,4,2,3,3,4,4,0,0,3
9776,118,Ce|Cu|O|Pr,3,0,4,2,3,3,4,3,1,2,4
9777,118,Ce|Cu|O|Pr,3,0,4,2,3,3,2,1,4,1,2
9778,938,Ce|Cu|La|O,2,0,3,4,1,4,0,0,4,0,4
9779,938,Ce|Cu|La|O,2,0,3,4,1,4,3,0,4,4,2
9780,938,Ce|Cu|La|O,2,0,3,4,1,4,2,3,0,1,0
9781,938,Ce|Cu|La|O,2,0,3,4,1,4,4,4,1,3,4
9782,938,Ce|Cu|La|O,2,0,3,4,1,4,2,1,3,4,2
9783,938,Ce|Cu|La|O,2,0,3,4,1,4,0,1,1,4,3
9784,938,Ce|Cu|La|O,2,0,3,4,1,4,4,3,4,1,4
9785,938,Ce|Cu|La|O,2,0,3,4,1,4,2,4,4,2,3
9786,938,Ce|Cu|La|O,2,0,3,4,1,4,4,4,2,1,1
9787,51,Ba|Cu|Gd|O|Sr,3,3,2,4,3,3,0,4,3,1,4
9788,939,Ba|Ca|Cu|Gd|O|Pr|Sr,3,2,4,4,4,2,0,0,2,4,4
9789,939,Ba|Ca|Cu|Gd|O|Pr|Sr,3,2,4,4,4,2,0,4,1,1,2
9790,331,Ba|Cu|Er|O|Sr,3,3,0,4,4,0,4,4,1,0,2
9791,940,Ba|Ca|Cu|Er|O|Pr|Sr,2,0,2,1,0,4,4,3,1,0,1
9792,940,Ba|Ca|Cu|Er|O|Pr|Sr,2,0,2,1,0,4,0,3,3,2,4
9793,17,Ba|Cu|O|Sm,4,0,0,3,4,1,3,1,1,3,0
9794,69,Cu|La|O,2,0,3,0,0,0,0,3,4,0,0
9795,941,Cu|La|O|Zn,4,4,1,3,4,4,0,2,4,0,2
9796,941,Cu|La|O|Zn,4,4,1,3,4,4,3,3,4,1,1
9797,941,Cu|La|O|Zn,4,4,1,3,4,4,4,3,3,3,4
9798,783,K|O|Os,3,1,1,2,3,3,1,4,0,0,4
9799,942,Ba|Cu|Mo|Nd|O|Sr,3,1,3,1,1,2,2,3,2,3,4
9800,942,Ba|Cu|Mo|Nd|O|Sr,3,1,3,1,1,2,1,0,2,4,4
9801,942,Ba|Cu|Mo|Nd|O|Sr,3,1,3,1,1,2,3,4,2,2,2
9802,942,Ba|Cu|Mo|Nd|O|Sr,3,1,3,1,1,2,3,3,3,3,4
9803,694,Ce|Cu|Eu|O|Ru|Sr,4,4,3,2,3,1,0,4,4,0,3
9804,943,Ce|Cu|Eu|Nb|O|Ru|Sr,0,1,1,2,3,2,1,2,0,0,3
9805,943,Ce|Cu|Eu|Nb|O|Ru|Sr,0,1,1,2,3,2,2,2,2,2,3
9806,65,Cu|Eu|La|O|Sr,3,3,0,2,0,0,0,3,1,1,3
9807,763,Co|H|Na|O,1,4,2,2,1,4,1,1,0,0,4
9808,763,Co|H|Na|O,1,4,2,2,1,4,3,4,4,4,1
9809,944,Co|H|Ir|Na|O,1,1,4,0,3,3,4,3,1,0,1
9810,944,Co|H|Ir|Na|O,1,1,4,0,3,3,1,1,4,2,0
9811,944,Co|H|Ir|Na|O,1,1,4,0,3,3,2,4,2,1,2
9812,763,Co|H|Na|O,1,4,2,2,1,4,0,2,0,3,3
9813,945,Co|Ga|H|Na|O,0,4,0,2,3,3,0,3,2,3,4
9814,945,Co|Ga|H|Na|O,0,4,0,2,3,3,3,0,0,1,3
9815,945,Co|Ga|H|Na|O,0,4,0,2,3,3,3,2,3,0,4
9816,945,Co|Ga|H|Na|O,0,4,0,2,3,3,1,2,2,3,3
9817,83,Bi|Ca|Cu|O|Sr|Y,4,3,2,2,1,2,0,3,4,3,1
9818,83,Bi|Ca|Cu|O|Sr|Y,4,3,2,2,1,2,4,3,3,2,0
9819,83,Bi|Ca|Cu|O|Sr|Y,4,3,2,2,1,2,0,4,4,0,4
9820,83,Bi|Ca|Cu|O|Sr|Y,4,3,2,2,1,2,4,1,4,4,0
9821,783,K|O|Os,3,1,1,2,3,3,2,2,4,0,3
9822,946,Cs|O|Os,2,2,2,3,2,4,4,1,0,4,3
9823,763,Co|H|Na|O,1,4,2,2,1,4,0,3,1,2,3
9824,763,Co|H|Na|O,1,4,2,2,1,4,3,1,3,4,3
9825,278,Cu|Mo|O|Sr|Tb,0,2,3,1,4,2,1,0,0,1,1
9826,278,Cu|Mo|O|Sr|Tb,0,2,3,1,4,2,3,1,4,3,1
9827,2,Cu|La|O|Sr,1,2,3,2,2,0,2,3,0,2,2
9828,26,Cu|La|O|Sr|Zn,4,4,3,4,1,2,1,1,0,3,4
9829,26,Cu|La|O|Sr|Zn,4,4,3,4,1,2,1,2,3,0,2
9830,26,Cu|La|O|Sr|Zn,4,4,3,4,1,2,0,3,0,2,4
9831,26,Cu|La|O|Sr|Zn,4,4,3,4,1,2,4,4,4,2,0
9832,2,Cu|La|O|Sr,1,2,3,2,2,0,0,4,3,1,3
9833,26,Cu|La|O|Sr|Zn,4,4,3,4,1,2,4,2,3,4,1
9834,26,Cu|La|O|Sr|Zn,4,4,3,4,1,2,3,2,2,4,0
9835,26,Cu|La|O|Sr|Zn,4,4,3,4,1,2,1,1,1,4,3
9836,26,Cu|La|O|Sr|Zn,4,4,3,4,1,2,2,4,4,2,2
9837,2,Cu|La|O|Sr,1,2,3,2,2,0,1,4,2,3,2
9838,26,Cu|La|O|Sr|Zn,4,4,3,4,1,2,4,2,1,0,0
9839,26,Cu|La|O|Sr|Zn,4,4,3,4,1,2,4,4,4,3,2
9840,26,Cu|La|O|Sr|Zn,4,4,3,4,1,2,1,4,0,0,3
9841,26,Cu|La|O|Sr|Zn,4,4,3,4,1,2,4,0,0,4,1
9842,762,O|Os|Rb,1,1,4,0,3,1,4,2,3,2,4
9843,947,Na|O|W,4,3,4,4,3,0,0,3,3,3,0
9844,948,O|Rb|W,1,3,2,0,2,0,0,2,0,3,3
9845,948,O|Rb|W,1,3,2,0,2,0,4,1,4,2,0
9846,948,O|Rb|W,1,3,2,0,2,0,0,4,1,3,4
9847,948,O|Rb|W,1,3,2,0,2,0,2,3,4,1,0
9848,947,Na|O|W,4,3,4,4,3,0,2,3,2,1,1
9849,107,Ba|Bi|O|Pb,4,1,0,0,3,4,3,3,4,3,0
9850,107,Ba|Bi|O|Pb,4,1,0,0,3,4,4,4,2,4,2
9851,107,Ba|Bi|O|Pb,4,1,0,0,3,4,0,3,3,0,1
9852,107,Ba|Bi|O|Pb,4,1,0,0,3,4,3,2,0,3,2
9853,107,Ba|Bi|O|Pb,4,1,0,0,3,4,2,4,0,4,0
9854,107,Ba|Bi|O|Pb,4,1,0,0,3,4,2,3,2,4,2
9855,218,Li|O|Ti,0,0,0,0,3,0,3,3,4,0,1
9856,763,Co|H|Na|O,1,4,2,2,1,4,2,2,3,3,1
9857,763,Co|H|Na|O,1,4,2,2,1,4,0,4,2,4,3
9858,763,Co|H|Na|O,1,4,2,2,1,4,0,0,0,4,1
9859,763,Co|H|Na|O,1,4,2,2,1,4,4,4,2,1,1
9860,763,Co|H|Na|O,1,4,2,2,1,4,3,1,0,4,2
9861,218,Li|O|Ti,0,0,0,0,3,0,1,1,3,0,3
9862,218,Li|O|Ti,0,0,0,0,3,0,0,0,0,0,2
9863,218,Li|O|Ti,0,0,0,0,3,0,3,4,0,1,1
9864,949,Ba|Ca|Cu|La|O|P,4,2,4,2,1,3,4,2,2,2,0
9865,392,B|Ba|Ca|Cu|O|Sr|Y,2,1,3,4,0,1,1,4,0,0,4
9866,710,Cu|O|Ru|Sr|Y,0,0,2,3,0,1,0,4,4,0,3
9867,13,Ba|Cu|Gd|O,2,1,0,3,4,0,1,3,4,3,2
9868,13,Ba|Cu|Gd|O,2,1,0,3,4,0,3,3,1,0,4
9869,13,Ba|Cu|Gd|O,2,1,0,3,4,0,1,3,2,4,4
9870,13,Ba|Cu|Gd|O,2,1,0,3,4,0,0,2,2,1,0
9871,218,Li|O|Ti,0,0,0,0,3,0,4,0,1,3,0
9872,218,Li|O|Ti,0,0,0,0,3,0,3,2,0,3,4
9873,218,Li|O|Ti,0,0,0,0,3,0,4,0,4,1,4
9874,218,Li|O|Ti,0,0,0,0,3,0,0,1,2,0,1
9875,218,Li|O|Ti,0,0,0,0,3,0,0,1,1,1,2
9876,218,Li|O|Ti,0,0,0,0,3,0,4,2,0,1,4
9877,950,Li|Mg|O|Ti,3,4,3,4,3,4,1,0,3,0,1
9878,951,Cu|La|O|V,2,0,3,2,3,4,4,3,4,3,1
9879,951,Cu|La|O|V,2,0,3,2,3,4,1,2,1,2,3
9880,951,Cu|La|O|V,2,0,3,2,3,4,2,0,4,2,3
9881,951,Cu|La|O|V,2,0,3,2,3,4,3,4,1,2,2
9882,862,Ba|Ca|Cu|F|O,0,1,3,0,2,0,0,0,4,4,3
9883,862,Ba|Ca|Cu|F|O,0,1,3,0,2,0,3,2,3,3,2
9884,71,Bi|Ca|Cu|O|Pb|Sr,2,0,4,1,4,1,0,3,0,2,0
9885,936,Bi|Ca|Cu|Nd|O|Pb|Sr|Tb,4,0,0,4,4,1,3,2,3,4,3
9886,936,Bi|Ca|Cu|Nd|O|Pb|Sr|Tb,4,0,0,4,4,1,4,3,3,0,4
9887,936,Bi|Ca|Cu|Nd|O|Pb|Sr|Tb,4,0,0,4,4,1,2,0,2,0,0
9888,40,Ba|Cu|O|Y|Zn,3,1,0,2,1,0,0,2,0,1,0
9889,40,Ba|Cu|O|Y|Zn,3,1,0,2,1,0,2,2,2,0,4
9890,40,Ba|Cu|O|Y|Zn,3,1,0,2,1,0,0,1,2,4,2
9891,40,Ba|Cu|O|Y|Zn,3,1,0,2,1,0,4,4,0,1,1
9892,40,Ba|Cu|O|Y|Zn,3,1,0,2,1,0,3,4,2,0,3
9893,40,Ba|Cu|O|Y|Zn,3,1,0,2,1,0,4,4,3,3,3
9894,47,Ba|Ca|Cu|O|Tl,3,2,1,1,4,1,3,4,1,1,3
9895,952,Ce|Cu|O|Sm|Sr|Ti,4,4,3,2,3,1,1,2,1,0,0
9896,842,Ce|Cu|Eu|O|Sr|Ti,0,2,3,0,3,2,4,3,3,2,4
9897,953,Ca|Cl|Cu|O,4,0,3,1,2,1,2,3,3,4,0
9898,953,Ca|Cl|Cu|O,4,0,3,1,2,1,2,3,2,0,2
9899,953,Ca|Cl|Cu|O,4,0,3,1,2,1,1,0,4,0,1
9900,953,Ca|Cl|Cu|O,4,0,3,1,2,1,4,3,3,3,2
9901,953,Ca|Cl|Cu|O,4,0,3,1,2,1,0,4,3,0,4
9902,953,Ca|Cl|Cu|O,4,0,3,1,2,1,3,1,3,2,4
9903,31,Ba|Cu|Fe|O|Y,3,2,3,4,1,0,3,1,2,2,2
9904,784,Ba|Cu|Fe|O|Sm,4,1,0,0,3,1,1,4,2,0,4
9905,954,Ba|Cu|Eu|Fe|O,1,4,1,1,3,3,1,4,1,3,4
9906,53,Ba|Cu|Fe|Gd|O,4,1,2,4,3,1,4,3,3,3,1
9907,785,Ba|Cu|Dy|Fe|O,0,2,1,2,1,0,0,0,2,1,0
9908,794,Ba|Cu|Fe|Ho|O,1,1,4,2,4,3,2,4,1,4,2
9909,423,Ba|Cu|Er|Fe|O,4,4,4,2,3,1,3,1,0,2,4
9910,795,Ba|Cu|Fe|O|Tm,4,1,4,1,4,4,0,2,2,4,1
9911,955,Ba|Cu|Fe|O|Yb,2,0,1,1,3,1,4,0,0,3,3
9912,956,Cd|Cu|Ga|O|Sr|Y,2,4,4,1,3,3,4,1,1,3,4
9913,956,Cd|Cu|Ga|O|Sr|Y,2,4,4,1,3,3,3,2,3,3,4
9914,956,Cd|Cu|Ga|O|Sr|Y,2,4,4,1,3,3,0,0,3,0,1
9915,433,Ca|Cu|Ga|O|Sr|Y,0,4,3,4,2,1,3,2,3,3,2
9916,957,Ca|Cd|Cu|Ga|O|Sr|Y,1,3,0,0,2,3,2,1,4,4,4
9917,957,Ca|Cd|Cu|Ga|O|Sr|Y,1,3,0,0,2,3,2,4,2,3,2
9918,957,Ca|Cd|Cu|Ga|O|Sr|Y,1,3,0,0,2,3,2,0,1,0,2
9919,957,Ca|Cd|Cu|Ga|O|Sr|Y,1,3,0,0,2,3,3,3,4,3,4
9920,957,Ca|Cd|Cu|Ga|O|Sr|Y,1,3,0,0,2,3,3,4,4,4,4
9921,957,Ca|Cd|Cu|Ga|O|Sr|Y,1,3,0,0,2,3,4,1,2,2,0
9922,957,Ca|Cd|Cu|Ga|O|Sr|Y,1,3,0,0,2,3,2,3,4,3,4
9923,957,Ca|Cd|Cu|Ga|O|Sr|Y,1,3,0,0,2,3,1,1,1,3,4
9924,957,Ca|Cd|Cu|Ga|O|Sr|Y,1,3,0,0,2,3,2,0,4,2,4
9925,957,Ca|Cd|Cu|Ga|O|Sr|Y,1,3,0,0,2,3,2,3,4,2,0
9926,512,Ce|Cu|Gd|O|Ru|Sr,3,2,2,3,4,3,4,1,2,2,0
9927,958,Ce|Cu|Gd|Nb|O|Ru|Sr,0,0,1,0,1,3,3,2,1,1,1
9928,958,Ce|Cu|Gd|Nb|O|Ru|Sr,0,0,1,0,1,3,1,3,0,0,3
9929,958,Ce|Cu|Gd|Nb|O|Ru|Sr,0,0,1,0,1,3,0,0,1,4,2
9930,958,Ce|Cu|Gd|Nb|O|Ru|Sr,0,0,1,0,1,3,2,1,4,3,0
9931,959,Ca|Cu|Ga|O|Sr|Tm,4,3,0,3,2,4,4,1,0,3,2
9932,959,Ca|Cu|Ga|O|Sr|Tm,4,3,0,3,2,4,2,1,2,0,0
9933,959,Ca|Cu|Ga|O|Sr|Tm,4,3,0,3,2,4,1,3,3,1,2
9934,959,Ca|Cu|Ga|O|Sr|Tm,4,3,0,3,2,4,2,4,1,3,2
9935,433,Ca|Cu|Ga|O|Sr|Y,0,4,3,4,2,1,4,1,2,0,3
9936,433,Ca|Cu|Ga|O|Sr|Y,0,4,3,4,2,1,3,0,2,4,1
9937,433,Ca|Cu|Ga|O|Sr|Y,0,4,3,4,2,1,0,1,3,0,0
9938,433,Ca|Cu|Ga|O|Sr|Y,0,4,3,4,2,1,0,1,2,3,0
9939,433,Ca|Cu|Ga|O|Sr|Y,0,4,3,4,2,1,1,3,1,0,3
9940,433,Ca|Cu|Ga|O|Sr|Y,0,4,3,4,2,1,0,0,4,1,4
9941,433,Ca|Cu|Ga|O|Sr|Y,0,4,3,4,2,1,3,1,4,0,4
9942,272,Cu|Fe|O|Sr|Y,1,2,4,1,1,4,1,0,4,4,4
9943,272,Cu|Fe|O|Sr|Y,1,2,4,1,1,4,0,3,1,4,1
9944,272,Cu|Fe|O|Sr|Y,1,2,4,1,1,4,3,1,2,1,3
9945,450,Ba|Cu|O|Pr|Sr|Y,4,3,4,2,2,2,0,2,4,1,4
9946,450,Ba|Cu|O|Pr|Sr|Y,4,3,4,2,2,2,4,1,3,3,0
9947,8,Ba|Cu|O|Y,0,1,2,1,3,1,1,2,1,0,2
9948,34,Ba|Cu|Gd|O|Y,0,2,1,1,1,1,0,4,3,1,3
9949,34,Ba|Cu|Gd|O|Y,0,2,1,1,1,1,2,1,3,1,2
9950,34,Ba|Cu|Gd|O|Y,0,2,1,1,1,1,1,3,2,4,3
9951,34,Ba|Cu|Gd|O|Y,0,2,1,1,1,1,4,2,1,1,2
9952,34,Ba|Cu|Gd|O|Y,0,2,1,1,1,1,3,3,3,1,2
9953,34,Ba|Cu|Gd|O|Y,0,2,1,1,1,1,2,3,0,0,0
9954,960,Ce|Cu|Gd|Hg|O|Sr|Ti,1,3,4,0,1,1,3,4,3,2,1
9955,961,Ce|Cu|Gd|Hg|O|Sr|V,2,1,1,1,1,3,3,0,1,2,0
9956,739,Ce|Cu|Gd|Hg|Mo|O|Sr,3,4,2,1,4,2,3,1,2,4,3
9957,738,Ce|Cu|Gd|Hg|O|Sr|W,4,4,4,1,4,0,2,0,1,1,2
9958,962,Ce|Cu|Gd|Hg|O|Re|Sr,0,1,3,4,2,1,0,1,3,4,2
9959,963,Ce|Cu|Hg|O|Sm|Sr|W,4,1,4,3,2,3,2,1,0,3,4
9960,964,Ce|Cu|Eu|Hg|O|Sr|W,2,1,4,1,4,1,0,0,3,2,3
9961,965,Ce|Cu|Dy|Hg|O|Sr|W,3,0,0,4,2,1,4,3,1,1,2
9962,966,Ce|Cu|Hg|Ho|O|Sr|W,2,1,3,0,0,2,2,4,1,4,3
9963,967,Ce|Cu|Er|Hg|O|Sr|W,1,4,4,3,0,2,1,3,1,3,1
9964,964,Ce|Cu|Eu|Hg|O|Sr|W,2,1,4,1,4,1,3,3,3,1,1
9965,964,Ce|Cu|Eu|Hg|O|Sr|W,2,1,4,1,4,1,4,2,3,1,1
9966,964,Ce|Cu|Eu|Hg|O|Sr|W,2,1,4,1,4,1,2,1,3,2,4
9967,642,Ce|Cu|Mo|O|Sr|Y,3,2,2,1,2,3,1,2,3,1,0
9968,642,Ce|Cu|Mo|O|Sr|Y,3,2,2,1,2,3,2,2,4,0,0
9969,642,Ce|Cu|Mo|O|Sr|Y,3,2,2,1,2,3,4,2,0,0,0
9970,642,Ce|Cu|Mo|O|Sr|Y,3,2,2,1,2,3,3,0,1,3,1
9971,642,Ce|Cu|Mo|O|Sr|Y,3,2,2,1,2,3,3,0,2,2,0
9972,268,Cu|Mo|O|Sr|Y,4,2,1,1,2,0,2,0,0,4,0
9973,642,Ce|Cu|Mo|O|Sr|Y,3,2,2,1,2,3,1,2,4,2,1
9974,968,Ag|O|Pb,0,3,0,3,4,0,0,1,2,0,2
9975,71,Bi|Ca|Cu|O|Pb|Sr,2,0,4,1,4,1,1,3,0,0,2
9976,71,Bi|Ca|Cu|O|Pb|Sr,2,0,4,1,4,1,3,1,3,2,1
9977,783,K|O|Os,3,1,1,2,3,3,2,3,4,1,4
9978,762,O|Os|Rb,1,1,4,0,3,1,0,3,1,3,4
9979,946,Cs|O|Os,2,2,2,3,2,4,3,0,2,4,3
9980,49,Bi|Ca|Cu|O|Sr,2,0,2,4,3,0,2,4,3,4,3
9981,2,Cu|La|O|Sr,1,2,3,2,2,0,1,3,2,4,2
9982,2,Cu|La|O|Sr,1,2,3,2,2,0,1,0,4,1,4
9983,2,Cu|La|O|Sr,1,2,3,2,2,0,1,0,0,2,0
9984,2,Cu|La|O|Sr,1,2,3,2,2,0,4,2,1,3,2
9985,2,Cu|La|O|Sr,1,2,3,2,2,0,3,3,0,4,4
9986,2,Cu|La|O|Sr,1,2,3,2,2,0,4,2,0,3,4
9987,13,Ba|Cu|Gd|O,2,1,0,3,4,0,4,4,3,2,4
9988,4,Ba|Ca|Cu|O|Y,3,0,0,0,2,3,4,2,1,2,4
9989,4,Ba|Ca|Cu|O|Y,3,0,0,0,2,3,4,2,3,0,3
9990,4,Ba|Ca|Cu|O|Y,3,0,0,0,2,3,1,1,1,1,0
9991,4,Ba|Ca|Cu|O|Y,3,0,0,0,2,3,3,4,2,4,2
9992,4,Ba|Ca|Cu|O|Y,3,0,0,0,2,3,2,4,0,3,2
9993,4,Ba|Ca|Cu|O|Y,3,0,0,0,2,3,4,4,2,1,4
9994,4,Ba|Ca|Cu|O|Y,3,0,0,0,2,3,3,0,0,0,0
9995,969,Br|Ca|Cu|Na|O,1,1,3,1,3,3,3,2,3,0,1
9996,969,Br|Ca|Cu|Na|O,1,1,3,1,3,3,3,4,3,3,0
9997,969,Br|Ca|Cu|Na|O,1,1,3,1,3,3,0,3,2,4,2
9998,969,Br|Ca|Cu|Na|O,1,1,3,1,3,3,3,0,3,0,1
9999,969,Br|Ca|Cu|Na|O,1,1,3,1,3,3,2,2,1,2,1
10000,969,Br|Ca|Cu|Na|O,1,1,3,1,3,3,2,3,1,3,1
10001,970,Br|Ca|Cl|Cu|Na|O,4,2,2,4,4,0,4,4,3,1,4
10002,970,Br|Ca|Cl|Cu|Na|O,4,2,2,4,4,0,4,4,4,0,3
10003,970,Br|Ca|Cl|Cu|Na|O,4,2,2,4,4,0,2,0,2,0,0
10004,970,Br|Ca|Cl|Cu|Na|O,4,2,2,4,4,0,3,2,2,2,2
10005,970,Br|Ca|Cl|Cu|Na|O,4,2,2,4,4,0,1,0,4,2,4
10006,970,Br|Ca|Cl|Cu|Na|O,4,2,2,4,4,0,3,0,4,1,4
10007,970,Br|Ca|Cl|Cu|Na|O,4,2,2,4,4,0,1,0,1,3,0
10008,422,Ca|Cl|Cu|Na|O,1,0,1,2,0,1,0,1,1,0,1
10009,422,Ca|Cl|Cu|Na|O,1,0,1,2,0,1,1,3,1,1,2
10010,422,Ca|Cl|Cu|Na|O,1,0,1,2,0,1,4,4,2,0,0
10011,422,Ca|Cl|Cu|Na|O,1,0,1,2,0,1,1,3,0,2,4
10012,422,Ca|Cl|Cu|Na|O,1,0,1,2,0,1,1,1,2,0,0
10013,422,Ca|Cl|Cu|Na|O,1,0,1,2,0,1,2,3,0,0,1
10014,422,Ca|Cl|Cu|Na|O,1,0,1,2,0,1,2,2,3,3,0
10015,422,Ca|Cl|Cu|Na|O,1,0,1,2,0,1,0,2,4,0,0
10016,733,Cd|O|Re,1,2,1,0,2,2,3,2,1,3,3
10017,71,Bi|Ca|Cu|O|Pb|Sr,2,0,4,1,4,1,0,1,4,3,3
10018,971,Sn,0,0,4,3,0,1,0,3,2,0,2
10019,971,Sn,0,0,4,3,0,1,0,3,3,3,3
10020,971,Sn,0,0,4,3,0,1,3,1,0,3,0
10021,972,Tl,3,4,2,0,0,4,0,2,3,2,2
10022,972,Tl,3,4,2,0,0,4,2,4,4,1,3
10023,972,Tl,3,4,2,0,0,4,3,3,3,1,3
10024,973,In,2,4,1,2,0,0,4,2,4,3,3
10025,974,Hg,0,2,3,2,4,3,1,3,0,0,2
10026,975,Pb,3,4,1,2,3,1,4,2,2,0,4
10027,971,Sn,0,0,4,3,0,1,2,3,3,1,0
10028,971,Sn,0,0,4,3,0,1,3,0,2,1,4
10029,971,Sn,0,0,4,3,0,1,0,0,0,1,3
10030,974,Hg,0,2,3,2,4,3,4,1,3,4,1
10031,976,Be|Mo,1,4,2,2,2,2,0,0,4,1,3
10032,977,Be|W,2,0,2,2,0,1,1,0,1,1,0
10033,978,Be|Tc,0,2,3,3,3,4,1,0,0,0,2
10034,979,Be|Re,4,1,1,4,1,0,0,4,1,4,3
10035,980,Mo,2,2,4,3,0,2,3,0,2,2,0
10036,981,Tc,2,1,2,1,0,2,4,2,3,2,2
10037,981,Tc,2,1,2,1,0,2,1,0,4,3,0
10038,981,Tc,2,1,2,1,0,2,4,2,1,2,3
10039,981,Tc,2,1,2,1,0,2,1,1,3,1,2
10040,982,Ga,0,0,2,1,2,3,3,0,2,0,4
10041,983,H|Pd,1,0,2,3,4,2,4,1,2,0,1
10042,984,Cd,1,0,0,0,3,2,4,2,4,4,0
10043,984,Cd,1,0,0,0,3,2,2,0,1,2,4
10044,984,Cd,1,0,0,0,3,2,2,2,0,4,2
10045,984,Cd,1,0,0,0,3,2,3,3,0,3,2
10046,985,C|La,2,2,1,2,2,4,1,1,2,1,1
10047,986,C|Y,2,2,0,0,3,2,2,3,4,2,3
10048,987,B|C|Y,2,2,1,3,3,3,0,1,2,4,1
10049,985,C|La,2,2,1,2,2,4,3,2,2,4,0
10050,2,Cu|La|O|Sr,1,2,3,2,2,0,3,4,1,2,0
10051,2,Cu|La|O|Sr,1,2,3,2,2,0,3,2,4,2,2
10052,2,Cu|La|O|Sr,1,2,3,2,2,0,3,4,4,0,1
10053,2,Cu|La|O|Sr,1,2,3,2,2,0,1,0,1,2,2
10054,26,Cu|La|O|Sr|Zn,4,4,3,4,1,2,1,1,4,0,1
10055,26,Cu|La|O|Sr|Zn,4,4,3,4,1,2,3,2,2,0,0
10056,26,Cu|La|O|Sr|Zn,4,4,3,4,1,2,0,3,4,3,1
10057,26,Cu|La|O|Sr|Zn,4,4,3,4,1,2,3,1,1,4,2
10058,49,Bi|Ca|Cu|O|Sr,2,0,2,4,3,0,4,4,4,0,0
10059,83,Bi|Ca|Cu|O|Sr|Y,4,3,2,2,1,2,2,4,0,0,0
10060,83,Bi|Ca|Cu|O|Sr|Y,4,3,2,2,1,2,0,1,1,3,1
10061,83,Bi|Ca|Cu|O|Sr|Y,4,3,2,2,1,2,0,4,3,1,0
10062,83,Bi|Ca|Cu|O|Sr|Y,4,3,2,2,1,2,1,0,4,2,0
10063,83,Bi|Ca|Cu|O|Sr|Y,4,3,2,2,1,2,3,4,1,3,2
10064,988,B|Mg,0,0,1,4,3,2,1,0,2,0,0
10065,989,B|C|Mg,0,0,4,4,2,0,0,1,2,0,4
10066,989,B|C|Mg,0,0,4,4,2,0,0,4,4,4,1
10067,989,B|C|Mg,0,0,4,4,2,0,3,2,1,1,0
10068,988,B|Mg,0,0,1,4,3,2,3,1,3,2,3
10069,762,O|Os|Rb,1,1,4,0,3,1,0,0,2,3,1
10070,990,B|Li|Pd,4,4,0,1,0,2,0,4,2,1,3
10071,991,B|Li|Pt,0,1,3,2,0,0,4,1,2,3,2
10072,992,Ba|Si,3,3,2,4,4,1,2,4,1,4,3
10073,8,Ba|Cu|O|Y,0,1,2,1,3,1,3,2,1,0,1
10074,988,B|Mg,0,0,1,4,3,2,1,3,1,2,2
10075,993,C|Na,3,1,1,1,1,0,1,2,4,0,3
10076,993,C|Na,3,1,1,1,1,0,3,3,0,2,2
10077,690,Cu|Gd|O|Ru|Sr,0,2,4,2,4,2,1,0,2,2,2
10078,968,Ag|O|Pb,0,3,0,3,4,0,3,4,0,0,4
10079,994,Ag|N|O,2,3,0,0,4,3,0,3,1,1,0
10080,995,Ag|F|O,4,1,2,4,2,3,1,1,0,3,3
10081,996,Ag|B|F|O,1,2,0,1,4,3,3,4,1,3,4
10082,997,Sb|Yb,3,1,2,1,0,1,3,4,4,1,4
10083,240,C|K,4,2,4,0,0,4,2,3,4,2,2
10084,998,Si|Ta,0,1,4,2,4,2,2,0,0,4,2
10085,999,Pr|Ru|Sb,2,0,4,3,2,1,2,0,4,0,1
10086,1000,Nb|Se,0,2,1,4,0,2,4,4,3,4,0
10087,783,K|O|Os,3,1,1,2,3,3,2,1,3,2,1
10088,1001,Ce|Rh|Si,0,2,1,4,2,3,4,4,3,2,4
10089,759,Ce|Co|In,3,3,3,2,1,0,2,2,2,1,4
10090,1002,Ce|Pt|Si,0,0,1,0,3,1,1,0,0,0,1
10091,992,Ba|Si,3,3,2,4,4,1,4,3,4,4,1
10092,1003,Ce|In|Rh,1,0,3,1,4,1,2,3,0,3,1
10093,1004,Ce|Ge|Ni,1,4,1,1,2,4,3,2,1,2,4
10094,986,C|Y,2,2,0,0,3,2,1,4,3,0,3
10095,1005,La|P|Rh,1,0,3,3,3,2,1,2,3,2,1
10096,1006,Te|Zr,0,4,2,1,3,3,4,4,0,0,1
10097,1007,Ce|Cu|Si,1,4,3,3,1,1,4,4,0,2,3
10098,1007,Ce|Cu|Si,1,4,3,3,1,1,2,4,0,1,0
10099,1008,P|Ru|Y,4,2,0,1,0,3,4,3,1,0,2
10100,1009,Ca|Cu|Hg|O|Pr|Sr,3,1,1,4,1,4,4,0,0,4,2
10101,1009,Ca|Cu|Hg|O|Pr|Sr,3,1,1,4,1,4,0,2,4,4,0
10102,1009,Ca|Cu|Hg|O|Pr|Sr,3,1,1,4,1,4,4,0,0,3,0
10103,1010,Bi|Ca|Cu|Hg|Nd|O|Sr,3,2,0,4,4,2,0,1,1,4,4
10104,357,Bi|Ca|Cu|Hg|O|Sr|Y,3,1,4,3,1,0,2,4,0,1,4
10105,507,Bi|Ca|Cu|Hg|O|Pr|Sr,4,1,2,4,1,2,3,3,4,4,4
10106,565,Ca|Cu|Hg|O|Sr|Ti|Y,2,0,4,1,2,1,2,1,0,1,2
10107,1011,Cu|Hg|O|Pr|Sr,4,4,1,1,1,1,4,0,1,0,1
10108,1011,Cu|Hg|O|Pr|Sr,4,4,1,1,1,1,3,2,3,2,0
10109,1012,Ba|Ge,0,2,0,0,3,1,2,0,3,1,4
10110,1013,Ge|La|Pd,2,0,2,4,2,3,4,2,1,2,3
10111,1014,Zn|Zr,3,1,3,2,0,2,4,3,0,2,4
10112,988,B|Mg,0,0,1,4,3,2,4,4,2,2,0
10113,1015,B|Zr,0,0,1,2,2,2,0,3,3,2,2
10114,422,Ca|Cl|Cu|Na|O,1,0,1,2,0,1,0,4,3,4,0
10115,1004,Ce|Ge|Ni,1,4,1,1,2,4,2,1,3,4,0
10116,47,Ba|Ca|Cu|O|Tl,3,2,1,1,4,1,2,3,4,2,2
10117,1016,Ba|Ca|Cu|Mg|O|Tl,3,3,0,4,3,0,2,2,4,3,1
10118,1016,Ba|Ca|Cu|Mg|O|Tl,3,3,0,4,3,0,1,3,0,3,0
10119,1016,Ba|Ca|Cu|Mg|O|Tl,3,3,0,4,3,0,3,4,1,0,0
10120,1017,Ba|Ca|Cu|O|Pr|Tl,1,1,2,2,3,1,2,3,3,1,4
10121,1017,Ba|Ca|Cu|O|Pr|Tl,1,1,2,2,3,1,2,1,3,2,1
10122,1017,Ba|Ca|Cu|O|Pr|Tl,1,1,2,2,3,1,4,2,4,0,3
10123,1018,B|Cu|Mg,2,2,4,2,3,2,3,3,3,0,3
10124,1018,B|Cu|Mg,2,2,4,2,3,2,1,2,2,4,4
10125,953,Ca|Cl|Cu|O,4,0,3,1,2,1,3,0,3,1,0
10126,953,Ca|Cl|Cu|O,4,0,3,1,2,1,2,4,1,2,4
10127,953,Ca|Cl|Cu|O,4,0,3,1,2,1,3,2,2,2,4
10128,953,Ca|Cl|Cu|O,4,0,3,1,2,1,4,0,0,1,1
10129,218,Li|O|Ti,0,0,0,0,3,0,1,1,4,0,0
10130,1019,C,3,3,4,3,4,0,4,3,4,2,4
10131,1019,C,3,3,4,3,4,0,1,0,0,1,3
10132,1019,C,3,3,4,3,4,0,3,0,1,0,2
10133,989,B|C|Mg,0,0,4,4,2,0,1,1,0,4,4
10134,989,B|C|Mg,0,0,4,4,2,0,2,2,3,3,3
10135,989,B|C|Mg,0,0,4,4,2,0,4,3,2,4,4
10136,989,B|C|Mg,0,0,4,4,2,0,3,2,2,0,0
10137,1020,Ca|Co|Cu|Ga|O|Sr|Tm,4,4,1,3,0,1,3,2,1,0,2
10138,1020,Ca|Co|Cu|Ga|O|Sr|Tm,4,4,1,3,0,1,2,1,2,2,1
10139,1020,Ca|Co|Cu|Ga|O|Sr|Tm,4,4,1,3,0,1,0,2,3,0,1
10140,1021,B|C|Lu|Ni,0,0,0,1,3,1,3,0,4,2,3
10141,1021,B|C|Lu|Ni,0,0,0,1,3,1,3,3,0,1,0
10142,1021,B|C|Lu|Ni,0,0,0,1,3,1,4,3,0,1,3
10143,1021,B|C|Lu|Ni,0,0,0,1,3,1,0,1,1,2,3
10144,1021,B|C|Lu|Ni,0,0,0,1,3,1,3,1,0,2,3
10145,1021,B|C|Lu|Ni,0,0,0,1,3,1,1,1,1,1,4
10146,1021,B|C|Lu|Ni,0,0,0,1,3,1,4,3,0,0,3
10147,1021,B|C|Lu|Ni,0,0,0,1,3,1,3,4,2,1,4
10148,990,B|Li|Pd,4,4,0,1,0,2,3,0,2,1,3
10149,1022,B|Li|Ni|Pd,2,4,4,0,3,0,3,2,2,4,1
10150,1022,B|Li|Ni|Pd,2,4,4,0,3,0,4,2,2,1,4
10151,1022,B|Li|Ni|Pd,2,4,4,0,3,0,4,4,3,3,4
10152,1022,B|Li|Ni|Pd,2,4,4,0,3,0,2,3,2,1,4
10153,218,Li|O|Ti,0,0,0,0,3,0,0,0,3,2,1
10154,218,Li|O|Ti,0,0,0,0,3,0,0,4,0,0,1
10155,218,Li|O|Ti,0,0,0,0,3,0,1,1,3,2,4
10156,218,Li|O|Ti,0,0,0,0,3,0,0,2,4,2,4
10157,218,Li|O|Ti,0,0,0,0,3,0,0,0,0,2,3
10158,763,Co|H|Na|O,1,4,2,2,1,4,0,1,0,2,4
10159,763,Co|H|Na|O,1,4,2,2,1,4,4,0,1,3,1
10160,763,Co|H|Na|O,1,4,2,2,1,4,0,4,3,0,3
10161,763,Co|H|Na|O,1,4,2,2,1,4,4,0,4,4,4
10162,763,Co|H|Na|O,1,4,2,2,1,4,0,4,3,1,2
10163,763,Co|H|Na|O,1,4,2,2,1,4,3,0,1,3,4
10164,1023,Zr,2,0,3,2,4,2,2,4,3,3,2
10165,1024,Re,4,3,3,4,4,4,4,4,0,1,0
10166,1025,Zn,4,1,4,1,3,4,3,4,0,4,0
10167,1026,Ru,0,3,0,2,1,4,4,4,2,2,1
10168,1027,Os,4,1,2,2,1,3,4,2,4,0,0
10169,975,Pb,3,4,1,2,3,1,3,3,4,3,2
10170,975,Pb,3,4,1,2,3,1,0,1,1,2,4
10171,963,Ce|Cu|Hg|O|Sm|Sr|W,4,1,4,3,2,3,2,1,1,3,3
10172,964,Ce|Cu|Eu|Hg|O|Sr|W,2,1,4,1,4,1,3,0,2,0,0
10173,738,Ce|Cu|Gd|Hg|O|Sr|W,4,4,4,1,4,0,4,2,1,4,1
10174,965,Ce|Cu|Dy|Hg|O|Sr|W,3,0,0,4,2,1,3,4,4,2,3
10175,966,Ce|Cu|Hg|Ho|O|Sr|W,2,1,3,0,0,2,3,1,0,1,0
10176,967,Ce|Cu|Er|Hg|O|Sr|W,1,4,4,3,0,2,1,0,0,0,0
10177,962,Ce|Cu|Gd|Hg|O|Re|Sr,0,1,3,4,2,1,0,4,1,3,4
10178,962,Ce|Cu|Gd|Hg|O|Re|Sr,0,1,3,4,2,1,1,1,4,1,3
10179,1028,C|I|Y,4,4,0,1,1,1,4,2,2,1,0
10180,1029,Br|C|Y,3,2,3,4,3,1,4,1,2,3,3
10181,1030,Br|C|I|Y,4,2,0,4,3,4,2,2,1,4,0
10182,1030,Br|C|I|Y,4,2,0,4,3,4,1,1,0,1,2
10183,1028,C|I|Y,4,4,0,1,1,1,2,2,1,1,2
10184,1031,Br|C|La,0,3,4,0,0,1,4,2,0,0,3
10185,294,Ba|Ce|Cu|Eu|O,3,2,2,1,3,3,3,2,1,1,0
10186,294,Ba|Ce|Cu|Eu|O,3,2,2,1,3,3,1,0,4,4,0
10187,294,Ba|Ce|Cu|Eu|O,3,2,2,1,3,3,2,3,4,4,4
10188,1032,Ca|Cu|O|Sr|V,1,0,1,3,0,3,0,0,4,4,4
10189,1032,Ca|Cu|O|Sr|V,1,0,1,3,0,3,2,1,4,4,4
10190,1032,Ca|Cu|O|Sr|V,1,0,1,3,0,3,1,3,0,2,3
10191,1032,Ca|Cu|O|Sr|V,1,0,1,3,0,3,0,3,0,1,2
10192,1032,Ca|Cu|O|Sr|V,1,0,1,3,0,3,3,1,1,3,2
10193,268,Cu|Mo|O|Sr|Y,4,2,1,1,2,0,2,1,3,3,1
10194,642,Ce|Cu|Mo|O|Sr|Y,3,2,2,1,2,3,4,1,1,1,0
10195,2,Cu|La|O|Sr,1,2,3,2,2,0,3,4,0,4,0
10196,2,Cu|La|O|Sr,1,2,3,2,2,0,1,3,3,0,1
10197,8,Ba|Cu|O|Y,0,1,2,1,3,1,1,4,2,0,2
10198,8,Ba|Cu|O|Y,0,1,2,1,3,1,1,0,2,2,2
10199,102,Ba|Cu|O|Pr|Y,4,2,0,0,3,0,0,1,2,2,1
10200,102,Ba|Cu|O|Pr|Y,4,2,0,0,3,0,4,0,0,1,1
10201,102,Ba|Cu|O|Pr|Y,4,2,0,0,3,0,1,4,1,3,1
10202,102,Ba|Cu|O|Pr|Y,4,2,0,0,3,0,1,1,1,2,1
10203,102,Ba|Cu|O|Pr|Y,4,2,0,0,3,0,3,3,3,3,4
10204,57,Ba|Cu|La|O|Y,4,0,3,4,0,1,1,1,3,3,1
10205,57,Ba|Cu|La|O|Y,4,0,3,4,0,1,3,0,2,1,2
10206,102,Ba|Cu|O|Pr|Y,4,2,0,0,3,0,0,0,4,0,4
10207,631,Ba|Ca|Cu|Hg|O|Re,2,3,2,0,1,2,0,2,2,0,3
10208,631,Ba|Ca|Cu|Hg|O|Re,2,3,2,0,1,2,2,1,2,4,2
10209,631,Ba|Ca|Cu|Hg|O|Re,2,3,2,0,1,2,2,3,0,4,1
10210,1033,Ca|Cu|Si,3,4,4,4,4,1,2,1,1,4,0
10211,1033,Ca|Cu|Si,3,4,4,4,4,1,1,0,0,4,4
10212,1033,Ca|Cu|Si,3,4,4,4,4,1,3,1,4,0,1
10213,1033,Ca|Cu|Si,3,4,4,4,4,1,4,0,0,1,1
10214,1033,Ca|Cu|Si,3,4,4,4,4,1,2,4,3,0,1
10215,1034,Os|Pr|Sb,2,3,2,3,3,4,4,1,0,3,2
10216,1035,La|Os|Pr|Sb,1,3,2,3,0,0,4,0,4,4,3
10217,1035,La|Os|Pr|Sb,1,3,2,3,0,0,2,2,4,0,0
10218,1035,La|Os|Pr|Sb,1,3,2,3,0,0,3,3,4,4,4
10219,1035,La|Os|Pr|Sb,1,3,2,3,0,0,3,2,2,4,2
10220,1035,La|Os|Pr|Sb,1,3,2,3,0,0,1,0,2,2,3
10221,1035,La|Os|Pr|Sb,1,3,2,3,0,0,2,4,0,1,3
10222,1035,La|Os|Pr|Sb,1,3,2,3,0,0,1,2,2,1,2
10223,1035,La|Os|Pr|Sb,1,3,2,3,0,0,1,0,1,3,2
10224,1036,La|Os|Sb,2,2,0,0,0,2,2,1,0,4,4
10225,694,Ce|Cu|Eu|O|Ru|Sr,4,4,3,2,3,1,0,4,4,0,3
10226,1037,Ce|Cu|Eu|Mo|O|Ru|Sr,0,1,2,3,1,2,4,4,4,4,2
10227,1037,Ce|Cu|Eu|Mo|O|Ru|Sr,0,1,2,3,1,2,0,0,3,4,3
10228,1037,Ce|Cu|Eu|Mo|O|Ru|Sr,0,1,2,3,1,2,0,2,1,2,1
10229,1038,B|Y,4,1,0,2,1,4,2,1,2,3,4
10230,1007,Ce|Cu|Si,1,4,3,3,1,1,3,2,0,3,2
10231,1039,Ir|Sc|Si,3,2,0,3,4,0,0,2,1,2,0
10232,1040,Dy|Ir|Sc|Si,1,4,0,2,1,1,3,2,3,2,2
10233,1040,Dy|Ir|Sc|Si,1,4,0,2,1,1,3,4,3,0,3
10234,1040,Dy|Ir|Sc|Si,1,4,0,2,1,1,1,2,3,0,3
10235,1041,Dy|Ge|Os|Y,1,1,0,1,0,1,0,0,4,2,2
10236,1041,Dy|Ge|Os|Y,1,1,0,1,0,1,3,2,4,3,1
10237,1041,Dy|Ge|Os|Y,1,1,0,1,0,1,4,2,0,4,4
10238,1041,Dy|Ge|Os|Y,1,1,0,1,0,1,4,4,2,0,4
10239,1041,Dy|Ge|Os|Y,1,1,0,1,0,1,4,1,4,0,0
10240,1042,Ge|Os|Y,0,0,4,3,0,1,3,0,0,1,3
10241,1043,Bi|K,4,0,0,2,1,1,1,2,1,1,1
10242,1044,Bi|Ca,1,0,1,2,1,0,4,4,2,2,3
10243,1045,Ba|Bi,3,2,1,4,4,1,1,2,0,1,4
10244,1046,Bi|Rh,2,4,4,1,1,0,4,0,0,3,1
10245,1046,Bi|Rh,2,4,4,1,1,0,2,1,3,3,3
10246,1047,Bi|Ni,0,1,1,4,1,4,4,0,1,2,1
10247,1048,N|Zr,1,4,3,2,0,1,2,4,2,1,0
10248,1049,N|V,2,1,4,4,2,1,3,3,1,3,4
10249,1050,C|Mo,0,2,0,1,2,4,4,4,2,3,0
10250,1051,C|W,4,1,1,2,1,4,0,2,1,2,3
10251,1052,B|Mo,2,1,4,4,1,3,3,2,1,0,1
10252,1053,Mo|N,0,4,2,3,2,4,0,2,0,1,3
10253,1053,Mo|N,0,4,2,3,2,4,4,2,4,4,2
10254,1053,Mo|N,0,4,2,3,2,4,2,2,0,0,4
10255,1053,Mo|N,0,4,2,3,2,4,3,1,0,0,2
10256,1054,S|Sr|Ta,2,2,2,2,2,4,0,2,3,3,2
10257,1055,Mo|S|Sr,0,1,3,2,1,0,0,0,4,0,1
10258,1056,S|Sr|W,1,1,3,1,3,0,4,0,1,1,0
10259,1057,Ca|Mo|S,4,3,3,4,1,2,1,3,4,0,0
10260,1058,Ba|Mo|S,2,2,2,2,4,2,2,2,1,4,2
10261,1059,Mo|S|Yb,2,1,2,3,1,1,3,3,0,2,1
10262,1060,Mo|Se|Sr,3,3,1,3,2,3,1,1,4,3,0
10263,1061,Se|Sr|W,4,1,4,0,0,0,2,2,4,4,4
10264,1062,Pb|S|Ta,4,2,4,2,4,3,4,1,0,0,0
10265,1063,S|Sb|Ta,0,1,4,0,2,4,2,4,2,1,1
10266,1064,Bi|S|Ta,3,3,1,4,4,3,4,0,1,4,0
10267,1065,Na|S|Sn|Ta,3,0,0,0,0,1,2,2,2,2,2
10268,1066,Na|Pb|S|Ta,2,3,2,2,2,3,0,3,2,2,1
10269,1067,Na|S|Sb|Ta,4,2,4,2,2,2,3,3,3,2,0
10270,1068,Ge,4,0,1,2,3,1,3,2,0,2,2
10271,1069,Si,3,2,2,0,0,2,3,3,1,0,3
10272,1070,Ce|Cu|Ge,2,1,0,4,1,4,0,1,1,2,1
10273,1007,Ce|Cu|Si,1,4,3,3,1,1,1,4,2,1,4
10274,1019,C,3,3,4,3,4,0,4,1,1,1,0
10275,422,Ca|Cl|Cu|Na|O,1,0,1,2,0,1,4,1,0,0,1
10276,422,Ca|Cl|Cu|Na|O,1,0,1,2,0,1,4,3,1,2,4
10277,422,Ca|Cl|Cu|Na|O,1,0,1,2,0,1,4,1,2,0,3
10278,1071,Cl|N|Zr,1,4,1,4,3,2,1,0,2,1,1
10279,764,Ce|Cu|La|O|Pr,0,0,1,4,1,3,1,4,0,2,0
10280,764,Ce|Cu|La|O|Pr,0,0,1,4,1,3,0,4,4,2,3
10281,1072,Fe|La|P,2,3,4,1,0,3,3,2,4,1,3
10282,1073,C|Mg|Ni,1,2,0,4,2,4,0,2,3,3,2
10283,1074,C|Mg|Ni|Ru,4,1,0,2,2,2,2,0,1,0,0
10284,1074,C|Mg|Ni|Ru,4,1,0,2,2,2,1,2,4,3,2
10285,1074,C|Mg|Ni|Ru,4,1,0,2,2,2,2,2,0,3,0
10286,1074,C|Mg|Ni|Ru,4,1,0,2,2,2,1,2,4,3,3
10287,1074,C|Mg|Ni|Ru,4,1,0,2,2,2,1,2,4,1,3
10288,1074,C|Mg|Ni|Ru,4,1,0,2,2,2,3,4,3,3,3
10289,1074,C|Mg|Ni|Ru,4,1,0,2,2,2,3,1,1,1,1
10290,1075,C|Fe|Mg|Ni,4,3,4,2,0,3,0,3,3,1,2
10291,1075,C|Fe|Mg|Ni,4,3,4,2,0,3,3,4,3,2,3
10292,1075,C|Fe|Mg|Ni,4,3,4,2,0,3,3,0,3,2,1
10293,1075,C|Fe|Mg|Ni,4,3,4,2,0,3,1,0,2,3,4
10294,1075,C|Fe|Mg|Ni,4,3,4,2,0,3,3,0,3,4,4
10295,1075,C|Fe|Mg|Ni,4,3,4,2,0,3,2,1,4,2,4
10296,1075,C|Fe|Mg|Ni,4,3,4,2,0,3,0,1,2,0,0
10297,1075,C|Fe|Mg|Ni,4,3,4,2,0,3,2,4,1,2,1
10298,988,B|Mg,0,0,1,4,3,2,2,2,2,4,3
10299,1076,B|Mg|Pb,3,2,4,2,4,2,2,2,4,3,3
10300,1076,B|Mg|Pb,3,2,4,2,4,2,3,1,3,1,1
10301,1076,B|Mg|Pb,3,2,4,2,4,2,4,4,4,0,2
10302,1076,B|Mg|Pb,3,2,4,2,4,2,2,3,2,4,4
10303,22,Cu|La|Mn|O|Sr,4,0,3,2,0,4,3,1,3,0,3
10304,1077,Ca|Co|Cu|O|Pb|Sr|Tl,0,0,0,1,4,3,0,4,0,0,0
10305,1077,Ca|Co|Cu|O|Pb|Sr|Tl,0,0,0,1,4,3,4,4,3,4,0
10306,1078,Ca|Cu|Ni|O|Pb|Sr|Tl,4,1,0,0,4,4,1,3,2,4,0
10307,1078,Ca|Cu|Ni|O|Pb|Sr|Tl,4,1,0,0,4,4,3,2,2,1,2
10308,1079,Ca|Cu|O|Pb|Sr|Tl|Zn,3,1,3,2,2,3,3,2,1,1,2
10309,1079,Ca|Cu|O|Pb|Sr|Tl|Zn,3,1,3,2,2,3,0,3,4,3,1
10310,1072,Fe|La|P,2,3,4,1,0,3,1,0,0,4,1
10311,1080,Nb|S|Sn,3,3,0,0,4,4,1,3,0,3,2
10312,1081,Nb|Pb|S,4,1,1,2,0,1,1,2,0,3,1
10313,1082,S|Sn|Ta,2,2,3,2,1,4,1,0,3,3,1
10314,1062,Pb|S|Ta,4,2,4,2,4,3,3,2,3,2,0
10315,1064,Bi|S|Ta,3,3,1,4,4,3,0,0,0,3,1
10316,949,Ba|Ca|Cu|La|O|P,4,2,4,2,1,3,1,4,2,4,1
10317,949,Ba|Ca|Cu|La|O|P,4,2,4,2,1,3,3,4,1,0,1
10318,949,Ba|Ca|Cu|La|O|P,4,2,4,2,1,3,2,0,1,1,1
10319,392,B|Ba|Ca|Cu|O|Sr|Y,2,1,3,4,0,1,2,3,3,3,1
10320,392,B|Ba|Ca|Cu|O|Sr|Y,2,1,3,4,0,1,0,1,4,4,3
10321,392,B|Ba|Ca|Cu|O|Sr|Y,2,1,3,4,0,1,0,4,4,1,0
10322,392,B|Ba|Ca|Cu|O|Sr|Y,2,1,3,4,0,1,3,3,2,1,1
10323,392,B|Ba|Ca|Cu|O|Sr|Y,2,1,3,4,0,1,2,4,2,0,4
10324,5,Ca|Cu|La|O,0,2,3,4,0,3,0,2,1,0,1
10325,989,B|C|Mg,0,0,4,4,2,0,0,1,1,4,1
10326,989,B|C|Mg,0,0,4,4,2,0,2,0,2,0,1
10327,989,B|C|Mg,0,0,4,4,2,0,4,2,0,0,1
10328,989,B|C|Mg,0,0,4,4,2,0,3,3,2,4,1
10329,1083,Al|B|Mg,4,1,2,1,0,4,0,1,3,3,1
10330,1083,Al|B|Mg,4,1,2,1,0,4,0,2,2,1,1
10331,1083,Al|B|Mg,4,1,2,1,0,4,0,2,0,1,2
10332,1083,Al|B|Mg,4,1,2,1,0,4,2,1,1,4,1
10333,1084,Sn|Yb,4,1,2,3,4,3,1,4,2,0,0
10334,1085,Bi|La|Rh,0,4,3,4,2,3,4,4,1,2,1
10335,642,Ce|Cu|Mo|O|Sr|Y,3,2,2,1,2,3,2,4,3,3,3
10336,642,Ce|Cu|Mo|O|Sr|Y,3,2,2,1,2,3,0,4,4,3,0
10337,642,Ce|Cu|Mo|O|Sr|Y,3,2,2,1,2,3,3,4,1,3,3
10338,642,Ce|Cu|Mo|O|Sr|Y,3,2,2,1,2,3,2,0,1,1,0
10339,640,Ce|Cu|O|Sr|W|Y,1,4,2,3,0,1,1,2,4,1,3
10340,641,Ce|Cu|O|Re|Sr|Y,3,0,3,3,4,2,0,3,4,2,3
10341,764,Ce|Cu|La|O|Pr,0,0,1,4,1,3,0,1,2,0,3
10342,284,Ba|Ca|Cu|Eu|O,4,3,3,1,2,2,3,3,2,1,0
10343,284,Ba|Ca|Cu|Eu|O,4,3,3,1,2,2,4,2,3,2,4
10344,284,Ba|Ca|Cu|Eu|O,4,3,3,1,2,2,1,1,1,1,3
10345,13,Ba|Cu|Gd|O,2,1,0,3,4,0,4,2,4,4,4
10346,285,Ba|Ca|Cu|Gd|O,3,1,1,2,1,0,2,4,0,4,4
10347,285,Ba|Ca|Cu|Gd|O,3,1,1,2,1,0,0,4,3,4,2
10348,285,Ba|Ca|Cu|Gd|O,3,1,1,2,1,0,4,3,3,4,2
10349,9,Ba|Cu|Er|O,2,0,3,4,4,4,1,0,4,1,1
10350,291,Ba|Ca|Cu|Er|O,2,4,0,1,4,4,4,0,0,4,3
10351,291,Ba|Ca|Cu|Er|O,2,4,0,1,4,4,1,2,1,3,2
10352,291,Ba|Ca|Cu|Er|O,2,4,0,1,4,4,4,4,2,1,3
10353,1086,Ba|Be|Ca|Cu|O|Tl,4,1,3,3,4,3,2,2,1,2,2
10354,1086,Ba|Be|Ca|Cu|O|Tl,4,1,3,3,4,3,2,0,4,4,4
10355,1086,Ba|Be|Ca|Cu|O|Tl,4,1,3,3,4,3,3,1,1,2,3
10356,1086,Ba|Be|Ca|Cu|O|Tl,4,1,3,3,4,3,2,1,2,2,4
10357,118,Ce|Cu|O|Pr,3,0,4,2,3,3,2,3,1,0,4
10358,1087,Ce|Cu|O|Pr|V,3,1,1,0,2,1,3,3,4,4,0
10359,1087,Ce|Cu|O|Pr|V,3,1,1,0,2,1,2,0,0,3,0
10360,1087,Ce|Cu|O|Pr|V,3,1,1,0,2,1,0,3,0,0,3
10361,1087,Ce|Cu|O|Pr|V,3,1,1,0,2,1,2,1,1,2,4
10362,1087,Ce|Cu|O|Pr|V,3,1,1,0,2,1,3,3,1,3,4
10363,559,Ce|Cu|Ni|O|Pr,4,0,1,1,2,1,3,4,3,4,3
10364,1088,Ce|Cu|Ge|Si,0,2,4,2,1,4,2,0,2,3,3
10365,62,Ba|Ca|Cu|La|O,1,3,2,0,1,3,3,1,3,4,1
10366,347,Ba|Ca|Cd|Cu|La|O,3,2,2,0,0,1,2,2,3,2,1
10367,347,Ba|Ca|Cd|Cu|La|O,3,2,2,0,0,1,0,4,1,2,1
10368,347,Ba|Ca|Cd|Cu|La|O,3,2,2,0,0,1,4,3,1,1,3
10369,347,Ba|Ca|Cd|Cu|La|O,3,2,2,0,0,1,0,3,0,4,0
10370,347,Ba|Ca|Cd|Cu|La|O,3,2,2,0,0,1,1,0,4,4,4
10371,347,Ba|Ca|Cd|Cu|La|O,3,2,2,0,0,1,2,1,3,1,0
10372,347,Ba|Ca|Cd|Cu|La|O,3,2,2,0,0,1,0,0,4,0,2
10373,334,Ba|Cu|Nd|O|Sr,3,4,4,0,0,3,3,1,0,2,2
10374,334,Ba|Cu|Nd|O|Sr,3,4,4,0,0,3,0,0,3,3,3
10375,334,Ba|Cu|Nd|O|Sr,3,4,4,0,0,3,2,3,0,4,1
10376,334,Ba|Cu|Nd|O|Sr,3,4,4,0,0,3,4,3,0,1,2
10377,334,Ba|Cu|Nd|O|Sr,3,4,4,0,0,3,0,1,1,3,2
10378,938,Ce|Cu|La|O,2,0,3,4,1,4,3,1,3,2,0
10379,938,Ce|Cu|La|O,2,0,3,4,1,4,3,4,0,1,1
10380,938,Ce|Cu|La|O,2,0,3,4,1,4,3,3,2,3,1
10381,938,Ce|Cu|La|O,2,0,3,4,1,4,3,4,3,3,1
10382,118,Ce|Cu|O|Pr,3,0,4,2,3,3,3,1,2,4,0
10383,118,Ce|Cu|O|Pr,3,0,4,2,3,3,4,4,4,0,4
10384,118,Ce|Cu|O|Pr,3,0,4,2,3,3,0,3,4,4,2
10385,1002,Ce|Pt|Si,0,0,1,0,3,1,1,0,0,2,2
10386,1002,Ce|Pt|Si,0,0,1,0,3,1,3,2,2,0,0
10387,1002,Ce|Pt|Si,0,0,1,0,3,1,4,2,0,0,1
10388,1004,Ce|Ge|Ni,1,4,1,1,2,4,2,1,1,0,4
10389,1089,Ce|Pd|Si,4,3,1,0,0,2,4,3,4,0,2
10390,1004,Ce|Ge|Ni,1,4,1,1,2,4,1,2,0,3,2
10391,1090,Ce|Ir|Si,1,4,3,2,3,1,1,4,3,2,0
10392,1004,Ce|Ge|Ni,1,4,1,1,2,4,1,4,1,4,4
10393,449,C|Yb,3,4,3,4,3,0,1,2,4,2,4
10394,1015,B|Zr,0,0,1,2,2,2,2,1,2,1,2
10395,1091,Y,1,2,2,3,2,0,3,1,0,3,3
10396,1092,Mo|Se,4,3,3,0,1,4,4,4,1,1,3
10397,1093,Hf|V,2,0,2,4,1,3,0,4,1,3,4
10398,1094,H|Hf|V,0,1,2,3,2,1,4,0,2,4,2
10399,1094,H|Hf|V,0,1,2,3,2,1,3,4,1,1,3
10400,1094,H|Hf|V,0,1,2,3,2,1,4,4,0,2,2
10401,1094,H|Hf|V,0,1,2,3,2,1,1,0,2,0,1
10402,983,H|Pd,1,0,2,3,4,2,3,1,2,2,2
10403,1095,V|Zr,4,1,4,1,2,4,3,4,2,4,0
10404,1096,Fe|V|Zr,0,2,4,3,2,2,2,4,0,2,3
10405,1096,Fe|V|Zr,0,2,4,3,2,2,3,1,3,2,0
10406,1093,Hf|V,2,0,2,4,1,3,1,1,2,1,3
10407,1097,Fe|Hf|V,0,2,2,0,0,4,3,2,4,3,2
10408,1097,Fe|Hf|V,0,2,2,0,0,4,3,1,1,3,0
10409,1095,V|Zr,4,1,4,1,2,4,2,2,3,0,4
10410,1098,Hf|V|Zr,2,0,1,2,2,0,0,0,1,1,3
10411,1098,Hf|V|Zr,2,0,1,2,2,0,0,3,3,2,2
10412,1098,Hf|V|Zr,2,0,1,2,2,0,2,1,2,3,1
10413,1098,Hf|V|Zr,2,0,1,2,2,0,4,0,3,0,2
10414,1098,Hf|V|Zr,2,0,1,2,2,0,1,0,4,2,2
10415,1093,Hf|V,2,0,2,4,1,3,2,1,3,0,3
10416,1099,Cu|H|Pd,0,1,4,4,1,1,0,4,0,4,0
10417,1100,Ag|H|Pd,2,1,0,4,3,0,4,3,3,0,2
10418,1101,Au|H|Pd,3,0,3,0,3,1,2,2,4,1,1
10419,1102,C|Ca,3,3,2,0,2,4,4,1,0,2,2
10420,1103,Ce|In|Ir|Rh,0,1,0,3,4,4,1,1,2,4,3
10421,1103,Ce|In|Ir|Rh,0,1,0,3,4,4,2,0,1,1,1
10422,1103,Ce|In|Ir|Rh,0,1,0,3,4,4,1,4,0,0,4
10423,1103,Ce|In|Ir|Rh,0,1,0,3,4,4,0,4,4,1,1
10424,758,Ce|In|Ir,1,1,2,1,3,2,3,0,4,4,1
10425,1004,Ce|Ge|Ni,1,4,1,1,2,4,0,3,2,0,1
10426,1004,Ce|Ge|Ni,1,4,1,1,2,4,3,0,0,2,1
10427,1104,Al|Ca|Si,0,4,0,1,2,4,2,4,4,0,0
10428,1102,C|Ca,3,3,2,0,2,4,1,2,3,4,1
10429,1073,C|Mg|Ni,1,2,0,4,2,4,1,0,4,3,4
10430,1105,C|Mg|Ni|Zn,2,2,0,3,0,4,4,0,1,0,4
10431,1105,C|Mg|Ni|Zn,2,2,0,3,0,4,2,4,4,3,2
10432,1105,C|Mg|Ni|Zn,2,2,0,3,0,4,2,0,0,1,1
10433,1106,C|Cd|Ni,0,1,4,0,3,0,2,3,0,2,2
10434,8,Ba|Cu|O|Y,0,1,2,1,3,1,3,0,2,3,3
10435,102,Ba|Cu|O|Pr|Y,4,2,0,0,3,0,0,2,3,1,1
10436,19,Cu|La|O|Sr|Ti,2,2,1,4,3,2,0,3,4,3,0
10437,19,Cu|La|O|Sr|Ti,2,2,1,4,3,2,4,1,3,1,3
10438,19,Cu|La|O|Sr|Ti,2,2,1,4,3,2,0,2,1,0,4
10439,19,Cu|La|O|Sr|Ti,2,2,1,4,3,2,0,1,3,2,2
10440,19,Cu|La|O|Sr|Ti,2,2,1,4,3,2,1,4,1,4,1
10441,19,Cu|La|O|Sr|Ti,2,2,1,4,3,2,3,0,1,1,2
10442,19,Cu|La|O|Sr|Ti,2,2,1,4,3,2,2,0,4,4,2
10443,928,Cu|La|O|Ru|Sr,1,4,4,0,1,3,0,3,1,0,4
10444,928,Cu|La|O|Ru|Sr,1,4,4,0,1,3,0,3,2,4,3
10445,928,Cu|La|O|Ru|Sr,1,4,4,0,1,3,3,3,3,0,0
10446,4,Ba|Ca|Cu|O|Y,3,0,0,0,2,3,3,0,1,0,0
10447,429,Ba|Ca|Cu|O|Y|Zn,1,4,1,2,3,0,2,0,4,3,4
10448,429,Ba|Ca|Cu|O|Y|Zn,1,4,1,2,3,0,2,2,1,2,4
10449,4,Ba|Ca|Cu|O|Y,3,0,0,0,2,3,0,1,1,3,2
10450,218,Li|O|Ti,0,0,0,0,3,0,0,0,4,0,3
10451,1104,Al|Ca|Si,0,4,0,1,2,4,3,1,4,0,4
10452,1104,Al|Ca|Si,0,4,0,1,2,4,1,2,4,3,0
10453,1104,Al|Ca|Si,0,4,0,1,2,4,4,2,1,1,3
10454,992,Ba|Si,3,3,2,4,4,1,3,0,0,4,2
10455,1107,Ba|Si|Sr,4,4,4,0,0,0,0,0,3,3,3
10456,1107,Ba|Si|Sr,4,4,4,0,0,0,4,4,2,3,1
10457,1107,Ba|Si|Sr,4,4,4,0,0,0,0,0,2,4,4
10458,1108,Ba|Ca|Si,1,0,2,2,4,1,1,0,3,4,1
10459,1108,Ba|Ca|Si,1,0,2,2,4,1,2,4,1,3,0
10460,1108,Ba|Ca|Si,1,0,2,2,4,1,3,0,1,4,1
10461,1109,La|P|Ru,2,1,2,4,0,0,4,4,3,1,1
10462,988,B|Mg,0,0,1,4,3,2,1,3,0,0,0
10463,1110,B|Fe|Mg,1,1,4,3,2,0,4,0,2,4,3
10464,1110,B|Fe|Mg,1,1,4,3,2,0,2,3,2,4,1
10465,1110,B|Fe|Mg,1,1,4,3,2,0,4,1,0,1,3
10466,1110,B|Fe|Mg,1,1,4,3,2,0,4,1,0,4,0
10467,988,B|Mg,0,0,1,4,3,2,2,1,4,2,0
10468,1111,Al|B|Li|Mg,1,4,4,1,1,4,0,1,0,0,3
10469,1111,Al|B|Li|Mg,1,4,4,1,1,4,0,4,2,0,0
10470,1111,Al|B|Li|Mg,1,4,4,1,1,4,1,0,2,0,4
10471,1111,Al|B|Li|Mg,1,4,4,1,1,4,2,3,0,3,4
10472,1111,Al|B|Li|Mg,1,4,4,1,1,4,1,4,2,0,1
10473,1111,Al|B|Li|Mg,1,4,4,1,1,4,4,4,0,0,3
10474,1111,Al|B|Li|Mg,1,4,4,1,1,4,2,0,1,3,1
10475,990,B|Li|Pd,4,4,0,1,0,2,4,1,1,2,0
10476,1112,B|Nb,0,4,2,4,2,0,0,2,3,3,0
10477,1112,B|Nb,0,4,2,4,2,0,3,2,2,2,3
10478,1112,B|Nb,0,4,2,4,2,0,0,0,4,0,0
10479,1112,B|Nb,0,4,2,4,2,0,4,2,3,2,2
10480,1112,B|Nb,0,4,2,4,2,0,4,2,1,4,4
10481,1112,B|Nb,0,4,2,4,2,0,3,3,1,0,4
10482,1112,B|Nb,0,4,2,4,2,0,2,2,0,2,3
10483,1112,B|Nb,0,4,2,4,2,0,4,1,0,0,3
10484,8,Ba|Cu|O|Y,0,1,2,1,3,1,4,2,4,0,2
10485,47,Ba|Ca|Cu|O|Tl,3,2,1,1,4,1,2,0,4,3,1
10486,71,Bi|Ca|Cu|O|Pb|Sr,2,0,4,1,4,1,3,3,3,3,0
10487,302,Bi|Ca|Cu|O|Pb|Sm|Sr,4,0,1,3,0,4,2,0,0,1,0
10488,302,Bi|Ca|Cu|O|Pb|Sm|Sr,4,0,1,3,0,4,1,0,1,1,0
10489,302,Bi|Ca|Cu|O|Pb|Sm|Sr,4,0,1,3,0,4,1,3,4,4,0
10490,302,Bi|Ca|Cu|O|Pb|Sm|Sr,4,0,1,3,0,4,3,2,4,0,0
10491,302,Bi|Ca|Cu|O|Pb|Sm|Sr,4,0,1,3,0,4,0,1,1,1,1
10492,302,Bi|Ca|Cu|O|Pb|Sm|Sr,4,0,1,3,0,4,3,3,4,0,2
10493,1113,C|Nb|Sn,2,4,4,3,1,0,1,1,4,0,2
10494,1113,C|Nb|Sn,2,4,4,3,1,0,3,1,3,3,4
10495,1114,C|Ta,0,0,1,1,4,2,1,4,4,1,2
10496,1115,C|Nb,3,2,2,3,0,1,4,3,4,1,3
10497,1116,C|Nb|Ta,1,2,3,1,2,1,4,0,3,0,4
10498,1114,C|Ta,0,0,1,1,4,2,3,0,1,1,4
10499,1050,C|Mo,0,2,0,1,2,4,3,1,1,1,2
10500,1117,Al|C|Mo,2,2,1,4,0,2,0,0,4,2,2
10501,1118,Fe|La|O|P,0,1,2,1,3,2,2,4,3,1,3
10502,1119,F|Fe|La|O|P,1,2,3,4,0,2,3,0,0,0,1
10503,763,Co|H|Na|O,1,4,2,2,1,4,3,1,3,3,1
10504,1019,C,3,3,4,3,4,0,2,4,0,3,3
10505,694,Ce|Cu|Eu|O|Ru|Sr,4,4,3,2,3,1,4,4,0,0,1
10506,1120,Bi|Ni|S,3,0,0,3,1,1,3,2,1,3,4
10507,1121,Bi|Ni|Se,4,3,4,3,3,2,1,4,3,0,3
10508,1122,Ba|Ca|Cu|Fe|O|Tl,0,1,2,4,1,1,2,1,1,2,2
10509,1123,Ba|Ca|Cu|F|Fe|O|Tl,4,3,2,1,1,0,4,2,4,4,3
10510,1123,Ba|Ca|Cu|F|Fe|O|Tl,4,3,2,1,1,0,1,0,3,4,1
10511,1123,Ba|Ca|Cu|F|Fe|O|Tl,4,3,2,1,1,0,3,3,1,2,1
10512,1124,Ba|Ca|Ce|Cu|Fe|O|Tl,1,3,2,0,3,2,2,0,4,2,4
10513,1125,Ba|Ca|Ce|Cu|F|Fe|O|Tl,2,3,2,0,1,0,2,4,1,0,2
10514,1126,Ba|Ca|Ce|Cu|O|Tl,0,2,0,4,2,2,4,1,4,4,0
10515,1126,Ba|Ca|Ce|Cu|O|Tl,0,2,0,4,2,2,3,2,2,1,1
10516,8,Ba|Cu|O|Y,0,1,2,1,3,1,0,3,3,0,4
10517,8,Ba|Cu|O|Y,0,1,2,1,3,1,0,0,1,0,3
10518,8,Ba|Cu|O|Y,0,1,2,1,3,1,0,1,3,1,1
10519,8,Ba|Cu|O|Y,0,1,2,1,3,1,0,4,3,4,4
10520,8,Ba|Cu|O|Y,0,1,2,1,3,1,0,1,3,3,2
10521,1103,Ce|In|Ir|Rh,0,1,0,3,4,4,3,0,1,2,0
10522,1103,Ce|In|Ir|Rh,0,1,0,3,4,4,4,0,1,1,1
10523,1103,Ce|In|Ir|Rh,0,1,0,3,4,4,0,1,4,2,0
10524,414,Li|Nb|O,3,1,1,2,0,2,3,3,3,0,4
10525,1003,Ce|In|Rh,1,0,3,1,4,1,4,2,3,2,3
10526,449,C|Yb,3,4,3,4,3,0,3,0,0,3,1
10527,1102,C|Ca,3,3,2,0,2,4,4,4,1,3,1
10528,1127,C|K|Tl,1,0,3,1,1,2,1,1,1,4,2
10529,1127,C|K|Tl,1,0,3,1,1,2,2,2,2,2,1
10530,240,C|K,4,2,4,0,0,4,4,3,0,1,1
10531,240,C|K,4,2,4,0,0,4,3,0,1,2,3
10532,1128,C|Hg|K,1,0,0,1,2,3,1,2,0,4,4
10533,1128,C|Hg|K,1,0,0,1,2,3,3,2,3,1,0
10534,1129,C|Hg|Rb,0,0,2,3,3,3,2,4,0,4,0
10535,1128,C|Hg|K,1,0,0,1,2,3,0,1,0,2,1
10536,1128,C|Hg|K,1,0,0,1,2,3,1,0,0,4,2
10537,1129,C|Hg|Rb,0,0,2,3,3,3,3,3,4,2,3
10538,1127,C|K|Tl,1,0,3,1,1,2,0,3,4,3,1
10539,1128,C|Hg|K,1,0,0,1,2,3,2,2,0,4,4
10540,1128,C|Hg|K,1,0,0,1,2,3,4,4,2,2,0
10541,1128,C|Hg|K,1,0,0,1,2,3,1,3,2,4,3
10542,1129,C|Hg|Rb,0,0,2,3,3,3,0,3,3,0,1
10543,1000,Nb|Se,0,2,1,4,0,2,1,0,3,2,3
10544,1130,S|Ta,4,4,3,1,0,3,0,3,0,1,2
10545,1131,S|Se|Ta,0,4,1,2,1,1,1,2,1,3,0
10546,1131,S|Se|Ta,0,4,1,2,1,1,2,1,4,4,1
10547,1131,S|Se|Ta,0,4,1,2,1,1,3,1,1,4,0
10548,1131,S|Se|Ta,0,4,1,2,1,1,4,0,2,4,1
10549,1131,S|Se|Ta,0,4,1,2,1,1,2,3,1,0,0
10550,1132,Se|Ta,4,3,0,3,1,2,3,1,2,4,3
10551,1128,C|Hg|K,1,0,0,1,2,3,0,1,4,2,0
10552,1133,N|S,1,4,4,2,2,1,3,1,4,0,3
10553,1134,Ce|Ru,2,4,3,0,3,3,4,0,2,4,2
10554,1135,Cr|Re,1,3,0,3,3,4,2,1,0,4,0
10555,1136,Co|Y,0,1,2,0,0,1,1,2,2,2,0
10556,1136,Co|Y,0,1,2,0,0,1,0,1,2,0,2
10557,239,C|Rb,0,3,3,1,1,3,4,1,4,1,2
10558,1137,Bi|In,1,2,4,3,3,1,3,4,3,3,2
10559,1138,Nb|S,4,1,0,4,4,4,3,4,1,2,3
10560,1139,Cu|La,2,1,2,0,2,3,3,0,4,0,3
10561,240,C|K,4,2,4,0,0,4,1,4,4,1,4
10562,1140,C|Li,2,0,1,2,3,2,4,2,1,2,3
10563,1141,Ge|Nb,3,4,1,2,1,2,0,3,0,0,0
10564,1141,Ge|Nb,3,4,1,2,1,2,0,2,2,2,4
10565,1142,Sb|Ti,3,2,0,1,2,0,4,4,4,4,2
10566,1142,Sb|Ti,3,2,0,1,2,0,3,2,4,3,1
10567,1143,Ga|V,4,3,1,2,4,1,3,2,4,0,1
10568,1143,Ga|V,4,3,1,2,4,1,0,0,4,2,0
10569,1143,Ga|V,4,3,1,2,4,1,3,1,1,3,0
10570,1143,Ga|V,4,3,1,2,4,1,1,0,2,0,2
10571,1143,Ga|V,4,3,1,2,4,1,2,0,4,1,1
10572,1143,Ga|V,4,3,1,2,4,1,2,4,2,1,1
10573,1143,Ga|V,4,3,1,2,4,1,0,1,4,1,2
10574,1143,Ga|V,4,3,1,2,4,1,0,2,0,0,4
10575,1143,Ga|V,4,3,1,2,4,1,3,0,4,1,2
10576,1144,Nb|Sn,4,4,1,2,2,3,2,3,3,0,2
10577,1144,Nb|Sn,4,4,1,2,2,3,3,1,1,0,0
10578,1144,Nb|Sn,4,4,1,2,2,3,4,4,0,4,0
10579,1145,Nb|Pt,4,2,1,1,2,3,3,2,3,2,2
10580,1145,Nb|Pt,4,2,1,1,2,3,0,3,2,4,0
10581,1146,Au|Nb,2,2,2,1,4,4,4,3,1,2,2
10582,1147,Au|Nb|Pt,4,1,1,4,3,2,4,0,4,2,0
10583,1147,Au|Nb|Pt,4,1,1,4,3,2,3,0,0,0,3
10584,1133,N|S,1,4,4,2,2,1,1,1,2,0,3
10585,1148,La|Os,1,1,3,0,3,0,3,4,3,3,0
10586,1149,Si|V,4,4,0,4,3,1,2,3,0,0,3
10587,1149,Si|V,4,4,0,4,3,1,4,3,4,3,1
10588,1102,C|Ca,3,3,2,0,2,4,3,3,4,0,2
10589,1150,Cl|Li|N|Zr,2,2,4,2,2,4,0,2,4,1,2
10590,1151,Ba|Ca|Cu|Gd|O|Pb|Sr|Tl,0,0,1,4,0,1,3,2,0,2,0
10591,1083,Al|B|Mg,4,1,2,1,0,4,0,0,2,3,1
10592,1083,Al|B|Mg,4,1,2,1,0,4,2,2,3,4,0
10593,1083,Al|B|Mg,4,1,2,1,0,4,3,0,1,3,3
10594,1083,Al|B|Mg,4,1,2,1,0,4,1,3,0,4,1
10595,763,Co|H|Na|O,1,4,2,2,1,4,0,0,0,3,4
10596,763,Co|H|Na|O,1,4,2,2,1,4,0,1,2,2,3
10597,763,Co|H|Na|O,1,4,2,2,1,4,2,4,1,3,4
10598,763,Co|H|Na|O,1,4,2,2,1,4,0,0,4,4,2
10599,763,Co|H|Na|O,1,4,2,2,1,4,3,1,0,4,4
10600,369,Cu|O|Sr,1,1,2,1,4,3,4,3,1,0,1
10601,369,Cu|O|Sr,1,1,2,1,4,3,1,0,3,0,2
10602,57,Ba|Cu|La|O|Y,4,0,3,4,0,1,4,0,2,0,0
10603,765,Cl|Cu|O|Sr,0,3,3,1,1,0,2,1,2,4,0
10604,1152,Ba|Cu|O|Sr,4,4,2,2,3,1,1,1,3,0,2
10605,1130,S|Ta,4,4,3,1,0,3,4,4,4,1,4
10606,1131,S|Se|Ta,0,4,1,2,1,1,4,2,4,0,1
10607,694,Ce|Cu|Eu|O|Ru|Sr,4,4,3,2,3,1,0,3,2,1,1
10608,1153,Ce|Cu|Eu|O|Ru|Sn|Sr,4,4,0,3,2,0,2,1,1,0,0
10609,1153,Ce|Cu|Eu|O|Ru|Sn|Sr,4,4,0,3,2,0,1,4,2,3,2
10610,120,Bi|Cu|La|O|Sr,1,3,1,3,0,0,3,1,1,3,1
10611,416,Bi|Cu|O|Sm|Sr,2,3,2,4,2,1,3,2,4,1,3
10612,417,Bi|Cu|Eu|O|Sr,1,3,4,1,3,1,3,1,4,1,0
10613,1134,Ce|Ru,2,4,3,0,3,3,4,1,4,3,2
10614,1154,Ce|La|Ru,4,3,4,3,2,1,1,4,2,3,2
10615,1134,Ce|Ru,2,4,3,0,3,3,0,1,4,0,2
10616,1154,Ce|La|Ru,4,3,4,3,2,1,4,1,3,2,0
10617,1154,Ce|La|Ru,4,3,4,3,2,1,3,3,1,3,1
10618,1154,Ce|La|Ru,4,3,4,3,2,1,2,2,1,2,3
10619,1154,Ce|La|Ru,4,3,4,3,2,1,4,1,2,3,1
10620,1154,Ce|La|Ru,4,3,4,3,2,1,0,2,4,0,2
10621,1154,Ce|La|Ru,4,3,4,3,2,1,3,3,3,1,2
10622,1154,Ce|La|Ru,4,3,4,3,2,1,1,1,2,1,1
10623,1134,Ce|Ru,2,4,3,0,3,3,0,1,2,1,2
10624,1134,Ce|Ru,2,4,3,0,3,3,4,4,3,0,0
10625,1154,Ce|La|Ru,4,3,4,3,2,1,3,3,3,0,1
10626,1134,Ce|Ru,2,4,3,0,3,3,0,3,3,3,3
10627,1155,Pb|Te|Tl,1,4,4,0,1,3,1,3,2,3,1
10628,1155,Pb|Te|Tl,1,4,4,0,1,3,1,2,2,0,3
10629,1156,B|C|Pr|Pt,4,3,1,2,0,4,3,0,1,1,0
10630,989,B|C|Mg,0,0,4,4,2,0,4,2,1,2,4
10631,989,B|C|Mg,0,0,4,4,2,0,0,4,1,3,1
10632,989,B|C|Mg,0,0,4,4,2,0,4,2,3,3,0
10633,119,Ce|Cu|O|Sm,1,1,1,1,1,4,2,2,4,3,1
10634,119,Ce|Cu|O|Sm,1,1,1,1,1,4,4,2,2,4,1
10635,119,Ce|Cu|O|Sm,1,1,1,1,1,4,2,1,3,4,2
10636,119,Ce|Cu|O|Sm,1,1,1,1,1,4,4,1,3,0,0
10637,1157,B|C|Ho|Ni|Y,3,1,2,1,1,1,0,2,2,0,4
10638,1158,La|Pd|Si,1,0,3,1,3,2,2,0,0,0,1
10639,983,H|Pd,1,0,2,3,4,2,3,4,2,4,4
10640,1159,Pd|Sn|Y,4,4,1,1,4,3,3,4,1,1,0
10641,1160,Gd|Pd|Sn|Y,2,0,4,1,3,0,0,3,3,3,4
10642,1160,Gd|Pd|Sn|Y,2,0,4,1,3,0,0,0,0,3,0
10643,1161,Dy|Pd|Sn|Y,4,0,2,1,0,1,4,4,2,3,4
10644,1161,Dy|Pd|Sn|Y,4,0,2,1,0,1,0,1,2,1,3
10645,1161,Dy|Pd|Sn|Y,4,0,2,1,0,1,2,2,3,0,0
10646,1162,Ho|Pd|Sn|Y,2,4,1,1,1,0,1,4,2,0,4
10647,1163,Er|Pd|Sn|Y,2,4,1,3,2,2,3,1,2,0,0
10648,1163,Er|Pd|Sn|Y,2,4,1,3,2,2,0,1,0,1,3
10649,1163,Er|Pd|Sn|Y,2,4,1,3,2,2,1,0,1,0,1
10650,1163,Er|Pd|Sn|Y,2,4,1,3,2,2,1,0,1,3,4
10651,1164,Pd|Sn|Tm|Y,2,3,1,1,4,1,3,3,0,0,1
10652,1164,Pd|Sn|Tm|Y,2,3,1,1,4,1,3,0,3,4,2
10653,1164,Pd|Sn|Tm|Y,2,3,1,1,4,1,2,1,2,4,0
10654,1164,Pd|Sn|Tm|Y,2,3,1,1,4,1,3,0,0,3,3
10655,1164,Pd|Sn|Tm|Y,2,3,1,1,4,1,3,1,0,0,3
10656,1165,Pd|Sn|Tm,1,2,2,2,1,4,4,4,2,4,1
10657,1166,Pd|Sn|Y|Yb,1,3,3,1,4,1,1,4,0,2,1
10658,1166,Pd|Sn|Y|Yb,1,3,3,1,4,1,4,4,2,3,2
10659,1167,Pd|Sn|Yb,3,4,2,1,0,0,3,3,3,3,1
10660,1168,Pd|Sc|Sn,2,2,4,3,0,0,3,2,1,4,2
10661,1169,Lu|Pd|Sn,2,3,1,4,0,0,2,4,2,1,3
10662,1170,Pb|Pd|Sc,2,2,4,2,0,1,1,1,3,4,1
10663,1171,Pb|Pd|Y,1,0,0,1,1,0,1,0,4,0,4
10664,1172,Pb|Pd|Tm,4,4,2,4,4,0,0,1,1,0,0
10665,1173,Pb|Pd|Yb,2,1,0,3,3,1,1,3,2,4,4
10666,1174,Lu|Pb|Pd,3,1,4,0,0,4,0,3,1,1,3
10667,1050,C|Mo,0,2,0,1,2,4,1,3,2,2,1
10668,888,Cu|Ho|La|O|Sr,4,4,3,2,1,2,0,1,0,4,2
10669,888,Cu|Ho|La|O|Sr,4,4,3,2,1,2,0,4,1,3,3
10670,888,Cu|Ho|La|O|Sr,4,4,3,2,1,2,4,1,0,4,0
10671,888,Cu|Ho|La|O|Sr,4,4,3,2,1,2,2,3,2,0,0
10672,888,Cu|Ho|La|O|Sr,4,4,3,2,1,2,3,4,2,3,0
10673,888,Cu|Ho|La|O|Sr,4,4,3,2,1,2,0,1,2,0,1
10674,888,Cu|Ho|La|O|Sr,4,4,3,2,1,2,0,4,3,1,1
10675,888,Cu|Ho|La|O|Sr,4,4,3,2,1,2,0,4,2,3,1
10676,1083,Al|B|Mg,4,1,2,1,0,4,0,0,3,1,2
10677,1083,Al|B|Mg,4,1,2,1,0,4,4,4,0,0,3
10678,62,Ba|Ca|Cu|La|O,1,3,2,0,1,3,4,2,0,3,0
10679,62,Ba|Ca|Cu|La|O,1,3,2,0,1,3,4,3,1,0,4
10680,938,Ce|Cu|La|O,2,0,3,4,1,4,2,1,1,2,4
10681,938,Ce|Cu|La|O,2,0,3,4,1,4,4,0,4,2,2
10682,938,Ce|Cu|La|O,2,0,3,4,1,4,3,2,1,2,1
10683,938,Ce|Cu|La|O,2,0,3,4,1,4,3,0,1,1,2
10684,69,Cu|La|O,2,0,3,0,0,0,1,4,4,3,3
10685,938,Ce|Cu|La|O,2,0,3,4,1,4,1,1,4,0,3
10686,938,Ce|Cu|La|O,2,0,3,4,1,4,2,2,0,3,0
10687,938,Ce|Cu|La|O,2,0,3,4,1,4,1,3,3,0,3
10688,938,Ce|Cu|La|O,2,0,3,4,1,4,3,4,2,3,0
10689,938,Ce|Cu|La|O,2,0,3,4,1,4,1,3,2,4,1
10690,938,Ce|Cu|La|O,2,0,3,4,1,4,3,3,4,4,0
10691,1175,C|O|W,2,2,4,4,2,1,1,0,0,1,3
10692,1032,Ca|Cu|O|Sr|V,1,0,1,3,0,3,1,4,2,3,3
10693,1032,Ca|Cu|O|Sr|V,1,0,1,3,0,3,1,4,2,2,1
10694,1032,Ca|Cu|O|Sr|V,1,0,1,3,0,3,0,4,3,0,0
10695,1032,Ca|Cu|O|Sr|V,1,0,1,3,0,3,2,2,0,3,3
10696,1032,Ca|Cu|O|Sr|V,1,0,1,3,0,3,2,2,1,3,0
10697,1032,Ca|Cu|O|Sr|V,1,0,1,3,0,3,0,1,1,4,2
10698,1032,Ca|Cu|O|Sr|V,1,0,1,3,0,3,4,1,3,3,4
10699,1032,Ca|Cu|O|Sr|V,1,0,1,3,0,3,2,1,4,4,2
10700,1032,Ca|Cu|O|Sr|V,1,0,1,3,0,3,3,1,4,0,0
10701,107,Ba|Bi|O|Pb,4,1,0,0,3,4,1,3,3,2,3
10702,1176,B|C|Mo,0,4,1,1,2,1,2,4,2,1,2
10703,1176,B|C|Mo,0,4,1,1,2,1,2,3,0,0,3
10704,1176,B|C|Mo,0,4,1,1,2,1,1,2,0,2,4
10705,1177,C|Hf|Mo,1,4,0,0,0,2,1,3,0,3,4
10706,1177,C|Hf|Mo,1,4,0,0,0,2,4,0,2,0,2
10707,1177,C|Hf|Mo,1,4,0,0,0,2,1,4,1,1,3
10708,1177,C|Hf|Mo,1,4,0,0,0,2,3,2,1,0,1
10709,1177,C|Hf|Mo,1,4,0,0,0,2,4,2,1,3,3
10710,1050,C|Mo,0,2,0,1,2,4,3,0,1,0,1
10711,1050,C|Mo,0,2,0,1,2,4,0,1,3,1,4
10712,1050,C|Mo,0,2,0,1,2,4,2,3,2,2,3
10713,1050,C|Mo,0,2,0,1,2,4,0,1,1,2,1
10714,1102,C|Ca,3,3,2,0,2,4,2,3,4,4,3
10715,118,Ce|Cu|O|Pr,3,0,4,2,3,3,0,3,3,2,3
10716,118,Ce|Cu|O|Pr,3,0,4,2,3,3,4,1,3,0,3
10717,118,Ce|Cu|O|Pr,3,0,4,2,3,3,3,1,4,1,0
10718,1178,B|Ir|Mg,3,3,1,3,4,3,3,1,0,4,1
10719,783,K|O|Os,3,1,1,2,3,3,2,3,4,1,4
10720,691,Ba|Ca|Cu|Hg|O|Sb,1,4,4,0,2,1,1,4,4,1,1
10721,1179,Ba|Ca|Cu|Hg|O|Pb|Sb,2,4,1,3,2,3,2,2,2,2,0
10722,1179,Ba|Ca|Cu|Hg|O|Pb|Sb,2,4,1,3,2,3,3,1,3,2,4
10723,1179,Ba|Ca|Cu|Hg|O|Pb|Sb,2,4,1,3,2,3,1,4,2,4,4
10724,481,Ba|Ca|Cu|Hg|O|Pb,0,2,0,2,0,3,3,3,0,2,3
10725,1180,Al|Ba|Si,4,1,3,3,4,1,0,3,3,4,3
10726,1173,Pb|Pd|Yb,2,1,0,3,3,1,2,1,4,1,1
10727,1181,C|La|Ni,4,3,2,0,2,0,0,3,2,1,2
10728,1034,Os|Pr|Sb,2,3,2,3,3,4,4,1,1,3,3
10729,1035,La|Os|Pr|Sb,1,3,2,3,0,0,2,0,3,0,0
10730,1035,La|Os|Pr|Sb,1,3,2,3,0,0,1,1,1,4,2
10731,1035,La|Os|Pr|Sb,1,3,2,3,0,0,2,1,2,3,3
10732,1035,La|Os|Pr|Sb,1,3,2,3,0,0,4,4,2,1,1
10733,1036,La|Os|Sb,2,2,0,0,0,2,0,1,0,2,1
10734,986,C|Y,2,2,0,0,3,2,0,2,4,3,3
10735,1003,Ce|In|Rh,1,0,3,1,4,1,0,0,2,2,0
10736,1102,C|Ca,3,3,2,0,2,4,3,3,0,4,1
10737,434,Ba|C,3,2,2,4,4,0,1,2,2,4,3
10738,1182,C|Sr,4,1,4,2,0,2,4,4,1,1,1
10739,1183,Hg|Pb,4,0,2,3,1,4,3,1,0,1,1
10740,1183,Hg|Pb,4,0,2,3,1,4,4,4,1,4,1
10741,1183,Hg|Pb,4,0,2,3,1,4,3,2,1,0,0
10742,1183,Hg|Pb,4,0,2,3,1,4,1,2,0,3,0
10743,1102,C|Ca,3,3,2,0,2,4,1,1,3,4,3
10744,1102,C|Ca,3,3,2,0,2,4,3,4,1,2,2
10745,1184,Hg|Pb|Sm,0,0,3,2,4,2,3,3,2,4,2
10746,1184,Hg|Pb|Sm,0,0,3,2,4,2,2,4,2,3,0
10747,1185,Hg|In|Pb|Sm,3,0,2,2,4,4,4,0,4,2,1
10748,1091,Y,1,2,2,3,2,0,1,2,0,2,1
10749,1186,Ca,4,3,2,4,4,1,3,3,0,1,1
10750,1003,Ce|In|Rh,1,0,3,1,4,1,1,4,3,4,2
10751,1134,Ce|Ru,2,4,3,0,3,3,4,1,3,2,2
10752,1187,Ir|Lu|Si,1,1,4,1,1,2,1,0,4,3,3
10753,886,Na|O|V,2,1,4,1,3,1,2,0,4,2,1
10754,1188,Ce|Co|Ge,1,2,1,3,0,2,2,1,4,2,2
10755,1189,Ge|Ir|Lu|Si,4,3,1,0,4,2,2,2,2,4,1
10756,1189,Ge|Ir|Lu|Si,4,3,1,0,4,2,2,4,1,4,0
10757,1189,Ge|Ir|Lu|Si,4,3,1,0,4,2,2,0,2,4,1
10758,1189,Ge|Ir|Lu|Si,4,3,1,0,4,2,0,3,4,1,3
10759,1189,Ge|Ir|Lu|Si,4,3,1,0,4,2,0,0,4,4,3
10760,306,Ba|Cu|Hg|O,4,0,0,2,4,0,0,0,4,4,0
10761,306,Ba|Cu|Hg|O,4,0,0,2,4,0,1,1,1,2,0
10762,306,Ba|Cu|Hg|O,4,0,0,2,4,0,3,1,2,0,1
10763,306,Ba|Cu|Hg|O,4,0,0,2,4,0,2,4,1,4,2
10764,1190,Al,3,1,3,1,4,0,0,3,2,2,4
10765,982,Ga,0,0,2,1,2,3,0,3,3,4,3
10766,984,Cd,1,0,0,0,3,2,1,0,0,2,1
10767,1191,Ba|Ga|Si,4,2,4,3,4,2,1,3,1,4,1
10768,1192,Bi|Rh|Se,1,2,4,3,0,4,4,4,0,3,1
10769,1000,Nb|Se,0,2,1,4,0,2,2,3,3,3,1
10770,1134,Ce|Ru,2,4,3,0,3,3,1,0,4,4,4
10771,62,Ba|Ca|Cu|La|O,1,3,2,0,1,3,0,3,0,2,4
10772,1189,Ge|Ir|Lu|Si,4,3,1,0,4,2,2,2,2,3,4
10773,1189,Ge|Ir|Lu|Si,4,3,1,0,4,2,3,0,0,3,3
10774,1193,Ge|Ir|Lu,3,2,1,3,2,0,1,3,3,2,3
10775,1194,Ba|Cu|Si,1,4,0,0,1,0,3,2,1,4,3
10776,1018,B|Cu|Mg,2,2,4,2,3,2,0,2,0,0,0
10777,992,Ba|Si,3,3,2,4,4,1,0,4,2,3,1
10778,1012,Ba|Ge,0,2,0,0,3,1,3,1,3,1,3
10779,1195,Ba|Co|Ge,2,2,0,2,2,1,1,0,4,2,4
10780,1196,Cu|Se|Ti,2,1,0,1,0,3,2,0,4,4,3
10781,125,Ba|Cu|O|Tl,0,1,2,3,4,1,0,0,2,2,4
10782,125,Ba|Cu|O|Tl,0,1,2,3,4,1,3,4,4,4,4
10783,125,Ba|Cu|O|Tl,0,1,2,3,4,1,0,2,0,0,0
10784,125,Ba|Cu|O|Tl,0,1,2,3,4,1,1,0,0,1,2
10785,125,Ba|Cu|O|Tl,0,1,2,3,4,1,4,3,4,3,4
10786,1196,Cu|Se|Ti,2,1,0,1,0,3,4,1,0,0,0
10787,1196,Cu|Se|Ti,2,1,0,1,0,3,4,2,4,1,0
10788,1196,Cu|Se|Ti,2,1,0,1,0,3,1,0,3,4,3
10789,1196,Cu|Se|Ti,2,1,0,1,0,3,2,0,2,1,2
10790,1196,Cu|Se|Ti,2,1,0,1,0,3,1,1,4,2,4
10791,690,Cu|Gd|O|Ru|Sr,0,2,4,2,4,2,3,1,2,4,2
10792,1197,Cu|Gd|Ir|O|Ru|Sr,2,0,1,4,0,1,1,0,4,3,3
10793,1197,Cu|Gd|Ir|O|Ru|Sr,2,0,1,4,0,1,3,4,3,0,3
10794,1197,Cu|Gd|Ir|O|Ru|Sr,2,0,1,4,0,1,3,3,1,0,3
10795,990,B|Li|Pd,4,4,0,1,0,2,1,0,0,2,1
10796,1106,C|Cd|Ni,0,1,4,0,3,0,2,2,1,3,4
10797,1106,C|Cd|Ni,0,1,4,0,3,0,2,3,0,3,1
10798,1198,Ir|La|Si,4,4,3,3,2,4,2,1,2,4,4
10799,1090,Ce|Ir|Si,1,4,3,2,3,1,4,0,0,4,3
10800,1199,Ce|Co|Ir|Si,2,2,3,3,1,0,3,3,1,4,2
10801,1199,Ce|Co|Ir|Si,2,2,3,3,1,0,4,0,2,0,4
10802,948,O|Rb|W,1,3,2,0,2,0,3,2,0,4,2
10803,948,O|Rb|W,1,3,2,0,2,0,3,3,0,2,2
10804,948,O|Rb|W,1,3,2,0,2,0,4,0,1,2,2
10805,1200,La|Sb|Zn,0,3,4,2,0,0,0,4,3,4,2
10806,1196,Cu|Se|Ti,2,1,0,1,0,3,3,3,2,4,4
10807,1196,Cu|Se|Ti,2,1,0,1,0,3,3,3,2,4,2
10808,1196,Cu|Se|Ti,2,1,0,1,0,3,3,3,3,3,0
10809,512,Ce|Cu|Gd|O|Ru|Sr,3,2,2,3,4,3,0,2,1,0,3
10810,958,Ce|Cu|Gd|Nb|O|Ru|Sr,0,0,1,0,1,3,4,2,0,1,4
10811,958,Ce|Cu|Gd|Nb|O|Ru|Sr,0,0,1,0,1,3,4,2,3,1,3
10812,958,Ce|Cu|Gd|Nb|O|Ru|Sr,0,0,1,0,1,3,0,0,0,1,0
10813,958,Ce|Cu|Gd|Nb|O|Ru|Sr,0,0,1,0,1,3,0,0,3,0,4
10814,958,Ce|Cu|Gd|Nb|O|Ru|Sr,0,0,1,0,1,3,1,1,1,4,0
10815,378,Ba|C|Ca|Cu|O,2,3,4,2,1,4,1,3,2,3,4
10816,378,Ba|C|Ca|Cu|O,2,3,4,2,1,4,4,2,2,3,2
10817,1201,Na|S|Ta,3,4,0,3,1,2,1,0,0,0,2
10818,1202,K|S|Ta,2,4,4,1,4,2,1,3,1,1,1
10819,1203,Rb|S|Ta,3,1,3,3,0,3,2,0,3,4,0
10820,1204,Cs|S|Ta,4,4,2,3,1,2,2,4,2,4,2
10821,1205,Na|Nb|S,0,2,2,1,4,2,3,0,1,1,3
10822,1206,K|Nb|S,1,4,2,2,0,3,1,3,2,2,2
10823,1207,Nb|Rb|S,2,4,4,2,0,2,0,2,4,4,3
10824,1208,Cs|Nb|S,3,4,0,0,1,1,2,3,0,1,2
10825,1209,H|S|Ta,2,4,3,2,0,0,4,3,2,3,2
10826,1057,Ca|Mo|S,4,3,3,4,1,2,2,1,0,4,0
10827,1055,Mo|S|Sr,0,1,3,2,1,0,2,3,4,0,3
10828,1210,Be|Zr,4,2,2,3,1,2,3,2,3,2,0
10829,1210,Be|Zr,4,2,2,3,1,2,1,0,4,2,1
10830,1210,Be|Zr,4,2,2,3,1,2,4,0,4,2,4
10831,1211,Mo|P|Ru,2,2,3,0,0,1,2,1,3,0,3
10832,1211,Mo|P|Ru,2,2,3,0,0,1,1,2,4,4,1
10833,1211,Mo|P|Ru,2,2,3,0,0,1,2,2,0,4,0
10834,1211,Mo|P|Ru,2,2,3,0,0,1,2,0,1,2,2
10835,1212,B|Mo|P,3,0,2,2,0,2,0,4,2,1,0
10836,1213,B|Mo|P|Re,1,2,2,3,0,3,3,4,2,0,2
10837,1214,Al|La,1,3,4,4,3,4,0,3,1,2,2
10838,1214,Al|La,1,3,4,4,3,4,4,0,3,3,2
10839,1214,Al|La,1,3,4,4,3,4,1,4,2,4,2
10840,1214,Al|La,1,3,4,4,3,4,2,1,0,2,4
10841,1214,Al|La,1,3,4,4,3,4,4,0,3,1,2
10842,1214,Al|La,1,3,4,4,3,4,1,4,0,3,4
10843,1215,Au|La,4,4,1,2,4,1,1,3,0,3,3
10844,1216,Ge|La,2,3,1,3,3,4,2,1,3,0,2
10845,1217,Pd|Zr,2,1,0,3,2,3,2,2,1,4,0
10846,1215,Au|La,4,4,1,2,4,1,2,2,2,2,3
10847,1215,Au|La,4,4,1,2,4,1,3,1,1,4,1
10848,1218,Be|Cu|Ni|Ti|Zr,2,3,0,3,1,2,3,1,4,0,1
10849,1218,Be|Cu|Ni|Ti|Zr,2,3,0,3,1,2,3,0,4,2,1
10850,971,Sn,0,0,4,3,0,1,0,1,3,2,0
10851,1219,Cu|Sn,0,4,1,4,3,0,3,1,0,3,3
10852,1219,Cu|Sn,0,4,1,4,3,0,0,4,1,2,3
10853,1219,Cu|Sn,0,4,1,4,3,0,2,1,3,2,3
10854,1219,Cu|Sn,0,4,1,4,3,0,0,2,4,0,2
10855,1219,Cu|Sn,0,4,1,4,3,0,1,0,2,3,3
10856,1219,Cu|Sn,0,4,1,4,3,0,0,4,2,0,1
10857,988,B|Mg,0,0,1,4,3,2,1,1,3,3,1
10858,1220,Nb|Si|Ti,1,2,2,2,3,1,0,1,4,0,2
10859,1220,Nb|Si|Ti,1,2,2,2,3,1,2,1,3,2,3
10860,1220,Nb|Si|Ti,1,2,2,2,3,1,4,2,3,3,4
10861,1220,Nb|Si|Ti,1,2,2,2,3,1,0,2,0,2,4
10862,1220,Nb|Si|Ti,1,2,2,2,3,1,0,1,3,4,4
10863,1220,Nb|Si|Ti,1,2,2,2,3,1,2,2,1,4,1
10864,1220,Nb|Si|Ti,1,2,2,2,3,1,1,2,2,0,1
10865,1220,Nb|Si|Ti,1,2,2,2,3,1,1,2,1,1,1
10866,1215,Au|La,4,4,1,2,4,1,3,0,2,0,4
10867,1221,Au|Cu|La,2,4,0,2,2,0,0,1,3,0,3
10868,1222,Mo|Re,3,1,3,3,1,1,0,4,1,3,1
10869,1141,Ge|Nb,3,4,1,2,1,2,0,1,3,0,2
10870,1223,Cu|Zr,0,1,1,1,1,1,1,0,1,2,4
10871,1223,Cu|Zr,0,1,1,1,1,1,2,2,3,0,3
10872,1223,Cu|Zr,0,1,1,1,1,1,2,2,2,3,0
10873,1223,Cu|Zr,0,1,1,1,1,1,4,4,3,1,4
10874,1223,Cu|Zr,0,1,1,1,1,1,3,2,0,4,2
10875,1223,Cu|Zr,0,1,1,1,1,1,1,4,0,0,0
10876,1224,B|Nb|Si|Ti,1,1,0,3,0,0,2,0,2,2,0
10877,1224,B|Nb|Si|Ti,1,1,0,3,0,0,3,3,2,3,3
10878,1225,Nb|Rh,3,0,2,4,3,2,1,3,3,0,2
10879,1226,Ir|Nb,1,2,1,0,3,1,4,0,1,4,2
10880,1227,Rh|Ta,2,3,0,4,1,3,1,3,0,2,3
10881,1228,Ir|Ta,1,2,1,2,1,4,4,3,0,2,1
10882,1229,Nb|Rh|Ta,3,3,3,0,4,0,3,4,2,4,0
10883,1229,Nb|Rh|Ta,3,3,3,0,4,0,0,1,2,3,4
10884,1229,Nb|Rh|Ta,3,3,3,0,4,0,3,2,3,0,0
10885,1230,Ir|Nb|Ta,3,1,1,1,3,1,0,1,0,2,0
10886,1230,Ir|Nb|Ta,3,1,1,1,3,1,0,2,2,2,0
10887,1230,Ir|Nb|Ta,3,1,1,1,3,1,4,3,4,4,4
10888,1231,Rh|Zr,3,0,2,0,0,2,3,1,2,1,2
10889,1231,Rh|Zr,3,0,2,0,0,2,2,4,2,2,3
10890,1231,Rh|Zr,3,0,2,0,0,2,0,1,3,2,0
10891,1231,Rh|Zr,3,0,2,0,0,2,2,0,3,0,2
10892,1231,Rh|Zr,3,0,2,0,0,2,2,3,2,2,3
10893,1231,Rh|Zr,3,0,2,0,0,2,1,2,3,3,1
10894,1231,Rh|Zr,3,0,2,0,0,2,1,2,0,4,3
10895,1232,Ru|Zr,1,0,1,4,4,4,3,0,3,2,2
10896,1232,Ru|Zr,1,0,1,4,4,4,1,3,3,4,1
10897,1232,Ru|Zr,1,0,1,4,4,4,3,0,1,1,2
10898,1232,Ru|Zr,1,0,1,4,4,4,1,2,4,2,3
10899,1232,Ru|Zr,1,0,1,4,4,4,2,3,1,1,3
10900,1232,Ru|Zr,1,0,1,4,4,4,3,3,4,4,2
10901,1232,Ru|Zr,1,0,1,4,4,4,1,0,3,0,4
10902,1232,Ru|Zr,1,0,1,4,4,4,2,0,2,1,4
10903,1232,Ru|Zr,1,0,1,4,4,4,4,1,2,4,4
10904,1233,Re|Zr,2,3,2,3,0,1,4,0,2,1,0
10905,1233,Re|Zr,2,3,2,3,0,1,4,3,1,4,1
10906,1233,Re|Zr,2,3,2,3,0,1,1,4,1,3,0
10907,1234,Co|Zr,3,2,0,4,1,2,3,1,3,4,3
10908,1235,Ni|Zr,1,1,4,1,1,2,2,3,4,1,1
10909,1217,Pd|Zr,2,1,0,3,2,3,3,2,1,3,0
10910,1235,Ni|Zr,1,1,4,1,1,2,4,1,1,4,1
10911,1217,Pd|Zr,2,1,0,3,2,3,1,3,2,0,1
10912,1231,Rh|Zr,3,0,2,0,0,2,2,1,2,0,2
10913,1234,Co|Zr,3,2,0,4,1,2,1,3,2,4,0
10914,1234,Co|Zr,3,2,0,4,1,2,0,1,4,3,3
10915,1234,Co|Zr,3,2,0,4,1,2,3,3,1,2,4
10916,1234,Co|Zr,3,2,0,4,1,2,1,2,3,0,2
10917,1235,Ni|Zr,1,1,4,1,1,2,4,2,3,4,1
10918,1235,Ni|Zr,1,1,4,1,1,2,3,0,0,3,4
10919,1235,Ni|Zr,1,1,4,1,1,2,2,2,2,2,2
10920,1236,Ni|Ti|Zr,4,0,1,0,3,0,3,3,4,4,4
10921,1236,Ni|Ti|Zr,4,0,1,0,3,0,4,4,4,3,3
10922,1236,Ni|Ti|Zr,4,0,1,0,3,0,1,2,3,4,0
10923,1236,Ni|Ti|Zr,4,0,1,0,3,0,1,3,2,2,4
10924,1236,Ni|Ti|Zr,4,0,1,0,3,0,1,3,0,0,4
10925,1236,Ni|Ti|Zr,4,0,1,0,3,0,2,1,1,3,3
10926,1237,Mn|Ni|Zr,2,0,0,0,1,4,2,1,4,2,1
10927,1237,Mn|Ni|Zr,2,0,0,0,1,4,0,3,1,0,3
10928,1238,Cu|Mn|Zr,4,1,1,4,3,2,1,3,3,0,3
10929,1238,Cu|Mn|Zr,4,1,1,4,3,2,2,1,0,3,0
10930,1217,Pd|Zr,2,1,0,3,2,3,1,1,4,3,1
10931,1217,Pd|Zr,2,1,0,3,2,3,4,0,3,4,2
10932,1217,Pd|Zr,2,1,0,3,2,3,2,2,4,1,4
10933,1217,Pd|Zr,2,1,0,3,2,3,0,4,1,2,0
10934,1217,Pd|Zr,2,1,0,3,2,3,0,3,4,0,0
10935,1217,Pd|Zr,2,1,0,3,2,3,3,4,3,3,2
10936,1217,Pd|Zr,2,1,0,3,2,3,2,3,0,2,1
10937,1217,Pd|Zr,2,1,0,3,2,3,4,1,3,0,3
10938,1217,Pd|Zr,2,1,0,3,2,3,2,3,0,1,1
10939,1235,Ni|Zr,1,1,4,1,1,2,1,0,2,2,1
10940,1235,Ni|Zr,1,1,4,1,1,2,4,4,2,0,4
10941,1235,Ni|Zr,1,1,4,1,1,2,1,4,1,1,2
10942,1235,Ni|Zr,1,1,4,1,1,2,4,3,2,4,2
10943,1235,Ni|Zr,1,1,4,1,1,2,2,1,0,3,2
10944,1235,Ni|Zr,1,1,4,1,1,2,0,1,1,2,2
10945,1235,Ni|Zr,1,1,4,1,1,2,3,3,0,1,1
10946,1235,Ni|Zr,1,1,4,1,1,2,0,2,3,4,2
10947,1235,Ni|Zr,1,1,4,1,1,2,0,3,1,1,0
10948,1234,Co|Zr,3,2,0,4,1,2,3,0,2,3,4
10949,1234,Co|Zr,3,2,0,4,1,2,4,2,4,0,0
10950,1239,Fe|Zr,0,0,1,1,3,3,1,3,3,4,4
10951,1069,Si,3,2,2,0,0,2,1,4,3,0,4
10952,1069,Si,3,2,2,0,0,2,1,1,0,3,2
10953,1235,Ni|Zr,1,1,4,1,1,2,3,3,0,3,3
10954,1235,Ni|Zr,1,1,4,1,1,2,3,3,1,2,0
10955,1235,Ni|Zr,1,1,4,1,1,2,4,4,2,4,4
10956,1235,Ni|Zr,1,1,4,1,1,2,3,0,3,2,0
10957,1235,Ni|Zr,1,1,4,1,1,2,1,4,0,3,1
10958,1235,Ni|Zr,1,1,4,1,1,2,4,0,2,3,1
10959,1240,Nb|Si,0,2,3,3,2,4,4,2,1,2,2
10960,1240,Nb|Si,0,2,3,3,2,4,2,1,1,3,4
10961,1240,Nb|Si,0,2,3,3,2,4,3,2,3,1,2
10962,1241,Mo|Nb|Si,4,4,0,4,4,2,1,4,0,1,2
10963,1241,Mo|Nb|Si,4,4,0,4,4,2,1,2,0,4,1
10964,1241,Mo|Nb|Si,4,4,0,4,4,2,0,1,1,3,4
10965,1242,C|Nb|Si,3,0,3,1,2,4,2,2,4,0,4
10966,1243,Ge|Nb|Si,4,4,3,4,0,0,0,3,1,4,1
10967,1244,B|Nb|Si,1,1,2,3,1,1,3,4,2,1,1
10968,990,B|Li|Pd,4,4,0,1,0,2,2,2,2,4,1
10969,1034,Os|Pr|Sb,2,3,2,3,3,4,4,0,3,3,4
10970,1245,B|Br|C|La,1,2,2,4,4,3,1,4,1,0,2
10971,1002,Ce|Pt|Si,0,0,1,0,3,1,2,0,1,1,3
10972,1246,Ce|La|Pt|Si,1,1,0,2,4,1,3,1,3,2,2
10973,1246,Ce|La|Pt|Si,1,1,0,2,4,1,1,0,0,4,4
10974,1246,Ce|La|Pt|Si,1,1,0,2,4,1,2,3,4,1,1
10975,1019,C,3,3,4,3,4,0,4,4,3,4,2
10976,1247,Co|Cu|K|S,2,4,1,1,3,4,0,1,0,4,0
10977,1015,B|Zr,0,0,1,2,2,2,1,0,4,3,4
10978,1034,Os|Pr|Sb,2,3,2,3,3,4,0,2,2,3,1
10979,1248,Os|Pr|Ru|Sb,1,1,0,0,3,3,3,2,2,4,0
10980,1248,Os|Pr|Ru|Sb,1,1,0,0,3,3,2,2,4,0,0
10981,1248,Os|Pr|Ru|Sb,1,1,0,0,3,3,3,1,4,3,0
10982,1248,Os|Pr|Ru|Sb,1,1,0,0,3,3,1,2,2,4,4
10983,1248,Os|Pr|Ru|Sb,1,1,0,0,3,3,4,4,1,2,1
10984,1248,Os|Pr|Ru|Sb,1,1,0,0,3,3,0,3,3,0,3
10985,999,Pr|Ru|Sb,2,0,4,3,2,1,1,1,3,0,0
10986,1249,Co|Lu|Sn,3,4,2,3,3,1,4,3,4,2,0
10987,1250,Rh|Sc|Sn,1,4,3,2,3,2,3,4,4,2,3
10988,1251,Rh|Sn|Y,4,4,4,3,2,4,1,0,1,4,0
10989,1252,Er|Rh|Sn,0,2,2,2,4,1,3,4,0,2,1
10990,1253,Rh|Sn|Tm,1,4,4,1,1,4,3,4,1,0,1
10991,1254,Lu|Rh|Sn,4,1,4,0,4,4,0,4,4,3,4
10992,1255,Ir|Sc|Sn,3,1,0,1,2,0,1,3,4,2,4
10993,1256,Ir|Lu|Sn,2,0,3,1,3,1,3,3,2,1,1
10994,1257,Mo|Te|Tl,3,2,3,1,2,4,4,1,1,1,1
10995,1258,Mo|Se|Te,1,2,4,4,2,4,2,2,1,3,4
10996,1259,Ge|Ir|La,3,2,3,2,1,4,0,0,2,0,4
10997,988,B|Mg,0,0,1,4,3,2,1,3,0,1,0
10998,1083,Al|B|Mg,4,1,2,1,0,4,1,4,1,3,1
10999,1083,Al|B|Mg,4,1,2,1,0,4,2,2,1,2,2
11000,1083,Al|B|Mg,4,1,2,1,0,4,2,1,0,3,4
11001,1260,Ba,1,2,1,0,1,3,3,0,1,3,0
11002,1260,Ba,1,2,1,0,1,3,4,1,1,3,0
11003,1261,Sr,0,2,4,0,3,3,0,4,3,2,1
11004,1262,La,4,1,2,2,3,1,3,0,0,3,1
11005,1262,La,4,1,2,2,3,1,0,0,2,2,2
11006,1263,Ce|La,4,2,0,2,0,0,3,4,1,1,2
11007,1263,Ce|La,4,2,0,2,0,0,3,2,0,0,4
11008,1263,Ce|La,4,2,0,2,0,0,1,3,1,2,4
11009,1263,Ce|La,4,2,0,2,0,0,2,4,2,1,3
11010,1264,Sc,3,0,1,0,1,2,0,4,1,0,4
11011,1023,Zr,2,0,3,2,4,2,0,2,0,4,1
11012,1265,Nb,2,3,0,0,4,2,3,0,4,2,2
11013,1266,Ta,3,0,1,1,3,3,2,4,2,0,1
11014,971,Sn,0,0,4,3,0,1,0,3,2,3,3
11015,973,In,2,4,1,2,0,0,3,0,3,1,0
11016,1266,Ta,3,0,1,1,3,3,0,1,1,1,1
11017,972,Tl,3,4,2,0,0,4,3,2,4,3,0
11018,974,Hg,0,2,3,2,4,3,0,0,4,4,0
11019,974,Hg,0,2,3,2,4,3,1,2,3,0,2
11020,1190,Al,3,1,3,1,4,0,2,3,4,4,3
11021,1267,Te,0,1,3,0,3,1,2,1,0,0,0
11022,1268,P,4,0,0,0,4,3,3,4,0,0,4
11023,1269,As|P,3,1,2,1,4,3,0,0,1,2,2
11024,1270,As,2,1,1,4,3,4,1,4,0,3,4
11025,1069,Si,3,2,2,0,0,2,3,2,3,4,0
11026,1069,Si,3,2,2,0,0,2,0,3,2,4,2
11027,1267,Te,0,1,3,0,3,1,4,4,4,3,4
11028,1006,Te|Zr,0,4,2,1,3,3,1,0,0,2,1
11029,1083,Al|B|Mg,4,1,2,1,0,4,3,2,3,0,3
11030,1083,Al|B|Mg,4,1,2,1,0,4,2,3,1,0,0
11031,1083,Al|B|Mg,4,1,2,1,0,4,1,4,3,1,4
11032,1083,Al|B|Mg,4,1,2,1,0,4,4,4,1,0,2
11033,1083,Al|B|Mg,4,1,2,1,0,4,0,0,1,3,1
11034,1083,Al|B|Mg,4,1,2,1,0,4,3,2,3,0,1
11035,1083,Al|B|Mg,4,1,2,1,0,4,1,1,2,2,3
11036,1083,Al|B|Mg,4,1,2,1,0,4,0,4,4,2,2
11037,989,B|C|Mg,0,0,4,4,2,0,4,4,3,3,0
11038,989,B|C|Mg,0,0,4,4,2,0,2,2,2,3,1
11039,1073,C|Mg|Ni,1,2,0,4,2,4,2,3,3,4,1
11040,1073,C|Mg|Ni,1,2,0,4,2,4,3,4,1,1,2
11041,1155,Pb|Te|Tl,1,4,4,0,1,3,2,4,4,2,0
11042,1155,Pb|Te|Tl,1,4,4,0,1,3,4,2,2,0,4
11043,1155,Pb|Te|Tl,1,4,4,0,1,3,3,2,4,2,2
11044,1271,Ag|Sn|Te,4,0,1,4,1,2,2,3,4,3,2
11045,1272,Sn|Te,2,4,2,0,3,0,1,0,0,2,2
11046,1272,Sn|Te,2,4,2,0,3,0,0,2,0,4,4
11047,1273,P|Sn,1,0,1,2,0,4,2,3,4,3,1
11048,1274,As|Sn,3,3,3,3,4,3,4,2,4,0,0
11049,1275,Te|Tl,4,1,4,2,3,3,4,2,3,2,3
11050,1276,N|Nb|O,1,1,2,4,4,4,4,2,0,1,3
11051,1276,N|Nb|O,1,1,2,4,4,4,0,3,0,4,4
11052,1276,N|Nb|O,1,1,2,4,4,4,4,2,4,1,2
11053,1276,N|Nb|O,1,1,2,4,4,4,2,2,4,0,0
11054,1276,N|Nb|O,1,1,2,4,4,4,4,4,0,3,4
11055,1277,In|Te,4,2,4,1,1,1,3,0,4,0,2
11056,1277,In|Te,4,2,4,1,1,1,0,2,0,2,3
11057,1277,In|Te,4,2,4,1,1,1,1,4,3,0,0
11058,1277,In|Te,4,2,4,1,1,1,0,4,2,0,3
11059,1277,In|Te,4,2,4,1,1,1,4,1,3,1,0
11060,1277,In|Te,4,2,4,1,1,1,3,2,3,0,1
11061,1277,In|Te,4,2,4,1,1,1,2,4,1,3,4
11062,1277,In|Te,4,2,4,1,1,1,4,2,2,0,2
11063,1277,In|Te,4,2,4,1,1,1,4,3,2,2,4
11064,1277,In|Te,4,2,4,1,1,1,2,1,0,2,1
11065,1278,Ba|O|Sr|Ti,0,4,4,3,3,0,0,2,1,0,2
11066,1279,As|Ga,0,2,3,2,0,2,1,1,0,1,1
11067,1280,Al|Sb,0,0,3,4,2,0,1,2,0,1,1
11068,1281,Ga|Sb,1,0,0,0,0,4,2,4,4,3,2
11069,1277,In|Te,4,2,4,1,1,1,1,0,2,1,4
11070,1282,Bi|Sn,3,0,0,3,2,1,1,3,2,1,4
11071,1283,Bi|Te,4,1,2,1,1,0,4,3,4,0,2
11072,930,O|Sr|Ti,0,2,3,0,2,1,0,4,1,2,0
11073,930,O|Sr|Ti,0,2,3,0,2,1,4,2,3,2,3
11074,930,O|Sr|Ti,0,2,3,0,2,1,0,4,4,0,2
11075,1278,Ba|O|Sr|Ti,0,4,4,3,3,0,1,3,0,1,4
11076,1284,Ca|O|Sr|Ti,4,0,4,2,3,0,1,1,1,1,0
11077,1285,In|Sb,0,2,2,3,3,4,4,2,2,2,1
11078,1285,In|Sb,0,2,2,3,3,4,1,3,4,0,4
11079,1285,In|Sb,0,2,2,3,3,4,3,3,1,2,4
11080,1286,B|Re|W,1,3,2,0,4,0,0,4,1,1,1
11081,1287,C|Re|W,2,1,2,1,1,0,1,1,1,0,0
11082,1288,H|Na|O|S|Sn|Ta,0,0,4,1,0,4,1,3,2,3,1
11083,1289,H|Na|O|Pb|S|Ta,4,4,2,3,3,3,1,2,1,0,4
11084,1290,H|Na|O|S|Sb|Ta,1,0,2,0,2,3,2,1,0,0,1
11085,990,B|Li|Pd,4,4,0,1,0,2,4,3,2,0,3
11086,1291,B|Li|Pd|Pt,2,3,0,0,4,3,0,0,0,0,1
11087,1291,B|Li|Pd|Pt,2,3,0,0,4,3,2,0,0,1,4
11088,1291,B|Li|Pd|Pt,2,3,0,0,4,3,2,0,2,0,2
11089,1291,B|Li|Pd|Pt,2,3,0,0,4,3,3,2,3,2,0
11090,991,B|Li|Pt,0,1,3,2,0,0,1,4,3,1,0
11091,1072,Fe|La|P,2,3,4,1,0,3,1,1,1,3,2
11092,1109,La|P|Ru,2,1,2,4,0,0,4,0,2,4,2
11093,1292,La|Os|P,1,0,2,2,0,3,0,2,4,3,1
11094,759,Ce|Co|In,3,3,3,2,1,0,0,3,4,2,3
11095,946,Cs|O|Os,2,2,2,3,2,4,2,3,4,3,0
11096,762,O|Os|Rb,1,1,4,0,3,1,4,2,2,0,2
11097,1112,B|Nb,0,4,2,4,2,0,4,4,0,2,1
11098,1112,B|Nb,0,4,2,4,2,0,0,2,1,4,1
11099,1112,B|Nb,0,4,2,4,2,0,3,2,2,2,0
11100,975,Pb,3,4,1,2,3,1,4,2,0,0,2
11101,1272,Sn|Te,2,4,2,0,3,0,1,3,1,0,4
11102,1272,Sn|Te,2,4,2,0,3,0,4,1,1,4,3
11103,1272,Sn|Te,2,4,2,0,3,0,0,2,4,1,2
11104,1272,Sn|Te,2,4,2,0,3,0,1,2,4,2,2
11105,1272,Sn|Te,2,4,2,0,3,0,1,4,4,2,3
11106,1293,La|Se,3,1,2,0,0,2,4,3,2,4,3
11107,1277,In|Te,4,2,4,1,1,1,0,4,2,2,2
11108,1274,As|Sn,3,3,3,3,4,3,1,3,4,0,1
11109,1277,In|Te,4,2,4,1,1,1,2,0,0,3,0
11110,1294,Ge|Te,0,3,1,0,3,2,0,3,1,1,2
11111,1278,Ba|O|Sr|Ti,0,4,4,3,3,0,4,0,4,1,0
11112,1284,Ca|O|Sr|Ti,4,0,4,2,3,0,3,2,4,2,1
11113,1284,Ca|O|Sr|Ti,4,0,4,2,3,0,2,3,4,0,2
11114,1295,In|Sn|Te,3,2,4,3,4,1,2,4,2,2,0
11115,1295,In|Sn|Te,3,2,4,3,4,1,1,3,4,4,2
11116,1295,In|Sn|Te,3,2,4,3,4,1,3,4,3,3,2
11117,1295,In|Sn|Te,3,2,4,3,4,1,0,2,0,0,4
11118,1295,In|Sn|Te,3,2,4,3,4,1,4,2,2,2,2
11119,1295,In|Sn|Te,3,2,4,3,4,1,3,3,0,0,2
11120,1295,In|Sn|Te,3,2,4,3,4,1,4,3,4,0,1
11121,989,B|C|Mg,0,0,4,4,2,0,1,2,2,2,0
11122,989,B|C|Mg,0,0,4,4,2,0,4,2,3,4,1
11123,989,B|C|Mg,0,0,4,4,2,0,1,1,3,2,2
11124,1083,Al|B|Mg,4,1,2,1,0,4,2,1,3,1,1
11125,988,B|Mg,0,0,1,4,3,2,2,4,3,3,1
11126,988,B|Mg,0,0,1,4,3,2,0,2,1,3,3
11127,988,B|Mg,0,0,1,4,3,2,0,4,3,0,0
11128,988,B|Mg,0,0,1,4,3,2,2,4,0,0,4
11129,988,B|Mg,0,0,1,4,3,2,0,1,3,1,0
11130,1083,Al|B|Mg,4,1,2,1,0,4,3,1,0,2,1
11131,1083,Al|B|Mg,4,1,2,1,0,4,2,1,1,0,3
11132,1083,Al|B|Mg,4,1,2,1,0,4,2,1,3,0,3
11133,1083,Al|B|Mg,4,1,2,1,0,4,4,2,3,2,3
11134,988,B|Mg,0,0,1,4,3,2,4,2,0,2,3
11135,1083,Al|B|Mg,4,1,2,1,0,4,1,2,4,0,0
11136,1083,Al|B|Mg,4,1,2,1,0,4,1,3,3,4,2
11137,1083,Al|B|Mg,4,1,2,1,0,4,4,4,4,0,3
11138,1083,Al|B|Mg,4,1,2,1,0,4,1,4,4,1,1
11139,990,B|Li|Pd,4,4,0,1,0,2,1,2,1,2,3
11140,1073,C|Mg|Ni,1,2,0,4,2,4,0,3,2,4,2
11141,1073,C|Mg|Ni,1,2,0,4,2,4,3,3,1,4,2
11142,1296,B|C|Mg|Ni,4,0,1,2,2,1,2,3,3,1,0
11143,1296,B|C|Mg|Ni,4,0,1,2,2,1,3,0,1,3,0
11144,1296,B|C|Mg|Ni,4,0,1,2,2,1,1,0,4,1,1
11145,1296,B|C|Mg|Ni,4,0,1,2,2,1,4,0,0,3,2
11146,759,Ce|Co|In,3,3,3,2,1,0,4,1,1,4,3
11147,760,Ce|Co|In|Sn,1,2,1,4,2,4,2,2,3,3,3
11148,1201,Na|S|Ta,3,4,0,3,1,2,3,0,3,3,0
11149,1201,Na|S|Ta,3,4,0,3,1,2,2,4,0,0,2
11150,239,C|Rb,0,3,3,1,1,3,2,0,3,0,0
11151,1071,Cl|N|Zr,1,4,1,4,3,2,4,3,4,1,3
11152,1297,Ce|Co|In|Rh,4,4,2,3,0,1,1,3,4,4,2
11153,1297,Ce|Co|In|Rh,4,4,2,3,0,1,0,0,0,1,2
11154,1297,Ce|Co|In|Rh,4,4,2,3,0,1,2,4,4,4,4
11155,1297,Ce|Co|In|Rh,4,4,2,3,0,1,2,1,0,0,1
11156,1297,Ce|Co|In|Rh,4,4,2,3,0,1,2,0,0,1,1
11157,1297,Ce|Co|In|Rh,4,4,2,3,0,1,4,1,0,0,2
11158,1297,Ce|Co|In|Rh,4,4,2,3,0,1,1,4,3,1,1
11159,1000,Nb|Se,0,2,1,4,0,2,2,2,4,4,3
11160,1000,Nb|Se,0,2,1,4,0,2,2,0,4,0,4
11161,992,Ba|Si,3,3,2,4,4,1,0,4,0,3,0
11162,992,Ba|Si,3,3,2,4,4,1,1,3,4,4,2
11163,992,Ba|Si,3,3,2,4,4,1,1,1,0,0,0
11164,992,Ba|Si,3,3,2,4,4,1,2,4,0,3,4
11165,1298,Ce|Pr|Ru,0,4,3,0,4,3,3,1,1,1,3
11166,1298,Ce|Pr|Ru,0,4,3,0,4,3,3,0,1,4,1
11167,1298,Ce|Pr|Ru,0,4,3,0,4,3,0,2,2,0,3
11168,1298,Ce|Pr|Ru,0,4,3,0,4,3,1,4,3,4,2
11169,1216,Ge|La,2,3,1,3,3,4,3,0,1,4,1
11170,1216,Ge|La,2,3,1,3,3,4,1,0,0,3,0
11171,1216,Ge|La,2,3,1,3,3,4,3,4,1,3,1
11172,1216,Ge|La,2,3,1,3,3,4,1,0,3,4,2
11173,1216,Ge|La,2,3,1,3,3,4,2,0,4,3,4
11174,1216,Ge|La,2,3,1,3,3,4,4,1,2,4,4
11175,1216,Ge|La,2,3,1,3,3,4,3,1,1,3,4
11176,1299,Ge|Y,4,0,0,3,4,0,0,2,3,3,1
11177,1300,B|Cr|Mg,2,1,4,1,0,0,4,3,2,3,1
11178,1300,B|Cr|Mg,2,1,4,1,0,0,4,4,3,0,4
11179,1300,B|Cr|Mg,2,1,4,1,0,0,1,1,4,3,0
11180,1301,B|C|Dy|Ni|Tb,3,2,1,4,1,3,0,4,2,3,3
11181,1301,B|C|Dy|Ni|Tb,3,2,1,4,1,3,3,0,0,2,2
11182,1301,B|C|Dy|Ni|Tb,3,2,1,4,1,3,1,3,3,2,4
11183,1302,B|C|Dy|Ni,0,2,3,0,4,0,2,1,3,3,3
11184,521,Ba|Cu|O|Pr,0,2,0,0,2,1,0,2,2,4,2
11185,521,Ba|Cu|O|Pr,0,2,0,0,2,1,0,3,4,3,0
11186,370,Ca|Cu|O|Sr,3,3,1,1,0,0,2,4,0,3,1
11187,1036,La|Os|Sb,2,2,0,0,0,2,4,4,2,2,0
11188,1007,Ce|Cu|Si,1,4,3,3,1,1,3,2,2,4,0
11189,1093,Hf|V,2,0,2,4,1,3,3,0,1,1,2
11190,1093,Hf|V,2,0,2,4,1,3,2,3,2,0,1
11191,1102,C|Ca,3,3,2,0,2,4,0,3,2,0,4
11192,28,Cu|La|Nd|O|Sr,3,3,0,3,1,0,3,4,3,2,0
11193,28,Cu|La|Nd|O|Sr,3,3,0,3,1,0,3,2,3,4,4
11194,28,Cu|La|Nd|O|Sr,3,3,0,3,1,0,4,1,2,0,0
11195,28,Cu|La|Nd|O|Sr,3,3,0,3,1,0,4,2,1,0,1
11196,120,Bi|Cu|La|O|Sr,1,3,1,3,0,0,2,2,1,3,2
11197,112,Bi|Cu|Nd|O|Sr,2,4,4,0,1,3,4,3,0,0,0
11198,417,Bi|Cu|Eu|O|Sr,1,3,4,1,3,1,4,4,0,2,4
11199,1303,Bi|Cu|Gd|O|Sr,1,0,4,2,1,3,2,2,3,0,2
11200,1304,Bi|Cu|Gd|La|O|Sr,2,4,3,0,4,0,2,4,1,1,2
11201,1305,Cd|In,2,4,0,2,3,4,1,3,0,4,3
11202,1305,Cd|In,2,4,0,2,3,4,2,0,2,1,4
11203,1305,Cd|In,2,4,0,2,3,4,3,1,2,1,1
11204,1305,Cd|In,2,4,0,2,3,4,2,1,2,3,3
11205,1306,In|La,0,4,4,1,3,3,3,0,3,4,0
11206,1307,Ce|In|La,0,3,0,3,3,0,2,0,0,0,1
11207,1307,Ce|In|La,0,3,0,3,3,0,0,2,2,0,0
11208,1307,Ce|In|La,0,3,0,3,3,0,2,1,3,1,1
11209,1307,Ce|In|La,0,3,0,3,3,0,4,3,0,1,4
11210,1308,Gd|In|La,3,4,2,2,4,3,2,4,2,1,4
11211,1015,B|Zr,0,0,1,2,2,2,0,2,4,3,4
11212,1052,B|Mo,2,1,4,4,1,3,1,0,1,3,3
11213,1309,B|W,0,3,4,1,2,3,1,4,1,4,0
11214,1144,Nb|Sn,4,4,1,2,2,3,3,0,1,3,3
11215,971,Sn,0,0,4,3,0,1,2,1,1,4,2
11216,1310,Ir|Mo,3,1,2,2,3,1,4,1,3,1,2
11217,980,Mo,2,2,4,3,0,2,0,4,0,1,2
11218,988,B|Mg,0,0,1,4,3,2,4,2,2,2,0
11219,1311,Ag|Bi,1,1,4,2,1,0,3,0,4,4,1
11220,1311,Ag|Bi,1,1,4,2,1,0,1,4,2,0,3
11221,996,Ag|B|F|O,1,2,0,1,4,3,2,0,1,3,2
11222,1312,Ag|Al,4,3,4,1,1,1,2,2,3,3,2
11223,1312,Ag|Al,4,3,4,1,1,1,3,2,2,2,1
11224,1313,Ag|F|N|O,4,0,4,2,4,3,0,3,0,2,0
11225,1314,Ag|F|H|O,0,4,3,0,2,1,2,3,4,4,3
11226,1315,Ag|I,1,1,3,2,3,2,3,1,3,2,1
11227,1316,Ag|Cd|Sn,2,4,0,3,4,4,4,2,1,0,1
11228,1317,Ag|La,0,2,2,1,1,0,4,1,0,1,2
11229,1317,Ag|La,0,2,2,1,1,0,2,3,0,0,3
11230,1318,Ag|In,0,0,3,4,3,2,4,1,2,4,4
11231,1318,Ag|In,0,0,3,4,3,2,0,3,1,3,1
11232,1319,Ag|Hg,0,2,3,3,3,0,2,1,0,3,3
11233,1320,Ag|Ge,4,3,3,2,3,4,1,1,1,2,3
11234,1320,Ag|Ge,4,3,3,2,3,4,2,2,4,2,2
11235,1321,Ag|Rh|Ti,1,3,4,1,3,0,0,1,1,0,0
11236,1322,Ag|Pb|S,2,2,1,1,2,1,2,2,3,0,2
11237,1323,Ag|Pb|Sn,3,2,2,4,3,3,4,3,3,4,2
11238,1324,Ag|Nb,0,0,4,0,4,2,2,4,3,3,2
11239,1325,Ag|Mo|S,3,3,2,2,1,1,4,1,1,4,3
11240,1325,Ag|Mo|S,3,3,2,2,1,1,4,0,0,4,3
11241,1325,Ag|Mo|S,3,3,2,2,1,1,1,3,3,1,2
11242,1326,Ag|Te,3,1,2,4,1,4,1,1,0,0,0
11243,1327,Al|Au,3,0,4,4,2,1,0,3,3,3,4
11244,1327,Al|Au,3,0,4,4,2,1,4,4,4,1,0
11245,1328,Al|As|Ga|Nb,3,0,1,3,0,2,3,2,4,4,0
11246,1190,Al,3,1,3,1,4,0,1,2,2,3,0
11247,1329,Ag|Zn,4,4,2,2,3,0,0,4,3,4,4
11248,1330,Ag|Tl,0,0,0,2,0,3,0,3,2,4,2
11249,1330,Ag|Tl,0,0,0,2,0,3,1,1,1,4,0
11250,1330,Ag|Tl,0,0,0,2,0,3,3,4,3,4,1
11251,1331,Al|Be|Nb,1,4,3,4,0,1,2,0,4,3,2
11252,1332,Al|Be,2,1,4,1,3,2,1,3,3,3,4
11253,1332,Al|Be,2,1,4,1,3,2,4,2,3,1,4
11254,1333,Al|B|Nb,2,4,0,3,0,4,0,4,1,3,1
11255,1334,Al|B|Mo,0,2,1,3,4,2,3,4,2,0,4
11256,1104,Al|Ca|Si,0,4,0,1,2,4,4,4,4,0,1
11257,1335,Al|Ga|V,1,2,0,2,3,3,3,0,4,4,4
11258,1336,Al|Ga|Nb,3,0,0,1,0,4,1,3,3,0,2
11259,1336,Al|Ga|Nb,3,0,0,1,0,4,1,0,1,4,3
11260,1337,Al|Fe,3,4,4,3,1,4,3,2,2,2,2
11261,1338,Al|Er,4,0,1,2,1,0,3,3,1,4,2
11262,1339,Al|Cu,1,2,1,3,4,4,3,2,4,3,2
11263,1339,Al|Cu,1,2,1,3,4,4,1,1,4,1,1
11264,1340,Al|Cr|Nb,0,3,3,4,4,2,1,0,3,3,2
11265,1341,Al|Ge|Nb,1,0,3,3,1,2,2,4,0,4,0
11266,1341,Al|Ge|Nb,1,0,3,3,1,2,1,1,3,0,3
11267,1341,Al|Ge|Nb,1,0,3,3,1,2,3,3,1,2,2
11268,1341,Al|Ge|Nb,1,0,3,3,1,2,2,1,4,0,0
11269,1342,Al|Ge,0,3,0,2,4,0,1,0,1,0,0
11270,1342,Al|Ge,0,3,0,2,4,0,4,3,1,3,1
11271,1342,Al|Ge,0,3,0,2,4,0,0,0,1,1,3
11272,1342,Al|Ge,0,3,0,2,4,0,4,2,1,2,1
11273,1343,Al|Gd|La,4,2,3,1,1,1,1,0,2,2,0
11274,1335,Al|Ga|V,1,2,0,2,3,3,0,4,3,1,3
11275,1335,Al|Ga|V,1,2,0,2,3,3,2,3,4,0,0
11276,1214,Al|La,1,3,4,4,3,4,3,3,1,0,4
11277,1214,Al|La,1,3,4,4,3,4,3,2,4,0,2
11278,1214,Al|La,1,3,4,4,3,4,3,1,1,4,2
11279,1344,Al|In|Sn,4,3,0,2,1,3,0,3,3,4,0
11280,1341,Al|Ge|Nb,1,0,3,3,1,2,3,4,2,0,1
11281,1341,Al|Ge|Nb,1,0,3,3,1,2,0,4,4,3,1
11282,1341,Al|Ge|Nb,1,0,3,3,1,2,2,3,0,3,0
11283,1341,Al|Ge|Nb,1,0,3,3,1,2,3,3,1,0,4
11284,1345,Al|Mg,0,4,4,3,2,2,2,2,2,1,1
11285,1345,Al|Mg,0,4,4,3,2,2,0,1,1,0,4
11286,1345,Al|Mg,0,4,4,3,2,2,0,3,2,0,4
11287,1345,Al|Mg,0,4,4,3,2,2,4,1,1,2,4
11288,1345,Al|Mg,0,4,4,3,2,2,2,2,3,4,1
11289,1346,Al|Nb,2,4,3,1,4,0,0,4,3,1,2
11290,1346,Al|Nb,2,4,3,1,4,0,1,0,2,0,3
11291,1346,Al|Nb,2,4,3,1,4,0,2,0,0,2,2
11292,1346,Al|Nb,2,4,3,1,4,0,0,3,2,1,1
11293,1346,Al|Nb,2,4,3,1,4,0,2,1,2,1,1
11294,1347,Al|N|Nb,2,1,2,1,0,4,4,3,3,1,4
11295,1348,Al|N,3,4,2,0,0,0,0,4,0,1,2
11296,1349,Al|Mo|S|Sn,4,0,1,4,1,1,1,3,0,2,1
11297,1350,Al|Mo|Pd,0,4,4,4,4,0,4,4,4,3,4
11298,1351,Al|Mo,1,2,0,3,0,3,4,3,4,3,4
11299,1352,Al|Nb|V,4,4,0,1,0,2,1,1,1,2,2
11300,1353,Al|Nb|Sn,0,4,0,1,3,4,3,2,0,4,4
11301,1353,Al|Nb|Sn,0,4,0,1,3,4,4,4,0,4,3
11302,1354,Al|Nb|Si,2,0,2,2,1,1,0,2,1,3,2
11303,1355,Al|Nb|Sb,2,0,2,2,2,4,1,0,0,1,2
11304,1355,Al|Nb|Sb,2,0,2,2,2,4,0,2,1,3,3
11305,1356,Al|Nb|O,1,3,3,2,4,4,1,2,2,4,2
11306,1356,Al|Nb|O,1,3,3,2,4,4,3,4,2,2,3
11307,1357,Al|Nb|Ni,3,1,0,0,2,1,1,4,4,1,4
11308,1346,Al|Nb,2,4,3,1,4,0,4,4,1,3,4
11309,1346,Al|Nb,2,4,3,1,4,0,3,4,1,2,1
11310,1346,Al|Nb,2,4,3,1,4,0,3,2,1,1,3
11311,1358,Al|Pt,2,2,3,4,0,3,3,1,1,1,1
11312,1359,Al|Os,1,2,1,0,4,0,1,0,1,4,0
11313,1359,Al|Os,1,2,1,0,4,0,2,1,4,2,3
11314,1359,Al|Os,1,2,1,0,4,0,1,2,4,0,3
11315,1360,Al|Nb|Zr,0,3,4,4,0,2,3,1,0,2,0
11316,1360,Al|Nb|Zr,0,3,4,4,0,2,2,2,2,4,3
11317,1352,Al|Nb|V,4,4,0,1,0,2,4,2,0,3,2
11318,1361,Al|Ta,1,3,3,4,1,3,3,2,0,1,1
11319,1362,Al|Sn,0,0,2,2,4,1,1,0,1,3,0
11320,1363,Al|Si|V,4,0,0,4,2,3,1,4,4,0,0
11321,1363,Al|Si|V,4,0,0,4,2,3,3,2,4,0,1
11322,1364,Al|Re,1,0,1,0,3,1,0,3,2,4,3
11323,1364,Al|Re,1,0,1,0,3,1,0,4,4,0,3
11324,1365,Al|V,2,3,2,3,0,3,0,2,3,2,4
11325,1365,Al|V,2,3,2,3,0,3,2,4,2,3,4
11326,1366,Al|Ti|V,0,0,4,3,4,2,4,4,1,1,4
11327,1367,Al|Zn,0,3,3,0,1,3,0,0,3,4,4
11328,1368,Al|Yb,1,1,4,0,0,2,0,1,4,0,0
11329,1369,As|Cd|Sn,2,4,2,0,0,1,2,1,0,3,3
11330,1370,As|Cd|Ge,3,1,3,3,0,0,0,0,0,3,4
11331,1371,As|Bi|Pb|Sb,0,1,3,2,1,1,1,3,0,2,3
11332,1372,As|Bi|Pb,4,2,4,3,4,1,2,2,2,0,0
11333,1373,As|Bi|Nb|Sn,1,1,1,4,0,4,3,3,0,2,1
11334,1374,Al|Zr,0,0,3,4,1,0,4,4,1,3,2
11335,1374,Al|Zr,0,0,3,4,1,0,4,4,0,3,1
11336,1375,As|Ge,2,3,2,4,4,4,2,0,1,3,2
11337,1376,As|Ga|Nb|Sn,3,0,4,2,1,4,3,4,2,3,2
11338,1377,As|Pb,4,0,0,4,2,3,3,4,0,1,4
11339,1378,As|Nb|Sn|Tl,0,3,3,4,2,1,1,1,0,1,4
11340,1379,As|Nb|Sn,4,1,1,0,0,3,1,3,1,3,3
11341,1380,As|Nb|Pb|Sn,1,1,0,0,1,0,0,0,2,1,0
11342,1381,As|Mo,2,4,0,1,3,1,2,1,1,0,3
11343,1382,As|In|Nb|Sn,3,2,2,1,0,0,1,0,1,3,3
11344,1383,As|Pd,2,3,4,0,3,3,3,0,4,0,3
11345,1383,As|Pd,2,3,4,0,3,3,4,3,3,2,0
11346,1383,As|Pd,2,3,4,0,3,3,3,4,2,1,4
11347,1274,As|Sn,3,3,3,3,4,3,3,3,3,4,1
11348,1384,As|Se|Y,4,4,2,4,3,3,2,4,0,1,2
11349,1385,As|Rh,3,0,0,4,4,4,4,3,3,4,4
11350,1386,As|W,3,2,0,1,0,0,4,0,4,0,0
11351,1387,Au|Ga,2,1,0,0,0,2,4,0,3,3,1
11352,1388,Au|Ca,3,0,2,3,3,3,3,1,2,1,3
11353,1389,Au|C|Y,3,4,4,2,2,1,1,2,3,4,1
11354,1390,Au|Bi,0,0,3,3,2,4,3,2,3,0,4
11355,1391,Au|Be,2,3,1,4,3,4,0,1,4,4,1
11356,1391,Au|Be,2,3,1,4,3,4,3,2,0,4,3
11357,1392,Au|Ba,4,4,1,3,0,0,1,2,1,0,3
11358,1393,Au|B|Mo,0,2,4,2,4,3,1,1,1,2,1
11359,1394,Au|In,1,3,0,0,2,0,1,0,2,0,4
11360,1394,Au|In,1,3,0,0,2,0,1,1,4,2,2
11361,1395,Au|Ge,2,4,0,2,2,4,3,3,4,0,0
11362,1395,Au|Ge,2,4,0,2,2,4,1,4,3,2,0
11363,1395,Au|Ge,2,4,0,2,2,4,3,3,2,2,4
11364,1387,Au|Ga,2,1,0,0,0,2,1,0,1,0,2
11365,1387,Au|Ga,2,1,0,0,0,2,3,1,2,4,0
11366,1146,Au|Nb,2,2,2,1,4,4,0,1,0,3,0
11367,1146,Au|Nb,2,2,2,1,4,4,4,4,0,2,0
11368,1146,Au|Nb,2,2,2,1,4,4,4,1,3,2,1
11369,1146,Au|Nb,2,2,2,1,4,4,2,0,2,1,2
11370,1215,Au|La,4,4,1,2,4,1,3,2,0,2,4
11371,1215,Au|La,4,4,1,2,4,1,1,1,0,2,2
11372,1215,Au|La,4,4,1,2,4,1,0,3,3,3,4
11373,1396,Au|Sn,3,2,1,4,4,0,3,0,2,0,4
11374,1396,Au|Sn,3,2,1,4,4,0,3,4,3,4,1
11375,1396,Au|Sn,3,2,1,4,4,0,4,0,3,3,0
11376,1397,Au|Sb,4,1,2,4,4,4,2,3,2,0,3
11377,1398,Au|Rh|Ti,4,4,1,1,1,2,2,3,3,1,4
11378,1399,Au|Pd|Te,4,2,0,1,2,4,4,0,0,3,3
11379,1399,Au|Pd|Te,4,2,0,1,2,4,3,3,0,4,0
11380,1400,Au|Ga|Pd,3,4,3,2,1,0,1,4,4,0,1
11381,1401,Au|Pb,3,3,2,4,3,4,3,3,0,0,3
11382,1401,Au|Pb,3,3,2,4,3,4,4,4,1,3,4
11383,1401,Au|Pb,3,3,2,4,3,4,3,1,2,0,1
11384,1147,Au|Nb|Pt,4,1,1,4,3,2,1,3,3,1,2
11385,1402,Au|Zr,0,3,2,4,1,4,4,4,2,2,4
11386,1403,Au|Zn,0,1,0,0,0,3,2,1,0,1,3
11387,1404,Au|V,0,3,0,1,0,2,4,2,1,1,2
11388,1405,Au|Tl,1,3,3,1,2,0,4,3,3,0,2
11389,1405,Au|Tl,1,3,3,1,2,0,2,0,0,2,4
11390,1405,Au|Tl,1,3,3,1,2,0,4,2,0,4,2
11391,1406,Au|Te,2,3,2,4,0,4,4,4,2,4,4
11392,1407,Au|Ta,4,3,0,4,2,0,2,3,3,1,1
11393,1176,B|C|Mo,0,4,1,1,2,1,4,3,1,3,1
11394,1408,B|Hf|Nb,0,3,0,3,4,0,3,1,2,1,3
11395,1409,B|Hf|Mo,1,4,2,2,0,0,4,0,1,4,4
11396,1410,B|Hf,2,0,1,4,0,1,0,0,2,2,0
11397,1411,B|Mo|Nb,3,2,4,1,0,4,2,2,4,3,4
11398,1411,B|Mo|Nb,3,2,4,1,0,4,3,0,1,0,1
11399,1052,B|Mo,2,1,4,4,1,3,2,1,4,3,4
11400,1052,B|Mo,2,1,4,4,1,3,2,3,0,4,2
11401,1412,B|Lu,1,0,0,3,0,3,0,4,2,2,4
11402,1112,B|Nb,0,4,2,4,2,0,4,3,0,1,2
11403,1413,B|Mo|Zr,0,4,0,1,3,0,3,1,1,4,2
11404,1413,B|Mo|Zr,0,4,0,1,3,0,1,2,4,2,0
11405,1414,B|Mo|Y,3,0,2,3,0,0,0,2,4,0,1
11406,1415,B|Mo|V,4,3,0,1,2,0,1,4,1,1,4
11407,1416,B|Mo|Ti,0,4,3,0,0,3,3,4,2,2,3
11408,1417,B|Mo|Ta,3,2,1,3,0,3,4,0,3,3,2
11409,1417,B|Mo|Ta,3,2,1,3,0,3,3,4,0,1,1
11410,1417,B|Mo|Ta,3,2,1,3,0,3,2,0,3,3,1
11411,1418,B|Mo|Sc,1,0,3,4,3,2,2,2,2,1,2
11412,1419,B|Mo|S|Sn,1,2,0,2,3,3,2,4,3,2,2
11413,1420,B|Nb|Zr,0,0,4,2,0,1,2,0,2,4,1
11414,1421,B|Nb|Y,1,2,1,3,3,1,0,0,0,2,0
11415,1422,B|Nb|V,4,0,2,0,3,3,0,3,0,2,2
11416,1423,B|Nb|Ti,1,1,4,1,0,0,0,2,1,4,1
11417,1424,B|Nb|Sc,2,0,4,0,2,3,0,1,1,4,2
11418,1425,B|Nb|Ru,3,4,4,4,4,3,0,3,0,2,4
11419,1112,B|Nb,0,4,2,4,2,0,3,1,3,3,4
11420,1426,B|Ru,0,0,0,0,4,3,1,3,0,3,3
11421,1427,B|Re,1,0,1,0,2,4,3,4,3,2,2
11422,1428,B|Nd,4,2,3,4,3,0,2,3,1,2,0
11423,1429,B|Ta,3,4,3,4,4,1,4,0,4,2,1
11424,1430,B|Sc,1,0,0,3,3,2,4,2,0,1,2
11425,1431,B|Ta|W,4,1,4,0,2,0,1,1,3,1,2
11426,1015,B|Zr,0,0,1,2,2,2,1,3,3,4,3
11427,1432,B|Yb|Zr,2,0,0,4,1,1,1,4,1,2,0
11428,1038,B|Y,4,1,0,2,1,4,0,4,1,0,0
11429,1038,B|Y,4,1,0,2,1,4,4,4,1,0,2
11430,1309,B|W,0,3,4,1,2,3,1,4,1,0,0
11431,1433,Ba|Pb|Sr,3,3,0,3,2,0,2,2,2,3,4
11432,1434,Ba|O|W,2,4,4,3,3,2,2,4,2,1,0
11433,1434,Ba|O|W,2,4,4,3,3,2,3,3,3,2,1
11434,1435,Ba|Hg,4,4,1,2,2,1,2,3,2,4,1
11435,1045,Ba|Bi,3,2,1,4,4,1,1,1,4,4,0
11436,1260,Ba,1,2,1,0,1,3,0,2,1,1,1
11437,1260,Ba,1,2,1,0,1,3,1,3,1,4,2
11438,1260,Ba,1,2,1,0,1,3,2,3,2,3,1
11439,1260,Ba,1,2,1,0,1,3,4,3,2,3,0
11440,1260,Ba,1,2,1,0,1,3,0,3,2,1,4
11441,1436,Be|Cu,0,1,0,2,3,1,0,0,0,4,3
11442,1437,Ba|Rh,2,3,3,1,0,2,0,4,4,2,3
11443,1438,Be|Ga,1,4,2,2,4,4,3,2,4,0,2
11444,1438,Be|Ga,1,4,2,2,4,4,1,4,4,2,0
11445,1438,Be|Ga,1,4,2,2,4,4,2,1,2,4,2
11446,1438,Be|Ga,1,4,2,2,4,4,4,1,1,0,4
11447,1438,Be|Ga,1,4,2,2,4,4,4,0,0,4,4
11448,1436,Be|Cu,0,1,0,2,3,1,0,3,4,1,1
11449,1436,Be|Cu,0,1,0,2,3,1,0,1,3,1,2
11450,1439,Be|Mg|Re,4,3,4,1,2,3,4,0,4,2,2
11451,1440,Be|Ir,0,3,3,0,0,4,4,0,1,1,1
11452,1438,Be|Ga,1,4,2,2,4,4,1,1,4,3,4
11453,1438,Be|Ga,1,4,2,2,4,4,3,4,3,1,0
11454,1441,Be|Mo|Re,2,4,1,3,1,2,2,1,1,1,1
11455,1441,Be|Mo|Re,2,4,1,3,1,2,0,1,4,1,1
11456,1441,Be|Mo|Re,2,4,1,3,1,2,1,2,3,3,2
11457,976,Be|Mo,1,4,2,2,2,2,1,0,0,2,2
11458,1442,Be|Ni,3,3,2,0,3,0,3,3,1,0,0
11459,1442,Be|Ni,3,3,2,0,3,0,4,2,2,3,0
11460,1442,Be|Ni,3,3,2,0,3,0,0,3,3,0,3
11461,1442,Be|Ni,3,3,2,0,3,0,1,1,3,3,3
11462,1442,Be|Ni,3,3,2,0,3,0,1,0,0,0,4
11463,1443,Be|Nb|Zr,3,4,1,3,2,1,4,3,1,3,1
11464,1444,Be|Nb|Ta,0,1,3,4,1,3,1,0,2,0,1
11465,1445,Be|Nb,4,4,4,0,4,0,4,3,4,2,1
11466,1445,Be|Nb,4,4,4,0,4,0,4,4,0,3,0
11467,1445,Be|Nb,4,4,4,0,4,0,2,3,2,1,0
11468,1446,Be|Pb,3,0,2,4,3,2,3,1,0,2,1
11469,1447,Be|Os|Re,2,4,2,1,4,4,2,3,4,0,3
11470,1448,Be|Os,3,1,1,2,4,0,2,0,2,3,0
11471,1448,Be|Os,3,1,1,2,4,0,4,1,4,3,3
11472,1448,Be|Os,3,1,1,2,4,0,3,0,0,4,3
11473,1448,Be|Os,3,1,1,2,4,0,3,2,3,2,2
11474,1449,Be|Re|W,3,1,4,4,2,2,4,3,0,3,2
11475,1447,Be|Os|Re,2,4,2,1,4,4,4,2,4,0,3
11476,979,Be|Re,4,1,1,4,1,0,0,4,3,1,4
11477,979,Be|Re,4,1,1,4,1,0,4,1,1,1,2
11478,979,Be|Re,4,1,1,4,1,0,1,2,2,0,4
11479,979,Be|Re,4,1,1,4,1,0,0,2,2,4,2
11480,1450,Be|Pt,4,1,1,3,0,2,0,1,1,4,2
11481,1451,Be|Ru,4,2,3,1,1,2,4,1,0,3,4
11482,1451,Be|Ru,4,2,3,1,1,2,2,1,3,3,4
11483,1452,Be|Rh,1,1,0,1,2,3,2,0,2,4,2
11484,1453,Be|Ta,2,2,0,1,1,2,3,4,0,0,4
11485,1454,Be|Si,3,0,0,2,3,3,2,1,3,1,2
11486,1451,Be|Ru,4,2,3,1,1,2,1,2,0,4,2
11487,1044,Bi|Ca,1,0,1,2,1,0,4,3,4,0,0
11488,1455,Bi|C|Y,0,2,4,0,1,2,3,3,0,2,2
11489,1456,Bi|Co,3,3,0,3,1,0,3,0,2,2,2
11490,1457,Bi|Cd|Sn,4,1,0,1,2,4,4,0,1,0,0
11491,1458,Bi|Cd|Pb|Sn,0,0,3,3,2,2,4,1,0,4,2
11492,1459,Bi|Cd,0,3,2,0,1,4,2,2,2,3,0
11493,1460,Bi|Ge|Nb|Sn,1,1,4,1,0,1,0,3,1,3,2
11494,1461,Bi|Ga|Nb|Sn,1,4,2,3,3,0,3,3,1,0,2
11495,1462,Bi|Cu,3,1,2,0,0,4,2,1,0,4,4
11496,1462,Bi|Cu,3,1,2,0,0,4,2,1,1,3,1
11497,1463,Bi|Cs,2,0,0,1,3,1,3,2,4,2,2
11498,1137,Bi|In,1,2,4,3,3,1,4,0,2,3,3
11499,1137,Bi|In,1,2,4,3,3,1,2,0,1,1,2
11500,1137,Bi|In,1,2,4,3,3,1,4,3,3,0,3
11501,1137,Bi|In,1,2,4,3,3,1,4,0,4,3,2
11502,1137,Bi|In,1,2,4,3,3,1,1,3,2,2,2
11503,1137,Bi|In,1,2,4,3,3,1,1,0,4,4,3
11504,1137,Bi|In,1,2,4,3,3,1,0,1,1,2,4
11505,1137,Bi|In,1,2,4,3,3,1,4,4,0,3,2
11506,1137,Bi|In,1,2,4,3,3,1,4,3,3,4,2
11507,1137,Bi|In,1,2,4,3,3,1,2,0,3,4,0
11508,1137,Bi|In,1,2,4,3,3,1,4,2,1,3,4
11509,1464,Bi|Li,3,0,3,2,0,4,0,2,2,1,1
11510,1043,Bi|K,4,0,0,2,1,1,0,4,3,0,1
11511,1043,Bi|K,4,0,0,2,1,1,3,1,3,4,1
11512,1465,Bi|Ir,3,0,4,3,2,3,2,2,2,3,0
11513,1466,Bi|In|Nb|Sn,3,4,1,1,4,2,4,2,3,4,4
11514,1047,Bi|Ni,0,1,1,4,1,4,2,4,1,3,0
11515,1047,Bi|Ni,0,1,1,4,1,4,0,4,2,1,3
11516,1467,Bi|Nb|Sn|Tl,4,1,1,2,4,1,4,0,1,4,3
11517,1468,Bi|Nb|Sn,4,4,1,3,3,2,4,4,1,3,2
11518,1469,Bi|Nb,2,4,4,2,3,4,3,1,3,1,1
11519,1470,Bi|Na,0,4,3,0,3,4,1,0,1,0,4
11520,1471,Bi|Mo,1,2,2,3,3,1,3,2,4,2,1
11521,1472,Bi|Pb,4,4,4,4,3,2,4,1,2,0,0
11522,1472,Bi|Pb,4,4,4,4,3,2,0,4,2,4,1
11523,1472,Bi|Pb,4,4,4,4,3,2,2,2,3,1,2
11524,1472,Bi|Pb,4,4,4,4,3,2,1,0,2,0,3
11525,1472,Bi|Pb,4,4,4,4,3,2,0,4,2,3,1
11526,1472,Bi|Pb,4,4,4,4,3,2,1,0,3,0,0
11527,1472,Bi|Pb,4,4,4,4,3,2,3,0,4,4,2
11528,1472,Bi|Pb,4,4,4,4,3,2,4,0,0,0,2
11529,1472,Bi|Pb,4,4,4,4,3,2,2,0,3,3,2
11530,1472,Bi|Pb,4,4,4,4,3,2,0,0,3,3,0
11531,1472,Bi|Pb,4,4,4,4,3,2,4,2,2,2,4
11532,1472,Bi|Pb,4,4,4,4,3,2,3,3,4,0,2
11533,1473,Bi|Pd|Se,1,0,4,4,3,0,2,0,0,4,0
11534,1474,Bi|Pd,3,1,4,4,3,4,1,4,1,1,3
11535,1474,Bi|Pd,3,1,4,4,3,4,3,2,2,1,2
11536,1474,Bi|Pd,3,1,4,4,3,4,4,3,2,0,2
11537,1474,Bi|Pd,3,1,4,4,3,4,2,1,2,4,3
11538,1475,Bi|Pb|Sn,3,1,0,0,2,1,1,2,0,1,1
11539,1475,Bi|Pb|Sn,3,1,0,0,2,1,1,3,3,2,3
11540,1476,Bi|Pb|Sb,2,0,3,1,1,2,3,3,2,0,0
11541,1472,Bi|Pb,4,4,4,4,3,2,3,1,0,1,0
11542,1472,Bi|Pb,4,4,4,4,3,2,2,3,1,2,3
11543,1477,Bi|Re,3,1,0,2,1,3,3,4,1,1,4
11544,1478,Bi|Rb,4,0,4,4,3,3,4,0,2,4,0
11545,1479,Bi|Pt|Te,0,4,3,1,4,2,2,3,4,0,3
11546,1480,Bi|Pt|Se,1,4,2,3,2,4,4,1,1,2,2
11547,1481,Bi|Pt,2,3,2,1,3,1,2,1,3,3,2
11548,1482,Bi|Pd|Te,4,1,2,3,2,3,2,2,3,4,2
11549,1483,Bi|Ru,2,4,1,4,2,1,2,2,4,3,1
11550,1046,Bi|Rh,2,4,4,1,1,0,0,1,0,2,4
11551,1046,Bi|Rh,2,4,4,1,1,0,1,4,1,3,3
11552,1046,Bi|Rh,2,4,4,1,1,0,0,4,3,0,4
11553,1283,Bi|Te,4,1,2,1,1,0,4,0,3,1,0
11554,1484,Bi|Sr,4,3,4,3,4,4,3,3,4,4,2
11555,1282,Bi|Sn,3,0,0,3,2,1,2,1,1,4,3
11556,1282,Bi|Sn,3,0,0,3,2,1,4,3,3,0,0
11557,1282,Bi|Sn,3,0,0,3,2,1,2,3,3,0,2
11558,1282,Bi|Sn,3,0,0,3,2,1,3,0,3,1,4
11559,1282,Bi|Sn,3,0,0,3,2,1,0,0,4,3,4
11560,1282,Bi|Sn,3,0,0,3,2,1,0,4,1,0,4
11561,1282,Bi|Sn,3,0,0,3,2,1,3,1,0,2,2
11562,1282,Bi|Sn,3,0,0,3,2,1,0,1,2,0,1
11563,1485,Bi|Y,2,1,4,1,4,0,3,3,4,0,1
11564,1486,Bi|Tl,3,2,4,2,4,2,1,2,2,1,4
11565,1486,Bi|Tl,3,2,4,2,4,2,1,1,3,0,4
11566,1486,Bi|Tl,3,2,4,2,4,2,0,4,2,0,2
11567,1486,Bi|Tl,3,2,4,2,4,2,3,3,4,4,3
11568,1487,C|Ca|Y,0,1,2,0,2,3,2,3,4,1,3
11569,1488,Bi|Zr,2,4,1,0,2,2,4,0,2,2,1
11570,1488,Bi|Zr,2,4,1,0,2,2,0,2,4,4,3
11571,1489,Bi|Zn,2,1,2,0,1,2,2,2,2,4,4
11572,241,C|Cs,0,2,1,0,4,2,1,1,4,4,0
11573,1490,C|Cr|Y,1,1,0,1,2,2,1,1,1,2,4
11574,1177,C|Hf|Mo,1,4,0,0,0,2,1,0,1,1,4
11575,1177,C|Hf|Mo,1,4,0,0,0,2,0,2,0,3,3
11576,1491,C|Ge|Y,2,0,4,3,2,1,0,1,4,0,3
11577,1492,C|Ge|La,0,3,4,1,0,4,4,0,1,0,4
11578,1493,C|Ga|Mo,1,0,4,0,2,1,3,0,3,1,0
11579,1494,C|Ir|Mo,4,2,2,1,1,4,2,1,4,3,2
11580,1494,C|Ir|Mo,4,2,2,1,1,4,0,1,4,4,4
11581,985,C|La,2,2,1,2,2,4,4,4,1,2,4
11582,985,C|La,2,2,1,2,2,4,0,1,1,1,4
11583,985,C|La,2,2,1,2,2,4,0,0,0,1,0
11584,985,C|La,2,2,1,2,2,4,4,3,1,0,3
11585,985,C|La,2,2,1,2,2,4,4,0,2,3,0
11586,240,C|K,4,2,4,0,0,4,3,2,0,3,4
11587,1495,C|Ir|W,2,1,4,2,2,3,1,4,4,3,2
11588,1050,C|Mo,0,2,0,1,2,4,0,3,0,1,4
11589,1050,C|Mo,0,2,0,1,2,4,1,0,4,3,0
11590,1050,C|Mo,0,2,0,1,2,4,4,2,4,4,3
11591,1050,C|Mo,0,2,0,1,2,4,3,0,1,4,0
11592,1050,C|Mo,0,2,0,1,2,4,4,2,2,0,3
11593,1050,C|Mo,0,2,0,1,2,4,1,1,0,1,4
11594,1496,C|Lu,1,1,0,1,1,2,3,0,0,3,1
11595,1497,C|Mo|Zr,3,4,2,3,3,2,3,4,2,2,0
11596,1498,C|Mo|Y,0,3,0,4,4,0,4,0,2,0,4
11597,1499,C|Mo|Ti,4,0,4,4,2,2,2,1,4,1,0
11598,1500,C|Mo|Ta,1,3,2,0,2,4,0,1,4,4,2
11599,1501,C|Mo|Si,1,2,0,2,0,3,0,2,4,1,0
11600,1502,C|Mo|Ru,2,3,1,3,2,1,1,3,1,4,1
11601,1503,C|Mo|Re,1,1,1,4,0,1,4,4,1,2,2
11602,1503,C|Mo|Re,1,1,1,4,0,1,3,2,2,0,3
11603,1504,C|Mo|Pt,2,0,1,0,2,2,1,1,4,3,2
11604,1050,C|Mo,0,2,0,1,2,4,0,1,1,4,4
11605,1050,C|Mo,0,2,0,1,2,4,4,1,4,1,1
11606,1115,C|Nb,3,2,2,3,0,1,1,3,1,1,4
11607,1115,C|Nb,3,2,2,3,0,1,3,3,1,3,0
11608,1115,C|Nb,3,2,2,3,0,1,4,3,4,1,0
11609,1115,C|Nb,3,2,2,3,0,1,1,3,2,0,1
11610,1505,C|N|Nb|V,3,0,3,2,4,3,1,4,3,1,2
11611,1506,C|N|Nb|Ti,4,3,1,4,1,2,4,2,0,4,4
11612,1507,C|N|Nb,1,1,1,2,2,4,1,2,3,3,0
11613,1507,C|N|Nb,1,1,1,2,2,4,1,4,2,0,1
11614,1507,C|N|Nb,1,1,1,2,2,4,1,0,0,2,2
11615,1508,C|Pd,0,3,0,2,0,3,2,1,1,2,4
11616,1509,C|Os|W,1,2,0,3,3,4,3,4,1,1,2
11617,1510,C|Nb|Y,3,3,3,3,1,4,3,4,4,4,1
11618,1116,C|Nb|Ta,1,2,3,1,2,1,2,1,1,1,0
11619,1511,C|Ru,2,2,3,4,0,2,4,2,3,0,1
11620,1512,C|Rh,0,0,3,2,1,3,1,3,0,2,2
11621,1512,C|Rh,0,0,3,2,1,3,0,3,1,4,0
11622,1287,C|Re|W,2,1,2,1,1,0,4,1,2,0,3
11623,1513,C|Re,2,0,2,4,3,2,2,2,1,4,2
11624,239,C|Rb,0,3,3,1,1,3,3,1,4,1,0
11625,1514,C|Pt|W,3,4,2,2,4,0,2,1,2,0,0
11626,1114,C|Ta,0,0,1,1,4,2,0,2,2,0,4
11627,1515,C|Sn|Y,0,2,0,3,1,3,3,3,0,4,4
11628,1516,C|Si|Y,4,2,3,1,0,2,4,4,2,0,1
11629,1517,C|Ru|Y,3,3,1,1,4,3,0,0,0,4,4
11630,1518,C|Tc,0,3,2,4,4,1,4,4,0,2,0
11631,1519,C|Ta|W,2,1,1,0,4,4,0,4,1,1,0
11632,1519,C|Ta|W,2,1,1,0,4,4,0,2,2,1,2
11633,1520,C|Ta|Ti,4,2,2,2,4,1,2,3,4,1,4
11634,1114,C|Ta,0,0,1,1,4,2,3,4,3,3,2
11635,1114,C|Ta,0,0,1,1,4,2,3,0,3,3,2
11636,1521,C|Ti|Y,2,0,4,0,2,1,4,3,0,4,0
11637,1521,C|Ti|Y,2,0,4,0,2,1,3,2,4,1,1
11638,1051,C|W,4,1,1,2,1,4,4,4,0,1,4
11639,1051,C|W,4,1,1,2,1,4,2,2,4,2,3
11640,1051,C|W,4,1,1,2,1,4,1,2,3,1,4
11641,1051,C|W,4,1,1,2,1,4,3,4,1,0,0
11642,1051,C|W,4,1,1,2,1,4,3,1,2,1,1
11643,1051,C|W,4,1,1,2,1,4,1,0,3,4,0
11644,1522,C|V|Y,0,3,4,4,0,3,0,3,2,0,1
11645,1523,C|Y|Zn,1,0,4,2,2,4,3,3,0,2,1
11646,986,C|Y,2,2,0,0,3,2,2,0,1,3,1
11647,986,C|Y,2,2,0,0,3,2,2,1,0,2,2
11648,986,C|Y,2,2,0,0,3,2,3,2,0,1,0
11649,1524,C|W|Y,4,3,0,3,4,2,0,3,4,1,4
11650,984,Cd,1,0,0,0,3,2,1,2,1,3,3
11651,1525,Ca|Tl,2,1,1,4,3,1,2,4,3,3,1
11652,1526,Ca|Si,3,2,1,0,4,2,2,0,2,3,1
11653,1527,Ca|Hg,1,3,4,0,3,3,1,2,0,1,4
11654,1527,Ca|Hg,1,3,4,0,3,3,4,4,4,3,4
11655,1527,Ca|Hg,1,3,4,0,3,3,2,0,4,0,3
11656,1528,Cd|Mg,3,2,4,3,4,3,3,1,4,2,3
11657,1528,Cd|Mg,3,2,4,3,4,3,2,3,4,0,2
11658,1528,Cd|Mg,3,2,4,3,4,3,3,2,0,2,3
11659,1529,Cd|In|La,4,2,2,1,2,3,1,0,3,2,0
11660,1530,Cd|Hg,1,0,4,2,3,4,4,1,0,4,2
11661,1530,Cd|Hg,1,0,4,2,3,4,1,2,3,4,0
11662,1531,Cd|Ge,1,4,3,4,2,3,4,0,4,3,0
11663,1532,Cd|Cu|Se,2,4,0,2,2,2,0,3,2,3,3
11664,1533,Cd|Cu|S,3,2,2,3,0,4,0,1,1,2,4
11665,984,Cd,1,0,0,0,3,2,3,2,4,3,3
11666,1534,Cd|Pd,2,3,1,4,4,0,0,0,3,4,3
11667,1535,Cd|Mo|S,3,0,0,3,0,3,0,2,2,2,4
11668,1535,Cd|Mo|S,3,0,0,3,0,3,3,2,0,0,3
11669,1528,Cd|Mg,3,2,4,3,4,3,4,2,3,3,3
11670,1528,Cd|Mg,3,2,4,3,4,3,3,4,1,4,1
11671,1528,Cd|Mg,3,2,4,3,4,3,4,1,1,2,2
11672,1528,Cd|Mg,3,2,4,3,4,3,0,2,4,4,4
11673,1536,Cd|Zn,0,4,1,1,0,0,1,4,2,3,2
11674,1536,Cd|Zn,0,4,1,1,0,0,2,3,4,3,4
11675,1536,Cd|Zn,0,4,1,1,0,0,4,2,3,3,2
11676,1537,Cd|Tl,0,2,0,0,4,1,3,1,1,1,4
11677,1537,Cd|Tl,0,2,0,0,4,1,0,2,0,0,4
11678,1538,Cd|Sn,4,2,4,3,0,4,2,4,2,3,1
11679,1539,Cd|Pb|Sn,4,2,0,3,4,0,4,2,1,4,3
11680,1540,Ce|Ir,2,2,1,0,1,4,0,0,3,3,3
11681,1541,Ce|Co|Rh,3,4,2,2,4,3,0,1,1,1,1
11682,1542,Ce|Co|Ni,2,4,0,2,1,1,2,3,0,1,3
11683,1543,Ce|Co,3,2,3,1,2,2,0,1,4,2,4
11684,1544,Ce,4,1,0,0,0,1,3,2,4,1,4
11685,1545,Ce|Pt|Ru,1,3,1,3,2,3,0,0,3,3,4
11686,1263,Ce|La,4,2,0,2,0,0,0,1,4,0,4
11687,1263,Ce|La,4,2,0,2,0,0,3,2,4,3,0
11688,1540,Ce|Ir,2,2,1,0,1,4,4,3,4,4,4
11689,1546,Ce|Ru|Tb,1,3,0,3,0,1,3,2,4,0,4
11690,1547,Ce|Si|V,1,1,4,4,1,3,0,0,2,2,4
11691,1548,Ce|Ru|Sc,2,1,2,3,0,3,2,2,0,1,0
11692,1134,Ce|Ru,2,4,3,0,3,3,3,2,0,0,2
11693,1545,Ce|Pt|Ru,1,3,1,3,2,3,2,0,4,3,4
11694,1549,Co|La,4,0,1,1,2,1,2,4,0,4,1
11695,1550,Co|Ir,4,2,1,0,3,0,2,1,1,2,1
11696,1551,Co|In,0,4,0,0,3,4,2,1,4,3,0
11697,1552,Co|Hf,1,4,0,4,0,3,4,1,2,1,3
11698,1553,Co|Fe|Ti,2,1,3,0,2,1,4,0,4,3,0
11699,1554,Co|Cu|Rh|Si,3,1,0,3,3,0,3,1,2,2,2
11700,1555,Co|Ni|Zr,0,2,2,0,1,3,4,1,1,0,3
11701,1556,Co|Mo|Re,0,4,0,1,3,3,3,3,2,0,3
11702,1557,Co|Rh|Zr,1,3,3,3,3,1,2,4,0,1,4
11703,1558,Co|Rh|Ti,2,4,2,0,3,2,2,0,2,0,1
11704,1559,Co|Rh|Si,1,2,0,1,0,3,1,0,1,1,2
11705,1555,Co|Ni|Zr,0,2,2,0,1,3,2,4,0,3,3
11706,1560,Co|Ti,4,0,4,2,4,1,0,2,2,0,3
11707,1561,Co|Ta|Zr,2,4,2,0,1,3,1,0,2,1,0
11708,1562,Co|Ta,4,4,1,3,0,3,4,0,2,1,3
11709,1563,Co|Sn|Ta,0,4,1,0,2,3,2,3,0,1,3
11710,1564,Co|Si,4,2,1,1,4,3,2,2,4,0,0
11711,1565,Co|Sc|Zr,1,4,1,4,4,3,0,2,3,2,3
11712,1234,Co|Zr,3,2,0,4,1,2,4,4,1,2,4
11713,1136,Co|Y,0,1,2,0,0,1,3,3,4,2,3
11714,1136,Co|Y,0,1,2,0,0,1,3,3,4,3,4
11715,1560,Co|Ti,4,0,4,2,4,1,1,2,3,2,4
11716,1566,Cr|Cu|Rh|S,0,4,1,3,3,4,3,3,3,2,0
11717,1567,Cr,4,2,3,1,1,0,4,4,3,1,2
11718,1234,Co|Zr,3,2,0,4,1,2,1,1,1,2,0
11719,1234,Co|Zr,3,2,0,4,1,2,3,3,0,2,2
11720,1234,Co|Zr,3,2,0,4,1,2,2,2,3,1,1
11721,1568,Cr|Os,0,2,3,0,2,2,3,2,1,4,2
11722,1568,Cr|Os,0,2,3,0,2,2,0,2,2,4,2
11723,1568,Cr|Os,0,2,3,0,2,2,4,2,2,4,4
11724,1569,Cr|Nb,3,0,1,2,4,3,3,0,2,3,3
11725,1570,Cr|Ir,0,2,2,3,3,4,3,1,3,1,3
11726,1570,Cr|Ir,0,2,2,3,3,4,1,0,2,2,1
11727,1570,Cr|Ir,0,2,2,3,3,4,1,0,0,1,0
11728,1571,Cr|Ru,4,1,4,2,1,4,3,2,3,2,1
11729,1572,Cr|Rh|Ti,1,0,4,0,2,2,3,2,4,0,2
11730,1573,Cr|Rh,2,0,2,3,2,2,0,1,1,2,3
11731,1135,Cr|Re,1,3,0,3,3,4,3,4,2,0,2
11732,1574,Cr|Ti,1,4,3,3,1,4,1,4,3,3,1
11733,1574,Cr|Ti,1,4,3,3,1,4,0,2,4,3,2
11734,1575,Cr|Sc,2,3,2,1,4,4,0,0,2,2,0
11735,1576,Cs|Mo|S,1,3,3,0,2,0,4,4,3,3,1
11736,1577,Cr|V,4,0,2,1,1,2,1,1,2,2,0
11737,1577,Cr|V,4,0,2,1,1,2,3,3,0,4,0
11738,1578,Cr|Ti|V,4,4,0,3,3,3,1,3,0,3,2
11739,1578,Cr|Ti|V,4,4,0,3,3,3,4,4,2,4,0
11740,1139,Cu|La,2,1,2,0,2,3,0,0,1,0,3
11741,1139,Cu|La,2,1,2,0,2,3,1,0,2,4,1
11742,1579,Cu|K|S,3,4,1,4,2,1,0,4,2,0,1
11743,1580,Cu|Ge,1,1,4,1,3,4,3,4,3,4,3
11744,1581,Cs|O|W,3,0,4,0,3,1,1,4,2,4,0
11745,1582,Cu|Pb,0,4,4,2,2,2,3,2,2,1,1
11746,1583,Cu|Na|S,1,1,3,1,3,2,0,1,0,4,3
11747,1584,Cu|Mo|S,1,3,0,4,0,3,2,3,0,2,0
11748,1584,Cu|Mo|S,1,3,0,4,0,3,0,3,1,1,4
11749,1584,Cu|Mo|S,1,3,0,4,0,3,4,0,0,0,4
11750,1584,Cu|Mo|S,1,3,0,4,0,3,0,3,0,4,3
11751,1585,Cu|S|V,2,3,3,4,1,3,2,2,1,2,4
11752,1586,Cu|S|Se,0,1,2,4,0,4,0,4,1,0,1
11753,1587,Cu|S,4,1,2,4,3,1,2,3,4,3,0
11754,1587,Cu|S,4,1,2,4,3,1,3,4,3,0,1
11755,1588,Cu|Rh|Ti,4,2,1,4,2,4,2,2,2,1,4
11756,1589,Cu|Rh|Se|Sn,1,4,0,2,0,3,1,4,3,2,4
11757,1590,Cu|Rh|Se,1,1,4,1,4,2,4,1,3,2,1
11758,1591,Cu|Rh|S,1,3,3,2,4,3,2,4,0,1,0
11759,1592,Cu|Se|Zn,2,0,1,1,4,0,1,0,2,0,2
11760,1593,Cu|Se|Te,2,1,1,3,2,4,3,0,1,4,0
11761,1594,Cu|Se,0,3,4,2,1,0,4,2,0,3,3
11762,1595,Cu|Sb,4,3,1,0,4,1,3,1,0,4,4
11763,1595,Cu|Sb,4,3,1,0,4,1,4,2,2,1,0
11764,1595,Cu|Sb,4,3,1,0,4,1,3,4,1,2,3
11765,1595,Cu|Sb,4,3,1,0,4,1,1,3,2,4,3
11766,1595,Cu|Sb,4,3,1,0,4,1,4,4,2,2,0
11767,1595,Cu|Sb,4,3,1,0,4,1,1,0,1,1,1
11768,1595,Cu|Sb,4,3,1,0,4,1,4,1,4,4,2
11769,1219,Cu|Sn,0,4,1,4,3,0,3,0,1,4,3
11770,1219,Cu|Sn,0,4,1,4,3,0,2,4,1,0,3
11771,1596,Cu|Si,2,4,1,2,4,4,4,4,0,3,4
11772,1597,Cu|Te,0,3,2,2,0,2,2,2,3,1,1
11773,1598,Fe|La,1,3,4,4,0,2,3,3,0,1,3
11774,1599,Ir,2,1,2,2,2,2,2,2,3,0,2
11775,1600,Eu|La,3,3,3,3,3,1,2,3,3,1,2
11776,1601,Er|La,0,2,2,3,2,1,3,3,3,1,2
11777,1602,Dy|La,3,0,3,3,2,3,3,3,2,3,1
11778,1603,Fe|Ni|Zr,2,0,0,3,4,3,3,3,0,4,4
11779,1604,Fe|Nb|Ti,2,2,0,2,0,1,3,1,2,4,2
11780,1604,Fe|Nb|Ti,2,2,0,2,0,1,0,2,4,1,2
11781,1604,Fe|Nb|Ti,2,2,0,2,0,1,1,4,4,4,1
11782,1605,Fe|La|Rh,1,4,2,2,0,3,4,3,0,3,1
11783,1605,Fe|La|Rh,1,4,2,2,0,3,0,2,0,1,2
11784,1606,Fe|Sc|Zr,4,1,2,1,0,3,1,2,4,0,3
11785,1607,Fe|Rh|Ti,3,3,2,4,4,4,1,0,2,3,2
11786,1608,Fe|Re,3,4,0,4,3,2,2,3,4,0,0
11787,982,Ga,0,0,2,1,2,3,0,0,3,2,4
11788,982,Ga,0,0,2,1,2,3,3,4,3,1,2
11789,982,Ga,0,0,2,1,2,3,1,3,0,1,1
11790,982,Ga,0,0,2,1,2,3,0,2,3,0,2
11791,982,Ga,0,0,2,1,2,3,4,1,0,1,2
11792,1239,Fe|Zr,0,0,1,1,3,3,1,0,0,0,2
11793,1239,Fe|Zr,0,0,1,1,3,3,1,1,1,2,2
11794,1609,Ga|Lu,2,3,1,1,1,1,4,0,4,2,0
11795,1610,Ga|La,4,1,0,2,0,1,4,3,1,1,3
11796,1611,Ga|In|V,0,2,0,3,0,4,1,3,0,4,4
11797,1612,Ga|In|La,2,2,4,4,3,0,2,4,4,3,0
11798,1613,Ga|Hf,3,3,1,2,3,1,4,2,4,3,2
11799,1614,Ga|Ge|V,3,3,1,2,4,2,1,2,2,4,4
11800,1615,Ga|Ge,2,1,4,4,0,4,2,1,0,0,3
11801,982,Ga,0,0,2,1,2,3,3,4,1,0,1
11802,1616,Ga|Nb,1,3,4,3,2,1,4,1,1,0,3
11803,1616,Ga|Nb,1,3,4,3,2,1,3,1,3,3,3
11804,1616,Ga|Nb,1,3,4,3,2,1,4,1,1,3,4
11805,1616,Ga|Nb,1,3,4,3,2,1,3,3,0,1,3
11806,1617,Ga|N,4,4,2,0,0,1,0,4,3,2,1
11807,1618,Ga|Mo|S|Sn,0,1,3,0,4,2,1,4,0,4,0
11808,1619,Ga|Mo,4,4,4,1,4,2,3,3,0,0,4
11809,1619,Ga|Mo,4,4,4,1,4,2,3,2,2,3,4
11810,1619,Ga|Mo,4,4,4,1,4,2,0,2,1,0,0
11811,1620,Ga|Si|V,3,1,4,2,1,1,3,1,4,4,3
11812,1620,Ga|Si|V,3,1,4,2,1,1,0,1,4,2,2
11813,1281,Ga|Sb,1,0,0,0,0,4,2,2,2,2,1
11814,1621,Ga|Pt,2,1,0,3,1,4,2,0,3,4,1
11815,1621,Ga|Pt,2,1,0,3,1,4,3,4,3,0,0
11816,1621,Ga|Pt,2,1,0,3,1,4,3,2,1,1,1
11817,1622,Ga|Pb,3,3,4,4,0,4,4,0,0,2,0
11818,1623,Ga|Nb|V,4,3,0,3,1,4,1,0,3,4,1
11819,1624,Ga|Nb|Sn|Tl,4,3,1,0,1,0,3,4,3,3,2
11820,1625,Ga|Nb|Sb|Sn,0,2,0,0,1,1,3,2,0,0,4
11821,1626,Ga|Nb|Pb|Sn,1,0,2,0,4,0,1,3,0,2,3
11822,1143,Ga|V,4,3,1,2,4,1,4,1,2,4,0
11823,1143,Ga|V,4,3,1,2,4,1,3,2,1,2,1
11824,1143,Ga|V,4,3,1,2,4,1,1,3,4,4,2
11825,1143,Ga|V,4,3,1,2,4,1,2,3,3,3,3
11826,1143,Ga|V,4,3,1,2,4,1,1,0,1,3,2
11827,1620,Ga|Si|V,3,1,4,2,1,1,1,4,2,3,0
11828,1627,Gd|La,2,1,4,4,2,4,0,2,1,1,2
11829,1627,Gd|La,2,1,4,4,2,4,3,3,2,2,2
11830,1628,Ga|Zr,4,2,2,3,4,3,2,3,4,2,4
11831,1628,Ga|Zr,4,2,2,3,4,3,2,1,3,0,2
11832,1629,Ga|Y,2,3,2,0,4,4,2,0,1,2,4
11833,1143,Ga|V,4,3,1,2,4,1,2,0,4,4,1
11834,1143,Ga|V,4,3,1,2,4,1,4,4,3,1,3
11835,1630,Ge|Ir,1,3,4,2,0,3,3,2,0,2,0
11836,1630,Ge|Ir,1,3,4,2,0,3,4,3,0,0,4
11837,1631,Ge|In,4,3,0,4,2,1,2,2,4,0,2
11838,1632,Gd|Mo|Pb|S,0,1,4,1,4,1,2,2,1,4,4
11839,1141,Ge|Nb,3,4,1,2,1,2,1,2,0,4,4
11840,1141,Ge|Nb,3,4,1,2,1,2,2,0,4,2,1
11841,1633,Ge|Mo,3,1,3,1,4,1,0,1,1,2,3
11842,1633,Ge|Mo,3,1,3,1,4,1,3,3,0,4,3
11843,1216,Ge|La,2,3,1,3,3,4,1,0,0,0,2
11844,1634,Ge|Nb|Pb|Sn,0,4,3,0,2,4,0,2,1,3,4
11845,1141,Ge|Nb,3,4,1,2,1,2,3,1,1,2,0
11846,1141,Ge|Nb,3,4,1,2,1,2,1,0,2,3,0
11847,1141,Ge|Nb,3,4,1,2,1,2,0,3,0,1,4
11848,1141,Ge|Nb,3,4,1,2,1,2,1,1,1,4,1
11849,1141,Ge|Nb,3,4,1,2,1,2,1,0,2,2,0
11850,1635,Ge|Si|V,1,3,4,0,2,2,0,4,4,4,0
11851,1636,Ge|Sc,3,2,0,1,2,3,3,2,1,2,3
11852,1637,Ge|Sb,4,0,0,1,1,0,2,1,4,0,2
11853,1638,Ge|Rh,0,3,4,1,2,1,0,3,0,2,4
11854,1638,Ge|Rh,0,3,4,1,2,1,0,3,1,4,2
11855,1639,Ge|Pt,2,2,4,1,1,1,2,3,4,4,2
11856,1639,Ge|Pt,2,2,4,1,1,1,1,4,4,0,3
11857,1640,Ge|Pd,0,4,4,0,3,1,3,3,1,2,0
11858,1641,Ge|V,2,4,2,2,3,3,4,4,4,2,4
11859,1641,Ge|V,2,4,2,2,3,3,0,0,0,0,2
11860,1641,Ge|V,2,4,2,2,3,3,0,0,4,3,0
11861,1642,Ge|Ta,1,0,2,2,4,3,3,2,0,0,3
11862,1643,H|Nb,2,1,3,4,2,1,0,3,4,0,1
11863,1644,H|N|O|W,0,0,1,3,2,2,1,0,3,0,4
11864,1299,Ge|Y,4,0,0,3,4,0,3,2,2,2,2
11865,1299,Ge|Y,4,0,0,3,4,0,2,4,2,1,2
11866,1209,H|S|Ta,2,4,3,2,0,0,2,0,4,3,4
11867,983,H|Pd,1,0,2,3,4,2,4,2,2,3,0
11868,983,H|Pd,1,0,2,3,4,2,1,2,2,0,1
11869,983,H|Pd,1,0,2,3,4,2,2,1,1,2,4
11870,1645,Hf|Nb,1,4,2,3,2,0,0,1,3,0,3
11871,1645,Hf|Nb,1,4,2,3,2,0,0,0,1,0,0
11872,1645,Hf|Nb,1,4,2,3,2,0,3,2,2,1,2
11873,1646,Hf|N,1,1,2,1,0,0,0,4,4,1,4
11874,1647,Hf|Mo,2,2,2,3,2,3,3,3,0,0,1
11875,1647,Hf|Mo,2,2,2,3,2,3,1,0,4,3,2
11876,1647,Hf|Mo,2,2,2,3,2,3,2,4,0,3,3
11877,1647,Hf|Mo,2,2,2,3,2,3,1,0,0,2,2
11878,1648,Hf|Re,3,1,2,3,0,2,0,1,2,4,4
11879,1649,Hf|Os,2,2,1,0,4,1,1,1,3,0,2
11880,1650,Hf|Ni,0,3,0,1,2,1,0,3,1,4,4
11881,1651,Hf|Nb|Zr,4,1,1,4,1,0,2,0,1,0,2
11882,1652,Hf|Nb|V,2,1,2,3,0,1,0,2,1,0,4
11883,1653,Hf|Rh|Ti,1,4,0,0,4,1,3,3,3,3,1
11884,1654,Hf|Rh,1,0,2,2,2,0,2,3,4,4,3
11885,1654,Hf|Rh,1,0,2,2,2,0,2,3,4,4,0
11886,1648,Hf|Re,3,1,2,3,0,2,0,4,4,3,0
11887,1648,Hf|Re,3,1,2,3,0,2,3,3,1,4,4
11888,1648,Hf|Re,3,1,2,3,0,2,2,2,3,3,4
11889,1655,Hg|K,1,3,3,4,0,0,0,1,2,2,1
11890,1656,Hg|In,0,1,3,0,2,0,1,0,4,3,1
11891,974,Hg,0,2,3,2,4,3,1,3,2,2,2
11892,1657,Hf|Zr,2,1,1,4,2,0,3,4,1,4,3
11893,1098,Hf|V|Zr,2,0,1,2,2,0,1,0,2,4,2
11894,1093,Hf|V,2,0,2,4,1,3,1,2,2,1,1
11895,1093,Hf|V,2,0,2,4,1,3,3,3,4,1,0
11896,1658,Hf|Tc,3,1,1,1,3,3,1,0,4,3,1
11897,1659,Hf|Ta,2,3,1,4,1,0,2,0,4,0,1
11898,1660,Hg|Mg,0,4,0,0,0,3,0,2,2,1,0
11899,1660,Hg|Mg,0,4,0,0,0,3,0,1,1,2,3
11900,1660,Hg|Mg,0,4,0,0,0,3,1,1,4,1,3
11901,1660,Hg|Mg,0,4,0,0,0,3,2,1,3,0,3
11902,1661,Hg|Li,0,2,1,0,3,1,1,3,3,4,3
11903,1655,Hg|K,1,3,3,4,0,0,4,2,0,1,1
11904,1655,Hg|K,1,3,3,4,0,0,3,1,3,1,4
11905,1662,Hf|K,1,0,3,3,3,4,1,4,4,1,3
11906,1663,Hg|Sn,1,0,1,4,1,4,0,4,0,4,2
11907,1664,Hg|Na,1,3,2,3,3,0,2,1,2,3,2
11908,1664,Hg|Na,1,3,2,3,3,0,4,1,4,4,0
11909,1660,Hg|Mg,0,4,0,0,0,3,4,2,0,2,3
11910,1665,In|La|Tl,2,2,3,3,2,3,2,1,1,4,2
11911,1666,In|La|Sn,1,1,4,4,4,1,0,4,4,4,3
11912,1306,In|La,0,4,4,1,3,3,1,1,4,2,0
11913,1306,In|La,0,4,4,1,3,3,3,2,0,4,2
11914,1306,In|La,0,4,4,1,3,3,1,1,2,0,0
11915,973,In,2,4,1,2,0,0,0,4,1,2,0
11916,1667,Hg|Zr,4,4,4,2,4,3,2,2,1,3,4
11917,1668,Hg|Tl,2,3,2,1,1,3,2,3,4,1,3
11918,1668,Hg|Tl,2,3,2,1,1,3,3,0,1,4,2
11919,1668,Hg|Tl,2,3,2,1,1,3,0,1,0,3,3
11920,1669,In|O|W,4,2,1,0,0,2,3,2,3,3,1
11921,1670,In|Nb|Zr,0,0,1,0,0,2,3,0,4,1,4
11922,1671,In|Nb|Sb|Sn,3,4,3,4,1,1,4,4,3,2,2
11923,1672,In|Nb|Sn,4,4,2,1,0,0,1,2,3,4,2
11924,1673,In|Nb,1,1,0,4,0,2,3,3,1,1,0
11925,1673,In|Nb,1,1,0,4,0,2,0,1,0,1,4
11926,1674,In|Na|Pb,3,3,0,1,2,0,3,4,0,4,2
11927,1675,In|N,0,1,0,4,1,1,1,2,0,1,1
11928,1676,In|Lu,0,2,3,4,4,3,1,4,1,1,4
11929,1677,In|Pd,2,2,2,1,0,4,4,2,1,1,3
11930,1677,In|Pd,2,2,2,1,0,4,4,1,3,0,0
11931,1678,In|Pb,2,1,1,1,3,4,0,3,4,2,0
11932,1678,In|Pb,2,1,1,1,3,4,3,2,4,1,3
11933,1678,In|Pb,2,1,1,1,3,4,3,3,3,1,4
11934,1678,In|Pb,2,1,1,1,3,4,2,2,1,0,3
11935,1678,In|Pb,2,1,1,1,3,4,2,3,2,3,4
11936,1678,In|Pb,2,1,1,1,3,4,0,2,0,1,1
11937,1679,In|Sn,0,0,4,4,1,1,1,4,0,0,3
11938,1679,In|Sn,0,0,4,4,1,1,1,3,2,4,2
11939,1679,In|Sn,0,0,4,4,1,1,4,2,0,1,1
11940,1679,In|Sn,0,0,4,4,1,1,4,1,3,4,3
11941,1680,In|Si|V,4,0,0,3,1,4,4,4,0,1,0
11942,1681,In|Sb|Te,1,3,2,4,3,0,1,4,3,1,3
11943,1682,In|Sb|Sn,3,2,3,3,3,1,4,4,4,3,2
11944,1285,In|Sb,0,2,2,3,3,4,0,1,1,4,4
11945,1285,In|Sb,0,2,2,3,3,4,0,2,2,0,2
11946,1683,In|Ru,2,2,2,0,2,0,0,2,0,3,3
11947,1684,In|Tl,2,4,1,3,4,4,1,1,3,0,4
11948,1277,In|Te,4,2,4,1,1,1,0,1,4,2,2
11949,1277,In|Te,4,2,4,1,1,1,2,4,3,4,3
11950,1679,In|Sn,0,0,4,4,1,1,4,3,2,4,3
11951,1679,In|Sn,0,0,4,4,1,1,1,0,2,0,3
11952,1679,In|Sn,0,0,4,4,1,1,0,1,4,2,1
11953,1685,Ir|Lu,3,3,0,1,1,0,0,3,0,2,0
11954,1685,Ir|Lu,3,3,0,1,1,0,1,4,3,1,2
11955,1686,Ir|La,2,1,4,0,1,2,0,1,4,0,3
11956,1686,Ir|La,2,1,4,0,1,2,1,4,3,2,4
11957,1686,Ir|La,2,1,4,0,1,2,4,0,0,1,3
11958,1686,Ir|La,2,1,4,0,1,2,3,3,2,4,0
11959,1599,Ir,2,1,2,2,2,2,1,1,4,2,4
11960,1687,In|Y,2,1,0,2,0,2,3,3,4,3,3
11961,1688,In|V,4,3,0,2,4,1,2,1,3,2,0
11962,1684,In|Tl,2,4,1,3,4,4,0,0,4,3,1
11963,1689,Ir|Mo|Nb|Pt,3,3,4,1,3,3,2,4,1,1,2
11964,1689,Ir|Mo|Nb|Pt,3,3,4,1,3,3,3,4,4,4,3
11965,1689,Ir|Mo|Nb|Pt,3,3,4,1,3,3,4,2,2,4,2
11966,1690,Ir|Mo|Nb,0,4,1,4,0,0,2,1,0,4,4
11967,1310,Ir|Mo,3,1,2,2,3,1,1,4,4,3,3
11968,1310,Ir|Mo,3,1,2,2,3,1,2,0,3,3,3
11969,1310,Ir|Mo,3,1,2,2,3,1,1,3,1,2,0
11970,1310,Ir|Mo,3,1,2,2,3,1,3,3,2,4,3
11971,1685,Ir|Lu,3,3,0,1,1,0,2,2,4,1,2
11972,1685,Ir|Lu,3,3,0,1,1,0,3,4,1,3,4
11973,1691,Ir|Nb|Rh,3,1,2,1,1,4,4,2,0,2,3
11974,1691,Ir|Nb|Rh,3,1,2,1,1,4,4,4,2,2,0
11975,1226,Ir|Nb,1,2,1,0,3,1,3,1,3,4,1
11976,1226,Ir|Nb,1,2,1,0,3,1,2,4,3,0,1
11977,1226,Ir|Nb,1,2,1,0,3,1,4,1,4,1,2
11978,1226,Ir|Nb,1,2,1,0,3,1,4,0,4,0,3
11979,1226,Ir|Nb,1,2,1,0,3,1,4,2,3,0,2
11980,1692,Ir|Mo|Re,1,2,4,3,3,1,3,4,1,1,1
11981,1693,Ir|O|Y,2,2,4,2,2,2,2,0,2,3,0
11982,1694,Ir|Os|Y,4,0,4,2,4,4,1,3,1,1,1
11983,1695,Ir|Os|Ru,0,0,2,1,2,1,3,2,4,3,0
11984,1695,Ir|Os|Ru,0,0,2,1,2,1,4,4,0,0,2
11985,1696,Ir|Os|Rh,3,1,2,2,0,0,3,0,1,4,4
11986,1696,Ir|Os|Rh,3,1,2,2,0,0,2,1,2,4,0
11987,1697,Ir|Os,1,1,1,0,3,2,1,4,4,4,1
11988,1697,Ir|Os,1,1,1,0,3,2,3,4,1,2,1
11989,1698,Ir|O|Zr,0,1,1,3,1,4,4,0,0,4,1
11990,1699,Ir|O|Ti,1,4,3,1,2,2,4,0,3,1,0
11991,1700,Ir|Ni,2,0,4,4,0,0,4,0,0,0,1
11992,1701,Ir|Ru|Zr,1,4,2,2,2,1,4,4,1,0,2
11993,1702,Ir|Rh|Zr,3,1,2,2,3,4,4,2,1,2,2
11994,1703,Ir|Rh|Ti,4,2,2,2,2,4,1,1,1,4,1
11995,1704,Ir|Re,0,3,3,4,3,3,0,3,4,4,0
11996,1705,Ir|Pt|Rh,0,4,3,4,4,2,4,2,0,2,3
11997,1705,Ir|Pt|Rh,0,4,3,4,4,2,3,3,4,0,0
11998,1706,Ir|Pt,4,3,4,0,1,0,4,4,3,4,2
11999,1706,Ir|Pt,4,3,4,0,1,0,3,1,0,0,0
12000,1707,Ir|Pd|Pt,1,4,0,3,1,2,2,3,0,2,3
12001,1708,Ir|Sc,2,0,1,0,2,2,3,3,1,0,1
12002,1709,Ir|Te,3,1,3,1,4,0,0,3,1,0,1
12003,1709,Ir|Te,3,1,3,1,4,0,4,3,1,4,2
12004,1710,Ir|Sr,2,2,2,0,0,1,3,1,1,1,3
12005,1711,Ir|Sn,4,3,3,1,2,4,4,0,1,1,1
12006,1712,Ir|Si|Zr,1,1,4,1,4,4,2,4,4,3,2
12007,1713,Ir|V,4,1,1,0,2,2,0,4,2,2,0
12008,1714,Ir|Ti,0,0,3,0,3,1,2,1,0,1,3
12009,1714,Ir|Ti,0,0,3,0,3,1,3,2,0,0,0
12010,1714,Ir|Ti,0,0,3,0,3,1,3,0,4,1,2
12011,1715,Ir|Zr,4,1,4,1,4,1,3,1,2,3,3
12012,1715,Ir|Zr,4,1,4,1,4,1,4,2,0,3,4
12013,1715,Ir|Zr,4,1,4,1,4,1,4,2,0,3,2
12014,1716,Ir|Y,1,2,0,2,3,3,3,3,1,3,2
12015,1716,Ir|Y,1,2,0,2,3,3,4,1,0,3,0
12016,1716,Ir|Y,1,2,0,2,3,3,0,4,4,0,0
12017,1716,Ir|Y,1,2,0,2,3,3,4,2,2,1,0
12018,1717,Ir|W,4,1,4,4,4,4,1,3,1,0,3
12019,1717,Ir|W,4,1,4,4,4,4,4,0,0,0,3
12020,1718,La|Lu,2,4,3,2,4,4,0,0,2,2,4
12021,1718,La|Lu,2,4,3,2,4,4,0,1,1,4,3
12022,1719,K|O|Re,1,3,0,1,3,3,1,0,1,2,0
12023,1720,K|Mo|S,3,4,1,0,4,3,1,3,3,4,0
12024,1720,K|Mo|S,3,4,1,0,4,3,4,0,1,3,0
12025,1720,K|Mo|S,3,4,1,0,4,3,2,2,4,0,1
12026,1721,K|Mo|O,0,0,0,4,1,1,2,1,1,2,2
12027,1715,Ir|Zr,4,1,4,1,4,1,2,3,3,4,2
12028,1715,Ir|Zr,4,1,4,1,4,1,3,1,0,4,0
12029,1722,La|Pt,3,4,4,1,2,2,1,2,4,3,0
12030,1723,La|Pr|Ru,4,4,2,2,2,2,0,0,0,4,0
12031,1724,La|Pr,0,2,2,3,3,2,2,1,0,0,4
12032,1725,La|Pb,1,1,1,2,3,2,0,3,2,0,3
12033,1148,La|Os,1,1,3,0,3,0,2,0,3,0,4
12034,1262,La,4,1,2,2,3,1,0,3,0,1,2
12035,1726,La|N,1,2,0,2,0,2,0,3,1,3,2
12036,1727,La|Mo|Pb|S,1,3,2,2,1,3,1,4,2,2,4
12037,1728,La|Mg,2,0,1,1,2,2,2,3,3,2,0
12038,1718,La|Lu,2,4,3,2,4,4,0,3,2,1,2
12039,1718,La|Lu,2,4,3,2,4,4,0,1,1,3,4
12040,1729,La|Si,4,3,0,0,0,3,1,1,1,0,2
12041,1729,La|Si,4,3,0,0,0,3,2,3,4,0,1
12042,1730,La|Se|Y,0,3,0,2,1,3,0,4,4,1,4
12043,1293,La|Se,3,1,2,0,0,2,0,2,3,3,4
12044,1293,La|Se,3,1,2,0,0,2,0,1,4,0,1
12045,1731,La|S|Y,4,4,3,3,1,3,4,1,1,2,0
12046,1732,La|S,4,1,0,1,0,4,4,1,0,1,1
12047,1732,La|S,4,1,0,1,0,4,2,3,4,4,1
12048,1733,La|Ru,0,2,3,0,2,4,0,0,2,4,3
12049,1734,La|Rh,3,4,0,2,2,1,0,3,3,0,1
12050,1734,La|Rh,3,4,0,2,2,1,2,3,4,1,4
12051,1734,La|Rh,3,4,0,2,2,1,0,1,1,0,0
12052,1735,La|Y,3,1,0,2,1,3,1,3,3,0,1
12053,1735,La|Y,3,1,0,2,1,3,1,1,4,2,0
12054,1735,La|Y,3,1,0,2,1,3,3,1,1,4,2
12055,1735,La|Y,3,1,0,2,1,3,1,1,2,1,0
12056,1736,La|Tl,3,2,1,3,2,4,0,4,0,4,1
12057,1736,La|Tl,3,2,1,3,2,4,3,4,3,2,2
12058,1737,La|Te,3,0,2,1,0,1,4,3,4,0,1
12059,1737,La|Te,3,0,2,1,0,1,4,1,3,1,3
12060,1738,La|Sn|Tm,0,2,4,4,4,1,1,2,4,4,3
12061,1739,La|Sn,3,2,3,2,2,2,2,0,2,2,3
12062,1740,La|Si|V,3,4,4,3,0,3,3,2,1,3,3
12063,1740,La|Si|V,3,4,4,3,0,3,1,0,0,4,4
12064,1741,Lu|Rh,0,3,4,2,2,1,2,3,4,4,4
12065,1741,Lu|Rh,0,3,4,2,2,1,0,0,3,4,4
12066,1742,Lu|Os,0,2,0,3,4,4,1,2,0,2,4
12067,1743,Li|Pb,1,3,3,2,1,4,4,1,0,3,3
12068,1744,Li|O|W,2,4,2,0,4,2,0,0,4,0,4
12069,1745,Li|Mo|S,3,3,4,0,0,2,0,2,4,1,0
12070,1746,La|Zn,0,2,3,2,2,0,4,2,3,2,1
12071,1735,La|Y,3,1,0,2,1,3,3,0,4,1,2
12072,1735,La|Y,3,1,0,2,1,3,4,4,3,2,3
12073,1735,La|Y,3,1,0,2,1,3,0,0,1,1,2
12074,1735,La|Y,3,1,0,2,1,3,4,1,3,3,2
12075,1735,La|Y,3,1,0,2,1,3,3,2,1,4,1
12076,1747,Mg|Zn,0,4,1,3,1,4,1,0,3,1,2
12077,1747,Mg|Zn,0,4,1,3,1,4,1,2,3,2,1
12078,1747,Mg|Zn,0,4,1,3,1,4,2,0,1,0,2
12079,1747,Mg|Zn,0,4,1,3,1,4,4,4,3,2,4
12080,1747,Mg|Zn,0,4,1,3,1,4,1,4,2,1,3
12081,1748,Mg|Tl,3,2,2,2,1,3,4,0,2,4,2
12082,1749,Mg|Pb,0,2,1,0,4,0,1,1,1,2,1
12083,1749,Mg|Pb,0,2,1,0,4,0,3,1,3,2,2
12084,1750,Mg|Mo|S,4,4,3,4,1,2,0,0,0,2,1
12085,1751,Lu|Se,2,1,2,0,3,4,2,4,4,3,1
12086,1752,Lu|S,3,1,4,2,1,1,1,2,3,2,2
12087,1753,Lu|Ru,3,0,3,4,0,0,3,4,0,3,3
12088,1754,Mn|Ti,2,0,0,1,2,2,2,1,1,4,2
12089,1754,Mn|Ti,2,0,0,1,2,2,3,2,2,3,2
12090,1754,Mn|Ti,2,0,0,1,2,2,4,0,4,1,3
12091,1755,Mn|Si|V,0,3,3,1,2,4,4,0,4,2,1
12092,1755,Mn|Si|V,0,3,3,1,2,4,2,0,2,2,4
12093,1756,Mn|Rh|Ti,0,2,4,2,2,1,2,2,3,2,1
12094,1757,Mo|Nb|Re,1,1,4,2,2,1,1,0,2,4,1
12095,1757,Mo|Nb|Re,1,1,4,2,2,1,3,2,1,2,3
12096,1758,Mo|Nb,3,0,1,4,4,2,2,2,2,3,1
12097,1758,Mo|Nb,3,0,1,4,4,2,4,3,2,1,0
12098,1758,Mo|Nb,3,0,1,4,4,2,2,0,3,4,2
12099,1758,Mo|Nb,3,0,1,4,4,2,3,2,2,1,1
12100,1758,Mo|Nb,3,0,1,4,4,2,1,0,0,4,2
12101,1758,Mo|Nb,3,0,1,4,4,2,3,2,4,2,1
12102,1758,Mo|Nb,3,0,1,4,4,2,0,1,0,0,2
12103,1758,Mo|Nb,3,0,1,4,4,2,4,1,4,4,0
12104,1759,Mo|Na|S,3,2,1,4,4,3,2,1,2,2,0
12105,1053,Mo|N,0,4,2,3,2,4,3,1,0,2,3
12106,1760,Mo|Pb|S,4,0,2,0,3,4,3,4,2,3,2
12107,1760,Mo|Pb|S,4,0,2,0,3,4,2,4,1,2,0
12108,1760,Mo|Pb|S,4,0,2,0,3,4,1,1,4,0,2
12109,1760,Mo|Pb|S,4,0,2,0,3,4,2,2,1,2,3
12110,1760,Mo|Pb|S,4,0,2,0,3,4,0,3,3,1,1
12111,1761,Mo|P,4,0,0,3,4,2,4,4,0,1,4
12112,1761,Mo|P,4,0,0,3,4,2,2,0,4,4,3
12113,1762,Mo|Os,0,1,4,3,4,0,2,4,2,0,4
12114,1762,Mo|Os,0,1,4,3,4,0,0,3,1,0,2
12115,1762,Mo|Os,0,1,4,3,4,0,1,0,2,4,0
12116,1757,Mo|Nb|Re,1,1,4,2,2,1,0,3,4,4,2
12117,1763,Mo|Pt|Re,1,0,4,0,3,2,2,1,4,3,3
12118,1763,Mo|Pt|Re,1,0,4,0,3,2,3,4,3,4,2
12119,1764,Mo|Pt,0,0,3,0,2,3,3,1,2,0,1
12120,1764,Mo|Pt,0,0,3,0,2,3,4,2,1,2,3
12121,1764,Mo|Pt,0,0,3,0,2,3,4,2,3,3,0
12122,1764,Mo|Pt,0,0,3,0,2,3,2,0,4,1,0
12123,1764,Mo|Pt,0,0,3,0,2,3,0,2,1,4,4
12124,1765,Mo|Pd,0,0,0,4,3,2,0,3,1,4,3
12125,1766,Mo|Pb|S|Sn,3,1,2,1,4,1,4,0,1,2,1
12126,1766,Mo|Pb|S|Sn,3,1,2,1,4,1,1,3,3,0,0
12127,1767,Mo|Pb|S|Se,1,0,1,0,2,4,4,0,2,1,2
12128,1760,Mo|Pb|S,4,0,2,0,3,4,1,1,1,4,4
12129,1222,Mo|Re,3,1,3,3,1,1,3,4,2,4,0
12130,1222,Mo|Re,3,1,3,3,1,1,1,3,1,2,3
12131,1222,Mo|Re,3,1,3,3,1,1,1,2,2,2,2
12132,1222,Mo|Re,3,1,3,3,1,1,0,0,3,4,2
12133,1222,Mo|Re,3,1,3,3,1,1,0,3,0,1,3
12134,1222,Mo|Re,3,1,3,3,1,1,4,2,2,3,0
12135,1222,Mo|Re,3,1,3,3,1,1,2,1,4,1,3
12136,1222,Mo|Re,3,1,3,3,1,1,2,4,0,2,1
12137,1222,Mo|Re,3,1,3,3,1,1,3,2,2,4,4
12138,1222,Mo|Re,3,1,3,3,1,1,2,1,3,4,1
12139,1222,Mo|Re,3,1,3,3,1,1,4,4,2,4,3
12140,1768,Mo|Rb|S,1,2,0,0,4,0,0,0,1,1,0
12141,1769,Mo|Ru,3,4,3,4,0,0,0,2,4,1,0
12142,1769,Mo|Ru,3,4,3,4,0,0,2,3,3,2,3
12143,1769,Mo|Ru,3,4,3,4,0,0,1,1,2,4,1
12144,1769,Mo|Ru,3,4,3,4,0,0,0,2,1,4,4
12145,1769,Mo|Ru,3,4,3,4,0,0,1,1,2,2,4
12146,1770,Mo|Rh|Ti,2,0,3,2,1,1,2,1,2,0,2
12147,1771,Mo|Rh,1,1,4,2,1,4,1,4,3,3,2
12148,1771,Mo|Rh,1,1,4,2,1,4,4,4,0,4,1
12149,1222,Mo|Re,3,1,3,3,1,1,3,0,2,3,0
12150,1222,Mo|Re,3,1,3,3,1,1,3,1,1,0,2
12151,1222,Mo|Re,3,1,3,3,1,1,4,3,0,0,3
12152,1222,Mo|Re,3,1,3,3,1,1,1,0,4,2,1
12153,1092,Mo|Se,4,3,3,0,1,4,3,3,2,4,2
12154,1092,Mo|Se,4,3,3,0,1,4,4,4,1,0,3
12155,1772,Mo|Sb,2,1,1,2,2,0,2,0,2,0,3
12156,1772,Mo|Sb,2,1,1,2,2,0,2,2,3,2,2
12157,1773,Mo|S|Zn,4,0,0,0,3,0,0,4,3,4,1
12158,1055,Mo|S|Sr,0,1,3,2,1,0,2,3,4,3,0
12159,1774,Mo|S|Sn,3,0,4,4,0,3,0,4,0,4,2
12160,1774,Mo|S|Sn,3,0,4,4,0,3,4,2,1,0,2
12161,1774,Mo|S|Sn,3,0,4,4,0,3,4,1,1,0,2
12162,1775,Mo|S|Se,0,1,3,2,3,3,2,4,0,4,1
12163,1775,Mo|S|Se,0,1,3,2,3,3,3,1,4,4,4
12164,1769,Mo|Ru,3,4,3,4,0,0,3,2,0,2,4
12165,1776,Mo|Ti,4,3,0,1,1,2,3,1,1,4,0
12166,1777,Mo|Te,0,4,2,0,0,1,0,2,2,1,3
12167,1778,Mo|Tc,2,4,2,3,0,2,2,2,2,1,4
12168,1778,Mo|Tc,2,4,2,3,0,2,4,2,4,4,2
12169,1778,Mo|Tc,2,4,2,3,0,2,0,0,4,2,1
12170,1778,Mo|Tc,2,4,2,3,0,2,1,4,4,4,0
12171,1778,Mo|Tc,2,4,2,3,0,2,4,1,2,0,0
12172,1778,Mo|Tc,2,4,2,3,0,2,4,4,0,3,0
12173,1778,Mo|Tc,2,4,2,3,0,2,0,3,0,3,0
12174,1779,Mo|Si,4,2,3,4,1,0,3,4,3,1,4
12175,1779,Mo|Si,4,2,3,4,1,0,3,0,0,0,4
12176,1779,Mo|Si,4,2,3,4,1,0,0,3,0,4,2
12177,1780,Mo|Zr,0,2,2,0,2,2,2,4,4,1,3
12178,1781,Mo|V,4,3,2,3,1,4,3,0,1,0,3
12179,1781,Mo|V,4,3,2,3,1,4,1,3,1,1,0
12180,1781,Mo|V,4,3,2,3,1,4,4,0,3,4,3
12181,1776,Mo|Ti,4,3,0,1,1,2,0,4,0,1,2
12182,1776,Mo|Ti,4,3,0,1,1,2,0,0,3,1,1
12183,1782,N|Nb,3,3,1,0,4,1,2,0,0,3,1
12184,1782,N|Nb,3,3,1,0,4,1,1,4,3,3,4
12185,1782,N|Nb,3,3,1,0,4,1,0,0,3,4,1
12186,1782,N|Nb,3,3,1,0,4,1,1,0,4,2,2
12187,1782,N|Nb,3,3,1,0,4,1,1,2,4,0,4
12188,1782,N|Nb,3,3,1,0,4,1,4,4,0,2,1
12189,1782,N|Nb,3,3,1,0,4,1,0,0,3,3,2
12190,1782,N|Nb,3,3,1,0,4,1,0,2,2,0,3
12191,1782,N|Nb,3,3,1,0,4,1,0,0,1,0,0
12192,1782,N|Nb,3,3,1,0,4,1,2,4,4,2,2
12193,1782,N|Nb,3,3,1,0,4,1,3,3,2,2,0
12194,1780,Mo|Zr,0,2,2,0,2,2,4,3,2,2,1
12195,1783,N|Ti,2,1,1,3,2,1,2,4,2,2,4
12196,1783,N|Ti,2,1,1,3,2,1,2,0,2,2,4
12197,1133,N|S,1,4,4,2,2,1,3,2,4,3,2
12198,1784,N|Nb|V,2,2,1,0,1,3,4,4,1,1,2
12199,1785,N|Nb|Ti,0,1,1,4,0,4,2,2,0,0,2
12200,1785,N|Nb|Ti,0,1,1,4,0,4,1,2,4,4,0
12201,1785,N|Nb|Ti,0,1,1,4,0,4,4,0,4,0,0
12202,1276,N|Nb|O,1,1,2,4,4,4,0,3,2,0,2
12203,1782,N|Nb,3,3,1,0,4,1,4,3,3,4,4
12204,1782,N|Nb,3,3,1,0,4,1,4,4,2,2,0
12205,1786,Nb|P,3,1,3,2,4,1,3,0,1,3,1
12206,1787,Nb|Os,0,3,2,2,0,0,4,4,2,1,4
12207,1787,Nb|Os,0,3,2,2,0,0,2,1,3,0,3
12208,1787,Nb|Os,0,3,2,2,0,0,3,0,0,2,3
12209,1787,Nb|Os,0,3,2,2,0,0,2,1,4,3,2
12210,1788,Nb|O,2,3,3,4,3,4,1,3,2,1,0
12211,1789,Na|Pb,3,0,0,3,4,2,1,3,4,0,0
12212,1789,Na|Pb,3,0,0,3,4,2,2,1,0,3,3
12213,947,Na|O|W,4,3,4,4,3,0,1,2,1,0,0
12214,1048,N|Zr,1,4,3,2,0,1,4,4,4,4,0
12215,1049,N|V,2,1,4,4,2,1,4,1,3,2,3
12216,1049,N|V,2,1,4,4,2,1,1,3,2,0,0
12217,1790,Nb|Re,2,1,0,4,1,2,0,4,3,2,4
12218,1790,Nb|Re,2,1,0,4,1,2,4,0,1,1,1
12219,1791,N|Pt,1,2,1,0,1,1,0,3,4,2,3
12220,1145,Nb|Pt,4,2,1,1,2,3,2,3,0,1,2
12221,1792,Nb|Pd,1,4,1,2,4,2,0,1,3,0,4
12222,1792,Nb|Pd,1,4,1,2,4,2,1,1,1,1,4
12223,1792,Nb|Pd,1,4,1,2,4,2,0,4,3,0,3
12224,1793,Nb|Pb|Sn,0,2,3,4,0,3,0,0,2,2,3
12225,1794,Nb|Pb|S|Ta,4,0,1,0,4,0,1,4,2,4,4
12226,1081,Nb|Pb|S,4,1,1,2,0,1,3,0,4,2,1
12227,1225,Nb|Rh,3,0,2,4,3,2,3,4,0,2,1
12228,1225,Nb|Rh,3,0,2,4,3,2,0,1,0,4,1
12229,1225,Nb|Rh,3,0,2,4,3,2,3,3,0,3,1
12230,1225,Nb|Rh,3,0,2,4,3,2,4,0,3,4,1
12231,1225,Nb|Rh,3,0,2,4,3,2,1,1,3,3,0
12232,1225,Nb|Rh,3,0,2,4,3,2,4,4,3,2,1
12233,1795,Nb|Re|Ta,2,4,4,0,2,4,2,1,3,1,4
12234,1795,Nb|Re|Ta,2,4,4,0,2,4,0,0,4,1,0
12235,1790,Nb|Re,2,1,0,4,1,2,2,2,0,4,2
12236,1790,Nb|Re,2,1,0,4,1,2,4,1,2,4,3
12237,1790,Nb|Re,2,1,0,4,1,2,1,3,0,0,4
12238,1790,Nb|Re,2,1,0,4,1,2,2,0,2,1,1
12239,1080,Nb|S|Sn,3,3,0,0,4,4,0,3,3,0,3
12240,1138,Nb|S,4,1,0,4,4,4,4,3,1,3,1
12241,1138,Nb|S,4,1,0,4,4,4,2,2,4,0,1
12242,1796,Nb|Ru,4,3,1,0,1,2,3,2,2,1,0
12243,1796,Nb|Ru,4,3,1,0,1,2,2,3,4,3,0
12244,1796,Nb|Ru,4,3,1,0,1,2,3,1,4,4,2
12245,1796,Nb|Ru,4,3,1,0,1,2,0,3,0,2,1
12246,1796,Nb|Ru,4,3,1,0,1,2,4,3,0,1,2
12247,1796,Nb|Ru,4,3,1,0,1,2,0,2,0,2,1
12248,1797,Nb|Rh|Ti,2,3,3,1,0,2,4,4,4,4,2
12249,1790,Nb|Re,2,1,0,4,1,2,0,4,1,4,4
12250,1225,Nb|Rh,3,0,2,4,3,2,2,0,3,0,3
12251,1240,Nb|Si,0,2,3,3,2,4,3,4,3,0,2
12252,1798,Nb|Se|Sn,0,0,4,1,1,3,1,1,4,4,4
12253,1000,Nb|Se,0,2,1,4,0,2,0,0,3,3,1
12254,1000,Nb|Se,0,2,1,4,0,2,2,2,0,3,1
12255,1000,Nb|Se,0,2,1,4,0,2,1,3,3,4,1
12256,1000,Nb|Se,0,2,1,4,0,2,1,0,2,3,4
12257,1000,Nb|Se,0,2,1,4,0,2,1,2,0,4,1
12258,1799,Nb|Sb|Ti,4,3,4,1,1,4,4,4,0,2,0
12259,1799,Nb|Sb|Ti,4,3,4,1,1,4,4,1,1,2,3
12260,1800,Nb|Sb|Sn|Tl,0,4,3,2,0,0,2,4,3,3,4
12261,1801,Nb|Sb,2,1,4,0,3,4,4,2,3,2,3
12262,1801,Nb|Sb,2,1,4,0,3,4,1,2,1,0,3
12263,1138,Nb|S,4,1,0,4,4,4,4,0,2,2,0
12264,1144,Nb|Sn,4,4,1,2,2,3,4,1,3,0,2
12265,1144,Nb|Sn,4,4,1,2,2,3,0,3,2,1,4
12266,1144,Nb|Sn,4,4,1,2,2,3,2,2,0,0,0
12267,1802,Nb|Si|V,3,3,0,4,0,2,2,0,1,2,3
12268,1803,Nb|Si|Sn|V,1,3,4,3,4,1,3,1,4,4,3
12269,1804,Nb|Si|Sn,1,1,0,1,3,0,2,4,3,2,4
12270,1804,Nb|Si|Sn,1,1,0,1,3,0,4,0,1,3,0
12271,1804,Nb|Si|Sn,1,1,0,1,3,0,4,1,4,1,1
12272,1804,Nb|Si|Sn,1,1,0,1,3,0,0,0,3,2,0
12273,1804,Nb|Si|Sn,1,1,0,1,3,0,1,1,2,0,2
12274,1805,Nb|Sn|Ta,3,4,1,0,3,3,3,0,0,2,2
12275,1144,Nb|Sn,4,4,1,2,2,3,2,4,2,3,4
12276,1144,Nb|Sn,4,4,1,2,2,3,0,2,3,2,3
12277,1144,Nb|Sn,4,4,1,2,2,3,2,1,1,0,2
12278,1144,Nb|Sn,4,4,1,2,2,3,3,3,2,0,3
12279,1144,Nb|Sn,4,4,1,2,2,3,4,1,0,4,4
12280,1144,Nb|Sn,4,4,1,2,2,3,2,0,3,2,4
12281,1144,Nb|Sn,4,4,1,2,2,3,1,2,4,1,3
12282,1144,Nb|Sn,4,4,1,2,2,3,2,2,1,0,3
12283,1144,Nb|Sn,4,4,1,2,2,3,2,0,1,3,0
12284,1144,Nb|Sn,4,4,1,2,2,3,2,2,3,1,3
12285,1806,Nb|Ta,0,0,4,0,1,0,3,3,4,3,0
12286,1807,Nb|Sn|Zr,3,3,2,3,3,3,1,3,3,1,1
12287,1808,Nb|Sn|V,1,1,0,4,0,3,3,0,0,3,3
12288,1808,Nb|Sn|V,1,1,0,4,0,3,0,2,1,1,4
12289,1808,Nb|Sn|V,1,1,0,4,0,3,0,0,2,1,1
12290,1808,Nb|Sn|V,1,1,0,4,0,3,3,0,0,2,2
12291,1809,Nb|Sn|Tl,0,3,3,0,2,3,2,1,1,4,3
12292,1810,Nb|Sn|Ta|V,2,3,0,0,4,3,0,3,3,2,0
12293,1810,Nb|Sn|Ta|V,2,3,0,0,4,3,3,2,1,1,0
12294,1805,Nb|Sn|Ta,3,4,1,0,3,3,4,4,2,1,3
12295,1805,Nb|Sn|Ta,3,4,1,0,3,3,0,2,0,2,4
12296,1805,Nb|Sn|Ta,3,4,1,0,3,3,2,2,1,2,4
12297,1806,Nb|Ta,0,0,4,0,1,0,0,0,0,0,1
12298,1806,Nb|Ta,0,0,4,0,1,0,4,1,1,4,2
12299,1806,Nb|Ta,0,0,4,0,1,0,4,4,0,2,0
12300,1806,Nb|Ta,0,0,4,0,1,0,3,4,0,0,0
12301,1806,Nb|Ta,0,0,4,0,1,0,0,0,1,0,2
12302,1806,Nb|Ta,0,0,4,0,1,0,3,3,2,2,3
12303,1806,Nb|Ta,0,0,4,0,1,0,0,0,0,4,0
12304,1806,Nb|Ta,0,0,4,0,1,0,0,4,3,1,2
12305,1806,Nb|Ta,0,0,4,0,1,0,1,4,4,4,4
12306,1806,Nb|Ta,0,0,4,0,1,0,4,4,0,1,2
12307,1806,Nb|Ta,0,0,4,0,1,0,2,1,1,2,0
12308,1806,Nb|Ta,0,0,4,0,1,0,0,4,1,0,0
12309,1811,Nb|Ti,4,2,3,1,3,4,3,0,4,3,3
12310,1812,Nb|Te,4,3,2,1,4,0,0,3,4,1,4
12311,1812,Nb|Te,4,3,2,1,4,0,1,2,1,2,1
12312,1813,Nb|Tc,3,0,2,4,1,3,4,2,1,1,4
12313,1813,Nb|Tc,3,0,2,4,1,3,0,4,4,2,4
12314,1813,Nb|Tc,3,0,2,4,1,3,0,2,0,0,0
12315,1813,Nb|Tc,3,0,2,4,1,3,2,3,3,3,2
12316,1813,Nb|Tc,3,0,2,4,1,3,4,2,0,3,0
12317,1813,Nb|Tc,3,0,2,4,1,3,3,3,4,3,1
12318,1814,Nb|Ta|Ti,1,3,1,4,3,0,2,4,0,4,0
12319,1806,Nb|Ta,0,0,4,0,1,0,1,3,0,2,0
12320,1815,Nb|Ti|V,1,1,1,2,4,2,0,0,4,4,1
12321,1811,Nb|Ti,4,2,3,1,3,4,1,2,4,1,2
12322,1811,Nb|Ti,4,2,3,1,3,4,3,3,0,1,2
12323,1811,Nb|Ti,4,2,3,1,3,4,4,1,4,3,3
12324,1811,Nb|Ti,4,2,3,1,3,4,0,4,2,0,3
12325,1811,Nb|Ti,4,2,3,1,3,4,1,0,1,3,0
12326,1811,Nb|Ti,4,2,3,1,3,4,1,4,0,1,3
12327,1811,Nb|Ti,4,2,3,1,3,4,1,3,4,2,2
12328,1811,Nb|Ti,4,2,3,1,3,4,2,4,2,2,1
12329,1811,Nb|Ti,4,2,3,1,3,4,4,0,4,3,0
12330,1811,Nb|Ti,4,2,3,1,3,4,0,1,0,4,1
12331,1811,Nb|Ti,4,2,3,1,3,4,2,1,3,0,4
12332,1816,Nb|Ti|Zr,0,3,1,2,0,2,1,2,0,0,0
12333,1816,Nb|Ti|Zr,0,3,1,2,0,2,0,2,3,4,3
12334,1816,Nb|Ti|Zr,0,3,1,2,0,2,1,4,2,2,0
12335,1816,Nb|Ti|Zr,0,3,1,2,0,2,1,0,3,1,3
12336,1816,Nb|Ti|Zr,0,3,1,2,0,2,1,2,4,3,1
12337,1816,Nb|Ti|Zr,0,3,1,2,0,2,2,3,0,0,3
12338,1815,Nb|Ti|V,1,1,1,2,4,2,2,1,3,0,4
12339,1815,Nb|Ti|V,1,1,1,2,4,2,4,0,3,0,2
12340,1815,Nb|Ti|V,1,1,1,2,4,2,3,0,0,2,3
12341,1817,Nb|Zr,1,1,1,1,0,2,1,1,2,3,3
12342,1817,Nb|Zr,1,1,1,1,0,2,2,2,1,0,3
12343,1817,Nb|Zr,1,1,1,1,0,2,0,4,2,1,3
12344,1817,Nb|Zr,1,1,1,1,0,2,2,1,4,2,1
12345,1817,Nb|Zr,1,1,1,1,0,2,1,3,0,2,3
12346,1817,Nb|Zr,1,1,1,1,0,2,1,0,3,1,3
12347,1817,Nb|Zr,1,1,1,1,0,2,4,0,0,3,4
12348,1817,Nb|Zr,1,1,1,1,0,2,0,1,1,3,3
12349,1817,Nb|Zr,1,1,1,1,0,2,3,0,1,4,1
12350,1817,Nb|Zr,1,1,1,1,0,2,0,2,0,2,4
12351,1817,Nb|Zr,1,1,1,1,0,2,4,1,4,2,0
12352,1818,Nb|V|Zr,3,2,0,0,0,2,2,3,1,4,2
12353,1235,Ni|Zr,1,1,4,1,1,2,0,1,2,3,0
12354,1235,Ni|Zr,1,1,4,1,1,2,2,0,0,2,1
12355,1819,Ni|V|Zr,4,1,1,1,2,4,4,0,2,2,0
12356,1820,Ni|V,3,3,4,1,1,1,3,4,3,3,1
12357,1821,Ni|Ta,2,3,3,4,1,4,3,0,4,4,4
12358,1822,Ni|Rh|Ti,3,4,0,4,4,0,1,2,3,0,3
12359,1823,Ni|Pd|Te,1,4,0,1,4,2,1,3,3,4,2
12360,1823,Ni|Pd|Te,1,4,0,1,4,2,1,3,3,1,3
12361,1817,Nb|Zr,1,1,1,1,0,2,2,1,2,2,4
12362,1817,Nb|Zr,1,1,1,1,0,2,1,4,3,0,3
12363,1824,O|Tl|W,3,1,4,3,2,4,1,0,4,4,1
12364,1825,O|Ti,0,0,1,3,4,3,3,1,3,2,0
12365,1825,O|Ti,0,0,1,3,4,3,0,4,3,1,3
12366,1825,O|Ti,0,0,1,3,4,3,1,2,4,4,3
12367,1826,O|Sr|W,3,1,0,1,2,2,1,0,1,0,2
12368,1827,O|Sn,0,0,2,2,3,0,1,1,0,1,2
12369,1828,O|Rh|Zr,1,4,1,2,1,0,4,2,0,2,2
12370,1829,O|Rh|Ti,4,2,0,4,4,4,1,1,2,3,1
12371,1830,O|Re|Ti,1,1,4,0,1,4,0,0,2,2,3
12372,948,O|Rb|W,1,3,2,0,2,0,4,2,1,3,3
12373,1831,O|Pd|Zr,2,2,3,4,2,3,1,1,2,4,2
12374,1788,Nb|O,2,3,3,4,3,4,3,4,0,1,3
12375,1832,Os|Ti,3,2,1,4,3,0,3,3,3,2,0
12376,1833,Os|Ta,0,3,1,2,1,4,3,1,1,4,0
12377,1834,Os|Sc,4,4,4,2,1,4,1,4,2,1,4
12378,1835,Os|Rh|Ti,3,0,4,1,1,3,0,2,3,0,2
12379,1836,Os|Rh,1,0,1,1,1,3,4,4,3,3,4
12380,1837,Os|Re|Y,2,0,2,2,4,1,4,2,4,4,2
12381,1838,Os|Re,2,4,4,3,2,0,1,0,4,4,2
12382,1027,Os,4,1,2,2,1,3,1,3,0,1,2
12383,1839,O|W,3,0,3,4,1,4,4,1,3,4,2
12384,1840,O|V|Zr,4,1,4,3,1,4,1,1,2,3,1
12385,1841,O|V,0,1,3,3,3,3,0,4,1,4,2
12386,1842,P|Pb,1,3,3,1,0,0,2,0,2,1,1
12387,1843,Os|Zr,3,3,3,1,0,0,4,0,3,0,3
12388,1843,Os|Zr,3,3,3,1,0,0,2,0,0,0,3
12389,1844,Os|Y,3,4,4,4,0,1,0,0,3,3,2
12390,1845,Os|W,3,0,4,3,3,1,2,2,4,2,0
12391,1845,Os|W,3,0,4,3,3,1,4,3,1,2,0
12392,1845,Os|W,3,0,4,3,3,1,1,1,3,4,2
12393,1845,Os|W,3,0,4,3,3,1,4,2,4,0,1
12394,1845,Os|W,3,0,4,3,3,1,2,2,4,2,1
12395,1845,Os|W,3,0,4,3,3,1,4,0,3,1,1
12396,1846,Os|V,3,0,1,1,4,3,3,1,4,0,4
12397,1846,Os|V,3,0,1,1,4,3,3,3,0,1,4
12398,1847,Pb|Pt,1,4,0,0,1,4,2,0,0,2,4
12399,1847,Pb|Pt,1,4,0,0,1,4,2,0,2,0,2
12400,1848,Pb|Pd,1,3,1,1,4,2,1,2,3,3,3
12401,1760,Mo|Pb|S,4,0,2,0,3,4,0,3,4,4,2
12402,975,Pb,3,4,1,2,3,1,2,4,2,3,2
12403,1849,P|W,1,4,4,1,1,2,4,2,3,2,0
12404,1273,P|Sn,1,0,1,2,0,4,4,0,4,2,2
12405,1850,P|Si|V,0,1,1,1,2,0,4,4,0,4,4
12406,1850,P|Si|V,0,1,1,1,2,0,2,3,0,1,4
12407,1851,Pb|Sr,2,3,1,0,4,3,0,1,2,1,4
12408,1852,Pb|Sn,2,0,2,0,1,4,2,4,4,1,4
12409,1852,Pb|Sn,2,0,2,0,1,4,2,3,1,2,3
12410,1852,Pb|Sn,2,0,2,0,1,4,1,4,1,4,2
12411,1852,Pb|Sn,2,0,2,0,1,4,3,3,4,0,4
12412,1852,Pb|Sn,2,0,2,0,1,4,3,2,4,1,1
12413,1853,Pb|Sb,2,2,3,2,0,2,0,2,3,3,1
12414,1853,Pb|Sb,2,2,3,2,0,2,0,3,2,0,4
12415,1062,Pb|S|Ta,4,2,4,2,4,3,2,0,4,4,4
12416,1854,Pb|Rh,3,2,1,1,4,2,2,2,4,1,4
12417,1854,Pb|Rh,3,2,1,1,4,2,3,1,0,2,1
12418,1855,Pb|Zn,4,0,2,2,3,1,3,1,1,2,0
12419,1856,Pb|Yb,0,1,0,3,4,1,2,0,1,1,3
12420,1857,Pb|Y,1,1,2,1,4,4,3,1,4,2,1
12421,1858,Pb|Tl,4,3,0,3,4,2,2,4,0,3,0
12422,1858,Pb|Tl,4,3,0,3,4,2,0,3,4,1,2
12423,1858,Pb|Tl,4,3,0,3,4,2,2,2,0,4,3
12424,1858,Pb|Tl,4,3,0,3,4,2,4,1,3,4,3
12425,1858,Pb|Tl,4,3,0,3,4,2,3,4,2,2,3
12426,1858,Pb|Tl,4,3,0,3,4,2,0,4,4,4,3
12427,1858,Pb|Tl,4,3,0,3,4,2,0,0,4,4,0
12428,1858,Pb|Tl,4,3,0,3,4,2,4,1,2,3,3
12429,1858,Pb|Tl,4,3,0,3,4,2,2,4,1,0,4
12430,1859,Pd|Sb,3,1,1,0,0,0,0,4,2,1,2
12431,1859,Pd|Sb,3,1,1,0,0,0,0,2,4,1,4
12432,1860,Pd|S,1,3,0,3,2,1,0,3,4,1,0
12433,1861,Pd|Ru|Zr,4,1,3,1,3,1,4,4,4,0,4
12434,1862,Pd|Rh|Zr,4,4,1,4,4,2,2,1,2,4,1
12435,1862,Pd|Rh|Zr,4,4,1,4,4,2,4,4,3,2,0
12436,1863,Pd|Rh|Ti,0,4,0,1,0,0,3,2,3,3,1
12437,1864,Pd|Rh|Te,1,2,2,1,4,4,1,1,3,1,4
12438,1865,Pd|Pt|Te,3,1,0,2,1,3,0,2,4,1,4
12439,1865,Pd|Pt|Te,3,1,0,2,1,3,0,1,3,1,3
12440,1866,Pb|Zr,2,1,2,1,0,3,2,2,4,4,4
12441,1866,Pb|Zr,2,1,2,1,0,3,3,4,4,0,2
12442,1867,Pd|Sn,2,1,3,3,3,0,0,0,2,0,3
12443,1867,Pd|Sn,2,1,3,3,3,0,4,0,3,4,1
12444,1867,Pd|Sn,2,1,3,3,3,0,1,3,0,1,0
12445,1868,Pd|Si,0,4,3,0,0,2,2,1,3,2,0
12446,1869,Pd|Se,3,0,4,3,1,4,1,4,1,0,1
12447,1869,Pd|Se,3,0,4,3,1,4,0,0,0,4,3
12448,1869,Pd|Se,3,0,4,3,1,4,4,1,1,2,0
12449,1869,Pd|Se,3,0,4,3,1,4,3,1,2,1,4
12450,1870,Pd|Sb|Te,4,3,1,2,3,3,1,1,2,4,2
12451,1871,Pd|Sb|Se,3,4,4,2,4,4,3,3,1,3,0
12452,1859,Pd|Sb,3,1,1,0,0,0,3,0,1,0,0
12453,1859,Pd|Sb,3,1,1,0,0,0,0,0,1,2,2
12454,1872,Pd|Tl,2,1,2,1,0,0,1,4,4,4,4
12455,1873,Pd|Te,3,3,1,2,3,2,1,4,4,4,1
12456,1873,Pd|Te,3,3,1,2,3,2,4,2,4,4,4
12457,1873,Pd|Te,3,3,1,2,3,2,0,1,0,4,2
12458,1873,Pd|Te,3,3,1,2,3,2,1,4,4,0,2
12459,1873,Pd|Te,3,3,1,2,3,2,1,2,3,0,4
12460,1873,Pd|Te,3,3,1,2,3,2,2,2,3,1,0
12461,1873,Pd|Te,3,3,1,2,3,2,1,0,3,1,4
12462,1873,Pd|Te,3,3,1,2,3,2,0,4,0,2,3
12463,1873,Pd|Te,3,3,1,2,3,2,3,4,1,0,3
12464,1867,Pd|Sn,2,1,3,3,3,0,4,3,2,0,4
12465,1874,Pt|Te,3,3,4,3,1,3,3,4,1,1,0
12466,1875,Pt|Ta,4,1,0,3,1,2,2,0,1,4,4
12467,1875,Pt|Ta,4,1,0,3,1,2,0,4,0,3,4
12468,1875,Pt|Ta,4,1,0,3,1,2,4,0,1,4,4
12469,1876,Pt|Sn,4,3,4,2,1,0,2,1,3,1,1
12470,1877,Pt|Si,0,4,3,1,3,0,0,2,2,0,0
12471,1878,Pt|Sb,4,0,4,1,3,2,0,1,2,4,0
12472,1879,Pt|Rh|Ti,2,4,4,0,1,0,0,0,2,0,3
12473,1217,Pd|Zr,2,1,0,3,2,3,4,1,2,4,1
12474,1880,Pd|V,0,1,4,3,4,2,3,1,1,1,2
12475,1881,Pt|Y,1,2,0,1,4,0,4,0,3,0,4
12476,1881,Pt|Y,1,2,0,1,4,0,0,3,4,3,2
12477,1882,Pt|W,4,3,0,2,0,4,0,3,1,4,3
12478,1883,Pt|V,1,4,4,4,3,0,1,0,4,2,4
12479,1883,Pt|V,1,4,4,4,3,0,4,2,3,3,4
12480,1883,Pt|V,1,4,4,4,3,0,3,0,3,0,3
12481,1884,Pt|Tl,0,1,0,1,0,4,3,3,4,1,4
12482,1885,Pt|Ti,4,2,1,3,0,0,0,1,2,0,1
12483,1886,Re|Ta,3,1,3,1,3,3,3,4,4,0,0
12484,1886,Re|Ta,3,1,3,1,3,3,1,2,4,3,4
12485,1886,Re|Ta,3,1,3,1,3,3,1,3,1,0,4
12486,1887,Re|Ru,3,1,4,0,3,0,4,1,0,2,2
12487,1888,Re|Rh|Ti,1,0,4,0,1,2,2,1,2,2,1
12488,1838,Os|Re,2,4,4,3,2,0,4,3,3,3,4
12489,1024,Re,4,3,3,4,4,4,1,0,1,0,3
12490,1024,Re,4,3,3,4,4,4,3,2,4,1,3
12491,1889,Pt|Zr,4,4,3,4,3,3,1,3,1,2,2
12492,1881,Pt|Y,1,2,0,1,4,0,3,1,3,1,3
12493,1881,Pt|Y,1,2,0,1,4,0,2,0,4,2,4
12494,1881,Pt|Y,1,2,0,1,4,0,0,1,3,3,1
12495,1890,Re|W,2,3,4,2,0,3,3,4,0,4,4
12496,1890,Re|W,2,3,4,2,0,3,0,0,1,2,3
12497,1890,Re|W,2,3,4,2,0,3,3,1,4,0,4
12498,1890,Re|W,2,3,4,2,0,3,3,3,2,4,2
12499,1891,Re|V,2,3,0,3,0,2,0,2,2,3,4
12500,1891,Re|V,2,3,0,3,0,2,4,3,3,0,1
12501,1891,Re|V,2,3,0,3,0,2,0,2,4,1,4
12502,1891,Re|V,2,3,0,3,0,2,3,1,1,4,0
12503,1892,Re|Ti,0,1,3,0,2,3,0,4,1,0,3
12504,1892,Re|Ti,0,1,3,0,2,3,4,1,0,3,1
12505,1886,Re|Ta,3,1,3,1,3,3,2,4,4,2,0
12506,1893,Rh|Se,0,2,0,1,0,1,2,2,2,1,0
12507,1894,Rh|Sc|Ti,0,0,2,1,0,3,4,0,1,1,0
12508,1895,Rh|Sc,1,0,0,2,3,3,2,0,4,3,0
12509,1896,Rh|S,4,4,0,1,3,4,2,0,4,2,0
12510,1897,Rh|Ru|Ti,3,0,1,4,0,4,0,4,4,4,2
12511,1233,Re|Zr,2,3,2,3,0,1,3,1,3,4,2
12512,1233,Re|Zr,2,3,2,3,0,1,1,1,3,4,3
12513,1233,Re|Zr,2,3,2,3,0,1,2,3,0,0,0
12514,1898,Re|Y,3,2,4,4,4,0,0,3,2,1,0
12515,1890,Re|W,2,3,4,2,0,3,1,3,1,3,1
12516,1890,Re|W,2,3,4,2,0,3,2,2,2,2,0
12517,1890,Re|W,2,3,4,2,0,3,3,1,4,0,3
12518,1899,Rh|Te,4,4,0,4,3,4,1,1,0,4,2
12519,1899,Rh|Te,4,4,0,4,3,4,3,3,2,0,1
12520,1900,Rh|Ta|Ti,2,1,0,2,4,4,2,4,1,1,4
12521,1227,Rh|Ta,2,3,0,4,1,3,1,2,2,3,0
12522,1227,Rh|Ta,2,3,0,4,1,3,1,4,0,4,0
12523,1227,Rh|Ta,2,3,0,4,1,3,2,1,2,1,2
12524,1901,Rh|Sr,1,2,3,0,2,3,3,0,3,2,0
12525,1902,Rh|Sn,0,0,0,1,0,0,3,3,1,1,1
12526,1893,Rh|Se,0,2,0,1,0,1,3,3,1,1,1
12527,1903,Rh|Ti|Zr,4,3,0,0,2,1,4,4,4,3,0
12528,1904,Rh|Ti|Y,3,4,3,3,0,1,4,1,4,1,0
12529,1905,Rh|Ti|W,2,4,1,4,3,2,3,0,2,4,2
12530,1906,Rh|Ti|V,2,1,1,3,4,4,2,4,1,2,0
12531,1907,Rh|Ti,4,1,1,3,3,3,2,0,4,2,2
12532,1907,Rh|Ti,4,1,1,3,3,3,1,0,4,0,4
12533,1907,Rh|Ti,4,1,1,3,3,3,3,4,0,2,3
12534,1907,Rh|Ti,4,1,1,3,3,3,4,4,2,0,2
12535,1907,Rh|Ti,4,1,1,3,3,3,4,1,0,2,3
12536,1907,Rh|Ti,4,1,1,3,3,3,2,3,2,3,3
12537,1907,Rh|Ti,4,1,1,3,3,3,4,2,4,0,2
12538,1231,Rh|Zr,3,0,2,0,0,2,1,1,1,2,1
12539,1231,Rh|Zr,3,0,2,0,0,2,0,3,4,3,3
12540,1231,Rh|Zr,3,0,2,0,0,2,3,2,0,2,2
12541,1231,Rh|Zr,3,0,2,0,0,2,1,0,4,1,0
12542,1231,Rh|Zr,3,0,2,0,0,2,4,1,0,4,2
12543,1908,Rh|Y,2,4,2,1,3,2,1,3,2,0,4
12544,1908,Rh|Y,2,4,2,1,3,2,2,0,4,3,3
12545,1908,Rh|Y,2,4,2,1,3,2,0,1,1,4,1
12546,1908,Rh|Y,2,4,2,1,3,2,4,0,2,1,3
12547,1909,Rh|W,4,3,0,4,0,0,1,4,2,4,4
12548,1909,Rh|W,4,3,0,4,0,0,4,1,3,1,2
12549,1910,Rh|V,1,4,3,4,2,1,2,1,3,3,2
12550,1911,Ru|V,1,3,0,4,2,4,4,4,4,1,4
12551,1912,Ru|Ti,0,1,3,1,0,4,3,3,1,2,2
12552,1913,Ru|Sc,2,4,1,3,0,3,4,2,4,0,4
12553,1026,Ru,0,3,0,2,1,4,1,4,1,0,2
12554,1231,Rh|Zr,3,0,2,0,0,2,0,3,1,3,3
12555,1231,Rh|Zr,3,0,2,0,0,2,0,2,2,2,4
12556,1231,Rh|Zr,3,0,2,0,0,2,4,0,0,0,0
12557,1231,Rh|Zr,3,0,2,0,0,2,3,2,3,0,3
12558,1231,Rh|Zr,3,0,2,0,0,2,3,0,3,0,4
12559,1231,Rh|Zr,3,0,2,0,0,2,3,1,4,2,4
12560,1231,Rh|Zr,3,0,2,0,0,2,4,4,0,1,4
12561,1131,S|Se|Ta,0,4,1,2,1,1,0,1,1,2,1
12562,1232,Ru|Zr,1,0,1,4,4,4,4,2,1,2,1
12563,1232,Ru|Zr,1,0,1,4,4,4,2,1,2,2,1
12564,1914,Ru|Y,4,1,4,4,1,1,2,1,3,1,1
12565,1915,Ru|W,0,4,2,2,0,3,2,1,3,4,4
12566,1915,Ru|W,0,4,2,2,0,3,2,4,1,1,1
12567,1915,Ru|W,0,4,2,2,0,3,1,4,1,2,0
12568,1915,Ru|W,0,4,2,2,0,3,3,2,2,2,2
12569,1915,Ru|W,0,4,2,2,0,3,4,0,0,1,2
12570,1911,Ru|V,1,3,0,4,2,4,2,4,3,1,2
12571,1911,Ru|V,1,3,0,4,2,4,1,1,3,0,0
12572,1911,Ru|V,1,3,0,4,2,4,4,3,1,4,4
12573,1916,Sb|Sn,2,2,0,0,1,2,0,0,0,1,2
12574,1916,Sb|Sn,2,2,0,0,1,2,2,4,1,2,3
12575,1916,Sb|Sn,2,2,0,0,1,2,3,4,1,0,0
12576,1916,Sb|Sn,2,2,0,0,1,2,2,0,0,3,2
12577,1917,S|Zr,0,0,0,3,2,4,0,4,0,2,3
12578,1918,S|Y,4,2,2,1,3,3,4,4,4,4,1
12579,1130,S|Ta,4,4,3,1,0,3,4,1,3,3,3
12580,1130,S|Ta,4,4,3,1,0,3,0,1,4,4,3
12581,1082,S|Sn|Ta,2,2,3,2,1,4,4,3,4,1,0
12582,1131,S|Se|Ta,0,4,1,2,1,1,3,0,1,4,0
12583,1131,S|Se|Ta,0,4,1,2,1,1,2,4,4,0,2
12584,1919,Sc|Zr,2,3,0,0,2,3,1,2,1,2,3
12585,1919,Sc|Zr,2,3,0,0,2,3,4,0,3,1,0
12586,1919,Sc|Zr,2,3,0,0,2,3,3,1,3,1,3
12587,1920,Sb|Zr,4,4,4,3,1,4,3,2,2,0,0
12588,1921,Sb|V,2,3,0,4,2,4,1,3,4,2,4
12589,1921,Sb|V,2,3,0,4,2,4,0,2,4,4,1
12590,1922,Sb|Tl,1,1,2,4,1,1,2,4,0,3,1
12591,1922,Sb|Tl,1,1,2,4,1,1,0,2,0,2,4
12592,1142,Sb|Ti,3,2,0,1,2,0,0,3,3,2,4
12593,1142,Sb|Ti,3,2,0,1,2,0,2,0,3,4,3
12594,1923,Sb|Ta,2,0,3,2,1,0,0,4,3,2,3
12595,1916,Sb|Sn,2,2,0,0,1,2,0,4,0,0,2
12596,1149,Si|V,4,4,0,4,3,1,3,2,4,3,4
12597,1149,Si|V,4,4,0,4,3,1,4,0,0,4,0
12598,1149,Si|V,4,4,0,4,3,1,0,2,3,1,1
12599,1149,Si|V,4,4,0,4,3,1,3,1,0,3,3
12600,1149,Si|V,4,4,0,4,3,1,3,0,3,1,4
12601,1149,Si|V,4,4,0,4,3,1,1,3,2,4,1
12602,1924,Si|Ti|V,1,4,0,1,1,2,0,3,4,4,3
12603,1925,Si|Sr,2,4,0,0,4,2,1,2,2,0,4
12604,1926,Se|Y,4,3,2,3,4,1,3,2,2,0,3
12605,1272,Sn|Te,2,4,2,0,3,0,2,0,1,1,1
12606,1927,Sn|Ta|V,3,2,4,3,0,0,2,4,2,0,1
12607,1927,Sn|Ta|V,3,2,4,3,0,0,0,4,4,4,4
12608,1928,Sn|Ta,2,0,1,1,2,2,1,4,1,2,4
12609,1928,Sn|Ta,2,0,1,1,2,2,3,1,3,3,2
12610,1928,Sn|Ta,2,0,1,1,2,2,0,0,1,2,3
12611,1929,Si|W,3,2,1,2,4,0,2,3,4,2,1
12612,1149,Si|V,4,4,0,4,3,1,2,1,2,0,1
12613,1149,Si|V,4,4,0,4,3,1,2,0,4,4,1
12614,1149,Si|V,4,4,0,4,3,1,0,2,3,1,4
12615,1149,Si|V,4,4,0,4,3,1,3,2,0,0,0
12616,1149,Si|V,4,4,0,4,3,1,1,3,0,0,2
12617,1930,Ta|V|Zr,1,4,2,1,1,3,2,2,0,4,4
12618,1931,Ta|V,0,1,1,3,0,3,0,2,2,3,1
12619,1931,Ta|V,0,1,1,3,0,3,4,1,0,2,2
12620,1931,Ta|V,0,1,1,3,0,3,2,0,1,2,1
12621,1932,Ta|Ti,3,3,3,1,4,2,2,1,4,3,0
12622,1266,Ta,3,0,1,1,3,3,0,4,3,1,2
12623,1933,Sn|Zr,1,4,1,2,4,3,4,4,2,3,0
12624,1934,Sn|Zn,4,2,1,1,0,4,3,2,3,4,1
12625,1935,Sn|V,4,3,3,0,3,4,0,4,3,1,3
12626,1935,Sn|V,4,3,3,0,3,4,3,2,2,4,3
12627,1272,Sn|Te,2,4,2,0,3,0,3,0,4,1,2
12628,1936,Tc|V,0,0,4,3,4,0,4,4,4,2,0
12629,1936,Tc|V,0,0,4,3,4,0,4,0,1,2,1
12630,1936,Tc|V,0,0,4,3,4,0,4,1,1,3,4
12631,1936,Tc|V,0,0,4,3,4,0,2,2,0,2,4
12632,1936,Tc|V,0,0,4,3,4,0,2,3,0,2,0
12633,1936,Tc|V,0,0,4,3,4,0,1,1,3,4,4
12634,1936,Tc|V,0,0,4,3,4,0,3,2,3,0,0
12635,1936,Tc|V,0,0,4,3,4,0,3,1,2,1,4
12636,1936,Tc|V,0,0,4,3,4,0,1,0,4,3,1
12637,981,Tc,2,1,2,1,0,2,2,2,2,1,2
12638,1937,Ta|Zr,2,3,2,4,3,2,1,2,2,1,2
12639,1938,Ti|V,1,4,1,2,1,1,2,3,4,1,4
12640,1939,Ti,4,0,4,1,3,4,2,4,4,4,0
12641,1940,Te|Y,2,4,3,2,1,1,3,2,4,3,1
12642,1275,Te|Tl,4,1,4,2,3,3,3,1,4,2,3
12643,1941,Tc|Zr,3,4,2,1,0,0,0,1,0,1,4
12644,1941,Tc|Zr,3,4,2,1,0,0,3,4,3,1,3
12645,1942,Tc|W,2,1,4,4,0,0,4,4,4,3,3
12646,1938,Ti|V,1,4,1,2,1,1,1,2,2,3,0
12647,1938,Ti|V,1,4,1,2,1,1,0,1,4,3,4
12648,1938,Ti|V,1,4,1,2,1,1,3,4,3,1,0
12649,1938,Ti|V,1,4,1,2,1,1,2,2,0,4,0
12650,1938,Ti|V,1,4,1,2,1,1,2,4,2,2,1
12651,1938,Ti|V,1,4,1,2,1,1,1,0,1,4,4
12652,1938,Ti|V,1,4,1,2,1,1,3,1,1,0,3
12653,1938,Ti|V,1,4,1,2,1,1,3,4,4,4,1
12654,1938,Ti|V,1,4,1,2,1,1,1,3,3,4,1
12655,1938,Ti|V,1,4,1,2,1,1,2,3,3,1,2
12656,1938,Ti|V,1,4,1,2,1,1,2,3,1,4,4
12657,1938,Ti|V,1,4,1,2,1,1,2,4,0,2,4
12658,972,Tl,3,4,2,0,0,4,1,3,2,4,2
12659,972,Tl,3,4,2,0,0,4,4,3,1,0,1
12660,972,Tl,3,4,2,0,0,4,4,2,0,2,4
12661,972,Tl,3,4,2,0,0,4,1,4,0,4,0
12662,1943,Ti|Zr,4,2,0,4,1,4,1,1,3,1,1
12663,1943,Ti|Zr,4,2,0,4,1,4,2,0,1,3,0
12664,1943,Ti|Zr,4,2,0,4,1,4,0,2,2,1,0
12665,1943,Ti|Zr,4,2,0,4,1,4,1,4,3,1,2
12666,1943,Ti|Zr,4,2,0,4,1,4,1,2,4,1,4
12667,1944,Ti|V|Zr,3,1,0,2,0,0,1,2,0,1,2
12668,1944,Ti|V|Zr,3,1,0,2,0,0,3,2,3,2,3
12669,1095,V|Zr,4,1,4,1,2,4,1,3,2,1,3
12670,1095,V|Zr,4,1,4,1,2,4,4,3,0,0,0
12671,1095,V|Zr,4,1,4,1,2,4,1,0,1,4,4
12672,1095,V|Zr,4,1,4,1,2,4,4,4,3,0,2
12673,1095,V|Zr,4,1,4,1,2,4,1,2,2,4,1
12674,1945,Tl|Y,3,0,2,0,0,4,2,0,4,4,3
12675,1576,Cs|Mo|S,1,3,3,0,2,0,4,1,1,2,2
12676,1025,Zn,4,1,4,1,3,4,4,1,4,1,4
12677,1091,Y,1,2,2,3,2,0,3,0,2,3,4
12678,1749,Mg|Pb,0,2,1,0,4,0,2,0,4,0,4
12679,1773,Mo|S|Zn,4,0,0,0,3,0,1,2,2,3,1
12680,1760,Mo|Pb|S,4,0,2,0,3,4,2,4,4,3,3
12681,1946,N|Re,4,3,0,0,0,0,4,3,1,0,2
12682,1947,N|Ta,0,1,0,4,1,3,1,2,2,4,3
12683,1145,Nb|Pt,4,2,1,1,2,3,4,4,4,0,0
12684,1000,Nb|Se,0,2,1,4,0,2,1,3,4,4,4
12685,1000,Nb|Se,0,2,1,4,0,2,3,4,3,4,0
12686,1801,Nb|Sb,2,1,4,0,3,4,3,1,1,0,0
12687,1138,Nb|S,4,1,0,4,4,4,2,4,4,4,3
12688,1796,Nb|Ru,4,3,1,0,1,2,1,0,2,0,0
12689,1144,Nb|Sn,4,4,1,2,2,3,2,3,0,4,0
12690,1240,Nb|Si,0,2,3,3,2,4,1,3,4,4,3
12691,1240,Nb|Si,0,2,3,3,2,4,2,0,3,4,1
12692,1000,Nb|Se,0,2,1,4,0,2,0,4,3,1,1
12693,1000,Nb|Se,0,2,1,4,0,2,3,4,0,1,3
12694,1144,Nb|Sn,4,4,1,2,2,3,1,4,3,3,0
12695,1268,P,4,0,0,0,4,3,4,1,2,4,3
12696,1948,P|Pd,3,0,3,0,0,3,0,2,2,1,1
12697,1948,P|Pd,3,0,3,0,0,3,0,2,0,2,1
12698,1268,P,4,0,0,0,4,3,1,1,0,2,4
12699,1949,P|Zr,1,1,4,4,4,0,1,1,2,1,4
12700,1949,P|Zr,1,1,4,4,4,0,3,0,3,1,0
12701,1860,Pd|S,1,3,0,3,2,1,3,4,4,1,2
12702,1883,Pt|V,1,4,4,4,3,0,3,0,4,4,4
12703,1911,Ru|V,1,3,0,4,2,4,0,3,0,1,3
12704,1950,Sb,3,0,1,0,4,4,3,2,0,4,0
12705,1911,Ru|V,1,3,0,4,2,4,1,3,0,2,3
12706,1132,Se|Ta,4,3,0,3,1,2,1,3,0,0,3
12707,1132,Se|Ta,4,3,0,3,1,2,3,3,4,0,3
12708,1951,Se,4,2,1,2,3,2,1,2,1,2,2
12709,1069,Si,3,2,2,0,0,2,1,1,4,2,4
12710,1149,Si|V,4,4,0,4,3,1,2,4,4,1,1
12711,1952,Sn|Tl,0,1,3,4,2,4,0,2,2,3,1
12712,1952,Sn|Tl,0,1,3,4,2,4,2,0,2,3,0
12713,971,Sn,0,0,4,3,0,1,2,3,1,1,1
12714,971,Sn,0,0,4,3,0,1,1,1,2,4,2
12715,971,Sn,0,0,4,3,0,1,0,1,2,2,4
12716,1267,Te,0,1,3,0,3,1,3,0,4,4,2
12717,1267,Te,0,1,3,0,3,1,4,1,1,2,0
12718,981,Tc,2,1,2,1,0,2,4,1,1,4,0
12719,1937,Ta|Zr,2,3,2,4,3,2,1,3,0,3,3
12720,1261,Sr,0,2,4,0,3,3,1,2,0,4,3
12721,1267,Te,0,1,3,0,3,1,1,0,2,1,2
12722,1783,N|Ti,2,1,1,3,2,1,2,0,1,1,3
12723,986,C|Y,2,2,0,0,3,2,4,0,4,0,2
12724,1015,B|Zr,0,0,1,2,2,2,3,1,3,0,4
12725,1729,La|Si,4,3,0,0,0,3,3,4,0,4,0
12726,1946,N|Re,4,3,0,0,0,0,1,1,3,4,4
12727,1782,N|Nb,3,3,1,0,4,1,0,2,3,2,0
12728,1050,C|Mo,0,2,0,1,2,4,1,0,2,3,0
12729,1114,C|Ta,0,0,1,1,4,2,4,3,3,4,1
12730,1115,C|Nb,3,2,2,3,0,1,0,4,0,3,4
12731,1429,B|Ta,3,4,3,4,4,1,3,3,1,2,3
12732,1427,B|Re,1,0,1,0,2,4,3,4,2,2,1
12733,1052,B|Mo,2,1,4,4,1,3,1,0,2,3,1
12734,998,Si|Ta,0,1,4,2,4,2,0,4,1,4,1
12735,1633,Ge|Mo,3,1,3,1,4,1,2,0,2,0,3
12736,1929,Si|W,3,2,1,2,4,0,1,2,2,1,3
12737,1779,Mo|Si,4,2,3,4,1,0,3,2,2,4,0
12738,1511,C|Ru,2,2,3,4,0,2,2,3,0,4,4
12739,1953,C|Fe,4,2,1,3,4,1,0,4,4,4,2
12740,1954,Co|Mo,4,4,3,4,1,0,0,2,3,1,1
12741,1050,C|Mo,0,2,0,1,2,4,3,0,1,1,3
12742,1638,Ge|Rh,0,3,4,1,2,1,4,1,2,2,1
12743,1138,Nb|S,4,1,0,4,4,4,0,4,0,2,0
12744,1732,La|S,4,1,0,1,0,4,3,4,4,0,0
12745,1000,Nb|Se,0,2,1,4,0,2,1,3,2,3,2
12746,1293,La|Se,3,1,2,0,0,2,4,2,0,3,4
12747,1869,Pd|Se,3,0,4,3,1,4,4,3,0,1,4
12748,1869,Pd|Se,3,0,4,3,1,4,1,3,2,3,2
12749,1893,Rh|Se,0,2,0,1,0,1,1,2,3,4,3
12750,1737,La|Te,3,0,2,1,0,1,4,1,0,2,3
12751,1737,La|Te,3,0,2,1,0,1,1,2,3,1,2
12752,1940,Te|Y,2,4,3,2,1,1,3,3,3,0,2
12753,1955,Pd|Se|Te,2,0,3,3,2,4,2,4,1,3,3
12754,1956,Nb|Se|Te,1,4,2,3,2,3,4,3,3,0,3
12755,1873,Pd|Te,3,3,1,2,3,2,1,3,3,4,2
12756,1873,Pd|Te,3,3,1,2,3,2,2,1,0,0,2
12757,1873,Pd|Te,3,3,1,2,3,2,1,3,0,2,2
12758,1873,Pd|Te,3,3,1,2,3,2,0,4,0,4,4
12759,1873,Pd|Te,3,3,1,2,3,2,2,3,1,3,0
12760,1873,Pd|Te,3,3,1,2,3,2,2,4,1,4,1
12761,1873,Pd|Te,3,3,1,2,3,2,1,2,3,4,4
12762,1873,Pd|Te,3,3,1,2,3,2,4,4,1,3,4
12763,1873,Pd|Te,3,3,1,2,3,2,4,1,3,3,1
12764,1383,As|Pd,2,3,4,0,3,3,4,0,3,3,0
12765,1957,As|Ni|Pd,2,2,1,4,2,3,2,3,0,4,4
12766,1957,As|Ni|Pd,2,2,1,4,2,3,1,4,4,1,1
12767,1957,As|Ni|Pd,2,2,1,4,2,3,4,3,0,1,0
12768,1593,Cu|Se|Te,2,1,1,3,2,4,1,1,0,3,1
12769,1272,Sn|Te,2,4,2,0,3,0,4,4,0,1,4
12770,1294,Ge|Te,0,3,1,0,3,2,2,1,2,3,4
12771,1294,Ge|Te,0,3,1,0,3,2,0,0,1,4,3
12772,1294,Ge|Te,0,3,1,0,3,2,4,1,2,0,4
12773,1681,In|Sb|Te,1,3,2,4,3,0,0,1,4,3,1
12774,1788,Nb|O,2,3,3,4,3,4,3,3,2,0,3
12775,1958,Mo|O,2,0,1,3,0,0,2,2,3,4,4
12776,1284,Ca|O|Sr|Ti,4,0,4,2,3,0,1,4,0,2,2
12777,1278,Ba|O|Sr|Ti,0,4,4,3,3,0,1,0,1,3,3
12778,930,O|Sr|Ti,0,2,3,0,2,1,1,1,0,3,1
12779,930,O|Sr|Ti,0,2,3,0,2,1,2,3,2,4,0
12780,1824,O|Tl|W,3,1,4,3,2,4,4,0,1,4,1
12781,1829,O|Rh|Ti,4,2,0,4,4,4,0,3,3,2,0
12782,1942,Tc|W,2,1,4,4,0,0,0,1,4,4,3
12783,1222,Mo|Re,3,1,3,3,1,1,0,1,2,3,2
12784,1226,Ir|Nb,1,2,1,0,3,1,1,2,1,0,4
12785,1226,Ir|Nb,1,2,1,0,3,1,4,1,4,1,1
12786,1346,Al|Nb,2,4,3,1,4,0,2,0,1,1,0
12787,1959,Ba|P|W,4,0,0,1,1,4,2,1,1,4,2
12788,1225,Nb|Rh,3,0,2,4,3,2,4,2,1,2,4
12789,1915,Ru|W,0,4,2,2,0,3,1,1,2,0,1
12790,1890,Re|W,2,3,4,2,0,3,3,1,3,4,2
12791,1890,Re|W,2,3,4,2,0,3,3,3,0,4,3
12792,1890,Re|W,2,3,4,2,0,3,4,3,3,1,1
12793,1891,Re|V,2,3,0,3,0,2,3,2,3,4,4
12794,1608,Fe|Re,3,4,0,4,3,2,2,4,4,2,4
12795,1787,Nb|Os,0,3,2,2,0,0,4,2,1,0,2
12796,1571,Cr|Ru,4,1,4,2,1,4,4,0,2,4,0
12797,1571,Cr|Ru,4,1,4,2,1,4,2,2,2,1,2
12798,1227,Rh|Ta,2,3,0,4,1,3,2,0,1,3,1
12799,1135,Cr|Re,1,3,0,3,3,4,4,3,2,0,0
12800,1790,Nb|Re,2,1,0,4,1,2,1,0,2,3,4
12801,1790,Nb|Re,2,1,0,4,1,2,4,2,4,4,3
12802,1145,Nb|Pt,4,2,1,1,2,3,4,4,2,3,2
12803,1145,Nb|Pt,4,2,1,1,2,3,3,4,4,3,2
12804,1228,Ir|Ta,1,2,1,2,1,4,2,1,3,2,2
12805,1886,Re|Ta,3,1,3,1,3,3,0,0,2,2,1
12806,1875,Pt|Ta,4,1,0,3,1,2,2,2,0,4,2
12807,1134,Ce|Ru,2,4,3,0,3,3,1,1,4,2,1
12808,1960,Ca|Ir,2,3,2,0,4,0,3,4,1,4,0
12809,1095,V|Zr,4,1,4,1,2,4,0,0,2,1,4
12810,1881,Pt|Y,1,2,0,1,4,0,3,4,1,2,1
12811,1819,Ni|V|Zr,4,1,1,1,2,4,2,3,3,0,0
12812,1961,Pt|Sr,4,2,2,3,0,4,0,2,3,4,0
12813,1708,Ir|Sc,2,0,1,0,2,2,4,2,3,4,3
12814,1694,Ir|Os|Y,4,0,4,2,4,4,0,2,1,4,0
12815,1962,Re|Sc,4,1,1,2,3,1,3,3,0,2,0
12816,1818,Nb|V|Zr,3,2,0,0,0,2,1,4,4,0,1
12817,1648,Hf|Re,3,1,2,3,0,2,3,1,3,3,2
12818,1233,Re|Zr,2,3,2,3,0,1,3,3,0,3,0
12819,1913,Ru|Sc,2,4,1,3,0,3,1,0,1,2,3
12820,1898,Re|Y,3,2,4,4,4,0,4,4,1,1,1
12821,1232,Ru|Zr,1,0,1,4,4,4,1,1,3,4,4
12822,1813,Nb|Tc,3,0,2,4,1,3,2,3,4,4,0
12823,1647,Hf|Mo,2,2,2,3,2,3,1,0,3,1,2
12824,1790,Nb|Re,2,1,0,4,1,2,4,1,3,3,3
12825,1790,Nb|Re,2,1,0,4,1,2,0,1,1,2,1
12826,1790,Nb|Re,2,1,0,4,1,2,1,4,2,4,3
12827,1790,Nb|Re,2,1,0,4,1,2,4,3,3,4,0
12828,1222,Mo|Re,3,1,3,3,1,1,1,0,4,3,0
12829,1787,Nb|Os,0,3,2,2,0,0,0,2,1,2,4
12830,1233,Re|Zr,2,3,2,3,0,1,2,3,0,4,3
12831,1648,Hf|Re,3,1,2,3,0,2,1,2,0,4,2
12832,1892,Re|Ti,0,1,3,0,2,3,2,3,1,0,2
12833,1886,Re|Ta,3,1,3,1,3,3,1,0,4,0,3
12834,1886,Re|Ta,3,1,3,1,3,3,1,2,0,2,3
12835,1886,Re|Ta,3,1,3,1,3,3,1,0,2,2,4
12836,1962,Re|Sc,4,1,1,2,3,1,2,1,1,4,1
12837,1963,Bi|Pt|Sb,4,4,3,4,4,4,4,1,1,1,1
12838,1046,Bi|Rh,2,4,4,1,1,0,1,4,2,2,0
12839,1481,Bi|Pt,2,3,2,1,3,1,4,0,0,2,1
12840,1474,Bi|Pd,3,1,4,4,3,4,0,4,2,3,1
12841,1853,Pb|Sb,2,2,3,2,0,2,1,0,0,1,3
12842,1401,Au|Pb,3,3,2,4,3,4,4,4,2,0,3
12843,1234,Co|Zr,3,2,0,4,1,2,4,3,3,4,3
12844,1339,Al|Cu,1,2,1,3,4,4,3,3,4,4,1
12845,1318,Ag|In,0,0,3,4,3,2,4,1,2,2,0
12846,1848,Pb|Pd,1,3,1,1,4,2,0,1,2,2,4
12847,1472,Bi|Pb,4,4,4,4,3,2,2,4,3,3,0
12848,1226,Ir|Nb,1,2,1,0,3,1,3,0,3,4,4
12849,1144,Nb|Sn,4,4,1,2,2,3,4,4,4,1,4
12850,1403,Au|Zn,0,1,0,0,0,3,3,2,2,2,1
12851,1225,Nb|Rh,3,0,2,4,3,2,1,0,3,0,2
12852,1474,Bi|Pd,3,1,4,4,3,4,2,2,4,4,1
12853,1847,Pb|Pt,1,4,0,0,1,4,0,3,4,4,1
12854,1225,Nb|Rh,3,0,2,4,3,2,2,4,4,2,4
12855,1312,Ag|Al,4,3,4,1,1,1,3,4,4,0,3
12856,1964,Ir|Zn,3,2,1,3,4,1,3,1,0,0,2
12857,1474,Bi|Pd,3,1,4,4,3,4,0,3,0,1,1
12858,1225,Nb|Rh,3,0,2,4,3,2,3,0,0,3,2
12859,1225,Nb|Rh,3,0,2,4,3,2,4,4,2,2,3
12860,1965,Al|Tl,2,1,0,1,3,4,0,3,2,4,0
12861,1876,Pt|Sn,4,3,4,2,1,0,1,1,0,0,1
12862,1966,In|Mg,3,4,2,0,2,4,0,1,2,3,2
12863,1137,Bi|In,1,2,4,3,3,1,0,1,2,0,3
12864,1137,Bi|In,1,2,4,3,3,1,1,1,4,3,3
12865,1483,Bi|Ru,2,4,1,4,2,1,3,0,2,0,0
12866,1663,Hg|Sn,1,0,1,4,1,4,2,2,0,2,2
12867,1830,O|Re|Ti,1,1,4,0,1,4,3,1,2,0,3
12868,1967,Bi|Fe,1,4,2,3,0,0,0,3,0,2,1
12869,1968,Bi|Mg,2,3,4,3,3,3,0,4,4,1,3
12870,1968,Bi|Mg,2,3,4,3,3,3,1,2,0,3,4
12871,1465,Bi|Ir,3,0,4,3,2,3,4,4,1,0,2
12872,1311,Ag|Bi,1,1,4,2,1,0,3,2,2,2,4
12873,1802,Nb|Si|V,3,3,0,4,0,2,3,4,1,4,1
12874,1969,Si|V|Zr,4,2,3,4,1,3,2,4,1,2,0
12875,1969,Si|V|Zr,4,2,3,4,1,3,3,0,0,3,1
12876,1924,Si|Ti|V,1,4,0,1,1,2,4,3,1,3,0
12877,1755,Mn|Si|V,0,3,3,1,2,4,4,1,3,0,4
12878,1970,Mo|Si|V,2,4,2,2,2,1,2,2,0,2,3
12879,1970,Mo|Si|V,2,4,2,2,2,1,0,2,2,0,1
12880,1970,Mo|Si|V,2,4,2,2,2,1,2,1,1,0,4
12881,1970,Mo|Si|V,2,4,2,2,2,1,1,4,4,4,3
12882,1970,Mo|Si|V,2,4,2,2,2,1,3,0,2,3,0
12883,1970,Mo|Si|V,2,4,2,2,2,1,1,2,0,4,1
12884,1971,Cr|Si|V,3,4,3,3,2,0,4,0,0,1,1
12885,1972,Be|Si|V,2,1,3,2,1,4,2,1,0,2,3
12886,1972,Be|Si|V,2,1,3,2,1,4,1,2,4,1,0
12887,1635,Ge|Si|V,1,3,4,0,2,2,3,3,0,1,4
12888,1620,Ga|Si|V,3,1,4,2,1,1,3,0,2,1,2
12889,1620,Ga|Si|V,3,1,4,2,1,1,2,2,1,3,3
12890,1973,Pd|Si|V,0,4,2,4,4,2,1,1,0,3,2
12891,1974,Co|Si|V,3,1,3,2,3,4,4,3,2,3,4
12892,1975,Ru|Si|V,2,4,3,0,0,0,2,0,1,2,4
12893,1976,Fe|Si|V,4,1,3,2,4,4,2,2,0,0,2
12894,1977,Re|Si|V,0,1,1,1,0,4,3,2,4,4,0
12895,1755,Mn|Si|V,0,3,3,1,2,4,4,1,2,0,4
12896,1620,Ga|Si|V,3,1,4,2,1,1,2,3,2,4,3
12897,1620,Ga|Si|V,3,1,4,2,1,1,2,0,0,4,1
12898,1620,Ga|Si|V,3,1,4,2,1,1,1,2,2,2,2
12899,1620,Ga|Si|V,3,1,4,2,1,1,0,3,2,0,2
12900,1620,Ga|Si|V,3,1,4,2,1,1,4,4,4,4,1
12901,1620,Ga|Si|V,3,1,4,2,1,1,1,4,0,0,2
12902,1620,Ga|Si|V,3,1,4,2,1,1,4,3,0,1,0
12903,1363,Al|Si|V,4,0,0,4,2,3,3,4,0,0,3
12904,1363,Al|Si|V,4,0,0,4,2,3,3,3,3,2,2
12905,1363,Al|Si|V,4,0,0,4,2,3,1,2,0,2,3
12906,1363,Al|Si|V,4,0,0,4,2,3,0,3,3,3,1
12907,1363,Al|Si|V,4,0,0,4,2,3,0,4,0,0,4
12908,1978,Ga|Ti|V,1,4,3,2,1,0,0,3,2,1,3
12909,1979,Ce|Ga|V,2,2,4,4,1,2,3,4,1,4,2
12910,1980,Ga|La|V,0,2,3,0,4,3,4,3,1,3,1
12911,1981,Sb|Si|V,4,1,4,0,4,0,2,2,3,2,0
12912,1982,Si|Sn|V,4,0,4,4,0,4,4,0,0,3,3
12913,1982,Si|Sn|V,4,0,4,4,0,4,1,4,0,3,0
12914,1982,Si|Sn|V,4,0,4,4,0,4,0,2,3,3,3
12915,1982,Si|Sn|V,4,0,4,4,0,4,4,1,1,2,0
12916,1635,Ge|Si|V,1,3,4,0,2,2,1,4,3,2,4
12917,1635,Ge|Si|V,1,3,4,0,2,2,3,2,2,4,4
12918,1635,Ge|Si|V,1,3,4,0,2,2,4,2,1,3,0
12919,1983,Ga|Ni|V,3,2,4,3,4,1,2,4,2,0,3
12920,1984,Co|Ga|V,3,3,3,3,4,0,0,3,4,0,1
12921,1985,Fe|Ga|V,4,3,3,3,4,0,2,1,0,1,1
12922,1986,Ga|Re|V,0,3,2,0,2,0,1,1,0,2,2
12923,1987,Ga|Mn|V,3,4,0,2,3,4,0,2,4,2,3
12924,1988,Ga|V|W,4,3,1,1,4,1,0,1,0,2,0
12925,1989,Ga|Mo|V,3,1,3,4,1,1,1,3,4,0,3
12926,1990,Cr|Ga|V,1,2,0,0,0,3,2,0,4,3,0
12927,1991,Ga|Ta|V,3,1,1,0,1,3,4,3,1,2,4
12928,1623,Ga|Nb|V,4,3,0,3,1,4,0,0,1,1,3
12929,1992,Ga|Hf|V,1,0,0,0,2,1,3,0,2,4,4
12930,1993,Ga|V|Zr,2,4,0,0,2,0,1,1,2,0,0
12931,1808,Nb|Sn|V,1,1,0,4,0,3,3,0,2,4,0
12932,1808,Nb|Sn|V,1,1,0,4,0,3,3,2,0,3,1
12933,1994,Nb|Sb|V,2,1,2,3,4,2,4,1,0,1,3
12934,1808,Nb|Sn|V,1,1,0,4,0,3,0,4,3,2,2
12935,1995,Bi|Ga|V,1,3,1,2,4,4,0,2,4,0,0
12936,1996,Ga|Sb|V,4,3,4,4,1,2,2,0,4,2,4
12937,1997,Ga|Pb|V,2,0,3,3,3,0,1,2,2,2,4
12938,1998,Ga|Sn|V,3,3,3,0,2,1,2,0,0,4,1
12939,1614,Ga|Ge|V,3,3,1,2,4,2,2,3,1,2,2
12940,1611,Ga|In|V,0,2,0,3,0,4,1,3,3,2,0
12941,1999,Cd|Ga|V,1,2,1,2,1,0,2,1,0,4,3
12942,2000,Ga|V|Zn,3,0,2,2,2,1,3,1,3,3,0
12943,2001,Ga|Nb|Sn,3,2,2,2,0,2,1,2,1,3,1
12944,2001,Ga|Nb|Sn,3,2,2,2,0,2,2,1,3,3,1
12945,2002,Al|Mo|Nb,2,3,3,0,2,1,0,4,3,4,3
12946,2003,Au|Nb|V,2,4,3,2,2,0,3,3,3,1,2
12947,2003,Au|Nb|V,2,4,3,2,2,0,2,4,0,4,4
12948,2003,Au|Nb|V,2,4,3,2,2,0,2,3,1,1,4
12949,2003,Au|Nb|V,2,4,3,2,2,0,2,4,0,4,1
12950,2003,Au|Nb|V,2,4,3,2,2,0,3,0,0,3,3
12951,2003,Au|Nb|V,2,4,3,2,2,0,0,2,0,2,2
12952,2003,Au|Nb|V,2,4,3,2,2,0,4,1,0,2,3
12953,1927,Sn|Ta|V,3,2,4,3,0,0,0,3,2,0,3
12954,1927,Sn|Ta|V,3,2,4,3,0,0,0,4,1,4,0
12955,2004,Au|Nb|Rh,1,2,3,2,1,3,1,4,2,2,2
12956,2004,Au|Nb|Rh,1,2,3,2,1,3,2,0,4,0,2
12957,2004,Au|Nb|Rh,1,2,3,2,1,3,4,3,4,1,3
12958,2004,Au|Nb|Rh,1,2,3,2,1,3,1,0,2,4,1
12959,2004,Au|Nb|Rh,1,2,3,2,1,3,0,4,1,0,2
12960,2004,Au|Nb|Rh,1,2,3,2,1,3,0,3,3,3,2
12961,2005,Ge|Nb|Sn,0,1,1,3,3,3,0,1,3,4,4
12962,2005,Ge|Nb|Sn,0,1,1,3,3,3,1,4,0,1,3
12963,2005,Ge|Nb|Sn,0,1,1,3,3,3,3,1,0,0,1
12964,2001,Ga|Nb|Sn,3,2,2,2,0,2,2,1,3,3,0
12965,2001,Ga|Nb|Sn,3,2,2,2,0,2,1,4,3,4,2
12966,2001,Ga|Nb|Sn,3,2,2,2,0,2,0,2,1,3,4
12967,1353,Al|Nb|Sn,0,4,0,1,3,4,1,0,3,4,4
12968,1805,Nb|Sn|Ta,3,4,1,0,3,3,4,4,1,3,3
12969,1805,Nb|Sn|Ta,3,4,1,0,3,3,2,2,3,2,1
12970,1805,Nb|Sn|Ta,3,4,1,0,3,3,4,0,1,4,1
12971,1805,Nb|Sn|Ta,3,4,1,0,3,3,0,0,3,2,2
12972,2002,Al|Mo|Nb,2,3,3,0,2,1,3,2,2,0,4
12973,2002,Al|Mo|Nb,2,3,3,0,2,1,2,1,4,0,4
12974,2002,Al|Mo|Nb,2,3,3,0,2,1,0,4,0,0,2
12975,2002,Al|Mo|Nb,2,3,3,0,2,1,4,4,1,1,1
12976,2002,Al|Mo|Nb,2,3,3,0,2,1,3,3,1,3,4
12977,2006,Co|Nb|Rh,4,4,0,0,3,3,4,3,3,1,1
12978,2006,Co|Nb|Rh,4,4,0,0,3,3,1,4,1,0,1
12979,1353,Al|Nb|Sn,0,4,0,1,3,4,0,1,0,1,1
12980,1353,Al|Nb|Sn,0,4,0,1,3,4,0,2,3,4,2
12981,1353,Al|Nb|Sn,0,4,0,1,3,4,1,1,1,4,0
12982,1353,Al|Nb|Sn,0,4,0,1,3,4,2,2,2,2,0
12983,1353,Al|Nb|Sn,0,4,0,1,3,4,3,0,3,0,2
12984,1353,Al|Nb|Sn,0,4,0,1,3,4,0,4,0,3,4
12985,1353,Al|Nb|Sn,0,4,0,1,3,4,3,1,3,1,2
12986,1353,Al|Nb|Sn,0,4,0,1,3,4,2,4,0,2,3
12987,1353,Al|Nb|Sn,0,4,0,1,3,4,2,4,3,2,3
12988,1353,Al|Nb|Sn,0,4,0,1,3,4,2,0,0,0,2
12989,1353,Al|Nb|Sn,0,4,0,1,3,4,2,0,1,1,4
12990,1353,Al|Nb|Sn,0,4,0,1,3,4,3,3,3,0,2
12991,1341,Al|Ge|Nb,1,0,3,3,1,2,2,4,2,2,1
12992,2007,Nb|Sb|Sn,0,3,3,3,0,1,2,3,1,3,1
12993,2007,Nb|Sb|Sn,0,3,3,3,0,1,1,1,4,1,4
12994,2007,Nb|Sb|Sn,0,3,3,3,0,1,1,3,2,2,4
12995,2007,Nb|Sb|Sn,0,3,3,3,0,1,0,2,3,1,1
12996,2005,Ge|Nb|Sn,0,1,1,3,3,3,1,1,0,1,3
12997,2005,Ge|Nb|Sn,0,1,1,3,3,3,1,3,2,2,4
12998,2005,Ge|Nb|Sn,0,1,1,3,3,3,4,0,4,1,1
12999,1807,Nb|Sn|Zr,3,3,2,3,3,3,3,1,2,4,3
13000,2006,Co|Nb|Rh,4,4,0,0,3,3,1,2,4,1,3
13001,2004,Au|Nb|Rh,1,2,3,2,1,3,4,3,2,1,2
13002,2004,Au|Nb|Rh,1,2,3,2,1,3,4,1,0,3,0
13003,2004,Au|Nb|Rh,1,2,3,2,1,3,2,3,3,1,4
13004,2008,Ga|Ge|Nb,0,4,1,3,0,2,0,4,2,4,0
13005,1341,Al|Ge|Nb,1,0,3,3,1,2,1,0,3,4,2
13006,1341,Al|Ge|Nb,1,0,3,3,1,2,1,3,1,3,4
13007,1341,Al|Ge|Nb,1,0,3,3,1,2,3,4,4,0,1
13008,1341,Al|Ge|Nb,1,0,3,3,1,2,1,1,2,4,1
13009,2009,Nb|Os|Rh,2,4,0,3,1,2,0,3,2,4,2
13010,2009,Nb|Os|Rh,2,4,0,3,1,2,4,3,1,1,4
13011,2009,Nb|Os|Rh,2,4,0,3,1,2,4,2,1,3,1
13012,2009,Nb|Os|Rh,2,4,0,3,1,2,1,2,3,1,2
13013,2010,Nb|Pd|Rh,3,2,1,2,2,0,2,4,4,3,2
13014,2010,Nb|Pd|Rh,3,2,1,2,2,0,2,1,4,3,4
13015,2010,Nb|Pd|Rh,3,2,1,2,2,0,2,4,4,3,0
13016,2011,Nb|Rh|Ru,3,4,1,3,0,4,1,3,1,4,3
13017,2011,Nb|Rh|Ru,3,4,1,3,0,4,3,3,4,4,0
13018,2011,Nb|Rh|Ru,3,4,1,3,0,4,1,1,0,4,1
13019,2012,Al|Ge|Nb|Sn,3,2,4,1,0,0,1,4,1,1,0
13020,1810,Nb|Sn|Ta|V,2,3,0,0,4,3,1,4,3,1,2
13021,1810,Nb|Sn|Ta|V,2,3,0,0,4,3,3,4,1,3,0
13022,2013,Nb|Pt|Rh,4,2,2,1,0,4,4,1,3,2,1
13023,2013,Nb|Pt|Rh,4,2,2,1,0,4,0,2,3,0,1
13024,2013,Nb|Pt|Rh,4,2,2,1,0,4,0,1,2,1,3
13025,2013,Nb|Pt|Rh,4,2,2,1,0,4,1,0,3,1,3
13026,2013,Nb|Pt|Rh,4,2,2,1,0,4,3,2,2,1,2
13027,2013,Nb|Pt|Rh,4,2,2,1,0,4,3,4,0,4,3
13028,2013,Nb|Pt|Rh,4,2,2,1,0,4,1,3,1,4,4
13029,2013,Nb|Pt|Rh,4,2,2,1,0,4,4,0,4,1,2
13030,2013,Nb|Pt|Rh,4,2,2,1,0,4,0,4,0,1,0
13031,2012,Al|Ge|Nb|Sn,3,2,4,1,0,0,4,1,0,2,0
13032,2012,Al|Ge|Nb|Sn,3,2,4,1,0,0,2,1,0,4,3
13033,2012,Al|Ge|Nb|Sn,3,2,4,1,0,0,4,0,4,0,1
13034,2012,Al|Ge|Nb|Sn,3,2,4,1,0,0,1,0,0,3,0
13035,2012,Al|Ge|Nb|Sn,3,2,4,1,0,0,0,3,3,0,3
13036,2012,Al|Ge|Nb|Sn,3,2,4,1,0,0,1,2,2,4,4
13037,2012,Al|Ge|Nb|Sn,3,2,4,1,0,0,4,2,1,1,4
13038,2012,Al|Ge|Nb|Sn,3,2,4,1,0,0,3,4,1,0,3
13039,2012,Al|Ge|Nb|Sn,3,2,4,1,0,0,3,4,3,1,4
13040,2012,Al|Ge|Nb|Sn,3,2,4,1,0,0,3,3,3,4,2
13041,2012,Al|Ge|Nb|Sn,3,2,4,1,0,0,0,1,1,4,1
13042,2012,Al|Ge|Nb|Sn,3,2,4,1,0,0,2,0,4,0,1
13043,2014,Ag|F,4,0,3,3,3,0,2,4,3,2,3
13044,1149,Si|V,4,4,0,4,3,1,3,0,0,2,2
13045,1149,Si|V,4,4,0,4,3,1,1,3,3,3,0
13046,1149,Si|V,4,4,0,4,3,1,3,2,2,3,4
13047,1149,Si|V,4,4,0,4,3,1,1,1,4,1,2
13048,2012,Al|Ge|Nb|Sn,3,2,4,1,0,0,2,3,0,1,1
13049,2012,Al|Ge|Nb|Sn,3,2,4,1,0,0,3,2,3,3,4
13050,2012,Al|Ge|Nb|Sn,3,2,4,1,0,0,1,0,0,2,2
13051,2015,Ag|In|Te,3,3,3,2,3,1,4,0,2,3,3
13052,1327,Al|Au,3,0,4,4,2,1,0,0,4,2,2
13053,1330,Ag|Tl,0,0,0,2,0,3,1,3,1,4,3
13054,1313,Ag|F|N|O,4,0,4,2,4,3,3,0,1,0,3
13055,1318,Ag|In,0,0,3,4,3,2,2,1,3,0,0
13056,2016,Ag|Ga,0,2,2,0,2,1,3,4,3,1,2
13057,1341,Al|Ge|Nb,1,0,3,3,1,2,0,0,1,1,0
13058,1341,Al|Ge|Nb,1,0,3,3,1,2,0,4,1,4,4
13059,2017,Al|Cr|V,4,1,0,4,0,2,1,2,2,4,2
13060,1117,Al|C|Mo,2,2,1,4,0,2,1,0,0,4,2
13061,1190,Al,3,1,3,1,4,0,0,0,3,2,2
13062,1190,Al,3,1,3,1,4,0,4,2,1,2,0
13063,2015,Ag|In|Te,3,3,3,2,3,1,3,2,0,1,0
13064,1358,Al|Pt,2,2,3,4,0,3,2,1,0,4,2
13065,2018,Al|Pb,2,3,1,2,1,0,2,4,2,1,1
13066,1345,Al|Mg,0,4,4,3,2,2,2,1,0,1,2
13067,1274,As|Sn,3,3,3,3,4,3,2,2,4,3,1
13068,1385,As|Rh,3,0,0,4,4,4,2,1,4,4,4
13069,1383,As|Pd,2,3,4,0,3,3,0,0,0,0,2
13070,1957,As|Ni|Pd,2,2,1,4,2,3,0,2,1,2,3
13071,2019,As|In|Te,0,1,0,0,2,1,3,0,0,1,4
13072,2019,As|In|Te,0,1,0,0,2,1,2,3,1,4,3
13073,1394,Au|In,1,3,0,0,2,0,1,2,4,1,3
13074,1395,Au|Ge,2,4,0,2,2,4,0,4,4,0,4
13075,1274,As|Sn,3,3,3,3,4,3,3,1,3,2,1
13076,1396,Au|Sn,3,2,1,4,4,0,4,4,4,2,1
13077,1401,Au|Pb,3,3,2,4,3,4,4,4,1,0,2
13078,2020,B|La,1,3,3,2,3,0,1,3,1,1,1
13079,1176,B|C|Mo,0,4,1,1,2,1,1,3,0,1,1
13080,1176,B|C|Mo,0,4,1,1,2,1,3,3,3,0,1
13081,1176,B|C|Mo,0,4,1,1,2,1,1,2,1,2,0
13082,1404,Au|V,0,3,0,1,0,2,2,0,4,1,4
13083,1015,B|Zr,0,0,1,2,2,2,2,3,2,3,0
13084,1426,B|Ru,0,0,0,0,4,3,1,0,3,1,0
13085,1456,Bi|Co,3,3,0,3,1,0,2,4,3,4,3
13086,1458,Bi|Cd|Pb|Sn,0,0,3,3,2,2,2,0,3,1,0
13087,977,Be|W,2,0,2,2,0,1,0,1,1,2,0
13088,979,Be|Re,4,1,1,4,1,0,4,4,4,2,2
13089,979,Be|Re,4,1,1,4,1,0,3,3,0,4,0
13090,1434,Ba|O|W,2,4,4,3,3,2,4,2,1,1,3
13091,1465,Bi|Ir,3,0,4,3,2,3,2,2,3,2,2
13092,1465,Bi|Ir,3,0,4,3,2,3,1,3,0,4,4
13093,1137,Bi|In,1,2,4,3,3,1,2,2,3,4,3
13094,1137,Bi|In,1,2,4,3,3,1,0,1,3,4,0
13095,1137,Bi|In,1,2,4,3,3,1,1,2,4,2,2
13096,1475,Bi|Pb|Sn,3,1,0,0,2,1,3,1,2,3,1
13097,1475,Bi|Pb|Sn,3,1,0,0,2,1,4,3,3,1,2
13098,1472,Bi|Pb,4,4,4,4,3,2,1,4,0,1,2
13099,1469,Bi|Nb,2,4,4,2,3,4,2,2,3,1,4
13100,1968,Bi|Mg,2,3,4,3,3,3,3,1,4,0,2
13101,1464,Bi|Li,3,0,3,2,0,4,3,4,0,1,1
13102,1474,Bi|Pd,3,1,4,4,3,4,4,1,4,4,3
13103,1474,Bi|Pd,3,1,4,4,3,4,0,4,4,2,2
13104,1486,Bi|Tl,3,2,4,2,4,2,3,3,0,2,1
13105,1283,Bi|Te,4,1,2,1,1,0,1,4,2,0,4
13106,2021,C|Hf|Nb,2,4,3,4,1,1,3,0,4,2,0
13107,2021,C|Hf|Nb,2,4,3,4,1,1,2,3,2,1,3
13108,2021,C|Hf|Nb,2,4,3,4,1,1,3,0,4,3,2
13109,2021,C|Hf|Nb,2,4,3,4,1,1,0,4,2,0,0
13110,1177,C|Hf|Mo,1,4,0,0,0,2,1,0,4,4,3
13111,1177,C|Hf|Mo,1,4,0,0,0,2,0,3,0,4,0
13112,1177,C|Hf|Mo,1,4,0,0,0,2,0,1,3,2,0
13113,1493,C|Ga|Mo,1,0,4,0,2,1,3,4,4,0,2
13114,1489,Bi|Zn,2,1,2,0,1,2,0,0,0,4,3
13115,1500,C|Mo|Ta,1,3,2,0,2,4,2,1,1,3,3
13116,1500,C|Mo|Ta,1,3,2,0,2,4,4,0,0,1,1
13117,1501,C|Mo|Si,1,2,0,2,0,3,4,0,0,2,2
13118,1050,C|Mo,0,2,0,1,2,4,1,2,2,1,2
13119,1050,C|Mo,0,2,0,1,2,4,0,2,0,3,4
13120,1050,C|Mo,0,2,0,1,2,4,3,3,2,4,4
13121,1050,C|Mo,0,2,0,1,2,4,2,4,3,2,4
13122,240,C|K,4,2,4,0,0,4,0,1,2,3,3
13123,240,C|K,4,2,4,0,0,4,4,0,0,4,0
13124,2022,C|Hf|Ta,3,4,0,1,3,2,1,3,0,1,1
13125,2021,C|Hf|Nb,2,4,3,4,1,1,1,3,4,2,3
13126,2021,C|Hf|Nb,2,4,3,4,1,1,4,2,3,1,1
13127,2023,C|Nb|Zr,3,4,3,1,3,3,4,2,3,2,3
13128,2024,C|Nb|W,4,4,0,1,4,3,0,2,0,3,1
13129,1115,C|Nb,3,2,2,3,0,1,1,1,2,2,2
13130,1115,C|Nb,3,2,2,3,0,1,1,4,0,2,1
13131,1115,C|Nb,3,2,2,3,0,1,1,1,4,1,3
13132,1115,C|Nb,3,2,2,3,0,1,2,4,1,1,3
13133,1507,C|N|Nb,1,1,1,2,2,4,0,2,0,4,1
13134,1500,C|Mo|Ta,1,3,2,0,2,4,0,3,0,4,1
13135,1500,C|Mo|Ta,1,3,2,0,2,4,0,1,2,1,0
13136,1051,C|W,4,1,1,2,1,4,4,3,2,1,4
13137,2025,C|Ti|W,1,2,4,0,4,0,3,3,1,2,2
13138,2026,C|Ta|Zr,4,3,1,1,4,4,2,2,2,0,1
13139,1114,C|Ta,0,0,1,1,4,2,0,4,0,4,2
13140,1114,C|Ta,0,0,1,1,4,2,1,4,1,2,0
13141,1114,C|Ta,0,0,1,1,4,2,3,1,3,1,3
13142,1287,C|Re|W,2,1,2,1,1,0,3,3,0,0,4
13143,1287,C|Re|W,2,1,2,1,1,0,2,2,4,2,0
13144,1537,Cd|Tl,0,2,0,0,4,1,3,0,1,3,2
13145,1538,Cd|Sn,4,2,4,3,0,4,4,0,2,4,3
13146,1534,Cd|Pd,2,3,1,4,4,0,0,0,2,0,1
13147,1530,Cd|Hg,1,0,4,2,3,4,1,1,4,1,3
13148,1530,Cd|Hg,1,0,4,2,3,4,4,1,2,0,4
13149,2027,Ca|Rh,1,1,1,1,3,2,3,1,4,1,0
13150,2028,Ca|Pb,3,3,0,4,4,0,3,3,2,0,3
13151,2029,Ca|O|W,2,0,0,4,0,3,4,2,0,4,2
13152,1960,Ca|Ir,2,3,2,0,4,0,1,1,0,4,3
13153,1559,Co|Rh|Si,1,2,0,1,0,3,3,1,4,3,4
13154,2030,Co|Lu,1,2,2,1,0,3,3,3,2,1,2
13155,1134,Ce|Ru,2,4,3,0,3,3,2,4,4,3,1
13156,1263,Ce|La,4,2,0,2,0,0,2,1,1,4,1
13157,1543,Ce|Co,3,2,3,1,2,2,2,2,4,2,2
13158,1570,Cr|Ir,0,2,2,3,3,4,3,2,4,1,4
13159,1564,Co|Si,4,2,1,1,4,3,3,4,2,0,1
13160,2031,Co|Sc,3,0,0,1,3,2,4,2,1,3,3
13161,1571,Cr|Ru,4,1,4,2,1,4,1,0,2,3,3
13162,1571,Cr|Ru,4,1,4,2,1,4,0,3,3,4,4
13163,1571,Cr|Ru,4,1,4,2,1,4,2,4,1,4,3
13164,1573,Cr|Rh,2,0,2,3,2,2,1,3,0,0,3
13165,1570,Cr|Ir,0,2,2,3,3,4,3,4,3,1,2
13166,1570,Cr|Ir,0,2,2,3,3,4,1,4,3,4,3
13167,1570,Cr|Ir,0,2,2,3,3,4,2,3,4,3,4
13168,1570,Cr|Ir,0,2,2,3,3,4,2,2,1,3,0
13169,2032,Cu|In,2,3,1,0,1,3,2,2,4,4,3
13170,1621,Ga|Pt,2,1,0,3,1,4,0,1,0,2,3
13171,1141,Ge|Nb,3,4,1,2,1,2,3,2,4,3,1
13172,1141,Ge|Nb,3,4,1,2,1,2,2,0,2,2,0
13173,1633,Ge|Mo,3,1,3,1,4,1,4,0,1,3,4
13174,1628,Ga|Zr,4,2,2,3,4,3,1,4,2,3,0
13175,1143,Ga|V,4,3,1,2,4,1,1,2,1,4,3
13176,1143,Ga|V,4,3,1,2,4,1,2,2,0,3,3
13177,1281,Ga|Sb,1,0,0,0,0,4,1,4,2,3,3
13178,2033,H|Ta,2,1,4,3,1,0,2,3,4,1,3
13179,1643,H|Nb,2,1,3,4,2,1,3,1,3,1,1
13180,1643,H|Nb,2,1,3,4,2,1,4,4,1,4,3
13181,2005,Ge|Nb|Sn,0,1,1,3,3,3,0,3,2,0,2
13182,1093,Hf|V,2,0,2,4,1,3,4,2,3,3,3
13183,1654,Hf|Rh,1,0,2,2,2,0,1,1,4,1,4
13184,1648,Hf|Re,3,1,2,3,0,2,4,3,0,2,1
13185,1645,Hf|Nb,1,4,2,3,2,0,4,1,2,1,1
13186,1646,Hf|N,1,1,2,1,0,0,1,4,3,1,0
13187,2033,H|Ta,2,1,4,3,1,0,2,2,4,2,2
13188,2033,H|Ta,2,1,4,3,1,0,0,3,2,2,3
13189,1669,In|O|W,4,2,1,0,0,2,4,4,4,4,2
13190,1673,In|Nb,1,1,0,4,0,2,4,2,4,0,0
13191,1306,In|La,0,4,4,1,3,3,3,1,4,3,4
13192,1668,Hg|Tl,2,3,2,1,1,3,1,1,2,0,2
13193,1655,Hg|K,1,3,3,4,0,0,0,2,1,0,4
13194,1684,In|Tl,2,4,1,3,4,4,1,3,1,3,1
13195,1684,In|Tl,2,4,1,3,4,4,4,0,0,0,2
13196,1684,In|Tl,2,4,1,3,4,4,4,4,3,4,1
13197,1277,In|Te,4,2,4,1,1,1,0,4,0,3,4
13198,1277,In|Te,4,2,4,1,1,1,0,1,4,3,4
13199,1679,In|Sn,0,0,4,4,1,1,3,0,3,1,3
13200,1285,In|Sb,0,2,2,3,3,4,4,4,1,2,4
13201,1678,In|Pb,2,1,1,1,3,4,2,3,0,2,0
13202,1678,In|Pb,2,1,1,1,3,4,1,1,2,3,2
13203,1678,In|Pb,2,1,1,1,3,4,3,4,3,3,3
13204,1678,In|Pb,2,1,1,1,3,4,0,0,4,4,1
13205,1226,Ir|Nb,1,2,1,0,3,1,0,0,0,0,4
13206,1226,Ir|Nb,1,2,1,0,3,1,3,2,3,4,3
13207,1310,Ir|Mo,3,1,2,2,3,1,3,1,1,2,3
13208,1684,In|Tl,2,4,1,3,4,4,3,0,4,0,1
13209,1711,Ir|Sn,4,3,3,1,2,4,4,1,0,0,1
13210,1708,Ir|Sc,2,0,1,0,2,2,2,2,1,2,3
13211,1697,Ir|Os,1,1,1,0,3,2,4,4,3,4,0
13212,1699,Ir|O|Ti,1,4,3,1,2,2,3,3,4,2,0
13213,1699,Ir|O|Ti,1,4,3,1,2,2,2,3,2,0,0
13214,1226,Ir|Nb,1,2,1,0,3,1,0,0,3,4,0
13215,1226,Ir|Nb,1,2,1,0,3,1,0,0,1,0,3
13216,1717,Ir|W,4,1,4,4,4,4,0,4,0,0,0
13217,1713,Ir|V,4,1,1,0,2,2,4,1,3,0,3
13218,1714,Ir|Ti,0,0,3,0,3,1,4,0,3,3,2
13219,2034,K|O|W,3,1,1,1,1,4,0,2,4,4,3
13220,2034,K|O|W,3,1,1,1,1,4,1,4,1,0,1
13221,1716,Ir|Y,1,2,0,2,3,3,3,0,4,0,0
13222,1716,Ir|Y,1,2,0,2,3,3,1,1,1,3,0
13223,2035,La|Sc,2,3,2,2,3,1,0,2,0,2,0
13224,1732,La|S,4,1,0,1,0,4,1,3,0,3,1
13225,1722,La|Pt,3,4,4,1,2,2,1,1,2,3,3
13226,1762,Mo|Os,0,1,4,3,4,0,0,0,1,1,2
13227,1769,Mo|Ru,3,4,3,4,0,0,0,0,4,0,3
13228,1769,Mo|Ru,3,4,3,4,0,0,2,3,2,2,3
13229,1222,Mo|Re,3,1,3,3,1,1,0,1,0,0,0
13230,1222,Mo|Re,3,1,3,3,1,1,3,1,1,1,1
13231,1222,Mo|Re,3,1,3,3,1,1,4,3,2,2,1
13232,2036,Mo|Pb,1,4,3,1,2,2,1,0,4,0,4
13233,1782,N|Nb,3,3,1,0,4,1,2,2,3,4,3
13234,1782,N|Nb,3,3,1,0,4,1,0,1,3,2,3
13235,1780,Mo|Zr,0,2,2,0,2,2,1,0,4,0,3
13236,1776,Mo|Ti,4,3,0,1,1,2,4,4,2,2,2
13237,1776,Mo|Ti,4,3,0,1,1,2,1,4,1,0,0
13238,1776,Mo|Ti,4,3,0,1,1,2,2,4,2,3,2
13239,1776,Mo|Ti,4,3,0,1,1,2,4,4,0,3,0
13240,1779,Mo|Si,4,2,3,4,1,0,1,3,0,0,4
13241,1789,Na|Pb,3,0,0,3,4,2,2,3,3,0,3
13242,947,Na|O|W,4,3,4,4,3,0,4,4,1,4,0
13243,1048,N|Zr,1,4,3,2,0,1,3,1,2,0,0
13244,1048,N|Zr,1,4,3,2,0,1,0,1,2,2,0
13245,1049,N|V,2,1,4,4,2,1,1,0,2,0,4
13246,1783,N|Ti,2,1,1,3,2,1,3,1,3,1,0
13247,1947,N|Ta,0,1,0,4,1,3,4,1,4,4,4
13248,2037,N|Nb|Zr,1,1,2,2,1,3,3,3,4,2,0
13249,1782,N|Nb,3,3,1,0,4,1,3,2,2,2,3
13250,1790,Nb|Re,2,1,0,4,1,2,1,4,3,4,4
13251,1145,Nb|Pt,4,2,1,1,2,3,2,3,2,4,4
13252,1145,Nb|Pt,4,2,1,1,2,3,3,4,1,4,0
13253,2010,Nb|Pd|Rh,3,2,1,2,2,0,2,1,4,2,4
13254,1787,Nb|Os,0,3,2,2,0,0,4,3,0,1,4
13255,1144,Nb|Sn,4,4,1,2,2,3,2,2,0,2,4
13256,1144,Nb|Sn,4,4,1,2,2,3,4,3,0,3,3
13257,1144,Nb|Sn,4,4,1,2,2,3,0,2,2,3,1
13258,1000,Nb|Se,0,2,1,4,0,2,4,2,2,1,4
13259,1000,Nb|Se,0,2,1,4,0,2,3,1,2,2,1
13260,1138,Nb|S,4,1,0,4,4,4,0,3,4,0,1
13261,2038,Nb|V,4,2,0,0,1,0,3,1,3,4,3
13262,1824,O|Tl|W,3,1,4,3,2,4,2,0,0,4,1
13263,1826,O|Sr|W,3,1,0,1,2,2,4,1,1,2,1
13264,1825,O|Ti,0,0,1,3,4,3,3,0,3,3,1
13265,930,O|Sr|Ti,0,2,3,0,2,1,2,1,0,3,1
13266,930,O|Sr|Ti,0,2,3,0,2,1,1,3,2,3,4
13267,930,O|Sr|Ti,0,2,3,0,2,1,0,2,1,3,1
13268,948,O|Rb|W,1,3,2,0,2,0,2,4,2,4,1
13269,1235,Ni|Zr,1,1,4,1,1,2,0,0,0,1,2
13270,1817,Nb|Zr,1,1,1,1,0,2,2,4,0,2,4
13271,1817,Nb|Zr,1,1,1,1,0,2,2,2,2,4,4
13272,1948,P|Pd,3,0,3,0,0,3,4,1,1,4,0
13273,1845,Os|W,3,0,4,3,3,1,2,3,0,3,4
13274,1858,Pb|Tl,4,3,0,3,4,2,4,0,1,0,0
13275,1858,Pb|Tl,4,3,0,3,4,2,1,0,3,3,1
13276,2039,Pb|Te,1,0,1,0,1,2,3,0,3,1,0
13277,2039,Pb|Te,1,0,1,0,1,2,1,3,0,3,0
13278,2040,P|Rh,1,4,1,0,2,1,4,3,2,0,4
13279,2040,P|Rh,1,4,1,0,2,1,3,0,1,0,0
13280,2041,Pb|Pt|Te,0,1,3,1,4,1,0,3,4,1,1
13281,1858,Pb|Tl,4,3,0,3,4,2,0,1,2,2,0
13282,1858,Pb|Tl,4,3,0,3,4,2,4,3,0,4,4
13283,1858,Pb|Tl,4,3,0,3,4,2,2,2,4,0,1
13284,1858,Pb|Tl,4,3,0,3,4,2,2,2,1,1,1
13285,1869,Pd|Se,3,0,4,3,1,4,2,2,4,0,2
13286,1881,Pt|Y,1,2,0,1,4,0,1,1,2,4,0
13287,1883,Pt|V,1,4,4,4,3,0,0,4,4,3,4
13288,1883,Pt|V,1,4,4,4,3,0,4,1,2,0,4
13289,1883,Pt|V,1,4,4,4,3,0,0,3,3,3,4
13290,1895,Rh|Sc,1,0,0,2,3,3,0,3,3,1,3
13291,1890,Re|W,2,3,4,2,0,3,1,1,0,0,0
13292,1892,Re|Ti,0,1,3,0,2,3,1,2,3,0,0
13293,1231,Rh|Zr,3,0,2,0,0,2,1,0,2,2,3
13294,1231,Rh|Zr,3,0,2,0,0,2,0,2,4,4,1
13295,1910,Rh|V,1,4,3,4,2,1,4,3,4,3,2
13296,1916,Sb|Sn,2,2,0,0,1,2,2,3,3,1,4
13297,1912,Ru|Ti,0,1,3,1,0,4,2,0,4,2,0
13298,1912,Ru|Ti,0,1,3,1,0,4,1,2,1,2,2
13299,1231,Rh|Zr,3,0,2,0,0,2,0,0,2,2,0
13300,2042,C|Si|V,3,4,3,1,3,3,4,0,1,1,0
13301,2043,B|Si|V,2,0,2,0,2,2,1,1,2,3,2
13302,1363,Al|Si|V,4,0,0,4,2,3,0,1,3,1,0
13303,1149,Si|V,4,4,0,4,3,1,4,0,3,3,1
13304,1921,Sb|V,2,3,0,4,2,4,4,0,4,2,0
13305,1922,Sb|Tl,1,1,2,4,1,1,1,4,2,2,4
13306,1142,Sb|Ti,3,2,0,1,2,0,1,1,0,2,4
13307,1928,Sn|Ta,2,0,1,1,2,2,0,4,1,4,2
13308,1779,Mo|Si,4,2,3,4,1,0,3,2,1,0,2
13309,1943,Ti|Zr,4,2,0,4,1,4,1,4,3,4,2
13310,1942,Tc|W,2,1,4,4,0,0,4,0,3,1,2
13311,1942,Tc|W,2,1,4,4,0,0,0,3,4,1,4
13312,1942,Tc|W,2,1,4,4,0,0,4,4,0,0,0
13313,2044,Ta|W,4,2,3,0,2,3,0,3,2,2,2
13314,1931,Ta|V,0,1,1,3,0,3,1,0,1,0,2
13315,1932,Ta|Ti,3,3,3,1,4,2,4,0,0,4,3
13316,1932,Ta|Ti,3,3,3,1,4,2,2,2,3,1,0
13317,1935,Sn|V,4,3,3,0,3,4,2,2,3,4,0
13318,1472,Bi|Pb,4,4,4,4,3,2,1,2,0,1,2
13319,2045,W|Zr,4,3,0,2,1,2,3,3,2,2,3
13320,1095,V|Zr,4,1,4,1,2,4,3,1,3,0,4
13321,1143,Ga|V,4,3,1,2,4,1,3,3,0,0,0
13322,1114,C|Ta,0,0,1,1,4,2,1,0,3,2,2
13323,1116,C|Nb|Ta,1,2,3,1,2,1,1,0,1,2,4
13324,1115,C|Nb,3,2,2,3,0,1,1,4,3,3,3
13325,1678,In|Pb,2,1,1,1,3,4,3,4,1,3,4
13326,1678,In|Pb,2,1,1,1,3,4,3,1,4,1,2
13327,1183,Hg|Pb,4,0,2,3,1,4,2,2,2,3,1
13328,1776,Mo|Ti,4,3,0,1,1,2,1,4,3,3,1
13329,1222,Mo|Re,3,1,3,3,1,1,3,3,4,2,1
13330,1507,C|N|Nb,1,1,1,2,2,4,0,4,4,4,3
13331,1507,C|N|Nb,1,1,1,2,2,4,1,3,2,0,1
13332,1507,C|N|Nb,1,1,1,2,2,4,4,3,1,1,2
13333,1149,Si|V,4,4,0,4,3,1,4,2,1,0,4
13334,1782,N|Nb,3,3,1,0,4,1,1,2,0,0,1
13335,1782,N|Nb,3,3,1,0,4,1,2,3,1,3,4
13336,1816,Nb|Ti|Zr,0,3,1,2,0,2,0,4,3,2,1
13337,1816,Nb|Ti|Zr,0,3,1,2,0,2,2,0,0,3,1
13338,1811,Nb|Ti,4,2,3,1,3,4,1,1,2,1,4
13339,2046,Cr|N|Nb,1,4,1,2,1,3,0,0,0,3,1
13340,2046,Cr|N|Nb,1,4,1,2,1,3,1,1,4,2,0
13341,2047,C|Hf|Ti,4,1,3,4,1,3,2,0,4,2,0
13342,2048,C|Hf|Zr,3,2,0,1,3,4,4,0,2,2,2
13343,2021,C|Hf|Nb,2,4,3,4,1,1,0,1,4,3,2
13344,2022,C|Hf|Ta,3,4,0,1,3,2,1,4,2,4,0
13345,2024,C|Nb|W,4,4,0,1,4,3,4,1,0,0,2
13346,1651,Hf|Nb|Zr,4,1,1,4,1,0,4,3,3,4,1
13347,1816,Nb|Ti|Zr,0,3,1,2,0,2,0,1,2,2,0
13348,1816,Nb|Ti|Zr,0,3,1,2,0,2,0,0,3,2,4
13349,1816,Nb|Ti|Zr,0,3,1,2,0,2,4,1,2,0,0
13350,1817,Nb|Zr,1,1,1,1,0,2,2,1,0,4,0
13351,1817,Nb|Zr,1,1,1,1,0,2,2,1,0,2,2
13352,1816,Nb|Ti|Zr,0,3,1,2,0,2,1,1,2,4,0
13353,1816,Nb|Ti|Zr,0,3,1,2,0,2,2,1,3,3,4
13354,1816,Nb|Ti|Zr,0,3,1,2,0,2,1,2,3,3,2
13355,1816,Nb|Ti|Zr,0,3,1,2,0,2,2,2,1,3,1
13356,1816,Nb|Ti|Zr,0,3,1,2,0,2,2,1,0,2,2
13357,1816,Nb|Ti|Zr,0,3,1,2,0,2,4,0,1,1,0
13358,983,H|Pd,1,0,2,3,4,2,0,2,1,2,4
13359,983,H|Pd,1,0,2,3,4,2,3,4,3,4,2
13360,1815,Nb|Ti|V,1,1,1,2,4,2,2,4,2,3,4
13361,1815,Nb|Ti|V,1,1,1,2,4,2,0,1,0,0,0
13362,1938,Ti|V,1,4,1,2,1,1,0,3,3,3,1
13363,2049,Mo|Nb|Zr,2,1,0,1,1,0,3,4,0,1,4
13364,2049,Mo|Nb|Zr,2,1,0,1,1,0,4,4,4,4,4
13365,2049,Mo|Nb|Zr,2,1,0,1,1,0,2,1,2,3,3
13366,2050,Nb|Ta|Zr,4,1,3,1,4,3,4,3,2,4,1
13367,2050,Nb|Ta|Zr,4,1,3,1,4,3,0,0,2,0,2
13368,2050,Nb|Ta|Zr,4,1,3,1,4,3,0,0,1,1,2
13369,1651,Hf|Nb|Zr,4,1,1,4,1,0,2,3,0,0,3
13370,1651,Hf|Nb|Zr,4,1,1,4,1,0,0,4,3,3,0
13371,1814,Nb|Ta|Ti,1,3,1,4,3,0,2,2,1,0,4
13372,1814,Nb|Ta|Ti,1,3,1,4,3,0,4,2,0,4,3
13373,1814,Nb|Ta|Ti,1,3,1,4,3,0,0,1,3,3,1
13374,1814,Nb|Ta|Ti,1,3,1,4,3,0,3,2,0,2,0
13375,1814,Nb|Ta|Ti,1,3,1,4,3,0,1,2,0,3,2
13376,1814,Nb|Ta|Ti,1,3,1,4,3,0,0,3,2,3,2
13377,1815,Nb|Ti|V,1,1,1,2,4,2,2,1,2,0,2
13378,1815,Nb|Ti|V,1,1,1,2,4,2,3,4,1,0,4
13379,1815,Nb|Ti|V,1,1,1,2,4,2,0,4,2,3,0
13380,1815,Nb|Ti|V,1,1,1,2,4,2,0,0,1,1,3
13381,2051,Ta|Ti|V,4,4,1,2,0,4,0,2,4,3,4
13382,1938,Ti|V,1,4,1,2,1,1,1,2,3,0,0
13383,1944,Ti|V|Zr,3,1,0,2,0,0,3,3,2,3,3
13384,1944,Ti|V|Zr,3,1,0,2,0,0,3,3,0,2,0
13385,1944,Ti|V|Zr,3,1,0,2,0,0,0,0,1,2,0
13386,2052,Mo|Nb|Ti,2,0,4,2,2,3,0,2,3,4,1
13387,2052,Mo|Nb|Ti,2,0,4,2,2,3,3,2,1,4,4
13388,2052,Mo|Nb|Ti,2,0,4,2,2,3,2,3,4,0,1
13389,2052,Mo|Nb|Ti,2,0,4,2,2,3,1,4,3,3,0
13390,1932,Ta|Ti,3,3,3,1,4,2,2,0,1,3,4
13391,1814,Nb|Ta|Ti,1,3,1,4,3,0,4,2,0,1,4
13392,1167,Pd|Sn|Yb,3,4,2,1,0,0,4,1,2,2,2
13393,1165,Pd|Sn|Tm,1,2,2,2,1,4,4,3,4,1,4
13394,1171,Pb|Pd|Y,1,0,0,1,1,0,2,2,0,3,1
13395,1159,Pd|Sn|Y,4,4,1,1,4,3,2,4,2,4,3
13396,1168,Pd|Sc|Sn,2,2,4,3,0,0,3,1,4,4,3
13397,2053,Mo|Ti|V,0,2,2,4,1,0,4,3,0,4,2
13398,2053,Mo|Ti|V,0,2,2,4,1,0,0,2,0,1,2
13399,2053,Mo|Ti|V,0,2,2,4,1,0,1,4,1,3,3
13400,2051,Ta|Ti|V,4,4,1,2,0,4,4,1,2,3,0
13401,2051,Ta|Ti|V,4,4,1,2,0,4,4,4,3,1,0
13402,2051,Ta|Ti|V,4,4,1,2,0,4,4,4,4,2,2
13403,983,H|Pd,1,0,2,3,4,2,1,2,3,4,1
13404,983,H|Pd,1,0,2,3,4,2,3,1,1,2,3
13405,983,H|Pd,1,0,2,3,4,2,0,1,3,1,2
13406,1169,Lu|Pd|Sn,2,3,1,4,0,0,4,4,3,3,1
13407,1584,Cu|Mo|S,1,3,0,4,0,3,4,3,2,1,3
13408,1584,Cu|Mo|S,1,3,0,4,0,3,4,2,3,0,1
13409,1279,As|Ga,0,2,3,2,0,2,4,4,1,4,4
13410,1584,Cu|Mo|S,1,3,0,4,0,3,1,0,0,0,4
13411,1774,Mo|S|Sn,3,0,4,4,0,3,4,1,3,1,2
13412,1092,Mo|Se,4,3,3,0,1,4,4,2,0,3,4
13413,2054,Fe|Mo|S|Sn,1,1,1,1,0,3,0,0,3,3,0
13414,1760,Mo|Pb|S,4,0,2,0,3,4,2,4,4,1,1
13415,2055,Eu|Mo|S|Sn,0,1,4,1,2,4,1,1,4,0,2
13416,1584,Cu|Mo|S,1,3,0,4,0,3,1,3,1,1,1
13417,1584,Cu|Mo|S,1,3,0,4,0,3,1,2,0,3,4
13418,1584,Cu|Mo|S,1,3,0,4,0,3,1,4,3,2,2
13419,1584,Cu|Mo|S,1,3,0,4,0,3,1,1,1,2,1
13420,1584,Cu|Mo|S,1,3,0,4,0,3,1,1,4,0,4
13421,761,B|C|Ni|Y,0,3,0,0,3,2,4,0,2,3,1
13422,2056,B|C|La|Pt,0,3,1,4,3,1,4,4,3,4,4
13423,2056,B|C|La|Pt,0,3,1,4,3,1,3,1,3,1,1
13424,2057,B|C|Pt|Y,0,0,3,0,3,0,4,1,3,2,2
13425,2058,B|La|N|Ni,1,2,3,1,3,2,3,3,2,3,1
13426,2059,B|C|Lu|Ni|Sc,3,4,0,3,4,0,0,2,3,4,4
13427,2060,B|C|La|Lu|Ni,4,1,3,3,3,2,1,4,1,4,1
13428,1021,B|C|Lu|Ni,0,0,0,1,3,1,0,2,3,4,2
13429,2061,B|C|Ni|Tm,2,3,3,3,4,1,4,1,1,1,3
13430,2062,B|C|Er|Ni,2,0,2,0,0,3,2,3,0,0,3
13431,2063,B|C|Ho|Ni,4,1,3,1,4,2,3,0,4,0,2
13432,761,B|C|Ni|Y,0,3,0,0,3,2,2,1,1,4,0
13433,2062,B|C|Er|Ni,2,0,2,0,0,3,1,0,2,1,0
13434,761,B|C|Ni|Y,0,3,0,0,3,2,2,4,1,0,1
13435,2064,B|C|Pd|Y,0,1,0,0,1,0,1,3,1,4,2
13436,2061,B|C|Ni|Tm,2,3,3,3,4,1,4,4,3,2,3
13437,761,B|C|Ni|Y,0,3,0,0,3,2,4,2,2,0,2
13438,2065,B|C|Co|Ni|Y,1,3,1,2,2,1,3,2,1,3,2
13439,2065,B|C|Co|Ni|Y,1,3,1,2,2,1,0,4,4,1,3
13440,2065,B|C|Co|Ni|Y,1,3,1,2,2,1,1,0,1,0,3
13441,2065,B|C|Co|Ni|Y,1,3,1,2,2,1,2,3,3,0,2
13442,2066,B|C|Ni|Ru|Y,2,2,0,2,4,3,2,4,3,3,0
13443,2066,B|C|Ni|Ru|Y,2,2,0,2,4,3,2,3,1,3,0
13444,2066,B|C|Ni|Ru|Y,2,2,0,2,4,3,4,2,2,2,4
13445,2067,B|C|Fe|Ni|Y,1,2,0,4,0,2,3,1,0,1,1
13446,2067,B|C|Fe|Ni|Y,1,2,0,4,0,2,2,4,2,4,3
13447,2067,B|C|Fe|Ni|Y,1,2,0,4,0,2,2,0,2,0,2
13448,2067,B|C|Fe|Ni|Y,1,2,0,4,0,2,3,4,3,1,2
13449,761,B|C|Ni|Y,0,3,0,0,3,2,0,3,1,2,4
13450,2064,B|C|Pd|Y,0,1,0,0,1,0,1,3,0,1,1
13451,2068,Ni|Pd|Y,4,3,0,3,4,0,1,3,1,2,2
13452,2069,B|C|Ni|Pd|Y,3,3,4,0,4,3,0,0,2,2,0
13453,2069,B|C|Ni|Pd|Y,3,3,4,0,4,3,1,1,1,0,0
13454,2069,B|C|Ni|Pd|Y,3,3,4,0,4,3,0,3,0,1,0
13455,2069,B|C|Ni|Pd|Y,3,3,4,0,4,3,2,1,0,2,0
13456,2069,B|C|Ni|Pd|Y,3,3,4,0,4,3,2,4,3,0,1
13457,2064,B|C|Pd|Y,0,1,0,0,1,0,3,1,2,0,0
13458,2070,Au|B|C|La|Pt,1,0,1,3,3,2,2,1,4,1,0
13459,2071,Au|B|C|Pr|Pt,0,4,3,3,4,4,3,2,0,1,3
13460,1040,Dy|Ir|Sc|Si,1,4,0,2,1,1,2,0,3,2,4
13461,2072,Co|Cu|S,4,3,4,1,2,4,4,3,1,3,1
13462,2072,Co|Cu|S,4,3,4,1,2,4,2,3,4,2,4
13463,2072,Co|Cu|S,4,3,4,1,2,4,0,2,3,1,0
13464,1253,Rh|Sn|Tm,1,4,4,1,1,4,2,1,0,0,4
13465,1883,Pt|V,1,4,4,4,3,0,2,1,2,1,4
13466,1487,C|Ca|Y,0,1,2,0,2,3,0,2,2,3,0
13467,1487,C|Ca|Y,0,1,2,0,2,3,1,0,3,0,4
13468,1029,Br|C|Y,3,2,3,4,3,1,2,4,4,2,0
13469,2073,La|Os|P|Ru,3,2,1,3,2,1,0,3,1,4,3
13470,2073,La|Os|P|Ru,3,2,1,3,2,1,4,2,0,2,0
13471,2074,P|Ru|Zr,2,0,2,0,4,0,3,4,1,2,0
13472,986,C|Y,2,2,0,0,3,2,1,0,4,1,2
13473,986,C|Y,2,2,0,0,3,2,2,2,2,1,0
13474,986,C|Y,2,2,0,0,3,2,2,1,2,0,1
13475,986,C|Y,2,2,0,0,3,2,2,1,1,0,2
13476,1487,C|Ca|Y,0,1,2,0,2,3,3,1,1,0,1
13477,2075,As|La|Ru,1,3,3,4,2,4,4,4,1,4,0
13478,2076,La|Ru|Sb,1,4,4,0,1,4,2,4,3,4,3
13479,2077,As|Pr|Ru,4,3,4,3,4,0,4,0,1,0,1
13480,985,C|La,2,2,1,2,2,4,0,4,0,1,4
13481,986,C|Y,2,2,0,0,3,2,2,0,2,2,4
13482,2078,Cl|Hf|N,4,1,2,3,0,0,0,2,2,3,0
13483,1071,Cl|N|Zr,1,4,1,4,3,2,1,1,4,3,1
13484,2079,Ba|Na|Si,0,1,1,0,2,0,2,2,2,0,4
13485,2064,B|C|Pd|Y,0,1,0,0,1,0,4,1,2,2,1
13486,2080,B|C|Lu|Pd,1,4,3,1,3,2,1,4,0,2,3
13487,2079,Ba|Na|Si,0,1,1,0,2,0,4,4,3,4,0
13488,2079,Ba|Na|Si,0,1,1,0,2,0,2,1,3,1,3
13489,2079,Ba|Na|Si,0,1,1,0,2,0,3,1,1,1,0
13490,992,Ba|Si,3,3,2,4,4,1,2,1,3,1,2
13491,761,B|C|Ni|Y,0,3,0,0,3,2,0,2,0,0,0
13492,2063,B|C|Ho|Ni,4,1,3,1,4,2,1,1,0,2,1
13493,2081,B|C|Dy|Ho|Ni,0,4,3,1,4,3,0,3,0,3,0
13494,2081,B|C|Dy|Ho|Ni,0,4,3,1,4,3,3,3,1,0,3
13495,2081,B|C|Dy|Ho|Ni,0,4,3,1,4,3,1,4,2,3,4
13496,2081,B|C|Dy|Ho|Ni,0,4,3,1,4,3,4,3,2,3,0
13497,2081,B|C|Dy|Ho|Ni,0,4,3,1,4,3,2,4,0,2,2
13498,2081,B|C|Dy|Ho|Ni,0,4,3,1,4,3,0,2,2,3,1
13499,2081,B|C|Dy|Ho|Ni,0,4,3,1,4,3,4,2,4,0,0
13500,2081,B|C|Dy|Ho|Ni,0,4,3,1,4,3,2,4,1,0,2
13501,2081,B|C|Dy|Ho|Ni,0,4,3,1,4,3,2,3,4,1,2
13502,1302,B|C|Dy|Ni,0,2,3,0,4,0,1,0,2,2,4
13503,1021,B|C|Lu|Ni,0,0,0,1,3,1,3,1,1,3,2
13504,2082,B|C|Dy|Lu|Ni,1,0,1,4,0,0,0,2,0,3,4
13505,2082,B|C|Dy|Lu|Ni,1,0,1,4,0,0,1,2,0,3,0
13506,2082,B|C|Dy|Lu|Ni,1,0,1,4,0,0,2,0,0,2,1
13507,2082,B|C|Dy|Lu|Ni,1,0,1,4,0,0,1,1,1,2,4
13508,2082,B|C|Dy|Lu|Ni,1,0,1,4,0,0,0,0,1,0,0
13509,2082,B|C|Dy|Lu|Ni,1,0,1,4,0,0,3,1,1,4,2
13510,1302,B|C|Dy|Ni,0,2,3,0,4,0,1,0,2,3,0
13511,2083,Eu|Nd|S,0,3,3,2,4,3,0,3,2,2,2
13512,2084,Ba|S|Ta,1,4,2,0,4,3,3,1,3,2,4
13513,2084,Ba|S|Ta,1,4,2,0,4,3,4,2,0,2,0
13514,1302,B|C|Dy|Ni,0,2,3,0,4,0,3,1,0,1,1
13515,2063,B|C|Ho|Ni,4,1,3,1,4,2,4,1,4,4,0
13516,2062,B|C|Er|Ni,2,0,2,0,0,3,2,3,1,3,0
13517,2063,B|C|Ho|Ni,4,1,3,1,4,2,2,2,1,3,0
13518,2062,B|C|Er|Ni,2,0,2,0,0,3,3,1,0,0,0
13519,2061,B|C|Ni|Tm,2,3,3,3,4,1,1,4,2,2,3
13520,2085,Nd|S|Ta,3,2,1,0,0,4,2,1,3,4,0
13521,2065,B|C|Co|Ni|Y,1,3,1,2,2,1,4,3,2,2,3
13522,2065,B|C|Co|Ni|Y,1,3,1,2,2,1,3,2,0,4,2
13523,2065,B|C|Co|Ni|Y,1,3,1,2,2,1,1,1,4,1,1
13524,2086,B|C|Cu|Ni|Y,0,3,3,4,1,2,3,1,3,1,2
13525,2086,B|C|Cu|Ni|Y,0,3,3,4,1,2,0,3,0,0,4
13526,2086,B|C|Cu|Ni|Y,0,3,3,4,1,2,0,1,4,4,4
13527,2086,B|C|Cu|Ni|Y,0,3,3,4,1,2,1,0,2,2,1
13528,2086,B|C|Cu|Ni|Y,0,3,3,4,1,2,1,0,3,0,0
13529,2086,B|C|Cu|Ni|Y,0,3,3,4,1,2,2,4,4,1,3
13530,2086,B|C|Cu|Ni|Y,0,3,3,4,1,2,1,2,0,0,1
13531,2086,B|C|Cu|Ni|Y,0,3,3,4,1,2,3,2,0,3,4
13532,2087,B|C|Cu|Y,4,2,0,4,2,4,0,3,4,2,2
13533,2088,B|C|Ni|Tb|Y,4,0,0,1,2,2,2,1,0,3,0
13534,2088,B|C|Ni|Tb|Y,4,0,0,1,2,2,0,3,4,4,3
13535,2088,B|C|Ni|Tb|Y,4,0,0,1,2,2,3,3,0,3,1
13536,2088,B|C|Ni|Tb|Y,4,0,0,1,2,2,3,1,2,1,4
13537,2088,B|C|Ni|Tb|Y,4,0,0,1,2,2,4,0,4,3,4
13538,2089,La|Mo|Se,2,4,3,3,3,0,3,0,4,2,3
13539,2089,La|Mo|Se,2,4,3,3,3,0,3,1,4,0,3
13540,2089,La|Mo|Se,2,4,3,3,3,0,3,1,2,2,0
13541,1092,Mo|Se,4,3,3,0,1,4,4,2,3,3,3
13542,1774,Mo|S|Sn,3,0,4,4,0,3,2,2,4,4,0
13543,2090,Mo|S|Sn|W,3,2,3,2,3,3,3,3,3,2,3
13544,1584,Cu|Mo|S,1,3,0,4,0,3,1,3,0,4,2
13545,1054,S|Sr|Ta,2,2,2,2,2,4,4,3,2,3,3
13546,2070,Au|B|C|La|Pt,1,0,1,3,3,2,1,2,3,3,0
13547,2071,Au|B|C|Pr|Pt,0,4,3,3,4,4,3,0,1,0,4
13548,2091,Au|B|C|Pt|Y,0,4,4,4,4,4,2,2,1,1,4
13549,761,B|C|Ni|Y,0,3,0,0,3,2,0,4,0,3,0
13550,1021,B|C|Lu|Ni,0,0,0,1,3,1,2,2,4,4,0
13551,761,B|C|Ni|Y,0,3,0,0,3,2,3,3,0,2,2
13552,2064,B|C|Pd|Y,0,1,0,0,1,0,2,0,1,1,2
13553,1302,B|C|Dy|Ni,0,2,3,0,4,0,4,3,3,4,2
13554,2086,B|C|Cu|Ni|Y,0,3,3,4,1,2,4,3,1,3,3
13555,2086,B|C|Cu|Ni|Y,0,3,3,4,1,2,0,2,4,4,1
13556,2086,B|C|Cu|Ni|Y,0,3,3,4,1,2,1,3,3,2,3
13557,2086,B|C|Cu|Ni|Y,0,3,3,4,1,2,0,0,2,4,4
13558,2086,B|C|Cu|Ni|Y,0,3,3,4,1,2,1,3,3,2,0
13559,2065,B|C|Co|Ni|Y,1,3,1,2,2,1,3,1,2,0,1
13560,2065,B|C|Co|Ni|Y,1,3,1,2,2,1,0,3,0,0,3
13561,761,B|C|Ni|Y,0,3,0,0,3,2,1,1,3,3,1
13562,2062,B|C|Er|Ni,2,0,2,0,0,3,2,2,3,4,2
13563,1021,B|C|Lu|Ni,0,0,0,1,3,1,2,4,4,2,4
13564,1157,B|C|Ho|Ni|Y,3,1,2,1,1,1,1,3,0,1,4
13565,1157,B|C|Ho|Ni|Y,3,1,2,1,1,1,1,2,3,2,3
13566,1157,B|C|Ho|Ni|Y,3,1,2,1,1,1,0,0,3,1,2
13567,1157,B|C|Ho|Ni|Y,3,1,2,1,1,1,1,4,1,3,0
13568,2063,B|C|Ho|Ni,4,1,3,1,4,2,0,3,1,0,2
13569,2063,B|C|Ho|Ni,4,1,3,1,4,2,3,1,0,1,0
13570,2062,B|C|Er|Ni,2,0,2,0,0,3,1,2,4,3,2
13571,2061,B|C|Ni|Tm,2,3,3,3,4,1,1,0,0,2,4
13572,1302,B|C|Dy|Ni,0,2,3,0,4,0,3,1,0,3,1
13573,761,B|C|Ni|Y,0,3,0,0,3,2,1,3,0,3,0
13574,2063,B|C|Ho|Ni,4,1,3,1,4,2,2,3,0,1,3
13575,2062,B|C|Er|Ni,2,0,2,0,0,3,1,4,3,1,3
13576,2061,B|C|Ni|Tm,2,3,3,3,4,1,2,1,2,0,4
13577,239,C|Rb,0,3,3,1,1,3,0,4,4,2,4
13578,1181,C|La|Ni,4,3,2,0,2,0,2,1,3,0,2
13579,2092,C|Li|N|Na,3,3,4,4,4,0,3,3,3,4,2
13580,2093,C|H|Na,0,1,0,1,0,3,1,0,1,2,1
13581,1186,Ca,4,3,2,4,4,1,0,2,0,3,2
13582,1021,B|C|Lu|Ni,0,0,0,1,3,1,1,0,2,0,4
13583,2094,B|C|Lu|Ni|V,0,2,3,2,1,0,3,3,1,2,2
13584,2094,B|C|Lu|Ni|V,0,2,3,2,1,0,3,3,2,4,4
13585,2095,B|C|Cu|Lu|Ni,1,1,1,3,3,1,4,0,4,3,2
13586,2095,B|C|Cu|Lu|Ni,1,1,1,3,3,1,3,3,0,1,0
13587,2096,I,0,0,2,4,1,0,2,1,4,4,2
13588,2097,B|C|Co|Lu|Ni,2,3,0,3,4,2,2,0,3,0,4
13589,2097,B|C|Co|Lu|Ni,2,3,0,3,4,2,2,2,3,2,1
13590,2097,B|C|Co|Lu|Ni,2,3,0,3,4,2,1,2,2,0,1
13591,2098,B|C|Co|Ho|Ni,3,3,2,1,1,2,4,0,0,2,3
13592,2098,B|C|Co|Ho|Ni,3,3,2,1,1,2,4,2,0,0,3
13593,2062,B|C|Er|Ni,2,0,2,0,0,3,4,4,2,3,4
13594,2099,B|C|Co|Er|Ni,3,1,0,4,2,4,1,0,3,0,4
13595,2099,B|C|Co|Er|Ni,3,1,0,4,2,4,4,2,1,1,3
13596,2099,B|C|Co|Er|Ni,3,1,0,4,2,4,4,4,1,4,0
13597,2099,B|C|Co|Er|Ni,3,1,0,4,2,4,1,0,1,4,3
13598,2097,B|C|Co|Lu|Ni,2,3,0,3,4,2,2,2,0,2,2
13599,2097,B|C|Co|Lu|Ni,2,3,0,3,4,2,2,2,1,2,2
13600,2097,B|C|Co|Lu|Ni,2,3,0,3,4,2,4,1,4,0,3
13601,2097,B|C|Co|Lu|Ni,2,3,0,3,4,2,3,0,1,2,2
13602,2097,B|C|Co|Lu|Ni,2,3,0,3,4,2,3,2,3,2,2
13603,2097,B|C|Co|Lu|Ni,2,3,0,3,4,2,3,3,4,1,4
13604,2097,B|C|Co|Lu|Ni,2,3,0,3,4,2,0,1,2,4,0
13605,2097,B|C|Co|Lu|Ni,2,3,0,3,4,2,0,4,3,0,2
13606,2100,B|C|Co|Ni|Tm,2,0,3,0,3,4,1,1,3,1,2
13607,2100,B|C|Co|Ni|Tm,2,0,3,0,3,4,3,0,3,4,0
13608,2100,B|C|Co|Ni|Tm,2,0,3,0,3,4,1,0,4,0,4
13609,2100,B|C|Co|Ni|Tm,2,0,3,0,3,4,3,1,3,2,2
13610,2100,B|C|Co|Ni|Tm,2,0,3,0,3,4,3,0,3,0,0
13611,2100,B|C|Co|Ni|Tm,2,0,3,0,3,4,1,2,0,3,1
13612,2100,B|C|Co|Ni|Tm,2,0,3,0,3,4,1,2,4,4,0
13613,2100,B|C|Co|Ni|Tm,2,0,3,0,3,4,0,4,3,4,2
13614,2099,B|C|Co|Er|Ni,3,1,0,4,2,4,3,4,1,0,4
13615,2099,B|C|Co|Er|Ni,3,1,0,4,2,4,2,3,0,1,0
13616,2099,B|C|Co|Er|Ni,3,1,0,4,2,4,1,3,2,1,4
13617,2099,B|C|Co|Er|Ni,3,1,0,4,2,4,3,3,2,3,2
13618,2098,B|C|Co|Ho|Ni,3,3,2,1,1,2,0,3,2,3,2
13619,2098,B|C|Co|Ho|Ni,3,3,2,1,1,2,1,2,0,3,0
13620,2098,B|C|Co|Ho|Ni,3,3,2,1,1,2,2,1,3,4,4
13621,2098,B|C|Co|Ho|Ni,3,3,2,1,1,2,4,3,3,0,3
13622,2098,B|C|Co|Ho|Ni,3,3,2,1,1,2,0,3,2,0,2
13623,1302,B|C|Dy|Ni,0,2,3,0,4,0,3,2,2,4,2
13624,2101,B|C|Co|Dy|Ni,4,1,1,4,3,2,3,3,1,4,4
13625,2101,B|C|Co|Dy|Ni,4,1,1,4,3,2,0,1,4,2,4
13626,2101,B|C|Co|Dy|Ni,4,1,1,4,3,2,3,0,3,0,3
13627,1021,B|C|Lu|Ni,0,0,0,1,3,1,3,3,4,2,4
13628,2102,Cu|Ir|S|Zn,3,2,1,4,0,4,3,3,3,4,3
13629,2102,Cu|Ir|S|Zn,3,2,1,4,0,4,3,0,4,2,3
13630,761,B|C|Ni|Y,0,3,0,0,3,2,0,3,4,4,1
13631,1021,B|C|Lu|Ni,0,0,0,1,3,1,3,3,0,1,0
13632,2062,B|C|Er|Ni,2,0,2,0,0,3,3,0,4,2,4
13633,2103,Co|Sc|Si,3,1,4,4,2,1,3,0,1,1,4
13634,2058,B|La|N|Ni,1,2,3,1,3,2,4,0,2,1,2
13635,2064,B|C|Pd|Y,0,1,0,0,1,0,1,4,0,4,4
13636,2104,B|C|Er|Ni|Tb,2,0,1,3,4,1,4,1,2,4,1
13637,2104,B|C|Er|Ni|Tb,2,0,1,3,4,1,2,1,3,3,2
13638,2104,B|C|Er|Ni|Tb,2,0,1,3,4,1,4,0,3,3,0
13639,1302,B|C|Dy|Ni,0,2,3,0,4,0,0,3,0,3,1
13640,1167,Pd|Sn|Yb,3,4,2,1,0,0,4,2,1,3,4
13641,1007,Ce|Cu|Si,1,4,3,3,1,1,4,1,3,2,2
13642,1007,Ce|Cu|Si,1,4,3,3,1,1,2,2,0,4,1
13643,1252,Er|Rh|Sn,0,2,2,2,4,1,3,2,3,3,0
13644,1252,Er|Rh|Sn,0,2,2,2,4,1,1,3,1,2,0
13645,1252,Er|Rh|Sn,0,2,2,2,4,1,3,4,1,4,0
13646,239,C|Rb,0,3,3,1,1,3,4,1,4,0,0
13647,2063,B|C|Ho|Ni,4,1,3,1,4,2,4,4,4,4,0
13648,2063,B|C|Ho|Ni,4,1,3,1,4,2,1,4,4,1,1
13649,1295,In|Sn|Te,3,2,4,3,4,1,4,0,1,0,1
13650,2105,Ge|In|Sn|Te,2,4,1,3,1,0,3,0,2,2,1
13651,2105,Ge|In|Sn|Te,2,4,1,3,1,0,0,1,1,3,4
13652,2105,Ge|In|Sn|Te,2,4,1,3,1,0,1,2,1,1,2
13653,2105,Ge|In|Sn|Te,2,4,1,3,1,0,3,4,1,4,1
13654,2105,Ge|In|Sn|Te,2,4,1,3,1,0,3,4,3,1,1
13655,2105,Ge|In|Sn|Te,2,4,1,3,1,0,0,3,2,4,1
13656,2105,Ge|In|Sn|Te,2,4,1,3,1,0,1,4,1,3,4
13657,1295,In|Sn|Te,3,2,4,3,4,1,4,4,3,0,2
13658,2105,Ge|In|Sn|Te,2,4,1,3,1,0,1,4,3,1,4
13659,2105,Ge|In|Sn|Te,2,4,1,3,1,0,3,4,4,0,1
13660,2105,Ge|In|Sn|Te,2,4,1,3,1,0,2,1,1,4,0
13661,2105,Ge|In|Sn|Te,2,4,1,3,1,0,2,3,1,3,4
13662,2105,Ge|In|Sn|Te,2,4,1,3,1,0,0,4,4,4,0
13663,2105,Ge|In|Sn|Te,2,4,1,3,1,0,1,0,1,3,1
13664,2105,Ge|In|Sn|Te,2,4,1,3,1,0,0,1,2,0,4
13665,1591,Cu|Rh|S,1,3,3,2,4,3,0,3,4,3,1
13666,2106,La|Rh|Sn,0,0,0,2,2,1,4,2,0,3,0
13667,1253,Rh|Sn|Tm,1,4,4,1,1,4,0,1,2,4,2
13668,1092,Mo|Se,4,3,3,0,1,4,3,0,0,3,0
13669,1092,Mo|Se,4,3,3,0,1,4,2,3,0,4,1
13670,2107,Fe|Sc|Si,4,4,2,4,2,3,0,3,0,3,2
13671,2108,Fe|Si|Y,3,0,3,1,4,4,1,4,4,0,4
13672,2109,Fe|Lu|Si,0,2,0,2,1,0,2,1,1,4,0
13673,2110,La|Pd,3,2,3,1,4,3,1,1,1,0,2
13674,1734,La|Rh,3,4,0,2,2,1,3,1,3,4,1
13675,1733,La|Ru,0,2,3,0,2,4,4,2,3,3,3
13676,1054,S|Sr|Ta,2,2,2,2,2,4,0,1,4,1,0
13677,947,Na|O|W,4,3,4,4,3,0,3,3,1,3,2
13678,2111,Fe|Si|Tm,3,2,1,4,4,1,0,3,3,1,2
13679,2112,B|C|Ho|La|Ni,1,0,1,0,1,0,2,3,0,3,0
13680,2112,B|C|Ho|La|Ni,1,0,1,0,1,0,1,1,4,4,3
13681,2112,B|C|Ho|La|Ni,1,0,1,0,1,0,1,4,0,3,3
13682,2112,B|C|Ho|La|Ni,1,0,1,0,1,0,3,3,2,2,1
13683,2112,B|C|Ho|La|Ni,1,0,1,0,1,0,4,4,0,0,0
13684,2063,B|C|Ho|Ni,4,1,3,1,4,2,3,3,0,3,3
13685,2113,La|Ni,1,0,1,1,0,0,2,2,2,3,4
13686,1346,Al|Nb,2,4,3,1,4,0,4,3,0,4,1
13687,1346,Al|Nb,2,4,3,1,4,0,1,2,3,1,2
13688,1346,Al|Nb,2,4,3,1,4,0,4,0,0,0,2
13689,1346,Al|Nb,2,4,3,1,4,0,2,1,3,1,2
13690,1346,Al|Nb,2,4,3,1,4,0,2,1,1,4,3
13691,1346,Al|Nb,2,4,3,1,4,0,1,2,2,3,3
13692,1346,Al|Nb,2,4,3,1,4,0,4,3,4,2,4
13693,1141,Ge|Nb,3,4,1,2,1,2,2,2,1,3,2
13694,2114,Br|Mo|Se,1,1,2,3,3,0,4,3,0,3,4
13695,2115,Cu|Mo|Se,2,0,2,3,3,0,0,1,4,0,1
13696,2089,La|Mo|Se,2,4,3,3,3,0,4,3,4,2,0
13697,2116,Cd|Mo|Se,4,3,3,3,2,1,0,0,4,3,0
13698,2117,Mo|Se|Sn,2,4,1,2,0,4,3,0,1,2,4
13699,2118,Mo|Pb|Se,2,2,2,3,2,0,3,4,1,2,0
13700,1325,Ag|Mo|S,3,3,2,2,1,1,2,2,4,1,2
13701,2119,Gd|Mo|S,2,3,2,2,0,1,4,3,4,4,3
13702,1774,Mo|S|Sn,3,0,4,4,0,3,3,0,1,2,2
13703,1760,Mo|Pb|S,4,0,2,0,3,4,1,4,4,2,2
13704,2120,La|Mo|S,0,4,3,3,1,1,4,0,1,0,4
13705,2121,Mo|S,1,4,2,0,1,2,3,3,3,3,4
13706,2122,Br|Mo|S,1,3,3,3,3,2,2,4,1,0,1
13707,2123,I|Mo|S,0,2,0,3,0,1,2,0,0,0,3
13708,1584,Cu|Mo|S,1,3,0,4,0,3,3,3,2,0,4
13709,1773,Mo|S|Zn,4,0,0,0,3,0,0,1,0,4,2
13710,1346,Al|Nb,2,4,3,1,4,0,1,1,3,1,2
13711,1346,Al|Nb,2,4,3,1,4,0,2,3,2,0,3
13712,1346,Al|Nb,2,4,3,1,4,0,1,2,0,3,4
13713,1346,Al|Nb,2,4,3,1,4,0,4,4,1,0,1
13714,1354,Al|Nb|Si,2,0,2,2,1,1,2,4,1,2,1
13715,1341,Al|Ge|Nb,1,0,3,3,1,2,3,1,2,0,0
13716,1360,Al|Nb|Zr,0,3,4,4,0,2,3,0,1,0,2
13717,1360,Al|Nb|Zr,0,3,4,4,0,2,0,4,3,0,2
13718,1341,Al|Ge|Nb,1,0,3,3,1,2,1,2,0,4,2
13719,1336,Al|Ga|Nb,3,0,0,1,0,4,3,4,2,4,4
13720,1360,Al|Nb|Zr,0,3,4,4,0,2,0,4,4,2,1
13721,1360,Al|Nb|Zr,0,3,4,4,0,2,0,1,4,1,3
13722,1360,Al|Nb|Zr,0,3,4,4,0,2,2,4,4,4,0
13723,1360,Al|Nb|Zr,0,3,4,4,0,2,2,0,2,3,3
13724,2124,Al|Hf|Nb,4,2,2,0,4,1,0,0,3,4,4
13725,2124,Al|Hf|Nb,4,2,2,0,4,1,0,3,2,4,4
13726,2124,Al|Hf|Nb,4,2,2,0,4,1,0,0,2,2,0
13727,2125,Al|Nb|Ti,1,0,4,3,2,3,3,1,2,3,3
13728,2125,Al|Nb|Ti,1,0,4,3,2,3,4,4,1,1,1
13729,2125,Al|Nb|Ti,1,0,4,3,2,3,4,0,1,1,0
13730,2125,Al|Nb|Ti,1,0,4,3,2,3,4,4,2,4,1
13731,2125,Al|Nb|Ti,1,0,4,3,2,3,4,0,4,2,2
13732,2125,Al|Nb|Ti,1,0,4,3,2,3,2,0,1,0,1
13733,2126,Al|Nb|W,1,0,0,2,3,0,3,1,0,3,2
13734,2126,Al|Nb|W,1,0,0,2,3,0,0,1,3,2,1
13735,2126,Al|Nb|W,1,0,0,2,3,0,3,3,2,0,1
13736,2126,Al|Nb|W,1,0,0,2,3,0,2,2,1,4,2
13737,2002,Al|Mo|Nb,2,3,3,0,2,1,4,4,4,1,1
13738,2002,Al|Mo|Nb,2,3,3,0,2,1,0,1,3,0,2
13739,2002,Al|Mo|Nb,2,3,3,0,2,1,0,4,2,0,3
13740,2127,Al|Nb|Ta,0,3,4,4,3,3,0,2,1,0,1
13741,2127,Al|Nb|Ta,0,3,4,4,3,3,0,1,4,1,1
13742,2127,Al|Nb|Ta,0,3,4,4,3,3,0,3,3,4,1
13743,2127,Al|Nb|Ta,0,3,4,4,3,3,2,3,2,0,1
13744,1352,Al|Nb|V,4,4,0,1,0,2,4,1,4,1,3
13745,1352,Al|Nb|V,4,4,0,1,0,2,3,0,0,4,3
13746,1352,Al|Nb|V,4,4,0,1,0,2,2,2,1,1,3
13747,2128,Al|Nb|Se,3,2,0,1,2,2,4,3,3,4,2
13748,2128,Al|Nb|Se,3,2,0,1,2,2,2,3,0,3,2
13749,2128,Al|Nb|Se,3,2,0,1,2,2,4,1,0,2,1
13750,2128,Al|Nb|Se,3,2,0,1,2,2,2,0,2,0,0
13751,2128,Al|Nb|Se,3,2,0,1,2,2,0,2,1,1,3
13752,2128,Al|Nb|Se,3,2,0,1,2,2,3,2,2,0,3
13753,1354,Al|Nb|Si,2,0,2,2,1,1,0,4,2,1,0
13754,1354,Al|Nb|Si,2,0,2,2,1,1,4,1,4,4,3
13755,1354,Al|Nb|Si,2,0,2,2,1,1,0,1,0,0,2
13756,1354,Al|Nb|Si,2,0,2,2,1,1,1,3,2,3,2
13757,1354,Al|Nb|Si,2,0,2,2,1,1,3,1,4,4,1
13758,1354,Al|Nb|Si,2,0,2,2,1,1,1,1,2,4,0
13759,1336,Al|Ga|Nb,3,0,0,1,0,4,1,4,4,1,0
13760,1336,Al|Ga|Nb,3,0,0,1,0,4,4,2,0,3,3
13761,1336,Al|Ga|Nb,3,0,0,1,0,4,2,3,4,3,2
13762,1336,Al|Ga|Nb,3,0,0,1,0,4,0,3,2,1,2
13763,1336,Al|Ga|Nb,3,0,0,1,0,4,0,2,2,1,4
13764,1341,Al|Ge|Nb,1,0,3,3,1,2,0,2,3,0,0
13765,1341,Al|Ge|Nb,1,0,3,3,1,2,3,2,2,4,1
13766,1341,Al|Ge|Nb,1,0,3,3,1,2,2,3,4,0,2
13767,1341,Al|Ge|Nb,1,0,3,3,1,2,0,4,1,0,3
13768,1341,Al|Ge|Nb,1,0,3,3,1,2,0,3,3,4,4
13769,1341,Al|Ge|Nb,1,0,3,3,1,2,3,0,4,2,3
13770,1341,Al|Ge|Nb,1,0,3,3,1,2,1,0,0,1,0
13771,1341,Al|Ge|Nb,1,0,3,3,1,2,0,3,4,1,3
13772,1341,Al|Ge|Nb,1,0,3,3,1,2,3,2,0,4,3
13773,1616,Ga|Nb,1,3,4,3,2,1,4,0,1,2,4
13774,1616,Ga|Nb,1,3,4,3,2,1,1,0,4,3,4
13775,1616,Ga|Nb,1,3,4,3,2,1,3,0,2,2,4
13776,1616,Ga|Nb,1,3,4,3,2,1,4,0,0,0,2
13777,1336,Al|Ga|Nb,3,0,0,1,0,4,2,0,1,2,1
13778,1333,Al|B|Nb,2,4,0,3,0,4,1,1,3,3,1
13779,1333,Al|B|Nb,2,4,0,3,0,4,3,1,4,0,0
13780,1346,Al|Nb,2,4,3,1,4,0,2,2,3,1,1
13781,1331,Al|Be|Nb,1,4,3,4,0,1,0,2,3,2,2
13782,1331,Al|Be|Nb,1,4,3,4,0,1,0,0,1,3,4
13783,1331,Al|Be|Nb,1,4,3,4,0,1,3,4,2,1,4
13784,1331,Al|Be|Nb,1,4,3,4,0,1,4,1,0,0,0
13785,1231,Rh|Zr,3,0,2,0,0,2,2,3,4,1,2
13786,2129,H|Rh|Zr,3,3,0,4,2,4,0,3,2,3,2
13787,2129,H|Rh|Zr,3,3,0,4,2,4,3,1,1,3,2
13788,2129,H|Rh|Zr,3,3,0,4,2,4,4,2,0,1,4
13789,2129,H|Rh|Zr,3,3,0,4,2,4,2,3,2,2,2
13790,239,C|Rb,0,3,3,1,1,3,0,0,2,2,4
13791,1341,Al|Ge|Nb,1,0,3,3,1,2,4,3,1,3,0
13792,1234,Co|Zr,3,2,0,4,1,2,2,0,1,1,1
13793,1235,Ni|Zr,1,1,4,1,1,2,2,0,0,4,3
13794,1181,C|La|Ni,4,3,2,0,2,0,1,2,0,0,4
13795,2130,La|Ni|Sn,2,1,2,0,4,1,4,0,3,0,3
13796,2131,La|Pt|Si,1,2,3,3,0,2,3,0,2,4,4
13797,2132,La|Nd|Pt|Si,1,1,1,0,2,2,2,4,0,4,4
13798,2132,La|Nd|Pt|Si,1,1,1,0,2,2,2,0,1,4,4
13799,2132,La|Nd|Pt|Si,1,1,1,0,2,2,3,1,4,3,3
13800,2132,La|Nd|Pt|Si,1,1,1,0,2,2,3,4,3,4,3
13801,2132,La|Nd|Pt|Si,1,1,1,0,2,2,0,2,1,3,3
13802,2132,La|Nd|Pt|Si,1,1,1,0,2,2,1,2,0,0,2
13803,2132,La|Nd|Pt|Si,1,1,1,0,2,2,1,1,3,0,4
13804,2132,La|Nd|Pt|Si,1,1,1,0,2,2,2,3,2,3,1
13805,2132,La|Nd|Pt|Si,1,1,1,0,2,2,2,3,3,2,2
13806,2132,La|Nd|Pt|Si,1,1,1,0,2,2,2,3,0,0,3
13807,1246,Ce|La|Pt|Si,1,1,0,2,4,1,1,0,0,4,3
13808,1246,Ce|La|Pt|Si,1,1,0,2,4,1,2,0,0,2,3
13809,1246,Ce|La|Pt|Si,1,1,0,2,4,1,3,2,2,4,1
13810,2133,C|Si|W,4,0,2,1,2,3,1,4,3,2,4
13811,2133,C|Si|W,4,0,2,1,2,3,2,0,0,4,0
13812,2133,C|Si|W,4,0,2,1,2,3,2,2,1,3,2
13813,1939,Ti,4,0,4,1,3,4,2,0,2,2,1
13814,2134,Al|Ti,1,0,3,1,2,4,0,0,2,4,2
13815,2134,Al|Ti,1,0,3,1,2,4,4,1,2,3,4
13816,2134,Al|Ti,1,0,3,1,2,4,4,1,2,1,3
13817,2135,Pt,1,4,0,4,3,0,1,1,1,3,4
13818,2135,Pt,1,4,0,4,3,0,1,0,3,2,0
13819,1029,Br|C|Y,3,2,3,4,3,1,3,4,4,4,1
13820,986,C|Y,2,2,0,0,3,2,3,3,4,2,4
13821,2076,La|Ru|Sb,1,4,4,0,1,4,1,3,1,3,4
13822,999,Pr|Ru|Sb,2,0,4,3,2,1,4,0,4,4,0
13823,1047,Bi|Ni,0,1,1,4,1,4,3,1,2,4,2
13824,1336,Al|Ga|Nb,3,0,0,1,0,4,4,2,3,1,1
13825,1336,Al|Ga|Nb,3,0,0,1,0,4,1,2,1,0,3
13826,1336,Al|Ga|Nb,3,0,0,1,0,4,0,0,0,0,2
13827,1341,Al|Ge|Nb,1,0,3,3,1,2,3,3,4,3,3
13828,1341,Al|Ge|Nb,1,0,3,3,1,2,1,0,4,1,3
13829,1341,Al|Ge|Nb,1,0,3,3,1,2,4,3,0,4,3
13830,1341,Al|Ge|Nb,1,0,3,3,1,2,0,0,4,0,3
13831,1341,Al|Ge|Nb,1,0,3,3,1,2,3,4,3,3,2
13832,1341,Al|Ge|Nb,1,0,3,3,1,2,0,4,0,1,2
13833,1341,Al|Ge|Nb,1,0,3,3,1,2,3,2,0,3,1
13834,1341,Al|Ge|Nb,1,0,3,3,1,2,3,3,0,0,1
13835,1341,Al|Ge|Nb,1,0,3,3,1,2,0,3,1,1,3
13836,1341,Al|Ge|Nb,1,0,3,3,1,2,0,0,0,0,3
13837,1341,Al|Ge|Nb,1,0,3,3,1,2,3,2,4,3,0
13838,1341,Al|Ge|Nb,1,0,3,3,1,2,0,0,0,1,4
13839,1341,Al|Ge|Nb,1,0,3,3,1,2,4,3,1,1,3
13840,1346,Al|Nb,2,4,3,1,4,0,2,0,2,1,1
13841,1341,Al|Ge|Nb,1,0,3,3,1,2,0,2,2,0,3
13842,1341,Al|Ge|Nb,1,0,3,3,1,2,4,2,4,0,4
13843,1341,Al|Ge|Nb,1,0,3,3,1,2,1,2,1,2,0
13844,1341,Al|Ge|Nb,1,0,3,3,1,2,2,4,3,4,1
13845,1341,Al|Ge|Nb,1,0,3,3,1,2,1,4,4,0,3
13846,1341,Al|Ge|Nb,1,0,3,3,1,2,4,0,2,1,2
13847,1341,Al|Ge|Nb,1,0,3,3,1,2,0,2,2,4,2
13848,1341,Al|Ge|Nb,1,0,3,3,1,2,0,1,2,0,0
13849,1341,Al|Ge|Nb,1,0,3,3,1,2,4,0,0,0,1
13850,1354,Al|Nb|Si,2,0,2,2,1,1,1,4,4,0,3
13851,1346,Al|Nb,2,4,3,1,4,0,1,4,2,2,3
13852,1354,Al|Nb|Si,2,0,2,2,1,1,2,1,0,3,0
13853,1354,Al|Nb|Si,2,0,2,2,1,1,0,3,2,2,3
13854,1354,Al|Nb|Si,2,0,2,2,1,1,2,3,2,1,3
13855,1360,Al|Nb|Zr,0,3,4,4,0,2,4,4,3,1,0
13856,1360,Al|Nb|Zr,0,3,4,4,0,2,4,0,1,2,1
13857,2136,As|Nb,1,3,2,2,4,2,3,0,3,4,0
13858,2136,As|Nb,1,3,2,2,4,2,2,3,4,0,3
13859,2136,As|Nb,1,3,2,2,4,2,0,4,4,0,3
13860,1146,Au|Nb,2,2,2,1,4,4,0,1,1,0,4
13861,1146,Au|Nb,2,2,2,1,4,4,2,3,3,4,3
13862,1146,Au|Nb,2,2,2,1,4,4,4,1,2,0,0
13863,1146,Au|Nb,2,2,2,1,4,4,0,0,0,4,2
13864,1146,Au|Nb,2,2,2,1,4,4,0,1,1,1,3
13865,1146,Au|Nb,2,2,2,1,4,4,4,2,1,0,0
13866,1146,Au|Nb,2,2,2,1,4,4,4,3,1,0,2
13867,1146,Au|Nb,2,2,2,1,4,4,4,3,4,4,4
13868,1146,Au|Nb,2,2,2,1,4,4,2,2,1,4,4
13869,1146,Au|Nb,2,2,2,1,4,4,1,0,1,1,3
13870,1146,Au|Nb,2,2,2,1,4,4,2,1,0,2,3
13871,1146,Au|Nb,2,2,2,1,4,4,0,1,0,1,1
13872,1146,Au|Nb,2,2,2,1,4,4,2,0,3,0,0
13873,1147,Au|Nb|Pt,4,1,1,4,3,2,4,1,0,2,4
13874,1147,Au|Nb|Pt,4,1,1,4,3,2,1,1,4,2,2
13875,1115,C|Nb,3,2,2,3,0,1,2,4,0,2,2
13876,1115,C|Nb,3,2,2,3,0,1,0,0,4,4,4
13877,1115,C|Nb,3,2,2,3,0,1,0,4,0,1,3
13878,1115,C|Nb,3,2,2,3,0,1,0,2,2,0,3
13879,1115,C|Nb,3,2,2,3,0,1,1,4,3,2,0
13880,1115,C|Nb,3,2,2,3,0,1,3,0,0,4,2
13881,1115,C|Nb,3,2,2,3,0,1,0,2,2,3,0
13882,1115,C|Nb,3,2,2,3,0,1,0,4,0,2,0
13883,2137,C|Mo|Nb,2,2,3,2,0,2,0,2,0,0,3
13884,1616,Ga|Nb,1,3,4,3,2,1,2,2,0,1,3
13885,1616,Ga|Nb,1,3,4,3,2,1,2,4,2,4,0
13886,1616,Ga|Nb,1,3,4,3,2,1,2,3,3,2,2
13887,1141,Ge|Nb,3,4,1,2,1,2,0,2,1,4,2
13888,1141,Ge|Nb,3,4,1,2,1,2,0,2,4,4,3
13889,1141,Ge|Nb,3,4,1,2,1,2,3,4,0,3,3
13890,1141,Ge|Nb,3,4,1,2,1,2,0,0,0,3,1
13891,1141,Ge|Nb,3,4,1,2,1,2,4,2,1,2,0
13892,1141,Ge|Nb,3,4,1,2,1,2,0,0,2,2,1
13893,1141,Ge|Nb,3,4,1,2,1,2,4,3,0,3,1
13894,1141,Ge|Nb,3,4,1,2,1,2,2,3,0,0,1
13895,1141,Ge|Nb,3,4,1,2,1,2,1,3,4,0,4
13896,1141,Ge|Nb,3,4,1,2,1,2,2,4,2,2,1
13897,1141,Ge|Nb,3,4,1,2,1,2,1,4,2,4,1
13898,1141,Ge|Nb,3,4,1,2,1,2,2,1,1,2,0
13899,1141,Ge|Nb,3,4,1,2,1,2,2,1,2,0,2
13900,1616,Ga|Nb,1,3,4,3,2,1,3,3,1,0,1
13901,2138,Ga|Nb|Ni,0,3,3,2,3,1,1,0,4,2,0
13902,2138,Ga|Nb|Ni,0,3,3,2,3,1,4,4,1,1,3
13903,2138,Ga|Nb|Ni,0,3,3,2,3,1,0,0,3,0,0
13904,2138,Ga|Nb|Ni,0,3,3,2,3,1,0,2,2,2,3
13905,2138,Ga|Nb|Ni,0,3,3,2,3,1,2,1,0,4,3
13906,2138,Ga|Nb|Ni,0,3,3,2,3,1,2,0,0,4,0
13907,2138,Ga|Nb|Ni,0,3,3,2,3,1,4,0,0,3,1
13908,2139,Cr|Ga|Nb,2,4,2,3,3,2,2,1,2,2,3
13909,2139,Cr|Ga|Nb,2,4,2,3,3,2,4,1,4,1,3
13910,2139,Cr|Ga|Nb,2,4,2,3,3,2,2,2,3,1,2
13911,2063,B|C|Ho|Ni,4,1,3,1,4,2,2,4,2,1,2
13912,2139,Cr|Ga|Nb,2,4,2,3,3,2,4,2,2,1,0
13913,2139,Cr|Ga|Nb,2,4,2,3,3,2,3,4,2,1,3
13914,2139,Cr|Ga|Nb,2,4,2,3,3,2,0,1,1,4,3
13915,2139,Cr|Ga|Nb,2,4,2,3,3,2,0,0,3,3,0
13916,1616,Ga|Nb,1,3,4,3,2,1,1,0,4,0,0
13917,1336,Al|Ga|Nb,3,0,0,1,0,4,3,0,1,4,3
13918,1336,Al|Ga|Nb,3,0,0,1,0,4,4,1,2,0,0
13919,1336,Al|Ga|Nb,3,0,0,1,0,4,0,2,1,3,4
13920,1336,Al|Ga|Nb,3,0,0,1,0,4,2,4,4,3,3
13921,1346,Al|Nb,2,4,3,1,4,0,3,2,1,3,0
13922,2140,C|Nb|Ni,0,1,3,3,1,1,3,4,0,4,2
13923,1115,C|Nb,3,2,2,3,0,1,3,4,2,1,0
13924,1116,C|Nb|Ta,1,2,3,1,2,1,2,0,4,4,1
13925,1116,C|Nb|Ta,1,2,3,1,2,1,1,2,0,3,2
13926,1116,C|Nb|Ta,1,2,3,1,2,1,2,3,0,1,1
13927,1116,C|Nb|Ta,1,2,3,1,2,1,3,0,0,2,3
13928,2137,C|Mo|Nb,2,2,3,2,0,2,4,2,2,2,1
13929,2137,C|Mo|Nb,2,2,3,2,0,2,2,1,3,1,4
13930,2137,C|Mo|Nb,2,2,3,2,0,2,2,0,2,2,4
13931,2137,C|Mo|Nb,2,2,3,2,0,2,0,2,1,0,2
13932,2137,C|Mo|Nb,2,2,3,2,0,2,2,3,1,2,2
13933,1616,Ga|Nb,1,3,4,3,2,1,2,0,3,2,1
13934,2141,Co|Ga|Nb,2,4,4,1,1,1,3,4,0,3,0
13935,2141,Co|Ga|Nb,2,4,4,1,1,1,0,1,1,3,0
13936,2141,Co|Ga|Nb,2,4,4,1,1,1,3,4,0,4,0
13937,2141,Co|Ga|Nb,2,4,4,1,1,1,4,0,3,1,3
13938,2141,Co|Ga|Nb,2,4,4,1,1,1,1,1,1,0,4
13939,2141,Co|Ga|Nb,2,4,4,1,1,1,0,3,4,1,4
13940,2141,Co|Ga|Nb,2,4,4,1,1,1,0,0,0,3,1
13941,1616,Ga|Nb,1,3,4,3,2,1,4,1,2,4,0
13942,2142,Fe|Ga|Nb,1,2,0,4,4,4,0,3,4,4,1
13943,2142,Fe|Ga|Nb,1,2,0,4,4,4,2,4,4,0,2
13944,2142,Fe|Ga|Nb,1,2,0,4,4,4,2,0,1,3,3
13945,2142,Fe|Ga|Nb,1,2,0,4,4,4,2,0,1,3,0
13946,2142,Fe|Ga|Nb,1,2,0,4,4,4,1,0,0,1,4
13947,2142,Fe|Ga|Nb,1,2,0,4,4,4,4,0,4,3,1
13948,1616,Ga|Nb,1,3,4,3,2,1,1,2,0,0,4
13949,2143,Ga|Mn|Nb,3,0,3,4,3,4,0,1,1,4,1
13950,2143,Ga|Mn|Nb,3,0,3,4,3,4,2,4,2,1,2
13951,2143,Ga|Mn|Nb,3,0,3,4,3,4,3,1,3,1,2
13952,2143,Ga|Mn|Nb,3,0,3,4,3,4,4,4,0,0,3
13953,2143,Ga|Mn|Nb,3,0,3,4,3,4,3,1,4,2,3
13954,1616,Ga|Nb,1,3,4,3,2,1,0,4,4,4,1
13955,2143,Ga|Mn|Nb,3,0,3,4,3,4,4,4,1,1,0
13956,2143,Ga|Mn|Nb,3,0,3,4,3,4,4,1,1,2,3
13957,2143,Ga|Mn|Nb,3,0,3,4,3,4,1,1,1,2,0
13958,2143,Ga|Mn|Nb,3,0,3,4,3,4,3,2,4,2,3
13959,2143,Ga|Mn|Nb,3,0,3,4,3,4,4,2,2,3,3
13960,1346,Al|Nb,2,4,3,1,4,0,2,2,3,3,1
13961,1341,Al|Ge|Nb,1,0,3,3,1,2,3,3,2,2,3
13962,1341,Al|Ge|Nb,1,0,3,3,1,2,0,3,3,2,2
13963,1341,Al|Ge|Nb,1,0,3,3,1,2,2,1,4,0,3
13964,1341,Al|Ge|Nb,1,0,3,3,1,2,1,4,0,4,4
13965,1346,Al|Nb,2,4,3,1,4,0,1,3,0,4,1
13966,1341,Al|Ge|Nb,1,0,3,3,1,2,1,0,4,2,1
13967,1346,Al|Nb,2,4,3,1,4,0,0,4,0,0,4
13968,1341,Al|Ge|Nb,1,0,3,3,1,2,3,0,4,2,0
13969,1341,Al|Ge|Nb,1,0,3,3,1,2,3,0,4,0,2
13970,1341,Al|Ge|Nb,1,0,3,3,1,2,0,4,0,2,0
13971,1341,Al|Ge|Nb,1,0,3,3,1,2,1,2,3,4,3
13972,1341,Al|Ge|Nb,1,0,3,3,1,2,4,3,4,3,2
13973,1341,Al|Ge|Nb,1,0,3,3,1,2,0,2,1,4,1
13974,1341,Al|Ge|Nb,1,0,3,3,1,2,1,1,2,1,1
13975,1341,Al|Ge|Nb,1,0,3,3,1,2,0,3,0,3,0
13976,1141,Ge|Nb,3,4,1,2,1,2,1,3,4,3,0
13977,2139,Cr|Ga|Nb,2,4,2,3,3,2,1,1,3,2,3
13978,2144,Pb|S|Te,2,0,4,3,1,3,2,2,1,1,4
13979,2145,Pb|Sn|Te,4,3,3,3,1,4,2,4,3,2,4
13980,2146,Pb|S|Se,2,4,1,4,4,0,0,3,2,3,3
13981,2147,Pb|S|Te|Yb,1,1,3,3,1,0,2,2,1,2,4
13982,470,C|Cs|Na,4,4,0,2,4,4,3,3,1,2,2
13983,2148,C|Cs|H|N|Na,3,3,4,0,4,3,3,1,1,0,1
13984,1112,B|Nb,0,4,2,4,2,0,3,0,3,4,3
13985,2149,C|H|K|N|Na,3,3,2,0,0,3,3,2,0,1,0
13986,2149,C|H|K|N|Na,3,3,2,0,0,3,2,4,1,0,4
13987,2150,C|H|N|Na|Rb,0,4,0,3,1,0,1,2,0,3,3
13988,2150,C|H|N|Na|Rb,0,4,0,3,1,0,3,3,0,2,4
13989,2150,C|H|N|Na|Rb,0,4,0,3,1,0,2,2,0,3,2
13990,2149,C|H|K|N|Na,3,3,2,0,0,3,1,3,1,1,3
13991,2149,C|H|K|N|Na,3,3,2,0,0,3,0,0,0,3,3
13992,2149,C|H|K|N|Na,3,3,2,0,0,3,4,1,4,1,4
13993,2151,Pb|S|Yb,1,1,1,4,3,4,3,2,4,2,0
13994,2152,Eu|Pb|S|Se,0,4,2,2,0,3,1,2,0,1,1
13995,2153,Eu|Mo|S|Se|Sn,0,3,3,4,1,3,3,2,1,3,0
13996,1429,B|Ta,3,4,3,4,4,1,0,4,2,3,3
13997,989,B|C|Mg,0,0,4,4,2,0,4,3,1,0,3
13998,988,B|Mg,0,0,1,4,3,2,1,3,0,2,3
13999,2154,B|Li|Mg,4,4,3,3,4,3,0,4,4,1,0
14000,2154,B|Li|Mg,4,4,3,3,4,3,1,2,3,2,2
14001,988,B|Mg,0,0,1,4,3,2,2,3,0,0,1
14002,988,B|Mg,0,0,1,4,3,2,0,4,3,2,2
14003,988,B|Mg,0,0,1,4,3,2,3,4,2,1,3
14004,988,B|Mg,0,0,1,4,3,2,2,1,3,4,1
14005,988,B|Mg,0,0,1,4,3,2,2,2,0,2,3
14006,988,B|Mg,0,0,1,4,3,2,4,4,0,1,4
14007,1089,Ce|Pd|Si,4,3,1,0,0,2,2,0,1,4,4
14008,2155,Ce|In,3,2,3,3,1,2,4,3,4,4,3
14009,761,B|C|Ni|Y,0,3,0,0,3,2,0,1,4,3,2
14010,2156,B|C|Lu|Ni|Y,0,3,1,2,3,0,4,1,1,2,2
14011,2156,B|C|Lu|Ni|Y,0,3,1,2,3,0,0,1,1,1,1
14012,2156,B|C|Lu|Ni|Y,0,3,1,2,3,0,0,0,3,1,4
14013,1021,B|C|Lu|Ni,0,0,0,1,3,1,4,1,2,4,1
14014,2058,B|La|N|Ni,1,2,3,1,3,2,2,3,3,1,1
14015,761,B|C|Ni|Y,0,3,0,0,3,2,4,1,4,0,3
14016,2088,B|C|Ni|Tb|Y,4,0,0,1,2,2,1,0,3,4,1
14017,2088,B|C|Ni|Tb|Y,4,0,0,1,2,2,2,0,4,2,4
14018,2088,B|C|Ni|Tb|Y,4,0,0,1,2,2,1,0,2,4,3
14019,2088,B|C|Ni|Tb|Y,4,0,0,1,2,2,0,2,2,2,3
14020,2088,B|C|Ni|Tb|Y,4,0,0,1,2,2,4,1,4,0,2
14021,2088,B|C|Ni|Tb|Y,4,0,0,1,2,2,0,3,2,2,0
14022,2088,B|C|Ni|Tb|Y,4,0,0,1,2,2,1,3,2,0,3
14023,1021,B|C|Lu|Ni,0,0,0,1,3,1,3,2,3,0,4
14024,1088,Ce|Cu|Ge|Si,0,2,4,2,1,4,2,2,0,2,2
14025,1088,Ce|Cu|Ge|Si,0,2,4,2,1,4,1,3,2,2,3
14026,1088,Ce|Cu|Ge|Si,0,2,4,2,1,4,0,1,4,2,4
14027,1019,C,3,3,4,3,4,0,1,4,1,0,3
14028,1019,C,3,3,4,3,4,0,0,4,4,0,4
14029,1138,Nb|S,4,1,0,4,4,4,1,1,1,2,2
14030,1000,Nb|Se,0,2,1,4,0,2,2,1,1,1,4
14031,1812,Nb|Te,4,3,2,1,4,0,3,2,3,3,2
14032,1082,S|Sn|Ta,2,2,3,2,1,4,2,2,0,0,1
14033,1000,Nb|Se,0,2,1,4,0,2,1,0,1,0,1
14034,1798,Nb|Se|Sn,0,0,4,1,1,3,2,3,1,2,2
14035,1138,Nb|S,4,1,0,4,4,4,0,2,4,4,3
14036,1080,Nb|S|Sn,3,3,0,0,4,4,4,3,1,0,4
14037,1130,S|Ta,4,4,3,1,0,3,1,1,4,0,1
14038,1081,Nb|Pb|S,4,1,1,2,0,1,2,4,3,3,1
14039,1062,Pb|S|Ta,4,2,4,2,4,3,4,3,0,3,1
14040,1138,Nb|S,4,1,0,4,4,4,3,1,3,3,2
14041,1591,Cu|Rh|S,1,3,3,2,4,3,3,4,3,2,0
14042,1590,Cu|Rh|Se,1,1,4,1,4,2,1,1,3,1,2
14043,1001,Ce|Rh|Si,0,2,1,4,2,3,3,0,0,4,4
14044,1003,Ce|In|Rh,1,0,3,1,4,1,3,2,1,2,2
14045,988,B|Mg,0,0,1,4,3,2,0,4,2,1,3
14046,1073,C|Mg|Ni,1,2,0,4,2,4,3,2,3,2,0
14047,1073,C|Mg|Ni,1,2,0,4,2,4,2,3,1,4,4
14048,1073,C|Mg|Ni,1,2,0,4,2,4,4,4,3,4,4
14049,2157,C|Cu|Mg|Ni,0,3,2,0,2,4,0,0,2,0,0
14050,2157,C|Cu|Mg|Ni,0,3,2,0,2,4,2,0,0,2,3
14051,2157,C|Cu|Mg|Ni,0,3,2,0,2,4,0,3,0,4,3
14052,2155,Ce|In,3,2,3,3,1,2,0,4,2,0,0
14053,1007,Ce|Cu|Si,1,4,3,3,1,1,0,4,1,4,1
14054,1089,Ce|Pd|Si,4,3,1,0,0,2,0,0,1,3,0
14055,1004,Ce|Ge|Ni,1,4,1,1,2,4,0,0,3,0,4
14056,1070,Ce|Cu|Ge,2,1,0,4,1,4,4,0,3,3,0
14057,1427,B|Re,1,0,1,0,2,4,3,3,1,1,3
14058,1427,B|Re,1,0,1,0,2,4,1,2,2,3,4
14059,761,B|C|Ni|Y,0,3,0,0,3,2,3,2,3,2,0
14060,2070,Au|B|C|La|Pt,1,0,1,3,3,2,0,1,0,4,0
14061,988,B|Mg,0,0,1,4,3,2,1,2,0,3,1
14062,1083,Al|B|Mg,4,1,2,1,0,4,2,3,3,4,4
14063,1083,Al|B|Mg,4,1,2,1,0,4,0,2,3,0,3
14064,469,C|Cs|Na|Rb,0,4,4,3,0,2,4,1,1,0,4
14065,470,C|Cs|Na,4,4,0,2,4,4,1,3,3,2,2
14066,2158,C|K|Rb,2,0,2,4,3,0,0,0,1,0,3
14067,2158,C|K|Rb,2,0,2,4,3,0,2,0,2,1,0
14068,2158,C|K|Rb,2,0,2,4,3,0,1,3,1,1,2
14069,239,C|Rb,0,3,3,1,1,3,3,0,2,2,1
14070,242,C|Cs|Rb,1,1,1,1,4,2,0,2,3,4,2
14071,239,C|Rb,0,3,3,1,1,3,1,1,1,0,3
14072,470,C|Cs|Na,4,4,0,2,4,4,3,2,4,0,2
14073,1594,Cu|Se,0,3,4,2,1,0,2,3,4,3,1
14074,1586,Cu|S|Se,0,1,2,4,0,4,4,0,2,0,4
14075,1594,Cu|Se,0,3,4,2,1,0,4,1,0,0,1
14076,2102,Cu|Ir|S|Zn,3,2,1,4,0,4,2,2,0,4,2
14077,2102,Cu|Ir|S|Zn,3,2,1,4,0,4,0,4,4,3,1
14078,2102,Cu|Ir|S|Zn,3,2,1,4,0,4,2,0,2,3,3
14079,2102,Cu|Ir|S|Zn,3,2,1,4,0,4,2,0,0,3,4
14080,2102,Cu|Ir|S|Zn,3,2,1,4,0,4,3,2,4,1,1
14081,2102,Cu|Ir|S|Zn,3,2,1,4,0,4,1,3,2,3,3
14082,2159,B|Be|Mg,3,4,1,3,2,0,3,1,3,2,3
14083,368,C|N|Na,1,4,0,0,4,3,0,2,1,1,0
14084,241,C|Cs,0,2,1,0,4,2,1,2,2,2,4
14085,449,C|Yb,3,4,3,4,3,0,4,4,1,2,3
14086,1089,Ce|Pd|Si,4,3,1,0,0,2,2,0,0,1,3
14087,2160,B|Er|Ho|Rh,0,0,0,0,3,0,1,0,3,0,1
14088,2160,B|Er|Ho|Rh,0,0,0,0,3,0,4,3,3,2,1
14089,2160,B|Er|Ho|Rh,0,0,0,0,3,0,0,4,0,1,0
14090,2119,Gd|Mo|S,2,3,2,2,0,1,4,2,4,4,3
14091,2161,Mo|S|Tb,1,0,1,1,4,1,0,1,2,3,0
14092,2162,Dy|Mo|S,4,0,3,2,1,4,4,0,4,4,0
14093,2163,Ho|Mo|S,1,4,2,4,1,0,4,2,4,4,3
14094,2164,Er|Mo|S,0,0,3,0,3,4,0,2,2,4,2
14095,2120,La|Mo|S,0,4,3,3,1,1,3,0,1,4,2
14096,2165,Mo|Pr|S,3,2,2,1,2,3,1,1,0,4,1
14097,2166,Mo|Nd|S,2,0,2,4,3,1,4,3,2,3,2
14098,2167,Mo|S|Sm,1,3,1,0,3,0,4,1,1,2,2
14099,2161,Mo|S|Tb,1,0,1,1,4,1,2,4,1,4,1
14100,2162,Dy|Mo|S,4,0,3,2,1,4,0,2,0,1,4
14101,2163,Ho|Mo|S,1,4,2,4,1,0,3,1,4,3,1
14102,2168,Mo|S|Tm,0,2,2,3,4,2,4,0,4,3,3
14103,1059,Mo|S|Yb,2,1,2,3,1,1,2,2,3,3,2
14104,2169,Lu|Mo|S,3,4,0,4,1,3,4,4,1,0,2
14105,2170,Mo|S|Y,4,3,0,4,3,4,2,4,1,0,0
14106,1059,Mo|S|Yb,2,1,2,3,1,1,3,1,4,4,4
14107,2171,Pd|Si|Y,0,4,4,0,1,2,2,3,1,2,4
14108,1158,La|Pd|Si,1,0,3,1,3,2,3,2,2,2,3
14109,2172,Lu|Pd|Si,3,2,4,2,1,3,3,1,1,3,2
14110,2173,La|Rh|Si,2,4,0,2,2,0,3,1,2,2,2
14111,1069,Si,3,2,2,0,0,2,4,3,3,1,2
14112,1526,Ca|Si,3,2,1,0,4,2,1,4,0,3,0
14113,1526,Ca|Si,3,2,1,0,4,2,1,1,2,4,4
14114,2174,Ga|Si|Sr,2,0,0,3,0,1,3,3,0,1,1
14115,2173,La|Rh|Si,2,4,0,2,2,0,0,2,2,0,3
14116,988,B|Mg,0,0,1,4,3,2,4,3,0,1,3
14117,1103,Ce|In|Ir|Rh,0,1,0,3,4,4,0,4,4,0,3
14118,1103,Ce|In|Ir|Rh,0,1,0,3,4,4,3,4,3,1,3
14119,1103,Ce|In|Ir|Rh,0,1,0,3,4,4,2,2,4,2,4
14120,1021,B|C|Lu|Ni,0,0,0,1,3,1,1,1,3,1,0
14121,1073,C|Mg|Ni,1,2,0,4,2,4,0,3,3,0,0
14122,988,B|Mg,0,0,1,4,3,2,3,3,1,1,4
14123,988,B|Mg,0,0,1,4,3,2,1,4,4,1,0
14124,989,B|C|Mg,0,0,4,4,2,0,0,3,2,1,2
14125,989,B|C|Mg,0,0,4,4,2,0,0,2,0,2,2
14126,989,B|C|Mg,0,0,4,4,2,0,4,1,0,0,0
14127,989,B|C|Mg,0,0,4,4,2,0,2,3,0,1,4
14128,2162,Dy|Mo|S,4,0,3,2,1,4,3,1,4,2,4
14129,988,B|Mg,0,0,1,4,3,2,4,2,1,2,1
14130,1014,Zn|Zr,3,1,3,2,0,2,0,2,2,2,1
14131,1083,Al|B|Mg,4,1,2,1,0,4,1,2,4,0,1
14132,1083,Al|B|Mg,4,1,2,1,0,4,4,2,4,3,4
14133,1083,Al|B|Mg,4,1,2,1,0,4,1,3,1,4,2
14134,1083,Al|B|Mg,4,1,2,1,0,4,4,0,1,2,0
14135,1083,Al|B|Mg,4,1,2,1,0,4,3,3,2,0,3
14136,1083,Al|B|Mg,4,1,2,1,0,4,3,4,1,0,0
14137,1083,Al|B|Mg,4,1,2,1,0,4,1,4,0,4,3
14138,1083,Al|B|Mg,4,1,2,1,0,4,0,1,1,2,0
14139,2175,B|Mg|Mn,1,3,2,3,0,3,3,1,2,0,0
14140,2175,B|Mg|Mn,1,3,2,3,0,3,4,2,4,4,1
14141,2175,B|Mg|Mn,1,3,2,3,0,3,3,4,1,4,2
14142,2175,B|Mg|Mn,1,3,2,3,0,3,2,3,3,0,3
14143,2175,B|Mg|Mn,1,3,2,3,0,3,3,2,4,2,2
14144,1015,B|Zr,0,0,1,2,2,2,4,3,2,4,1
14145,988,B|Mg,0,0,1,4,3,2,1,2,0,0,0
14146,2176,B|Be,2,4,4,0,2,3,2,4,1,3,3
14147,2176,B|Be,2,4,4,0,2,3,2,3,1,4,3
14148,1007,Ce|Cu|Si,1,4,3,3,1,1,1,4,2,3,4
14149,2177,Rh|Sn|Yb,1,4,1,3,3,0,3,0,0,4,1
14150,2178,Ca|Rh|Sn,3,2,4,3,3,4,4,2,2,4,2
14151,2177,Rh|Sn|Yb,1,4,1,3,3,0,2,0,3,1,2
14152,239,C|Rb,0,3,3,1,1,3,2,4,3,2,2
14153,2158,C|K|Rb,2,0,2,4,3,0,1,2,3,0,2
14154,2179,C|Cs|K,2,3,0,4,0,1,0,0,3,0,4
14155,2158,C|K|Rb,2,0,2,4,3,0,2,2,0,4,2
14156,240,C|K,4,2,4,0,0,4,2,4,2,3,4
14157,2180,B|C|Lu|Re,1,1,4,3,1,2,1,2,0,3,1
14158,2181,B|C|Re|Y,2,1,1,4,0,1,1,0,1,4,2
14159,2182,B|C|Re|Tb,0,4,3,0,0,4,2,0,0,4,1
14160,2183,B|C|Gd|Re,4,2,2,3,3,0,4,0,0,0,3
14161,2184,C|Cs|Li,3,2,3,1,3,1,2,4,0,4,3
14162,468,C|Na|Rb,4,2,1,0,2,0,0,2,3,2,1
14163,2185,C|K|Na,2,4,0,0,2,3,2,3,4,0,4
14164,240,C|K,4,2,4,0,0,4,2,2,4,3,0
14165,240,C|K,4,2,4,0,0,4,4,0,2,1,1
14166,470,C|Cs|Na,4,4,0,2,4,4,0,1,0,1,3
14167,240,C|K,4,2,4,0,0,4,2,3,0,0,1
14168,240,C|K,4,2,4,0,0,4,0,2,3,2,3
14169,240,C|K,4,2,4,0,0,4,3,0,2,0,0
14170,470,C|Cs|Na,4,4,0,2,4,4,2,1,0,2,3
14171,470,C|Cs|Na,4,4,0,2,4,4,2,3,0,4,0
14172,470,C|Cs|Na,4,4,0,2,4,4,1,2,0,1,1
14173,470,C|Cs|Na,4,4,0,2,4,4,0,1,0,2,0
14174,2186,Ba|C|K,2,4,4,4,0,1,0,3,4,2,0
14175,2187,B|Mg|Na,4,4,3,1,3,0,3,0,4,0,2
14176,2187,B|Mg|Na,4,4,3,1,3,0,4,1,3,3,4
14177,2187,B|Mg|Na,4,4,3,1,3,0,3,1,4,2,2
14178,2187,B|Mg|Na,4,4,3,1,3,0,1,4,4,3,2
14179,2154,B|Li|Mg,4,4,3,3,4,3,4,4,1,0,4
14180,2154,B|Li|Mg,4,4,3,3,4,3,2,0,4,1,1
14181,988,B|Mg,0,0,1,4,3,2,4,0,2,0,0
14182,2154,B|Li|Mg,4,4,3,3,4,3,3,2,3,3,2
14183,2154,B|Li|Mg,4,4,3,3,4,3,2,2,4,0,2
14184,2154,B|Li|Mg,4,4,3,3,4,3,1,1,0,2,0
14185,2154,B|Li|Mg,4,4,3,3,4,3,2,0,0,0,0
14186,2154,B|Li|Mg,4,4,3,3,4,3,2,1,4,2,0
14187,761,B|C|Ni|Y,0,3,0,0,3,2,4,2,1,4,4
14188,2188,B|C|Mn|Ni|Y,2,1,0,4,0,2,3,0,3,0,0
14189,2188,B|C|Mn|Ni|Y,2,1,0,4,0,2,2,1,2,1,1
14190,2188,B|C|Mn|Ni|Y,2,1,0,4,0,2,3,2,0,3,4
14191,2188,B|C|Mn|Ni|Y,2,1,0,4,0,2,4,4,3,1,3
14192,2189,B|C|Ni|Sc,0,2,4,0,1,3,4,0,0,4,0
14193,988,B|Mg,0,0,1,4,3,2,3,0,0,4,0
14194,2189,B|C|Ni|Sc,0,2,4,0,1,3,3,3,1,4,2
14195,239,C|Rb,0,3,3,1,1,3,1,0,4,4,1
14196,368,C|N|Na,1,4,0,0,4,3,0,2,3,0,0
14197,241,C|Cs,0,2,1,0,4,2,2,3,0,3,0
14198,239,C|Rb,0,3,3,1,1,3,0,1,1,2,1
14199,239,C|Rb,0,3,3,1,1,3,0,0,2,1,1
14200,2190,C|Cs|Tl,0,1,1,3,1,4,3,2,3,2,3
14201,2191,C|Cs|Hg,2,3,2,1,0,0,0,3,0,1,0
14202,2192,Ba|Ge|Na,4,2,3,4,1,1,3,3,4,3,1
14203,2102,Cu|Ir|S|Zn,3,2,1,4,0,4,2,1,0,3,4
14204,2102,Cu|Ir|S|Zn,3,2,1,4,0,4,1,3,1,3,1
14205,2102,Cu|Ir|S|Zn,3,2,1,4,0,4,0,4,0,1,1
14206,2102,Cu|Ir|S|Zn,3,2,1,4,0,4,3,0,1,4,4
14207,2102,Cu|Ir|S|Zn,3,2,1,4,0,4,0,1,2,4,1
14208,2102,Cu|Ir|S|Zn,3,2,1,4,0,4,1,3,1,1,0
14209,2102,Cu|Ir|S|Zn,3,2,1,4,0,4,3,1,1,3,4
14210,2193,B|Mg|Ti,2,0,2,1,0,2,1,2,3,3,1
14211,2193,B|Mg|Ti,2,0,2,1,0,2,0,0,1,4,4
14212,2193,B|Mg|Ti,2,0,2,1,0,2,3,1,4,4,1
14213,2193,B|Mg|Ti,2,0,2,1,0,2,4,1,2,1,4
14214,2193,B|Mg|Ti,2,0,2,1,0,2,3,1,1,2,0
14215,2193,B|Mg|Ti,2,0,2,1,0,2,4,2,3,1,3
14216,2194,Fe,1,1,3,0,1,0,3,1,0,4,1
14217,1019,C,3,3,4,3,4,0,3,1,4,3,3
14218,2195,Br|C|H,0,4,4,1,1,2,2,3,3,4,0
14219,2196,C|Cl|H,3,2,3,3,0,4,3,4,2,1,0
14220,1019,C,3,3,4,3,4,0,2,4,2,4,3
14221,2197,As|La|Os,2,4,4,4,4,0,1,2,4,0,3
14222,1761,Mo|P,4,0,0,3,4,2,1,4,3,3,2
14223,1761,Mo|P,4,0,0,3,4,2,4,1,3,1,4
14224,1761,Mo|P,4,0,0,3,4,2,1,0,1,4,3
14225,2198,Rh|Si|Ti,1,2,2,0,1,2,3,1,0,0,2
14226,2199,Rh|Si|Zr,0,3,3,0,3,4,4,3,2,2,4
14227,2200,Hf|Rh|Si,2,0,3,3,0,3,0,2,3,3,4
14228,2201,Ru|Si|Zr,1,0,0,4,1,1,2,4,0,0,2
14229,2201,Ru|Si|Zr,1,0,0,4,1,1,2,3,3,3,4
14230,2074,P|Ru|Zr,2,0,2,0,4,0,4,4,2,0,2
14231,2202,Hf|P|Ru,1,2,2,0,1,3,4,0,0,1,2
14232,2203,Mo|Ni|P,1,1,3,2,3,1,1,1,2,1,0
14233,1211,Mo|P|Ru,2,2,3,0,0,1,2,1,1,4,4
14234,2201,Ru|Si|Zr,1,0,0,4,1,1,4,3,3,4,1
14235,2074,P|Ru|Zr,2,0,2,0,4,0,2,2,2,1,2
14236,2199,Rh|Si|Zr,0,3,3,0,3,4,3,3,0,0,3
14237,1297,Ce|Co|In|Rh,4,4,2,3,0,1,2,3,4,1,1
14238,1297,Ce|Co|In|Rh,4,4,2,3,0,1,0,0,1,2,3
14239,1297,Ce|Co|In|Rh,4,4,2,3,0,1,1,4,1,4,0
14240,1543,Ce|Co,3,2,3,1,2,2,3,4,2,3,0
14241,1543,Ce|Co,3,2,3,1,2,2,3,3,4,3,0
14242,1543,Ce|Co,3,2,3,1,2,2,1,4,1,2,1
14243,1543,Ce|Co,3,2,3,1,2,2,3,4,4,3,3
14244,1003,Ce|In|Rh,1,0,3,1,4,1,4,4,4,0,2
14245,2155,Ce|In,3,2,3,3,1,2,2,4,0,4,3
14246,1302,B|C|Dy|Ni,0,2,3,0,4,0,1,0,3,2,4
14247,2081,B|C|Dy|Ho|Ni,0,4,3,1,4,3,4,0,1,0,0
14248,2081,B|C|Dy|Ho|Ni,0,4,3,1,4,3,1,2,2,2,3
14249,2063,B|C|Ho|Ni,4,1,3,1,4,2,0,1,0,2,1
14250,2204,Co|Mg|Ni,3,0,2,1,4,0,1,3,1,3,2
14251,2204,Co|Mg|Ni,3,0,2,1,4,0,1,4,3,4,3
14252,2204,Co|Mg|Ni,3,0,2,1,4,0,2,1,4,0,0
14253,2205,Gd|Mo|Se,4,0,4,3,0,1,2,3,0,4,4
14254,2061,B|C|Ni|Tm,2,3,3,3,4,1,4,4,2,1,4
14255,2206,In|S|V,1,3,1,0,3,1,1,0,4,3,0
14256,2207,S|Tl|V,2,2,0,4,2,2,4,3,1,1,4
14257,2208,K|S|V,2,0,1,1,1,4,3,0,4,2,4
14258,2209,Rb|S|V,4,3,1,0,4,0,2,2,2,1,1
14259,2210,Cs|S|V,4,0,4,4,1,0,4,3,4,0,3
14260,2211,S|V,3,0,0,3,3,3,4,4,1,2,3
14261,2207,S|Tl|V,2,2,0,4,2,2,0,4,4,4,0
14262,2207,S|Tl|V,2,2,0,4,2,2,1,0,0,2,1
14263,2206,In|S|V,1,3,1,0,3,1,2,3,0,3,1
14264,1073,C|Mg|Ni,1,2,0,4,2,4,3,1,3,0,4
14265,1073,C|Mg|Ni,1,2,0,4,2,4,1,4,2,2,4
14266,1073,C|Mg|Ni,1,2,0,4,2,4,1,4,0,3,2
14267,2206,In|S|V,1,3,1,0,3,1,1,4,4,3,2
14268,1003,Ce|In|Rh,1,0,3,1,4,1,1,4,0,1,4
14269,989,B|C|Mg,0,0,4,4,2,0,4,2,1,4,2
14270,759,Ce|Co|In,3,3,3,2,1,0,2,0,2,2,1
14271,106,Li|Mo|O,4,2,3,4,1,3,1,3,0,4,4
14272,2212,Ba|Nb|Se,4,2,3,2,1,2,4,1,4,2,2
14273,2213,Ag|Pd|S,0,2,2,4,4,0,4,3,3,1,3
14274,2214,Ag|Se|Sn,1,4,4,4,1,1,4,1,2,3,1
14275,2214,Ag|Se|Sn,1,4,4,4,1,1,3,3,2,3,3
14276,2214,Ag|Se|Sn,1,4,4,4,1,1,0,3,0,4,3
14277,2214,Ag|Se|Sn,1,4,4,4,1,1,1,0,4,3,2
14278,2214,Ag|Se|Sn,1,4,4,4,1,1,1,2,3,4,1
14279,2215,Ag|S|Se|Sn,3,3,1,0,3,2,1,2,3,1,0
14280,2215,Ag|S|Se|Sn,3,3,1,0,3,2,0,0,2,3,2
14281,2216,B|Mg|Zr,2,0,4,1,2,3,4,3,0,2,2
14282,2216,B|Mg|Zr,2,0,4,1,2,3,3,3,3,3,2
14283,886,Na|O|V,2,1,4,1,3,1,0,0,0,3,3
14284,2217,C|S,0,4,3,1,3,1,1,1,4,3,3
14285,988,B|Mg,0,0,1,4,3,2,2,4,1,1,3
14286,1083,Al|B|Mg,4,1,2,1,0,4,4,0,2,1,3
14287,1083,Al|B|Mg,4,1,2,1,0,4,1,0,0,1,4
14288,1083,Al|B|Mg,4,1,2,1,0,4,1,3,4,2,3
14289,1083,Al|B|Mg,4,1,2,1,0,4,4,4,0,0,3
14290,1083,Al|B|Mg,4,1,2,1,0,4,1,1,2,2,3
14291,1083,Al|B|Mg,4,1,2,1,0,4,4,3,4,1,3
14292,1083,Al|B|Mg,4,1,2,1,0,4,0,4,0,2,1
14293,1083,Al|B|Mg,4,1,2,1,0,4,4,2,4,1,0
14294,1083,Al|B|Mg,4,1,2,1,0,4,2,4,1,2,2
14295,1083,Al|B|Mg,4,1,2,1,0,4,3,4,4,2,1
14296,2056,B|C|La|Pt,0,3,1,4,3,1,1,2,2,0,1
14297,1156,B|C|Pr|Pt,4,3,1,2,0,4,4,1,3,0,1
14298,2218,B|C|La|Nd|Pt,1,2,4,3,1,3,2,1,3,4,3
14299,2219,B|C|La|Pr|Pt,3,1,4,3,4,4,4,3,3,3,0
14300,2220,Ba|Ga|Ge,3,3,3,3,4,0,3,2,2,2,4
14301,2221,Ba|Sb|Sn,1,4,4,3,3,1,2,3,3,4,0
14302,2222,Sb|Sn|Sr,0,4,4,3,3,0,2,2,3,3,2
14303,2223,Cl|Hf|Li|N,4,3,0,1,0,1,3,0,1,4,0
14304,2224,Cl|Hf|Li|N|Zr,0,2,4,0,4,2,0,2,0,1,2
14305,2224,Cl|Hf|Li|N|Zr,0,2,4,0,4,2,2,4,2,4,0
14306,2224,Cl|Hf|Li|N|Zr,0,2,4,0,4,2,4,4,0,4,1
14307,1150,Cl|Li|N|Zr,2,2,4,2,2,4,3,2,2,1,1
14308,2225,Br|Cl|Li|N|Zr,0,2,1,3,0,4,2,1,0,3,0
14309,2225,Br|Cl|Li|N|Zr,0,2,1,3,0,4,2,3,4,3,2
14310,2225,Br|Cl|Li|N|Zr,0,2,1,3,0,4,0,0,3,3,1
14311,2226,Br|Li|N|Zr,4,3,1,3,1,0,2,1,1,4,4
14312,2227,Br|Cl|Hf|Li|N,0,3,3,2,3,1,4,3,2,2,4
14313,2227,Br|Cl|Hf|Li|N,0,3,3,2,3,1,1,4,1,3,0
14314,2228,Br|Hf|Li|N|Zr,1,3,3,2,2,3,4,2,4,4,4
14315,2228,Br|Hf|Li|N|Zr,1,3,3,2,2,3,1,2,2,1,3
14316,2229,Br|Hf|Li|N,3,0,1,0,3,3,3,2,4,3,0
14317,2230,Hf|I|Li|N,2,2,4,3,2,4,4,2,0,2,3
14318,2231,I|Li|N|Zr,3,0,1,2,4,3,1,1,4,1,1
14319,2232,Cl|Hf|N|Na,4,1,3,4,4,1,1,1,4,4,0
14320,470,C|Cs|Na,4,4,0,2,4,4,3,3,3,3,2
14321,2233,B|C|Ni|Pr|Y,0,2,3,0,1,4,1,2,4,1,0
14322,2233,B|C|Ni|Pr|Y,0,2,3,0,1,4,0,1,2,2,2
14323,2233,B|C|Ni|Pr|Y,0,2,3,0,1,4,0,1,1,0,2
14324,2233,B|C|Ni|Pr|Y,0,2,3,0,1,4,4,4,0,2,0
14325,988,B|Mg,0,0,1,4,3,2,4,3,1,3,1
14326,2234,B|Co|Mg,0,0,0,0,1,2,0,1,1,3,1
14327,2234,B|Co|Mg,0,0,0,0,1,2,2,4,2,4,1
14328,2234,B|Co|Mg,0,0,0,0,1,2,1,0,1,3,3
14329,2234,B|Co|Mg,0,0,0,0,1,2,0,1,4,3,4
14330,2235,B|Mg|Sn,0,2,3,4,2,3,2,3,1,0,3
14331,1110,B|Fe|Mg,1,1,4,3,2,0,2,1,1,4,0
14332,1110,B|Fe|Mg,1,1,4,3,2,0,0,4,3,0,0
14333,1110,B|Fe|Mg,1,1,4,3,2,0,1,2,4,2,4
14334,948,O|Rb|W,1,3,2,0,2,0,1,2,0,0,1
14335,948,O|Rb|W,1,3,2,0,2,0,4,3,1,2,4
14336,1001,Ce|Rh|Si,0,2,1,4,2,3,3,0,0,3,2
14337,2236,B|C|Dy|Ni|Y,1,3,1,2,1,3,4,1,1,4,4
14338,2236,B|C|Dy|Ni|Y,1,3,1,2,1,3,1,3,4,0,4
14339,2236,B|C|Dy|Ni|Y,1,3,1,2,1,3,3,4,2,0,3
14340,2236,B|C|Dy|Ni|Y,1,3,1,2,1,3,2,4,4,3,3
14341,2204,Co|Mg|Ni,3,0,2,1,4,0,2,4,4,3,1
14342,1581,Cs|O|W,3,0,4,0,3,1,0,2,4,1,1
14343,2237,C|Nb|S,0,4,3,4,3,1,4,4,3,1,0
14344,2237,C|Nb|S,0,4,3,4,3,1,2,4,1,0,2
14345,2237,C|Nb|S,0,4,3,4,3,1,3,2,3,1,2
14346,2238,C|Cu|Nb|S,4,2,2,0,2,2,0,3,0,2,4
14347,2237,C|Nb|S,0,4,3,4,3,1,2,0,1,2,1
14348,2159,B|Be|Mg,3,4,1,3,2,0,0,0,3,1,2
14349,2159,B|Be|Mg,3,4,1,3,2,0,0,2,2,0,0
14350,2159,B|Be|Mg,3,4,1,3,2,0,0,0,4,1,4
14351,2159,B|Be|Mg,3,4,1,3,2,0,1,4,3,2,1
14352,1083,Al|B|Mg,4,1,2,1,0,4,1,0,1,1,4
14353,2239,Ga|La|Sb,3,1,3,4,2,1,1,0,3,0,1
14354,2240,Be,2,2,0,2,3,2,0,3,0,0,4
14355,2241,O|P|W,2,1,2,1,1,2,3,2,4,3,1
14356,1003,Ce|In|Rh,1,0,3,1,4,1,3,4,0,0,3
14357,948,O|Rb|W,1,3,2,0,2,0,1,1,2,2,1
14358,2242,Ge|Pt|Y,1,2,2,1,0,3,1,0,1,1,2
14359,2243,Ge|Pd|Y,4,3,1,4,3,0,4,4,1,1,3
14360,2116,Cd|Mo|Se,4,3,3,3,2,1,1,3,2,3,4
14361,2118,Mo|Pb|Se,2,2,2,3,2,0,2,3,4,2,2
14362,2244,Ba|K|Si,1,1,4,1,2,0,1,3,4,3,1
14363,2245,Ba|Sn,4,2,0,0,2,4,3,1,2,2,2
14364,1000,Nb|Se,0,2,1,4,0,2,2,3,0,1,1
14365,2246,Eu|Mo|S,3,0,2,0,1,4,0,0,0,4,1
14366,2247,Mo|Se|Tl,4,4,4,1,1,4,1,1,4,3,2
14367,1187,Ir|Lu|Si,1,1,4,1,1,2,1,3,2,1,3
14368,1039,Ir|Sc|Si,3,2,0,3,4,0,4,2,3,3,4
14369,2248,Ir|Si|Tm,2,2,1,0,4,3,2,4,1,1,4
14370,2249,Lu|Rh|Si,0,2,2,3,3,2,3,1,3,4,3
14371,1187,Ir|Lu|Si,1,1,4,1,1,2,1,1,2,2,0
14372,2250,C|Ir|Lu|Si,1,1,2,3,0,1,0,0,4,0,4
14373,2251,Ir|Lu|Sc|Si,0,4,4,0,1,4,4,4,0,4,1
14374,2251,Ir|Lu|Sc|Si,0,4,4,0,1,4,0,4,3,3,2
14375,2251,Ir|Lu|Sc|Si,0,4,4,0,1,4,3,4,4,0,1
14376,2251,Ir|Lu|Sc|Si,0,4,4,0,1,4,0,0,1,4,0
14377,2251,Ir|Lu|Sc|Si,0,4,4,0,1,4,0,4,0,1,3
14378,2251,Ir|Lu|Sc|Si,0,4,4,0,1,4,2,1,0,4,2
14379,2251,Ir|Lu|Sc|Si,0,4,4,0,1,4,1,3,0,4,2
14380,2252,Ir|Lu|Si|Y,0,0,1,0,0,1,3,3,1,2,1
14381,2253,Ir|Lu|Si|Tm,4,3,2,1,3,1,1,1,3,0,3
14382,761,B|C|Ni|Y,0,3,0,0,3,2,2,0,0,3,3
14383,2254,B|Rh|Y,4,2,4,2,3,2,3,3,1,1,2
14384,2255,B|Nd|Rh,0,2,3,4,4,3,2,1,4,3,4
14385,2256,B|Rh|Sm,1,3,2,3,2,3,2,1,3,4,2
14386,2257,B|Er|Rh,1,4,4,1,0,2,4,0,2,2,1
14387,2258,B|Rh|Tm,4,2,4,4,2,4,4,0,0,1,1
14388,2259,B|Lu|Rh,2,0,2,4,2,2,1,1,0,4,4
14389,2260,B|Ho|Ir,3,4,4,2,4,0,4,3,0,4,0
14390,2261,B|Er|Ir,3,4,4,2,0,2,0,0,3,1,4
14391,2262,B|Ir|Tm,2,0,3,2,3,3,2,2,3,3,0
14392,2263,B|Ru|Sc,1,2,2,0,1,0,0,4,1,2,3
14393,2264,B|Ru|Y,0,3,2,4,2,4,4,1,4,1,3
14394,2265,B|Lu|Ru,0,1,4,4,3,1,1,3,2,1,1
14395,2266,B|Ho|Rh,2,2,3,4,4,3,4,3,1,2,3
14396,2257,B|Er|Rh,1,4,4,1,0,2,4,1,1,3,0
14397,2258,B|Rh|Tm,4,2,4,4,2,4,1,4,1,0,0
14398,2259,B|Lu|Rh,2,0,2,4,2,2,4,2,2,1,2
14399,2264,B|Ru|Y,0,3,2,4,2,4,0,0,1,3,3
14400,2265,B|Lu|Ru,0,1,4,4,3,1,3,1,1,4,1
14401,2267,B|Os|Sc,1,2,4,3,1,2,3,0,0,3,3
14402,2268,B|Os|Y,3,0,2,4,4,3,4,1,4,1,2
14403,2269,B|Lu|Os,2,4,4,2,1,0,1,1,3,4,2
14404,2269,B|Lu|Os,2,4,4,2,1,0,3,2,3,3,4
14405,2270,B|La|Rh,0,1,0,1,0,2,1,3,1,0,0
14406,2271,B|La|Rh|Y,0,1,0,1,4,0,3,1,4,3,1
14407,2272,B|Ir|La,4,3,3,4,0,0,0,4,0,1,3
14408,2273,P|Ru|Ti,3,3,0,3,4,1,2,4,0,0,0
14409,2074,P|Ru|Zr,2,0,2,0,4,0,3,0,2,1,2
14410,2202,Hf|P|Ru,1,2,2,0,1,3,0,0,0,3,1
14411,2274,Os|P|Zr,3,4,1,2,4,2,4,1,0,2,4
14412,2275,Hf|Os|P,2,1,3,3,1,0,3,0,0,3,2
14413,2276,Ru|Si|Y,1,3,0,3,1,2,0,3,3,4,4
14414,2277,La|Ru|Si,0,2,4,0,0,2,2,0,0,1,2
14415,2278,B|Ba|Pt,1,3,4,0,2,0,1,1,4,4,4
14416,2279,B|Pt|Sr,2,0,1,3,0,1,0,0,1,4,0
14417,2280,B|Ca|Pt,4,4,3,2,0,4,0,2,1,1,0
14418,2178,Ca|Rh|Sn,3,2,4,3,3,4,1,2,1,1,3
14419,2177,Rh|Sn|Yb,1,4,1,3,3,0,3,3,2,2,1
14420,2281,La|Ru|Sn,0,2,0,4,2,2,4,4,4,4,3
14421,2282,Ge|Ru|Y,1,4,0,4,4,2,1,4,0,2,2
14422,2283,Ge|Lu|Ru,0,3,4,1,1,4,0,4,4,2,0
14423,1042,Ge|Os|Y,0,0,4,3,0,1,3,1,4,0,3
14424,2284,Ge|Lu|Os,2,2,0,2,2,1,4,0,0,0,3
14425,1252,Er|Rh|Sn,0,2,2,2,4,1,1,1,2,3,2
14426,1254,Lu|Rh|Sn,4,1,4,0,4,4,2,0,3,0,2
14427,1251,Rh|Sn|Y,4,4,4,3,2,4,3,3,1,3,0
14428,2111,Fe|Si|Tm,3,2,1,4,4,1,4,2,2,2,4
14429,2285,Re|Si|Y,1,1,2,3,2,1,2,2,2,2,2
14430,2103,Co|Sc|Si,3,1,4,4,2,1,1,1,4,2,3
14431,2286,Rh|Sc|Si,0,3,1,4,2,0,2,0,0,4,1
14432,1039,Ir|Sc|Si,3,2,0,3,4,0,1,1,2,2,1
14433,2287,Ir|Si|Y,4,0,3,2,1,0,3,0,0,0,1
14434,1187,Ir|Lu|Si,1,1,4,1,1,2,0,2,0,1,1
14435,2287,Ir|Si|Y,4,0,3,2,1,0,1,0,0,0,4
14436,1042,Ge|Os|Y,0,0,4,3,0,1,0,1,2,2,4
14437,1400,Au|Ga|Pd,3,4,3,2,1,0,3,4,3,2,0
14438,1400,Au|Ga|Pd,3,4,3,2,1,0,0,1,0,1,3
14439,1400,Au|Ga|Pd,3,4,3,2,1,0,0,2,2,2,3
14440,1387,Au|Ga,2,1,0,0,0,2,4,2,0,0,2
14441,1387,Au|Ga,2,1,0,0,0,2,0,0,1,3,1
14442,1387,Au|Ga,2,1,0,0,0,2,1,3,4,0,0
14443,1387,Au|Ga,2,1,0,0,0,2,3,3,4,2,4
14444,1387,Au|Ga,2,1,0,0,0,2,1,1,2,2,3
14445,1387,Au|Ga,2,1,0,0,0,2,4,1,4,1,4
14446,1387,Au|Ga,2,1,0,0,0,2,1,1,0,3,1
14447,1387,Au|Ga,2,1,0,0,0,2,4,2,3,1,1
14448,2288,B|Ir|Lu|Y,4,0,4,2,4,4,1,4,3,1,4
14449,2288,B|Ir|Lu|Y,4,0,4,2,4,4,1,2,0,0,3
14450,2288,B|Ir|Lu|Y,4,0,4,2,4,4,3,4,0,0,0
14451,2288,B|Ir|Lu|Y,4,0,4,2,4,4,2,4,4,0,1
14452,2288,B|Ir|Lu|Y,4,0,4,2,4,4,1,3,4,2,0
14453,2289,B|Ho|Ir|Rh,0,2,2,0,4,4,3,2,4,2,4
14454,2290,B|Er|Ir|Rh,1,3,1,4,3,4,3,4,2,2,2
14455,2291,B|Ir|Rh|Tm,1,2,1,4,0,3,0,2,1,0,1
14456,2292,B|Ir|Lu|Rh,0,4,0,1,2,3,0,1,4,2,4
14457,2293,B|Ir|Rh|Sc|Y,4,3,0,4,4,1,3,3,1,0,4
14458,2293,B|Ir|Rh|Sc|Y,4,3,0,4,4,1,0,0,1,2,3
14459,2293,B|Ir|Rh|Sc|Y,4,3,0,4,4,1,1,2,4,0,3
14460,2293,B|Ir|Rh|Sc|Y,4,3,0,4,4,1,3,1,3,2,1
14461,2293,B|Ir|Rh|Sc|Y,4,3,0,4,4,1,0,3,3,2,2
14462,2294,B|Dy|Ir|Rh,4,2,0,2,3,2,0,2,0,3,0
14463,2289,B|Ho|Ir|Rh,0,2,2,0,4,4,0,4,2,0,2
14464,2290,B|Er|Ir|Rh,1,3,1,4,3,4,1,3,0,4,4
14465,2291,B|Ir|Rh|Tm,1,2,1,4,0,3,0,3,2,3,2
14466,2292,B|Ir|Lu|Rh,0,4,0,1,2,3,2,4,4,1,2
14467,2295,B|Ir|Rh|Y,0,2,0,1,2,1,4,2,3,1,2
14468,2296,Os|Sn|Tb,4,4,0,0,2,0,1,0,3,2,1
14469,2297,Ho|Os|Sn,4,2,2,0,0,1,2,1,0,2,3
14470,2298,Er|Os|Sn,4,4,0,2,0,3,4,4,3,3,0
14471,1760,Mo|Pb|S,4,0,2,0,3,4,4,4,3,4,2
14472,1767,Mo|Pb|S|Se,1,0,1,0,2,4,0,3,2,4,0
14473,1767,Mo|Pb|S|Se,1,0,1,0,2,4,4,2,1,3,2
14474,1767,Mo|Pb|S|Se,1,0,1,0,2,4,1,4,1,4,2
14475,1767,Mo|Pb|S|Se,1,0,1,0,2,4,3,3,3,0,1
14476,1767,Mo|Pb|S|Se,1,0,1,0,2,4,2,3,2,3,4
14477,1767,Mo|Pb|S|Se,1,0,1,0,2,4,3,2,3,4,3
14478,1767,Mo|Pb|S|Se,1,0,1,0,2,4,2,3,2,0,0
14479,1767,Mo|Pb|S|Se,1,0,1,0,2,4,4,3,3,2,4
14480,1767,Mo|Pb|S|Se,1,0,1,0,2,4,1,0,4,4,4
14481,2118,Mo|Pb|Se,2,2,2,3,2,0,1,2,2,3,3
14482,2299,Mo|Pb|Se|Yb,2,2,0,0,2,2,2,4,2,3,4
14483,2299,Mo|Pb|Se|Yb,2,2,0,0,2,2,2,3,0,0,0
14484,2299,Mo|Pb|Se|Yb,2,2,0,0,2,2,2,4,0,2,4
14485,2299,Mo|Pb|Se|Yb,2,2,0,0,2,2,3,3,0,4,2
14486,2299,Mo|Pb|Se|Yb,2,2,0,0,2,2,1,4,0,4,1
14487,2299,Mo|Pb|Se|Yb,2,2,0,0,2,2,1,0,0,4,2
14488,2299,Mo|Pb|Se|Yb,2,2,0,0,2,2,0,1,2,4,1
14489,2299,Mo|Pb|Se|Yb,2,2,0,0,2,2,4,1,2,4,1
14490,2299,Mo|Pb|Se|Yb,2,2,0,0,2,2,0,3,4,4,1
14491,2300,Mo|Se|Yb,3,0,2,3,3,0,2,2,1,0,3
14492,1092,Mo|Se,4,3,3,0,1,4,3,2,0,2,1
14493,1775,Mo|S|Se,0,1,3,2,3,3,1,1,0,0,3
14494,1775,Mo|S|Se,0,1,3,2,3,3,4,4,2,1,0
14495,1775,Mo|S|Se,0,1,3,2,3,3,4,1,0,0,0
14496,1775,Mo|S|Se,0,1,3,2,3,3,4,1,1,0,1
14497,1775,Mo|S|Se,0,1,3,2,3,3,2,2,2,2,3
14498,1258,Mo|Se|Te,1,2,4,4,2,4,4,0,4,1,0
14499,1258,Mo|Se|Te,1,2,4,4,2,4,0,3,0,4,0
14500,1258,Mo|Se|Te,1,2,4,4,2,4,3,2,3,0,1
14501,1258,Mo|Se|Te,1,2,4,4,2,4,3,2,4,3,4
14502,1258,Mo|Se|Te,1,2,4,4,2,4,1,4,3,3,3
14503,2301,Cl|Mo|Se,0,3,1,4,4,0,3,2,0,2,3
14504,2301,Cl|Mo|Se,0,3,1,4,4,0,4,4,1,2,3
14505,2301,Cl|Mo|Se,0,3,1,4,4,0,4,2,1,0,1
14506,2301,Cl|Mo|Se,0,3,1,4,4,0,3,1,3,4,4
14507,2302,Mo|Ru|Se,1,3,4,4,3,2,1,0,3,4,0
14508,2302,Mo|Ru|Se,1,3,4,4,3,2,4,4,0,4,3
14509,2302,Mo|Ru|Se,1,3,4,4,3,2,2,4,0,0,2
14510,2302,Mo|Ru|Se,1,3,4,4,3,2,1,4,2,4,0
14511,1092,Mo|Se,4,3,3,0,1,4,3,3,3,1,0
14512,2089,La|Mo|Se,2,4,3,3,3,0,0,1,2,4,1
14513,2089,La|Mo|Se,2,4,3,3,3,0,1,3,2,0,3
14514,2120,La|Mo|S,0,4,3,3,1,1,2,2,0,4,3
14515,1584,Cu|Mo|S,1,3,0,4,0,3,2,0,2,3,1
14516,1584,Cu|Mo|S,1,3,0,4,0,3,2,3,4,4,4
14517,1774,Mo|S|Sn,3,0,4,4,0,3,2,3,2,3,4
14518,1774,Mo|S|Sn,3,0,4,4,0,3,3,2,0,2,4
14519,1760,Mo|Pb|S,4,0,2,0,3,4,3,0,4,1,2
14520,1760,Mo|Pb|S,4,0,2,0,3,4,0,4,4,4,4
14521,1760,Mo|Pb|S,4,0,2,0,3,4,3,1,4,0,1
14522,2303,Er|Ir|Lu|Si,4,3,1,1,0,1,3,1,2,1,2
14523,2304,Ho|Ir|Lu|Si,2,4,3,3,4,0,3,2,4,1,3
14524,2305,Dy|Ir|Lu|Si,1,0,3,3,1,1,1,3,2,0,0
14525,2306,Ir|Lu|Rh|Si,1,0,0,1,4,2,0,4,0,4,0
14526,2306,Ir|Lu|Rh|Si,1,0,0,1,4,2,1,1,0,0,0
14527,2307,Co|Ir|Lu|Si,0,2,0,2,0,0,0,1,4,0,2
14528,2251,Ir|Lu|Sc|Si,0,4,4,0,1,4,0,1,2,3,3
14529,2251,Ir|Lu|Sc|Si,0,4,4,0,1,4,0,0,1,0,3
14530,2251,Ir|Lu|Sc|Si,0,4,4,0,1,4,0,1,3,4,0
14531,1039,Ir|Sc|Si,3,2,0,3,4,0,1,2,4,1,1
14532,2249,Lu|Rh|Si,0,2,2,3,3,2,1,0,3,0,0
14533,1187,Ir|Lu|Si,1,1,4,1,1,2,1,2,1,3,3
14534,2251,Ir|Lu|Sc|Si,0,4,4,0,1,4,0,3,1,3,0
14535,2306,Ir|Lu|Rh|Si,1,0,0,1,4,2,3,4,0,3,0
14536,1007,Ce|Cu|Si,1,4,3,3,1,1,4,1,1,0,1
14537,1007,Ce|Cu|Si,1,4,3,3,1,1,0,4,4,2,4
14538,1088,Ce|Cu|Ge|Si,0,2,4,2,1,4,0,4,4,2,1
14539,1088,Ce|Cu|Ge|Si,0,2,4,2,1,4,4,2,4,3,1
14540,1088,Ce|Cu|Ge|Si,0,2,4,2,1,4,3,4,1,3,1
14541,1088,Ce|Cu|Ge|Si,0,2,4,2,1,4,4,2,0,4,4
14542,1088,Ce|Cu|Ge|Si,0,2,4,2,1,4,3,4,3,4,4
14543,988,B|Mg,0,0,1,4,3,2,2,4,0,4,3
14544,1029,Br|C|Y,3,2,3,4,3,1,4,0,3,1,4
14545,2308,Cu|I|Y,4,1,0,4,4,1,1,1,1,1,2
14546,2309,Cu|Mg|Ni,3,3,4,3,3,2,3,4,0,1,3
14547,1093,Hf|V,2,0,2,4,1,3,3,0,4,3,3
14548,2310,Hf|V|Y,0,1,2,3,1,3,3,3,4,4,0
14549,2310,Hf|V|Y,0,1,2,3,1,3,3,3,2,0,4
14550,2311,Hf|Ti|V,3,3,4,1,1,3,4,0,0,2,1
14551,2311,Hf|Ti|V,3,3,4,1,1,3,1,1,2,0,4
14552,1652,Hf|Nb|V,2,1,2,3,0,1,4,4,0,4,4
14553,1652,Hf|Nb|V,2,1,2,3,0,1,2,4,0,0,2
14554,2312,Hf|Ta|V,4,1,2,1,2,4,2,3,2,2,2
14555,2312,Hf|Ta|V,4,1,2,1,2,4,2,0,1,2,0
14556,1028,C|I|Y,4,4,0,1,1,1,4,3,3,4,0
14557,1030,Br|C|I|Y,4,2,0,4,3,4,2,1,1,4,1
14558,1030,Br|C|I|Y,4,2,0,4,3,4,2,3,0,4,3
14559,1030,Br|C|I|Y,4,2,0,4,3,4,1,0,3,2,0
14560,1030,Br|C|I|Y,4,2,0,4,3,4,2,2,4,1,4
14561,1030,Br|C|I|Y,4,2,0,4,3,4,4,1,0,0,2
14562,1030,Br|C|I|Y,4,2,0,4,3,4,1,2,2,1,4
14563,1030,Br|C|I|Y,4,2,0,4,3,4,1,1,1,2,3
14564,1030,Br|C|I|Y,4,2,0,4,3,4,4,1,4,3,4
14565,1030,Br|C|I|Y,4,2,0,4,3,4,1,4,1,2,4
14566,1030,Br|C|I|Y,4,2,0,4,3,4,3,0,2,0,0
14567,1030,Br|C|I|Y,4,2,0,4,3,4,3,0,2,0,4
14568,1030,Br|C|I|Y,4,2,0,4,3,4,2,4,4,2,1
14569,1030,Br|C|I|Y,4,2,0,4,3,4,2,2,1,0,3
14570,2313,C|Cl|I|Y,2,3,0,0,1,1,3,0,0,3,2
14571,2313,C|Cl|I|Y,2,3,0,0,1,1,0,2,3,2,2
14572,2314,Br|C|Cl|Y,2,2,3,1,0,4,0,4,2,0,2
14573,2314,Br|C|Cl|Y,2,2,3,1,0,4,2,3,2,0,0
14574,2314,Br|C|Cl|Y,2,2,3,1,0,4,0,4,2,1,0
14575,2314,Br|C|Cl|Y,2,2,3,1,0,4,3,2,3,3,4
14576,2314,Br|C|Cl|Y,2,2,3,1,0,4,2,1,1,1,0
14577,2314,Br|C|Cl|Y,2,2,3,1,0,4,0,3,1,4,0
14578,2314,Br|C|Cl|Y,2,2,3,1,0,4,4,0,4,1,0
14579,2315,C|Cl|Y,1,0,1,3,2,2,3,3,4,3,1
14580,759,Ce|Co|In,3,3,3,2,1,0,3,2,0,4,0
14581,759,Ce|Co|In,3,3,3,2,1,0,2,2,0,4,1
14582,758,Ce|In|Ir,1,1,2,1,3,2,0,0,2,1,2
14583,1103,Ce|In|Ir|Rh,0,1,0,3,4,4,2,2,3,4,2
14584,2316,Ce|Co|In|Ir,2,2,1,1,3,4,3,2,4,3,0
14585,1103,Ce|In|Ir|Rh,0,1,0,3,4,4,0,4,0,1,1
14586,1297,Ce|Co|In|Rh,4,4,2,3,0,1,4,3,2,1,1
14587,2176,B|Be,2,4,4,0,2,3,1,2,2,3,1
14588,1001,Ce|Rh|Si,0,2,1,4,2,3,4,0,0,1,0
14589,1089,Ce|Pd|Si,4,3,1,0,0,2,2,1,2,1,2
14590,988,B|Mg,0,0,1,4,3,2,4,1,0,3,3
14591,2317,O|Sr|Ti|Zr,0,3,1,4,1,4,4,0,2,0,1
14592,982,Ga,0,0,2,1,2,3,0,2,1,4,3
14593,1187,Ir|Lu|Si,1,1,4,1,1,2,4,2,1,3,3
14594,2257,B|Er|Rh,1,4,4,1,0,2,3,0,2,0,3
14595,2259,B|Lu|Rh,2,0,2,4,2,2,1,3,3,3,3
14596,2318,Er|Pd|Sn,1,3,2,3,3,0,2,2,0,4,3
14597,1163,Er|Pd|Sn|Y,2,4,1,3,2,2,2,2,3,2,3
14598,1163,Er|Pd|Sn|Y,2,4,1,3,2,2,4,2,1,1,2
14599,1163,Er|Pd|Sn|Y,2,4,1,3,2,2,3,0,4,4,3
14600,1163,Er|Pd|Sn|Y,2,4,1,3,2,2,2,1,2,0,3
14601,1163,Er|Pd|Sn|Y,2,4,1,3,2,2,2,3,2,2,1
14602,1163,Er|Pd|Sn|Y,2,4,1,3,2,2,1,0,4,0,0
14603,1159,Pd|Sn|Y,4,4,1,1,4,3,4,3,2,1,3
14604,1712,Ir|Si|Zr,1,1,4,1,4,4,0,3,4,2,4
14605,2319,Hf|Ir|Si,4,1,3,1,2,2,2,1,1,1,2
14606,2320,Os|Si|Zr,3,3,2,1,3,4,4,0,3,4,2
14607,1222,Mo|Re,3,1,3,3,1,1,3,1,0,3,1
14608,1222,Mo|Re,3,1,3,3,1,1,4,3,0,3,3
14609,1222,Mo|Re,3,1,3,3,1,1,4,4,1,4,1
14610,1222,Mo|Re,3,1,3,3,1,1,1,3,4,2,1
14611,1222,Mo|Re,3,1,3,3,1,1,2,1,3,2,4
14612,1222,Mo|Re,3,1,3,3,1,1,1,4,2,1,0
14613,2321,Ca|Ga|Si,3,2,4,2,4,2,4,4,4,1,0
14614,2321,Ca|Ga|Si,3,2,4,2,4,2,2,4,4,0,3
14615,2174,Ga|Si|Sr,2,0,0,3,0,1,3,0,4,2,2
14616,1191,Ba|Ga|Si,4,2,4,3,4,2,4,1,0,3,0
14617,2322,Ga|La|Ni,0,4,0,3,4,4,3,3,0,0,1
14618,2323,B|Ho|Rh|Ru,0,0,1,0,4,0,1,4,4,0,0
14619,2323,B|Ho|Rh|Ru,0,0,1,0,4,0,3,2,4,3,4
14620,2323,B|Ho|Rh|Ru,0,0,1,0,4,0,4,0,3,3,0
14621,2323,B|Ho|Rh|Ru,0,0,1,0,4,0,4,2,2,3,3
14622,2323,B|Ho|Rh|Ru,0,0,1,0,4,0,4,3,0,4,2
14623,2323,B|Ho|Rh|Ru,0,0,1,0,4,0,1,1,4,1,3
14624,988,B|Mg,0,0,1,4,3,2,3,2,0,1,4
14625,2324,Al|Fe|Yb,4,1,3,0,3,1,1,4,2,1,0
14626,1772,Mo|Sb,2,1,1,2,2,0,4,2,0,1,0
14627,2216,B|Mg|Zr,2,0,4,1,2,3,4,3,0,0,2
14628,2325,C|Ir|O,1,3,0,1,1,3,0,0,1,1,0
14629,2326,Br,4,2,4,1,3,3,0,0,2,0,3
14630,2327,S,1,0,4,2,3,3,4,0,0,3,1
14631,2328,O,3,2,0,1,2,0,4,0,0,0,0
14632,2150,C|H|N|Na|Rb,0,4,0,3,1,0,4,0,1,4,0
14633,2150,C|H|N|Na|Rb,0,4,0,3,1,0,4,1,3,4,1
14634,988,B|Mg,0,0,1,4,3,2,3,3,2,4,3
14635,1143,Ga|V,4,3,1,2,4,1,3,2,0,1,1
14636,2174,Ga|Si|Sr,2,0,0,3,0,1,1,2,0,4,1
14637,2174,Ga|Si|Sr,2,0,0,3,0,1,2,0,4,0,0
14638,2174,Ga|Si|Sr,2,0,0,3,0,1,0,0,1,4,1
14639,2174,Ga|Si|Sr,2,0,0,3,0,1,4,0,1,3,0
14640,2174,Ga|Si|Sr,2,0,0,3,0,1,4,4,2,3,1
14641,2174,Ga|Si|Sr,2,0,0,3,0,1,0,0,3,4,0
14642,2174,Ga|Si|Sr,2,0,0,3,0,1,1,1,2,1,2
14643,2174,Ga|Si|Sr,2,0,0,3,0,1,1,3,3,2,3
14644,2174,Ga|Si|Sr,2,0,0,3,0,1,1,4,1,1,4
14645,2174,Ga|Si|Sr,2,0,0,3,0,1,2,3,1,0,2
14646,2174,Ga|Si|Sr,2,0,0,3,0,1,1,1,4,3,3
14647,2174,Ga|Si|Sr,2,0,0,3,0,1,1,0,3,2,3
14648,1413,B|Mo|Zr,0,4,0,1,3,0,2,2,1,1,1
14649,1413,B|Mo|Zr,0,4,0,1,3,0,1,1,2,3,1
14650,1413,B|Mo|Zr,0,4,0,1,3,0,4,0,0,2,4
14651,1413,B|Mo|Zr,0,4,0,1,3,0,0,1,2,4,2
14652,1413,B|Mo|Zr,0,4,0,1,3,0,3,4,3,1,1
14653,2329,Al|Si|Sr,3,1,1,3,4,2,2,2,1,0,1
14654,1191,Ba|Ga|Si,4,2,4,3,4,2,0,4,0,3,1
14655,1021,B|C|Lu|Ni,0,0,0,1,3,1,0,2,2,3,0
14656,1104,Al|Ca|Si,0,4,0,1,2,4,1,2,4,3,4
14657,2329,Al|Si|Sr,3,1,1,3,4,2,3,3,0,0,0
14658,1104,Al|Ca|Si,0,4,0,1,2,4,1,2,1,0,3
14659,1104,Al|Ca|Si,0,4,0,1,2,4,3,0,4,1,2
14660,1104,Al|Ca|Si,0,4,0,1,2,4,2,3,0,1,0
14661,1104,Al|Ca|Si,0,4,0,1,2,4,4,3,1,3,0
14662,1104,Al|Ca|Si,0,4,0,1,2,4,4,3,0,2,4
14663,1104,Al|Ca|Si,0,4,0,1,2,4,2,1,0,0,2
14664,1104,Al|Ca|Si,0,4,0,1,2,4,2,3,1,4,3
14665,1112,B|Nb,0,4,2,4,2,0,3,3,4,0,1
14666,2330,B|C|Ni|Pt|Y,0,3,0,4,0,3,2,1,2,2,3
14667,2330,B|C|Ni|Pt|Y,0,3,0,4,0,3,2,0,3,0,1
14668,2104,B|C|Er|Ni|Tb,2,0,1,3,4,1,4,2,1,1,3
14669,2104,B|C|Er|Ni|Tb,2,0,1,3,4,1,2,2,1,1,2
14670,2104,B|C|Er|Ni|Tb,2,0,1,3,4,1,3,1,0,0,1
14671,761,B|C|Ni|Y,0,3,0,0,3,2,3,2,3,2,0
14672,2104,B|C|Er|Ni|Tb,2,0,1,3,4,1,4,0,1,0,3
14673,2104,B|C|Er|Ni|Tb,2,0,1,3,4,1,2,1,4,3,0
14674,761,B|C|Ni|Y,0,3,0,0,3,2,0,1,1,0,4
14675,2104,B|C|Er|Ni|Tb,2,0,1,3,4,1,3,3,4,1,3
14676,2104,B|C|Er|Ni|Tb,2,0,1,3,4,1,4,1,0,2,3
14677,2104,B|C|Er|Ni|Tb,2,0,1,3,4,1,1,0,2,0,1
14678,2104,B|C|Er|Ni|Tb,2,0,1,3,4,1,1,3,1,2,3
14679,2063,B|C|Ho|Ni,4,1,3,1,4,2,1,1,0,3,2
14680,2081,B|C|Dy|Ho|Ni,0,4,3,1,4,3,1,1,2,3,4
14681,2081,B|C|Dy|Ho|Ni,0,4,3,1,4,3,4,4,4,0,0
14682,2081,B|C|Dy|Ho|Ni,0,4,3,1,4,3,1,4,4,2,2
14683,2081,B|C|Dy|Ho|Ni,0,4,3,1,4,3,2,1,3,2,2
14684,2081,B|C|Dy|Ho|Ni,0,4,3,1,4,3,2,4,4,4,4
14685,2081,B|C|Dy|Ho|Ni,0,4,3,1,4,3,4,4,1,0,4
14686,2081,B|C|Dy|Ho|Ni,0,4,3,1,4,3,3,4,2,2,3
14687,2081,B|C|Dy|Ho|Ni,0,4,3,1,4,3,0,1,0,1,3
14688,1021,B|C|Lu|Ni,0,0,0,1,3,1,4,0,1,4,3
14689,2082,B|C|Dy|Lu|Ni,1,0,1,4,0,0,3,1,1,0,1
14690,2082,B|C|Dy|Lu|Ni,1,0,1,4,0,0,3,2,4,0,0
14691,2082,B|C|Dy|Lu|Ni,1,0,1,4,0,0,4,1,3,3,2
14692,2082,B|C|Dy|Lu|Ni,1,0,1,4,0,0,2,4,1,3,4
14693,2082,B|C|Dy|Lu|Ni,1,0,1,4,0,0,1,0,4,1,4
14694,2082,B|C|Dy|Lu|Ni,1,0,1,4,0,0,1,2,3,3,0
14695,2082,B|C|Dy|Lu|Ni,1,0,1,4,0,0,2,4,4,2,4
14696,1302,B|C|Dy|Ni,0,2,3,0,4,0,0,2,4,3,3
14697,2061,B|C|Ni|Tm,2,3,3,3,4,1,4,4,1,4,2
14698,759,Ce|Co|In,3,3,3,2,1,0,1,2,2,2,3
14699,1003,Ce|In|Rh,1,0,3,1,4,1,0,4,0,3,4
14700,1003,Ce|In|Rh,1,0,3,1,4,1,1,3,4,1,2
14701,758,Ce|In|Ir,1,1,2,1,3,2,0,1,4,0,2
14702,1088,Ce|Cu|Ge|Si,0,2,4,2,1,4,0,0,3,0,0
14703,1088,Ce|Cu|Ge|Si,0,2,4,2,1,4,4,0,4,4,1
14704,1088,Ce|Cu|Ge|Si,0,2,4,2,1,4,4,2,1,3,4
14705,2243,Ge|Pd|Y,4,3,1,4,3,0,4,1,3,1,3
14706,2331,C|Pd|Si|Y,2,2,0,2,3,2,1,1,0,3,2
14707,2331,C|Pd|Si|Y,2,2,0,2,3,2,4,1,2,0,0
14708,2332,B|C|Gd|Ni|Y,4,0,3,2,1,4,2,4,3,2,1
14709,2332,B|C|Gd|Ni|Y,4,0,3,2,1,4,3,2,2,0,1
14710,2332,B|C|Gd|Ni|Y,4,0,3,2,1,4,3,2,3,3,0
14711,2332,B|C|Gd|Ni|Y,4,0,3,2,1,4,3,3,4,4,2
14712,2332,B|C|Gd|Ni|Y,4,0,3,2,1,4,2,0,3,1,2
14713,2332,B|C|Gd|Ni|Y,4,0,3,2,1,4,1,3,1,0,0
14714,2332,B|C|Gd|Ni|Y,4,0,3,2,1,4,3,4,3,1,2
14715,2130,La|Ni|Sn,2,1,2,0,4,1,1,1,2,2,1
14716,2332,B|C|Gd|Ni|Y,4,0,3,2,1,4,1,4,2,0,3
14717,2332,B|C|Gd|Ni|Y,4,0,3,2,1,4,2,0,4,3,4
14718,2332,B|C|Gd|Ni|Y,4,0,3,2,1,4,2,2,1,4,0
14719,2332,B|C|Gd|Ni|Y,4,0,3,2,1,4,0,0,4,3,0
14720,2332,B|C|Gd|Ni|Y,4,0,3,2,1,4,3,2,4,4,3
14721,989,B|C|Mg,0,0,4,4,2,0,3,3,3,1,2
14722,1302,B|C|Dy|Ni,0,2,3,0,4,0,4,1,2,3,2
14723,2333,Li,4,0,1,0,4,0,4,2,4,4,2
14724,2333,Li,4,0,1,0,4,0,2,3,2,3,2
14725,1507,C|N|Nb,1,1,1,2,2,4,2,1,0,4,3
14726,1507,C|N|Nb,1,1,1,2,2,4,3,4,4,3,2
14727,1507,C|N|Nb,1,1,1,2,2,4,3,1,1,4,4
14728,1507,C|N|Nb,1,1,1,2,2,4,4,2,3,2,1
14729,1507,C|N|Nb,1,1,1,2,2,4,4,0,0,3,2
14730,1507,C|N|Nb,1,1,1,2,2,4,4,1,2,2,0
14731,1507,C|N|Nb,1,1,1,2,2,4,4,0,3,4,3
14732,1507,C|N|Nb,1,1,1,2,2,4,0,4,3,0,2
14733,1507,C|N|Nb,1,1,1,2,2,4,1,1,0,2,1
14734,1507,C|N|Nb,1,1,1,2,2,4,0,2,0,1,0
14735,1507,C|N|Nb,1,1,1,2,2,4,3,1,4,2,3
14736,988,B|Mg,0,0,1,4,3,2,3,2,0,0,4
14737,2334,B|F|Mg,2,4,1,0,4,0,4,1,0,3,1
14738,2334,B|F|Mg,2,4,1,0,4,0,3,1,1,1,4
14739,2334,B|F|Mg,2,4,1,0,4,0,2,3,3,3,4
14740,1507,C|N|Nb,1,1,1,2,2,4,1,3,3,4,0
14741,988,B|Mg,0,0,1,4,3,2,1,3,3,1,4
14742,1018,B|Cu|Mg,2,2,4,2,3,2,3,0,0,0,1
14743,1018,B|Cu|Mg,2,2,4,2,3,2,0,1,1,2,0
14744,1018,B|Cu|Mg,2,2,4,2,3,2,4,3,4,3,1
14745,1018,B|Cu|Mg,2,2,4,2,3,2,0,4,2,4,1
14746,2149,C|H|K|N|Na,3,3,2,0,0,3,1,3,2,3,4
14747,1036,La|Os|Sb,2,2,0,0,0,2,1,1,1,4,2
14748,2335,C|H|K|N,0,4,4,0,2,2,0,4,4,0,4
14749,1073,C|Mg|Ni,1,2,0,4,2,4,2,2,1,0,0
14750,2333,Li,4,0,1,0,4,0,4,3,4,0,4
14751,1216,Ge|La,2,3,1,3,3,4,2,0,4,3,4
14752,1034,Os|Pr|Sb,2,3,2,3,3,4,4,4,0,4,4
14753,2336,H|Li|Nb|O,1,3,0,3,1,2,3,2,2,0,2
14754,2336,H|Li|Nb|O,1,3,0,3,1,2,2,1,0,2,4
14755,988,B|Mg,0,0,1,4,3,2,2,1,1,2,0
14756,989,B|C|Mg,0,0,4,4,2,0,2,2,3,3,3
14757,989,B|C|Mg,0,0,4,4,2,0,3,3,4,0,2
14758,2135,Pt,1,4,0,4,3,0,2,2,4,0,3
14759,988,B|Mg,0,0,1,4,3,2,1,2,4,1,2
14760,1083,Al|B|Mg,4,1,2,1,0,4,0,3,2,2,3
14761,1083,Al|B|Mg,4,1,2,1,0,4,3,0,0,1,4
14762,1083,Al|B|Mg,4,1,2,1,0,4,2,3,0,2,2
14763,1083,Al|B|Mg,4,1,2,1,0,4,1,4,0,3,0
14764,2069,B|C|Ni|Pd|Y,3,3,4,0,4,3,4,1,2,2,3
14765,2069,B|C|Ni|Pd|Y,3,3,4,0,4,3,2,0,1,1,2
14766,2069,B|C|Ni|Pd|Y,3,3,4,0,4,3,2,4,4,0,1
14767,2069,B|C|Ni|Pd|Y,3,3,4,0,4,3,4,3,0,1,1
14768,2069,B|C|Ni|Pd|Y,3,3,4,0,4,3,4,3,4,3,4
14769,2069,B|C|Ni|Pd|Y,3,3,4,0,4,3,3,4,3,2,3
14770,2069,B|C|Ni|Pd|Y,3,3,4,0,4,3,0,2,3,1,4
14771,999,Pr|Ru|Sb,2,0,4,3,2,1,3,2,3,0,2
14772,2076,La|Ru|Sb,1,4,4,0,1,4,3,4,2,4,3
14773,988,B|Mg,0,0,1,4,3,2,3,1,2,2,1
14774,2337,Ce|Te,4,0,0,4,2,0,4,4,3,3,1
14775,988,B|Mg,0,0,1,4,3,2,2,0,2,1,4
14776,988,B|Mg,0,0,1,4,3,2,4,1,4,3,2
14777,988,B|Mg,0,0,1,4,3,2,3,0,4,0,3
14778,988,B|Mg,0,0,1,4,3,2,0,1,2,4,1
14779,988,B|Mg,0,0,1,4,3,2,2,3,1,2,0
14780,2338,B|Mg|Zn,3,4,0,3,2,1,3,1,4,0,0
14781,2338,B|Mg|Zn,3,4,0,3,2,1,3,3,0,1,3
14782,2338,B|Mg|Zn,3,4,0,3,2,1,0,0,2,0,0
14783,1018,B|Cu|Mg,2,2,4,2,3,2,3,4,3,2,0
14784,1018,B|Cu|Mg,2,2,4,2,3,2,0,4,2,2,3
14785,989,B|C|Mg,0,0,4,4,2,0,2,0,2,2,0
14786,989,B|C|Mg,0,0,4,4,2,0,0,3,3,0,2
14787,989,B|C|Mg,0,0,4,4,2,0,4,0,2,1,3
14788,989,B|C|Mg,0,0,4,4,2,0,2,3,1,2,4
14789,989,B|C|Mg,0,0,4,4,2,0,1,0,2,4,0
14790,989,B|C|Mg,0,0,4,4,2,0,4,1,4,0,4
14791,989,B|C|Mg,0,0,4,4,2,0,4,1,3,1,3
14792,989,B|C|Mg,0,0,4,4,2,0,2,4,4,0,4
14793,989,B|C|Mg,0,0,4,4,2,0,2,2,4,3,3
14794,989,B|C|Mg,0,0,4,4,2,0,0,0,4,0,2
14795,989,B|C|Mg,0,0,4,4,2,0,2,0,2,3,4
14796,989,B|C|Mg,0,0,4,4,2,0,0,3,2,1,1
14797,989,B|C|Mg,0,0,4,4,2,0,4,2,4,1,0
14798,989,B|C|Mg,0,0,4,4,2,0,4,4,1,0,2
14799,989,B|C|Mg,0,0,4,4,2,0,4,0,1,4,1
14800,989,B|C|Mg,0,0,4,4,2,0,1,0,0,3,3
14801,989,B|C|Mg,0,0,4,4,2,0,0,3,2,0,0
14802,2223,Cl|Hf|Li|N,4,3,0,1,0,1,3,1,4,4,4
14803,2339,Rh,4,4,3,3,1,1,4,0,4,0,1
14804,2339,Rh,4,4,3,3,1,1,4,0,1,2,1
14805,2135,Pt,1,4,0,4,3,0,1,0,0,4,4
14806,2135,Pt,1,4,0,4,3,0,0,4,4,2,3
14807,1394,Au|In,1,3,0,0,2,0,4,1,0,1,4
14808,1394,Au|In,1,3,0,0,2,0,1,1,1,3,2
14809,1394,Au|In,1,3,0,0,2,0,4,3,3,1,2
14810,2340,W,3,2,0,4,0,2,4,1,0,3,4
14811,2016,Ag|Ga,0,2,2,0,2,1,2,4,4,4,1
14812,1394,Au|In,1,3,0,0,2,0,4,4,0,3,1
14813,1394,Au|In,1,3,0,0,2,0,0,4,1,1,4
14814,1394,Au|In,1,3,0,0,2,0,0,0,0,3,0
14815,1394,Au|In,1,3,0,0,2,0,0,1,0,3,1
14816,1394,Au|In,1,3,0,0,2,0,3,4,0,0,3
14817,2340,W,3,2,0,4,0,2,1,2,1,0,0
14818,2081,B|C|Dy|Ho|Ni,0,4,3,1,4,3,1,4,4,3,2
14819,1178,B|Ir|Mg,3,3,1,3,4,3,3,2,4,2,2
14820,1178,B|Ir|Mg,3,3,1,3,4,3,0,0,2,1,4
14821,1178,B|Ir|Mg,3,3,1,3,4,3,1,3,0,0,0
14822,1760,Mo|Pb|S,4,0,2,0,3,4,1,0,4,4,0
14823,1760,Mo|Pb|S,4,0,2,0,3,4,4,1,4,4,3
14824,2341,Cu|Mo|Pb|S,1,3,0,0,0,3,2,1,2,4,2
14825,2341,Cu|Mo|Pb|S,1,3,0,0,0,3,3,4,4,4,1
14826,1021,B|C|Lu|Ni,0,0,0,1,3,1,0,1,0,1,3
14827,1021,B|C|Lu|Ni,0,0,0,1,3,1,1,1,4,4,4
14828,1073,C|Mg|Ni,1,2,0,4,2,4,3,1,4,3,3
14829,1073,C|Mg|Ni,1,2,0,4,2,4,3,1,4,3,4
14830,1073,C|Mg|Ni,1,2,0,4,2,4,3,0,4,2,4
14831,1104,Al|Ca|Si,0,4,0,1,2,4,3,0,2,1,0
14832,2329,Al|Si|Sr,3,1,1,3,4,2,0,1,4,4,4
14833,1427,B|Re,1,0,1,0,2,4,2,2,1,0,1
14834,1427,B|Re,1,0,1,0,2,4,0,2,1,4,2
14835,1234,Co|Zr,3,2,0,4,1,2,1,2,3,3,4
14836,1555,Co|Ni|Zr,0,2,2,0,1,3,3,1,2,2,0
14837,758,Ce|In|Ir,1,1,2,1,3,2,1,2,3,4,4
14838,759,Ce|Co|In,3,3,3,2,1,0,0,1,2,0,4
14839,758,Ce|In|Ir,1,1,2,1,3,2,2,4,0,2,2
14840,1073,C|Mg|Ni,1,2,0,4,2,4,2,0,4,3,0
14841,1073,C|Mg|Ni,1,2,0,4,2,4,1,3,2,4,2
14842,2342,C|Co|Mg|Ni,1,0,4,3,3,1,0,1,0,2,4
14843,2342,C|Co|Mg|Ni,1,0,4,3,3,1,1,3,0,4,1
14844,2342,C|Co|Mg|Ni,1,0,4,3,3,1,1,2,0,2,0
14845,2342,C|Co|Mg|Ni,1,0,4,3,3,1,2,4,1,4,3
14846,1075,C|Fe|Mg|Ni,4,3,4,2,0,3,0,2,2,0,2
14847,1075,C|Fe|Mg|Ni,4,3,4,2,0,3,0,1,4,2,3
14848,1075,C|Fe|Mg|Ni,4,3,4,2,0,3,4,2,0,0,0
14849,1073,C|Mg|Ni,1,2,0,4,2,4,2,3,3,1,3
14850,1073,C|Mg|Ni,1,2,0,4,2,4,0,1,3,1,0
14851,2343,V,1,1,3,1,2,0,4,1,3,2,2
14852,1577,Cr|V,4,0,2,1,1,2,2,2,1,3,3
14853,1577,Cr|V,4,0,2,1,1,2,2,3,3,4,3
14854,1083,Al|B|Mg,4,1,2,1,0,4,4,0,0,2,0
14855,1083,Al|B|Mg,4,1,2,1,0,4,0,0,4,4,0
14856,1083,Al|B|Mg,4,1,2,1,0,4,4,4,1,4,1
14857,1083,Al|B|Mg,4,1,2,1,0,4,4,2,4,0,0
14858,989,B|C|Mg,0,0,4,4,2,0,0,2,2,3,3
14859,989,B|C|Mg,0,0,4,4,2,0,4,0,3,1,0
14860,989,B|C|Mg,0,0,4,4,2,0,4,3,1,3,3
14861,989,B|C|Mg,0,0,4,4,2,0,4,1,1,3,0
14862,989,B|C|Mg,0,0,4,4,2,0,2,2,1,2,1
14863,2333,Li,4,0,1,0,4,0,2,3,1,4,4
14864,2333,Li,4,0,1,0,4,0,0,3,1,1,4
14865,1111,Al|B|Li|Mg,1,4,4,1,1,4,2,4,1,1,0
14866,1111,Al|B|Li|Mg,1,4,4,1,1,4,0,1,2,3,4
14867,1111,Al|B|Li|Mg,1,4,4,1,1,4,2,1,3,3,0
14868,1111,Al|B|Li|Mg,1,4,4,1,1,4,0,0,2,0,2
14869,1083,Al|B|Mg,4,1,2,1,0,4,1,3,4,0,2
14870,1083,Al|B|Mg,4,1,2,1,0,4,3,2,4,2,1
14871,1083,Al|B|Mg,4,1,2,1,0,4,2,0,3,4,3
14872,761,B|C|Ni|Y,0,3,0,0,3,2,0,4,1,4,0
14873,1021,B|C|Lu|Ni,0,0,0,1,3,1,0,3,0,0,0
14874,2344,B,2,4,3,3,1,1,2,1,0,4,0
14875,2327,S,1,0,4,2,3,3,3,1,1,0,4
14876,1951,Se,4,2,1,2,3,2,0,0,2,4,4
14877,1267,Te,0,1,3,0,3,1,2,2,4,2,3
14878,2240,Be,2,2,0,2,3,2,3,2,1,0,1
14879,974,Hg,0,2,3,2,4,3,4,1,0,0,3
14880,2345,Au|B|C|Nd|Pt,2,2,1,3,0,4,2,2,2,2,3
14881,2056,B|C|La|Pt,0,3,1,4,3,1,4,1,1,0,3
14882,2218,B|C|La|Nd|Pt,1,2,4,3,1,3,0,0,1,2,4
14883,2218,B|C|La|Nd|Pt,1,2,4,3,1,3,0,0,3,3,1
14884,2218,B|C|La|Nd|Pt,1,2,4,3,1,3,0,2,4,2,0
14885,2218,B|C|La|Nd|Pt,1,2,4,3,1,3,2,4,0,1,1
14886,2218,B|C|La|Nd|Pt,1,2,4,3,1,3,0,4,0,0,0
14887,2346,B|C|Nd|Pt,1,1,0,2,4,4,2,3,3,4,2
14888,1073,C|Mg|Ni,1,2,0,4,2,4,1,3,0,4,2
14889,1105,C|Mg|Ni|Zn,2,2,0,3,0,4,0,0,2,1,3
14890,2347,Au|B|Mg,2,1,0,4,4,2,2,3,2,2,0
14891,2347,Au|B|Mg,2,1,0,4,4,2,1,0,1,1,3
14892,992,Ba|Si,3,3,2,4,4,1,1,4,1,1,2
14893,1073,C|Mg|Ni,1,2,0,4,2,4,0,2,2,1,3
14894,1158,La|Pd|Si,1,0,3,1,3,2,3,0,1,1,0
14895,1218,Be|Cu|Ni|Ti|Zr,2,3,0,3,1,2,4,3,3,0,0
14896,1218,Be|Cu|Ni|Ti|Zr,2,3,0,3,1,2,2,1,2,3,4
14897,2348,La|Rh|Sb,1,3,2,1,1,0,3,0,3,1,3
14898,2270,B|La|Rh,0,1,0,1,0,2,0,3,1,0,1
14899,2349,B|Ce|La|Rh,1,3,3,0,2,2,1,0,3,3,2
14900,2349,B|Ce|La|Rh,1,3,3,0,2,2,3,3,1,4,2
14901,2349,B|Ce|La|Rh,1,3,3,0,2,2,1,4,2,2,0
14902,2350,B|Ce|Os,0,2,2,4,4,3,2,1,4,3,0
14903,2351,B|Ce|Ru,4,1,2,3,1,3,3,4,4,0,1
14904,1002,Ce|Pt|Si,0,0,1,0,3,1,0,2,4,3,4
14905,2352,B|C|Er|Fe|Ni,3,3,1,0,2,2,3,0,3,3,1
14906,2104,B|C|Er|Ni|Tb,2,0,1,3,4,1,4,1,1,2,0
14907,2353,B|C|Er|Lu|Ni,3,4,2,0,3,0,4,4,0,2,2
14908,2099,B|C|Co|Er|Ni,3,1,0,4,2,4,0,2,1,3,2
14909,1034,Os|Pr|Sb,2,3,2,3,3,4,1,1,2,4,4
14910,1248,Os|Pr|Ru|Sb,1,1,0,0,3,3,0,3,0,1,1
14911,1248,Os|Pr|Ru|Sb,1,1,0,0,3,3,1,3,1,4,1
14912,1248,Os|Pr|Ru|Sb,1,1,0,0,3,3,3,1,2,3,1
14913,1248,Os|Pr|Ru|Sb,1,1,0,0,3,3,3,2,3,1,1
14914,1248,Os|Pr|Ru|Sb,1,1,0,0,3,3,2,4,4,1,1
14915,1248,Os|Pr|Ru|Sb,1,1,0,0,3,3,3,2,0,2,2
14916,1248,Os|Pr|Ru|Sb,1,1,0,0,3,3,3,0,1,4,2
14917,1248,Os|Pr|Ru|Sb,1,1,0,0,3,3,3,2,4,1,4
14918,1248,Os|Pr|Ru|Sb,1,1,0,0,3,3,2,0,4,1,1
14919,1248,Os|Pr|Ru|Sb,1,1,0,0,3,3,0,2,4,1,3
14920,1248,Os|Pr|Ru|Sb,1,1,0,0,3,3,4,1,3,0,0
14921,1248,Os|Pr|Ru|Sb,1,1,0,0,3,3,1,2,4,2,4
14922,1248,Os|Pr|Ru|Sb,1,1,0,0,3,3,1,4,2,0,2
14923,2354,Bi,3,3,3,4,1,3,3,3,4,0,1
14924,1268,P,4,0,0,0,4,3,2,2,2,2,0
14925,1268,P,4,0,0,0,4,3,3,2,1,1,0
14926,1268,P,4,0,0,0,4,3,4,1,0,3,2
14927,2355,Al|B|Mg|Zn,2,3,3,2,4,2,1,0,3,1,2
14928,2355,Al|B|Mg|Zn,2,3,3,2,4,2,2,2,3,1,2
14929,2355,Al|B|Mg|Zn,2,3,3,2,4,2,4,0,2,4,3
14930,2355,Al|B|Mg|Zn,2,3,3,2,4,2,1,3,1,2,4
14931,2355,Al|B|Mg|Zn,2,3,3,2,4,2,4,4,2,1,2
14932,2277,La|Ru|Si,0,2,4,0,0,2,1,3,2,2,2
14933,2277,La|Ru|Si,0,2,4,0,0,2,3,3,4,1,3
14934,2356,La|Ru|Si|Tm,1,1,0,1,4,4,2,2,1,2,4
14935,2356,La|Ru|Si|Tm,1,1,0,1,4,4,4,0,2,0,4
14936,2357,Ce|Ru|Si,1,1,0,0,4,2,2,0,2,1,3
14937,2063,B|C|Ho|Ni,4,1,3,1,4,2,4,1,2,0,0
14938,988,B|Mg,0,0,1,4,3,2,0,2,4,2,0
14939,1666,In|La|Sn,1,1,4,4,4,1,0,0,4,3,1
14940,1666,In|La|Sn,1,1,4,4,4,1,4,4,4,0,2
14941,1666,In|La|Sn,1,1,4,4,4,1,4,3,4,2,0
14942,2358,La|Pb|Tl,3,3,3,1,4,3,1,1,4,0,0
14943,2358,La|Pb|Tl,3,3,3,1,4,3,2,1,4,0,1
14944,2358,La|Pb|Tl,3,3,3,1,4,3,1,2,0,1,4
14945,2359,La|Sn|Tl,0,2,0,0,2,1,1,1,1,0,4
14946,2359,La|Sn|Tl,0,2,0,0,2,1,0,1,1,3,3
14947,2359,La|Sn|Tl,0,2,0,0,2,1,2,4,2,2,2
14948,2360,In|Pb|Y,2,1,0,0,2,3,0,0,0,1,0
14949,2360,In|Pb|Y,2,1,0,0,2,3,4,2,4,2,3
14950,2360,In|Pb|Y,2,1,0,0,2,3,0,4,3,4,2
14951,2361,In|Sn|Y,1,0,2,2,4,3,0,4,1,2,3
14952,2361,In|Sn|Y,1,0,2,2,4,3,2,1,4,3,3
14953,2362,Ca|Pb|Tl,3,4,2,3,0,4,1,2,4,0,1
14954,2362,Ca|Pb|Tl,3,4,2,3,0,4,4,2,3,1,3
14955,2362,Ca|Pb|Tl,3,4,2,3,0,4,4,2,1,1,2
14956,2363,La|Pb|Sn,2,2,0,0,4,1,3,4,4,1,2
14957,2363,La|Pb|Sn,2,2,0,0,4,1,4,3,3,2,3
14958,2363,La|Pb|Sn,2,2,0,0,4,1,1,0,4,1,1
14959,992,Ba|Si,3,3,2,4,4,1,1,2,3,1,4
14960,2364,Ba|Ge|Si,3,3,2,0,2,1,3,2,1,4,4
14961,2364,Ba|Ge|Si,3,3,2,0,2,1,2,3,3,1,0
14962,2364,Ba|Ge|Si,3,3,2,0,2,1,3,4,3,1,2
14963,2364,Ba|Ge|Si,3,3,2,0,2,1,3,4,0,0,4
14964,2364,Ba|Ge|Si,3,3,2,0,2,1,1,2,0,1,4
14965,2364,Ba|Ge|Si,3,3,2,0,2,1,1,2,1,0,3
14966,2364,Ba|Ge|Si,3,3,2,0,2,1,3,1,3,0,4
14967,2364,Ba|Ge|Si,3,3,2,0,2,1,4,4,0,1,2
14968,992,Ba|Si,3,3,2,4,4,1,0,2,1,3,3
14969,2232,Cl|Hf|N|Na,4,1,3,4,4,1,3,4,0,2,3
14970,2232,Cl|Hf|N|Na,4,1,3,4,4,1,1,0,1,0,3
14971,2232,Cl|Hf|N|Na,4,1,3,4,4,1,4,2,1,2,1
14972,1150,Cl|Li|N|Zr,2,2,4,2,2,4,1,1,4,4,1
14973,1150,Cl|Li|N|Zr,2,2,4,2,2,4,1,4,4,4,2
14974,1150,Cl|Li|N|Zr,2,2,4,2,2,4,0,0,0,3,1
14975,1150,Cl|Li|N|Zr,2,2,4,2,2,4,1,1,0,1,4
14976,1150,Cl|Li|N|Zr,2,2,4,2,2,4,2,3,0,4,2
14977,1150,Cl|Li|N|Zr,2,2,4,2,2,4,1,3,2,1,1
14978,1150,Cl|Li|N|Zr,2,2,4,2,2,4,3,0,2,1,1
14979,1150,Cl|Li|N|Zr,2,2,4,2,2,4,3,4,4,0,1
14980,2365,Cl|N|Na|Zr,4,2,4,3,2,1,3,3,2,4,0
14981,2365,Cl|N|Na|Zr,4,2,4,3,2,1,4,0,2,2,4
14982,2365,Cl|N|Na|Zr,4,2,4,3,2,1,3,3,3,2,1
14983,2365,Cl|N|Na|Zr,4,2,4,3,2,1,0,3,2,4,4
14984,2365,Cl|N|Na|Zr,4,2,4,3,2,1,2,2,0,0,3
14985,2366,Cl|K|N|Zr,0,0,3,2,3,0,3,0,3,3,4
14986,2366,Cl|K|N|Zr,0,0,3,2,3,0,1,3,1,1,2
14987,2366,Cl|K|N|Zr,0,0,3,2,3,0,1,4,0,3,4
14988,2366,Cl|K|N|Zr,0,0,3,2,3,0,2,0,2,0,1
14989,2366,Cl|K|N|Zr,0,0,3,2,3,0,1,2,4,4,2
14990,986,C|Y,2,2,0,0,3,2,1,1,2,1,2
14991,2063,B|C|Ho|Ni,4,1,3,1,4,2,2,0,1,2,4
14992,1111,Al|B|Li|Mg,1,4,4,1,1,4,1,0,2,0,3
14993,2367,B|C|Gd|Lu|Ni,0,3,0,3,0,2,4,4,1,3,4
14994,2156,B|C|Lu|Ni|Y,0,3,1,2,3,0,4,1,3,0,3
14995,2368,Cs,3,1,0,4,4,3,2,4,2,4,3
14996,1091,Y,1,2,2,3,2,0,0,0,4,1,3
14997,2369,Cs|I,4,0,2,2,0,0,1,2,4,2,4
14998,1150,Cl|Li|N|Zr,2,2,4,2,2,4,4,2,4,4,2
14999,1150,Cl|Li|N|Zr,2,2,4,2,2,4,0,2,3,2,1
15000,1150,Cl|Li|N|Zr,2,2,4,2,2,4,0,2,0,4,2
15001,2370,Fe|P|Y,2,0,3,1,2,0,0,3,0,2,3
15002,2371,Os|P|Y,1,4,2,1,0,3,1,3,1,3,2
15003,1270,As,2,1,1,4,3,4,0,3,3,0,2
15004,2372,Lu,2,1,2,0,0,1,1,4,0,3,1
15005,999,Pr|Ru|Sb,2,0,4,3,2,1,0,0,4,1,1
15006,989,B|C|Mg,0,0,4,4,2,0,2,1,2,3,0
15007,989,B|C|Mg,0,0,4,4,2,0,3,0,0,3,4
15008,989,B|C|Mg,0,0,4,4,2,0,2,1,1,4,2
15009,2373,B|C|Ni|Sc|Y,0,2,2,2,4,2,1,2,0,0,1
15010,2373,B|C|Ni|Sc|Y,0,2,2,2,4,2,2,2,2,4,2
15011,2373,B|C|Ni|Sc|Y,0,2,2,2,4,2,3,0,3,0,1
15012,2156,B|C|Lu|Ni|Y,0,3,1,2,3,0,1,0,2,2,2
15013,2156,B|C|Lu|Ni|Y,0,3,1,2,3,0,1,2,0,2,3
15014,2156,B|C|Lu|Ni|Y,0,3,1,2,3,0,0,1,4,4,2
15015,2156,B|C|Lu|Ni|Y,0,3,1,2,3,0,2,1,0,4,3
15016,2156,B|C|Lu|Ni|Y,0,3,1,2,3,0,3,0,1,3,1
15017,2156,B|C|Lu|Ni|Y,0,3,1,2,3,0,4,2,1,1,2
15018,2374,B|C|Ho|Lu|Ni,0,1,1,0,1,2,1,3,1,0,2
15019,2374,B|C|Ho|Lu|Ni,0,1,1,0,1,2,2,0,1,2,1
15020,2374,B|C|Ho|Lu|Ni,0,1,1,0,1,2,2,2,0,0,0
15021,2374,B|C|Ho|Lu|Ni,0,1,1,0,1,2,2,2,3,1,2
15022,2374,B|C|Ho|Lu|Ni,0,1,1,0,1,2,1,4,4,2,1
15023,2374,B|C|Ho|Lu|Ni,0,1,1,0,1,2,1,2,3,2,3
15024,2374,B|C|Ho|Lu|Ni,0,1,1,0,1,2,3,0,2,3,3
15025,2374,B|C|Ho|Lu|Ni,0,1,1,0,1,2,2,4,4,2,2
15026,2374,B|C|Ho|Lu|Ni,0,1,1,0,1,2,2,4,2,4,3
15027,2374,B|C|Ho|Lu|Ni,0,1,1,0,1,2,2,0,2,3,4
15028,2063,B|C|Ho|Ni,4,1,3,1,4,2,3,2,1,3,4
15029,1760,Mo|Pb|S,4,0,2,0,3,4,1,2,4,4,3
15030,1760,Mo|Pb|S,4,0,2,0,3,4,1,1,4,1,3
15031,1104,Al|Ca|Si,0,4,0,1,2,4,2,2,3,4,4
15032,2375,Al|Ca|Ga|Si,3,4,2,0,1,0,1,3,4,1,2
15033,2375,Al|Ca|Ga|Si,3,4,2,0,1,0,0,0,2,0,2
15034,2375,Al|Ca|Ga|Si,3,4,2,0,1,0,2,0,0,3,0
15035,2375,Al|Ca|Ga|Si,3,4,2,0,1,0,1,4,1,4,2
15036,2375,Al|Ca|Ga|Si,3,4,2,0,1,0,3,1,0,4,0
15037,2375,Al|Ca|Ga|Si,3,4,2,0,1,0,4,0,0,3,2
15038,2375,Al|Ca|Ga|Si,3,4,2,0,1,0,1,1,0,1,4
15039,2375,Al|Ca|Ga|Si,3,4,2,0,1,0,1,3,2,4,0
15040,2375,Al|Ca|Ga|Si,3,4,2,0,1,0,3,4,0,2,2
15041,2321,Ca|Ga|Si,3,2,4,2,4,2,4,3,4,2,2
15042,1002,Ce|Pt|Si,0,0,1,0,3,1,4,4,4,4,2
15043,1015,B|Zr,0,0,1,2,2,2,2,2,4,4,2
15044,2376,B|Rh|Si|Y,0,3,4,2,1,3,2,0,3,1,3
15045,2377,B|La|Rh|Si,4,0,2,4,2,0,3,2,2,3,0
15046,1000,Nb|Se,0,2,1,4,0,2,0,3,0,2,0
15047,1130,S|Ta,4,4,3,1,0,3,4,3,4,4,2
15048,1128,C|Hg|K,1,0,0,1,2,3,2,3,1,1,2
15049,1129,C|Hg|Rb,0,0,2,3,3,3,0,3,2,1,3
15050,1138,Nb|S,4,1,0,4,4,4,2,0,1,3,4
15051,1103,Ce|In|Ir|Rh,0,1,0,3,4,4,1,1,0,1,0
15052,1103,Ce|In|Ir|Rh,0,1,0,3,4,4,3,1,2,1,0
15053,1103,Ce|In|Ir|Rh,0,1,0,3,4,4,1,0,0,4,2
15054,1103,Ce|In|Ir|Rh,0,1,0,3,4,4,2,2,3,0,4
15055,1591,Cu|Rh|S,1,3,3,2,4,3,1,2,4,3,0
15056,1591,Cu|Rh|S,1,3,3,2,4,3,3,0,2,2,1
15057,1591,Cu|Rh|S,1,3,3,2,4,3,2,4,4,0,1
15058,2072,Co|Cu|S,4,3,4,1,2,4,3,4,0,3,3
15059,2072,Co|Cu|S,4,3,4,1,2,4,4,3,1,3,4
15060,2072,Co|Cu|S,4,3,4,1,2,4,1,0,2,0,4
15061,2072,Co|Cu|S,4,3,4,1,2,4,4,2,4,1,2
15062,1002,Ce|Pt|Si,0,0,1,0,3,1,0,1,2,3,0
15063,1112,B|Nb,0,4,2,4,2,0,2,1,1,1,0
15064,1112,B|Nb,0,4,2,4,2,0,1,3,3,0,1
15065,2378,Al|Rh|Y,3,3,2,0,2,0,1,2,3,4,3
15066,2379,Al|La|Rh,1,2,1,2,2,3,3,0,1,4,2
15067,2380,Rh|Sb|Y,0,3,0,0,0,2,1,3,0,2,0
15068,2381,B|Ca|Pd,1,1,3,0,3,3,0,4,1,0,4
15069,2381,B|Ca|Pd,1,1,3,0,3,3,0,0,3,1,0
15070,2382,B|Nb|Rh,3,1,4,1,1,1,1,1,0,1,1
15071,988,B|Mg,0,0,1,4,3,2,3,2,0,1,1
15072,988,B|Mg,0,0,1,4,3,2,0,2,1,3,4
15073,1038,B|Y,4,1,0,2,1,4,3,2,4,2,2
15074,2383,B|La|Y,1,4,1,3,1,4,0,3,3,2,2
15075,2383,B|La|Y,1,4,1,3,1,4,2,4,4,4,2
15076,2383,B|La|Y,1,4,1,3,1,4,0,0,2,2,3
15077,979,Be|Re,4,1,1,4,1,0,3,3,0,2,3
15078,979,Be|Re,4,1,1,4,1,0,1,0,3,3,1
15079,979,Be|Re,4,1,1,4,1,0,2,0,1,0,4
15080,2384,Be|Re|Ru,4,4,0,0,0,3,4,1,3,2,3
15081,1143,Ga|V,4,3,1,2,4,1,1,0,4,4,4
15082,1143,Ga|V,4,3,1,2,4,1,2,3,2,3,3
15083,1143,Ga|V,4,3,1,2,4,1,1,4,0,3,0
15084,1335,Al|Ga|V,1,2,0,2,3,3,2,2,0,0,0
15085,1335,Al|Ga|V,1,2,0,2,3,3,0,0,1,3,0
15086,1335,Al|Ga|V,1,2,0,2,3,3,4,0,1,4,3
15087,1335,Al|Ga|V,1,2,0,2,3,3,0,0,2,0,3
15088,1335,Al|Ga|V,1,2,0,2,3,3,2,1,0,2,4
15089,1335,Al|Ga|V,1,2,0,2,3,3,3,4,3,3,4
15090,1335,Al|Ga|V,1,2,0,2,3,3,4,1,2,3,1
15091,1335,Al|Ga|V,1,2,0,2,3,3,1,0,2,3,1
15092,1335,Al|Ga|V,1,2,0,2,3,3,1,4,4,3,0
15093,1335,Al|Ga|V,1,2,0,2,3,3,3,0,2,3,1
15094,1335,Al|Ga|V,1,2,0,2,3,3,0,2,0,0,0
15095,1335,Al|Ga|V,1,2,0,2,3,3,0,2,0,2,4
15096,1335,Al|Ga|V,1,2,0,2,3,3,4,0,1,4,1
15097,1335,Al|Ga|V,1,2,0,2,3,3,0,3,0,0,0
15098,1335,Al|Ga|V,1,2,0,2,3,3,1,0,4,3,3
15099,1365,Al|V,2,3,2,3,0,3,1,3,3,3,2
15100,1363,Al|Si|V,4,0,0,4,2,3,2,2,1,1,0
15101,1363,Al|Si|V,4,0,0,4,2,3,4,0,3,2,3
15102,1363,Al|Si|V,4,0,0,4,2,3,1,2,2,0,0
15103,1363,Al|Si|V,4,0,0,4,2,3,2,2,3,3,1
15104,1363,Al|Si|V,4,0,0,4,2,3,0,4,4,1,3
15105,1363,Al|Si|V,4,0,0,4,2,3,2,2,0,0,4
15106,1363,Al|Si|V,4,0,0,4,2,3,4,4,1,2,2
15107,1363,Al|Si|V,4,0,0,4,2,3,3,1,4,4,2
15108,1363,Al|Si|V,4,0,0,4,2,3,2,0,0,0,0
15109,1363,Al|Si|V,4,0,0,4,2,3,2,4,1,3,3
15110,1363,Al|Si|V,4,0,0,4,2,3,3,2,4,1,1
15111,1363,Al|Si|V,4,0,0,4,2,3,0,0,0,3,1
15112,1363,Al|Si|V,4,0,0,4,2,3,3,2,2,2,3
15113,1363,Al|Si|V,4,0,0,4,2,3,4,1,3,4,1
15114,1641,Ge|V,2,4,2,2,3,3,2,1,3,3,4
15115,1641,Ge|V,2,4,2,2,3,3,4,3,4,3,2
15116,1641,Ge|V,2,4,2,2,3,3,2,4,3,0,1
15117,1641,Ge|V,2,4,2,2,3,3,3,2,2,3,4
15118,2385,Al|Ge|V,4,0,2,4,3,0,4,3,3,3,2
15119,2385,Al|Ge|V,4,0,2,4,3,0,1,4,3,0,1
15120,2385,Al|Ge|V,4,0,2,4,3,0,3,1,3,1,3
15121,2385,Al|Ge|V,4,0,2,4,3,0,1,0,4,4,2
15122,2385,Al|Ge|V,4,0,2,4,3,0,1,3,3,4,2
15123,2385,Al|Ge|V,4,0,2,4,3,0,4,4,3,1,1
15124,2385,Al|Ge|V,4,0,2,4,3,0,3,1,2,0,2
15125,2385,Al|Ge|V,4,0,2,4,3,0,2,3,1,4,2
15126,2385,Al|Ge|V,4,0,2,4,3,0,1,3,3,1,4
15127,2385,Al|Ge|V,4,0,2,4,3,0,4,3,4,3,3
15128,2385,Al|Ge|V,4,0,2,4,3,0,0,0,0,1,1
15129,2385,Al|Ge|V,4,0,2,4,3,0,3,0,1,0,1
15130,2385,Al|Ge|V,4,0,2,4,3,0,1,1,4,1,2
15131,2386,Al|Sb|V,4,3,4,3,0,4,1,0,1,1,2
15132,2386,Al|Sb|V,4,3,4,3,0,4,3,2,4,0,4
15133,2386,Al|Sb|V,4,3,4,3,0,4,1,2,2,2,3
15134,2386,Al|Sb|V,4,3,4,3,0,4,4,2,1,1,0
15135,2386,Al|Sb|V,4,3,4,3,0,4,4,3,1,3,1
15136,2386,Al|Sb|V,4,3,4,3,0,4,2,0,2,0,4
15137,1214,Al|La,1,3,4,4,3,4,0,0,2,2,0
15138,2387,Al|La|Tb,2,4,2,4,2,3,1,4,1,2,1
15139,2387,Al|La|Tb,2,4,2,4,2,3,4,1,1,4,3
15140,1359,Al|Os,1,2,1,0,4,0,1,4,3,2,0
15141,2388,Al|Os|Ru,0,4,2,3,4,3,4,0,4,2,2
15142,2389,Co|Cu|Rh|S,3,4,2,3,4,3,2,3,1,1,2
15143,2389,Co|Cu|Rh|S,3,4,2,3,4,3,4,2,1,3,4
15144,2390,Co|Cu|Ir|S,3,3,0,3,3,2,0,2,0,3,2
15145,2390,Co|Cu|Ir|S,3,3,0,3,3,2,1,2,3,1,0
15146,2390,Co|Cu|Ir|S,3,3,0,3,3,2,1,4,3,3,3
15147,2072,Co|Cu|S,4,3,4,1,2,4,4,0,3,3,2
15148,2391,Co|Cr|Cu|S,3,4,0,1,1,4,0,1,2,4,3
15149,2391,Co|Cr|Cu|S,3,4,0,1,1,4,4,1,1,4,4
15150,2391,Co|Cr|Cu|S,3,4,0,1,1,4,3,3,1,4,3
15151,2391,Co|Cr|Cu|S,3,4,0,1,1,4,4,2,0,4,2
15152,2391,Co|Cr|Cu|S,3,4,0,1,1,4,0,2,3,2,4
15153,1134,Ce|Ru,2,4,3,0,3,3,2,0,1,4,3
15154,2392,Ce|Co|Ru,0,3,3,2,4,4,1,2,3,1,3
15155,2392,Ce|Co|Ru,0,3,3,2,4,4,1,2,1,0,4
15156,2392,Ce|Co|Ru,0,3,3,2,4,4,0,2,4,0,0
15157,2392,Ce|Co|Ru,0,3,3,2,4,4,2,2,0,3,2
15158,2392,Ce|Co|Ru,0,3,3,2,4,4,4,3,3,4,2
15159,2392,Ce|Co|Ru,0,3,3,2,4,4,3,2,2,1,4
15160,2392,Ce|Co|Ru,0,3,3,2,4,4,3,2,3,1,4
15161,2393,Al|Mn,0,3,3,2,0,1,1,3,1,0,3
15162,1346,Al|Nb,2,4,3,1,4,0,3,1,1,0,3
15163,1341,Al|Ge|Nb,1,0,3,3,1,2,0,4,2,3,2
15164,1341,Al|Ge|Nb,1,0,3,3,1,2,1,0,2,2,0
15165,1341,Al|Ge|Nb,1,0,3,3,1,2,4,0,1,2,2
15166,1341,Al|Ge|Nb,1,0,3,3,1,2,3,3,3,2,1
15167,1341,Al|Ge|Nb,1,0,3,3,1,2,3,4,1,0,3
15168,1336,Al|Ga|Nb,3,0,0,1,0,4,4,2,1,3,0
15169,1336,Al|Ga|Nb,3,0,0,1,0,4,3,1,0,4,3
15170,1336,Al|Ga|Nb,3,0,0,1,0,4,4,2,0,0,1
15171,1336,Al|Ga|Nb,3,0,0,1,0,4,0,0,3,3,1
15172,2394,Al|In|Nb,4,3,4,1,4,1,1,2,4,2,1
15173,2394,Al|In|Nb,4,3,4,1,4,1,3,2,2,4,1
15174,2394,Al|In|Nb,4,3,4,1,4,1,3,3,2,1,4
15175,2395,Al|Nb|Zn,3,3,2,1,1,3,0,1,4,0,1
15176,2395,Al|Nb|Zn,3,3,2,1,1,3,4,3,1,3,4
15177,2395,Al|Nb|Zn,3,3,2,1,1,3,2,4,4,2,0
15178,2395,Al|Nb|Zn,3,3,2,1,1,3,0,1,3,2,2
15179,2001,Ga|Nb|Sn,3,2,2,2,0,2,4,0,3,0,3
15180,2001,Ga|Nb|Sn,3,2,2,2,0,2,2,0,2,1,2
15181,2001,Ga|Nb|Sn,3,2,2,2,0,2,2,4,1,1,2
15182,2001,Ga|Nb|Sn,3,2,2,2,0,2,1,3,2,4,4
15183,2005,Ge|Nb|Sn,0,1,1,3,3,3,3,0,2,1,0
15184,2005,Ge|Nb|Sn,0,1,1,3,3,3,0,3,4,0,2
15185,2005,Ge|Nb|Sn,0,1,1,3,3,3,0,3,0,3,2
15186,2005,Ge|Nb|Sn,0,1,1,3,3,3,4,3,3,0,0
15187,1672,In|Nb|Sn,4,4,2,1,0,0,3,0,0,4,1
15188,1672,In|Nb|Sn,4,4,2,1,0,0,3,3,4,3,4
15189,1353,Al|Nb|Sn,0,4,0,1,3,4,0,1,3,2,0
15190,1353,Al|Nb|Sn,0,4,0,1,3,4,0,2,2,4,3
15191,1353,Al|Nb|Sn,0,4,0,1,3,4,0,4,2,1,3
15192,1353,Al|Nb|Sn,0,4,0,1,3,4,0,3,3,3,4
15193,1353,Al|Nb|Sn,0,4,0,1,3,4,2,3,4,3,0
15194,1616,Ga|Nb,1,3,4,3,2,1,3,4,0,2,1
15195,1336,Al|Ga|Nb,3,0,0,1,0,4,0,3,2,1,1
15196,1336,Al|Ga|Nb,3,0,0,1,0,4,4,0,1,2,0
15197,2396,Ga|Nb|Zn,4,1,2,4,4,0,3,1,4,2,1
15198,2396,Ga|Nb|Zn,4,1,2,4,4,0,4,0,0,4,2
15199,2396,Ga|Nb|Zn,4,1,2,4,4,0,4,1,0,2,0
15200,2396,Ga|Nb|Zn,4,1,2,4,4,0,4,4,0,0,3
15201,2008,Ga|Ge|Nb,0,4,1,3,0,2,2,3,2,2,3
15202,1853,Pb|Sb,2,2,3,2,0,2,3,4,2,4,3
15203,1472,Bi|Pb,4,4,4,4,3,2,0,0,3,4,0
15204,1852,Pb|Sn,2,0,2,0,1,4,3,4,2,2,0
15205,2397,Bi|Pb|Tl,1,3,0,0,0,2,0,0,0,3,3
15206,1183,Hg|Pb,4,0,2,3,1,4,1,2,1,0,1
15207,1678,In|Pb,2,1,1,1,3,4,4,4,3,4,1
15208,2398,Cd|Pb,4,2,3,0,1,0,3,2,4,4,0
15209,1858,Pb|Tl,4,3,0,3,4,2,1,0,1,1,2
15210,1546,Ce|Ru|Tb,1,3,0,3,0,1,2,4,1,0,2
15211,1546,Ce|Ru|Tb,1,3,0,3,0,1,2,3,2,0,1
15212,2399,Ce|Ru|Y,3,0,1,2,0,4,4,2,1,3,1
15213,2400,Ce|Gd|Ru|Y,2,3,4,0,0,1,3,1,4,3,4
15214,2400,Ce|Gd|Ru|Y,2,3,4,0,0,1,0,3,2,4,2
15215,1306,In|La,0,4,4,1,3,3,1,3,3,2,1
15216,1307,Ce|In|La,0,3,0,3,3,0,1,2,4,0,2
15217,1307,Ce|In|La,0,3,0,3,3,0,2,4,2,0,1
15218,1307,Ce|In|La,0,3,0,3,3,0,2,1,1,1,4
15219,1619,Ga|Mo,4,4,4,1,4,2,2,4,1,2,3
15220,2401,Ga|Mo|Nb,3,1,1,2,2,2,1,2,1,4,4
15221,2401,Ga|Mo|Nb,3,1,1,2,2,2,2,4,4,1,1
15222,2402,Ga|Mo|Ru,2,0,1,2,2,2,1,0,1,2,4
15223,2403,Co|Ga|Mo,0,4,3,2,3,3,4,0,0,2,0
15224,2404,Fe|Ga|Mo,0,1,1,3,2,2,0,3,0,4,2
15225,2404,Fe|Ga|Mo,0,1,1,3,2,2,4,2,1,4,1
15226,2405,Ga|Mn|Mo,3,4,4,4,0,1,0,2,3,0,3
15227,980,Mo,2,2,4,3,0,2,4,3,0,4,2
15228,1954,Co|Mo,4,4,3,4,1,0,3,0,2,3,4
15229,1954,Co|Mo,4,4,3,4,1,0,0,1,1,0,2
15230,1954,Co|Mo,4,4,3,4,1,0,3,2,3,0,0
15231,1954,Co|Mo,4,4,3,4,1,0,1,1,2,0,0
15232,2406,Fe|Mo,1,2,2,4,0,1,3,4,1,0,3
15233,2406,Fe|Mo,1,2,2,4,0,1,0,0,3,4,3
15234,2407,Pb|Pd|Tl,1,0,0,4,1,4,2,2,3,3,3
15235,2408,Pb|Pd|Rh,4,1,4,4,2,4,0,0,4,4,3
15236,2409,Au|Pb|Pd,3,3,2,0,3,4,1,1,3,0,4
15237,2410,Co|Fe|Zr,2,2,1,4,2,1,1,4,1,4,1
15238,1555,Co|Ni|Zr,0,2,2,0,1,3,2,4,2,0,0
15239,2411,Cu|Ni|Zr,1,3,0,1,0,0,1,2,1,1,1
15240,2412,Co|Ni|Ta,0,2,3,4,4,0,4,4,4,2,4
15241,1561,Co|Ta|Zr,2,4,2,0,1,3,1,1,2,0,0
15242,1603,Fe|Ni|Zr,2,0,0,3,4,3,3,2,1,4,0
15243,1417,B|Mo|Ta,3,2,1,3,0,3,2,1,0,2,1
15244,2413,B|Mo|Re,3,3,4,2,2,4,2,2,4,0,1
15245,1431,B|Ta|W,4,1,4,0,2,0,0,2,3,3,4
15246,1286,B|Re|W,1,3,2,0,4,0,4,4,3,1,4
15247,1907,Rh|Ti,4,1,1,3,3,3,1,4,1,0,1
15248,1715,Ir|Zr,4,1,4,1,4,1,2,0,4,4,1
15249,1234,Co|Zr,3,2,0,4,1,2,3,0,3,4,4
15250,2414,Nb|W,1,3,1,2,3,1,4,3,3,1,1
15251,2414,Nb|W,1,3,1,2,3,1,0,2,4,3,3
15252,1817,Nb|Zr,1,1,1,1,0,2,0,2,4,3,1
15253,1817,Nb|Zr,1,1,1,1,0,2,0,4,3,1,4
15254,1817,Nb|Zr,1,1,1,1,0,2,3,3,2,0,1
15255,1817,Nb|Zr,1,1,1,1,0,2,0,2,1,1,2
15256,1817,Nb|Zr,1,1,1,1,0,2,3,1,3,4,3
15257,1817,Nb|Zr,1,1,1,1,0,2,4,0,4,1,1
15258,1758,Mo|Nb,3,0,1,4,4,2,3,1,4,4,3
15259,1758,Mo|Nb,3,0,1,4,4,2,3,1,0,0,4
15260,1758,Mo|Nb,3,0,1,4,4,2,0,0,4,1,0
15261,1758,Mo|Nb,3,0,1,4,4,2,4,2,1,4,3
15262,1758,Mo|Nb,3,0,1,4,4,2,3,3,1,0,3
15263,1222,Mo|Re,3,1,3,3,1,1,1,3,2,3,4
15264,1938,Ti|V,1,4,1,2,1,1,0,3,0,3,0
15265,1938,Ti|V,1,4,1,2,1,1,4,2,4,4,1
15266,2343,V,1,1,3,1,2,0,0,0,1,0,4
15267,1577,Cr|V,4,0,2,1,1,2,3,2,0,1,1
15268,1577,Cr|V,4,0,2,1,1,2,2,0,4,1,1
15269,1811,Nb|Ti,4,2,3,1,3,4,3,4,4,3,3
15270,1659,Hf|Ta,2,3,1,4,1,0,3,2,1,1,2
15271,1659,Hf|Ta,2,3,1,4,1,0,2,4,3,1,3
15272,1659,Hf|Ta,2,3,1,4,1,0,0,2,2,4,2
15273,1659,Hf|Ta,2,3,1,4,1,0,0,1,4,0,2
15274,1266,Ta,3,0,1,1,3,3,1,1,1,4,3
15275,2044,Ta|W,4,2,3,0,2,3,2,2,1,0,4
15276,2044,Ta|W,4,2,3,0,2,3,0,3,3,0,0
15277,2044,Ta|W,4,2,3,0,2,3,3,0,1,2,4
15278,1890,Re|W,2,3,4,2,0,3,2,0,4,0,1
15279,1645,Hf|Nb,1,4,2,3,2,0,3,2,1,1,0
15280,1645,Hf|Nb,1,4,2,3,2,0,1,3,2,3,1
15281,1645,Hf|Nb,1,4,2,3,2,0,0,1,3,0,1
15282,1645,Hf|Nb,1,4,2,3,2,0,1,3,1,3,2
15283,1569,Cr|Nb,3,0,1,2,4,3,4,3,4,0,4
15284,1569,Cr|Nb,3,0,1,2,4,3,1,1,4,0,0
15285,1943,Ti|Zr,4,2,0,4,1,4,1,3,4,1,0
15286,1943,Ti|Zr,4,2,0,4,1,4,2,2,2,4,3
15287,1943,Ti|Zr,4,2,0,4,1,4,2,4,4,1,2
15288,1943,Ti|Zr,4,2,0,4,1,4,1,0,4,4,4
15289,2038,Nb|V,4,2,0,0,1,0,4,2,2,0,0
15290,2038,Nb|V,4,2,0,0,1,0,4,4,2,2,1
15291,2038,Nb|V,4,2,0,0,1,0,0,3,0,2,3
15292,2038,Nb|V,4,2,0,0,1,0,3,3,0,2,2
15293,1806,Nb|Ta,0,0,4,0,1,0,4,2,2,1,2
15294,1806,Nb|Ta,0,0,4,0,1,0,0,4,2,4,1
15295,1806,Nb|Ta,0,0,4,0,1,0,3,2,4,0,4
15296,1571,Cr|Ru,4,1,4,2,1,4,3,4,3,1,2
15297,1571,Cr|Ru,4,1,4,2,1,4,0,0,0,2,0
15298,1571,Cr|Ru,4,1,4,2,1,4,1,1,1,2,1
15299,1571,Cr|Ru,4,1,4,2,1,4,3,2,3,0,3
15300,1573,Cr|Rh,2,0,2,3,2,2,2,3,2,1,4
15301,1570,Cr|Ir,0,2,2,3,3,4,0,1,1,0,2
15302,1570,Cr|Ir,0,2,2,3,3,4,3,2,4,3,0
15303,1758,Mo|Nb,3,0,1,4,4,2,4,0,1,2,3
15304,2414,Nb|W,1,3,1,2,3,1,4,4,0,3,1
15305,1569,Cr|Nb,3,0,1,2,4,3,3,0,1,1,4
15306,1577,Cr|V,4,0,2,1,1,2,1,1,1,3,0
15307,1659,Hf|Ta,2,3,1,4,1,0,0,3,4,4,0
15308,2044,Ta|W,4,2,3,0,2,3,3,3,1,3,2
15309,1577,Cr|V,4,0,2,1,1,2,0,4,3,1,0
15310,1577,Cr|V,4,0,2,1,1,2,1,4,0,0,1
15311,1577,Cr|V,4,0,2,1,1,2,0,4,3,1,3
15312,1577,Cr|V,4,0,2,1,1,2,3,1,2,1,3
15313,2415,Cr|Mo,2,1,2,0,0,3,0,2,4,4,2
15314,2415,Cr|Mo,2,1,2,0,0,3,2,3,1,1,1
15315,2415,Cr|Mo,2,1,2,0,0,3,1,2,3,0,1
15316,2415,Cr|Mo,2,1,2,0,0,3,4,1,3,2,1
15317,2415,Cr|Mo,2,1,2,0,0,3,3,0,1,2,1
15318,2415,Cr|Mo,2,1,2,0,0,3,4,3,1,4,1
15319,2416,Fe|Ru,0,0,1,0,0,0,3,0,1,1,4
15320,2416,Fe|Ru,0,0,1,0,0,0,2,1,1,0,1
15321,2416,Fe|Ru,0,0,1,0,0,0,4,0,4,4,4
15322,2417,Cu|V,0,4,4,3,4,0,2,2,0,0,1
15323,2417,Cu|V,0,4,4,3,4,0,1,3,0,2,3
15324,2417,Cu|V,0,4,4,3,4,0,4,0,3,3,3
15325,2417,Cu|V,0,4,4,3,4,0,4,1,4,2,1
15326,1149,Si|V,4,4,0,4,3,1,3,0,2,1,0
15327,1149,Si|V,4,4,0,4,3,1,1,3,0,4,0
15328,1149,Si|V,4,4,0,4,3,1,1,1,0,0,4
15329,1149,Si|V,4,4,0,4,3,1,1,2,2,1,1
15330,2343,V,1,1,3,1,2,0,0,4,4,4,0
15331,1365,Al|V,2,3,2,3,0,3,3,1,1,3,3
15332,1365,Al|V,2,3,2,3,0,3,1,2,1,2,4
15333,1365,Al|V,2,3,2,3,0,3,3,2,3,4,3
15334,1365,Al|V,2,3,2,3,0,3,2,0,4,3,3
15335,1365,Al|V,2,3,2,3,0,3,3,1,3,3,1
15336,1365,Al|V,2,3,2,3,0,3,0,0,4,3,1
15337,1365,Al|V,2,3,2,3,0,3,3,4,1,1,4
15338,1365,Al|V,2,3,2,3,0,3,3,2,2,3,4
15339,1935,Sn|V,4,3,3,0,3,4,3,1,3,1,4
15340,1935,Sn|V,4,3,3,0,3,4,0,1,3,0,1
15341,1935,Sn|V,4,3,3,0,3,4,1,2,1,4,4
15342,1135,Cr|Re,1,3,0,3,3,4,0,4,4,4,2
15343,1135,Cr|Re,1,3,0,3,3,4,3,2,1,1,1
15344,1135,Cr|Re,1,3,0,3,3,4,2,2,1,1,1
15345,1590,Cu|Rh|Se,1,1,4,1,4,2,3,1,0,0,4
15346,2389,Co|Cu|Rh|S,3,4,2,3,4,3,3,3,2,0,3
15347,1566,Cr|Cu|Rh|S,0,4,1,3,3,4,4,3,4,3,4
15348,1310,Ir|Mo,3,1,2,2,3,1,1,4,1,2,4
15349,1310,Ir|Mo,3,1,2,2,3,1,3,4,4,2,1
15350,1310,Ir|Mo,3,1,2,2,3,1,2,4,2,0,1
15351,1310,Ir|Mo,3,1,2,2,3,1,1,1,3,2,4
15352,1771,Mo|Rh,1,1,4,2,1,4,4,4,4,3,2
15353,1771,Mo|Rh,1,1,4,2,1,4,3,4,4,1,2
15354,1771,Mo|Rh,1,1,4,2,1,4,1,4,0,3,0
15355,1771,Mo|Rh,1,1,4,2,1,4,1,2,2,4,0
15356,2418,Co|Ru,3,4,2,1,0,3,0,4,4,1,4
15357,2418,Co|Ru,3,4,2,1,0,3,2,3,4,0,2
15358,2418,Co|Ru,3,4,2,1,0,3,2,4,2,0,4
15359,2418,Co|Ru,3,4,2,1,0,3,2,2,4,4,1
15360,2418,Co|Ru,3,4,2,1,0,3,4,2,1,0,3
15361,2418,Co|Ru,3,4,2,1,0,3,2,1,4,0,1
15362,2419,Ni|Ru,4,0,4,1,1,3,3,4,2,4,2
15363,2419,Ni|Ru,4,0,4,1,1,3,2,3,1,0,3
15364,2419,Ni|Ru,4,0,4,1,1,3,0,2,4,2,0
15365,2420,Rh|Ru,1,2,3,0,4,0,2,2,1,0,1
15366,2420,Rh|Ru,1,2,3,0,4,0,1,0,1,1,3
15367,2420,Rh|Ru,1,2,3,0,4,0,4,2,2,3,1
15368,2420,Rh|Ru,1,2,3,0,4,0,3,0,1,2,3
15369,2421,Pd|Ru,4,0,0,4,3,0,0,4,2,3,3
15370,2422,Pt|Ru,3,2,3,1,0,2,0,2,4,0,4
15371,2422,Pt|Ru,3,2,3,1,0,2,3,2,1,4,2
15372,2422,Pt|Ru,3,2,3,1,0,2,0,3,1,0,2
15373,2423,Ir|Ru,4,3,2,3,2,2,3,1,2,4,1
15374,2423,Ir|Ru,4,3,2,3,2,2,4,2,1,2,2
15375,2423,Ir|Ru,4,3,2,3,2,2,2,4,4,1,4
15376,2423,Ir|Ru,4,3,2,3,2,2,0,3,0,2,2
15377,2423,Ir|Ru,4,3,2,3,2,2,3,4,1,1,4
15378,1589,Cu|Rh|Se|Sn,1,4,0,2,0,3,1,2,0,0,2
15379,1589,Cu|Rh|Se|Sn,1,4,0,2,0,3,0,4,4,3,4
15380,1589,Cu|Rh|Se|Sn,1,4,0,2,0,3,1,1,2,1,0
15381,1589,Cu|Rh|Se|Sn,1,4,0,2,0,3,1,0,0,2,1
15382,1589,Cu|Rh|Se|Sn,1,4,0,2,0,3,0,0,3,1,0
15383,1893,Rh|Se,0,2,0,1,0,1,1,4,4,4,1
15384,2424,Rh|Ru|Se,4,2,2,1,3,0,0,4,1,4,0
15385,2424,Rh|Ru|Se,4,2,2,1,3,0,4,2,1,3,1
15386,2424,Rh|Ru|Se,4,2,2,1,3,0,1,4,4,4,4
15387,2424,Rh|Ru|Se,4,2,2,1,3,0,2,4,4,2,2
15388,1262,La,4,1,2,2,3,1,2,3,2,2,0
15389,1263,Ce|La,4,2,0,2,0,0,1,1,2,4,4
15390,1263,Ce|La,4,2,0,2,0,0,0,4,4,2,1
15391,2425,La|Nd,3,4,2,0,0,1,4,2,0,3,0
15392,2425,La|Nd,3,4,2,0,0,1,3,4,4,2,3
15393,2426,La|Sm,1,1,2,3,1,1,4,0,1,4,3
15394,2426,La|Sm,1,1,2,3,1,1,4,4,4,1,1
15395,2427,Ho|La,0,0,2,1,4,2,3,2,0,1,4
15396,2427,Ho|La,0,0,2,1,4,2,1,0,4,3,3
15397,1600,Eu|La,3,3,3,3,3,1,1,4,0,4,1
15398,1600,Eu|La,3,3,3,3,3,1,4,0,3,4,2
15399,2428,La|Tb,4,3,2,4,0,1,1,2,2,1,0
15400,2428,La|Tb,4,3,2,4,0,1,0,1,0,2,4
15401,1601,Er|La,0,2,2,3,2,1,0,2,0,0,2
15402,1601,Er|La,0,2,2,3,2,1,2,0,3,1,3
15403,2429,F|K|O|W,1,2,1,4,3,1,4,3,0,3,0
15404,2430,Cs|F|O|W,1,0,0,3,1,4,3,4,2,4,0
15405,2431,F|O|Rb|W,3,4,2,4,3,3,3,4,4,1,2
15406,2432,F|K|Li|O|W,1,0,4,0,3,4,4,0,0,0,0
15407,2433,F|Li|O|Rb|W,2,1,2,1,3,3,3,0,1,1,3
15408,2433,F|Li|O|Rb|W,2,1,2,1,3,3,3,3,4,0,1
15409,2433,F|Li|O|Rb|W,2,1,2,1,3,3,4,3,0,4,1
15410,2434,Cs|F|Li|O|W,1,2,0,2,0,2,3,2,0,4,2
15411,2434,Cs|F|Li|O|W,1,2,0,2,0,2,2,0,2,2,0
15412,2434,Cs|F|Li|O|W,1,2,0,2,0,2,2,3,2,0,2
15413,1776,Mo|Ti,4,3,0,1,1,2,3,3,0,3,4
15414,1776,Mo|Ti,4,3,0,1,1,2,4,4,3,4,4
15415,1776,Mo|Ti,4,3,0,1,1,2,3,2,2,4,2
15416,1776,Mo|Ti,4,3,0,1,1,2,0,2,3,3,2
15417,1306,In|La,0,4,4,1,3,3,1,0,2,4,4
15418,1308,Gd|In|La,3,4,2,2,4,3,4,4,2,0,2
15419,1308,Gd|In|La,3,4,2,2,4,3,2,2,2,2,1
15420,1308,Gd|In|La,3,4,2,2,4,3,3,0,3,1,3
15421,1308,Gd|In|La,3,4,2,2,4,3,0,2,4,4,2
15422,1308,Gd|In|La,3,4,2,2,4,3,2,2,1,4,3
15423,1308,Gd|In|La,3,4,2,2,4,3,0,2,4,2,4
15424,1308,Gd|In|La,3,4,2,2,4,3,4,4,4,0,3
15425,1308,Gd|In|La,3,4,2,2,4,3,4,3,3,0,1
15426,1739,La|Sn,3,2,3,2,2,2,2,4,3,0,0
15427,2435,Gd|La|Sn,3,4,3,1,1,1,1,1,4,4,2
15428,2435,Gd|La|Sn,3,4,3,1,1,1,0,4,3,3,2
15429,1263,Ce|La,4,2,0,2,0,0,3,0,0,0,0
15430,1724,La|Pr,0,2,2,3,3,2,4,1,4,4,2
15431,2425,La|Nd,3,4,2,0,0,1,1,4,0,3,3
15432,2426,La|Sm,1,1,2,3,1,1,3,3,2,1,3
15433,1600,Eu|La,3,3,3,3,3,1,1,4,2,1,4
15434,1627,Gd|La,2,1,4,4,2,4,1,3,4,4,2
15435,2428,La|Tb,4,3,2,4,0,1,1,4,2,2,1
15436,1602,Dy|La,3,0,3,3,2,3,2,0,3,2,2
15437,2427,Ho|La,0,0,2,1,4,2,1,4,3,0,2
15438,1601,Er|La,0,2,2,3,2,1,2,2,0,3,4
15439,2436,La|Yb,4,2,3,3,4,0,2,3,0,1,0
15440,1718,La|Lu,2,4,3,2,4,4,4,2,1,3,2
15441,1627,Gd|La,2,1,4,4,2,4,3,1,0,2,0
15442,1913,Ru|Sc,2,4,1,3,0,3,1,0,3,2,4
15443,1914,Ru|Y,4,1,4,4,1,1,4,2,3,3,2
15444,1733,La|Ru,0,2,3,0,2,4,2,4,2,0,1
15445,973,In,2,4,1,2,0,0,3,4,4,3,0
15446,1656,Hg|In,0,1,3,0,2,0,2,4,4,0,1
15447,1656,Hg|In,0,1,3,0,2,0,3,1,2,1,0
15448,1656,Hg|In,0,1,3,0,2,0,2,1,1,4,2
15449,1620,Ga|Si|V,3,1,4,2,1,1,1,1,0,1,4
15450,1620,Ga|Si|V,3,1,4,2,1,1,3,2,4,1,0
15451,1620,Ga|Si|V,3,1,4,2,1,1,1,1,0,2,2
15452,1620,Ga|Si|V,3,1,4,2,1,1,4,3,4,0,2
15453,1149,Si|V,4,4,0,4,3,1,0,4,2,1,0
15454,1998,Ga|Sn|V,3,3,3,0,2,1,2,1,3,2,1
15455,1998,Ga|Sn|V,3,3,3,0,2,1,4,0,3,1,4
15456,1998,Ga|Sn|V,3,3,3,0,2,1,4,2,0,4,1
15457,1998,Ga|Sn|V,3,3,3,0,2,1,2,1,4,4,4
15458,1935,Sn|V,4,3,3,0,3,4,1,1,1,0,2
15459,975,Pb,3,4,1,2,3,1,2,3,1,1,3
15460,1678,In|Pb,2,1,1,1,3,4,3,2,3,0,4
15461,1678,In|Pb,2,1,1,1,3,4,3,2,2,2,4
15462,1678,In|Pb,2,1,1,1,3,4,0,2,2,0,1
15463,1678,In|Pb,2,1,1,1,3,4,2,3,0,1,4
15464,1678,In|Pb,2,1,1,1,3,4,0,4,2,3,1
15465,1678,In|Pb,2,1,1,1,3,4,4,4,4,1,3
15466,971,Sn,0,0,4,3,0,1,2,0,1,0,1
15467,2437,Ga|Sn,0,3,3,4,2,4,4,1,4,4,0
15468,2437,Ga|Sn,0,3,3,4,2,4,4,0,0,0,0
15469,2437,Ga|Sn,0,3,3,4,2,4,4,4,4,1,2
15470,2437,Ga|Sn,0,3,3,4,2,4,0,4,0,4,2
15471,1656,Hg|In,0,1,3,0,2,0,4,2,2,2,0
15472,1679,In|Sn,0,0,4,4,1,1,0,0,1,3,1
15473,1678,In|Pb,2,1,1,1,3,4,0,3,4,4,2
15474,1733,La|Ru,0,2,3,0,2,4,4,0,0,4,0
15475,2438,Gd|La|Ru,1,1,3,0,1,1,3,0,0,2,0
15476,2438,Gd|La|Ru,1,1,3,0,1,1,0,2,4,1,2
15477,2438,Gd|La|Ru,1,1,3,0,1,1,3,0,0,2,4
15478,2438,Gd|La|Ru,1,1,3,0,1,1,2,2,3,1,3
15479,1659,Hf|Ta,2,3,1,4,1,0,2,2,3,3,0
15480,1659,Hf|Ta,2,3,1,4,1,0,4,1,4,4,3
15481,1659,Hf|Ta,2,3,1,4,1,0,1,2,4,3,3
15482,1659,Hf|Ta,2,3,1,4,1,0,1,1,4,4,0
15483,1266,Ta,3,0,1,1,3,3,1,0,3,0,4
15484,2044,Ta|W,4,2,3,0,2,3,1,2,3,2,3
15485,2044,Ta|W,4,2,3,0,2,3,1,4,4,1,1
15486,2044,Ta|W,4,2,3,0,2,3,3,2,4,4,0
15487,2044,Ta|W,4,2,3,0,2,3,0,3,4,1,0
15488,1966,In|Mg,3,4,2,0,2,4,3,1,0,1,4
15489,1966,In|Mg,3,4,2,0,2,4,1,4,1,4,2
15490,2001,Ga|Nb|Sn,3,2,2,2,0,2,2,2,0,3,2
15491,1672,In|Nb|Sn,4,4,2,1,0,0,4,2,2,3,3
15492,1809,Nb|Sn|Tl,0,3,3,0,2,3,2,0,1,0,0
15493,2005,Ge|Nb|Sn,0,1,1,3,3,3,1,3,2,2,2
15494,1793,Nb|Pb|Sn,0,2,3,4,0,3,4,4,4,2,0
15495,1379,As|Nb|Sn,4,1,1,0,0,3,0,2,0,0,1
15496,2007,Nb|Sb|Sn,0,3,3,3,0,1,3,0,4,0,3
15497,1468,Bi|Nb|Sn,4,4,1,3,3,2,3,0,2,0,3
15498,1353,Al|Nb|Sn,0,4,0,1,3,4,4,0,0,2,0
15499,1671,In|Nb|Sb|Sn,3,4,3,4,1,1,1,0,0,2,2
15500,1634,Ge|Nb|Pb|Sn,0,4,3,0,2,4,1,1,4,4,2
15501,1461,Bi|Ga|Nb|Sn,1,4,2,3,3,0,2,1,0,2,4
15502,1341,Al|Ge|Nb,1,0,3,3,1,2,3,3,2,2,4
15503,1353,Al|Nb|Sn,0,4,0,1,3,4,3,4,2,3,4
15504,2001,Ga|Nb|Sn,3,2,2,2,0,2,4,1,4,2,1
15505,2001,Ga|Nb|Sn,3,2,2,2,0,2,4,2,1,2,0
15506,2005,Ge|Nb|Sn,0,1,1,3,3,3,2,2,0,3,0
15507,1353,Al|Nb|Sn,0,4,0,1,3,4,4,2,4,2,0
15508,1353,Al|Nb|Sn,0,4,0,1,3,4,1,4,2,4,0
15509,2008,Ga|Ge|Nb,0,4,1,3,0,2,1,4,0,2,0
15510,1336,Al|Ga|Nb,3,0,0,1,0,4,2,2,0,2,2
15511,2001,Ga|Nb|Sn,3,2,2,2,0,2,1,4,4,1,4
15512,2001,Ga|Nb|Sn,3,2,2,2,0,2,0,4,3,4,3
15513,2001,Ga|Nb|Sn,3,2,2,2,0,2,1,4,1,1,0
15514,2439,Hf|W,2,1,3,3,3,1,1,1,1,3,2
15515,2439,Hf|W,2,1,3,3,3,1,3,0,2,0,0
15516,2439,Hf|W,2,1,3,3,3,1,3,3,3,0,0
15517,2439,Hf|W,2,1,3,3,3,1,1,1,0,4,1
15518,2045,W|Zr,4,3,0,2,1,2,3,4,4,2,4
15519,2045,W|Zr,4,3,0,2,1,2,0,4,3,4,2
15520,2045,W|Zr,4,3,0,2,1,2,0,0,3,3,1
15521,1647,Hf|Mo,2,2,2,3,2,3,2,1,2,2,3
15522,1647,Hf|Mo,2,2,2,3,2,3,3,2,4,3,4
15523,1647,Hf|Mo,2,2,2,3,2,3,2,1,2,0,1
15524,1780,Mo|Zr,0,2,2,0,2,2,2,0,2,1,2
15525,1780,Mo|Zr,0,2,2,0,2,2,1,2,2,0,1
15526,1780,Mo|Zr,0,2,2,0,2,2,0,2,3,2,4
15527,1647,Hf|Mo,2,2,2,3,2,3,4,0,3,3,4
15528,1654,Hf|Rh,1,0,2,2,2,0,2,3,1,0,4
15529,1654,Hf|Rh,1,0,2,2,2,0,4,2,1,2,3
15530,1654,Hf|Rh,1,0,2,2,2,0,2,2,1,1,1
15531,1635,Ge|Si|V,1,3,4,0,2,2,2,4,3,1,4
15532,1635,Ge|Si|V,1,3,4,0,2,2,3,1,4,2,0
15533,1635,Ge|Si|V,1,3,4,0,2,2,3,3,0,1,3
15534,2440,Ge|Sn|V,3,4,3,4,3,1,2,1,2,4,3
15535,2441,Ge|Sb|V,0,3,2,4,2,2,3,3,4,2,2
15536,2441,Ge|Sb|V,0,3,2,4,2,2,1,0,3,2,3
15537,1620,Ga|Si|V,3,1,4,2,1,1,1,3,2,2,3
15538,1620,Ga|Si|V,3,1,4,2,1,1,2,4,2,2,3
15539,1620,Ga|Si|V,3,1,4,2,1,1,1,4,2,1,0
15540,1620,Ga|Si|V,3,1,4,2,1,1,3,0,0,2,1
15541,983,H|Pd,1,0,2,3,4,2,4,4,3,2,4
15542,983,H|Pd,1,0,2,3,4,2,1,2,4,0,3
15543,2442,H|Ni|Pd,0,3,4,1,4,1,2,3,2,2,3
15544,2442,H|Ni|Pd,0,3,4,1,4,1,0,2,1,4,1
15545,2442,H|Ni|Pd,0,3,4,1,4,1,4,2,4,1,1
15546,2442,H|Ni|Pd,0,3,4,1,4,1,4,2,2,1,4
15547,2442,H|Ni|Pd,0,3,4,1,4,1,3,4,2,4,0
15548,1574,Cr|Ti,1,4,3,3,1,4,0,4,3,3,1
15549,1574,Cr|Ti,1,4,3,3,1,4,3,4,3,0,1
15550,1754,Mn|Ti,2,0,0,1,2,2,0,1,4,1,3
15551,1754,Mn|Ti,2,0,0,1,2,2,1,2,4,2,4
15552,2443,Fe|Ti,1,0,3,4,1,1,1,0,3,2,4
15553,2443,Fe|Ti,1,0,3,4,1,1,3,4,3,1,0
15554,1560,Co|Ti,4,0,4,2,4,1,3,2,1,1,4
15555,1560,Co|Ti,4,0,4,2,4,1,0,0,2,0,2
15556,2444,Gd|Ru|Y,2,4,2,0,3,1,1,4,3,2,2
15557,2444,Gd|Ru|Y,2,4,2,0,3,1,3,3,0,1,0
15558,2445,Ce|Gd|Ru,1,0,4,0,2,4,1,0,1,4,2
15559,2445,Ce|Gd|Ru,1,0,4,0,2,4,0,1,4,2,4
15560,1938,Ti|V,1,4,1,2,1,1,0,1,3,2,2
15561,2446,Fe|Ti|V,1,4,4,0,4,0,4,4,3,3,4
15562,2446,Fe|Ti|V,1,4,4,0,4,0,2,1,2,1,4
15563,2446,Fe|Ti|V,1,4,4,0,4,0,0,0,2,3,1
15564,2447,Ru|Ti|V,0,0,1,2,4,3,1,0,0,0,1
15565,2447,Ru|Ti|V,0,0,1,2,4,3,1,2,2,0,2
15566,2447,Ru|Ti|V,0,0,1,2,4,3,1,0,3,3,0
15567,1262,La,4,1,2,2,3,1,3,1,0,2,1
15568,1601,Er|La,0,2,2,3,2,1,1,4,1,2,1
15569,1601,Er|La,0,2,2,3,2,1,0,4,2,2,4
15570,2425,La|Nd,3,4,2,0,0,1,1,4,3,4,3
15571,2425,La|Nd,3,4,2,0,0,1,1,4,4,0,2
15572,1785,N|Nb|Ti,0,1,1,4,0,4,2,2,0,4,1
15573,1785,N|Nb|Ti,0,1,1,4,0,4,0,2,3,0,0
15574,1785,N|Nb|Ti,0,1,1,4,0,4,1,2,1,4,4
15575,1785,N|Nb|Ti,0,1,1,4,0,4,2,1,3,1,2
15576,1785,N|Nb|Ti,0,1,1,4,0,4,3,1,2,4,0
15577,1785,N|Nb|Ti,0,1,1,4,0,4,3,2,1,3,1
15578,1785,N|Nb|Ti,0,1,1,4,0,4,0,0,1,1,4
15579,1783,N|Ti,2,1,1,3,2,1,2,4,3,1,1
15580,2448,Hf|N|Nb,3,3,1,2,0,4,1,3,3,3,2
15581,2448,Hf|N|Nb,3,3,1,2,0,4,4,2,2,0,4
15582,2448,Hf|N|Nb,3,3,1,2,0,4,3,3,0,4,1
15583,2448,Hf|N|Nb,3,3,1,2,0,4,3,2,4,2,1
15584,2448,Hf|N|Nb,3,3,1,2,0,4,0,3,0,2,2
15585,2448,Hf|N|Nb,3,3,1,2,0,4,2,3,2,3,0
15586,1784,N|Nb|V,2,2,1,0,1,3,2,4,4,3,2
15587,1784,N|Nb|V,2,2,1,0,1,3,3,2,1,4,0
15588,1784,N|Nb|V,2,2,1,0,1,3,4,2,2,2,4
15589,1784,N|Nb|V,2,2,1,0,1,3,0,4,2,2,3
15590,1784,N|Nb|V,2,2,1,0,1,3,0,0,2,3,0
15591,1049,N|V,2,1,4,4,2,1,4,3,3,4,4
15592,2037,N|Nb|Zr,1,1,2,2,1,3,1,1,0,2,3
15593,1663,Hg|Sn,1,0,1,4,1,4,1,3,3,0,3
15594,973,In,2,4,1,2,0,0,0,0,0,2,0
15595,1678,In|Pb,2,1,1,1,3,4,2,1,4,1,1
15596,1678,In|Pb,2,1,1,1,3,4,1,4,2,2,2
15597,1678,In|Pb,2,1,1,1,3,4,0,3,2,3,0
15598,1678,In|Pb,2,1,1,1,3,4,1,2,4,2,4
15599,1678,In|Pb,2,1,1,1,3,4,1,2,2,0,1
15600,1678,In|Pb,2,1,1,1,3,4,2,3,3,0,0
15601,1678,In|Pb,2,1,1,1,3,4,1,0,3,3,4
15602,1093,Hf|V,2,0,2,4,1,3,4,3,3,3,1
15603,2312,Hf|Ta|V,4,1,2,1,2,4,4,3,1,2,3
15604,2312,Hf|Ta|V,4,1,2,1,2,4,3,3,4,1,4
15605,2312,Hf|Ta|V,4,1,2,1,2,4,4,0,3,1,3
15606,2312,Hf|Ta|V,4,1,2,1,2,4,2,4,2,4,0
15607,1098,Hf|V|Zr,2,0,1,2,2,0,1,1,3,3,3
15608,1098,Hf|V|Zr,2,0,1,2,2,0,2,3,4,4,3
15609,1098,Hf|V|Zr,2,0,1,2,2,0,2,4,4,3,0
15610,1098,Hf|V|Zr,2,0,1,2,2,0,4,1,2,0,4
15611,1095,V|Zr,4,1,4,1,2,4,0,2,4,1,1
15612,2449,C|S|Ta,2,1,2,1,2,3,4,0,2,4,0
15613,2450,Ge|Lu,1,2,4,1,1,1,0,1,3,4,4
15614,1073,C|Mg|Ni,1,2,0,4,2,4,3,2,3,2,0
15615,1019,C,3,3,4,3,4,0,2,1,2,2,1
15616,2451,B|C,4,3,2,2,4,4,0,3,3,1,4
15617,2452,Ga|Nb|Se,3,0,0,4,4,0,1,3,3,2,2
15618,2453,Ga|Se|Ta,0,3,1,1,0,1,2,1,3,4,4
15619,1718,La|Lu,2,4,3,2,4,4,2,4,1,3,0
15620,2454,La|Lu|Tb,3,3,2,3,3,1,4,2,4,2,2
15621,2454,La|Lu|Tb,3,3,2,3,3,1,1,1,0,3,2
15622,2454,La|Lu|Tb,3,3,2,3,3,1,3,1,1,3,1
15623,2454,La|Lu|Tb,3,3,2,3,3,1,2,3,2,1,2
15624,2454,La|Lu|Tb,3,3,2,3,3,1,1,1,2,3,4
15625,2454,La|Lu|Tb,3,3,2,3,3,1,2,3,1,3,0
15626,2454,La|Lu|Tb,3,3,2,3,3,1,2,0,3,0,1
15627,2454,La|Lu|Tb,3,3,2,3,3,1,4,2,1,1,4
15628,2454,La|Lu|Tb,3,3,2,3,3,1,4,4,1,1,0
15629,1679,In|Sn,0,0,4,4,1,1,2,4,3,3,3
15630,1679,In|Sn,0,0,4,4,1,1,2,0,2,0,2
15631,1679,In|Sn,0,0,4,4,1,1,1,4,1,4,2
15632,1362,Al|Sn,0,0,2,2,4,1,2,0,3,2,3
15633,1763,Mo|Pt|Re,1,0,4,0,3,2,1,3,1,1,1
15634,1763,Mo|Pt|Re,1,0,4,0,3,2,3,4,2,4,4
15635,1763,Mo|Pt|Re,1,0,4,0,3,2,3,2,3,0,1
15636,1763,Mo|Pt|Re,1,0,4,0,3,2,3,1,0,1,2
15637,1763,Mo|Pt|Re,1,0,4,0,3,2,3,4,4,0,2
15638,1763,Mo|Pt|Re,1,0,4,0,3,2,1,4,4,1,2
15639,1763,Mo|Pt|Re,1,0,4,0,3,2,3,4,2,3,4
15640,1763,Mo|Pt|Re,1,0,4,0,3,2,3,3,0,0,3
15641,1697,Ir|Os,1,1,1,0,3,2,3,1,2,4,2
15642,1836,Os|Rh,1,0,1,1,1,3,1,1,1,0,1
15643,1908,Rh|Y,2,4,2,1,3,2,3,0,2,3,3
15644,1716,Ir|Y,1,2,0,2,3,3,3,3,4,3,0
15645,1682,In|Sb|Sn,3,2,3,3,3,1,3,3,4,2,0
15646,1682,In|Sb|Sn,3,2,3,3,3,1,1,3,2,2,3
15647,1679,In|Sn,0,0,4,4,1,1,3,3,3,1,1
15648,1679,In|Sn,0,0,4,4,1,1,2,2,0,3,3
15649,1736,La|Tl,3,2,1,3,2,4,0,2,0,4,2
15650,2455,La|Pr|Tl,2,0,3,0,2,4,0,4,2,1,0
15651,2455,La|Pr|Tl,2,0,3,0,2,4,4,3,0,3,4
15652,2455,La|Pr|Tl,2,0,3,0,2,4,1,3,1,2,0
15653,1739,La|Sn,3,2,3,2,2,2,3,3,0,4,3
15654,1738,La|Sn|Tm,0,2,4,4,4,1,0,1,0,2,4
15655,1738,La|Sn|Tm,0,2,4,4,4,1,1,4,2,1,0
15656,1725,La|Pb,1,1,1,2,3,2,3,0,4,0,4
15657,2456,La|Pb|Pr,3,1,3,4,4,2,3,1,3,0,0
15658,2456,La|Pb|Pr,3,1,3,4,4,2,1,1,1,0,2
15659,2456,La|Pb|Pr,3,1,3,4,4,2,0,1,4,0,1
15660,2456,La|Pb|Pr,3,1,3,4,4,2,4,4,1,4,4
15661,2456,La|Pb|Pr,3,1,3,4,4,2,2,2,0,4,4
15662,2456,La|Pb|Pr,3,1,3,4,4,2,3,4,2,2,0
15663,1190,Al,3,1,3,1,4,0,2,1,3,4,2
15664,1684,In|Tl,2,4,1,3,4,4,3,0,1,3,3
15665,1684,In|Tl,2,4,1,3,4,4,0,4,0,4,0
15666,1684,In|Tl,2,4,1,3,4,4,1,4,0,4,0
15667,1684,In|Tl,2,4,1,3,4,4,0,4,4,0,4
15668,1684,In|Tl,2,4,1,3,4,4,3,0,0,2,2
15669,972,Tl,3,4,2,0,0,4,4,3,2,4,2
15670,1262,La,4,1,2,2,3,1,3,4,0,2,2
15671,1718,La|Lu,2,4,3,2,4,4,2,1,1,2,2
15672,1718,La|Lu,2,4,3,2,4,4,3,3,2,2,3
15673,1599,Ir,2,1,2,2,2,2,3,2,1,2,3
15674,1704,Ir|Re,0,3,3,4,3,3,2,0,3,4,2
15675,1704,Ir|Re,0,3,3,4,3,3,2,2,0,4,2
15676,1704,Ir|Re,0,3,3,4,3,3,4,1,3,3,4
15677,1704,Ir|Re,0,3,3,4,3,3,1,1,0,1,3
15678,1704,Ir|Re,0,3,3,4,3,3,3,3,4,2,4
15679,1704,Ir|Re,0,3,3,4,3,3,4,2,2,1,3
15680,1704,Ir|Re,0,3,3,4,3,3,3,2,3,1,4
15681,1697,Ir|Os,1,1,1,0,3,2,1,2,3,3,3
15682,1697,Ir|Os,1,1,1,0,3,2,2,1,2,0,0
15683,1310,Ir|Mo,3,1,2,2,3,1,2,0,0,1,4
15684,1310,Ir|Mo,3,1,2,2,3,1,2,0,4,3,1
15685,1310,Ir|Mo,3,1,2,2,3,1,2,1,3,0,3
15686,1310,Ir|Mo,3,1,2,2,3,1,1,4,1,3,2
15687,1310,Ir|Mo,3,1,2,2,3,1,4,3,3,2,1
15688,1717,Ir|W,4,1,4,4,4,4,4,0,0,1,1
15689,1717,Ir|W,4,1,4,4,4,4,1,2,4,4,3
15690,1717,Ir|W,4,1,4,4,4,4,1,3,3,0,3
15691,1717,Ir|W,4,1,4,4,4,4,2,3,4,2,2
15692,1717,Ir|W,4,1,4,4,4,4,3,3,4,3,2
15693,1713,Ir|V,4,1,1,0,2,2,2,1,4,4,2
15694,1713,Ir|V,4,1,1,0,2,2,3,4,0,2,1
15695,1713,Ir|V,4,1,1,0,2,2,1,2,2,0,0
15696,1713,Ir|V,4,1,1,0,2,2,4,0,4,0,2
15697,1226,Ir|Nb,1,2,1,0,3,1,0,4,4,4,1
15698,1226,Ir|Nb,1,2,1,0,3,1,0,2,4,1,0
15699,1226,Ir|Nb,1,2,1,0,3,1,3,4,1,1,4
15700,1226,Ir|Nb,1,2,1,0,3,1,0,2,4,4,4
15701,1226,Ir|Nb,1,2,1,0,3,1,4,4,2,2,4
15702,1228,Ir|Ta,1,2,1,2,1,4,2,1,4,2,3
15703,1228,Ir|Ta,1,2,1,2,1,4,2,2,2,2,3
15704,1228,Ir|Ta,1,2,1,2,1,4,2,2,2,1,0
15705,1228,Ir|Ta,1,2,1,2,1,4,0,3,4,3,2
15706,1228,Ir|Ta,1,2,1,2,1,4,2,2,3,2,2
15707,2423,Ir|Ru,4,3,2,3,2,2,4,0,3,2,1
15708,2423,Ir|Ru,4,3,2,3,2,2,4,0,3,3,1
15709,2423,Ir|Ru,4,3,2,3,2,2,2,2,3,2,1
15710,2423,Ir|Ru,4,3,2,3,2,2,4,2,1,1,3
15711,2423,Ir|Ru,4,3,2,3,2,2,1,3,2,1,4
15712,2423,Ir|Ru,4,3,2,3,2,2,0,3,4,0,2
15713,2457,Ir|Rh,4,0,1,0,2,1,4,3,1,2,4
15714,2457,Ir|Rh,4,0,1,0,2,1,2,4,2,4,4
15715,2457,Ir|Rh,4,0,1,0,2,1,0,0,3,0,0
15716,2457,Ir|Rh,4,0,1,0,2,1,4,2,1,4,3
15717,2457,Ir|Rh,4,0,1,0,2,1,3,3,2,3,0
15718,2458,Ir|Pd,0,3,0,2,3,2,2,2,1,1,0
15719,2458,Ir|Pd,0,3,0,2,3,2,0,2,4,1,0
15720,2458,Ir|Pd,0,3,0,2,3,2,3,4,2,0,3
15721,2458,Ir|Pd,0,3,0,2,3,2,2,1,0,3,4
15722,2458,Ir|Pd,0,3,0,2,3,2,1,4,2,2,2
15723,2459,Ir|Re|Rh,4,3,3,3,1,3,2,4,3,2,0
15724,2459,Ir|Re|Rh,4,3,3,3,1,3,4,3,2,2,1
15725,2459,Ir|Re|Rh,4,3,3,3,1,3,2,0,3,0,0
15726,2459,Ir|Re|Rh,4,3,3,3,1,3,2,1,2,1,4
15727,2459,Ir|Re|Rh,4,3,3,3,1,3,4,0,2,1,1
15728,1696,Ir|Os|Rh,3,1,2,2,0,0,3,1,1,2,4
15729,1696,Ir|Os|Rh,3,1,2,2,0,0,4,2,4,4,2
15730,1696,Ir|Os|Rh,3,1,2,2,0,0,2,0,0,0,1
15731,1696,Ir|Os|Rh,3,1,2,2,0,0,2,3,0,3,0
15732,1696,Ir|Os|Rh,3,1,2,2,0,0,3,4,2,3,1
15733,1696,Ir|Os|Rh,3,1,2,2,0,0,2,0,2,2,1
15734,1696,Ir|Os|Rh,3,1,2,2,0,0,3,2,2,4,2
15735,1696,Ir|Os|Rh,3,1,2,2,0,0,3,2,0,0,1
15736,1696,Ir|Os|Rh,3,1,2,2,0,0,0,1,0,3,3
15737,1696,Ir|Os|Rh,3,1,2,2,0,0,0,1,1,3,2
15738,1696,Ir|Os|Rh,3,1,2,2,0,0,0,3,4,0,3
15739,1696,Ir|Os|Rh,3,1,2,2,0,0,4,0,2,2,3
15740,1696,Ir|Os|Rh,3,1,2,2,0,0,0,1,4,3,3
15741,1696,Ir|Os|Rh,3,1,2,2,0,0,4,2,0,3,3
15742,1696,Ir|Os|Rh,3,1,2,2,0,0,0,1,4,4,2
15743,1696,Ir|Os|Rh,3,1,2,2,0,0,2,2,4,4,0
15744,1696,Ir|Os|Rh,3,1,2,2,0,0,4,1,1,0,0
15745,1696,Ir|Os|Rh,3,1,2,2,0,0,3,1,2,1,2
15746,1696,Ir|Os|Rh,3,1,2,2,0,0,2,1,0,4,0
15747,1696,Ir|Os|Rh,3,1,2,2,0,0,2,3,3,1,1
15748,2460,Ir|Rh|Ru,3,0,3,3,3,4,4,0,4,1,3
15749,2460,Ir|Rh|Ru,3,0,3,3,3,4,3,4,4,3,3
15750,2460,Ir|Rh|Ru,3,0,3,3,3,4,0,1,0,4,4
15751,2460,Ir|Rh|Ru,3,0,3,3,3,4,2,3,0,4,4
15752,2460,Ir|Rh|Ru,3,0,3,3,3,4,0,1,1,0,0
15753,1226,Ir|Nb,1,2,1,0,3,1,0,1,3,1,3
15754,1226,Ir|Nb,1,2,1,0,3,1,0,1,3,2,4
15755,1222,Mo|Re,3,1,3,3,1,1,0,0,3,0,2
15756,1222,Mo|Re,3,1,3,3,1,1,0,3,0,1,1
15757,1222,Mo|Re,3,1,3,3,1,1,4,1,2,3,1
15758,1226,Ir|Nb,1,2,1,0,3,1,1,2,2,3,4
15759,1226,Ir|Nb,1,2,1,0,3,1,0,4,1,0,3
15760,1226,Ir|Nb,1,2,1,0,3,1,1,2,0,0,2
15761,1222,Mo|Re,3,1,3,3,1,1,0,1,4,3,1
15762,1222,Mo|Re,3,1,3,3,1,1,0,2,4,2,3
15763,1222,Mo|Re,3,1,3,3,1,1,3,2,3,3,3
15764,1222,Mo|Re,3,1,3,3,1,1,0,0,1,4,3
15765,1890,Re|W,2,3,4,2,0,3,3,0,2,0,0
15766,1890,Re|W,2,3,4,2,0,3,4,4,1,2,3
15767,2461,Re|Rh,1,3,0,1,4,2,3,2,3,0,0
15768,1887,Re|Ru,3,1,4,0,3,0,4,3,2,1,3
15769,1704,Ir|Re,0,3,3,4,3,3,1,4,2,3,1
15770,1838,Os|Re,2,4,4,3,2,0,2,2,0,2,2
15771,1024,Re,4,3,3,4,4,4,3,3,3,1,2
15772,1838,Os|Re,2,4,4,3,2,0,1,3,2,4,3
15773,1838,Os|Re,2,4,4,3,2,0,3,4,0,0,0
15774,1838,Os|Re,2,4,4,3,2,0,1,4,0,2,2
15775,1838,Os|Re,2,4,4,3,2,0,3,0,0,1,1
15776,1838,Os|Re,2,4,4,3,2,0,1,1,0,1,1
15777,1838,Os|Re,2,4,4,3,2,0,4,2,4,2,2
15778,1838,Os|Re,2,4,4,3,2,0,3,3,1,1,0
15779,1838,Os|Re,2,4,4,3,2,0,1,1,1,1,1
15780,1838,Os|Re,2,4,4,3,2,0,0,3,3,0,4
15781,1027,Os,4,1,2,2,1,3,4,2,3,1,4
15782,1027,Os,4,1,2,2,1,3,2,1,1,4,2
15783,2462,Os|Ru,0,0,0,3,1,2,2,1,2,3,0
15784,2462,Os|Ru,0,0,0,3,1,2,3,4,3,2,4
15785,2462,Os|Ru,0,0,0,3,1,2,1,0,2,0,0
15786,1736,La|Tl,3,2,1,3,2,4,0,4,0,0,2
15787,2455,La|Pr|Tl,2,0,3,0,2,4,0,4,2,2,3
15788,2455,La|Pr|Tl,2,0,3,0,2,4,2,0,3,2,2
15789,2455,La|Pr|Tl,2,0,3,0,2,4,3,1,2,1,3
15790,2455,La|Pr|Tl,2,0,3,0,2,4,4,3,4,1,3
15791,2455,La|Pr|Tl,2,0,3,0,2,4,3,2,3,4,4
15792,2455,La|Pr|Tl,2,0,3,0,2,4,4,3,0,3,0
15793,2455,La|Pr|Tl,2,0,3,0,2,4,2,1,4,3,1
15794,2455,La|Pr|Tl,2,0,3,0,2,4,2,1,0,0,3
15795,2463,La|Pr|Se,1,4,3,1,0,4,3,2,0,3,4
15796,2463,La|Pr|Se,1,4,3,1,0,4,1,0,0,4,3
15797,2463,La|Pr|Se,1,4,3,1,0,4,0,2,0,4,0
15798,2463,La|Pr|Se,1,4,3,1,0,4,2,4,1,0,1
15799,2463,La|Pr|Se,1,4,3,1,0,4,0,3,0,1,2
15800,2463,La|Pr|Se,1,4,3,1,0,4,3,2,3,0,0
15801,2463,La|Pr|Se,1,4,3,1,0,4,3,1,0,3,1
15802,2464,La|Pr|S,3,3,4,2,0,2,2,4,2,1,1
15803,2464,La|Pr|S,3,3,4,2,0,2,2,1,3,3,1
15804,989,B|C|Mg,0,0,4,4,2,0,3,1,1,0,1
15805,989,B|C|Mg,0,0,4,4,2,0,0,0,3,0,3
15806,989,B|C|Mg,0,0,4,4,2,0,1,1,3,3,0
15807,2465,P|Pr|Ru,0,2,4,3,4,3,3,2,1,0,0
15808,2466,B|Mg|Sc,1,2,2,0,3,0,3,0,2,2,0
15809,2466,B|Mg|Sc,1,2,2,0,3,0,4,3,3,0,0
15810,2466,B|Mg|Sc,1,2,2,0,3,0,2,2,0,2,2
15811,1074,C|Mg|Ni|Ru,4,1,0,2,2,2,4,4,1,2,1
15812,1074,C|Mg|Ni|Ru,4,1,0,2,2,2,3,4,4,0,3
15813,1074,C|Mg|Ni|Ru,4,1,0,2,2,2,3,2,1,2,3
15814,1074,C|Mg|Ni|Ru,4,1,0,2,2,2,2,3,3,2,0
15815,1074,C|Mg|Ni|Ru,4,1,0,2,2,2,2,3,0,1,3
15816,1074,C|Mg|Ni|Ru,4,1,0,2,2,2,3,3,2,1,1
15817,1071,Cl|N|Zr,1,4,1,4,3,2,3,4,1,4,1
15818,2467,Co|Sn|Yb,0,4,1,1,3,0,1,1,0,4,2
15819,1387,Au|Ga,2,1,0,0,0,2,0,4,3,2,3
15820,1400,Au|Ga|Pd,3,4,3,2,1,0,2,4,3,2,4
15821,1400,Au|Ga|Pd,3,4,3,2,1,0,0,4,1,4,4
15822,1733,La|Ru,0,2,3,0,2,4,2,3,2,0,0
15823,2352,B|C|Er|Fe|Ni,3,3,1,0,2,2,3,4,4,1,3
15824,2352,B|C|Er|Fe|Ni,3,3,1,0,2,2,2,2,2,4,0
15825,2352,B|C|Er|Fe|Ni,3,3,1,0,2,2,2,2,2,1,1
15826,2352,B|C|Er|Fe|Ni,3,3,1,0,2,2,2,4,4,4,1
15827,2468,B|C|Fe|Ho|Ni,4,0,4,0,0,0,2,4,1,2,0
15828,1112,B|Nb,0,4,2,4,2,0,3,3,2,2,0
15829,2469,As|Te,2,3,3,1,3,4,1,2,2,2,0
15830,1270,As,2,1,1,4,3,4,0,4,1,3,3
15831,1024,Re,4,3,3,4,4,4,3,4,3,4,4
15832,1838,Os|Re,2,4,4,3,2,0,4,2,1,0,2
15833,1838,Os|Re,2,4,4,3,2,0,2,4,1,4,0
15834,1780,Mo|Zr,0,2,2,0,2,2,3,4,0,4,0
15835,1780,Mo|Zr,0,2,2,0,2,2,4,3,1,2,0
15836,1780,Mo|Zr,0,2,2,0,2,2,0,4,0,0,4
15837,1780,Mo|Zr,0,2,2,0,2,2,3,1,0,2,0
15838,1780,Mo|Zr,0,2,2,0,2,2,1,4,3,2,2
15839,1780,Mo|Zr,0,2,2,0,2,2,1,3,0,2,3
15840,1225,Nb|Rh,3,0,2,4,3,2,4,1,3,3,0
15841,2004,Au|Nb|Rh,1,2,3,2,1,3,2,2,0,3,1
15842,1788,Nb|O,2,3,3,4,3,4,2,2,0,3,0
15843,1788,Nb|O,2,3,3,4,3,4,4,4,4,1,3
15844,1788,Nb|O,2,3,3,4,3,4,0,1,2,2,0
15845,1788,Nb|O,2,3,3,4,3,4,3,1,1,2,3
15846,1788,Nb|O,2,3,3,4,3,4,3,1,4,1,2
15847,1788,Nb|O,2,3,3,4,3,4,2,0,2,1,4
15848,1788,Nb|O,2,3,3,4,3,4,4,3,3,1,2
15849,1265,Nb,2,3,0,0,4,2,0,2,0,2,3
15850,1265,Nb,2,3,0,0,4,2,1,3,2,3,0
15851,988,B|Mg,0,0,1,4,3,2,1,4,1,0,1
15852,1811,Nb|Ti,4,2,3,1,3,4,4,0,2,0,1
15853,1814,Nb|Ta|Ti,1,3,1,4,3,0,0,2,2,1,4
15854,1814,Nb|Ta|Ti,1,3,1,4,3,0,4,2,3,1,3
15855,1814,Nb|Ta|Ti,1,3,1,4,3,0,1,3,4,0,1
15856,1814,Nb|Ta|Ti,1,3,1,4,3,0,3,2,2,2,1
15857,1814,Nb|Ta|Ti,1,3,1,4,3,0,3,2,4,3,0
15858,1814,Nb|Ta|Ti,1,3,1,4,3,0,4,2,0,2,3
15859,1814,Nb|Ta|Ti,1,3,1,4,3,0,2,2,3,1,2
15860,1932,Ta|Ti,3,3,3,1,4,2,4,4,4,0,1
15861,1265,Nb,2,3,0,0,4,2,1,3,1,4,4
15862,1806,Nb|Ta,0,0,4,0,1,0,2,1,1,2,2
15863,1806,Nb|Ta,0,0,4,0,1,0,0,0,3,4,4
15864,1938,Ti|V,1,4,1,2,1,1,4,1,1,3,3
15865,1938,Ti|V,1,4,1,2,1,1,4,4,0,1,4
15866,1817,Nb|Zr,1,1,1,1,0,2,1,2,0,0,3
15867,1817,Nb|Zr,1,1,1,1,0,2,3,2,3,4,4
15868,1817,Nb|Zr,1,1,1,1,0,2,2,4,1,3,4
15869,1817,Nb|Zr,1,1,1,1,0,2,1,3,2,3,4
15870,1806,Nb|Ta,0,0,4,0,1,0,4,4,3,2,3
15871,1806,Nb|Ta,0,0,4,0,1,0,2,3,1,4,3
15872,1806,Nb|Ta,0,0,4,0,1,0,4,2,0,3,1
15873,1806,Nb|Ta,0,0,4,0,1,0,3,2,3,2,4
15874,1266,Ta,3,0,1,1,3,3,3,4,1,2,4
15875,1266,Ta,3,0,1,1,3,3,4,3,3,2,2
15876,1806,Nb|Ta,0,0,4,0,1,0,0,1,2,3,0
15877,1806,Nb|Ta,0,0,4,0,1,0,0,0,3,2,3
15878,1806,Nb|Ta,0,0,4,0,1,0,4,1,4,1,2
15879,1806,Nb|Ta,0,0,4,0,1,0,1,0,2,4,4
15880,2343,V,1,1,3,1,2,0,2,1,2,0,0
15881,2038,Nb|V,4,2,0,0,1,0,4,4,1,0,2
15882,2038,Nb|V,4,2,0,0,1,0,3,3,3,1,2
15883,2038,Nb|V,4,2,0,0,1,0,3,2,1,0,4
15884,2038,Nb|V,4,2,0,0,1,0,0,0,3,2,4
15885,2038,Nb|V,4,2,0,0,1,0,2,4,0,4,3
15886,2038,Nb|V,4,2,0,0,1,0,0,1,4,0,1
15887,1265,Nb,2,3,0,0,4,2,1,2,2,2,2
15888,1931,Ta|V,0,1,1,3,0,3,1,2,2,2,4
15889,1931,Ta|V,0,1,1,3,0,3,1,0,0,1,2
15890,1931,Ta|V,0,1,1,3,0,3,1,0,2,3,1
15891,1931,Ta|V,0,1,1,3,0,3,2,3,4,0,2
15892,1931,Ta|V,0,1,1,3,0,3,4,2,1,4,2
15893,1266,Ta,3,0,1,1,3,3,4,4,3,1,0
15894,1806,Nb|Ta,0,0,4,0,1,0,0,0,1,1,3
15895,1806,Nb|Ta,0,0,4,0,1,0,3,2,4,3,0
15896,1806,Nb|Ta,0,0,4,0,1,0,2,0,2,0,0
15897,1806,Nb|Ta,0,0,4,0,1,0,3,2,1,2,2
15898,1806,Nb|Ta,0,0,4,0,1,0,1,3,0,1,3
15899,2343,V,1,1,3,1,2,0,2,3,4,0,4
15900,1577,Cr|V,4,0,2,1,1,2,0,2,0,3,4
15901,1577,Cr|V,4,0,2,1,1,2,1,1,4,0,4
15902,1577,Cr|V,4,0,2,1,1,2,2,2,4,1,1
15903,1577,Cr|V,4,0,2,1,1,2,2,3,0,2,3
15904,1577,Cr|V,4,0,2,1,1,2,0,0,0,0,4
15905,1938,Ti|V,1,4,1,2,1,1,3,4,4,4,3
15906,1938,Ti|V,1,4,1,2,1,1,1,2,1,0,4
15907,1938,Ti|V,1,4,1,2,1,1,2,1,4,0,4
15908,1938,Ti|V,1,4,1,2,1,1,1,1,1,0,3
15909,1577,Cr|V,4,0,2,1,1,2,3,0,3,4,1
15910,1577,Cr|V,4,0,2,1,1,2,3,3,3,3,4
15911,1577,Cr|V,4,0,2,1,1,2,2,0,3,1,3
15912,1577,Cr|V,4,0,2,1,1,2,4,2,4,2,3
15913,2470,Co|V,2,3,1,4,0,4,1,4,0,3,4
15914,2470,Co|V,2,3,1,4,0,4,4,1,3,4,0
15915,2470,Co|V,2,3,1,4,0,4,0,2,2,3,0
15916,2470,Co|V,2,3,1,4,0,4,2,4,2,4,3
15917,1820,Ni|V,3,3,4,1,1,1,1,4,0,0,4
15918,1820,Ni|V,3,3,4,1,1,1,1,4,0,3,3
15919,1820,Ni|V,3,3,4,1,1,1,4,2,3,1,3
15920,1817,Nb|Zr,1,1,1,1,0,2,4,0,1,2,4
15921,1817,Nb|Zr,1,1,1,1,0,2,3,4,1,1,1
15922,1817,Nb|Zr,1,1,1,1,0,2,0,0,2,3,2
15923,1817,Nb|Zr,1,1,1,1,0,2,4,0,4,2,0
15924,1817,Nb|Zr,1,1,1,1,0,2,4,0,1,3,3
15925,1817,Nb|Zr,1,1,1,1,0,2,1,4,2,1,1
15926,1144,Nb|Sn,4,4,1,2,2,3,4,3,3,1,1
15927,2007,Nb|Sb|Sn,0,3,3,3,0,1,3,1,1,3,2
15928,2007,Nb|Sb|Sn,0,3,3,3,0,1,3,2,1,2,4
15929,2007,Nb|Sb|Sn,0,3,3,3,0,1,4,2,1,1,2
15930,1616,Ga|Nb,1,3,4,3,2,1,3,1,3,4,0
15931,1144,Nb|Sn,4,4,1,2,2,3,3,0,3,4,3
15932,2471,Nb|Sn|Ti,1,4,0,4,0,4,0,3,3,3,3
15933,2471,Nb|Sn|Ti,1,4,0,4,0,4,1,0,4,2,4
15934,2471,Nb|Sn|Ti,1,4,0,4,0,4,0,4,0,1,4
15935,1807,Nb|Sn|Zr,3,3,2,3,3,3,2,3,2,1,3
15936,1807,Nb|Sn|Zr,3,3,2,3,3,3,2,2,4,2,1
15937,1807,Nb|Sn|Zr,3,3,2,3,3,3,4,0,0,4,3
15938,1807,Nb|Sn|Zr,3,3,2,3,3,3,1,2,4,1,4
15939,1807,Nb|Sn|Zr,3,3,2,3,3,3,4,0,1,3,4
15940,1808,Nb|Sn|V,1,1,0,4,0,3,3,0,0,3,1
15941,1808,Nb|Sn|V,1,1,0,4,0,3,4,0,4,2,2
15942,1808,Nb|Sn|V,1,1,0,4,0,3,0,4,1,2,0
15943,1808,Nb|Sn|V,1,1,0,4,0,3,2,4,0,1,0
15944,1805,Nb|Sn|Ta,3,4,1,0,3,3,3,1,1,3,3
15945,1805,Nb|Sn|Ta,3,4,1,0,3,3,1,1,0,2,3
15946,1805,Nb|Sn|Ta,3,4,1,0,3,3,2,4,1,1,0
15947,1805,Nb|Sn|Ta,3,4,1,0,3,3,1,4,1,0,2
15948,1805,Nb|Sn|Ta,3,4,1,0,3,3,1,4,0,4,3
15949,1265,Nb,2,3,0,0,4,2,4,1,2,1,0
15950,1806,Nb|Ta,0,0,4,0,1,0,4,2,3,0,3
15951,1806,Nb|Ta,0,0,4,0,1,0,2,0,1,0,2
15952,1806,Nb|Ta,0,0,4,0,1,0,2,4,3,1,1
15953,1873,Pd|Te,3,3,1,2,3,2,2,1,0,4,0
15954,1000,Nb|Se,0,2,1,4,0,2,1,2,4,4,3
15955,1000,Nb|Se,0,2,1,4,0,2,1,1,3,2,4
15956,1000,Nb|Se,0,2,1,4,0,2,4,1,4,3,0
15957,1000,Nb|Se,0,2,1,4,0,2,3,2,1,1,3
15958,1000,Nb|Se,0,2,1,4,0,2,3,2,4,1,0
15959,1000,Nb|Se,0,2,1,4,0,2,3,2,3,2,0
15960,1000,Nb|Se,0,2,1,4,0,2,3,0,3,0,4
15961,971,Sn,0,0,4,3,0,1,0,0,2,0,3
15962,1265,Nb,2,3,0,0,4,2,0,3,3,2,1
15963,2472,Nb|Y,3,0,2,4,3,2,1,1,1,1,0
15964,2472,Nb|Y,3,0,2,4,3,2,0,4,3,0,2
15965,2473,Gd|Nb,4,2,2,3,2,2,3,2,2,2,4
15966,2473,Gd|Nb,4,2,2,3,2,2,2,1,1,0,3
15967,1825,O|Ti,0,0,1,3,4,3,3,1,2,4,1
15968,1825,O|Ti,0,0,1,3,4,3,1,1,0,4,0
15969,1825,O|Ti,0,0,1,3,4,3,4,2,3,3,4
15970,1265,Nb,2,3,0,0,4,2,1,3,4,0,4
15971,1806,Nb|Ta,0,0,4,0,1,0,3,1,1,3,2
15972,1806,Nb|Ta,0,0,4,0,1,0,4,3,1,3,1
15973,1806,Nb|Ta,0,0,4,0,1,0,0,2,0,1,4
15974,1806,Nb|Ta,0,0,4,0,1,0,0,0,2,1,2
15975,1806,Nb|Ta,0,0,4,0,1,0,1,1,1,0,4
15976,1806,Nb|Ta,0,0,4,0,1,0,0,1,4,3,3
15977,1806,Nb|Ta,0,0,4,0,1,0,2,1,1,4,1
15978,977,Be|W,2,0,2,2,0,1,4,3,1,3,2
15979,1233,Re|Zr,2,3,2,3,0,1,4,2,1,0,0
15980,1342,Al|Ge,0,3,0,2,4,0,0,3,4,0,0
15981,1807,Nb|Sn|Zr,3,3,2,3,3,3,2,3,1,1,2
15982,1790,Nb|Re,2,1,0,4,1,2,3,2,1,1,2
15983,2474,Mg|Nb,0,2,0,2,2,4,4,3,0,2,4
15984,1095,V|Zr,4,1,4,1,2,4,0,3,2,4,0
15985,1818,Nb|V|Zr,3,2,0,0,0,2,4,2,4,1,2
15986,1818,Nb|V|Zr,3,2,0,0,0,2,0,1,4,3,1
15987,1818,Nb|V|Zr,3,2,0,0,0,2,1,2,1,4,0
15988,1818,Nb|V|Zr,3,2,0,0,0,2,2,1,1,0,4
15989,1818,Nb|V|Zr,3,2,0,0,0,2,1,3,0,2,2
15990,1818,Nb|V|Zr,3,2,0,0,0,2,1,0,0,0,4
15991,1818,Nb|V|Zr,3,2,0,0,0,2,3,1,3,3,2
15992,1818,Nb|V|Zr,3,2,0,0,0,2,3,2,1,4,2
15993,1818,Nb|V|Zr,3,2,0,0,0,2,4,1,1,3,3
15994,1818,Nb|V|Zr,3,2,0,0,0,2,3,3,3,3,2
15995,1818,Nb|V|Zr,3,2,0,0,0,2,4,3,1,2,3
15996,1818,Nb|V|Zr,3,2,0,0,0,2,4,1,4,2,0
15997,1825,O|Ti,0,0,1,3,4,3,4,0,3,4,3
15998,1825,O|Ti,0,0,1,3,4,3,3,1,3,1,1
15999,1825,O|Ti,0,0,1,3,4,3,0,0,1,3,4
16000,1853,Pb|Sb,2,2,3,2,0,2,2,4,1,4,4
16001,1472,Bi|Pb,4,4,4,4,3,2,1,3,4,3,0
16002,1852,Pb|Sn,2,0,2,0,1,4,3,1,1,0,4
16003,1678,In|Pb,2,1,1,1,3,4,1,0,4,0,1
16004,1858,Pb|Tl,4,3,0,3,4,2,3,4,0,2,4
16005,1858,Pb|Tl,4,3,0,3,4,2,4,0,4,1,0
16006,1859,Pd|Sb,3,1,1,0,0,0,1,4,0,2,2
16007,1859,Pd|Sb,3,1,1,0,0,0,0,2,0,0,1
16008,1859,Pd|Sb,3,1,1,0,0,0,1,1,1,2,4
16009,2475,Pd|Sb|Ti,4,2,2,2,2,2,0,1,1,2,4
16010,2476,Pd|Sb|V,0,1,3,1,2,0,2,1,4,2,2
16011,2476,Pd|Sb|V,0,1,3,1,2,0,0,1,3,3,0
16012,2477,Pd|Sb|Sc,3,4,4,1,3,1,3,4,2,4,4
16013,2476,Pd|Sb|V,0,1,3,1,2,0,4,4,2,1,4
16014,2478,Cr|Pd|Sb,0,3,2,2,4,0,3,3,1,1,2
16015,2479,Mn|Pd|Sb,4,2,0,1,0,3,4,1,1,4,3
16016,2480,Fe|Pd|Sb,1,0,3,1,2,4,2,0,4,2,2
16017,2480,Fe|Pd|Sb,1,0,3,1,2,4,2,0,2,2,4
16018,2481,Co|Pd|Sb,3,1,2,4,4,0,4,4,0,4,4
16019,2482,Ni|Pd|Sb,2,2,3,2,2,4,1,1,3,3,0
16020,2482,Ni|Pd|Sb,2,2,3,2,2,4,3,0,4,3,4
16021,2483,Cu|Pd|Sb,2,1,0,3,1,0,1,0,3,1,1
16022,2484,Nb|Pd|Sb,1,1,2,0,4,3,3,0,3,0,4
16023,2485,Mo|Pd|Sb,0,0,3,0,3,2,4,3,0,2,2
16024,2486,Pd|Ru|Sb,4,3,4,0,3,1,0,2,2,4,4
16025,984,Cd,1,0,0,0,3,2,3,0,2,2,3
16026,1024,Re,4,3,3,4,4,4,1,3,4,4,3
16027,1838,Os|Re,2,4,4,3,2,0,3,0,3,2,0
16028,1838,Os|Re,2,4,4,3,2,0,0,2,3,4,3
16029,1838,Os|Re,2,4,4,3,2,0,4,0,0,4,4
16030,1838,Os|Re,2,4,4,3,2,0,4,0,4,3,2
16031,1838,Os|Re,2,4,4,3,2,0,0,4,3,0,0
16032,1838,Os|Re,2,4,4,3,2,0,2,3,0,1,4
16033,1838,Os|Re,2,4,4,3,2,0,0,4,2,1,1
16034,1838,Os|Re,2,4,4,3,2,0,0,4,2,2,0
16035,1886,Re|Ta,3,1,3,1,3,3,1,1,2,4,3
16036,1886,Re|Ta,3,1,3,1,3,3,4,1,1,1,4
16037,1886,Re|Ta,3,1,3,1,3,3,0,4,2,4,2
16038,1886,Re|Ta,3,1,3,1,3,3,3,4,0,0,4
16039,1886,Re|Ta,3,1,3,1,3,3,1,3,0,4,1
16040,1886,Re|Ta,3,1,3,1,3,3,2,0,2,4,3
16041,1073,C|Mg|Ni,1,2,0,4,2,4,2,4,0,0,0
16042,1073,C|Mg|Ni,1,2,0,4,2,4,3,2,0,1,3
16043,1697,Ir|Os,1,1,1,0,3,2,4,3,2,2,4
16044,1882,Pt|W,4,3,0,2,0,4,0,1,1,4,3
16045,1907,Rh|Ti,4,1,1,3,3,3,4,0,4,1,4
16046,1907,Rh|Ti,4,1,1,3,3,3,4,3,2,4,0
16047,1907,Rh|Ti,4,1,1,3,3,3,1,2,0,3,4
16048,1907,Rh|Ti,4,1,1,3,3,3,3,1,0,2,3
16049,1907,Rh|Ti,4,1,1,3,3,3,1,3,1,0,2
16050,1907,Rh|Ti,4,1,1,3,3,3,4,1,4,0,0
16051,1907,Rh|Ti,4,1,1,3,3,3,2,3,1,0,2
16052,1907,Rh|Ti,4,1,1,3,3,3,0,2,4,4,0
16053,1907,Rh|Ti,4,1,1,3,3,3,3,4,0,1,3
16054,1907,Rh|Ti,4,1,1,3,3,3,1,3,1,1,4
16055,1231,Rh|Zr,3,0,2,0,0,2,3,0,0,1,1
16056,1231,Rh|Zr,3,0,2,0,0,2,2,1,2,2,2
16057,1231,Rh|Zr,3,0,2,0,0,2,4,0,3,3,3
16058,1231,Rh|Zr,3,0,2,0,0,2,2,3,4,1,2
16059,1231,Rh|Zr,3,0,2,0,0,2,0,1,4,4,1
16060,1231,Rh|Zr,3,0,2,0,0,2,4,0,0,2,4
16061,1231,Rh|Zr,3,0,2,0,0,2,2,4,4,4,4
16062,1231,Rh|Zr,3,0,2,0,0,2,4,0,1,4,2
16063,1231,Rh|Zr,3,0,2,0,0,2,3,2,1,4,1
16064,1231,Rh|Zr,3,0,2,0,0,2,2,3,3,0,4
16065,1231,Rh|Zr,3,0,2,0,0,2,0,1,4,3,0
16066,1231,Rh|Zr,3,0,2,0,0,2,2,0,2,0,1
16067,1142,Sb|Ti,3,2,0,1,2,0,0,4,3,1,4
16068,1799,Nb|Sb|Ti,4,3,4,1,1,4,0,3,3,4,1
16069,1921,Sb|V,2,3,0,4,2,4,1,4,0,3,1
16070,1939,Ti,4,0,4,1,3,4,2,3,3,1,0
16071,1265,Nb,2,3,0,0,4,2,1,0,1,3,3
16072,2487,Sb|Ti|V,3,0,2,2,3,4,1,1,0,0,2
16073,1799,Nb|Sb|Ti,4,3,4,1,1,4,1,4,4,2,1
16074,1799,Nb|Sb|Ti,4,3,4,1,1,4,4,1,0,1,1
16075,1142,Sb|Ti,3,2,0,1,2,0,4,1,1,2,2
16076,1873,Pd|Te,3,3,1,2,3,2,0,1,0,0,2
16077,1873,Pd|Te,3,3,1,2,3,2,4,3,4,1,0
16078,1231,Rh|Zr,3,0,2,0,0,2,4,4,0,0,3
16079,1231,Rh|Zr,3,0,2,0,0,2,4,0,0,4,3
16080,1231,Rh|Zr,3,0,2,0,0,2,4,3,4,0,0
16081,1231,Rh|Zr,3,0,2,0,0,2,3,3,2,3,3
16082,1911,Ru|V,1,3,0,4,2,4,4,4,2,0,2
16083,1911,Ru|V,1,3,0,4,2,4,4,3,3,1,1
16084,1911,Ru|V,1,3,0,4,2,4,3,3,0,4,0
16085,1911,Ru|V,1,3,0,4,2,4,1,0,4,4,1
16086,1911,Ru|V,1,3,0,4,2,4,2,3,0,1,1
16087,1911,Ru|V,1,3,0,4,2,4,1,4,1,2,0
16088,2488,Pd|W,0,1,4,2,2,2,4,3,1,2,3
16089,2488,Pd|W,0,1,4,2,2,2,2,1,2,1,2
16090,2488,Pd|W,0,1,4,2,2,2,3,4,3,3,0
16091,1882,Pt|W,4,3,0,2,0,4,3,4,3,2,1
16092,1882,Pt|W,4,3,0,2,0,4,1,0,3,1,4
16093,1882,Pt|W,4,3,0,2,0,4,2,4,2,0,0
16094,1882,Pt|W,4,3,0,2,0,4,0,4,2,0,1
16095,1231,Rh|Zr,3,0,2,0,0,2,1,2,0,0,0
16096,1231,Rh|Zr,3,0,2,0,0,2,1,1,0,0,3
16097,1231,Rh|Zr,3,0,2,0,0,2,1,0,3,2,2
16098,1231,Rh|Zr,3,0,2,0,0,2,0,1,2,3,1
16099,1231,Rh|Zr,3,0,2,0,0,2,2,2,2,1,2
16100,1231,Rh|Zr,3,0,2,0,0,2,3,4,1,2,3
16101,1231,Rh|Zr,3,0,2,0,0,2,1,3,0,4,1
16102,1231,Rh|Zr,3,0,2,0,0,2,4,1,1,1,4
16103,1149,Si|V,4,4,0,4,3,1,1,0,0,4,1
16104,1932,Ta|Ti,3,3,3,1,4,2,2,0,3,3,0
16105,1932,Ta|Ti,3,3,3,1,4,2,4,1,2,4,4
16106,1782,N|Nb,3,3,1,0,4,1,1,1,2,3,2
16107,1942,Tc|W,2,1,4,4,0,0,3,1,4,4,3
16108,1942,Tc|W,2,1,4,4,0,0,3,0,1,0,4
16109,1942,Tc|W,2,1,4,4,0,0,0,3,4,4,4
16110,2489,Sc|V,0,3,1,2,4,0,3,2,2,2,2
16111,2489,Sc|V,0,3,1,2,4,0,1,3,4,2,2
16112,2489,Sc|V,0,3,1,2,4,0,0,3,4,2,3
16113,2489,Sc|V,0,3,1,2,4,0,2,2,4,0,1
16114,2489,Sc|V,0,3,1,2,4,0,2,2,3,2,1
16115,2489,Sc|V,0,3,1,2,4,0,2,1,1,1,4
16116,1937,Ta|Zr,2,3,2,4,3,2,3,0,1,4,0
16117,1937,Ta|Zr,2,3,2,4,3,2,1,0,1,2,3
16118,1937,Ta|Zr,2,3,2,4,3,2,4,4,4,2,1
16119,1937,Ta|Zr,2,3,2,4,3,2,1,1,3,1,2
16120,1937,Ta|Zr,2,3,2,4,3,2,0,3,1,4,3
16121,1937,Ta|Zr,2,3,2,4,3,2,1,3,0,3,4
16122,1937,Ta|Zr,2,3,2,4,3,2,2,1,3,0,0
16123,1091,Y,1,2,2,3,2,0,2,4,0,0,2
16124,1267,Te,0,1,3,0,3,1,0,3,0,4,1
16125,2393,Al|Mn,0,3,3,2,0,1,0,3,3,1,2
16126,2393,Al|Mn,0,3,3,2,0,1,2,3,3,4,2
16127,1366,Al|Ti|V,0,0,4,3,4,2,2,2,4,0,4
16128,1366,Al|Ti|V,0,0,4,3,4,2,4,2,2,3,2
16129,1366,Al|Ti|V,0,0,4,3,4,2,1,2,2,3,3
16130,1366,Al|Ti|V,0,0,4,3,4,2,3,2,0,3,3
16131,1366,Al|Ti|V,0,0,4,3,4,2,1,3,2,0,4
16132,1366,Al|Ti|V,0,0,4,3,4,2,3,0,2,0,1
16133,2017,Al|Cr|V,4,1,0,4,0,2,2,4,0,1,3
16134,1935,Sn|V,4,3,3,0,3,4,0,0,4,4,4
16135,1935,Sn|V,4,3,3,0,3,4,2,0,3,4,2
16136,1921,Sb|V,2,3,0,4,2,4,2,4,1,1,0
16137,2343,V,1,1,3,1,2,0,2,0,2,0,3
16138,1931,Ta|V,0,1,1,3,0,3,4,0,4,3,3
16139,1931,Ta|V,0,1,1,3,0,3,4,3,4,3,0
16140,1931,Ta|V,0,1,1,3,0,3,0,2,1,4,4
16141,2490,Ag|B,2,3,0,4,3,2,1,4,1,1,1
16142,989,B|C|Mg,0,0,4,4,2,0,0,1,2,3,4
16143,2247,Mo|Se|Tl,4,4,4,1,1,4,0,2,1,2,2
16144,2117,Mo|Se|Sn,2,4,1,2,0,4,0,2,1,4,0
16145,2491,Ge|La|Rh,1,0,1,2,0,2,3,4,1,2,4
16146,2492,Ge|Pd|Yb,4,4,4,1,4,4,0,2,1,4,1
16147,1013,Ge|La|Pd,2,0,2,4,2,3,1,3,1,4,2
16148,2493,Ge|La|Pt,0,0,3,2,0,2,4,4,0,0,2
16149,2060,B|C|La|Lu|Ni,4,1,3,3,3,2,2,2,4,1,0
16150,2060,B|C|La|Lu|Ni,4,1,3,3,3,2,1,2,1,4,2
16151,2060,B|C|La|Lu|Ni,4,1,3,3,3,2,4,4,3,0,2
16152,2060,B|C|La|Lu|Ni,4,1,3,3,3,2,0,1,3,1,0
16153,2060,B|C|La|Lu|Ni,4,1,3,3,3,2,1,3,4,1,2
16154,989,B|C|Mg,0,0,4,4,2,0,0,3,3,4,3
16155,989,B|C|Mg,0,0,4,4,2,0,1,3,2,4,2
16156,989,B|C|Mg,0,0,4,4,2,0,4,0,4,2,4
16157,989,B|C|Mg,0,0,4,4,2,0,1,1,3,3,2
16158,989,B|C|Mg,0,0,4,4,2,0,4,2,0,4,0
16159,989,B|C|Mg,0,0,4,4,2,0,1,1,2,0,1
16160,989,B|C|Mg,0,0,4,4,2,0,3,2,3,0,2
16161,989,B|C|Mg,0,0,4,4,2,0,2,3,4,1,0
16162,989,B|C|Mg,0,0,4,4,2,0,3,4,2,0,4
16163,1019,C,3,3,4,3,4,0,4,1,1,0,1
16164,989,B|C|Mg,0,0,4,4,2,0,2,4,1,3,0
16165,989,B|C|Mg,0,0,4,4,2,0,4,3,2,1,0
16166,989,B|C|Mg,0,0,4,4,2,0,0,2,1,2,4
16167,989,B|C|Mg,0,0,4,4,2,0,1,2,2,0,2
16168,989,B|C|Mg,0,0,4,4,2,0,2,3,4,1,2
16169,989,B|C|Mg,0,0,4,4,2,0,0,0,0,1,0
16170,2287,Ir|Si|Y,4,0,3,2,1,0,0,0,4,0,2
16171,2074,P|Ru|Zr,2,0,2,0,4,0,2,4,0,3,1
16172,2494,P|Rh|Zr,1,2,2,4,2,2,4,1,1,3,4
16173,2495,Nb|P|Rh,2,0,1,2,2,2,3,0,1,3,2
16174,2496,P|Rh|Ta,3,4,1,0,2,4,4,3,4,0,3
16175,2074,P|Ru|Zr,2,0,2,0,4,0,0,3,2,3,2
16176,2202,Hf|P|Ru,1,2,2,0,1,3,4,0,4,2,3
16177,2274,Os|P|Zr,3,4,1,2,4,2,4,1,4,1,4
16178,2275,Hf|Os|P,2,1,3,3,1,0,1,0,1,2,4
16179,2497,As|Ru|Zr,3,3,2,2,3,2,2,1,1,2,0
16180,2498,As|Hf|Ru,4,4,4,4,2,3,0,4,4,1,4
16181,2499,As|Os|Zr,3,3,4,2,2,0,2,0,4,1,3
16182,2500,As|Hf|Os,2,3,0,0,1,0,3,4,1,3,4
16183,2501,B|Ru|Sc|Y,1,2,0,2,4,0,0,3,4,1,2
16184,987,B|C|Y,2,2,1,3,3,3,1,2,0,1,2
16185,2502,B|C|Lu,0,4,4,4,0,4,1,1,0,3,1
16186,2503,Rh|Si|Y,2,4,3,2,3,3,3,0,0,2,1
16187,2107,Fe|Sc|Si,4,4,2,4,2,3,4,0,4,2,4
16188,2109,Fe|Lu|Si,0,2,0,2,1,0,0,0,4,0,2
16189,2264,B|Ru|Y,0,3,2,4,2,4,4,3,2,0,0
16190,2268,B|Os|Y,3,0,2,4,4,3,3,2,4,2,0
16191,2268,B|Os|Y,3,0,2,4,4,3,0,2,2,1,2
16192,2276,Ru|Si|Y,1,3,0,3,1,2,4,1,2,1,3
16193,2277,La|Ru|Si,0,2,4,0,0,2,3,0,0,1,4
16194,2103,Co|Sc|Si,3,1,4,4,2,1,0,1,1,3,3
16195,2286,Rh|Sc|Si,0,3,1,4,2,0,2,4,3,2,1
16196,1039,Ir|Sc|Si,3,2,0,3,4,0,3,0,4,3,1
16197,2287,Ir|Si|Y,4,0,3,2,1,0,3,3,3,3,1
16198,2249,Lu|Rh|Si,0,2,2,3,3,2,3,3,0,1,3
16199,1187,Ir|Lu|Si,1,1,4,1,1,2,1,3,4,4,2
16200,2504,Ge|Rh|Y,4,1,4,0,2,2,0,4,3,3,1
16201,2505,Ge|Ir|Y,3,2,3,2,1,1,0,3,4,0,0
16202,1042,Ge|Os|Y,0,0,4,3,0,1,0,4,2,2,1
16203,2506,Ge|Lu|Rh,1,0,4,2,2,3,2,3,0,2,0
16204,1193,Ge|Ir|Lu,3,2,1,3,2,0,3,2,4,1,1
16205,2251,Ir|Lu|Sc|Si,0,4,4,0,1,4,0,3,1,2,3
16206,2251,Ir|Lu|Sc|Si,0,4,4,0,1,4,1,1,0,0,0
16207,2251,Ir|Lu|Sc|Si,0,4,4,0,1,4,4,1,0,0,4
16208,2251,Ir|Lu|Sc|Si,0,4,4,0,1,4,2,2,0,3,2
16209,2251,Ir|Lu|Sc|Si,0,4,4,0,1,4,0,4,2,4,3
16210,2251,Ir|Lu|Sc|Si,0,4,4,0,1,4,3,0,4,4,4
16211,2306,Ir|Lu|Rh|Si,1,0,0,1,4,2,1,4,2,2,4
16212,2306,Ir|Lu|Rh|Si,1,0,0,1,4,2,2,0,1,0,3
16213,2306,Ir|Lu|Rh|Si,1,0,0,1,4,2,1,3,0,2,0
16214,2306,Ir|Lu|Rh|Si,1,0,0,1,4,2,1,3,1,0,4
16215,2306,Ir|Lu|Rh|Si,1,0,0,1,4,2,3,2,2,2,4
16216,1168,Pd|Sc|Sn,2,2,4,3,0,0,0,3,1,4,0
16217,1250,Rh|Sc|Sn,1,4,3,2,3,2,2,1,1,1,0
16218,1255,Ir|Sc|Sn,3,1,0,1,2,0,4,3,4,1,3
16219,2507,Ca|Pb|Rh,2,1,0,2,3,3,2,0,0,4,3
16220,1055,Mo|S|Sr,0,1,3,2,1,0,0,2,2,4,4
16221,2508,Se|W|Yb,1,3,2,1,3,1,4,2,3,0,3
16222,1389,Au|C|Y,3,4,4,2,2,1,3,0,0,4,2
16223,1491,C|Ge|Y,2,0,4,3,2,1,2,3,0,2,2
16224,1516,C|Si|Y,4,2,3,1,0,2,1,2,2,0,2
16225,1515,C|Sn|Y,0,2,0,3,1,3,2,2,2,3,2
16226,1517,C|Ru|Y,3,3,1,1,4,3,3,4,0,0,3
16227,1510,C|Nb|Y,3,3,3,3,1,4,2,0,1,4,0
16228,1521,C|Ti|Y,2,0,4,0,2,1,1,0,4,4,3
16229,1521,C|Ti|Y,2,0,4,0,2,1,1,3,2,3,4
16230,2509,C|Y|Zr,2,3,3,3,1,3,2,4,1,4,4
16231,1498,C|Mo|Y,0,3,0,4,4,0,3,0,1,0,3
16232,1524,C|W|Y,4,3,0,3,4,2,0,0,3,3,4
16233,1455,Bi|C|Y,0,2,4,0,1,2,4,0,3,2,3
16234,1522,C|V|Y,0,3,4,4,0,3,3,3,4,3,0
16235,1490,C|Cr|Y,1,1,0,1,2,2,0,4,0,0,2
16236,1521,C|Ti|Y,2,0,4,0,2,1,1,0,1,3,2
16237,1521,C|Ti|Y,2,0,4,0,2,1,2,1,2,1,3
16238,1524,C|W|Y,4,3,0,3,4,2,0,3,3,2,4
16239,2510,In|Mo|Se,1,0,1,2,1,3,3,4,2,3,1
16240,1092,Mo|Se,4,3,3,0,1,4,4,0,0,2,3
16241,2510,In|Mo|Se,1,0,1,2,1,3,1,4,0,0,3
16242,2511,Li|Mo|Se,1,4,1,4,4,2,2,1,0,2,2
16243,2512,In|K|Mo|Se,2,0,3,0,1,2,4,1,2,2,3
16244,2510,In|Mo|Se,1,0,1,2,1,3,4,0,2,1,0
16245,2511,Li|Mo|Se,1,4,1,4,4,2,1,2,1,2,2
16246,2513,K|Mo|Se,1,0,1,3,0,3,4,3,2,0,4
16247,2028,Ca|Pb,3,3,0,4,4,0,2,2,4,4,0
16248,1736,La|Tl,3,2,1,3,2,4,2,0,2,0,0
16249,1725,La|Pb,1,1,1,2,3,2,1,2,4,2,2
16250,1739,La|Sn,3,2,3,2,2,2,3,1,2,3,2
16251,2074,P|Ru|Zr,2,0,2,0,4,0,3,3,3,0,3
16252,2495,Nb|P|Rh,2,0,1,2,2,2,2,4,0,0,1
16253,2496,P|Rh|Ta,3,4,1,0,2,4,4,0,4,4,1
16254,2497,As|Ru|Zr,3,3,2,2,3,2,1,0,1,1,4
16255,2498,As|Hf|Ru,4,4,4,4,2,3,1,3,2,2,2
16256,2287,Ir|Si|Y,4,0,3,2,1,0,0,2,2,3,1
16257,2287,Ir|Si|Y,4,0,3,2,1,0,3,0,2,2,3
16258,2287,Ir|Si|Y,4,0,3,2,1,0,2,0,4,1,3
16259,2514,C|Ge|Sc,0,1,1,4,2,4,2,0,3,3,1
16260,1733,La|Ru,0,2,3,0,2,4,0,3,2,1,4
16261,1154,Ce|La|Ru,4,3,4,3,2,1,1,2,4,1,0
16262,1154,Ce|La|Ru,4,3,4,3,2,1,1,3,2,4,1
16263,1154,Ce|La|Ru,4,3,4,3,2,1,4,2,3,3,2
16264,1154,Ce|La|Ru,4,3,4,3,2,1,3,0,2,0,4
16265,1154,Ce|La|Ru,4,3,4,3,2,1,0,0,0,0,0
16266,1154,Ce|La|Ru,4,3,4,3,2,1,0,4,3,3,3
16267,1154,Ce|La|Ru,4,3,4,3,2,1,3,1,0,3,3
16268,1154,Ce|La|Ru,4,3,4,3,2,1,2,2,2,4,4
16269,1154,Ce|La|Ru,4,3,4,3,2,1,4,0,4,3,0
16270,1154,Ce|La|Ru,4,3,4,3,2,1,4,0,4,4,3
16271,1154,Ce|La|Ru,4,3,4,3,2,1,0,3,0,0,3
16272,1154,Ce|La|Ru,4,3,4,3,2,1,3,0,3,0,0
16273,1154,Ce|La|Ru,4,3,4,3,2,1,4,4,0,3,2
16274,1154,Ce|La|Ru,4,3,4,3,2,1,0,2,4,1,0
16275,1154,Ce|La|Ru,4,3,4,3,2,1,1,1,2,0,3
16276,1154,Ce|La|Ru,4,3,4,3,2,1,3,1,1,0,3
16277,1154,Ce|La|Ru,4,3,4,3,2,1,4,4,3,4,4
16278,1134,Ce|Ru,2,4,3,0,3,3,1,3,2,2,0
16279,2515,B|C|La,4,0,2,4,4,2,2,1,0,4,4
16280,1535,Cd|Mo|S,3,0,0,3,0,3,2,3,4,0,4
16281,1760,Mo|Pb|S,4,0,2,0,3,4,3,2,0,3,2
16282,1774,Mo|S|Sn,3,0,4,4,0,3,0,2,2,2,2
16283,2120,La|Mo|S,0,4,3,3,1,1,0,2,1,3,2
16284,2119,Gd|Mo|S,2,3,2,2,0,1,2,1,0,1,1
16285,2169,Lu|Mo|S,3,4,0,4,1,3,2,0,0,3,2
16286,2121,Mo|S,1,4,2,0,1,2,2,0,3,4,2
16287,2123,I|Mo|S,0,2,0,3,0,1,2,3,2,0,4
16288,1760,Mo|Pb|S,4,0,2,0,3,4,3,0,3,2,2
16289,1760,Mo|Pb|S,4,0,2,0,3,4,0,4,3,0,0
16290,1774,Mo|S|Sn,3,0,4,4,0,3,1,4,4,2,1
16291,1774,Mo|S|Sn,3,0,4,4,0,3,3,3,0,3,1
16292,1584,Cu|Mo|S,1,3,0,4,0,3,3,4,1,3,0
16293,1325,Ag|Mo|S,3,3,2,2,1,1,0,3,2,3,3
16294,2516,Bi|Mo|S|Tl,3,4,4,3,2,0,1,0,4,2,2
16295,1773,Mo|S|Zn,4,0,0,0,3,0,2,2,4,4,0
16296,1535,Cd|Mo|S,3,0,0,3,0,3,3,3,1,2,0
16297,2517,Mo|S|Sc,2,0,0,1,3,4,4,2,1,3,2
16298,2170,Mo|S|Y,4,3,0,4,3,4,4,0,4,2,4
16299,1750,Mg|Mo|S,4,4,3,4,1,2,2,3,3,3,3
16300,2115,Cu|Mo|Se,2,0,2,3,3,0,4,0,3,1,1
16301,2518,Ag|Mo|Se,3,3,4,2,0,4,4,4,3,0,3
16302,2117,Mo|Se|Sn,2,4,1,2,0,4,1,3,4,0,2
16303,2118,Mo|Pb|Se,2,2,2,3,2,0,0,4,4,0,2
16304,2519,Mo|Se|Y,1,2,0,0,2,0,0,4,1,1,3
16305,1149,Si|V,4,4,0,4,3,1,4,1,2,0,0
16306,1149,Si|V,4,4,0,4,3,1,3,3,2,3,4
16307,1143,Ga|V,4,3,1,2,4,1,4,0,1,1,2
16308,1935,Sn|V,4,3,3,0,3,4,4,2,0,2,3
16309,2385,Al|Ge|V,4,0,2,4,3,0,4,1,0,1,0
16310,2385,Al|Ge|V,4,0,2,4,3,0,2,2,2,1,2
16311,2385,Al|Ge|V,4,0,2,4,3,0,1,0,0,1,4
16312,1404,Au|V,0,3,0,1,0,2,1,0,3,2,4
16313,1404,Au|V,0,3,0,1,0,2,1,4,2,4,2
16314,1883,Pt|V,1,4,4,4,3,0,1,3,4,0,3
16315,1883,Pt|V,1,4,4,4,3,0,4,0,2,4,1
16316,1713,Ir|V,4,1,1,0,2,2,2,2,3,4,2
16317,1144,Nb|Sn,4,4,1,2,2,3,0,3,1,3,4
16318,1341,Al|Ge|Nb,1,0,3,3,1,2,3,1,4,2,2
16319,1225,Nb|Rh,3,0,2,4,3,2,2,0,2,4,2
16320,1145,Nb|Pt,4,2,1,1,2,3,3,0,3,2,1
16321,1145,Nb|Pt,4,2,1,1,2,3,4,1,4,4,0
16322,1145,Nb|Pt,4,2,1,1,2,3,4,3,1,2,0
16323,1928,Sn|Ta,2,0,1,1,2,2,2,4,0,4,3
16324,1142,Sb|Ti,3,2,0,1,2,0,2,0,2,3,0
16325,1568,Cr|Os,0,2,3,0,2,2,1,1,1,4,0
16326,1633,Ge|Mo,3,1,3,1,4,1,0,0,0,2,2
16327,1762,Mo|Os,0,1,4,3,4,0,2,4,1,4,4
16328,1310,Ir|Mo,3,1,2,2,3,1,0,2,0,3,4
16329,1774,Mo|S|Sn,3,0,4,4,0,3,2,3,1,1,0
16330,2055,Eu|Mo|S|Sn,0,1,4,1,2,4,0,0,1,3,4
16331,2055,Eu|Mo|S|Sn,0,1,4,1,2,4,3,2,4,2,2
16332,2055,Eu|Mo|S|Sn,0,1,4,1,2,4,2,4,4,1,2
16333,2055,Eu|Mo|S|Sn,0,1,4,1,2,4,4,2,3,0,4
16334,2055,Eu|Mo|S|Sn,0,1,4,1,2,4,2,1,2,4,3
16335,2055,Eu|Mo|S|Sn,0,1,4,1,2,4,1,2,0,4,0
16336,2055,Eu|Mo|S|Sn,0,1,4,1,2,4,2,1,2,2,0
16337,2055,Eu|Mo|S|Sn,0,1,4,1,2,4,0,2,0,1,1
16338,2055,Eu|Mo|S|Sn,0,1,4,1,2,4,0,4,1,3,3
16339,2520,Eu|Gd|Mo|Pb|S,0,0,1,2,2,3,3,1,3,2,2
16340,2521,Eu|Mo|Pb|S,4,2,3,3,3,3,1,3,2,4,0
16341,2521,Eu|Mo|Pb|S,4,2,3,3,3,3,4,2,1,3,2
16342,1760,Mo|Pb|S,4,0,2,0,3,4,0,2,4,4,1
16343,2161,Mo|S|Tb,1,0,1,1,4,1,1,3,0,4,0
16344,2162,Dy|Mo|S,4,0,3,2,1,4,2,4,0,2,4
16345,2164,Er|Mo|S,0,0,3,0,3,4,0,1,0,1,4
16346,2122,Br|Mo|S,1,3,3,3,3,2,1,3,0,4,1
16347,2123,I|Mo|S,0,2,0,3,0,1,2,2,4,1,3
16348,1092,Mo|Se,4,3,3,0,1,4,0,3,2,3,3
16349,2301,Cl|Mo|Se,0,3,1,4,4,0,2,0,0,2,0
16350,2114,Br|Mo|Se,1,1,2,3,3,0,3,2,1,1,0
16351,2522,I|Mo|Se,2,2,3,1,4,4,3,3,3,3,2
16352,2523,Mo|Nb|Se,1,1,4,3,2,0,0,1,2,0,4
16353,2524,Mo|Re|Te,0,2,4,1,4,3,0,4,2,1,1
16354,2525,I|Mo|Te,4,0,4,2,0,1,0,3,0,2,4
16355,2526,Cu|Mo|O|S,3,2,1,4,3,1,3,4,4,2,2
16356,2527,Mo|O|Pb|S,2,2,0,3,1,1,3,1,4,3,4
16357,2255,B|Nd|Rh,0,2,3,4,4,3,3,0,3,1,0
16358,2256,B|Rh|Sm,1,3,2,3,2,3,4,0,3,0,2
16359,2518,Ag|Mo|Se,3,3,4,2,0,4,4,4,2,3,4
16360,2034,K|O|W,3,1,1,1,1,4,2,4,2,3,0
16361,1581,Cs|O|W,3,0,4,0,3,1,0,3,1,3,1
16362,1911,Ru|V,1,3,0,4,2,4,4,2,0,1,3
16363,1095,V|Zr,4,1,4,1,2,4,4,3,4,0,1
16364,1732,La|S,4,1,0,1,0,4,2,0,2,2,0
16365,1293,La|Se,3,1,2,0,0,2,2,1,3,3,0
16366,1584,Cu|Mo|S,1,3,0,4,0,3,0,2,1,4,4
16367,1130,S|Ta,4,4,3,1,0,3,2,3,4,2,3
16368,1130,S|Ta,4,4,3,1,0,3,0,3,2,2,2
16369,1353,Al|Nb|Sn,0,4,0,1,3,4,4,4,3,3,1
16370,1144,Nb|Sn,4,4,1,2,2,3,0,0,2,1,4
16371,1144,Nb|Sn,4,4,1,2,2,3,4,1,4,2,4
16372,1144,Nb|Sn,4,4,1,2,2,3,2,2,0,2,4
16373,1317,Ag|La,0,2,2,1,1,0,4,2,4,1,4
16374,2255,B|Nd|Rh,0,2,3,4,4,3,2,4,4,2,3
16375,2256,B|Rh|Sm,1,3,2,3,2,3,0,2,4,2,3
16376,2259,B|Lu|Rh,2,0,2,4,2,2,0,4,1,0,3
16377,2254,B|Rh|Y,4,2,4,2,3,2,2,4,2,0,0
16378,2258,B|Rh|Tm,4,2,4,4,2,4,4,0,1,1,2
16379,2257,B|Er|Rh,1,4,4,1,0,2,2,2,2,1,0
16380,1387,Au|Ga,2,1,0,0,0,2,0,0,4,0,0
16381,1990,Cr|Ga|V,1,2,0,0,0,3,1,1,4,4,1
16382,1990,Cr|Ga|V,1,2,0,0,0,3,0,1,4,4,2
16383,1987,Ga|Mn|V,3,4,0,2,3,4,2,2,3,3,0
16384,1987,Ga|Mn|V,3,4,0,2,3,4,4,4,0,2,2
16385,1985,Fe|Ga|V,4,3,3,3,4,0,3,2,4,2,2
16386,1985,Fe|Ga|V,4,3,3,3,4,0,4,4,0,1,2
16387,1984,Co|Ga|V,3,3,3,3,4,0,4,0,2,1,2
16388,1984,Co|Ga|V,3,3,3,3,4,0,3,3,0,3,1
16389,1272,Sn|Te,2,4,2,0,3,0,0,3,0,4,4
16390,930,O|Sr|Ti,0,2,3,0,2,1,0,1,1,0,4
16391,930,O|Sr|Ti,0,2,3,0,2,1,3,2,4,4,3
16392,1294,Ge|Te,0,3,1,0,3,2,2,4,0,0,1
16393,1294,Ge|Te,0,3,1,0,3,2,3,4,0,1,3
16394,1294,Ge|Te,0,3,1,0,3,2,0,1,2,3,2
16395,1294,Ge|Te,0,3,1,0,3,2,0,1,1,4,0
16396,930,O|Sr|Ti,0,2,3,0,2,1,2,3,4,3,4
16397,2528,Bi|Te|Tl,1,4,1,0,4,4,4,4,1,3,3
16398,1294,Ge|Te,0,3,1,0,3,2,2,4,4,4,4
16399,1294,Ge|Te,0,3,1,0,3,2,0,1,3,0,4
16400,1271,Ag|Sn|Te,4,0,1,4,1,2,0,3,0,4,1
16401,1271,Ag|Sn|Te,4,0,1,4,1,2,3,0,4,2,4
16402,1271,Ag|Sn|Te,4,0,1,4,1,2,2,2,3,1,4
16403,1400,Au|Ga|Pd,3,4,3,2,1,0,1,4,2,4,2
16404,1143,Ga|V,4,3,1,2,4,1,1,0,0,2,3
16405,1143,Ga|V,4,3,1,2,4,1,4,3,2,3,4
16406,1404,Au|V,0,3,0,1,0,2,1,2,3,0,1
16407,1787,Nb|Os,0,3,2,2,0,0,2,4,2,2,4
16408,1226,Ir|Nb,1,2,1,0,3,1,0,0,1,0,3
16409,1145,Nb|Pt,4,2,1,1,2,3,4,1,4,3,4
16410,1146,Au|Nb,2,2,2,1,4,4,4,4,4,2,1
16411,1404,Au|V,0,3,0,1,0,2,4,2,0,4,1
16412,1764,Mo|Pt,0,0,3,0,2,3,4,1,1,0,3
16413,1780,Mo|Zr,0,2,2,0,2,2,2,3,4,3,2
16414,1093,Hf|V,2,0,2,4,1,3,3,0,0,2,2
16415,1401,Au|Pb,3,3,2,4,3,4,2,2,4,3,0
16416,1387,Au|Ga,2,1,0,0,0,2,3,3,0,4,4
16417,1387,Au|Ga,2,1,0,0,0,2,0,0,0,2,0
16418,1327,Al|Au,3,0,4,4,2,1,1,0,3,3,2
16419,1327,Al|Au,3,0,4,4,2,1,4,2,3,2,2
16420,1396,Au|Sn,3,2,1,4,4,0,2,0,1,2,1
16421,2016,Ag|Ga,0,2,2,0,2,1,3,2,1,0,3
16422,2016,Ag|Ga,0,2,2,0,2,1,2,0,0,3,2
16423,1318,Ag|In,0,0,3,4,3,2,3,1,1,0,4
16424,1329,Ag|Zn,4,4,2,2,3,0,3,2,0,2,0
16425,2529,Cu|Ga,0,2,2,3,4,2,4,4,2,1,2
16426,1394,Au|In,1,3,0,0,2,0,2,2,0,0,2
16427,2530,Cu|Y,0,1,3,2,2,2,3,1,3,3,3
16428,2531,Au|Sc,0,1,1,3,1,1,2,0,0,2,0
16429,2532,Au|Lu,4,0,0,0,1,2,3,1,0,3,4
16430,2533,Al|Au|Sc,3,0,4,0,2,4,0,2,3,0,1
16431,2534,Au|In|Sc,4,3,0,0,4,1,3,0,3,0,2
16432,2535,Au|In|Y,2,0,1,1,2,2,0,3,2,2,4
16433,1327,Al|Au,3,0,4,4,2,1,3,4,4,1,0
16434,2536,Al|Au|In,4,4,4,0,1,4,0,1,0,1,4
16435,2536,Al|Au|In,4,4,4,0,1,4,2,1,2,4,2
16436,2536,Al|Au|In,4,4,4,0,1,4,2,2,4,2,0
16437,2536,Al|Au|In,4,4,4,0,1,4,0,4,3,0,0
16438,2536,Al|Au|In,4,4,4,0,1,4,1,2,3,3,3
16439,2536,Al|Au|In,4,4,4,0,1,4,1,3,4,0,1
16440,2536,Al|Au|In,4,4,4,0,1,4,1,4,1,0,4
16441,2536,Al|Au|In,4,4,4,0,1,4,2,3,0,1,0
16442,1394,Au|In,1,3,0,0,2,0,4,3,3,2,4
16443,1387,Au|Ga,2,1,0,0,0,2,0,4,0,3,2
16444,2537,Au|Ga|In,2,1,4,4,3,1,4,1,2,4,3
16445,2537,Au|Ga|In,2,1,4,4,3,1,4,3,1,1,3
16446,2537,Au|Ga|In,2,1,4,4,3,1,1,0,1,2,0
16447,2537,Au|Ga|In,2,1,4,4,3,1,3,2,4,4,4
16448,2538,Al|Au|Ga,1,3,0,2,2,4,4,4,0,2,3
16449,2538,Al|Au|Ga,1,3,0,2,2,4,3,2,0,4,4
16450,2538,Al|Au|Ga,1,3,0,2,2,4,3,0,3,3,1
16451,1279,As|Ga,0,2,3,2,0,2,2,0,1,2,1
16452,2539,Er|Pb,3,1,2,4,2,4,4,3,0,2,2
16453,1587,Cu|S,4,1,2,4,3,1,3,4,0,1,3
16454,1139,Cu|La,2,1,2,0,2,3,2,3,1,1,0
16455,2540,Cd|Mn,2,0,3,0,2,0,4,1,0,4,3
16456,2541,Cu|Nb,1,0,3,4,3,0,0,0,1,3,3
16457,2542,Cu|In|Nb,0,3,1,1,1,4,4,4,3,2,4
16458,2543,Cu|Nb|Ta,4,0,2,3,3,2,1,0,4,3,3
16459,1279,As|Ga,0,2,3,2,0,2,0,4,0,3,0
16460,1136,Co|Y,0,1,2,0,0,1,4,4,1,1,4
16461,1136,Co|Y,0,1,2,0,0,1,0,4,4,3,1
16462,2544,Ce|Y,3,3,2,0,3,3,4,4,4,2,1
16463,1137,Bi|In,1,2,4,3,3,1,2,2,0,1,4
16464,1137,Bi|In,1,2,4,3,3,1,0,4,0,4,0
16465,1038,B|Y,4,1,0,2,1,4,3,2,1,3,2
16466,1570,Cr|Ir,0,2,2,3,3,4,1,0,3,2,0
16467,1573,Cr|Rh,2,0,2,3,2,2,2,3,2,4,0
16468,1880,Pd|V,0,1,4,3,4,2,3,4,3,4,0
16469,1023,Zr,2,0,3,2,4,2,1,1,0,4,4
16470,1780,Mo|Zr,0,2,2,0,2,2,4,2,2,2,4
16471,1780,Mo|Zr,0,2,2,0,2,2,0,3,2,3,1
16472,1780,Mo|Zr,0,2,2,0,2,2,3,4,3,2,3
16473,1780,Mo|Zr,0,2,2,0,2,2,4,2,1,0,2
16474,1023,Zr,2,0,3,2,4,2,0,1,1,1,4
16475,2545,Ge|Zr,4,2,1,1,4,0,4,0,1,2,0
16476,1217,Pd|Zr,2,1,0,3,2,3,2,2,1,2,2
16477,1235,Ni|Zr,1,1,4,1,1,2,0,4,4,1,3
16478,1095,V|Zr,4,1,4,1,2,4,3,1,0,1,3
16479,1095,V|Zr,4,1,4,1,2,4,3,4,3,4,0
16480,2546,Tc|Ti,3,4,3,2,0,0,1,4,0,3,4
16481,2546,Tc|Ti,3,4,3,2,0,0,3,3,4,2,3
16482,2546,Tc|Ti,3,4,3,2,0,0,3,1,0,4,1
16483,2546,Tc|Ti,3,4,3,2,0,0,2,1,3,3,4
16484,1938,Ti|V,1,4,1,2,1,1,0,0,0,2,2
16485,1938,Ti|V,1,4,1,2,1,1,1,1,1,1,3
16486,1938,Ti|V,1,4,1,2,1,1,3,3,3,3,1
16487,1938,Ti|V,1,4,1,2,1,1,0,2,0,1,3
16488,1938,Ti|V,1,4,1,2,1,1,0,1,0,2,3
16489,1938,Ti|V,1,4,1,2,1,1,2,4,4,2,2
16490,1938,Ti|V,1,4,1,2,1,1,0,0,4,4,3
16491,1938,Ti|V,1,4,1,2,1,1,2,3,2,0,1
16492,2547,Si|Zr,1,4,4,4,2,4,2,3,3,4,2
16493,2547,Si|Zr,1,4,4,4,2,4,2,4,1,4,4
16494,1937,Ta|Zr,2,3,2,4,3,2,2,1,1,2,2
16495,1931,Ta|V,0,1,1,3,0,3,4,3,4,1,3
16496,1931,Ta|V,0,1,1,3,0,3,4,1,0,1,4
16497,1937,Ta|Zr,2,3,2,4,3,2,3,3,3,0,4
16498,1937,Ta|Zr,2,3,2,4,3,2,3,3,3,1,4
16499,1132,Se|Ta,4,3,0,3,1,2,4,1,0,1,3
16500,1891,Re|V,2,3,0,3,0,2,1,0,4,4,4
16501,1891,Re|V,2,3,0,3,0,2,3,2,0,1,2
16502,1232,Ru|Zr,1,0,1,4,4,4,2,3,0,3,0
16503,1649,Hf|Os,2,2,1,0,4,1,1,0,0,1,0
16504,1843,Os|Zr,3,3,3,1,0,0,4,3,1,1,3
16505,1869,Pd|Se,3,0,4,3,1,4,3,0,2,3,4
16506,1869,Pd|Se,3,0,4,3,1,4,0,1,3,0,4
16507,1869,Pd|Se,3,0,4,3,1,4,1,2,2,0,4
16508,1869,Pd|Se,3,0,4,3,1,4,0,4,1,0,4
16509,1869,Pd|Se,3,0,4,3,1,4,2,1,1,2,1
16510,2548,Re|Si,0,2,4,2,2,4,3,3,4,4,2
16511,1926,Se|Y,4,3,2,3,4,1,4,4,3,4,1
16512,1776,Mo|Ti,4,3,0,1,1,2,0,1,2,3,3
16513,2549,Pd|Ti,1,0,4,3,4,2,4,2,2,0,1
16514,1231,Rh|Zr,3,0,2,0,0,2,2,3,1,2,0
16515,1231,Rh|Zr,3,0,2,0,0,2,4,4,0,3,1
16516,1217,Pd|Zr,2,1,0,3,2,3,0,2,2,4,3
16517,1780,Mo|Zr,0,2,2,0,2,2,0,3,1,4,1
16518,1780,Mo|Zr,0,2,2,0,2,2,2,1,0,3,4
16519,1647,Hf|Mo,2,2,2,3,2,3,3,0,2,2,3
16520,1657,Hf|Zr,2,1,1,4,2,0,0,1,0,0,0
16521,1132,Se|Ta,4,3,0,3,1,2,2,1,2,4,3
16522,1130,S|Ta,4,4,3,1,0,3,0,1,4,2,4
16523,1132,Se|Ta,4,3,0,3,1,2,0,2,1,1,4
16524,1648,Hf|Re,3,1,2,3,0,2,0,4,0,1,4
16525,1233,Re|Zr,2,3,2,3,0,1,2,0,0,4,2
16526,1138,Nb|S,4,1,0,4,4,4,0,3,0,1,0
16527,1138,Nb|S,4,1,0,4,4,4,0,4,1,0,1
16528,2550,S|Sc,4,4,0,3,0,1,1,3,1,3,1
16529,1149,Si|V,4,4,0,4,3,1,4,1,2,0,0
16530,1817,Nb|Zr,1,1,1,1,0,2,2,3,4,1,4
16531,1891,Re|V,2,3,0,3,0,2,2,2,0,0,2
16532,1713,Ir|V,4,1,1,0,2,2,3,0,3,2,3
16533,1883,Pt|V,1,4,4,4,3,0,1,2,0,4,3
16534,1222,Mo|Re,3,1,3,3,1,1,2,3,4,4,3
16535,1222,Mo|Re,3,1,3,3,1,1,2,2,3,0,0
16536,1890,Re|W,2,3,4,2,0,3,0,4,2,0,3
16537,1778,Mo|Tc,2,4,2,3,0,2,3,1,2,3,0
16538,2549,Pd|Ti,1,0,4,3,4,2,1,4,4,4,3
16539,2549,Pd|Ti,1,0,4,3,4,2,0,4,4,0,3
16540,2549,Pd|Ti,1,0,4,3,4,2,3,4,2,3,0
16541,2549,Pd|Ti,1,0,4,3,4,2,3,1,2,1,0
16542,2549,Pd|Ti,1,0,4,3,4,2,3,3,1,0,0
16543,2549,Pd|Ti,1,0,4,3,4,2,1,2,3,4,2
16544,2549,Pd|Ti,1,0,4,3,4,2,3,4,2,1,3
16545,2549,Pd|Ti,1,0,4,3,4,2,1,0,3,1,2
16546,2549,Pd|Ti,1,0,4,3,4,2,0,1,4,1,4
16547,2549,Pd|Ti,1,0,4,3,4,2,2,4,4,3,0
16548,2549,Pd|Ti,1,0,4,3,4,2,1,0,4,3,2
16549,2549,Pd|Ti,1,0,4,3,4,2,4,0,2,0,3
16550,1647,Hf|Mo,2,2,2,3,2,3,4,2,3,2,1
16551,1647,Hf|Mo,2,2,2,3,2,3,0,4,0,4,4
16552,1647,Hf|Mo,2,2,2,3,2,3,4,4,0,0,4
16553,1149,Si|V,4,4,0,4,3,1,1,3,0,2,2
16554,1149,Si|V,4,4,0,4,3,1,1,3,1,1,0
16555,1000,Nb|Se,0,2,1,4,0,2,3,4,0,4,1
16556,1240,Nb|Si,0,2,3,3,2,4,1,0,1,0,3
16557,1240,Nb|Si,0,2,3,3,2,4,2,4,4,2,4
16558,1240,Nb|Si,0,2,3,3,2,4,1,4,3,4,1
16559,1240,Nb|Si,0,2,3,3,2,4,3,0,3,1,1
16560,1144,Nb|Sn,4,4,1,2,2,3,1,4,4,0,0
16561,1000,Nb|Se,0,2,1,4,0,2,4,2,2,2,4
16562,1792,Nb|Pd,1,4,1,2,4,2,4,4,0,0,3
16563,1792,Nb|Pd,1,4,1,2,4,2,3,0,0,4,2
16564,1792,Nb|Pd,1,4,1,2,4,2,3,1,0,4,4
16565,1792,Nb|Pd,1,4,1,2,4,2,0,0,3,1,1
16566,1792,Nb|Pd,1,4,1,2,4,2,0,3,1,3,3
16567,1792,Nb|Pd,1,4,1,2,4,2,4,4,0,2,3
16568,2551,Mo|Nb|Pd,0,2,2,1,4,3,1,3,2,3,1
16569,2551,Mo|Nb|Pd,0,2,2,1,4,3,0,1,1,3,4
16570,2551,Mo|Nb|Pd,0,2,2,1,4,3,1,3,2,0,3
16571,2551,Mo|Nb|Pd,0,2,2,1,4,3,0,4,3,2,3
16572,2551,Mo|Nb|Pd,0,2,2,1,4,3,2,2,0,0,1
16573,2552,Nb|Pd|W,3,2,2,1,3,4,2,4,0,4,1
16574,2553,H|Nb|Pd,3,2,1,1,2,1,2,0,4,4,4
16575,2553,H|Nb|Pd,3,2,1,1,2,1,2,3,2,4,2
16576,2553,H|Nb|Pd,3,2,1,1,2,1,2,1,2,1,2
16577,2553,H|Nb|Pd,3,2,1,1,2,1,2,0,3,0,3
16578,2553,H|Nb|Pd,3,2,1,1,2,1,1,0,2,3,1
16579,2553,H|Nb|Pd,3,2,1,1,2,1,0,1,4,1,4
16580,2553,H|Nb|Pd,3,2,1,1,2,1,2,2,4,0,1
16581,2553,H|Nb|Pd,3,2,1,1,2,1,3,2,1,4,1
16582,2553,H|Nb|Pd,3,2,1,1,2,1,3,3,0,2,4
16583,2553,H|Nb|Pd,3,2,1,1,2,1,4,4,1,1,4
16584,2553,H|Nb|Pd,3,2,1,1,2,1,1,0,4,3,1
16585,2553,H|Nb|Pd,3,2,1,1,2,1,3,3,2,4,4
16586,2553,H|Nb|Pd,3,2,1,1,2,1,2,0,1,1,0
16587,2554,H|Mo|Nb|Pd,1,0,3,4,0,0,4,3,2,0,1
16588,2554,H|Mo|Nb|Pd,1,0,3,4,0,0,0,0,0,1,2
16589,2554,H|Mo|Nb|Pd,1,0,3,4,0,0,1,0,0,3,1
16590,2554,H|Mo|Nb|Pd,1,0,3,4,0,0,2,3,4,3,4
16591,2555,H|Nb|Pd|W,0,1,1,0,4,4,4,3,1,4,4
16592,2556,C|N|Ta,0,2,4,0,2,2,4,3,2,1,3
16593,2556,C|N|Ta,0,2,4,0,2,2,0,0,2,1,0
16594,2556,C|N|Ta,0,2,4,0,2,2,3,3,0,3,0
16595,2556,C|N|Ta,0,2,4,0,2,2,3,2,4,2,3
16596,2556,C|N|Ta,0,2,4,0,2,2,1,3,0,0,4
16597,1114,C|Ta,0,0,1,1,4,2,4,4,0,0,3
16598,1006,Te|Zr,0,4,2,1,3,3,1,0,3,4,4
16599,1133,N|S,1,4,4,2,2,1,3,2,3,4,4
16600,1133,N|S,1,4,4,2,2,1,0,1,2,1,1
16601,1049,N|V,2,1,4,4,2,1,2,2,2,1,2
16602,1049,N|V,2,1,4,4,2,1,0,0,3,4,2
16603,1053,Mo|N,0,4,2,3,2,4,0,2,2,3,4
16604,1053,Mo|N,0,4,2,3,2,4,2,2,3,1,0
16605,2557,Lu|Si,3,3,2,3,0,2,1,2,2,3,3
16606,218,Li|O|Ti,0,0,0,0,3,0,4,0,1,2,2
16607,218,Li|O|Ti,0,0,0,0,3,0,0,1,4,2,3
16608,218,Li|O|Ti,0,0,0,0,3,0,0,4,3,1,1
16609,218,Li|O|Ti,0,0,0,0,3,0,0,4,0,4,0
16610,1216,Ge|La,2,3,1,3,3,4,2,1,2,2,0
16611,1739,La|Sn,3,2,3,2,2,2,2,2,1,4,3
16612,1739,La|Sn,3,2,3,2,2,2,4,4,4,1,1
16613,1718,La|Lu,2,4,3,2,4,4,0,1,2,3,1
16614,1735,La|Y,3,1,0,2,1,3,1,4,1,2,1
16615,1724,La|Pr,0,2,2,3,3,2,1,3,1,3,2
16616,2436,La|Yb,4,2,3,3,4,0,3,0,4,1,1
16617,2425,La|Nd,3,4,2,0,0,1,1,2,0,1,0
16618,1214,Al|La,1,3,4,4,3,4,2,3,1,0,2
16619,2558,Al|Ce|La,2,4,3,0,4,4,2,4,0,0,0
16620,2558,Al|Ce|La,2,4,3,0,4,4,4,4,0,2,0
16621,2558,Al|Ce|La,2,4,3,0,4,4,0,3,0,0,0
16622,1343,Al|Gd|La,4,2,3,1,1,1,2,1,3,2,1
16623,1343,Al|Gd|La,4,2,3,1,1,1,0,1,0,0,2
16624,1343,Al|Gd|La,4,2,3,1,1,1,3,0,0,1,1
16625,1739,La|Sn,3,2,3,2,2,2,3,4,0,2,0
16626,1739,La|Sn,3,2,3,2,2,2,3,3,1,4,3
16627,1214,Al|La,1,3,4,4,3,4,4,4,4,3,2
16628,1739,La|Sn,3,2,3,2,2,2,0,3,2,2,4
16629,2559,Ce|La|Sn,0,1,4,1,4,1,3,4,4,1,4
16630,2559,Ce|La|Sn,0,1,4,1,4,1,3,1,0,1,2
16631,2559,Ce|La|Sn,0,1,4,1,4,1,0,3,4,3,4
16632,2559,Ce|La|Sn,0,1,4,1,4,1,2,3,1,0,2
16633,2559,Ce|La|Sn,0,1,4,1,4,1,3,2,0,4,3
16634,218,Li|O|Ti,0,0,0,0,3,0,4,2,1,3,0
16635,218,Li|O|Ti,0,0,0,0,3,0,4,3,1,0,0
16636,218,Li|O|Ti,0,0,0,0,3,0,2,0,2,1,2
16637,1222,Mo|Re,3,1,3,3,1,1,1,4,1,4,2
16638,1782,N|Nb,3,3,1,0,4,1,1,3,1,3,2
16639,2121,Mo|S,1,4,2,0,1,2,4,3,4,2,0
16640,1092,Mo|Se,4,3,3,0,1,4,0,1,3,1,2
16641,1762,Mo|Os,0,1,4,3,4,0,0,2,2,1,4
16642,1758,Mo|Nb,3,0,1,4,4,2,3,4,2,4,1
16643,1758,Mo|Nb,3,0,1,4,4,2,3,2,0,1,3
16644,2113,La|Ni,1,0,1,1,0,0,0,0,4,1,0
16645,1148,La|Os,1,1,3,0,3,0,2,2,1,0,1
16646,1148,La|Os,1,1,3,0,3,0,3,3,0,4,1
16647,1732,La|S,4,1,0,1,0,4,1,2,1,2,2
16648,1732,La|S,4,1,0,1,0,4,1,1,4,3,2
16649,1293,La|Se,3,1,2,0,0,2,2,4,0,0,0
16650,1737,La|Te,3,0,2,1,0,1,2,4,4,2,1
16651,2560,La|Sb,0,2,3,3,3,1,3,0,4,0,4
16652,1726,La|N,1,2,0,2,0,2,4,1,1,3,3
16653,2561,As|La,2,3,4,3,4,0,0,1,0,1,3
16654,2560,La|Sb,0,2,3,3,3,1,4,0,1,3,0
16655,2562,Bi|La|Sb,1,4,4,3,3,4,4,4,1,3,4
16656,2563,Bi|La,0,3,3,2,2,2,0,0,4,3,3
16657,2564,La|Sb|Y,2,3,1,4,3,0,3,3,2,0,3
16658,2565,Bi|La|Pb,0,0,4,4,2,3,2,0,2,0,1
16659,2565,Bi|La|Pb,0,0,4,4,2,3,0,4,2,4,0
16660,2565,Bi|La|Pb,0,0,4,4,2,3,2,2,1,2,1
16661,2563,Bi|La,0,3,3,2,2,2,0,4,2,3,3
16662,2560,La|Sb,0,2,3,3,3,1,0,1,3,0,0
16663,2563,Bi|La,0,3,3,2,2,2,1,1,0,1,1
16664,1733,La|Ru,0,2,3,0,2,4,0,1,3,4,0
16665,1733,La|Ru,0,2,3,0,2,4,3,4,3,3,1
16666,1733,La|Ru,0,2,3,0,2,4,3,3,3,3,4
16667,1610,Ga|La,4,1,0,2,0,1,2,2,0,4,1
16668,1306,In|La,0,4,4,1,3,3,4,1,4,2,1
16669,1739,La|Sn,3,2,3,2,2,2,0,1,1,1,0
16670,1214,Al|La,1,3,4,4,3,4,1,3,4,1,3
16671,1216,Ge|La,2,3,1,3,3,4,3,2,1,4,1
16672,2113,La|Ni,1,0,1,1,0,0,4,3,3,1,1
16673,1733,La|Ru,0,2,3,0,2,4,2,1,0,4,4
16674,1549,Co|La,4,0,1,1,2,1,0,4,1,0,3
16675,1308,Gd|In|La,3,4,2,2,4,3,2,3,1,1,3
16676,1308,Gd|In|La,3,4,2,2,4,3,4,4,3,3,2
16677,2113,La|Ni,1,0,1,1,0,0,4,3,4,0,1
16678,1549,Co|La,4,0,1,1,2,1,0,4,3,3,2
16679,1656,Hg|In,0,1,3,0,2,0,3,4,3,0,2
16680,1656,Hg|In,0,1,3,0,2,0,0,2,4,3,1
16681,1226,Ir|Nb,1,2,1,0,3,1,4,0,1,1,4
16682,2566,Ir|Nb|O,0,0,4,2,3,2,1,1,4,0,0
16683,2566,Ir|Nb|O,0,0,4,2,3,2,4,0,0,4,1
16684,2567,C|Rh|Ta,3,2,0,0,4,2,4,3,0,4,1
16685,1228,Ir|Ta,1,2,1,2,1,4,4,2,3,4,2
16686,2568,Ge|P,4,3,3,4,4,0,1,4,2,0,0
16687,1141,Ge|Nb,3,4,1,2,1,2,3,0,3,0,4
16688,1149,Si|V,4,4,0,4,3,1,2,2,3,1,4
16689,2569,Ge|H|V,4,1,0,0,1,2,0,2,3,4,3
16690,1633,Ge|Mo,3,1,3,1,4,1,1,0,1,2,3
16691,1633,Ge|Mo,3,1,3,1,4,1,2,1,1,4,0
16692,1633,Ge|Mo,3,1,3,1,4,1,3,1,4,3,2
16693,983,H|Pd,1,0,2,3,4,2,2,2,2,2,0
16694,1641,Ge|V,2,4,2,2,3,3,4,4,3,1,2
16695,1240,Nb|Si,0,2,3,3,2,4,1,3,0,4,0
16696,1641,Ge|V,2,4,2,2,3,3,0,4,1,3,3
16697,1149,Si|V,4,4,0,4,3,1,0,0,3,2,2
16698,2545,Ge|Zr,4,2,1,1,4,0,2,2,2,2,0
16699,2570,Ge|Hf,2,2,1,2,0,0,0,2,0,4,3
16700,2571,Ga|Tb,1,1,0,1,0,2,4,1,1,4,0
16701,2572,Dy|Ga,2,0,3,1,3,1,3,4,2,1,0
16702,1143,Ga|V,4,3,1,2,4,1,1,1,0,2,4
16703,1143,Ga|V,4,3,1,2,4,1,4,4,1,3,4
16704,1143,Ga|V,4,3,1,2,4,1,3,0,0,4,1
16705,1143,Ga|V,4,3,1,2,4,1,0,0,4,3,0
16706,1143,Ga|V,4,3,1,2,4,1,0,3,3,0,0
16707,1143,Ga|V,4,3,1,2,4,1,4,3,3,3,1
16708,1143,Ga|V,4,3,1,2,4,1,4,0,0,1,3
16709,1143,Ga|V,4,3,1,2,4,1,3,0,3,2,1
16710,1143,Ga|V,4,3,1,2,4,1,0,3,4,3,1
16711,1143,Ga|V,4,3,1,2,4,1,2,4,1,4,0
16712,1619,Ga|Mo,4,4,4,1,4,2,4,0,3,0,0
16713,2573,Au|Ga|Mo,1,0,0,1,2,3,4,4,1,0,4
16714,1143,Ga|V,4,3,1,2,4,1,0,4,4,1,3
16715,1143,Ga|V,4,3,1,2,4,1,4,3,4,0,2
16716,1143,Ga|V,4,3,1,2,4,1,0,2,4,1,3
16717,1143,Ga|V,4,3,1,2,4,1,1,0,2,1,0
16718,1143,Ga|V,4,3,1,2,4,1,1,2,1,4,2
16719,1143,Ga|V,4,3,1,2,4,1,2,0,2,1,4
16720,1629,Ga|Y,2,3,2,0,4,4,1,4,2,4,2
16721,1587,Cu|S,4,1,2,4,3,1,3,1,3,1,1
16722,1586,Cu|S|Se,0,1,2,4,0,4,2,0,0,0,0
16723,1594,Cu|Se,0,3,4,2,1,0,4,4,0,0,3
16724,1593,Cu|Se|Te,2,1,1,3,2,4,0,4,3,2,4
16725,1616,Ga|Nb,1,3,4,3,2,1,3,0,3,4,1
16726,1143,Ga|V,4,3,1,2,4,1,0,0,4,3,0
16727,1616,Ga|Nb,1,3,4,3,2,1,3,2,0,4,3
16728,1782,N|Nb,3,3,1,0,4,1,2,3,1,0,1
16729,1782,N|Nb,3,3,1,0,4,1,3,3,4,3,3
16730,1782,N|Nb,3,3,1,0,4,1,2,0,1,3,0
16731,1782,N|Nb,3,3,1,0,4,1,3,0,2,2,0
16732,1507,C|N|Nb,1,1,1,2,2,4,1,1,3,4,3
16733,1616,Ga|Nb,1,3,4,3,2,1,1,2,4,0,2
16734,1787,Nb|Os,0,3,2,2,0,0,4,4,0,0,2
16735,1619,Ga|Mo,4,4,4,1,4,2,2,1,2,2,0
16736,2405,Ga|Mn|Mo,3,4,4,4,0,1,0,1,1,4,2
16737,2405,Ga|Mn|Mo,3,4,4,4,0,1,1,3,0,4,3
16738,1610,Ga|La,4,1,0,2,0,1,4,3,0,1,1
16739,1600,Eu|La,3,3,3,3,3,1,4,4,1,1,0
16740,1600,Eu|La,3,3,3,3,3,1,2,3,1,4,0
16741,983,H|Pd,1,0,2,3,4,2,1,3,1,1,0
16742,2506,Ge|Lu|Rh,1,0,4,2,2,3,3,4,4,4,4
16743,2574,Ca|Ge|Rh,0,0,4,1,0,2,3,3,2,1,0
16744,2575,Ca|Ge|Ir,1,2,2,4,3,1,0,2,1,2,3
16745,2576,Ge|La|Ru,3,3,2,3,2,4,2,1,0,0,3
16746,2577,Ge|La|Pd|Ru,4,3,1,0,3,1,4,3,4,1,3
16747,2578,Ca|Co|Ge,2,0,1,2,4,2,4,4,2,4,3
16748,2579,Co|Ge|La,1,3,1,4,0,4,1,2,0,3,3
16749,2467,Co|Sn|Yb,0,4,1,1,3,0,1,2,2,4,3
16750,2178,Ca|Rh|Sn,3,2,4,3,3,4,1,3,0,4,1
16751,2580,Rh|Sn|Sr,0,0,3,0,4,4,1,0,1,1,3
16752,2177,Rh|Sn|Yb,1,4,1,3,3,0,1,0,2,1,3
16753,2581,Ca|Ir|Sn,3,1,4,4,0,4,3,4,2,2,4
16754,2582,Ir|Sn|Sr,2,4,1,1,0,1,4,2,2,4,2
16755,2583,Ir|La|Sn,3,0,2,3,4,3,2,4,3,2,3
16756,2584,La|Pb|Rh,1,2,2,3,2,4,2,2,3,4,4
16757,2585,Ge|Rh|Sc,4,3,1,4,0,2,4,4,0,3,0
16758,2586,Ge|Ir|Sc,2,1,1,2,1,1,4,0,0,1,3
16759,2587,Ru|Sn|Y,1,2,4,4,0,0,1,2,3,1,3
16760,2588,Os|Sc|Sn,0,3,4,0,0,3,1,2,0,4,0
16761,2589,Os|Sn|Y,4,3,1,2,1,4,3,1,2,3,4
16762,2296,Os|Sn|Tb,4,4,0,0,2,0,3,4,2,1,4
16763,2297,Ho|Os|Sn,4,2,2,0,0,1,1,1,3,0,1
16764,2298,Er|Os|Sn,4,4,0,2,0,3,3,4,2,0,3
16765,2590,Os|Sn|Tm,3,3,4,3,1,1,2,2,0,2,2
16766,2591,Lu|Os|Sn,0,4,0,3,0,4,2,1,3,3,1
16767,2592,Ir|Sn|Y,4,2,4,3,4,3,1,1,3,3,1
16768,1642,Ge|Ta,1,0,2,2,4,3,2,0,1,2,4
16769,2593,Ge|Re,3,3,3,2,3,0,2,2,2,4,1
16770,1312,Ag|Al,4,3,4,1,1,1,0,3,3,0,3
16771,1312,Ag|Al,4,3,4,1,1,1,4,1,4,1,0
16772,1312,Ag|Al,4,3,4,1,1,1,0,0,4,1,3
16773,1312,Ag|Al,4,3,4,1,1,1,1,3,0,2,4
16774,1312,Ag|Al,4,3,4,1,1,1,3,4,4,2,2
16775,2594,Ag|Sb,0,1,2,2,1,1,4,3,1,0,4
16776,2594,Ag|Sb,0,1,2,2,1,1,4,3,2,1,2
16777,2594,Ag|Sb,0,1,2,2,1,1,0,3,4,4,2
16778,2595,Ag|Sn,1,4,2,2,4,0,3,3,2,1,1
16779,2595,Ag|Sn,1,4,2,2,4,0,4,3,3,0,2
16780,2595,Ag|Sn,1,4,2,2,4,0,0,2,1,3,2
16781,2595,Ag|Sn,1,4,2,2,4,0,0,3,2,4,0
16782,2595,Ag|Sn,1,4,2,2,4,0,2,2,1,0,0
16783,2595,Ag|Sn,1,4,2,2,4,0,2,0,1,1,4
16784,2595,Ag|Sn,1,4,2,2,4,0,3,4,0,2,4
16785,1580,Cu|Ge,1,1,4,1,3,4,0,3,0,1,3
16786,1580,Cu|Ge,1,1,4,1,3,4,1,0,1,0,0
16787,1580,Cu|Ge,1,1,4,1,3,4,4,3,3,4,3
16788,1580,Cu|Ge,1,1,4,1,3,4,2,3,4,0,3
16789,1580,Cu|Ge,1,1,4,1,3,4,0,1,0,2,2
16790,1580,Cu|Ge,1,1,4,1,3,4,1,0,4,0,1
16791,1580,Cu|Ge,1,1,4,1,3,4,2,2,4,0,1
16792,1580,Cu|Ge,1,1,4,1,3,4,4,0,4,4,4
16793,1596,Cu|Si,2,4,1,2,4,4,2,4,4,4,0
16794,1396,Au|Sn,3,2,1,4,4,0,2,0,3,1,0
16795,1396,Au|Sn,3,2,1,4,4,0,2,1,0,4,3
16796,1396,Au|Sn,3,2,1,4,4,0,2,3,2,3,0
16797,1396,Au|Sn,3,2,1,4,4,0,1,0,2,3,1
16798,1396,Au|Sn,3,2,1,4,4,0,2,0,1,2,2
16799,1396,Au|Sn,3,2,1,4,4,0,0,1,4,4,4
16800,1394,Au|In,1,3,0,0,2,0,0,3,4,4,0
16801,1394,Au|In,1,3,0,0,2,0,3,3,4,3,2
16802,1272,Sn|Te,2,4,2,0,3,0,2,2,0,0,1
16803,1272,Sn|Te,2,4,2,0,3,0,1,2,1,0,3
16804,1272,Sn|Te,2,4,2,0,3,0,0,0,4,0,3
16805,1272,Sn|Te,2,4,2,0,3,0,4,0,0,2,2
16806,1272,Sn|Te,2,4,2,0,3,0,1,3,0,3,1
16807,1272,Sn|Te,2,4,2,0,3,0,2,2,0,2,2
16808,1272,Sn|Te,2,4,2,0,3,0,1,4,3,3,3
16809,1272,Sn|Te,2,4,2,0,3,0,4,4,2,2,4
16810,1272,Sn|Te,2,4,2,0,3,0,0,4,0,4,1
16811,1272,Sn|Te,2,4,2,0,3,0,4,4,0,3,4
16812,1272,Sn|Te,2,4,2,0,3,0,2,2,1,4,0
16813,1272,Sn|Te,2,4,2,0,3,0,0,2,4,4,4
16814,1272,Sn|Te,2,4,2,0,3,0,2,3,1,2,2
16815,1272,Sn|Te,2,4,2,0,3,0,1,1,4,4,2
16816,1272,Sn|Te,2,4,2,0,3,0,0,3,3,4,0
16817,1272,Sn|Te,2,4,2,0,3,0,3,1,3,2,4
16818,2596,As|Sn|Te,1,2,2,4,0,0,4,1,2,3,2
16819,2596,As|Sn|Te,1,2,2,4,0,0,2,3,1,4,4
16820,2596,As|Sn|Te,1,2,2,4,0,0,0,4,3,1,3
16821,2596,As|Sn|Te,1,2,2,4,0,0,4,0,0,3,3
16822,2596,As|Sn|Te,1,2,2,4,0,0,4,0,4,1,1
16823,2596,As|Sn|Te,1,2,2,4,0,0,2,3,1,3,4
16824,2596,As|Sn|Te,1,2,2,4,0,0,3,3,4,1,4
16825,2596,As|Sn|Te,1,2,2,4,0,0,4,4,0,0,3
16826,2596,As|Sn|Te,1,2,2,4,0,0,3,3,3,0,3
16827,2596,As|Sn|Te,1,2,2,4,0,0,0,3,4,4,4
16828,2596,As|Sn|Te,1,2,2,4,0,0,1,1,2,0,2
16829,2596,As|Sn|Te,1,2,2,4,0,0,3,2,3,3,3
16830,2596,As|Sn|Te,1,2,2,4,0,0,0,3,0,4,2
16831,1025,Zn,4,1,4,1,3,4,3,2,4,3,4
16832,973,In,2,4,1,2,0,0,4,2,1,3,0
16833,971,Sn,0,0,4,3,0,1,0,4,4,2,3
16834,1564,Co|Si,4,2,1,1,4,3,0,3,0,1,3
16835,1638,Ge|Rh,0,3,4,1,2,1,3,2,1,1,0
16836,1859,Pd|Sb,3,1,1,0,0,0,1,2,3,4,1
16837,1262,La,4,1,2,2,3,1,0,1,0,0,2
16838,2597,Al|In|La,1,2,2,2,1,1,3,3,2,3,0
16839,2137,C|Mo|Nb,2,2,3,2,0,2,4,4,0,1,4
16840,2137,C|Mo|Nb,2,2,3,2,0,2,3,3,3,2,4
16841,2137,C|Mo|Nb,2,2,3,2,0,2,2,0,1,4,1
16842,2137,C|Mo|Nb,2,2,3,2,0,2,0,0,2,1,4
16843,2024,C|Nb|W,4,4,0,1,4,3,1,3,2,3,2
16844,2024,C|Nb|W,4,4,0,1,4,3,2,4,0,1,2
16845,2024,C|Nb|W,4,4,0,1,4,3,0,0,0,3,2
16846,2024,C|Nb|W,4,4,0,1,4,3,2,0,3,1,3
16847,2024,C|Nb|W,4,4,0,1,4,3,3,4,0,2,4
16848,2024,C|Nb|W,4,4,0,1,4,3,2,0,3,4,4
16849,2024,C|Nb|W,4,4,0,1,4,3,0,3,4,2,2
16850,1051,C|W,4,1,1,2,1,4,1,2,2,0,4
16851,1116,C|Nb|Ta,1,2,3,1,2,1,0,4,2,0,0
16852,1116,C|Nb|Ta,1,2,3,1,2,1,3,2,2,4,3
16853,1116,C|Nb|Ta,1,2,3,1,2,1,2,0,4,0,4
16854,2598,C|Mo|W,0,1,1,1,3,1,0,0,1,2,4
16855,2598,C|Mo|W,0,1,1,1,3,1,1,4,4,1,4
16856,2598,C|Mo|W,0,1,1,1,3,1,1,4,2,3,4
16857,2598,C|Mo|W,0,1,1,1,3,1,2,2,0,4,3
16858,2598,C|Mo|W,0,1,1,1,3,1,3,3,4,4,2
16859,2598,C|Mo|W,0,1,1,1,3,1,1,1,2,2,3
16860,1114,C|Ta,0,0,1,1,4,2,3,1,2,4,1
16861,1500,C|Mo|Ta,1,3,2,0,2,4,2,2,3,2,3
16862,1500,C|Mo|Ta,1,3,2,0,2,4,4,1,4,1,2
16863,1500,C|Mo|Ta,1,3,2,0,2,4,2,1,3,2,4
16864,1500,C|Mo|Ta,1,3,2,0,2,4,0,1,2,2,3
16865,1500,C|Mo|Ta,1,3,2,0,2,4,3,2,4,1,4
16866,1519,C|Ta|W,2,1,1,0,4,4,4,3,2,3,3
16867,1519,C|Ta|W,2,1,1,0,4,4,0,4,3,4,2
16868,1519,C|Ta|W,2,1,1,0,4,4,1,1,1,4,0
16869,1519,C|Ta|W,2,1,1,0,4,4,0,2,0,0,1
16870,2599,C|Mo|V,3,4,4,1,4,4,2,3,1,2,3
16871,1499,C|Mo|Ti,4,0,4,4,2,2,0,1,3,2,2
16872,1497,C|Mo|Zr,3,4,2,3,3,2,3,1,4,3,3
16873,1177,C|Hf|Mo,1,4,0,0,0,2,1,4,1,4,2
16874,1503,C|Mo|Re,1,1,1,4,0,1,4,0,1,2,4
16875,1502,C|Mo|Ru,2,3,1,3,2,1,3,4,2,0,1
16876,2599,C|Mo|V,3,4,4,1,4,4,4,3,1,1,0
16877,1499,C|Mo|Ti,4,0,4,4,2,2,4,2,2,1,2
16878,1177,C|Hf|Mo,1,4,0,0,0,2,4,4,2,3,0
16879,1497,C|Mo|Zr,3,4,2,3,3,2,2,2,2,2,2
16880,2599,C|Mo|V,3,4,4,1,4,4,2,2,4,2,0
16881,1499,C|Mo|Ti,4,0,4,4,2,2,4,4,1,1,0
16882,1177,C|Hf|Mo,1,4,0,0,0,2,4,2,2,1,4
16883,1497,C|Mo|Zr,3,4,2,3,3,2,0,4,3,3,3
16884,2599,C|Mo|V,3,4,4,1,4,4,2,2,3,2,2
16885,1499,C|Mo|Ti,4,0,4,4,2,2,2,0,0,2,0
16886,1177,C|Hf|Mo,1,4,0,0,0,2,3,2,2,4,4
16887,1497,C|Mo|Zr,3,4,2,3,3,2,3,0,0,0,3
16888,1402,Au|Zr,0,3,2,4,1,4,1,0,0,0,0
16889,1402,Au|Zr,0,3,2,4,1,4,4,3,3,3,4
16890,1402,Au|Zr,0,3,2,4,1,4,2,0,2,2,2
16891,1402,Au|Zr,0,3,2,4,1,4,1,0,4,4,0
16892,1843,Os|Zr,3,3,3,1,0,0,3,1,2,4,1
16893,1843,Os|Zr,3,3,3,1,0,0,0,1,0,1,3
16894,1843,Os|Zr,3,3,3,1,0,0,1,0,0,1,0
16895,1843,Os|Zr,3,3,3,1,0,0,3,4,4,1,0
16896,1843,Os|Zr,3,3,3,1,0,0,3,1,4,0,0
16897,1843,Os|Zr,3,3,3,1,0,0,3,0,1,3,3
16898,1406,Au|Te,2,3,2,4,0,4,3,4,3,4,0
16899,1406,Au|Te,2,3,2,4,0,4,2,1,2,3,1
16900,1406,Au|Te,2,3,2,4,0,4,4,2,4,4,1
16901,1406,Au|Te,2,3,2,4,0,4,1,0,1,3,0
16902,1406,Au|Te,2,3,2,4,0,4,4,1,1,3,1
16903,1406,Au|Te,2,3,2,4,0,4,1,4,0,1,0
16904,1406,Au|Te,2,3,2,4,0,4,1,1,2,3,4
16905,1406,Au|Te,2,3,2,4,0,4,3,2,0,2,2
16906,1406,Au|Te,2,3,2,4,0,4,0,0,3,3,2
16907,1406,Au|Te,2,3,2,4,0,4,4,1,1,0,3
16908,1406,Au|Te,2,3,2,4,0,4,1,1,3,3,1
16909,1406,Au|Te,2,3,2,4,0,4,0,3,3,4,0
16910,1406,Au|Te,2,3,2,4,0,4,2,3,2,3,3
16911,1282,Bi|Sn,3,0,0,3,2,1,0,2,2,1,4
16912,1282,Bi|Sn,3,0,0,3,2,1,3,4,0,3,1
16913,1282,Bi|Sn,3,0,0,3,2,1,3,1,3,1,3
16914,1282,Bi|Sn,3,0,0,3,2,1,3,2,1,4,3
16915,1282,Bi|Sn,3,0,0,3,2,1,0,3,2,1,3
16916,1282,Bi|Sn,3,0,0,3,2,1,3,3,4,2,1
16917,1282,Bi|Sn,3,0,0,3,2,1,3,3,0,2,3
16918,1282,Bi|Sn,3,0,0,3,2,1,0,3,4,1,0
16919,1916,Sb|Sn,2,2,0,0,1,2,2,3,3,1,0
16920,1916,Sb|Sn,2,2,0,0,1,2,2,1,4,1,0
16921,1916,Sb|Sn,2,2,0,0,1,2,4,1,2,3,3
16922,1916,Sb|Sn,2,2,0,0,1,2,0,2,1,1,0
16923,982,Ga,0,0,2,1,2,3,2,1,2,0,1
16924,1281,Ga|Sb,1,0,0,0,0,4,2,2,3,4,2
16925,1281,Ga|Sb,1,0,0,0,0,4,2,4,3,4,4
16926,2354,Bi,3,3,3,4,1,3,2,4,4,3,4
16927,2600,Bi|Sb,3,2,3,3,1,2,0,0,1,3,1
16928,2600,Bi|Sb,3,2,3,3,1,2,0,1,3,0,2
16929,2600,Bi|Sb,3,2,3,3,1,2,0,3,3,2,2
16930,1858,Pb|Tl,4,3,0,3,4,2,0,2,0,4,0
16931,1858,Pb|Tl,4,3,0,3,4,2,3,1,1,4,2
16932,1486,Bi|Tl,3,2,4,2,4,2,1,2,4,4,4
16933,378,Ba|C|Ca|Cu|O,2,3,4,2,1,4,0,0,3,3,4
16934,378,Ba|C|Ca|Cu|O,2,3,4,2,1,4,0,2,3,0,4
16935,378,Ba|C|Ca|Cu|O,2,3,4,2,1,4,0,2,2,0,4
16936,378,Ba|C|Ca|Cu|O,2,3,4,2,1,4,1,2,1,3,1
16937,378,Ba|C|Ca|Cu|O,2,3,4,2,1,4,2,2,2,3,2
16938,378,Ba|C|Ca|Cu|O,2,3,4,2,1,4,1,3,0,0,1
16939,378,Ba|C|Ca|Cu|O,2,3,4,2,1,4,3,2,2,2,2
16940,351,Ba|Ca|Cu|O,4,0,0,3,3,4,2,2,4,4,3
16941,1019,C,3,3,4,3,4,0,2,1,1,1,0
16942,2601,B|Mg|Nb,2,0,2,2,1,4,1,0,1,3,1
16943,2601,B|Mg|Nb,2,0,2,2,1,4,2,0,0,1,1
16944,1001,Ce|Rh|Si,0,2,1,4,2,3,2,3,0,4,2
16945,2602,Hf,4,2,2,1,1,2,3,0,1,0,3
16946,1943,Ti|Zr,4,2,0,4,1,4,1,4,0,4,3
16947,529,Cu|Nb|O|Sr|Y,2,1,2,0,0,4,4,4,0,3,3
16948,1083,Al|B|Mg,4,1,2,1,0,4,0,3,3,2,4
16949,1083,Al|B|Mg,4,1,2,1,0,4,3,2,1,1,1
16950,989,B|C|Mg,0,0,4,4,2,0,0,3,4,1,0
16951,989,B|C|Mg,0,0,4,4,2,0,3,0,1,2,1
16952,989,B|C|Mg,0,0,4,4,2,0,3,1,4,2,1
16953,449,C|Yb,3,4,3,4,3,0,4,2,3,0,1
16954,1144,Nb|Sn,4,4,1,2,2,3,1,4,1,4,2
16955,971,Sn,0,0,4,3,0,1,3,2,2,4,1
16956,118,Ce|Cu|O|Pr,3,0,4,2,3,3,1,1,4,0,0
16957,118,Ce|Cu|O|Pr,3,0,4,2,3,3,4,0,2,3,0
16958,118,Ce|Cu|O|Pr,3,0,4,2,3,3,1,2,4,1,1
16959,118,Ce|Cu|O|Pr,3,0,4,2,3,3,3,1,2,2,1
16960,118,Ce|Cu|O|Pr,3,0,4,2,3,3,4,0,1,1,2
16961,975,Pb,3,4,1,2,3,1,2,0,2,2,1
16962,975,Pb,3,4,1,2,3,1,0,4,1,0,1
16963,8,Ba|Cu|O|Y,0,1,2,1,3,1,2,4,2,0,4
16964,1110,B|Fe|Mg,1,1,4,3,2,0,1,3,4,2,3
16965,1110,B|Fe|Mg,1,1,4,3,2,0,0,4,4,1,0
16966,1110,B|Fe|Mg,1,1,4,3,2,0,1,2,1,3,1
16967,1110,B|Fe|Mg,1,1,4,3,2,0,4,3,4,1,3
16968,1005,La|P|Rh,1,0,3,3,3,2,3,2,1,3,4
16969,2603,Ce|La|P|Ru,4,4,1,3,1,4,1,4,3,3,4
16970,2603,Ce|La|P|Ru,4,4,1,3,1,4,1,0,1,1,1
16971,36,Bi|Cu|O|Sr,2,2,4,1,2,0,0,3,3,1,1
16972,1190,Al,3,1,3,1,4,0,3,0,4,1,3
16973,2604,Al|Li,2,1,3,3,2,1,1,0,4,4,4
16974,2604,Al|Li,2,1,3,3,2,1,3,4,1,1,4
16975,2604,Al|Li,2,1,3,3,2,1,4,4,3,0,0
16976,2604,Al|Li,2,1,3,3,2,1,3,1,0,2,2
16977,1019,C,3,3,4,3,4,0,0,2,1,2,3
16978,36,Bi|Cu|O|Sr,2,2,4,1,2,0,4,3,1,4,2
16979,28,Cu|La|Nd|O|Sr,3,3,0,3,1,0,4,0,0,3,3
16980,28,Cu|La|Nd|O|Sr,3,3,0,3,1,0,3,0,1,1,3
16981,28,Cu|La|Nd|O|Sr,3,3,0,3,1,0,1,1,1,4,2
16982,28,Cu|La|Nd|O|Sr,3,3,0,3,1,0,0,0,3,4,2
16983,2,Cu|La|O|Sr,1,2,3,2,2,0,4,3,3,0,1
16984,2,Cu|La|O|Sr,1,2,3,2,2,0,1,1,4,3,1
16985,2,Cu|La|O|Sr,1,2,3,2,2,0,2,4,1,1,0
16986,118,Ce|Cu|O|Pr,3,0,4,2,3,3,3,2,2,0,2
16987,118,Ce|Cu|O|Pr,3,0,4,2,3,3,0,4,4,2,1
16988,118,Ce|Cu|O|Pr,3,0,4,2,3,3,4,2,0,3,3
16989,2605,Ce|Cu|O|Pr|Zn,2,1,1,3,0,0,3,0,4,0,4
16990,2605,Ce|Cu|O|Pr|Zn,2,1,1,3,0,0,2,0,1,0,3
16991,2605,Ce|Cu|O|Pr|Zn,2,1,1,3,0,0,3,2,2,3,3
16992,2605,Ce|Cu|O|Pr|Zn,2,1,1,3,0,0,3,0,4,4,1
16993,559,Ce|Cu|Ni|O|Pr,4,0,1,1,2,1,0,4,4,4,4
16994,559,Ce|Cu|Ni|O|Pr,4,0,1,1,2,1,3,2,0,0,2
16995,559,Ce|Cu|Ni|O|Pr,4,0,1,1,2,1,4,0,4,1,4
16996,559,Ce|Cu|Ni|O|Pr,4,0,1,1,2,1,0,1,1,0,4
16997,1016,Ba|Ca|Cu|Mg|O|Tl,3,3,0,4,3,0,1,0,3,4,2
16998,1016,Ba|Ca|Cu|Mg|O|Tl,3,3,0,4,3,0,2,4,2,4,2
16999,411,Ag|Ba|Ca|Cu|O,0,1,4,2,2,1,4,0,2,2,2
17000,411,Ag|Ba|Ca|Cu|O,0,1,4,2,2,1,1,3,0,2,0
17001,411,Ag|Ba|Ca|Cu|O,0,1,4,2,2,1,1,2,0,0,4
17002,411,Ag|Ba|Ca|Cu|O,0,1,4,2,2,1,3,3,3,1,0
17003,351,Ba|Ca|Cu|O,4,0,0,3,3,4,3,3,2,4,3
17004,351,Ba|Ca|Cu|O,4,0,0,3,3,4,2,1,3,4,2
17005,351,Ba|Ca|Cu|O,4,0,0,3,3,4,2,3,2,0,3
17006,351,Ba|Ca|Cu|O,4,0,0,3,3,4,1,1,0,1,4
17007,47,Ba|Ca|Cu|O|Tl,3,2,1,1,4,1,2,1,2,0,2
17008,1772,Mo|Sb,2,1,1,2,2,0,0,4,2,0,1
17009,1182,C|Sr,4,1,4,2,0,2,1,3,0,4,2
17010,783,K|O|Os,3,1,1,2,3,3,0,0,3,3,3
17011,862,Ba|Ca|Cu|F|O,0,1,3,0,2,0,1,0,2,1,1
17012,862,Ba|Ca|Cu|F|O,0,1,3,0,2,0,1,4,4,0,4
17013,8,Ba|Cu|O|Y,0,1,2,1,3,1,3,2,4,4,1
17014,2606,Ba|Cu|O|P|Y,3,0,3,0,1,1,1,1,1,2,1
17015,2606,Ba|Cu|O|P|Y,3,0,3,0,1,1,4,4,3,0,3
17016,2606,Ba|Cu|O|P|Y,3,0,3,0,1,1,1,0,4,0,4
17017,2606,Ba|Cu|O|P|Y,3,0,3,0,1,1,2,3,2,4,0
17018,10,Ba|Cu|O|Tm,3,0,0,3,2,2,3,3,4,2,0
17019,10,Ba|Cu|O|Tm,3,0,0,3,2,2,1,0,4,2,3
17020,10,Ba|Cu|O|Tm,3,0,0,3,2,2,4,0,3,4,0
17021,10,Ba|Cu|O|Tm,3,0,0,3,2,2,1,1,4,0,3
17022,10,Ba|Cu|O|Tm,3,0,0,3,2,2,3,4,4,2,1
17023,10,Ba|Cu|O|Tm,3,0,0,3,2,2,1,1,2,4,1
17024,10,Ba|Cu|O|Tm,3,0,0,3,2,2,0,0,1,0,1
17025,10,Ba|Cu|O|Tm,3,0,0,3,2,2,3,4,3,2,0
17026,10,Ba|Cu|O|Tm,3,0,0,3,2,2,0,1,1,0,3
17027,378,Ba|C|Ca|Cu|O,2,3,4,2,1,4,1,2,2,4,0
17028,458,Ba|C|Cu|O|Sr|Tl,4,2,3,2,0,4,2,2,1,0,2
17029,2243,Ge|Pd|Y,4,3,1,4,3,0,3,1,3,4,4
17030,2607,Ge|Pd|Pt|Y,1,4,3,4,4,2,3,1,2,4,3
17031,2607,Ge|Pd|Pt|Y,1,4,3,4,4,2,0,4,0,0,4
17032,2607,Ge|Pd|Pt|Y,1,4,3,4,4,2,2,4,2,4,4
17033,2607,Ge|Pd|Pt|Y,1,4,3,4,4,2,2,2,1,1,2
17034,2607,Ge|Pd|Pt|Y,1,4,3,4,4,2,4,0,2,2,1
17035,2607,Ge|Pd|Pt|Y,1,4,3,4,4,2,3,0,0,1,1
17036,2242,Ge|Pt|Y,1,2,2,1,0,3,4,4,0,1,4
17037,2608,Ce|Cu|Mn|Nd|O,4,1,2,1,3,2,1,4,4,4,2
17038,2608,Ce|Cu|Mn|Nd|O,4,1,2,1,3,2,1,0,1,2,2
17039,2608,Ce|Cu|Mn|Nd|O,4,1,2,1,3,2,1,0,2,2,2
17040,2608,Ce|Cu|Mn|Nd|O,4,1,2,1,3,2,4,4,3,2,1
17041,512,Ce|Cu|Gd|O|Ru|Sr,3,2,2,3,4,3,4,4,4,3,2
17042,958,Ce|Cu|Gd|Nb|O|Ru|Sr,0,0,1,0,1,3,0,4,0,1,1
17043,958,Ce|Cu|Gd|Nb|O|Ru|Sr,0,0,1,0,1,3,4,3,0,2,1
17044,958,Ce|Cu|Gd|Nb|O|Ru|Sr,0,0,1,0,1,3,3,1,4,2,1
17045,2243,Ge|Pd|Y,4,3,1,4,3,0,2,0,3,1,0
17046,2609,Ge|Pd|Si|Y,0,3,0,1,4,3,2,0,4,1,1
17047,2609,Ge|Pd|Si|Y,0,3,0,1,4,3,3,0,2,1,3
17048,169,Bi|Cu|La|O|Pb|Sr,1,0,1,2,2,1,2,1,4,4,2
17049,36,Bi|Cu|O|Sr,2,2,4,1,2,0,0,2,2,4,4
17050,49,Bi|Ca|Cu|O|Sr,2,0,2,4,3,0,3,1,3,0,0
17051,49,Bi|Ca|Cu|O|Sr,2,0,2,4,3,0,2,2,4,2,0
17052,49,Bi|Ca|Cu|O|Sr,2,0,2,4,3,0,1,4,2,0,2
17053,49,Bi|Ca|Cu|O|Sr,2,0,2,4,3,0,2,2,3,2,1
17054,49,Bi|Ca|Cu|O|Sr,2,0,2,4,3,0,4,4,3,2,0
17055,49,Bi|Ca|Cu|O|Sr,2,0,2,4,3,0,0,2,3,2,1
17056,49,Bi|Ca|Cu|O|Sr,2,0,2,4,3,0,4,0,3,4,0
17057,49,Bi|Ca|Cu|O|Sr,2,0,2,4,3,0,4,2,4,0,4
17058,2610,Al|Na|Si,1,4,0,2,2,1,4,1,4,1,3
17059,990,B|Li|Pd,4,4,0,1,0,2,2,2,4,3,3
17060,991,B|Li|Pt,0,1,3,2,0,0,4,3,2,0,0
17061,986,C|Y,2,2,0,0,3,2,4,1,1,0,2
17062,986,C|Y,2,2,0,0,3,2,1,3,2,1,1
17063,986,C|Y,2,2,0,0,3,2,4,0,1,0,0
17064,2611,Ga|Rh,3,0,3,3,1,1,1,2,3,1,3
17065,2612,Ga|Ir,2,2,2,0,4,4,1,1,0,4,1
17066,1090,Ce|Ir|Si,1,4,3,2,3,1,3,1,0,2,1
17067,2077,As|Pr|Ru,4,3,4,3,4,0,1,2,2,3,1
17068,1112,B|Nb,0,4,2,4,2,0,0,1,2,4,0
17069,1264,Sc,3,0,1,0,1,2,1,0,4,3,2
17070,710,Cu|O|Ru|Sr|Y,0,0,2,3,0,1,3,2,0,0,1
17071,1345,Al|Mg,0,4,4,3,2,2,3,1,4,1,4
17072,524,Ca|Cu|F|O|Sr,2,3,4,2,4,1,2,2,1,3,2
17073,524,Ca|Cu|F|O|Sr,2,3,4,2,4,1,3,1,2,1,0
17074,524,Ca|Cu|F|O|Sr,2,3,4,2,4,1,1,4,1,2,4
17075,524,Ca|Cu|F|O|Sr,2,3,4,2,4,1,1,1,3,3,3
17076,690,Cu|Gd|O|Ru|Sr,0,2,4,2,4,2,0,4,4,3,2
17077,926,Cu|Gd|O|Rh|Ru|Sr,0,1,1,3,4,0,3,2,3,2,2
17078,926,Cu|Gd|O|Rh|Ru|Sr,0,1,1,3,4,0,2,0,0,2,1
17079,926,Cu|Gd|O|Rh|Ru|Sr,0,1,1,3,4,0,0,2,3,3,2
17080,1262,La,4,1,2,2,3,1,1,3,4,1,4
17081,2613,Li|O|V,2,2,0,3,1,4,0,1,4,0,4
17082,1000,Nb|Se,0,2,1,4,0,2,2,1,0,4,0
17083,2109,Fe|Lu|Si,0,2,0,2,1,0,1,4,4,4,1
17084,2109,Fe|Lu|Si,0,2,0,2,1,0,1,1,3,0,1
17085,2109,Fe|Lu|Si,0,2,0,2,1,0,4,1,0,3,4
17086,2107,Fe|Sc|Si,4,4,2,4,2,3,4,3,4,3,0
17087,2108,Fe|Si|Y,3,0,3,1,4,4,2,3,4,2,0
17088,1262,La,4,1,2,2,3,1,2,2,2,4,4
17089,1262,La,4,1,2,2,3,1,4,2,0,3,4
17090,2111,Fe|Si|Tm,3,2,1,4,4,1,4,1,2,3,4
17091,2614,Fe|Lu|Si|Tm,0,0,3,4,0,3,4,1,1,2,0
17092,2614,Fe|Lu|Si|Tm,0,0,3,4,0,3,4,4,3,3,1
17093,2056,B|C|La|Pt,0,3,1,4,3,1,3,0,2,3,4
17094,2109,Fe|Lu|Si,0,2,0,2,1,0,2,1,0,4,3
17095,2107,Fe|Sc|Si,4,4,2,4,2,3,1,2,0,1,2
17096,2108,Fe|Si|Y,3,0,3,1,4,4,3,2,2,4,3
17097,2615,Fe|Lu|Si|Y,2,3,2,0,2,2,0,1,1,1,3
17098,2615,Fe|Lu|Si|Y,2,3,2,0,2,2,4,1,0,1,3
17099,2616,Dy|Fe|Si|Y,3,3,1,3,1,0,3,4,4,2,2
17100,2615,Fe|Lu|Si|Y,2,3,2,0,2,2,1,3,0,3,1
17101,975,Pb,3,4,1,2,3,1,4,3,4,0,4
17102,1261,Sr,0,2,4,0,3,3,1,1,3,0,1
17103,2120,La|Mo|S,0,4,3,3,1,1,3,2,2,1,2
17104,2214,Ag|Se|Sn,1,4,4,4,1,1,2,4,0,2,4
17105,1950,Sb,3,0,1,0,4,4,4,1,1,0,1
17106,1270,As,2,1,1,4,3,4,0,1,4,4,1
17107,2372,Lu,2,1,2,0,0,1,2,2,1,3,3
17108,1002,Ce|Pt|Si,0,0,1,0,3,1,2,3,4,0,1
17109,2617,Ce|Ge|Pt|Si,3,0,4,3,3,3,3,3,4,1,3
17110,2617,Ce|Ge|Pt|Si,3,0,4,3,3,3,3,2,2,0,0
17111,2617,Ce|Ge|Pt|Si,3,0,4,3,3,3,4,3,1,1,1
17112,1196,Cu|Se|Ti,2,1,0,1,0,3,1,2,1,4,3
17113,1196,Cu|Se|Ti,2,1,0,1,0,3,1,2,3,0,3
17114,1196,Cu|Se|Ti,2,1,0,1,0,3,0,0,4,0,2
17115,1196,Cu|Se|Ti,2,1,0,1,0,3,0,4,0,2,3
17116,1001,Ce|Rh|Si,0,2,1,4,2,3,0,1,4,2,0
17117,1001,Ce|Rh|Si,0,2,1,4,2,3,3,4,2,0,4
17118,2077,As|Pr|Ru,4,3,4,3,4,0,3,0,4,4,0
17119,2173,La|Rh|Si,2,4,0,2,2,0,2,3,1,4,1
17120,1198,Ir|La|Si,4,4,3,3,2,4,2,3,3,1,2
17121,1526,Ca|Si,3,2,1,0,4,2,1,4,3,1,4
17122,1526,Ca|Si,3,2,1,0,4,2,1,3,2,2,1
17123,1526,Ca|Si,3,2,1,0,4,2,1,0,3,0,1
17124,1925,Si|Sr,2,4,0,0,4,2,4,3,2,3,0
17125,1012,Ba|Ge,0,2,0,0,3,1,3,1,1,0,1
17126,2618,Tc|Y,4,2,0,2,2,1,4,4,2,1,1
17127,2619,Sc|Tc,1,2,2,3,2,3,3,4,3,0,0
17128,2620,Lu|Tc,0,1,1,0,4,0,4,2,1,2,3
17129,1962,Re|Sc,4,1,1,2,3,1,3,1,1,1,3
17130,2621,Lu|Re,4,2,3,0,2,0,4,3,4,4,2
17131,2622,B|C|Mo|Zr,0,2,2,0,2,2,1,2,3,2,3
17132,2622,B|C|Mo|Zr,0,2,2,0,2,2,4,0,2,0,3
17133,2623,B|C|Mo|Nb,1,1,0,0,4,2,2,1,2,2,2
17134,2623,B|C|Mo|Nb,1,1,0,0,4,2,4,2,1,3,0
17135,2624,B|C|Hf|Mo,1,3,0,0,0,0,2,3,0,3,4
17136,2624,B|C|Hf|Mo,1,3,0,0,0,0,1,4,1,0,1
17137,2625,B|C|Mo|Ta,3,1,0,1,0,2,4,4,0,3,2
17138,2625,B|C|Mo|Ta,3,1,0,1,0,2,0,3,0,4,0
17139,2626,B|C|Mo|W,0,1,1,4,0,0,2,3,0,0,4
17140,2627,B|C|Mo|Rh,3,2,3,1,3,4,0,3,0,1,3
17141,1176,B|C|Mo,0,4,1,1,2,1,3,2,2,0,3
17142,1150,Cl|Li|N|Zr,2,2,4,2,2,4,2,0,0,4,3
17143,1178,B|Ir|Mg,3,3,1,3,4,3,4,4,3,0,0
17144,2173,La|Rh|Si,2,4,0,2,2,0,1,4,4,0,4
17145,1198,Ir|La|Si,4,4,3,3,2,4,3,2,0,2,0
17146,2628,Os|Si|Y,3,3,4,3,4,2,4,4,0,3,1
17147,2629,Er|Os|Si,4,2,0,2,2,0,3,2,2,2,4
17148,2630,Os|Si|Tb,2,2,2,2,4,2,4,4,0,4,2
17149,2631,Dy|Os|Si,0,1,4,4,2,3,3,4,3,4,2
17150,2632,Ho|Os|Si,4,3,1,3,3,3,2,2,4,0,1
17151,2633,Os|Si|Tm,3,4,3,4,1,1,0,0,4,4,1
17152,2628,Os|Si|Y,3,3,4,3,4,2,2,2,1,1,2
17153,2634,Li|S|Ti,2,3,4,3,0,1,0,0,1,0,0
17154,2635,S|Ti,0,1,2,4,0,4,2,4,4,0,3
17155,2636,C|Rb|Tl,3,3,4,3,0,1,0,2,1,1,4
17156,1198,Ir|La|Si,4,4,3,3,2,4,3,3,1,4,2
17157,2214,Ag|Se|Sn,1,4,4,4,1,1,2,1,3,1,1
17158,2214,Ag|Se|Sn,1,4,4,4,1,1,1,2,1,3,1
17159,2214,Ag|Se|Sn,1,4,4,4,1,1,0,0,3,3,1
17160,2214,Ag|Se|Sn,1,4,4,4,1,1,0,2,1,4,3
17161,2214,Ag|Se|Sn,1,4,4,4,1,1,4,2,1,0,1
17162,1198,Ir|La|Si,4,4,3,3,2,4,3,0,1,0,4
17163,2637,Co|H|Mn|Na|O,1,2,0,0,2,0,2,3,2,2,0
17164,2637,Co|H|Mn|Na|O,1,2,0,0,2,0,3,4,1,0,2
17165,422,Ca|Cl|Cu|Na|O,1,0,1,2,0,1,1,1,4,0,4
17166,422,Ca|Cl|Cu|Na|O,1,0,1,2,0,1,0,2,2,1,3
17167,422,Ca|Cl|Cu|Na|O,1,0,1,2,0,1,1,2,4,0,3
17168,422,Ca|Cl|Cu|Na|O,1,0,1,2,0,1,2,2,2,4,1
17169,422,Ca|Cl|Cu|Na|O,1,0,1,2,0,1,0,3,1,4,1
17170,990,B|Li|Pd,4,4,0,1,0,2,1,4,1,0,0
17171,1291,B|Li|Pd|Pt,2,3,0,0,4,3,2,1,3,4,2
17172,991,B|Li|Pt,0,1,3,2,0,0,2,2,2,2,1
17173,1104,Al|Ca|Si,0,4,0,1,2,4,3,0,2,1,3
17174,1104,Al|Ca|Si,0,4,0,1,2,4,3,2,2,0,4
17175,1104,Al|Ca|Si,0,4,0,1,2,4,0,2,0,2,0
17176,1104,Al|Ca|Si,0,4,0,1,2,4,2,3,3,0,0
17177,1104,Al|Ca|Si,0,4,0,1,2,4,3,3,3,0,4
17178,1104,Al|Ca|Si,0,4,0,1,2,4,1,0,2,2,3
17179,1071,Cl|N|Zr,1,4,1,4,3,2,4,1,2,3,0
17180,1158,La|Pd|Si,1,0,3,1,3,2,2,3,4,1,2
17181,763,Co|H|Na|O,1,4,2,2,1,4,4,0,4,4,1
17182,985,C|La,2,2,1,2,2,4,1,4,0,0,4
17183,120,Bi|Cu|La|O|Sr,1,3,1,3,0,0,3,0,2,0,1
17184,49,Bi|Ca|Cu|O|Sr,2,0,2,4,3,0,1,0,3,3,0
17185,49,Bi|Ca|Cu|O|Sr,2,0,2,4,3,0,3,0,3,0,2
17186,2638,C|In|Ti,0,3,4,0,0,4,3,1,1,4,2
17187,2639,As|C|Nb,4,0,3,4,0,4,3,3,0,0,1
17188,1196,Cu|Se|Ti,2,1,0,1,0,3,4,0,1,4,2
17189,2640,Ba|Ge|Pt,0,0,3,1,2,4,0,4,4,3,3
17190,2641,Ge|Pt|Sr,4,0,2,3,3,3,0,3,1,4,2
17191,1196,Cu|Se|Ti,2,1,0,1,0,3,4,0,3,0,1
17192,2062,B|C|Er|Ni,2,0,2,0,0,3,3,1,1,3,1
17193,2352,B|C|Er|Fe|Ni,3,3,1,0,2,2,4,1,1,1,1
17194,2352,B|C|Er|Fe|Ni,3,3,1,0,2,2,4,3,2,3,4
17195,2352,B|C|Er|Fe|Ni,3,3,1,0,2,2,0,4,1,0,1
17196,2352,B|C|Er|Fe|Ni,3,3,1,0,2,2,2,0,3,2,2
17197,2352,B|C|Er|Fe|Ni,3,3,1,0,2,2,0,1,4,2,0
17198,2061,B|C|Ni|Tm,2,3,3,3,4,1,1,4,0,3,3
17199,2642,B|C|Fe|Ni|Tm,1,4,2,4,2,3,3,4,0,4,1
17200,2642,B|C|Fe|Ni|Tm,1,4,2,4,2,3,3,4,2,0,1
17201,2642,B|C|Fe|Ni|Tm,1,4,2,4,2,3,2,2,4,4,3
17202,2642,B|C|Fe|Ni|Tm,1,4,2,4,2,3,2,0,4,0,1
17203,2642,B|C|Fe|Ni|Tm,1,4,2,4,2,3,2,2,2,0,2
17204,1896,Rh|S,4,4,0,1,3,4,0,2,1,3,4
17205,2062,B|C|Er|Ni,2,0,2,0,0,3,1,1,3,2,4
17206,2493,Ge|La|Pt,0,0,3,2,0,2,4,2,3,2,2
17207,2643,Ge|Pr|Pt,4,3,4,3,1,3,0,2,2,1,3
17208,2641,Ge|Pt|Sr,4,0,2,3,3,3,3,2,3,4,0
17209,2640,Ba|Ge|Pt,0,0,3,1,2,4,0,0,3,0,2
17210,463,Cr|Cu|Hg|O|Sr,0,0,3,0,1,2,3,2,1,3,2
17211,463,Cr|Cu|Hg|O|Sr,0,0,3,0,1,2,1,3,0,2,3
17212,512,Ce|Cu|Gd|O|Ru|Sr,3,2,2,3,4,3,3,4,1,0,3
17213,2644,Ce|Cu|Gd|O|Ru|Sn|Sr,2,1,0,1,2,2,0,1,0,3,2
17214,2644,Ce|Cu|Gd|O|Ru|Sn|Sr,2,1,0,1,2,2,4,0,0,0,3
17215,1000,Nb|Se,0,2,1,4,0,2,0,1,3,1,1
17216,307,Ba|Ca|Cu|Hg|O,2,4,3,2,4,3,3,4,4,0,1
17217,2645,B|Os,4,1,1,2,2,0,2,2,4,3,0
17218,2645,B|Os,4,1,1,2,2,0,3,3,2,1,0
17219,1102,C|Ca,3,3,2,0,2,4,3,1,4,1,3
17220,2646,Cu|La|O|Y,0,4,0,3,4,1,2,2,4,2,2
17221,2647,Cu|La|O|Tb,4,4,2,1,0,4,1,3,2,1,2
17222,307,Ba|Ca|Cu|Hg|O,2,4,3,2,4,3,1,4,1,2,2
17223,2,Cu|La|O|Sr,1,2,3,2,2,0,0,2,3,3,4
17224,2,Cu|La|O|Sr,1,2,3,2,2,0,3,3,2,4,2
17225,1426,B|Ru,0,0,0,0,4,3,1,4,4,1,1
17226,2645,B|Os,4,1,1,2,2,0,2,2,3,3,2
17227,2020,B|La,1,3,3,2,3,0,3,4,4,2,0
17228,1052,B|Mo,2,1,4,4,1,3,2,3,4,2,4
17229,1426,B|Ru,0,0,0,0,4,3,1,0,4,2,0
17230,1427,B|Re,1,0,1,0,2,4,2,1,0,4,1
17231,2648,B|Ir|V,2,4,4,3,1,0,1,0,3,1,2
17232,2649,B|Ir|Mo,3,1,3,1,0,0,0,0,1,2,0
17233,2650,B|Mo|Ru,0,3,1,3,1,4,1,1,3,2,1
17234,2651,B|Ru|W,3,1,2,1,1,1,2,3,2,3,3
17235,866,Ba|Ca|Cu|O|Tl|Zn,4,2,0,1,2,2,0,2,3,2,0
17236,2652,Ba|Ca|Cu|Mg|O|Tl|Zn,3,2,1,4,4,0,0,1,2,0,4
17237,2652,Ba|Ca|Cu|Mg|O|Tl|Zn,3,2,1,4,4,0,0,3,1,0,2
17238,2652,Ba|Ca|Cu|Mg|O|Tl|Zn,3,2,1,4,4,0,0,2,3,4,2
17239,2653,Al|Hf|Pd,1,0,4,4,4,2,0,4,0,4,0
17240,2654,Al|Pd|Zr,3,1,1,0,2,3,3,3,4,2,3
17241,71,Bi|Ca|Cu|O|Pb|Sr,2,0,4,1,4,1,2,2,3,0,4
17242,203,Bi|Ca|Cu|Nd|O|Pb|Sr,0,2,0,3,2,0,1,3,0,2,4
17243,203,Bi|Ca|Cu|Nd|O|Pb|Sr,0,2,0,3,2,0,1,3,1,0,2
17244,203,Bi|Ca|Cu|Nd|O|Pb|Sr,0,2,0,3,2,0,4,3,3,4,2
17245,203,Bi|Ca|Cu|Nd|O|Pb|Sr,0,2,0,3,2,0,2,3,3,3,0
17246,203,Bi|Ca|Cu|Nd|O|Pb|Sr,0,2,0,3,2,0,1,1,3,2,1
17247,47,Ba|Ca|Cu|O|Tl,3,2,1,1,4,1,3,2,1,0,0
17248,2655,Ba|Ca|Cu|Na|O|Tl,3,1,3,4,2,2,0,2,3,4,0
17249,2655,Ba|Ca|Cu|Na|O|Tl,3,1,3,4,2,2,2,1,3,0,3
17250,2655,Ba|Ca|Cu|Na|O|Tl,3,1,3,4,2,2,4,4,2,4,0
17251,2655,Ba|Ca|Cu|Na|O|Tl,3,1,3,4,2,2,2,3,4,3,2
17252,2655,Ba|Ca|Cu|Na|O|Tl,3,1,3,4,2,2,1,3,1,3,1
17253,1248,Os|Pr|Ru|Sb,1,1,0,0,3,3,3,4,4,0,2
17254,1248,Os|Pr|Ru|Sb,1,1,0,0,3,3,4,3,4,1,0
17255,1248,Os|Pr|Ru|Sb,1,1,0,0,3,3,2,1,3,4,1
17256,2656,Nd|Os|Pr|Sb,1,0,1,3,3,3,1,4,2,4,4
17257,2656,Nd|Os|Pr|Sb,1,0,1,3,3,3,1,4,3,2,4
17258,2657,Cd|Ce|Co|In,0,0,2,0,2,1,1,2,3,2,2
17259,2657,Cd|Ce|Co|In,0,0,2,0,2,1,0,1,2,4,1
17260,2658,Bi|La|Pt,2,0,4,0,0,4,4,0,0,3,4
17261,1214,Al|La,1,3,4,4,3,4,2,4,1,0,0
17262,1343,Al|Gd|La,4,2,3,1,1,1,1,4,4,1,3
17263,1343,Al|Gd|La,4,2,3,1,1,1,2,3,2,0,3
17264,1343,Al|Gd|La,4,2,3,1,1,1,0,1,3,1,1
17265,1343,Al|Gd|La,4,2,3,1,1,1,4,3,3,4,1
17266,1343,Al|Gd|La,4,2,3,1,1,1,0,0,4,3,2
17267,1306,In|La,0,4,4,1,3,3,0,0,3,0,0
17268,2659,In|La|Pr,4,4,3,0,3,3,3,2,2,1,4
17269,2659,In|La|Pr,4,4,3,0,3,3,2,1,1,1,2
17270,2659,In|La|Pr,4,4,3,0,3,3,4,4,0,0,0
17271,2660,Cd|Ce|In|Ir,0,4,1,2,2,0,3,0,3,4,1
17272,2387,Al|La|Tb,2,4,2,4,2,3,0,2,3,4,4
17273,2387,Al|La|Tb,2,4,2,4,2,3,0,4,3,0,2
17274,2387,Al|La|Tb,2,4,2,4,2,3,3,3,4,3,4
17275,2387,Al|La|Tb,2,4,2,4,2,3,1,3,2,2,1
17276,1214,Al|La,1,3,4,4,3,4,2,0,2,1,4
17277,2661,Al|La|Si,4,1,3,4,3,0,1,1,2,0,4
17278,1167,Pd|Sn|Yb,3,4,2,1,0,0,1,1,0,1,3
17279,2535,Au|In|Y,2,0,1,1,2,2,2,3,2,0,1
17280,2662,Au|In|Pd|Y,2,1,1,2,1,4,3,4,2,0,3
17281,2662,Au|In|Pd|Y,2,1,1,2,1,4,0,3,3,1,1
17282,2662,Au|In|Pd|Y,2,1,1,2,1,4,0,1,4,1,1
17283,2662,Au|In|Pd|Y,2,1,1,2,1,4,1,1,1,0,3
17284,2662,Au|In|Pd|Y,2,1,1,2,1,4,2,1,0,3,1
17285,2663,In|Pd|Y,3,0,4,2,2,1,4,1,0,3,0
17286,1159,Pd|Sn|Y,4,4,1,1,4,3,0,0,1,1,2
17287,2664,Al|Hf|Ni,2,3,3,4,0,3,3,2,3,2,4
17288,2665,Al|Ni|Zr,0,4,3,4,0,1,0,2,3,0,0
17289,2666,Ga|Hf|Ni,1,2,4,2,3,3,0,4,2,1,4
17290,2667,Nb|Ni|Sn,0,0,1,3,0,2,4,2,4,1,0
17291,1738,La|Sn|Tm,0,2,4,4,4,1,3,3,0,1,1
17292,1738,La|Sn|Tm,0,2,4,4,4,1,0,3,2,3,0
17293,2435,Gd|La|Sn,3,4,3,1,1,1,0,2,2,4,3
17294,2435,Gd|La|Sn,3,4,3,1,1,1,1,3,0,0,1
17295,985,C|La,2,2,1,2,2,4,2,2,3,4,4
17296,1112,B|Nb,0,4,2,4,2,0,2,3,4,3,0
17297,1112,B|Nb,0,4,2,4,2,0,4,3,3,1,1
17298,2668,Al|Ca|O,4,3,3,3,0,3,3,1,3,2,4
17299,2316,Ce|Co|In|Ir,2,2,1,1,3,4,2,1,4,0,2
17300,2316,Ce|Co|In|Ir,2,2,1,1,3,4,2,3,2,0,4
17301,2669,Li|Mg,1,0,4,0,1,4,1,4,3,3,2
17302,1002,Ce|Pt|Si,0,0,1,0,3,1,3,0,2,1,0
17303,2670,Ce|Ni|Pt|Si,4,2,3,4,2,4,4,4,2,4,4
17304,2670,Ce|Ni|Pt|Si,4,2,3,4,2,4,3,4,3,3,2
17305,2671,Ir|Lu|Si|Yb,3,4,1,2,1,4,0,4,2,4,3
17306,2671,Ir|Lu|Si|Yb,3,4,1,2,1,4,3,3,0,0,1
17307,2671,Ir|Lu|Si|Yb,3,4,1,2,1,4,2,3,4,2,2
17308,1003,Ce|In|Rh,1,0,3,1,4,1,1,3,0,0,3
17309,2672,In|Rh,4,3,0,0,3,2,3,2,0,2,1
17310,71,Bi|Ca|Cu|O|Pb|Sr,2,0,4,1,4,1,4,4,4,3,1
17311,66,Ba|Cu|O|Sr|Y,2,2,3,2,4,1,3,1,4,4,2
17312,66,Ba|Cu|O|Sr|Y,2,2,3,2,4,1,4,4,2,3,3
17313,47,Ba|Ca|Cu|O|Tl,3,2,1,1,4,1,3,4,3,3,1
17314,866,Ba|Ca|Cu|O|Tl|Zn,4,2,0,1,2,2,3,1,4,4,1
17315,866,Ba|Ca|Cu|O|Tl|Zn,4,2,0,1,2,2,4,2,1,2,4
17316,866,Ba|Ca|Cu|O|Tl|Zn,4,2,0,1,2,2,2,0,4,0,2
17317,866,Ba|Ca|Cu|O|Tl|Zn,4,2,0,1,2,2,0,1,0,1,2
17318,866,Ba|Ca|Cu|O|Tl|Zn,4,2,0,1,2,2,4,0,2,1,1
17319,866,Ba|Ca|Cu|O|Tl|Zn,4,2,0,1,2,2,3,4,3,4,3
17320,866,Ba|Ca|Cu|O|Tl|Zn,4,2,0,1,2,2,4,0,3,1,3
17321,994,Ag|N|O,2,3,0,0,4,3,1,4,3,4,0
17322,0,Ba|Cu|La|O,2,4,2,3,0,4,1,4,1,1,1
17323,0,Ba|Cu|La|O,2,4,2,3,0,4,3,2,2,0,2
17324,0,Ba|Cu|La|O,2,4,2,3,0,4,4,3,3,2,0
17325,0,Ba|Cu|La|O,2,4,2,3,0,4,4,1,3,4,0
17326,52,Cu|La|Na|O,3,1,4,2,4,0,2,0,2,1,3
17327,52,Cu|La|Na|O,3,1,4,2,4,0,0,0,4,4,0
17328,29,Cu|La|O|Sm|Sr,4,0,3,4,4,0,3,2,3,0,3
17329,29,Cu|La|O|Sm|Sr,4,0,3,4,4,0,4,4,1,0,2
17330,29,Cu|La|O|Sm|Sr,4,0,3,4,4,0,0,3,1,0,3
17331,29,Cu|La|O|Sm|Sr,4,0,3,4,4,0,1,0,1,2,2
17332,65,Cu|Eu|La|O|Sr,3,3,0,2,0,0,4,4,3,0,0
17333,30,Cu|Gd|La|O|Sr,2,0,1,2,0,3,1,2,3,1,3
17334,29,Cu|La|O|Sm|Sr,4,0,3,4,4,0,1,1,1,0,0
17335,2673,Bi|Cu|La|O|Sr|Y,3,2,0,2,1,3,0,3,2,0,1
17336,120,Bi|Cu|La|O|Sr,1,3,1,3,0,0,1,0,0,0,2
17337,169,Bi|Cu|La|O|Pb|Sr,1,0,1,2,2,1,3,2,1,0,3
17338,169,Bi|Cu|La|O|Pb|Sr,1,0,1,2,2,1,0,1,0,1,0
17339,169,Bi|Cu|La|O|Pb|Sr,1,0,1,2,2,1,3,1,0,3,3
17340,169,Bi|Cu|La|O|Pb|Sr,1,0,1,2,2,1,4,2,2,4,1
17341,169,Bi|Cu|La|O|Pb|Sr,1,0,1,2,2,1,1,0,0,1,4
17342,169,Bi|Cu|La|O|Pb|Sr,1,0,1,2,2,1,1,1,2,0,0
17343,169,Bi|Cu|La|O|Pb|Sr,1,0,1,2,2,1,2,3,3,3,2
17344,1116,C|Nb|Ta,1,2,3,1,2,1,4,3,2,3,1
17345,990,B|Li|Pd,4,4,0,1,0,2,4,0,0,0,0
17346,1022,B|Li|Ni|Pd,2,4,4,0,3,0,1,3,0,1,2
17347,1022,B|Li|Ni|Pd,2,4,4,0,3,0,1,1,3,3,0
17348,1022,B|Li|Ni|Pd,2,4,4,0,3,0,4,2,1,4,2
17349,1022,B|Li|Ni|Pd,2,4,4,0,3,0,2,0,1,2,3
17350,1772,Mo|Sb,2,1,1,2,2,0,0,1,0,3,0
17351,2109,Fe|Lu|Si,0,2,0,2,1,0,0,4,0,0,0
17352,2674,Er|Fe|Si,2,3,4,4,1,4,4,1,0,4,1
17353,2675,Ce|Co|In|Nd,3,1,4,0,4,2,1,3,0,0,4
17354,2675,Ce|Co|In|Nd,3,1,4,0,4,2,4,3,4,4,2
17355,2675,Ce|Co|In|Nd,3,1,4,0,4,2,3,3,2,3,0
17356,2676,Al|Ce|Pd,1,4,1,0,4,1,0,1,0,4,4
17357,1002,Ce|Pt|Si,0,0,1,0,3,1,2,1,2,0,1
17358,2131,La|Pt|Si,1,2,3,3,0,2,2,2,2,1,4
17359,2677,Ge|Ru|Zr,1,3,2,4,1,1,2,1,3,2,2
17360,2106,La|Rh|Sn,0,0,0,2,2,1,1,1,2,2,1
17361,2106,La|Rh|Sn,0,0,0,2,2,1,1,0,0,0,1
17362,2131,La|Pt|Si,1,2,3,3,0,2,2,3,1,3,3
17363,2493,Ge|La|Pt,0,0,3,2,0,2,2,0,4,2,3
17364,2106,La|Rh|Sn,0,0,0,2,2,1,0,1,1,3,4
17365,2678,Ca|Li,0,0,4,3,4,0,3,3,0,2,4
17366,948,O|Rb|W,1,3,2,0,2,0,2,2,0,0,0
17367,948,O|Rb|W,1,3,2,0,2,0,2,4,3,2,1
17368,948,O|Rb|W,1,3,2,0,2,0,0,2,1,4,1
17369,989,B|C|Mg,0,0,4,4,2,0,4,1,4,4,0
17370,989,B|C|Mg,0,0,4,4,2,0,4,3,2,4,1
17371,2679,As|F|Fe|La|O,2,4,1,2,3,1,3,1,4,2,1
17372,2679,As|F|Fe|La|O,2,4,1,2,3,1,0,1,3,2,2
17373,2680,La|Ni|O|P,0,1,2,4,3,1,0,3,0,2,3
17374,2333,Li,4,0,1,0,4,0,3,4,4,4,3
17375,106,Li|Mo|O,4,2,3,4,1,3,0,4,1,2,1
17376,1073,C|Mg|Ni,1,2,0,4,2,4,1,4,1,4,2
17377,1073,C|Mg|Ni,1,2,0,4,2,4,2,1,1,2,3
17378,1105,C|Mg|Ni|Zn,2,2,0,3,0,4,1,0,1,1,0
17379,1105,C|Mg|Ni|Zn,2,2,0,3,0,4,4,1,3,1,0
17380,1105,C|Mg|Ni|Zn,2,2,0,3,0,4,0,1,3,4,1
17381,47,Ba|Ca|Cu|O|Tl,3,2,1,1,4,1,0,3,3,3,2
17382,1016,Ba|Ca|Cu|Mg|O|Tl,3,3,0,4,3,0,4,2,1,0,2
17383,1016,Ba|Ca|Cu|Mg|O|Tl,3,3,0,4,3,0,3,4,4,2,0
17384,1016,Ba|Ca|Cu|Mg|O|Tl,3,3,0,4,3,0,3,4,3,2,0
17385,1112,B|Nb,0,4,2,4,2,0,2,1,3,1,1
17386,1112,B|Nb,0,4,2,4,2,0,2,3,1,4,1
17387,1112,B|Nb,0,4,2,4,2,0,1,4,4,4,3
17388,1112,B|Nb,0,4,2,4,2,0,0,2,3,2,1
17389,1109,La|P|Ru,2,1,2,4,0,0,3,1,3,4,1
17390,1259,Ge|Ir|La,3,2,3,2,1,4,2,2,3,3,4
17391,2681,Ba|Ni|P,1,4,0,3,3,4,1,2,3,1,1
17392,2682,As|Fe|La|O|Sr,1,3,0,4,4,2,1,1,3,0,4
17393,2679,As|F|Fe|La|O,2,4,1,2,3,1,2,3,0,0,1
17394,2223,Cl|Hf|Li|N,4,3,0,1,0,1,3,0,2,2,2
17395,1019,C,3,3,4,3,4,0,4,0,0,1,1
17396,1019,C,3,3,4,3,4,0,0,2,0,0,3
17397,1019,C,3,3,4,3,4,0,2,0,4,2,1
17398,938,Ce|Cu|La|O,2,0,3,4,1,4,0,2,0,1,1
17399,2683,Ce|In|La|Rh,4,4,2,2,0,1,2,3,2,4,2
17400,2684,Ce|In|Rh|Sn,3,3,2,2,3,1,4,2,2,0,1
17401,1053,Mo|N,0,4,2,3,2,4,3,0,1,4,3
17402,1772,Mo|Sb,2,1,1,2,2,0,1,0,2,4,2
17403,988,B|Mg,0,0,1,4,3,2,1,3,3,3,4
17404,2154,B|Li|Mg,4,4,3,3,4,3,4,3,2,2,1
17405,2154,B|Li|Mg,4,4,3,3,4,3,3,3,0,0,2
17406,2154,B|Li|Mg,4,4,3,3,4,3,0,2,3,1,1
17407,2154,B|Li|Mg,4,4,3,3,4,3,2,1,2,1,2
17408,2685,B|C|Li|Mg,1,4,0,4,2,3,4,1,1,4,3
17409,2685,B|C|Li|Mg,1,4,0,4,2,3,1,4,1,4,4
17410,2685,B|C|Li|Mg,1,4,0,4,2,3,4,2,1,4,4
17411,2685,B|C|Li|Mg,1,4,0,4,2,3,3,3,4,2,0
17412,28,Cu|La|Nd|O|Sr,3,3,0,3,1,0,2,3,4,3,2
17413,938,Ce|Cu|La|O,2,0,3,4,1,4,3,2,1,1,0
17414,938,Ce|Cu|La|O,2,0,3,4,1,4,0,2,0,0,1
17415,938,Ce|Cu|La|O,2,0,3,4,1,4,0,0,1,1,0
17416,2240,Be,2,2,0,2,3,2,0,4,2,0,0
17417,1190,Al,3,1,3,1,4,0,2,4,1,2,3
17418,661,O|Ru|Sr,2,0,2,3,0,2,0,3,3,0,1
17419,713,Cu|Eu|O|Ru|Sr,3,1,0,2,1,3,3,3,0,4,2
17420,893,Cu|Eu|O|Ru|Sn|Sr,4,2,0,4,2,0,0,3,3,1,4
17421,893,Cu|Eu|O|Ru|Sn|Sr,4,2,0,4,2,0,0,0,2,1,0
17422,893,Cu|Eu|O|Ru|Sn|Sr,4,2,0,4,2,0,0,0,2,1,1
17423,893,Cu|Eu|O|Ru|Sn|Sr,4,2,0,4,2,0,0,3,4,4,2
17424,690,Cu|Gd|O|Ru|Sr,0,2,4,2,4,2,2,1,2,4,0
17425,841,Cu|Gd|O|Ru|Sn|Sr,0,0,3,2,0,3,1,2,1,1,4
17426,0,Ba|Cu|La|O,2,4,2,3,0,4,0,0,0,4,3
17427,0,Ba|Cu|La|O,2,4,2,3,0,4,3,0,1,4,4
17428,1772,Mo|Sb,2,1,1,2,2,0,3,1,1,3,1
17429,2,Cu|La|O|Sr,1,2,3,2,2,0,3,2,2,1,2
17430,2,Cu|La|O|Sr,1,2,3,2,2,0,1,2,4,1,3
17431,2,Cu|La|O|Sr,1,2,3,2,2,0,1,1,2,4,0
17432,272,Cu|Fe|O|Sr|Y,1,2,4,1,1,4,2,4,3,3,0
17433,2686,Cu|Fe|Nd|O|Sr|Y,2,2,0,0,2,4,2,3,4,0,2
17434,2686,Cu|Fe|Nd|O|Sr|Y,2,2,0,0,2,4,0,1,2,3,2
17435,2354,Bi,3,3,3,4,1,3,3,1,2,3,1
17436,2687,B|Ba|Ca|Cu|O|Pb|Sr|Y,2,3,3,2,3,4,4,4,1,3,1
17437,2234,B|Co|Mg,0,0,0,0,1,2,4,4,0,1,1
17438,2234,B|Co|Mg,0,0,0,0,1,2,1,0,1,2,4
17439,2234,B|Co|Mg,0,0,0,0,1,2,3,0,1,1,3
17440,2175,B|Mg|Mn,1,3,2,3,0,3,2,3,0,0,0
17441,2175,B|Mg|Mn,1,3,2,3,0,3,4,4,4,0,4
17442,2175,B|Mg|Mn,1,3,2,3,0,3,2,3,0,4,1
17443,2173,La|Rh|Si,2,4,0,2,2,0,2,4,1,2,2
17444,2503,Rh|Si|Y,2,4,3,2,3,3,2,1,4,1,1
17445,2277,La|Ru|Si,0,2,4,0,0,2,4,0,0,1,3
17446,2688,Lu|Ru|Si,1,2,2,2,4,0,2,1,0,3,1
17447,2254,B|Rh|Y,4,2,4,2,3,2,2,2,1,3,4
17448,2255,B|Nd|Rh,0,2,3,4,4,3,1,1,2,3,2
17449,2256,B|Rh|Sm,1,3,2,3,2,3,1,3,2,2,2
17450,2689,As|F|Fe|O|Sm,3,3,1,1,0,0,3,2,2,2,3
17451,2689,As|F|Fe|O|Sm,3,3,1,1,0,0,0,3,1,3,1
17452,2689,As|F|Fe|O|Sm,3,3,1,1,0,0,4,4,1,0,2
17453,2689,As|F|Fe|O|Sm,3,3,1,1,0,0,3,4,1,3,2
17454,2689,As|F|Fe|O|Sm,3,3,1,1,0,0,3,2,4,3,0
17455,2689,As|F|Fe|O|Sm,3,3,1,1,0,0,4,2,2,3,4
17456,2690,As|Fe|Gd|O,3,3,4,0,1,3,2,3,3,3,0
17457,2691,As|F|Fe|Gd|O,0,0,1,3,4,2,1,1,3,2,3
17458,2692,As|F|Fe|Nd|O,0,2,2,1,1,1,2,0,4,3,2
17459,2692,As|F|Fe|Nd|O,0,2,2,1,1,1,2,1,4,1,2
17460,2692,As|F|Fe|Nd|O,0,2,2,1,1,1,0,3,1,2,2
17461,2692,As|F|Fe|Nd|O,0,2,2,1,1,1,1,3,1,2,4
17462,2693,As|Fe|O|Sm,3,4,4,0,2,0,3,2,4,3,0
17463,2694,As|Fe|Nd|O,0,0,1,4,1,4,4,3,4,3,2
17464,2695,As|Fe|O|Pr,3,2,1,4,4,4,1,2,3,3,4
17465,2696,As|Ce|Fe|O,1,0,1,4,0,4,2,2,4,0,2
17466,2697,As|Fe|La|O,4,3,2,1,1,3,2,3,2,1,1
17467,2698,As|Ba|Fe|K,4,0,3,3,3,3,0,1,4,1,4
17468,2699,As|Ba|Fe|K|O,3,2,3,0,4,0,0,3,1,1,0
17469,2700,As|Fe|K|Sr,2,1,1,1,4,1,1,2,1,0,3
17470,2700,As|Fe|K|Sr,2,1,1,1,4,1,3,2,1,3,0
17471,2689,As|F|Fe|O|Sm,3,3,1,1,0,0,0,3,1,4,3
17472,1314,Ag|F|H|O,0,4,3,0,2,1,2,0,1,3,1
17473,2689,As|F|Fe|O|Sm,3,3,1,1,0,0,1,3,1,0,2
17474,2692,As|F|Fe|Nd|O,0,2,2,1,1,1,2,1,4,4,3
17475,2679,As|F|Fe|La|O,2,4,1,2,3,1,3,2,1,3,0
17476,2701,As|La|Ni|O|Sr,3,4,3,3,4,2,4,4,3,2,4
17477,2701,As|La|Ni|O|Sr,3,4,3,3,4,2,4,4,4,1,2
17478,2702,As|La|Ni|O,1,0,3,1,3,0,2,2,4,3,3
17479,2703,As|Ce|F|Fe|O,1,2,1,4,1,1,0,2,2,0,4
17480,2703,As|Ce|F|Fe|O,1,2,1,4,1,1,0,4,3,0,0
17481,2703,As|Ce|F|Fe|O,1,2,1,4,1,1,4,2,3,0,1
17482,2679,As|F|Fe|La|O,2,4,1,2,3,1,1,3,4,2,1
17483,2679,As|F|Fe|La|O,2,4,1,2,3,1,3,1,1,1,1
17484,2692,As|F|Fe|Nd|O,0,2,2,1,1,1,1,4,0,3,1
17485,2691,As|F|Fe|Gd|O,0,0,1,3,4,2,0,1,0,0,0
17486,2679,As|F|Fe|La|O,2,4,1,2,3,1,3,0,0,1,4
17487,2702,As|La|Ni|O,1,0,3,1,3,0,3,1,3,2,0
17488,2679,As|F|Fe|La|O,2,4,1,2,3,1,4,3,2,3,1
17489,2704,As|Co|Fe|Sr,1,3,3,0,1,3,2,4,3,1,0
17490,2704,As|Co|Fe|Sr,1,3,3,0,1,3,3,4,4,1,2
17491,2704,As|Co|Fe|Sr,1,3,3,0,1,3,0,0,3,4,4
17492,2705,As|Eu|Fe,3,2,4,1,2,4,1,0,0,3,0
17493,2258,B|Rh|Tm,4,2,4,4,2,4,0,3,1,3,0
17494,2259,B|Lu|Rh,2,0,2,4,2,2,0,2,0,3,3
17495,2706,Nb|P|S,4,1,2,3,1,1,2,3,0,0,1
17496,2707,Nb|Ru|Si,2,3,0,3,4,0,2,2,2,4,2
17497,2708,Ru|Si|Ta,1,0,2,4,2,1,1,3,4,1,2
17498,2709,Nb|Re|Si,0,3,3,4,4,2,2,0,4,0,2
17499,2710,Re|Si|Ta,4,0,1,2,4,0,3,4,0,2,3
17500,2711,C|I|O,3,4,3,3,1,2,0,1,0,0,0
17501,2712,I|Sn,2,3,2,2,0,3,4,2,1,0,0
17502,2354,Bi,3,3,3,4,1,3,0,4,4,1,4
17503,2354,Bi,3,3,3,4,1,3,3,0,0,2,3
17504,2354,Bi,3,3,3,4,1,3,0,3,0,1,3
17505,2354,Bi,3,3,3,4,1,3,0,2,4,1,0
17506,8,Ba|Cu|O|Y,0,1,2,1,3,1,1,0,1,2,3
17507,102,Ba|Cu|O|Pr|Y,4,2,0,0,3,0,0,3,0,2,2
17508,102,Ba|Cu|O|Pr|Y,4,2,0,0,3,0,2,2,4,3,1
17509,102,Ba|Cu|O|Pr|Y,4,2,0,0,3,0,3,2,0,3,2
17510,102,Ba|Cu|O|Pr|Y,4,2,0,0,3,0,2,1,4,2,4
17511,102,Ba|Cu|O|Pr|Y,4,2,0,0,3,0,0,2,3,0,2
17512,102,Ba|Cu|O|Pr|Y,4,2,0,0,3,0,2,4,1,1,1
17513,2689,As|F|Fe|O|Sm,3,3,1,1,0,0,1,1,3,0,1
17514,2689,As|F|Fe|O|Sm,3,3,1,1,0,0,2,4,1,1,1
17515,2679,As|F|Fe|La|O,2,4,1,2,3,1,2,1,4,1,0
17516,2679,As|F|Fe|La|O,2,4,1,2,3,1,3,0,4,1,3
17517,2679,As|F|Fe|La|O,2,4,1,2,3,1,2,3,0,2,3
17518,1473,Bi|Pd|Se,1,0,4,4,3,0,4,2,0,0,3
17519,2640,Ba|Ge|Pt,0,0,3,1,2,4,2,2,4,0,4
17520,2713,Au|Ba|Ge|Pt,0,0,3,2,1,3,3,3,4,1,0
17521,2713,Au|Ba|Ge|Pt,0,0,3,2,1,3,3,3,3,1,3
17522,2713,Au|Ba|Ge|Pt,0,0,3,2,1,3,4,3,3,1,3
17523,2713,Au|Ba|Ge|Pt,0,0,3,2,1,3,2,0,1,3,4
17524,2679,As|F|Fe|La|O,2,4,1,2,3,1,2,0,0,2,4
17525,2698,As|Ba|Fe|K,4,0,3,3,3,3,2,0,3,4,1
17526,2714,As|Ca|Fe,0,3,4,2,4,2,2,4,2,1,3
17527,2679,As|F|Fe|La|O,2,4,1,2,3,1,0,4,4,2,0
17528,2679,As|F|Fe|La|O,2,4,1,2,3,1,3,2,4,0,3
17529,2715,C|Si,1,3,2,1,2,1,2,0,3,4,4
17530,1069,Si,3,2,2,0,0,2,2,0,0,3,4
17531,2716,As|Fe|Li,3,0,4,1,4,4,3,3,1,1,0
17532,1034,Os|Pr|Sb,2,3,2,3,3,4,4,2,0,4,2
17533,2679,As|F|Fe|La|O,2,4,1,2,3,1,2,3,3,4,4
17534,2692,As|F|Fe|Nd|O,0,2,2,1,1,1,2,4,1,0,4
17535,2693,As|Fe|O|Sm,3,4,4,0,2,0,3,3,0,0,0
17536,2343,V,1,1,3,1,2,0,3,1,2,0,3
17537,1266,Ta,3,0,1,1,3,3,0,1,3,3,0
17538,1282,Bi|Sn,3,0,0,3,2,1,4,2,3,4,1
17539,1282,Bi|Sn,3,0,0,3,2,1,2,2,3,3,1
17540,1266,Ta,3,0,1,1,3,3,1,2,0,2,3
17541,972,Tl,3,4,2,0,0,4,4,4,4,2,2
17542,984,Cd,1,0,0,0,3,2,3,3,0,1,0
17543,1025,Zn,4,1,4,1,3,4,3,0,1,2,3
17544,1814,Nb|Ta|Ti,1,3,1,4,3,0,2,3,3,0,0
17545,2698,As|Ba|Fe|K,4,0,3,3,3,3,0,0,0,0,2
17546,1112,B|Nb,0,4,2,4,2,0,0,0,3,0,0
17547,1112,B|Nb,0,4,2,4,2,0,1,2,4,3,1
17548,1112,B|Nb,0,4,2,4,2,0,4,3,1,3,2
17549,1112,B|Nb,0,4,2,4,2,0,1,3,2,0,0
17550,1112,B|Nb,0,4,2,4,2,0,3,4,4,2,2
17551,2679,As|F|Fe|La|O,2,4,1,2,3,1,2,3,3,3,4
17552,2717,As|Fe|K,3,2,2,2,0,0,3,0,0,0,0
17553,2700,As|Fe|K|Sr,2,1,1,1,4,1,4,4,1,3,1
17554,2718,As|Cs|Fe,3,3,1,0,1,1,2,3,1,1,0
17555,2719,As|Cs|Fe|Sr,2,2,3,3,3,1,1,0,0,1,2
17556,2720,As|Ba|Co|Fe,1,3,3,0,1,0,2,0,4,2,2
17557,2721,Cu|S|Ta,2,4,0,3,0,4,4,1,4,2,1
17558,2721,Cu|S|Ta,2,4,0,3,0,4,4,4,0,1,4
17559,2721,Cu|S|Ta,2,4,0,3,0,4,0,0,0,2,2
17560,2721,Cu|S|Ta,2,4,0,3,0,4,3,1,2,1,0
17561,2721,Cu|S|Ta,2,4,0,3,0,4,2,1,0,3,4
17562,2721,Cu|S|Ta,2,4,0,3,0,4,4,0,4,3,2
17563,8,Ba|Cu|O|Y,0,1,2,1,3,1,4,0,0,4,3
17564,2722,As|Co|Fe|La|O,4,2,1,0,1,3,1,4,4,0,3
17565,2722,As|Co|Fe|La|O,4,2,1,0,1,3,2,4,0,3,3
17566,2722,As|Co|Fe|La|O,4,2,1,0,1,3,2,4,3,2,0
17567,2721,Cu|S|Ta,2,4,0,3,0,4,2,1,3,0,1
17568,2723,As|Eu|Fe|K,0,4,4,0,2,3,2,4,1,1,0
17569,1264,Sc,3,0,1,0,1,2,2,2,1,3,2
17570,2372,Lu,2,1,2,0,0,1,4,1,3,3,4
17571,2682,As|Fe|La|O|Sr,1,3,0,4,4,2,1,4,2,0,4
17572,2689,As|F|Fe|O|Sm,3,3,1,1,0,0,0,4,4,3,1
17573,983,H|Pd,1,0,2,3,4,2,0,4,3,0,0
17574,307,Ba|Ca|Cu|Hg|O,2,4,3,2,4,3,4,2,0,0,2
17575,307,Ba|Ca|Cu|Hg|O,2,4,3,2,4,3,0,4,1,4,3
17576,47,Ba|Ca|Cu|O|Tl,3,2,1,1,4,1,2,1,1,3,4
17577,2451,B|C,4,3,2,2,4,4,3,1,0,2,0
17578,1633,Ge|Mo,3,1,3,1,4,1,3,4,1,1,0
17579,2679,As|F|Fe|La|O,2,4,1,2,3,1,4,3,3,1,2
17580,2724,As|Co|F|Fe|La|O,4,3,0,1,2,0,2,2,0,1,3
17581,2724,As|Co|F|Fe|La|O,4,3,0,1,2,0,2,1,4,0,2
17582,1118,Fe|La|O|P,0,1,2,1,3,2,4,2,4,1,4
17583,1119,F|Fe|La|O|P,1,2,3,4,0,2,4,2,1,4,1
17584,2242,Ge|Pt|Y,1,2,2,1,0,3,4,4,1,4,3
17585,40,Ba|Cu|O|Y|Zn,3,1,0,2,1,0,2,0,2,2,4
17586,5,Ca|Cu|La|O,0,2,3,4,0,3,2,2,2,4,1
17587,0,Ba|Cu|La|O,2,4,2,3,0,4,3,3,1,3,0
17588,0,Ba|Cu|La|O,2,4,2,3,0,4,2,4,4,2,1
17589,0,Ba|Cu|La|O,2,4,2,3,0,4,4,0,3,1,0
17590,0,Ba|Cu|La|O,2,4,2,3,0,4,1,0,0,2,4
17591,0,Ba|Cu|La|O,2,4,2,3,0,4,4,4,1,1,2
17592,0,Ba|Cu|La|O,2,4,2,3,0,4,4,4,2,1,3
17593,0,Ba|Cu|La|O,2,4,2,3,0,4,1,1,0,0,1
17594,0,Ba|Cu|La|O,2,4,2,3,0,4,2,0,0,1,0
17595,2,Cu|La|O|Sr,1,2,3,2,2,0,0,1,1,3,4
17596,2,Cu|La|O|Sr,1,2,3,2,2,0,2,4,4,1,4
17597,2,Cu|La|O|Sr,1,2,3,2,2,0,1,4,4,4,4
17598,74,Ce|Cu|Nd|O,3,3,3,3,3,1,4,2,1,3,0
17599,5,Ca|Cu|La|O,0,2,3,4,0,3,0,3,0,0,0
17600,173,Ca|Cu|La|O|Sr,1,2,1,1,0,4,2,2,4,2,0
17601,5,Ca|Cu|La|O,0,2,3,4,0,3,2,2,4,1,2
17602,5,Ca|Cu|La|O,0,2,3,4,0,3,2,1,1,0,3
17603,5,Ca|Cu|La|O,0,2,3,4,0,3,2,2,3,4,3
17604,5,Ca|Cu|La|O,0,2,3,4,0,3,2,1,0,4,4
17605,25,Cu|La|Ni|O|Sr,3,4,4,4,0,3,0,3,1,4,1
17606,25,Cu|La|Ni|O|Sr,3,4,4,4,0,3,4,4,4,2,0
17607,25,Cu|La|Ni|O|Sr,3,4,4,4,0,3,3,3,1,3,2
17608,25,Cu|La|Ni|O|Sr,3,4,4,4,0,3,1,3,2,1,3
17609,25,Cu|La|Ni|O|Sr,3,4,4,4,0,3,3,4,4,2,1
17610,2,Cu|La|O|Sr,1,2,3,2,2,0,4,2,1,2,2
17611,26,Cu|La|O|Sr|Zn,4,4,3,4,1,2,4,3,4,0,2
17612,5,Ca|Cu|La|O,0,2,3,4,0,3,3,1,1,0,4
17613,5,Ca|Cu|La|O,0,2,3,4,0,3,4,4,3,1,1
17614,25,Cu|La|Ni|O|Sr,3,4,4,4,0,3,0,1,0,2,3
17615,26,Cu|La|O|Sr|Zn,4,4,3,4,1,2,1,1,0,3,4
17616,23,Cu|Fe|La|O|Sr,2,0,1,0,2,4,3,0,1,0,2
17617,5,Ca|Cu|La|O,0,2,3,4,0,3,0,3,0,2,3
17618,24,Co|Cu|La|O|Sr,2,4,2,4,3,1,1,3,3,3,4
17619,24,Co|Cu|La|O|Sr,2,4,2,4,3,1,3,0,1,0,0
17620,24,Co|Cu|La|O|Sr,2,4,2,4,3,1,3,1,3,2,2
17621,24,Co|Cu|La|O|Sr,2,4,2,4,3,1,3,4,0,1,4
17622,24,Co|Cu|La|O|Sr,2,4,2,4,3,1,4,0,3,2,3
17623,24,Co|Cu|La|O|Sr,2,4,2,4,3,1,4,4,4,4,4
17624,24,Co|Cu|La|O|Sr,2,4,2,4,3,1,2,1,2,2,4
17625,2694,As|Fe|Nd|O,0,0,1,4,1,4,4,2,3,2,0
17626,2694,As|Fe|Nd|O,0,0,1,4,1,4,2,1,2,2,2
17627,2697,As|Fe|La|O,4,3,2,1,1,3,4,2,0,2,0
17628,2695,As|Fe|O|Pr,3,2,1,4,4,4,3,4,0,4,2
17629,2703,As|Ce|F|Fe|O,1,2,1,4,1,1,1,2,4,3,2
17630,47,Ba|Ca|Cu|O|Tl,3,2,1,1,4,1,1,2,1,0,4
17631,2725,Ba|Ca|Cu|Ge|O|Tl,3,3,1,0,2,3,1,2,3,3,4
17632,2725,Ba|Ca|Cu|Ge|O|Tl,3,3,1,0,2,3,0,2,0,2,1
17633,2725,Ba|Ca|Cu|Ge|O|Tl,3,3,1,0,2,3,1,2,2,2,3
17634,49,Bi|Ca|Cu|O|Sr,2,0,2,4,3,0,0,0,1,2,1
17635,68,Ba|Bi|K|O,0,1,2,0,3,0,3,0,1,2,2
17636,107,Ba|Bi|O|Pb,4,1,0,0,3,4,1,4,1,0,4
17637,68,Ba|Bi|K|O,0,1,2,0,3,0,4,2,1,1,1
17638,239,C|Rb,0,3,3,1,1,3,3,4,0,4,0
17639,2726,B|Cu|La|O|Pb|Sr,3,3,2,2,2,0,1,2,0,2,1
17640,2727,Ba|Ca|Cu|Li|Ni|O|Tl,1,3,0,4,0,3,2,0,0,0,3
17641,2728,Ba|Ca|Cu|Li|Mg|Ni|O|Tl,2,1,3,3,4,4,2,2,3,0,1
17642,2728,Ba|Ca|Cu|Li|Mg|Ni|O|Tl,2,1,3,3,4,4,1,4,4,3,4
17643,2728,Ba|Ca|Cu|Li|Mg|Ni|O|Tl,2,1,3,3,4,4,0,4,1,3,3
17644,865,Ba|Ca|Cu|Ni|O|Tl,1,4,4,3,4,4,4,1,0,3,0
17645,2729,Ba|Ca|Cu|Mg|Ni|O|Tl,2,0,4,3,0,0,1,2,1,3,1
17646,2729,Ba|Ca|Cu|Mg|Ni|O|Tl,2,0,4,3,0,0,2,2,3,4,0
17647,2729,Ba|Ca|Cu|Mg|Ni|O|Tl,2,0,4,3,0,0,0,3,2,2,1
17648,2730,Ba|Be|Ca|Cu|Ni|O|Tl,2,0,1,2,2,1,2,0,3,4,2
17649,2730,Ba|Be|Ca|Cu|Ni|O|Tl,2,0,1,2,2,1,0,2,4,4,1
17650,2730,Ba|Be|Ca|Cu|Ni|O|Tl,2,0,1,2,2,1,0,3,2,1,2
17651,2729,Ba|Ca|Cu|Mg|Ni|O|Tl,2,0,4,3,0,0,0,0,3,1,3
17652,2729,Ba|Ca|Cu|Mg|Ni|O|Tl,2,0,4,3,0,0,1,1,2,4,3
17653,2729,Ba|Ca|Cu|Mg|Ni|O|Tl,2,0,4,3,0,0,2,2,1,2,1
17654,2,Cu|La|O|Sr,1,2,3,2,2,0,1,2,0,2,2
17655,2679,As|F|Fe|La|O,2,4,1,2,3,1,1,0,4,1,3
17656,2698,As|Ba|Fe|K,4,0,3,3,3,3,1,0,0,2,0
17657,2731,As|Ba|Fe,1,3,0,4,3,0,1,2,3,1,0
17658,2732,As|Fe|Sr,0,4,2,0,0,0,3,4,3,2,4
17659,1412,B|Lu,1,0,0,3,0,3,1,2,3,2,0
17660,1412,B|Lu,1,0,0,3,0,3,3,4,3,2,4
17661,1412,B|Lu,1,0,0,3,0,3,1,1,3,0,0
17662,1038,B|Y,4,1,0,2,1,4,3,1,3,1,3
17663,2383,B|La|Y,1,4,1,3,1,4,0,2,1,0,0
17664,2733,B|Fe|Y,2,2,0,4,0,1,3,4,2,3,2
17665,2734,B|Ce|Y,3,1,0,4,0,4,0,4,3,2,4
17666,2383,B|La|Y,1,4,1,3,1,4,3,2,2,1,0
17667,982,Ga,0,0,2,1,2,3,3,0,0,4,2
17668,984,Cd,1,0,0,0,3,2,2,3,3,1,4
17669,973,In,2,4,1,2,0,0,4,4,3,0,1
17670,1190,Al,3,1,3,1,4,0,2,3,2,4,2
17671,1025,Zn,4,1,4,1,3,4,1,0,2,1,2
17672,1015,B|Zr,0,0,1,2,2,2,0,4,4,3,3
17673,2240,Be,2,2,0,2,3,2,4,2,2,2,4
17674,2704,As|Co|Fe|Sr,1,3,3,0,1,3,1,4,1,4,2
17675,2679,As|F|Fe|La|O,2,4,1,2,3,1,1,0,2,1,4
17676,764,Ce|Cu|La|O|Pr,0,0,1,4,1,3,1,1,3,3,4
17677,764,Ce|Cu|La|O|Pr,0,0,1,4,1,3,3,2,3,4,2
17678,764,Ce|Cu|La|O|Pr,0,0,1,4,1,3,0,0,0,0,4
17679,449,C|Yb,3,4,3,4,3,0,3,1,4,2,2
17680,319,Cu|Ho|Mo|O|Sr,3,3,4,3,1,3,2,1,0,4,0
17681,2700,As|Fe|K|Sr,2,1,1,1,4,1,0,3,3,3,1
17682,2700,As|Fe|K|Sr,2,1,1,1,4,1,1,4,0,1,3
17683,2700,As|Fe|K|Sr,2,1,1,1,4,1,0,3,0,4,0
17684,2692,As|F|Fe|Nd|O,0,2,2,1,1,1,1,1,4,3,3
17685,2735,Fe|Se,2,0,2,1,2,4,4,1,0,2,0
17686,2736,Fe|Se|Te,3,3,3,2,2,4,1,2,0,2,1
17687,2736,Fe|Se|Te,3,3,3,2,2,4,0,2,2,0,0
17688,2736,Fe|Se|Te,3,3,3,2,2,4,1,3,1,4,3
17689,2736,Fe|Se|Te,3,3,3,2,2,4,0,0,4,2,1
17690,2736,Fe|Se|Te,3,3,3,2,2,4,0,4,0,4,1
17691,2736,Fe|Se|Te,3,3,3,2,2,4,4,3,3,2,3
17692,2736,Fe|Se|Te,3,3,3,2,2,4,2,0,3,4,4
17693,2736,Fe|Se|Te,3,3,3,2,2,4,0,3,1,0,3
17694,2736,Fe|Se|Te,3,3,3,2,2,4,0,4,2,4,0
17695,2700,As|Fe|K|Sr,2,1,1,1,4,1,1,4,4,4,3
17696,2698,As|Ba|Fe|K,4,0,3,3,3,3,0,3,0,0,2
17697,2695,As|Fe|O|Pr,3,2,1,4,4,4,2,2,4,3,1
17698,2735,Fe|Se,2,0,2,1,2,4,2,4,3,2,2
17699,2735,Fe|Se,2,0,2,1,2,4,2,1,2,3,3
17700,2735,Fe|Se,2,0,2,1,2,4,4,2,1,0,4
17701,2737,As|Ca|Co|Fe,4,3,4,4,3,4,2,0,0,4,2
17702,2263,B|Ru|Sc,1,2,2,0,1,0,2,3,2,4,3
17703,2259,B|Lu|Rh,2,0,2,4,2,2,0,0,3,1,2
17704,2254,B|Rh|Y,4,2,4,2,3,2,2,4,2,2,1
17705,2259,B|Lu|Rh,2,0,2,4,2,2,4,2,2,3,1
17706,2265,B|Lu|Ru,0,1,4,4,3,1,2,3,0,1,3
17707,2264,B|Ru|Y,0,3,2,4,2,4,0,3,1,4,0
17708,2269,B|Lu|Os,2,4,4,2,1,0,4,3,4,0,2
17709,2680,La|Ni|O|P,0,1,2,4,3,1,4,1,2,2,0
17710,2720,As|Ba|Co|Fe,1,3,3,0,1,0,1,1,2,0,1
17711,2720,As|Ba|Co|Fe,1,3,3,0,1,0,3,4,4,3,1
17712,2720,As|Ba|Co|Fe,1,3,3,0,1,0,0,0,3,3,2
17713,2698,As|Ba|Fe|K,4,0,3,3,3,3,3,4,4,4,2
17714,2692,As|F|Fe|Nd|O,0,2,2,1,1,1,0,0,3,1,4
17715,1118,Fe|La|O|P,0,1,2,1,3,2,0,1,1,0,2
17716,2720,As|Ba|Co|Fe,1,3,3,0,1,0,2,1,1,4,3
17717,2259,B|Lu|Rh,2,0,2,4,2,2,3,2,0,1,3
17718,2738,B|Ho|Lu|Rh,4,4,0,1,1,0,0,1,2,1,1
17719,2735,Fe|Se,2,0,2,1,2,4,2,1,1,0,3
17720,1244,B|Nb|Si,1,1,2,3,1,1,0,0,0,1,4
17721,1244,B|Nb|Si,1,1,2,3,1,1,3,0,1,4,4
17722,1244,B|Nb|Si,1,1,2,3,1,1,2,3,0,1,0
17723,1244,B|Nb|Si,1,1,2,3,1,1,1,4,1,1,1
17724,1244,B|Nb|Si,1,1,2,3,1,1,4,4,3,0,4
17725,1181,C|La|Ni,4,3,2,0,2,0,3,0,1,0,3
17726,2739,C|La|Ni|Y,3,0,3,1,4,4,0,2,3,3,0
17727,2739,C|La|Ni|Y,3,0,3,1,4,4,4,4,1,3,1
17728,2739,C|La|Ni|Y,3,0,3,1,4,4,3,2,3,3,2
17729,2739,C|La|Ni|Y,3,0,3,1,4,4,4,3,3,3,3
17730,2739,C|La|Ni|Y,3,0,3,1,4,4,0,3,1,1,4
17731,2740,As|Ce|Co|Fe|O,3,1,2,2,1,2,1,3,4,3,4
17732,2740,As|Ce|Co|Fe|O,3,1,2,2,1,2,3,3,1,1,1
17733,2741,Ba|P|Rh,2,0,2,3,2,1,2,4,3,1,0
17734,2742,Ba|Ir|P,3,4,0,0,0,3,3,4,3,2,0
17735,2703,As|Ce|F|Fe|O,1,2,1,4,1,1,1,2,1,3,2
17736,2703,As|Ce|F|Fe|O,1,2,1,4,1,1,2,4,1,2,0
17737,1939,Ti,4,0,4,1,3,4,1,4,1,0,2
17738,1222,Mo|Re,3,1,3,3,1,1,3,4,3,3,0
17739,13,Ba|Cu|Gd|O,2,1,0,3,4,0,4,3,1,2,1
17740,2743,Ba|Cu|Gd|Mn|O,4,0,0,2,4,3,4,2,4,0,4
17741,2743,Ba|Cu|Gd|Mn|O,4,0,0,2,4,3,0,0,0,4,0
17742,2743,Ba|Cu|Gd|Mn|O,4,0,0,2,4,3,2,2,0,0,2
17743,8,Ba|Cu|O|Y,0,1,2,1,3,1,3,4,4,1,2
17744,44,Ba|Cu|Mn|O|Y,2,1,0,2,4,2,4,2,2,0,4
17745,44,Ba|Cu|Mn|O|Y,2,1,0,2,4,2,0,2,0,3,1
17746,44,Ba|Cu|Mn|O|Y,2,1,0,2,4,2,3,2,4,1,1
17747,44,Ba|Cu|Mn|O|Y,2,1,0,2,4,2,3,1,0,2,2
17748,44,Ba|Cu|Mn|O|Y,2,1,0,2,4,2,1,0,0,3,3
17749,44,Ba|Cu|Mn|O|Y,2,1,0,2,4,2,0,1,0,1,4
17750,44,Ba|Cu|Mn|O|Y,2,1,0,2,4,2,4,3,4,2,1
17751,13,Ba|Cu|Gd|O,2,1,0,3,4,0,1,0,2,0,1
17752,2743,Ba|Cu|Gd|Mn|O,4,0,0,2,4,3,4,4,0,4,0
17753,2743,Ba|Cu|Gd|Mn|O,4,0,0,2,4,3,3,1,3,3,1
17754,2743,Ba|Cu|Gd|Mn|O,4,0,0,2,4,3,0,2,4,0,0
17755,2743,Ba|Cu|Gd|Mn|O,4,0,0,2,4,3,0,1,4,2,4
17756,2611,Ga|Rh,3,0,3,3,1,1,4,0,4,4,3
17757,2612,Ga|Ir,2,2,2,0,4,4,3,3,0,0,3
17758,2744,N|Ni|Zn,2,4,2,3,4,1,0,1,1,2,2
17759,2732,As|Fe|Sr,0,4,2,0,0,0,0,1,4,0,3
17760,2697,As|Fe|La|O,4,3,2,1,1,3,1,4,0,3,4
17761,2696,As|Ce|Fe|O,1,0,1,4,0,4,1,0,2,3,1
17762,2695,As|Fe|O|Pr,3,2,1,4,4,4,1,0,4,3,2
17763,2694,As|Fe|Nd|O,0,0,1,4,1,4,3,2,2,3,3
17764,2693,As|Fe|O|Sm,3,4,4,0,2,0,2,0,3,2,2
17765,2690,As|Fe|Gd|O,3,3,4,0,1,3,4,2,1,2,4
17766,2745,As|Fe|O|Tb,4,4,2,3,3,4,1,1,2,2,0
17767,2746,As|Dy|Fe|O,3,3,2,0,2,2,4,0,1,4,0
17768,304,Ce|Cu|Eu|Nb|O|Sr,1,0,0,3,2,3,2,3,1,3,4
17769,943,Ce|Cu|Eu|Nb|O|Ru|Sr,0,1,1,2,3,2,4,4,4,3,4
17770,943,Ce|Cu|Eu|Nb|O|Ru|Sr,0,1,1,2,3,2,1,0,3,0,2
17771,694,Ce|Cu|Eu|O|Ru|Sr,4,4,3,2,3,1,1,2,2,2,1
17772,2698,As|Ba|Fe|K,4,0,3,3,3,3,3,0,4,1,4
17773,2720,As|Ba|Co|Fe,1,3,3,0,1,0,2,3,3,3,0
17774,2720,As|Ba|Co|Fe,1,3,3,0,1,0,3,3,4,3,4
17775,49,Bi|Ca|Cu|O|Sr,2,0,2,4,3,0,3,4,4,1,0
17776,83,Bi|Ca|Cu|O|Sr|Y,4,3,2,2,1,2,1,3,0,2,1
17777,71,Bi|Ca|Cu|O|Pb|Sr,2,0,4,1,4,1,3,2,3,3,0
17778,71,Bi|Ca|Cu|O|Pb|Sr,2,0,4,1,4,1,0,3,1,3,2
17779,71,Bi|Ca|Cu|O|Pb|Sr,2,0,4,1,4,1,3,0,3,0,4
17780,132,Bi|Ca|Cu|O|Pb|Sr|Y,3,1,1,4,3,2,0,0,1,4,2
17781,132,Bi|Ca|Cu|O|Pb|Sr|Y,3,1,1,4,3,2,4,4,4,1,0
17782,132,Bi|Ca|Cu|O|Pb|Sr|Y,3,1,1,4,3,2,1,1,3,1,4
17783,2716,As|Fe|Li,3,0,4,1,4,4,2,3,1,3,3
17784,2716,As|Fe|Li,3,0,4,1,4,4,2,2,0,2,0
17785,2731,As|Ba|Fe,1,3,0,4,3,0,2,0,3,4,0
17786,2720,As|Ba|Co|Fe,1,3,3,0,1,0,2,4,3,2,0
17787,2720,As|Ba|Co|Fe,1,3,3,0,1,0,3,3,3,2,0
17788,2720,As|Ba|Co|Fe,1,3,3,0,1,0,3,1,0,1,2
17789,2720,As|Ba|Co|Fe,1,3,3,0,1,0,2,4,0,4,0
17790,2720,As|Ba|Co|Fe,1,3,3,0,1,0,1,3,3,3,2
17791,2720,As|Ba|Co|Fe,1,3,3,0,1,0,1,1,1,1,2
17792,1178,B|Ir|Mg,3,3,1,3,4,3,0,3,4,3,2
17793,2653,Al|Hf|Pd,1,0,4,4,4,2,0,0,2,1,2
17794,2747,In|Pd|Zr,4,3,3,3,4,1,1,0,2,4,2
17795,2748,Hf|In|Pd,4,4,1,4,4,3,1,0,3,2,4
17796,2749,Al|Nb|Pd|Zr,2,4,1,1,4,0,4,1,1,2,4
17797,2750,Al|Hf|Pd|Y,4,4,2,3,1,1,3,3,2,3,3
17798,2722,As|Co|Fe|La|O,4,2,1,0,1,3,3,0,4,3,3
17799,2722,As|Co|Fe|La|O,4,2,1,0,1,3,2,3,0,2,3
17800,2722,As|Co|Fe|La|O,4,2,1,0,1,3,4,1,0,1,4
17801,2722,As|Co|Fe|La|O,4,2,1,0,1,3,1,0,4,3,3
17802,2722,As|Co|Fe|La|O,4,2,1,0,1,3,1,0,1,2,4
17803,2751,As|Co|Fe|O|Sm,3,2,2,3,2,0,0,3,0,1,0
17804,2751,As|Co|Fe|O|Sm,3,2,2,3,2,0,1,3,3,1,2
17805,2751,As|Co|Fe|O|Sm,3,2,2,3,2,0,1,0,3,3,3
17806,2751,As|Co|Fe|O|Sm,3,2,2,3,2,0,2,2,1,4,3
17807,2751,As|Co|Fe|O|Sm,3,2,2,3,2,0,4,1,2,1,4
17808,2751,As|Co|Fe|O|Sm,3,2,2,3,2,0,1,0,3,3,2
17809,2750,Al|Hf|Pd|Y,4,4,2,3,1,1,2,4,0,0,3
17810,1295,In|Sn|Te,3,2,4,3,4,1,4,0,1,0,4
17811,1295,In|Sn|Te,3,2,4,3,4,1,3,0,1,3,4
17812,1295,In|Sn|Te,3,2,4,3,4,1,0,1,2,4,1
17813,1295,In|Sn|Te,3,2,4,3,4,1,4,1,4,1,2
17814,2695,As|Fe|O|Pr,3,2,1,4,4,4,1,4,1,4,2
17815,2752,C|In|Nb,0,3,2,2,1,3,0,3,4,1,0
17816,2753,H|Si,1,4,0,2,2,2,1,3,1,0,3
17817,2754,As|F|Fe|La|Na|O,0,1,4,4,3,0,1,2,4,1,1
17818,2754,As|F|Fe|La|Na|O,0,1,4,4,3,0,4,4,3,3,4
17819,2698,As|Ba|Fe|K,4,0,3,3,3,3,2,0,4,1,0
17820,2720,As|Ba|Co|Fe,1,3,3,0,1,0,3,2,1,3,2
17821,2755,As|Ba|Ni,0,0,0,0,2,2,0,2,2,0,3
17822,2736,Fe|Se|Te,3,3,3,2,2,4,2,2,3,4,0
17823,2736,Fe|Se|Te,3,3,3,2,2,4,4,4,0,2,4
17824,2735,Fe|Se,2,0,2,1,2,4,4,4,1,0,4
17825,2689,As|F|Fe|O|Sm,3,3,1,1,0,0,0,3,3,2,1
17826,2689,As|F|Fe|O|Sm,3,3,1,1,0,0,3,4,1,1,2
17827,2689,As|F|Fe|O|Sm,3,3,1,1,0,0,4,2,3,1,0
17828,2756,As|Fe|O|Pr|Sr,2,2,1,0,0,1,1,3,4,2,1
17829,2757,Ba|Bi|Pb,4,4,0,4,0,1,2,3,0,4,2
17830,2758,Ba|Bi|Hg|O|Pb,2,4,1,3,1,4,0,4,0,0,3
17831,2758,Ba|Bi|Hg|O|Pb,2,4,1,3,1,4,4,1,2,0,2
17832,2758,Ba|Bi|Hg|O|Pb,2,4,1,3,1,4,1,2,1,4,3
17833,2758,Ba|Bi|Hg|O|Pb,2,4,1,3,1,4,4,4,4,1,1
17834,2759,As|Ba|Fe|Rb|Sn,0,0,0,3,1,2,0,1,2,2,2
17835,2760,Fe|S|Se,3,1,4,4,2,2,4,0,3,0,1
17836,2760,Fe|S|Se,3,1,4,4,2,2,1,0,2,2,4
17837,2761,Ni|P|Sr,0,3,1,4,0,4,1,3,3,1,2
17838,2762,As|Eu|Fe|P,1,3,2,1,0,4,2,3,2,4,4
17839,2657,Cd|Ce|Co|In,0,0,2,0,2,1,2,4,0,1,2
17840,2657,Cd|Ce|Co|In,0,0,2,0,2,1,0,3,0,0,2
17841,2763,Ce|Co|Hg|In,3,4,4,0,2,2,0,0,0,2,1
17842,2763,Ce|Co|Hg|In,3,4,4,0,2,2,0,1,4,0,0
17843,2344,B,2,4,3,3,1,1,0,0,2,1,3
17844,2689,As|F|Fe|O|Sm,3,3,1,1,0,0,0,4,0,2,3
17845,414,Li|Nb|O,3,1,1,2,0,2,1,2,3,0,3
17846,2679,As|F|Fe|La|O,2,4,1,2,3,1,0,1,3,2,1
17847,2679,As|F|Fe|La|O,2,4,1,2,3,1,1,0,2,0,2
17848,2679,As|F|Fe|La|O,2,4,1,2,3,1,1,4,4,3,1
17849,1426,B|Ru,0,0,0,0,4,3,3,2,1,1,2
17850,1426,B|Ru,0,0,0,0,4,3,2,1,2,2,3
17851,2764,Fe|O|P|Sc|Sr,1,2,2,2,3,1,2,2,1,4,2
17852,2765,As|Fe|O|Sr|V,4,2,0,1,3,0,3,4,2,4,2
17853,1022,B|Li|Ni|Pd,2,4,4,0,3,0,2,3,0,3,0
17854,1022,B|Li|Ni|Pd,2,4,4,0,3,0,2,0,0,2,1
17855,1022,B|Li|Ni|Pd,2,4,4,0,3,0,3,4,3,2,1
17856,1890,Re|W,2,3,4,2,0,3,4,1,3,2,3
17857,1222,Mo|Re,3,1,3,3,1,1,4,1,1,2,3
17858,1838,Os|Re,2,4,4,3,2,0,4,3,1,4,4
17859,1686,Ir|La,2,1,4,0,1,2,0,1,0,2,1
17860,1214,Al|La,1,3,4,4,3,4,2,0,1,2,0
17861,2766,As|Ba|Fe|Ni,1,4,0,2,3,1,2,1,4,4,4
17862,2766,As|Ba|Fe|Ni,1,4,0,2,3,1,2,4,0,3,1
17863,2766,As|Ba|Fe|Ni,1,4,0,2,3,1,2,4,2,4,1
17864,2766,As|Ba|Fe|Ni,1,4,0,2,3,1,1,2,4,4,3
17865,2681,Ba|Ni|P,1,4,0,3,3,4,4,4,4,0,1
17866,2736,Fe|Se|Te,3,3,3,2,2,4,1,0,0,3,4
17867,2679,As|F|Fe|La|O,2,4,1,2,3,1,4,1,4,0,2
17868,2679,As|F|Fe|La|O,2,4,1,2,3,1,3,3,1,4,4
17869,2731,As|Ba|Fe,1,3,0,4,3,0,0,4,0,0,2
17870,2731,As|Ba|Fe,1,3,0,4,3,0,4,4,4,0,1
17871,1002,Ce|Pt|Si,0,0,1,0,3,1,2,1,4,2,4
17872,2767,As|Fe|La|Ni|O,4,4,2,1,3,3,4,0,1,1,3
17873,2700,As|Fe|K|Sr,2,1,1,1,4,1,0,4,3,2,2
17874,2700,As|Fe|K|Sr,2,1,1,1,4,1,2,1,1,1,2
17875,2700,As|Fe|K|Sr,2,1,1,1,4,1,0,4,0,3,0
17876,2700,As|Fe|K|Sr,2,1,1,1,4,1,1,3,4,1,4
17877,2700,As|Fe|K|Sr,2,1,1,1,4,1,3,4,0,2,1
17878,2768,As|Fe|Ho|O,3,3,3,1,3,4,4,1,3,4,4
17879,2769,As|Fe|O|Y,3,3,2,2,3,1,1,3,2,2,2
17880,2746,As|Dy|Fe|O,3,3,2,0,2,2,1,4,1,1,0
17881,2745,As|Fe|O|Tb,4,4,2,3,3,4,0,3,1,2,1
17882,2693,As|Fe|O|Sm,3,4,4,0,2,0,1,0,0,2,0
17883,2770,Ca|Co|F|Fe,0,0,4,2,0,2,1,4,0,3,0
17884,2771,As|Ca|Co|F|Fe,4,2,0,1,2,0,0,3,2,3,3
17885,2771,As|Ca|Co|F|Fe,4,2,0,1,2,0,0,2,0,3,1
17886,2771,As|Ca|Co|F|Fe,4,2,0,1,2,0,1,0,0,2,4
17887,2771,As|Ca|Co|F|Fe,4,2,0,1,2,0,0,2,2,2,3
17888,2772,As|Ca|F|Fe|Ni,2,1,0,0,4,2,2,0,0,1,1
17889,2772,As|Ca|F|Fe|Ni,2,1,0,0,4,2,0,1,4,4,1
17890,2772,As|Ca|F|Fe|Ni,2,1,0,0,4,2,4,3,4,3,2
17891,2694,As|Fe|Nd|O,0,0,1,4,1,4,3,3,4,2,3
17892,2694,As|Fe|Nd|O,0,0,1,4,1,4,3,1,0,4,3
17893,2679,As|F|Fe|La|O,2,4,1,2,3,1,3,0,0,2,4
17894,2773,As|F|Fe|La|O|Y,1,0,3,4,0,1,3,4,0,3,0
17895,2773,As|F|Fe|La|O|Y,1,0,3,4,0,1,1,2,2,0,3
17896,2773,As|F|Fe|La|O|Y,1,0,3,4,0,1,1,0,3,3,2
17897,1019,C,3,3,4,3,4,0,2,1,4,2,0
17898,1019,C,3,3,4,3,4,0,0,3,0,0,2
17899,2774,Ga|P,4,2,4,0,3,3,0,2,2,1,1
17900,1279,As|Ga,0,2,3,2,0,2,0,1,0,1,2
17901,1675,In|N,0,1,0,4,1,1,1,2,2,3,4
17902,1675,In|N,0,1,0,4,1,1,2,1,2,1,4
17903,2715,C|Si,1,3,2,1,2,1,1,2,0,2,2
17904,2775,In|O,4,4,3,1,1,3,4,3,4,3,3
17905,2775,In|O,4,4,3,1,1,3,2,1,1,4,2
17906,2698,As|Ba|Fe|K,4,0,3,3,3,3,0,0,2,2,3
17907,2698,As|Ba|Fe|K,4,0,3,3,3,3,0,4,4,3,3
17908,2698,As|Ba|Fe|K,4,0,3,3,3,3,2,3,0,3,4
17909,2698,As|Ba|Fe|K,4,0,3,3,3,3,0,3,3,4,4
17910,2776,As|F|Fe|O|Tb,2,4,4,4,2,0,0,2,2,1,3
17911,1118,Fe|La|O|P,0,1,2,1,3,2,4,3,3,2,3
17912,2777,Fe|O|P|Pr,0,2,3,3,1,1,0,3,0,3,4
17913,2778,Fe|Nd|O|P,0,3,2,4,3,1,1,4,3,0,0
17914,2777,Fe|O|P|Pr,0,2,3,3,1,1,3,4,2,2,1
17915,2779,As|Fe|Na,3,0,2,2,4,1,3,0,4,4,3
17916,2779,As|Fe|Na,3,0,2,2,4,1,1,2,2,2,3
17917,2779,As|Fe|Na,3,0,2,2,4,1,3,3,3,2,3
17918,2779,As|Fe|Na,3,0,2,2,4,1,4,0,2,4,3
17919,2,Cu|La|O|Sr,1,2,3,2,2,0,0,1,3,4,2
17920,26,Cu|La|O|Sr|Zn,4,4,3,4,1,2,4,2,2,2,2
17921,26,Cu|La|O|Sr|Zn,4,4,3,4,1,2,4,0,1,4,4
17922,26,Cu|La|O|Sr|Zn,4,4,3,4,1,2,1,2,1,0,2
17923,1235,Ni|Zr,1,1,4,1,1,2,1,4,1,4,3
17924,1603,Fe|Ni|Zr,2,0,0,3,4,3,1,3,1,3,3
17925,1603,Fe|Ni|Zr,2,0,0,3,4,3,2,1,0,2,4
17926,1603,Fe|Ni|Zr,2,0,0,3,4,3,3,0,2,2,4
17927,1603,Fe|Ni|Zr,2,0,0,3,4,3,2,0,2,1,0
17928,1603,Fe|Ni|Zr,2,0,0,3,4,3,0,1,3,3,1
17929,1603,Fe|Ni|Zr,2,0,0,3,4,3,4,1,0,0,1
17930,1603,Fe|Ni|Zr,2,0,0,3,4,3,2,1,0,3,0
17931,1603,Fe|Ni|Zr,2,0,0,3,4,3,0,4,1,4,4
17932,1603,Fe|Ni|Zr,2,0,0,3,4,3,4,0,4,1,4
17933,2720,As|Ba|Co|Fe,1,3,3,0,1,0,4,1,3,2,2
17934,2720,As|Ba|Co|Fe,1,3,3,0,1,0,0,2,0,1,1
17935,2720,As|Ba|Co|Fe,1,3,3,0,1,0,0,4,0,4,2
17936,2698,As|Ba|Fe|K,4,0,3,3,3,3,0,1,4,4,4
17937,2698,As|Ba|Fe|K,4,0,3,3,3,3,1,4,3,3,0
17938,2698,As|Ba|Fe|K,4,0,3,3,3,3,3,3,0,3,1
17939,2779,As|Fe|Na,3,0,2,2,4,1,0,1,4,2,0
17940,1615,Ga|Ge,2,1,4,4,0,4,0,1,3,2,3
17941,2780,Eu,1,2,4,2,3,0,4,1,3,4,4
17942,106,Li|Mo|O,4,2,3,4,1,3,4,1,1,2,4
17943,2781,Al|B|Yb,2,2,3,0,0,4,2,1,3,3,0
17944,2732,As|Fe|Sr,0,4,2,0,0,0,4,2,2,4,3
17945,1188,Ce|Co|Ge,1,2,1,3,0,2,1,0,0,3,0
17946,2705,As|Eu|Fe,3,2,4,1,2,4,4,0,3,4,1
17947,2735,Fe|Se,2,0,2,1,2,4,0,3,2,0,4
17948,946,Cs|O|Os,2,2,2,3,2,4,1,3,1,2,1
17949,762,O|Os|Rb,1,1,4,0,3,1,1,1,3,4,2
17950,2217,C|S,0,4,3,1,3,1,1,2,4,2,4
17951,1019,C,3,3,4,3,4,0,1,4,4,3,2
17952,2217,C|S,0,4,3,1,3,1,0,4,3,2,3
17953,2716,As|Fe|Li,3,0,4,1,4,4,1,0,4,0,3
17954,2716,As|Fe|Li,3,0,4,1,4,4,0,2,3,2,0
17955,2716,As|Fe|Li,3,0,4,1,4,4,0,3,2,2,1
17956,2697,As|Fe|La|O,4,3,2,1,1,3,4,0,2,4,0
17957,2679,As|F|Fe|La|O,2,4,1,2,3,1,0,2,3,0,0
17958,2679,As|F|Fe|La|O,2,4,1,2,3,1,1,0,4,2,0
17959,2679,As|F|Fe|La|O,2,4,1,2,3,1,0,4,4,1,2
17960,862,Ba|Ca|Cu|F|O,0,1,3,0,2,0,0,1,0,4,4
17961,862,Ba|Ca|Cu|F|O,0,1,3,0,2,0,0,4,3,3,4
17962,862,Ba|Ca|Cu|F|O,0,1,3,0,2,0,1,3,1,0,3
17963,307,Ba|Ca|Cu|Hg|O,2,4,3,2,4,3,4,3,2,4,3
17964,307,Ba|Ca|Cu|Hg|O,2,4,3,2,4,3,3,2,0,1,0
17965,307,Ba|Ca|Cu|Hg|O,2,4,3,2,4,3,0,0,1,1,2
17966,307,Ba|Ca|Cu|Hg|O,2,4,3,2,4,3,3,2,4,4,1
17967,307,Ba|Ca|Cu|Hg|O,2,4,3,2,4,3,3,0,1,1,4
17968,307,Ba|Ca|Cu|Hg|O,2,4,3,2,4,3,0,3,2,2,4
17969,307,Ba|Ca|Cu|Hg|O,2,4,3,2,4,3,3,3,2,0,2
17970,307,Ba|Ca|Cu|Hg|O,2,4,3,2,4,3,3,0,3,3,1
17971,307,Ba|Ca|Cu|Hg|O,2,4,3,2,4,3,2,3,4,4,1
17972,307,Ba|Ca|Cu|Hg|O,2,4,3,2,4,3,1,0,4,1,1
17973,307,Ba|Ca|Cu|Hg|O,2,4,3,2,4,3,0,1,0,4,4
17974,862,Ba|Ca|Cu|F|O,0,1,3,0,2,0,2,4,0,3,0
17975,862,Ba|Ca|Cu|F|O,0,1,3,0,2,0,4,1,1,4,1
17976,862,Ba|Ca|Cu|F|O,0,1,3,0,2,0,1,3,2,3,0
17977,862,Ba|Ca|Cu|F|O,0,1,3,0,2,0,2,0,0,2,4
17978,862,Ba|Ca|Cu|F|O,0,1,3,0,2,0,2,4,3,3,0
17979,862,Ba|Ca|Cu|F|O,0,1,3,0,2,0,1,2,4,3,0
17980,862,Ba|Ca|Cu|F|O,0,1,3,0,2,0,3,0,1,4,4
17981,862,Ba|Ca|Cu|F|O,0,1,3,0,2,0,2,1,2,0,3
17982,862,Ba|Ca|Cu|F|O,0,1,3,0,2,0,1,1,4,2,0
17983,862,Ba|Ca|Cu|F|O,0,1,3,0,2,0,0,2,1,1,3
17984,2692,As|F|Fe|Nd|O,0,2,2,1,1,1,1,1,0,2,1
17985,2782,As|Ce|F|Fe|Gd|O,4,4,1,3,4,3,3,2,2,1,2
17986,2783,As|Dy|F|Fe|La|O,2,4,1,3,4,1,4,0,2,3,3
17987,2732,As|Fe|Sr,0,4,2,0,0,0,4,2,1,0,3
17988,1253,Rh|Sn|Tm,1,4,4,1,1,4,0,2,2,3,2
17989,2736,Fe|Se|Te,3,3,3,2,2,4,3,4,1,1,1
17990,2736,Fe|Se|Te,3,3,3,2,2,4,1,0,2,4,3
17991,2736,Fe|Se|Te,3,3,3,2,2,4,3,4,0,4,1
17992,2735,Fe|Se,2,0,2,1,2,4,3,1,2,3,0
17993,2760,Fe|S|Se,3,1,4,4,2,2,3,4,3,1,1
17994,2760,Fe|S|Se,3,1,4,4,2,2,4,3,4,0,4
17995,2760,Fe|S|Se,3,1,4,4,2,2,0,4,4,4,2
17996,2760,Fe|S|Se,3,1,4,4,2,2,0,3,1,2,2
17997,2760,Fe|S|Se,3,1,4,4,2,2,4,3,2,4,0
17998,2784,Co|Fe|Se,0,0,1,0,0,3,0,2,2,3,1
17999,2784,Co|Fe|Se,0,0,1,0,0,3,1,1,1,2,2
18000,2785,Fe|Ni|Se,0,2,1,3,1,3,3,3,1,4,4
18001,2786,As|Ba|Fe|Rh,1,4,2,2,1,1,3,0,2,1,2
18002,2786,As|Ba|Fe|Rh,1,4,2,2,1,1,1,4,3,0,2
18003,2787,As|Ba|Fe|Pd,2,4,4,2,1,1,4,4,3,1,2
18004,2786,As|Ba|Fe|Rh,1,4,2,2,1,1,2,3,3,3,4
18005,2788,As|Fe|Rh|Sr,2,2,4,0,3,2,1,1,3,1,0
18006,2789,As|Fe|Ir|Sr,1,2,2,2,0,2,3,3,0,3,2
18007,2790,As|Fe|Pd|Sr,1,0,1,4,0,4,4,4,3,3,0
18008,2735,Fe|Se,2,0,2,1,2,4,2,4,2,1,1
18009,2714,As|Ca|Fe,0,3,4,2,4,2,3,0,2,0,1
18010,2791,Ce|In|Pd,1,2,4,1,2,3,1,2,0,2,4
18011,2689,As|F|Fe|O|Sm,3,3,1,1,0,0,4,0,0,2,3
18012,2689,As|F|Fe|O|Sm,3,3,1,1,0,0,3,3,0,1,4
18013,2792,As|Fe|Ir|La|O,4,1,3,0,1,2,4,2,3,2,3
18014,2792,As|Fe|Ir|La|O,4,1,3,0,1,2,0,1,3,2,4
18015,2792,As|Fe|Ir|La|O,4,1,3,0,1,2,2,3,4,3,1
18016,2792,As|Fe|Ir|La|O,4,1,3,0,1,2,2,4,3,4,1
18017,2732,As|Fe|Sr,0,4,2,0,0,0,3,0,4,0,3
18018,2735,Fe|Se,2,0,2,1,2,4,0,0,0,1,4
18019,2704,As|Co|Fe|Sr,1,3,3,0,1,3,4,2,4,1,4
18020,1150,Cl|Li|N|Zr,2,2,4,2,2,4,3,1,0,1,4
18021,1150,Cl|Li|N|Zr,2,2,4,2,2,4,2,0,4,3,2
18022,2720,As|Ba|Co|Fe,1,3,3,0,1,0,1,1,2,3,0
18023,2793,Ni|S|Ta,1,3,0,0,1,4,2,4,4,4,0
18024,2794,Fe|S|Ta,3,0,0,4,0,3,1,1,0,1,2
18025,1132,Se|Ta,4,3,0,3,1,2,4,1,4,4,1
18026,1178,B|Ir|Mg,3,3,1,3,4,3,2,4,4,2,4
18027,1178,B|Ir|Mg,3,3,1,3,4,3,0,4,2,3,1
18028,2795,Ba|Pt|Si,2,3,2,4,3,2,2,0,3,4,3
18029,2329,Al|Si|Sr,3,1,1,3,4,2,2,4,3,3,2
18030,2796,Al|Ge|Sr,0,1,2,1,4,0,2,1,3,1,2
18031,2797,Al|Ba|Ge,0,0,4,1,1,3,2,0,0,3,2
18032,2798,Al|Ba|Sn,1,4,1,0,0,0,4,2,2,4,3
18033,2321,Ca|Ga|Si,3,2,4,2,4,2,1,0,3,2,0
18034,2174,Ga|Si|Sr,2,0,0,3,0,1,3,3,4,2,4
18035,1191,Ba|Ga|Si,4,2,4,3,4,2,2,3,1,2,2
18036,2799,Ga|Ge|Sr,1,3,4,4,0,1,2,0,3,4,2
18037,2220,Ba|Ga|Ge,3,3,3,3,4,0,0,2,0,2,0
18038,2732,As|Fe|Sr,0,4,2,0,0,0,2,3,4,4,2
18039,2776,As|F|Fe|O|Tb,2,4,4,4,2,0,4,0,1,0,4
18040,2800,As|Dy|F|Fe|O,4,2,1,3,0,1,2,1,3,0,4
18041,2801,As|F|Fe|Ho|O,2,1,0,4,0,1,4,1,3,4,2
18042,2689,As|F|Fe|O|Sm,3,3,1,1,0,0,2,3,0,2,3
18043,2689,As|F|Fe|O|Sm,3,3,1,1,0,0,0,4,1,2,1
18044,1144,Nb|Sn,4,4,1,2,2,3,2,1,3,4,3
18045,2745,As|Fe|O|Tb,4,4,2,3,3,4,2,0,1,2,2
18046,2745,As|Fe|O|Tb,4,4,2,3,3,4,3,1,1,3,4
18047,2745,As|Fe|O|Tb,4,4,2,3,3,4,4,4,2,2,0
18048,2745,As|Fe|O|Tb,4,4,2,3,3,4,4,2,0,3,1
18049,2745,As|Fe|O|Tb,4,4,2,3,3,4,2,3,0,2,4
18050,2745,As|Fe|O|Tb,4,4,2,3,3,4,2,3,2,3,3
18051,2720,As|Ba|Co|Fe,1,3,3,0,1,0,3,4,3,4,4
18052,2720,As|Ba|Co|Fe,1,3,3,0,1,0,3,2,0,0,1
18053,2720,As|Ba|Co|Fe,1,3,3,0,1,0,4,3,3,0,1
18054,2720,As|Ba|Co|Fe,1,3,3,0,1,0,2,4,1,1,1
18055,2720,As|Ba|Co|Fe,1,3,3,0,1,0,4,3,1,1,2
18056,2720,As|Ba|Co|Fe,1,3,3,0,1,0,2,1,0,3,3
18057,2766,As|Ba|Fe|Ni,1,4,0,2,3,1,1,3,0,2,1
18058,2766,As|Ba|Fe|Ni,1,4,0,2,3,1,4,0,0,1,0
18059,2766,As|Ba|Fe|Ni,1,4,0,2,3,1,3,1,1,1,3
18060,2766,As|Ba|Fe|Ni,1,4,0,2,3,1,4,0,3,1,1
18061,2766,As|Ba|Fe|Ni,1,4,0,2,3,1,0,0,3,0,1
18062,2698,As|Ba|Fe|K,4,0,3,3,3,3,3,0,4,3,2
18063,2720,As|Ba|Co|Fe,1,3,3,0,1,0,3,4,4,0,3
18064,2682,As|Fe|La|O|Sr,1,3,0,4,4,2,0,1,0,2,1
18065,2682,As|Fe|La|O|Sr,1,3,0,4,4,2,4,0,3,1,3
18066,2682,As|Fe|La|O|Sr,1,3,0,4,4,2,4,1,3,3,4
18067,2682,As|Fe|La|O|Sr,1,3,0,4,4,2,1,2,1,0,4
18068,2682,As|Fe|La|O|Sr,1,3,0,4,4,2,4,2,0,4,1
18069,2682,As|Fe|La|O|Sr,1,3,0,4,4,2,3,2,4,3,2
18070,2682,As|Fe|La|O|Sr,1,3,0,4,4,2,4,2,3,3,2
18071,2756,As|Fe|O|Pr|Sr,2,2,1,0,0,1,4,2,0,4,2
18072,2756,As|Fe|O|Pr|Sr,2,2,1,0,0,1,2,2,1,0,2
18073,2756,As|Fe|O|Pr|Sr,2,2,1,0,0,1,3,1,2,3,4
18074,2756,As|Fe|O|Pr|Sr,2,2,1,0,0,1,2,0,4,1,4
18075,370,Ca|Cu|O|Sr,3,3,1,1,0,0,4,0,1,1,1
18076,2109,Fe|Lu|Si,0,2,0,2,1,0,4,1,4,2,2
18077,2109,Fe|Lu|Si,0,2,0,2,1,0,1,2,1,1,3
18078,2615,Fe|Lu|Si|Y,2,3,2,0,2,2,1,3,1,4,3
18079,2802,Fe|Lu|Sc|Si,2,3,3,4,1,3,1,4,2,4,2
18080,2803,Dy|Fe|Lu|Si,3,1,2,1,3,2,0,3,1,2,1
18081,2803,Dy|Fe|Lu|Si,3,1,2,1,3,2,4,2,1,2,4
18082,2802,Fe|Lu|Sc|Si,2,3,3,4,1,3,0,4,2,3,3
18083,2802,Fe|Lu|Sc|Si,2,3,3,4,1,3,1,4,2,0,1
18084,2615,Fe|Lu|Si|Y,2,3,2,0,2,2,2,2,2,4,4
18085,2804,As|Fe|Ru|Sr,3,0,4,0,2,4,0,3,3,4,2
18086,2804,As|Fe|Ru|Sr,3,0,4,0,2,4,1,0,3,4,4
18087,1046,Bi|Rh,2,4,4,1,1,0,4,0,3,0,3
18088,1046,Bi|Rh,2,4,4,1,1,0,3,4,3,1,0
18089,1046,Bi|Rh,2,4,4,1,1,0,2,0,2,4,3
18090,2805,Ca|Pt|Si,2,0,2,0,4,0,0,2,2,4,0
18091,2735,Fe|Se,2,0,2,1,2,4,4,1,2,1,0
18092,2736,Fe|Se|Te,3,3,3,2,2,4,0,3,1,4,3
18093,661,O|Ru|Sr,2,0,2,3,0,2,0,1,0,4,3
18094,2736,Fe|Se|Te,3,3,3,2,2,4,3,0,1,3,3
18095,2736,Fe|Se|Te,3,3,3,2,2,4,4,4,1,1,4
18096,2736,Fe|Se|Te,3,3,3,2,2,4,3,1,3,3,2
18097,2736,Fe|Se|Te,3,3,3,2,2,4,0,3,3,0,0
18098,2735,Fe|Se,2,0,2,1,2,4,1,3,0,2,0
18099,2736,Fe|Se|Te,3,3,3,2,2,4,2,3,1,3,2
18100,2806,Bi|Se|Ta,1,2,4,4,0,2,3,0,0,3,2
18101,2806,Bi|Se|Ta,1,2,4,4,0,2,4,2,4,0,0
18102,1064,Bi|S|Ta,3,3,1,4,4,3,0,2,2,0,3
18103,2807,Nb|Pb|Se,4,4,0,4,0,2,2,3,2,4,2
18104,2807,Nb|Pb|Se,4,4,0,4,0,2,0,2,0,0,3
18105,2736,Fe|Se|Te,3,3,3,2,2,4,1,2,4,3,4
18106,1007,Ce|Cu|Si,1,4,3,3,1,1,0,4,4,4,0
18107,2693,As|Fe|O|Sm,3,4,4,0,2,0,3,2,1,0,1
18108,2689,As|F|Fe|O|Sm,3,3,1,1,0,0,4,0,4,2,2
18109,2808,As|F|Fe|O|Pr,1,2,4,3,2,1,4,0,0,3,3
18110,2808,As|F|Fe|O|Pr,1,2,4,3,2,1,0,3,0,1,3
18111,2808,As|F|Fe|O|Pr,1,2,4,3,2,1,0,0,1,0,1
18112,2736,Fe|Se|Te,3,3,3,2,2,4,1,3,2,4,4
18113,2,Cu|La|O|Sr,1,2,3,2,2,0,3,3,4,3,4
18114,2,Cu|La|O|Sr,1,2,3,2,2,0,2,3,3,2,4
18115,2,Cu|La|O|Sr,1,2,3,2,2,0,4,3,0,2,0
18116,2,Cu|La|O|Sr,1,2,3,2,2,0,1,0,2,2,3
18117,2,Cu|La|O|Sr,1,2,3,2,2,0,3,2,3,0,4
18118,2,Cu|La|O|Sr,1,2,3,2,2,0,4,2,4,2,1
18119,2,Cu|La|O|Sr,1,2,3,2,2,0,2,0,4,0,4
18120,2,Cu|La|O|Sr,1,2,3,2,2,0,2,1,3,0,0
18121,2,Cu|La|O|Sr,1,2,3,2,2,0,3,4,2,4,2
18122,26,Cu|La|O|Sr|Zn,4,4,3,4,1,2,3,0,2,4,4
18123,26,Cu|La|O|Sr|Zn,4,4,3,4,1,2,4,1,4,3,4
18124,26,Cu|La|O|Sr|Zn,4,4,3,4,1,2,3,3,3,2,4
18125,2,Cu|La|O|Sr,1,2,3,2,2,0,1,2,0,2,2
18126,2,Cu|La|O|Sr,1,2,3,2,2,0,3,3,0,3,0
18127,2,Cu|La|O|Sr,1,2,3,2,2,0,1,1,4,3,4
18128,2,Cu|La|O|Sr,1,2,3,2,2,0,2,4,2,1,1
18129,2809,As|Ca|Fe|Ni,3,0,0,1,0,2,4,2,2,2,1
18130,2679,As|F|Fe|La|O,2,4,1,2,3,1,4,1,0,2,3
18131,2679,As|F|Fe|La|O,2,4,1,2,3,1,4,4,4,1,4
18132,2735,Fe|Se,2,0,2,1,2,4,1,2,2,4,4
18133,2735,Fe|Se,2,0,2,1,2,4,0,3,0,0,2
18134,2698,As|Ba|Fe|K,4,0,3,3,3,3,2,3,4,0,4
18135,2735,Fe|Se,2,0,2,1,2,4,3,3,2,2,2
18136,2785,Fe|Ni|Se,0,2,1,3,1,3,3,1,1,2,4
18137,2785,Fe|Ni|Se,0,2,1,3,1,3,3,0,0,3,3
18138,2810,C|Ca|H,0,3,0,4,4,4,1,2,4,1,0
18139,2736,Fe|Se|Te,3,3,3,2,2,4,1,1,2,4,4
18140,2736,Fe|Se|Te,3,3,3,2,2,4,0,0,2,2,2
18141,2811,C|H|K,1,4,3,1,1,3,0,3,2,2,4
18142,2812,Ga|H|V,0,3,1,4,4,4,0,3,3,0,0
18143,2569,Ge|H|V,4,1,0,0,1,2,2,2,4,3,3
18144,2698,As|Ba|Fe|K,4,0,3,3,3,3,4,0,1,0,2
18145,2698,As|Ba|Fe|K,4,0,3,3,3,3,1,1,1,4,4
18146,2736,Fe|Se|Te,3,3,3,2,2,4,2,1,0,2,1
18147,2736,Fe|Se|Te,3,3,3,2,2,4,3,2,2,1,3
18148,2813,Se|Ti,3,4,1,0,4,3,2,3,2,3,4
18149,2736,Fe|Se|Te,3,3,3,2,2,4,3,2,0,1,1
18150,120,Bi|Cu|La|O|Sr,1,3,1,3,0,0,3,1,0,1,0
18151,112,Bi|Cu|Nd|O|Sr,2,4,4,0,1,3,1,4,2,1,1
18152,417,Bi|Cu|Eu|O|Sr,1,3,4,1,3,1,0,1,4,4,0
18153,1303,Bi|Cu|Gd|O|Sr,1,0,4,2,1,3,1,2,0,1,4
18154,2736,Fe|Se|Te,3,3,3,2,2,4,1,3,0,1,3
18155,2736,Fe|Se|Te,3,3,3,2,2,4,3,0,2,3,4
18156,2736,Fe|Se|Te,3,3,3,2,2,4,3,1,0,1,2
18157,2736,Fe|Se|Te,3,3,3,2,2,4,4,1,1,2,0
18158,2736,Fe|Se|Te,3,3,3,2,2,4,3,1,4,2,3
18159,2736,Fe|Se|Te,3,3,3,2,2,4,3,4,0,2,4
18160,2736,Fe|Se|Te,3,3,3,2,2,4,4,1,1,3,2
18161,2736,Fe|Se|Te,3,3,3,2,2,4,4,3,3,2,2
18162,2736,Fe|Se|Te,3,3,3,2,2,4,3,4,0,4,2
18163,2736,Fe|Se|Te,3,3,3,2,2,4,2,3,1,4,2
18164,783,K|O|Os,3,1,1,2,3,3,0,4,0,3,3
18165,2765,As|Fe|O|Sr|V,4,2,0,1,3,0,4,0,2,2,4
18166,2764,Fe|O|P|Sc|Sr,1,2,2,2,3,1,4,4,2,4,3
18167,1188,Ce|Co|Ge,1,2,1,3,0,2,3,0,2,2,1
18168,2689,As|F|Fe|O|Sm,3,3,1,1,0,0,2,1,4,0,1
18169,2689,As|F|Fe|O|Sm,3,3,1,1,0,0,4,3,1,2,1
18170,2689,As|F|Fe|O|Sm,3,3,1,1,0,0,2,4,1,0,2
18171,2689,As|F|Fe|O|Sm,3,3,1,1,0,0,1,1,3,1,2
18172,2689,As|F|Fe|O|Sm,3,3,1,1,0,0,3,4,3,4,3
18173,2814,As|F|Fe|La|Sr,1,0,3,4,3,3,1,2,0,0,4
18174,2815,As|Ca|F|Fe|Nd,0,1,3,4,4,0,1,3,3,0,1
18175,2816,As|Ca|F|Fe|Pr,2,0,0,3,3,4,1,2,4,4,2
18176,8,Ba|Cu|O|Y,0,1,2,1,3,1,4,4,1,0,3
18177,293,Ba|Cu|O|Sc|Y,2,2,2,3,1,2,0,3,2,4,3
18178,293,Ba|Cu|O|Sc|Y,2,2,2,3,1,2,0,0,1,0,4
18179,293,Ba|Cu|O|Sc|Y,2,2,2,3,1,2,4,4,1,1,1
18180,55,Ba|Cu|Ga|O|Y,4,2,3,4,3,2,2,0,3,1,0
18181,55,Ba|Cu|Ga|O|Y,4,2,3,4,3,2,1,3,2,4,3
18182,55,Ba|Cu|Ga|O|Y,4,2,3,4,3,2,4,4,4,3,2
18183,2817,As|Co|Fe|O|Pr,3,0,4,4,0,4,4,0,3,0,1
18184,51,Ba|Cu|Gd|O|Sr,3,3,2,4,3,3,2,4,1,2,4
18185,2818,Ba|Ca|Cu|Gd|O|Sr,2,4,3,2,2,0,4,1,3,1,4
18186,2818,Ba|Ca|Cu|Gd|O|Sr,2,4,3,2,2,0,4,2,4,3,1
18187,2818,Ba|Ca|Cu|Gd|O|Sr,2,4,3,2,2,0,2,4,0,3,3
18188,2818,Ba|Ca|Cu|Gd|O|Sr,2,4,3,2,2,0,0,1,3,1,2
18189,2695,As|Fe|O|Pr,3,2,1,4,4,4,4,1,1,0,2
18190,16,Ba|Cu|Lu|O,0,3,2,3,1,4,0,2,1,1,2
18191,8,Ba|Cu|O|Y,0,1,2,1,3,1,1,3,3,1,4
18192,1118,Fe|La|O|P,0,1,2,1,3,2,3,4,4,4,3
18193,2698,As|Ba|Fe|K,4,0,3,3,3,3,0,3,0,4,0
18194,2689,As|F|Fe|O|Sm,3,3,1,1,0,0,0,1,0,2,0
18195,2689,As|F|Fe|O|Sm,3,3,1,1,0,0,4,0,2,3,4
18196,2698,As|Ba|Fe|K,4,0,3,3,3,3,0,3,2,0,1
18197,2819,As|Ba|Fe|P,1,2,2,1,2,3,3,2,0,2,0
18198,2819,As|Ba|Fe|P,1,2,2,1,2,3,2,2,2,4,4
18199,2819,As|Ba|Fe|P,1,2,2,1,2,3,3,3,2,0,2
18200,2819,As|Ba|Fe|P,1,2,2,1,2,3,4,4,0,0,0
18201,2819,As|Ba|Fe|P,1,2,2,1,2,3,2,1,0,0,1
18202,2819,As|Ba|Fe|P,1,2,2,1,2,3,0,1,2,3,3
18203,2819,As|Ba|Fe|P,1,2,2,1,2,3,0,2,4,2,2
18204,2820,Fe|Li|P,4,2,3,4,0,0,4,0,4,3,2
18205,2821,As|Fe|Ni|Sr,4,1,0,1,0,3,4,3,3,1,2
18206,2821,As|Fe|Ni|Sr,4,1,0,1,0,3,2,4,4,2,0
18207,2821,As|Fe|Ni|Sr,4,1,0,1,0,3,4,1,1,2,1
18208,2821,As|Fe|Ni|Sr,4,1,0,1,0,3,3,4,4,2,2
18209,2822,As|Fe|La|O|P,2,1,3,3,2,0,2,1,4,3,2
18210,2822,As|Fe|La|O|P,2,1,3,3,2,0,3,0,0,4,1
18211,2822,As|Fe|La|O|P,2,1,3,3,2,0,0,0,4,4,3
18212,2822,As|Fe|La|O|P,2,1,3,3,2,0,1,3,1,4,0
18213,2821,As|Fe|Ni|Sr,4,1,0,1,0,3,2,4,2,1,3
18214,2821,As|Fe|Ni|Sr,4,1,0,1,0,3,2,3,3,2,4
18215,2821,As|Fe|Ni|Sr,4,1,0,1,0,3,1,0,2,1,1
18216,2821,As|Fe|Ni|Sr,4,1,0,1,0,3,0,1,4,1,1
18217,2821,As|Fe|Ni|Sr,4,1,0,1,0,3,3,2,0,3,0
18218,2736,Fe|Se|Te,3,3,3,2,2,4,2,4,3,2,4
18219,2737,As|Ca|Co|Fe,4,3,4,4,3,4,2,2,3,4,3
18220,2698,As|Ba|Fe|K,4,0,3,3,3,3,2,1,0,3,4
18221,2698,As|Ba|Fe|K,4,0,3,3,3,3,2,3,2,2,3
18222,2698,As|Ba|Fe|K,4,0,3,3,3,3,4,2,3,4,3
18223,2823,As|Ca|F|Fe,3,3,2,0,3,1,3,2,3,3,4
18224,2771,As|Ca|Co|F|Fe,4,2,0,1,2,0,0,1,4,1,0
18225,2771,As|Ca|Co|F|Fe,4,2,0,1,2,0,4,4,3,0,2
18226,2771,As|Ca|Co|F|Fe,4,2,0,1,2,0,2,1,0,0,0
18227,2697,As|Fe|La|O,4,3,2,1,1,3,0,4,2,1,0
18228,2679,As|F|Fe|La|O,2,4,1,2,3,1,3,1,1,0,3
18229,2679,As|F|Fe|La|O,2,4,1,2,3,1,3,3,3,1,2
18230,2679,As|F|Fe|La|O,2,4,1,2,3,1,3,1,3,4,4
18231,2720,As|Ba|Co|Fe,1,3,3,0,1,0,4,1,3,2,1
18232,2824,As|F|Fe|Sm|Sr,0,1,1,2,3,3,1,1,4,4,4
18233,2825,Bi|Cu|Se,2,4,2,4,3,1,1,3,2,3,2
18234,0,Ba|Cu|La|O,2,4,2,3,0,4,3,3,1,1,0
18235,2826,As|Co|Fe|Na,3,4,2,2,3,4,0,1,1,4,2
18236,2826,As|Co|Fe|Na,3,4,2,2,3,4,2,2,3,0,4
18237,2826,As|Co|Fe|Na,3,4,2,2,3,4,3,2,0,0,4
18238,2826,As|Co|Fe|Na,3,4,2,2,3,4,3,0,2,1,1
18239,2827,As|Fe|Na|Ni,4,4,2,3,4,1,1,2,2,4,1
18240,1000,Nb|Se,0,2,1,4,0,2,1,3,4,4,4
18241,2452,Ga|Nb|Se,3,0,0,4,4,0,4,3,2,3,4
18242,2452,Ga|Nb|Se,3,0,0,4,4,0,3,1,4,1,2
18243,1138,Nb|S,4,1,0,4,4,4,0,3,1,3,2
18244,1000,Nb|Se,0,2,1,4,0,2,4,0,4,2,3
18245,1812,Nb|Te,4,3,2,1,4,0,0,2,3,2,4
18246,1132,Se|Ta,4,3,0,3,1,2,1,2,0,3,2
18247,2828,As|Fe|Nd|O|Rh,2,3,0,1,1,3,4,4,2,1,4
18248,2692,As|F|Fe|Nd|O,0,2,2,1,1,1,1,4,2,4,0
18249,1812,Nb|Te,4,3,2,1,4,0,2,0,4,0,2
18250,1130,S|Ta,4,4,3,1,0,3,2,1,2,4,4
18251,1132,Se|Ta,4,3,0,3,1,2,0,4,4,3,2
18252,268,Cu|Mo|O|Sr|Y,4,2,1,1,2,0,2,1,0,0,2
18253,573,Ca|Cu|Mo|O|Sr|Y,1,4,1,2,1,0,4,1,4,4,2
18254,1130,S|Ta,4,4,3,1,0,3,2,1,4,2,2
18255,2793,Ni|S|Ta,1,3,0,0,1,4,2,0,3,1,2
18256,2793,Ni|S|Ta,1,3,0,0,1,4,3,4,1,0,0
18257,2793,Ni|S|Ta,1,3,0,0,1,4,4,0,2,2,1
18258,2793,Ni|S|Ta,1,3,0,0,1,4,2,2,4,2,2
18259,2682,As|Fe|La|O|Sr,1,3,0,4,4,2,3,1,1,2,0
18260,2829,As|Fe|La|O|Sm|Sr,4,0,4,4,2,3,4,4,0,0,0
18261,2817,As|Co|Fe|O|Pr,3,0,4,4,0,4,1,2,3,4,0
18262,2817,As|Co|Fe|O|Pr,3,0,4,4,0,4,2,1,1,3,1
18263,2817,As|Co|Fe|O|Pr,3,0,4,4,0,4,0,3,1,3,0
18264,2817,As|Co|Fe|O|Pr,3,0,4,4,0,4,4,4,0,2,4
18265,2817,As|Co|Fe|O|Pr,3,0,4,4,0,4,0,0,0,2,0
18266,2735,Fe|Se,2,0,2,1,2,4,0,2,3,4,1
18267,2828,As|Fe|Nd|O|Rh,2,3,0,1,1,3,4,0,4,3,0
18268,2828,As|Fe|Nd|O|Rh,2,3,0,1,1,3,2,1,1,2,2
18269,2828,As|Fe|Nd|O|Rh,2,3,0,1,1,3,4,1,2,3,1
18270,2828,As|Fe|Nd|O|Rh,2,3,0,1,1,3,4,3,3,1,4
18271,2720,As|Ba|Co|Fe,1,3,3,0,1,0,2,3,3,4,1
18272,2720,As|Ba|Co|Fe,1,3,3,0,1,0,1,4,0,0,4
18273,2720,As|Ba|Co|Fe,1,3,3,0,1,0,0,1,3,4,4
18274,2720,As|Ba|Co|Fe,1,3,3,0,1,0,0,0,3,0,1
18275,2791,Ce|In|Pd,1,2,4,1,2,3,2,2,2,1,2
18276,2819,As|Ba|Fe|P,1,2,2,1,2,3,2,2,4,4,4
18277,2720,As|Ba|Co|Fe,1,3,3,0,1,0,1,1,2,2,4
18278,2830,Fe|O|Te,4,4,2,2,0,1,2,0,2,4,4
18279,2831,Fe|S|Te,1,3,3,4,0,2,4,0,4,4,2
18280,2831,Fe|S|Te,1,3,3,4,0,2,4,3,1,4,2
18281,434,Ba|C,3,2,2,4,4,0,4,0,4,1,4
18282,2693,As|Fe|O|Sm,3,4,4,0,2,0,1,0,2,4,4
18283,2736,Fe|Se|Te,3,3,3,2,2,4,0,2,2,1,0
18284,2736,Fe|Se|Te,3,3,3,2,2,4,2,4,1,4,3
18285,2832,Ba|Ca|Co|Cu|Li|Mg|O|Tl,0,3,4,1,2,4,2,4,4,1,0
18286,2833,Ba|Be|Ca|Co|Cu|Li|O|Tl,2,2,1,4,0,4,3,3,0,3,2
18287,898,Ba|Ca|Co|Cu|O|Tl,2,0,0,4,1,0,4,3,1,4,3
18288,2834,Ba|Ca|Co|Cu|Mg|O|Tl,2,4,3,0,3,2,1,0,4,3,3
18289,2835,Ba|Be|Ca|Co|Cu|O|Tl,3,3,4,1,0,2,3,4,4,1,0
18290,2676,Al|Ce|Pd,1,4,1,0,4,1,2,3,2,3,2
18291,2836,La|Ru|Zn,4,3,4,3,4,3,0,0,1,0,2
18292,2837,Ir|La|Zn,3,2,2,3,4,3,4,1,2,1,4
18293,2838,Ir|Pr|Zn,3,0,3,4,0,2,4,2,1,3,2
18294,2839,As|Fe|La|O|Rh,3,4,2,0,3,1,3,2,0,4,1
18295,2839,As|Fe|La|O|Rh,3,4,2,0,3,1,0,2,1,3,3
18296,2839,As|Fe|La|O|Rh,3,4,2,0,3,1,1,2,3,2,0
18297,1150,Cl|Li|N|Zr,2,2,4,2,2,4,3,2,1,3,1
18298,2232,Cl|Hf|N|Na,4,1,3,4,4,1,1,3,0,1,4
18299,370,Ca|Cu|O|Sr,3,3,1,1,0,0,0,2,2,0,2
18300,8,Ba|Cu|O|Y,0,1,2,1,3,1,2,1,1,3,0
18301,43,Ba|Co|Cu|O|Y,1,2,3,2,1,3,1,3,0,4,4
18302,43,Ba|Co|Cu|O|Y,1,2,3,2,1,3,2,0,1,2,2
18303,43,Ba|Co|Cu|O|Y,1,2,3,2,1,3,1,2,1,1,3
18304,37,Ba|Cu|Ni|O|Y,1,0,2,1,2,2,2,3,3,0,0
18305,37,Ba|Cu|Ni|O|Y,1,0,2,1,2,2,2,2,2,2,3
18306,37,Ba|Cu|Ni|O|Y,1,0,2,1,2,2,3,3,3,1,0
18307,2840,Pd|Se|Ti,2,3,4,1,0,4,4,3,4,4,2
18308,2840,Pd|Se|Ti,2,3,4,1,0,4,0,1,4,3,2
18309,2720,As|Ba|Co|Fe,1,3,3,0,1,0,4,1,1,4,3
18310,2841,As|Ba|Fe|Pt,2,0,2,2,0,3,0,3,3,4,2
18311,2841,As|Ba|Fe|Pt,2,0,2,2,0,3,3,4,1,1,2
18312,2841,As|Ba|Fe|Pt,2,0,2,2,0,3,0,2,2,4,4
18313,2736,Fe|Se|Te,3,3,3,2,2,4,4,1,0,0,3
18314,2736,Fe|Se|Te,3,3,3,2,2,4,1,4,3,3,1
18315,2736,Fe|Se|Te,3,3,3,2,2,4,3,0,3,1,3
18316,2736,Fe|Se|Te,3,3,3,2,2,4,0,1,4,4,4
18317,2736,Fe|Se|Te,3,3,3,2,2,4,1,4,4,3,2
18318,2736,Fe|Se|Te,3,3,3,2,2,4,0,3,3,2,0
18319,1155,Pb|Te|Tl,1,4,4,0,1,3,1,0,0,3,0
18320,2842,In|Pb|Te|Tl,3,1,4,1,3,0,0,2,0,4,1
18321,2842,In|Pb|Te|Tl,3,1,4,1,3,0,4,3,2,3,1
18322,2843,Ce|Ge|Ir,4,1,4,1,2,4,3,0,2,0,0
18323,2702,As|La|Ni|O,1,0,3,1,3,0,3,1,2,2,2
18324,2844,As|F|La|Ni|O,1,0,3,1,0,0,2,1,0,2,0
18325,2844,As|F|La|Ni|O,1,0,3,1,0,0,1,0,3,0,1
18326,2844,As|F|La|Ni|O,1,0,3,1,0,0,0,2,2,4,0
18327,2735,Fe|Se,2,0,2,1,2,4,2,2,4,3,4
18328,2845,Cu|Fe|Se,0,2,0,0,0,4,3,1,0,1,2
18329,2845,Cu|Fe|Se,0,2,0,0,0,4,4,3,3,2,4
18330,2846,Ca|O|P,0,3,4,1,0,3,0,4,1,3,3
18331,2735,Fe|Se,2,0,2,1,2,4,4,2,1,1,1
18332,2845,Cu|Fe|Se,0,2,0,0,0,4,2,0,1,3,2
18333,2845,Cu|Fe|Se,0,2,0,0,0,4,0,3,2,4,3
18334,2847,Fe|Mn|Se,0,2,1,0,0,4,4,1,3,2,4
18335,2847,Fe|Mn|Se,0,2,1,0,0,4,1,3,0,0,4
18336,2847,Fe|Mn|Se,0,2,1,0,0,4,1,1,2,4,2
18337,2735,Fe|Se,2,0,2,1,2,4,4,0,2,4,0
18338,2848,Al|Fe|Se,4,2,1,1,3,1,1,2,3,4,0
18339,2848,Al|Fe|Se,4,2,1,1,3,1,1,4,3,2,0
18340,2849,Fe|Ga|Se,4,1,1,2,4,1,3,3,2,3,3
18341,2849,Fe|Ga|Se,4,1,1,2,4,1,3,4,4,4,3
18342,2850,Fe|Se|Sm,4,4,1,1,4,2,2,2,4,0,3
18343,2850,Fe|Se|Sm,4,4,1,1,4,2,3,1,1,2,1
18344,2756,As|Fe|O|Pr|Sr,2,2,1,0,0,1,3,2,4,0,0
18345,2851,Ba|Fe|Se,3,4,1,3,4,3,0,1,4,0,4
18346,2736,Fe|Se|Te,3,3,3,2,2,4,0,4,2,2,2
18347,1155,Pb|Te|Tl,1,4,4,0,1,3,4,4,4,3,3
18348,1155,Pb|Te|Tl,1,4,4,0,1,3,4,4,1,3,2
18349,1155,Pb|Te|Tl,1,4,4,0,1,3,0,3,1,3,4
18350,2852,As|Co|Eu|Fe,4,4,3,4,0,3,0,0,0,1,0
18351,2853,Na|Pb|Te|Tl,2,1,0,4,1,3,1,1,4,2,4
18352,2853,Na|Pb|Te|Tl,2,1,0,4,1,3,1,4,3,3,1
18353,2853,Na|Pb|Te|Tl,2,1,0,4,1,3,2,1,0,3,0
18354,2853,Na|Pb|Te|Tl,2,1,0,4,1,3,0,1,3,0,2
18355,2679,As|F|Fe|La|O,2,4,1,2,3,1,4,0,0,1,1
18356,2773,As|F|Fe|La|O|Y,1,0,3,4,0,1,2,0,0,0,4
18357,2773,As|F|Fe|La|O|Y,1,0,3,4,0,1,4,0,2,3,4
18358,2773,As|F|Fe|La|O|Y,1,0,3,4,0,1,0,3,0,4,4
18359,2773,As|F|Fe|La|O|Y,1,0,3,4,0,1,2,1,2,2,4
18360,2617,Ce|Ge|Pt|Si,3,0,4,3,3,3,3,4,1,1,4
18361,1002,Ce|Pt|Si,0,0,1,0,3,1,0,2,0,1,1
18362,2854,Ce|In|Pt,4,4,1,3,0,0,1,4,0,2,3
18363,2698,As|Ba|Fe|K,4,0,3,3,3,3,2,2,4,0,2
18364,2855,As|Ba|Fe|K|Mn,1,3,2,1,3,4,4,1,0,2,3
18365,2855,As|Ba|Fe|K|Mn,1,3,2,1,3,4,4,2,4,1,1
18366,2856,As|Ba|Fe|K|Zn,1,1,0,4,0,4,1,4,4,0,1
18367,2856,As|Ba|Fe|K|Zn,1,1,0,4,0,4,2,1,4,3,2
18368,2856,As|Ba|Fe|K|Zn,1,1,0,4,0,4,2,1,4,4,3
18369,2856,As|Ba|Fe|K|Zn,1,1,0,4,0,4,0,1,0,4,4
18370,661,O|Ru|Sr,2,0,2,3,0,2,0,2,3,0,0
18371,2698,As|Ba|Fe|K,4,0,3,3,3,3,1,3,1,0,3
18372,2698,As|Ba|Fe|K,4,0,3,3,3,3,3,2,3,1,3
18373,2698,As|Ba|Fe|K,4,0,3,3,3,3,1,3,0,1,4
18374,2233,B|C|Ni|Pr|Y,0,2,3,0,1,4,2,2,0,4,2
18375,2233,B|C|Ni|Pr|Y,0,2,3,0,1,4,0,2,4,3,0
18376,2233,B|C|Ni|Pr|Y,0,2,3,0,1,4,1,2,3,4,3
18377,2857,As|Fe|La|O|Y,0,1,2,3,0,1,0,0,1,3,4
18378,2857,As|Fe|La|O|Y,0,1,2,3,0,1,1,3,4,3,1
18379,2857,As|Fe|La|O|Y,0,1,2,3,0,1,4,2,0,3,4
18380,2857,As|Fe|La|O|Y,0,1,2,3,0,1,0,4,0,4,1
18381,2857,As|Fe|La|O|Y,0,1,2,3,0,1,4,0,3,2,1
18382,2697,As|Fe|La|O,4,3,2,1,1,3,0,2,3,3,3
18383,2858,As|Ni|Sr,3,2,3,3,4,2,0,4,1,3,1
18384,2692,As|F|Fe|Nd|O,0,2,2,1,1,1,2,0,0,3,2
18385,1118,Fe|La|O|P,0,1,2,1,3,2,3,3,3,2,1
18386,1119,F|Fe|La|O|P,1,2,3,4,0,2,1,4,0,1,0
18387,2859,Ca|Fe|La|O|P,4,1,1,4,0,1,4,1,0,1,0
18388,2860,Fe|O|P|Sm,1,4,0,1,4,3,2,3,3,3,0
18389,2861,Ga|Ni|Zr,2,2,4,3,2,4,0,0,2,0,4
18390,2862,Ga|Nb|Ni|Zr,2,1,4,4,4,3,0,3,2,3,1
18391,2862,Ga|Nb|Ni|Zr,2,1,4,4,4,3,0,1,2,1,3
18392,2862,Ga|Nb|Ni|Zr,2,1,4,4,4,3,0,2,1,1,3
18393,1357,Al|Nb|Ni,3,1,0,0,2,1,2,0,3,2,3
18394,2138,Ga|Nb|Ni,0,3,3,2,3,1,3,0,1,3,2
18395,2667,Nb|Ni|Sn,0,0,1,3,0,2,3,2,1,2,4
18396,2413,B|Mo|Re,3,3,4,2,2,4,3,0,0,1,0
18397,1503,C|Mo|Re,1,1,1,4,0,1,3,2,1,1,4
18398,125,Ba|Cu|O|Tl,0,1,2,3,4,1,0,0,2,1,1
18399,125,Ba|Cu|O|Tl,0,1,2,3,4,1,4,1,1,4,1
18400,125,Ba|Cu|O|Tl,0,1,2,3,4,1,2,1,4,2,0
18401,2265,B|Lu|Ru,0,1,4,4,3,1,3,0,4,0,2
18402,2264,B|Ru|Y,0,3,2,4,2,4,0,2,2,1,2
18403,2265,B|Lu|Ru,0,1,4,4,3,1,3,1,2,4,2
18404,2863,B|Er|Lu|Ru,3,0,2,4,1,2,1,4,3,2,0
18405,2863,B|Er|Lu|Ru,3,0,2,4,1,2,1,1,2,3,0
18406,2863,B|Er|Lu|Ru,3,0,2,4,1,2,4,3,4,2,1
18407,2863,B|Er|Lu|Ru,3,0,2,4,1,2,2,4,3,0,2
18408,2265,B|Lu|Ru,0,1,4,4,3,1,3,1,0,2,4
18409,2864,B|Lu|Ru|Tm,1,1,0,1,3,1,0,3,3,0,4
18410,2864,B|Lu|Ru|Tm,1,1,0,1,3,1,1,4,0,0,1
18411,2864,B|Lu|Ru|Tm,1,1,0,1,3,1,1,0,0,1,4
18412,2865,B|Gd|Lu|Ru,2,0,2,4,4,1,4,1,4,1,3
18413,2866,B|Lu|Ru|Tb,4,1,3,0,3,4,4,2,4,1,3
18414,2867,B|Dy|Lu|Ru,4,4,2,0,3,0,4,0,0,4,2
18415,2868,B|Ho|Lu|Ru,3,3,2,4,0,2,0,3,2,2,1
18416,2863,B|Er|Lu|Ru,3,0,2,4,1,2,0,0,0,3,1
18417,2864,B|Lu|Ru|Tm,1,1,0,1,3,1,2,4,4,0,3
18418,2865,B|Gd|Lu|Ru,2,0,2,4,4,1,4,0,4,3,2
18419,2867,B|Dy|Lu|Ru,4,4,2,0,3,0,1,4,4,4,0
18420,2868,B|Ho|Lu|Ru,3,3,2,4,0,2,3,1,2,1,1
18421,2863,B|Er|Lu|Ru,3,0,2,4,1,2,1,0,0,2,3
18422,2864,B|Lu|Ru|Tm,1,1,0,1,3,1,3,2,1,0,2
18423,2869,B|Gd|Rh|Y,0,3,1,1,0,4,0,0,1,4,2
18424,2869,B|Gd|Rh|Y,0,3,1,1,0,4,4,4,0,3,1
18425,2257,B|Er|Rh,1,4,4,1,0,2,3,3,1,0,3
18426,2870,B|Er|Gd|Rh,2,3,2,0,2,1,1,2,0,0,2
18427,2870,B|Er|Gd|Rh,2,3,2,0,2,1,0,0,0,4,3
18428,2870,B|Er|Gd|Rh,2,3,2,0,2,1,3,2,4,1,3
18429,2870,B|Er|Gd|Rh,2,3,2,0,2,1,1,1,0,0,4
18430,2870,B|Er|Gd|Rh,2,3,2,0,2,1,4,4,2,2,0
18431,2870,B|Er|Gd|Rh,2,3,2,0,2,1,3,4,0,1,1
18432,2870,B|Er|Gd|Rh,2,3,2,0,2,1,2,2,4,4,2
18433,2870,B|Er|Gd|Rh,2,3,2,0,2,1,0,1,2,2,2
18434,2871,B|Er|Rh|Tm,0,1,2,4,2,4,2,0,4,4,0
18435,2871,B|Er|Rh|Tm,0,1,2,4,2,4,4,0,3,0,3
18436,2258,B|Rh|Tm,4,2,4,4,2,4,1,0,2,1,2
18437,2869,B|Gd|Rh|Y,0,3,1,1,0,4,1,1,2,3,3
18438,2872,B|Er|Rh|Y,0,2,3,2,1,0,1,1,0,3,3
18439,2872,B|Er|Rh|Y,0,2,3,2,1,0,2,4,0,4,4
18440,2872,B|Er|Rh|Y,0,2,3,2,1,0,2,0,3,0,2
18441,2872,B|Er|Rh|Y,0,2,3,2,1,0,2,1,1,1,2
18442,2872,B|Er|Rh|Y,0,2,3,2,1,0,4,2,4,2,1
18443,2872,B|Er|Rh|Y,0,2,3,2,1,0,1,0,4,4,1
18444,2257,B|Er|Rh,1,4,4,1,0,2,2,2,4,2,2
18445,2160,B|Er|Ho|Rh,0,0,0,0,3,0,3,3,0,0,2
18446,2160,B|Er|Ho|Rh,0,0,0,0,3,0,2,3,0,1,0
18447,2160,B|Er|Ho|Rh,0,0,0,0,3,0,1,3,0,3,1
18448,2294,B|Dy|Ir|Rh,4,2,0,2,3,2,1,0,3,1,4
18449,2294,B|Dy|Ir|Rh,4,2,0,2,3,2,1,0,0,4,0
18450,2294,B|Dy|Ir|Rh,4,2,0,2,3,2,0,1,1,1,1
18451,2294,B|Dy|Ir|Rh,4,2,0,2,3,2,3,3,4,4,3
18452,2294,B|Dy|Ir|Rh,4,2,0,2,3,2,0,1,3,4,1
18453,2294,B|Dy|Ir|Rh,4,2,0,2,3,2,0,3,0,1,3
18454,2294,B|Dy|Ir|Rh,4,2,0,2,3,2,2,3,1,4,2
18455,2294,B|Dy|Ir|Rh,4,2,0,2,3,2,0,4,0,4,4
18456,2290,B|Er|Ir|Rh,1,3,1,4,3,4,1,1,4,2,3
18457,2290,B|Er|Ir|Rh,1,3,1,4,3,4,2,3,2,2,0
18458,2290,B|Er|Ir|Rh,1,3,1,4,3,4,3,4,2,0,0
18459,2290,B|Er|Ir|Rh,1,3,1,4,3,4,3,1,4,1,1
18460,2289,B|Ho|Ir|Rh,0,2,2,0,4,4,2,1,3,4,4
18461,2289,B|Ho|Ir|Rh,0,2,2,0,4,4,0,4,1,4,0
18462,2289,B|Ho|Ir|Rh,0,2,2,0,4,4,2,0,0,1,4
18463,2289,B|Ho|Ir|Rh,0,2,2,0,4,4,2,3,2,3,2
18464,2160,B|Er|Ho|Rh,0,0,0,0,3,0,3,1,2,4,1
18465,2160,B|Er|Ho|Rh,0,0,0,0,3,0,4,1,1,4,4
18466,2160,B|Er|Ho|Rh,0,0,0,0,3,0,1,0,4,1,3
18467,2160,B|Er|Ho|Rh,0,0,0,0,3,0,4,1,1,1,0
18468,2873,As|Ba|Fe|Ru,0,0,1,2,0,0,2,1,3,2,2
18469,2873,As|Ba|Fe|Ru,0,0,1,2,0,0,0,4,2,2,4
18470,2873,As|Ba|Fe|Ru,0,0,1,2,0,0,2,4,2,0,0
18471,2819,As|Ba|Fe|P,1,2,2,1,2,3,2,3,1,3,4
18472,2819,As|Ba|Fe|P,1,2,2,1,2,3,1,3,4,3,1
18473,2819,As|Ba|Fe|P,1,2,2,1,2,3,2,1,3,4,0
18474,2819,As|Ba|Fe|P,1,2,2,1,2,3,0,1,0,1,0
18475,2766,As|Ba|Fe|Ni,1,4,0,2,3,1,3,4,0,4,2
18476,2766,As|Ba|Fe|Ni,1,4,0,2,3,1,4,3,4,0,2
18477,2874,Bi|Cu|O|Sr|Y,0,1,3,0,0,2,2,2,4,3,4
18478,2261,B|Er|Ir,3,4,4,2,0,2,1,0,4,1,3
18479,2262,B|Ir|Tm,2,0,3,2,3,3,2,2,1,1,3
18480,2260,B|Ho|Ir,3,4,4,2,4,0,3,2,0,2,0
18481,2689,As|F|Fe|O|Sm,3,3,1,1,0,0,4,3,2,4,2
18482,2875,As|F|Fe|O|Ru|Sm,1,0,2,0,3,0,3,0,0,3,0
18483,2875,As|F|Fe|O|Ru|Sm,1,0,2,0,3,0,2,0,1,0,2
18484,2875,As|F|Fe|O|Ru|Sm,1,0,2,0,3,0,0,4,0,3,2
18485,2875,As|F|Fe|O|Ru|Sm,1,0,2,0,3,0,1,1,1,3,0
18486,2875,As|F|Fe|O|Ru|Sm,1,0,2,0,3,0,2,1,3,3,1
18487,2175,B|Mg|Mn,1,3,2,3,0,3,1,0,4,3,2
18488,2175,B|Mg|Mn,1,3,2,3,0,3,2,4,4,2,2
18489,2175,B|Mg|Mn,1,3,2,3,0,3,0,0,0,3,1
18490,2175,B|Mg|Mn,1,3,2,3,0,3,2,0,1,0,3
18491,2831,Fe|S|Te,1,3,3,4,0,2,4,1,4,3,4
18492,2735,Fe|Se,2,0,2,1,2,4,0,1,3,4,4
18493,2831,Fe|S|Te,1,3,3,4,0,2,4,4,1,3,4
18494,2831,Fe|S|Te,1,3,3,4,0,2,1,4,3,2,0
18495,1302,B|C|Dy|Ni,0,2,3,0,4,0,1,1,1,4,0
18496,2876,B|C|Dy|Ni|Tm,3,1,2,4,4,3,3,1,2,4,2
18497,2876,B|C|Dy|Ni|Tm,3,1,2,4,4,3,0,2,0,3,4
18498,2876,B|C|Dy|Ni|Tm,3,1,2,4,4,3,2,1,0,0,3
18499,2876,B|C|Dy|Ni|Tm,3,1,2,4,4,3,0,3,0,2,0
18500,2876,B|C|Dy|Ni|Tm,3,1,2,4,4,3,4,1,2,0,3
18501,2876,B|C|Dy|Ni|Tm,3,1,2,4,4,3,4,3,3,2,2
18502,2061,B|C|Ni|Tm,2,3,3,3,4,1,1,4,0,2,4
18503,1196,Cu|Se|Ti,2,1,0,1,0,3,1,3,2,4,0
18504,1196,Cu|Se|Ti,2,1,0,1,0,3,4,3,1,3,2
18505,1196,Cu|Se|Ti,2,1,0,1,0,3,3,1,0,1,3
18506,1196,Cu|Se|Ti,2,1,0,1,0,3,1,1,1,4,0
18507,2716,As|Fe|Li,3,0,4,1,4,4,4,1,1,2,2
18508,2698,As|Ba|Fe|K,4,0,3,3,3,3,1,0,1,0,4
18509,1812,Nb|Te,4,3,2,1,4,0,3,0,3,4,2
18510,1023,Zr,2,0,3,2,4,2,4,2,3,1,2
18511,1654,Hf|Rh,1,0,2,2,2,0,4,1,4,1,0
18512,1654,Hf|Rh,1,0,2,2,2,0,1,0,2,2,3
18513,2339,Rh,4,4,3,3,1,1,2,2,1,4,0
18514,1138,Nb|S,4,1,0,4,4,4,4,2,1,4,1
18515,1000,Nb|Se,0,2,1,4,0,2,0,4,2,3,0
18516,1812,Nb|Te,4,3,2,1,4,0,1,0,3,2,4
18517,1231,Rh|Zr,3,0,2,0,0,2,3,2,4,3,0
18518,1715,Ir|Zr,4,1,4,1,4,1,0,4,4,3,2
18519,2731,As|Ba|Fe,1,3,0,4,3,0,3,1,1,1,0
18520,2736,Fe|Se|Te,3,3,3,2,2,4,4,1,0,0,1
18521,2698,As|Ba|Fe|K,4,0,3,3,3,3,0,4,4,1,1
18522,2698,As|Ba|Fe|K,4,0,3,3,3,3,0,2,2,0,2
18523,2698,As|Ba|Fe|K,4,0,3,3,3,3,1,0,2,3,2
18524,2698,As|Ba|Fe|K,4,0,3,3,3,3,0,3,1,0,2
18525,2720,As|Ba|Co|Fe,1,3,3,0,1,0,4,4,1,2,3
18526,2720,As|Ba|Co|Fe,1,3,3,0,1,0,3,0,4,4,1
18527,2720,As|Ba|Co|Fe,1,3,3,0,1,0,3,2,3,0,4
18528,2737,As|Ca|Co|Fe,4,3,4,4,3,4,2,2,4,0,0
18529,2737,As|Ca|Co|Fe,4,3,4,4,3,4,0,1,0,2,0
18530,2737,As|Ca|Co|Fe,4,3,4,4,3,4,4,1,0,2,1
18531,2737,As|Ca|Co|Fe,4,3,4,4,3,4,2,2,2,4,0
18532,2877,Pb|Se|Ti,0,3,4,1,3,3,2,4,4,4,1
18533,2807,Nb|Pb|Se,4,4,0,4,0,2,3,4,2,0,0
18534,2878,Bi|Nb|Se,4,2,3,0,1,0,3,4,2,3,1
18535,2879,Bi|Nb|S,4,0,0,4,2,0,2,0,3,1,1
18536,2880,La|Nb|Se,1,4,4,0,0,2,2,4,0,2,0
18537,2880,La|Nb|Se,1,4,4,0,0,2,1,4,2,1,4
18538,241,C|Cs,0,2,1,0,4,2,3,2,0,2,2
18539,241,C|Cs,0,2,1,0,4,2,4,3,3,0,0
18540,2873,As|Ba|Fe|Ru,0,0,1,2,0,0,4,3,0,3,2
18541,2873,As|Ba|Fe|Ru,0,0,1,2,0,0,0,1,3,3,4
18542,2873,As|Ba|Fe|Ru,0,0,1,2,0,0,2,1,4,1,3
18543,2873,As|Ba|Fe|Ru,0,0,1,2,0,0,3,3,4,3,3
18544,2873,As|Ba|Fe|Ru,0,0,1,2,0,0,0,3,0,4,3
18545,74,Ce|Cu|Nd|O,3,3,3,3,3,1,0,1,2,1,0
18546,2881,Ir|Rh|S,0,3,4,1,3,2,2,2,2,0,1
18547,2881,Ir|Rh|S,0,3,4,1,3,2,0,1,4,3,0
18548,1019,C,3,3,4,3,4,0,1,1,1,4,1
18549,1019,C,3,3,4,3,4,0,2,1,0,0,4
18550,1019,C,3,3,4,3,4,0,4,1,2,2,3
18551,1117,Al|C|Mo,2,2,1,4,0,2,1,1,1,2,4
18552,1117,Al|C|Mo,2,2,1,4,0,2,0,4,2,3,2
18553,2720,As|Ba|Co|Fe,1,3,3,0,1,0,4,3,4,0,3
18554,2720,As|Ba|Co|Fe,1,3,3,0,1,0,0,4,4,2,4
18555,2720,As|Ba|Co|Fe,1,3,3,0,1,0,3,4,3,1,3
18556,2720,As|Ba|Co|Fe,1,3,3,0,1,0,0,4,4,3,2
18557,2720,As|Ba|Co|Fe,1,3,3,0,1,0,0,1,2,0,0
18558,2720,As|Ba|Co|Fe,1,3,3,0,1,0,4,3,4,0,0
18559,2720,As|Ba|Co|Fe,1,3,3,0,1,0,2,3,1,0,2
18560,2720,As|Ba|Co|Fe,1,3,3,0,1,0,3,0,3,1,0
18561,2720,As|Ba|Co|Fe,1,3,3,0,1,0,1,3,2,4,2
18562,2720,As|Ba|Co|Fe,1,3,3,0,1,0,0,3,0,0,0
18563,2720,As|Ba|Co|Fe,1,3,3,0,1,0,2,3,3,4,4
18564,2720,As|Ba|Co|Fe,1,3,3,0,1,0,3,0,2,1,0
18565,2720,As|Ba|Co|Fe,1,3,3,0,1,0,4,1,4,2,2
18566,2697,As|Fe|La|O,4,3,2,1,1,3,0,1,3,4,0
18567,2882,As|Fe|La|O|Zn,1,3,2,2,4,0,3,3,1,4,4
18568,2882,As|Fe|La|O|Zn,1,3,2,2,4,0,3,2,3,1,4
18569,2882,As|Fe|La|O|Zn,1,3,2,2,4,0,1,1,2,4,0
18570,2882,As|Fe|La|O|Zn,1,3,2,2,4,0,1,2,1,0,4
18571,2873,As|Ba|Fe|Ru,0,0,1,2,0,0,0,1,1,4,1
18572,2873,As|Ba|Fe|Ru,0,0,1,2,0,0,3,4,4,1,1
18573,2873,As|Ba|Fe|Ru,0,0,1,2,0,0,2,1,1,1,1
18574,2873,As|Ba|Fe|Ru,0,0,1,2,0,0,0,0,0,0,4
18575,2873,As|Ba|Fe|Ru,0,0,1,2,0,0,4,4,1,4,4
18576,1150,Cl|Li|N|Zr,2,2,4,2,2,4,0,1,2,4,4
18577,1150,Cl|Li|N|Zr,2,2,4,2,2,4,2,2,3,0,4
18578,2766,As|Ba|Fe|Ni,1,4,0,2,3,1,3,0,3,3,0
18579,2766,As|Ba|Fe|Ni,1,4,0,2,3,1,0,1,1,1,0
18580,2766,As|Ba|Fe|Ni,1,4,0,2,3,1,0,2,4,4,2
18581,2766,As|Ba|Fe|Ni,1,4,0,2,3,1,4,1,4,1,0
18582,2766,As|Ba|Fe|Ni,1,4,0,2,3,1,4,3,3,0,4
18583,2883,As|Ba|Cu|Fe,2,1,4,2,2,4,4,2,0,2,4
18584,2884,As|Ba|Co|Cu|Fe,4,1,1,4,0,2,3,3,2,0,3
18585,2884,As|Ba|Co|Cu|Fe,4,1,1,4,0,2,2,4,3,3,2
18586,2884,As|Ba|Co|Cu|Fe,4,1,1,4,0,2,4,0,0,2,2
18587,2884,As|Ba|Co|Cu|Fe,4,1,1,4,0,2,0,4,0,4,3
18588,2884,As|Ba|Co|Cu|Fe,4,1,1,4,0,2,2,0,0,0,1
18589,2720,As|Ba|Co|Fe,1,3,3,0,1,0,3,2,1,2,0
18590,2884,As|Ba|Co|Cu|Fe,4,1,1,4,0,2,4,1,2,0,2
18591,2884,As|Ba|Co|Cu|Fe,4,1,1,4,0,2,0,0,3,3,1
18592,2884,As|Ba|Co|Cu|Fe,4,1,1,4,0,2,0,1,3,1,4
18593,1178,B|Ir|Mg,3,3,1,3,4,3,1,2,3,1,2
18594,1178,B|Ir|Mg,3,3,1,3,4,3,2,4,2,4,2
18595,2885,B|Si,3,3,3,0,0,3,1,4,1,4,1
18596,2886,B|C|Si,4,0,1,3,0,3,2,3,1,2,2
18597,2886,B|C|Si,4,0,1,3,0,3,2,0,1,1,0
18598,17,Ba|Cu|O|Sm,4,0,0,3,4,1,2,4,4,4,3
18599,17,Ba|Cu|O|Sm,4,0,0,3,4,1,0,2,2,1,0
18600,17,Ba|Cu|O|Sm,4,0,0,3,4,1,1,2,3,2,4
18601,17,Ba|Cu|O|Sm,4,0,0,3,4,1,1,3,4,3,3
18602,2451,B|C,4,3,2,2,4,4,1,1,2,4,0
18603,2887,B|I,2,1,1,2,4,4,0,4,3,4,4
18604,1178,B|Ir|Mg,3,3,1,3,4,3,2,3,2,3,4
18605,1178,B|Ir|Mg,3,3,1,3,4,3,0,4,2,1,3
18606,2819,As|Ba|Fe|P,1,2,2,1,2,3,4,4,4,4,1
18607,47,Ba|Ca|Cu|O|Tl,3,2,1,1,4,1,3,1,3,0,2
18608,668,Ba|Ca|Cd|Cu|O|Tl,0,0,4,4,2,2,0,2,0,2,4
18609,668,Ba|Ca|Cd|Cu|O|Tl,0,0,4,4,2,2,3,3,3,1,4
18610,668,Ba|Ca|Cd|Cu|O|Tl,0,0,4,4,2,2,4,3,4,0,0
18611,2888,As|Fe|Ir|O|Sm,2,3,1,1,3,0,2,1,0,3,1
18612,2888,As|Fe|Ir|O|Sm,2,3,1,1,3,0,1,2,2,0,2
18613,2888,As|Fe|Ir|O|Sm,2,3,1,1,3,0,0,0,1,3,1
18614,268,Cu|Mo|O|Sr|Y,4,2,1,1,2,0,2,1,0,1,1
18615,642,Ce|Cu|Mo|O|Sr|Y,3,2,2,1,2,3,2,3,0,0,2
18616,642,Ce|Cu|Mo|O|Sr|Y,3,2,2,1,2,3,3,2,4,4,3
18617,642,Ce|Cu|Mo|O|Sr|Y,3,2,2,1,2,3,2,3,0,4,4
18618,760,Ce|Co|In|Sn,1,2,1,4,2,4,2,3,2,1,2
18619,760,Ce|Co|In|Sn,1,2,1,4,2,4,3,1,2,0,0
18620,760,Ce|Co|In|Sn,1,2,1,4,2,4,0,1,1,4,3
18621,760,Ce|Co|In|Sn,1,2,1,4,2,4,0,4,1,0,4
18622,2736,Fe|Se|Te,3,3,3,2,2,4,3,4,0,2,0
18623,2736,Fe|Se|Te,3,3,3,2,2,4,1,3,1,3,2
18624,2736,Fe|Se|Te,3,3,3,2,2,4,0,4,3,4,4
18625,1110,B|Fe|Mg,1,1,4,3,2,0,4,1,1,3,0
18626,1110,B|Fe|Mg,1,1,4,3,2,0,1,0,0,1,3
18627,1110,B|Fe|Mg,1,1,4,3,2,0,4,0,4,1,1
18628,2889,Ba|Ca|Cu|Li|O|Tl,4,4,3,4,0,0,1,4,1,1,2
18629,2890,Ba|Ca|Cu|Li|O|Si|Tl,4,2,1,3,3,4,0,1,3,2,2
18630,2890,Ba|Ca|Cu|Li|O|Si|Tl,4,2,1,3,3,4,0,3,1,1,3
18631,2890,Ba|Ca|Cu|Li|O|Si|Tl,4,2,1,3,3,4,1,2,2,0,2
18632,2891,In|N|Ti,1,3,4,1,3,4,4,0,0,3,2
18633,2698,As|Ba|Fe|K,4,0,3,3,3,3,3,3,2,0,1
18634,2693,As|Fe|O|Sm,3,4,4,0,2,0,0,4,1,0,3
18635,2689,As|F|Fe|O|Sm,3,3,1,1,0,0,4,4,4,2,1
18636,2689,As|F|Fe|O|Sm,3,3,1,1,0,0,3,4,2,2,3
18637,2689,As|F|Fe|O|Sm,3,3,1,1,0,0,4,3,2,1,1
18638,2689,As|F|Fe|O|Sm,3,3,1,1,0,0,1,3,0,3,4
18639,2689,As|F|Fe|O|Sm,3,3,1,1,0,0,0,3,3,2,1
18640,2844,As|F|La|Ni|O,1,0,3,1,0,0,1,2,0,1,4
18641,2892,As|Fe|Gd|Ir|O,2,0,1,0,4,4,3,0,2,3,3
18642,2892,As|Fe|Gd|Ir|O,2,0,1,0,4,4,4,4,3,3,4
18643,1102,C|Ca,3,3,2,0,2,4,0,4,3,3,1
18644,1827,O|Sn,0,0,2,2,3,0,0,1,0,2,1
18645,1251,Rh|Sn|Y,4,4,4,3,2,4,2,0,0,3,3
18646,1254,Lu|Rh|Sn,4,1,4,0,4,4,3,2,1,1,4
18647,1250,Rh|Sc|Sn,1,4,3,2,3,2,4,1,0,3,0
18648,2765,As|Fe|O|Sr|V,4,2,0,1,3,0,1,0,3,2,2
18649,2731,As|Ba|Fe,1,3,0,4,3,0,2,1,0,3,1
18650,1019,C,3,3,4,3,4,0,0,1,4,0,0
18651,2893,As|Fe|Pt|Sr,2,4,3,3,2,4,3,0,0,3,0
18652,2894,As|Fe|Rb,3,2,1,2,1,0,0,2,2,1,0
18653,2895,As|Ba|Co|Fe|K,2,4,4,1,2,4,4,4,3,3,3
18654,2895,As|Ba|Co|Fe|K,2,4,4,1,2,4,2,0,1,3,3
18655,2895,As|Ba|Co|Fe|K,2,4,4,1,2,4,1,1,4,4,3
18656,2895,As|Ba|Co|Fe|K,2,4,4,1,2,4,1,4,4,1,3
18657,2895,As|Ba|Co|Fe|K,2,4,4,1,2,4,3,3,1,0,3
18658,2895,As|Ba|Co|Fe|K,2,4,4,1,2,4,1,0,3,0,2
18659,2895,As|Ba|Co|Fe|K,2,4,4,1,2,4,4,3,4,0,1
18660,2895,As|Ba|Co|Fe|K,2,4,4,1,2,4,0,0,4,0,4
18661,2895,As|Ba|Co|Fe|K,2,4,4,1,2,4,0,4,1,3,0
18662,2895,As|Ba|Co|Fe|K,2,4,4,1,2,4,0,4,3,4,0
18663,2895,As|Ba|Co|Fe|K,2,4,4,1,2,4,1,0,1,3,0
18664,2896,Ni|Se|Ta,3,2,1,1,0,3,4,4,2,4,4
18665,609,Cu|Nd|O,1,1,4,4,2,1,1,1,4,1,4
18666,609,Cu|Nd|O,1,1,4,4,2,1,2,0,2,3,1
18667,609,Cu|Nd|O,1,1,4,4,2,1,2,0,3,1,4
18668,609,Cu|Nd|O,1,1,4,4,2,1,2,2,3,4,2
18669,609,Cu|Nd|O,1,1,4,4,2,1,1,1,2,3,4
18670,2897,Cu|La|O|Sm,0,4,4,2,2,2,4,3,4,0,0
18671,2897,Cu|La|O|Sm,0,4,4,2,2,2,0,3,4,1,4
18672,222,Ba|Cu|O,0,3,4,4,1,0,0,1,3,4,0
18673,222,Ba|Cu|O,0,3,4,4,1,0,2,2,1,1,3
18674,23,Cu|Fe|La|O|Sr,2,0,1,0,2,4,1,2,0,4,1
18675,23,Cu|Fe|La|O|Sr,2,0,1,0,2,4,0,0,4,1,2
18676,23,Cu|Fe|La|O|Sr,2,0,1,0,2,4,4,3,4,0,2
18677,23,Cu|Fe|La|O|Sr,2,0,1,0,2,4,0,2,2,4,0
18678,23,Cu|Fe|La|O|Sr,2,0,1,0,2,4,3,1,3,4,2
18679,23,Cu|Fe|La|O|Sr,2,0,1,0,2,4,3,3,3,0,2
18680,23,Cu|Fe|La|O|Sr,2,0,1,0,2,4,1,0,1,2,0
18681,23,Cu|Fe|La|O|Sr,2,0,1,0,2,4,4,4,1,0,1
18682,24,Co|Cu|La|O|Sr,2,4,2,4,3,1,3,3,4,2,1
18683,24,Co|Cu|La|O|Sr,2,4,2,4,3,1,4,4,3,0,4
18684,24,Co|Cu|La|O|Sr,2,4,2,4,3,1,0,0,1,2,0
18685,24,Co|Cu|La|O|Sr,2,4,2,4,3,1,3,4,1,0,2
18686,24,Co|Cu|La|O|Sr,2,4,2,4,3,1,4,4,0,4,2
18687,24,Co|Cu|La|O|Sr,2,4,2,4,3,1,1,2,3,1,2
18688,24,Co|Cu|La|O|Sr,2,4,2,4,3,1,4,1,3,3,1
18689,24,Co|Cu|La|O|Sr,2,4,2,4,3,1,2,1,4,2,4
18690,25,Cu|La|Ni|O|Sr,3,4,4,4,0,3,0,1,4,4,4
18691,25,Cu|La|Ni|O|Sr,3,4,4,4,0,3,3,2,3,1,4
18692,25,Cu|La|Ni|O|Sr,3,4,4,4,0,3,3,0,3,0,2
18693,25,Cu|La|Ni|O|Sr,3,4,4,4,0,3,4,2,4,3,3
18694,25,Cu|La|Ni|O|Sr,3,4,4,4,0,3,0,4,0,3,4
18695,25,Cu|La|Ni|O|Sr,3,4,4,4,0,3,3,3,2,2,4
18696,2898,As|Ce|Co|F|Fe|O,2,4,2,2,2,0,0,3,3,0,1
18697,2898,As|Ce|Co|F|Fe|O,2,4,2,2,2,0,0,2,0,4,2
18698,2898,As|Ce|Co|F|Fe|O,2,4,2,2,2,0,1,4,3,1,2
18699,300,Ba|O|Pb|Sb,1,2,3,4,1,3,2,1,2,2,2
18700,300,Ba|O|Pb|Sb,1,2,3,4,1,3,4,2,1,0,1
18701,300,Ba|O|Pb|Sb,1,2,3,4,1,3,4,0,4,3,1
18702,125,Ba|Cu|O|Tl,0,1,2,3,4,1,3,2,3,1,0
18703,1152,Ba|Cu|O|Sr,4,4,2,2,3,1,0,2,1,0,1
18704,1152,Ba|Cu|O|Sr,4,4,2,2,3,1,4,1,2,1,2
18705,1152,Ba|Cu|O|Sr,4,4,2,2,3,1,4,3,2,3,4
18706,2765,As|Fe|O|Sr|V,4,2,0,1,3,0,4,1,0,2,2
18707,2765,As|Fe|O|Sr|V,4,2,0,1,3,0,1,1,1,1,2
18708,2106,La|Rh|Sn,0,0,0,2,2,1,3,4,3,1,2
18709,2583,Ir|La|Sn,3,0,2,3,4,3,2,2,1,0,4
18710,2580,Rh|Sn|Sr,0,0,3,0,4,4,2,0,2,1,4
18711,2582,Ir|Sn|Sr,2,4,1,1,0,1,2,2,2,4,0
18712,2178,Ca|Rh|Sn,3,2,4,3,3,4,3,2,1,4,2
18713,2581,Ca|Ir|Sn,3,1,4,4,0,4,4,4,1,4,2
18714,2720,As|Ba|Co|Fe,1,3,3,0,1,0,1,0,2,0,2
18715,1253,Rh|Sn|Tm,1,4,4,1,1,4,4,2,2,3,0
18716,2899,Rh|Sn|Tm|Y,2,3,1,0,2,4,1,1,0,2,4
18717,2899,Rh|Sn|Tm|Y,2,3,1,0,2,4,0,0,3,0,3
18718,1251,Rh|Sn|Y,4,4,4,3,2,4,2,0,0,2,0
18719,2900,Co|Rh|Sn|Tm,1,2,2,1,0,1,3,4,0,4,4
18720,2900,Co|Rh|Sn|Tm,1,2,2,1,0,1,4,3,1,1,1
18721,2900,Co|Rh|Sn|Tm,1,2,2,1,0,1,4,3,4,4,1
18722,2901,Fe|K|Se,4,0,4,2,2,4,3,1,3,1,0
18723,2736,Fe|Se|Te,3,3,3,2,2,4,1,3,1,3,3
18724,2736,Fe|Se|Te,3,3,3,2,2,4,1,1,4,3,4
18725,2736,Fe|Se|Te,3,3,3,2,2,4,4,2,1,1,4
18726,2693,As|Fe|O|Sm,3,4,4,0,2,0,3,1,1,0,0
18727,2817,As|Co|Fe|O|Pr,3,0,4,4,0,4,2,2,2,0,3
18728,2657,Cd|Ce|Co|In,0,0,2,0,2,1,4,2,0,1,2
18729,2657,Cd|Ce|Co|In,0,0,2,0,2,1,0,4,4,1,2
18730,760,Ce|Co|In|Sn,1,2,1,4,2,4,3,1,1,3,3
18731,2902,As|Fe|La|Sr,4,1,2,1,0,3,0,0,2,4,3
18732,761,B|C|Ni|Y,0,3,0,0,3,2,0,3,1,2,0
18733,2332,B|C|Gd|Ni|Y,4,0,3,2,1,4,4,1,2,0,3
18734,2332,B|C|Gd|Ni|Y,4,0,3,2,1,4,3,2,0,0,4
18735,2332,B|C|Gd|Ni|Y,4,0,3,2,1,4,3,0,0,4,0
18736,2332,B|C|Gd|Ni|Y,4,0,3,2,1,4,2,1,3,1,1
18737,1021,B|C|Lu|Ni,0,0,0,1,3,1,0,1,3,4,1
18738,2367,B|C|Gd|Lu|Ni,0,3,0,3,0,2,1,3,3,4,1
18739,2367,B|C|Gd|Lu|Ni,0,3,0,3,0,2,1,0,0,0,0
18740,2367,B|C|Gd|Lu|Ni,0,3,0,3,0,2,3,1,3,1,2
18741,2735,Fe|Se,2,0,2,1,2,4,3,3,4,4,2
18742,2693,As|Fe|O|Sm,3,4,4,0,2,0,2,1,0,2,4
18743,2903,As|Fe|H|O|Sm,1,4,3,4,0,3,0,0,0,4,4
18744,2903,As|Fe|H|O|Sm,1,4,3,4,0,3,3,2,3,0,1
18745,2693,As|Fe|O|Sm,3,4,4,0,2,0,2,3,1,0,2
18746,2720,As|Ba|Co|Fe,1,3,3,0,1,0,4,2,0,3,3
18747,2720,As|Ba|Co|Fe,1,3,3,0,1,0,2,2,4,0,0
18748,2720,As|Ba|Co|Fe,1,3,3,0,1,0,0,0,0,1,4
18749,2904,As|Fe|H|La|O,1,1,1,1,3,4,3,0,3,2,1
18750,2905,As|Ce|Fe|H|O,1,1,1,4,2,3,2,3,1,4,0
18751,2906,As|Fe|H|O|Pr,0,2,3,1,2,3,2,3,2,3,3
18752,2746,As|Dy|Fe|O,3,3,2,0,2,2,2,4,4,1,0
18753,2746,As|Dy|Fe|O,3,3,2,0,2,2,2,0,4,4,4
18754,2907,Al|As|Ca|Fe|O|Ti,4,2,3,1,2,1,1,3,1,3,3
18755,2907,Al|As|Ca|Fe|O|Ti,4,2,3,1,2,1,4,4,0,0,3
18756,2907,Al|As|Ca|Fe|O|Ti,4,2,3,1,2,1,3,3,3,2,3
18757,2908,As|Ca|Fe|O|Sc|Ti,1,1,1,3,1,2,2,3,2,1,3
18758,2908,As|Ca|Fe|O|Sc|Ti,1,1,1,3,1,2,2,2,0,3,2
18759,2908,As|Ca|Fe|O|Sc|Ti,1,1,1,3,1,2,3,1,0,3,3
18760,2679,As|F|Fe|La|O,2,4,1,2,3,1,3,0,1,2,1
18761,268,Cu|Mo|O|Sr|Y,4,2,1,1,2,0,4,3,1,1,1
18762,2909,Cu|Mo|O|Sn|Sr|Y,0,0,4,1,0,1,0,0,3,4,1
18763,2344,B,2,4,3,3,1,1,2,0,4,1,1
18764,2894,As|Fe|Rb,3,2,1,2,1,0,0,4,3,4,3
18765,2108,Fe|Si|Y,3,0,3,1,4,4,2,0,0,3,3
18766,26,Cu|La|O|Sr|Zn,4,4,3,4,1,2,1,3,0,0,2
18767,26,Cu|La|O|Sr|Zn,4,4,3,4,1,2,4,4,0,1,4
18768,26,Cu|La|O|Sr|Zn,4,4,3,4,1,2,2,4,4,1,4
18769,26,Cu|La|O|Sr|Zn,4,4,3,4,1,2,0,3,4,4,0
18770,2,Cu|La|O|Sr,1,2,3,2,2,0,4,0,4,2,4
18771,25,Cu|La|Ni|O|Sr,3,4,4,4,0,3,0,3,2,2,1
18772,25,Cu|La|Ni|O|Sr,3,4,4,4,0,3,2,1,2,0,2
18773,25,Cu|La|Ni|O|Sr,3,4,4,4,0,3,4,2,2,3,2
18774,1265,Nb,2,3,0,0,4,2,3,3,4,2,0
18775,1265,Nb,2,3,0,0,4,2,4,3,4,4,3
18776,1265,Nb,2,3,0,0,4,2,4,1,0,2,4
18777,1265,Nb,2,3,0,0,4,2,2,3,3,0,0
18778,1265,Nb,2,3,0,0,4,2,3,2,1,0,2
18779,1265,Nb,2,3,0,0,4,2,0,4,3,1,1
18780,2821,As|Fe|Ni|Sr,4,1,0,1,0,3,0,4,0,0,3
18781,2910,As|Ir|Sr,2,0,2,0,4,2,3,0,1,4,3
18782,1001,Ce|Rh|Si,0,2,1,4,2,3,0,2,0,4,2
18783,2692,As|F|Fe|Nd|O,0,2,2,1,1,1,1,1,4,0,4
18784,2911,As|F|Fe|Nd|O|Ru,1,3,0,0,3,1,1,1,3,0,2
18785,2911,As|F|Fe|Nd|O|Ru,1,3,0,0,3,1,3,2,0,1,2
18786,2911,As|F|Fe|Nd|O|Ru,1,3,0,0,3,1,2,0,0,3,0
18787,2911,As|F|Fe|Nd|O|Ru,1,3,0,0,3,1,4,4,3,1,0
18788,2912,Al|Pd|Y,2,1,0,1,0,2,2,1,1,1,1
18789,2913,B|Li|Rh,3,1,4,4,0,4,1,3,2,3,0
18790,2913,B|Li|Rh,3,1,4,4,0,4,4,0,4,2,3
18791,2914,Al|Ge|Y,3,3,1,3,1,2,3,1,4,3,1
18792,2831,Fe|S|Te,1,3,3,4,0,2,1,2,2,2,4
18793,2247,Mo|Se|Tl,4,4,4,1,1,4,0,4,4,0,2
18794,2510,In|Mo|Se,1,0,1,2,1,3,1,0,3,0,0
18795,2247,Mo|Se|Tl,4,4,4,1,1,4,2,1,3,0,2
18796,2915,As|Ca|Eu|Fe,0,1,2,4,1,1,2,0,3,1,1
18797,2916,Al|La|Pd,1,4,0,4,0,3,4,3,4,2,4
18798,2852,As|Co|Eu|Fe,4,4,3,4,0,3,1,1,2,4,4
18799,2917,As|Co|Eu|Fe|Sr,3,2,3,1,0,1,2,4,4,0,1
18800,2917,As|Co|Eu|Fe|Sr,3,2,3,1,0,1,1,4,1,0,2
18801,2679,As|F|Fe|La|O,2,4,1,2,3,1,0,1,1,4,2
18802,2918,As|F|Fe|La|O|Ru,3,3,2,2,2,4,4,4,2,1,4
18803,2918,As|F|Fe|La|O|Ru,3,3,2,2,2,4,2,0,3,1,3
18804,2918,As|F|Fe|La|O|Ru,3,3,2,2,2,4,4,3,3,4,2
18805,2918,As|F|Fe|La|O|Ru,3,3,2,2,2,4,2,1,2,3,0
18806,2918,As|F|Fe|La|O|Ru,3,3,2,2,2,4,4,0,4,0,2
18807,2679,As|F|Fe|La|O,2,4,1,2,3,1,1,1,1,1,4
18808,2679,As|F|Fe|La|O,2,4,1,2,3,1,3,3,4,3,2
18809,2679,As|F|Fe|La|O,2,4,1,2,3,1,0,2,0,0,3
18810,2679,As|F|Fe|La|O,2,4,1,2,3,1,1,0,2,3,4
18811,2679,As|F|Fe|La|O,2,4,1,2,3,1,1,3,2,0,0
18812,2656,Nd|Os|Pr|Sb,1,0,1,3,3,3,0,4,3,2,0
18813,2656,Nd|Os|Pr|Sb,1,0,1,3,3,3,3,1,4,0,4
18814,2656,Nd|Os|Pr|Sb,1,0,1,3,3,3,4,4,3,4,0
18815,2656,Nd|Os|Pr|Sb,1,0,1,3,3,3,1,1,1,3,4
18816,2656,Nd|Os|Pr|Sb,1,0,1,3,3,3,0,4,4,4,4
18817,2656,Nd|Os|Pr|Sb,1,0,1,3,3,3,3,3,3,3,4
18818,2919,Ca|Ir|Si,1,0,4,2,3,2,2,4,1,4,3
18819,2805,Ca|Pt|Si,2,0,2,0,4,0,4,1,2,3,4
18820,2817,As|Co|Fe|O|Pr,3,0,4,4,0,4,3,4,2,4,4
18821,2817,As|Co|Fe|O|Pr,3,0,4,4,0,4,4,0,4,3,1
18822,2817,As|Co|Fe|O|Pr,3,0,4,4,0,4,2,3,1,0,1
18823,2817,As|Co|Fe|O|Pr,3,0,4,4,0,4,4,0,2,2,2
18824,2756,As|Fe|O|Pr|Sr,2,2,1,0,0,1,3,2,1,1,1
18825,2920,As|Co|Fe|O|Pr|Sr,3,0,3,0,4,0,1,3,3,2,4
18826,2920,As|Co|Fe|O|Pr|Sr,3,0,3,0,4,0,0,2,4,4,1
18827,2920,As|Co|Fe|O|Pr|Sr,3,0,3,0,4,0,3,0,0,1,1
18828,2920,As|Co|Fe|O|Pr|Sr,3,0,3,0,4,0,2,2,0,3,3
18829,2920,As|Co|Fe|O|Pr|Sr,3,0,3,0,4,0,1,2,1,4,4
18830,2920,As|Co|Fe|O|Pr|Sr,3,0,3,0,4,0,2,2,2,1,3
18831,2736,Fe|Se|Te,3,3,3,2,2,4,3,2,1,1,3
18832,1774,Mo|S|Sn,3,0,4,4,0,3,2,0,3,0,3
18833,1760,Mo|Pb|S,4,0,2,0,3,4,0,4,3,3,3
18834,2921,Hg|O|Re,3,2,0,1,4,2,3,2,3,4,3
18835,1196,Cu|Se|Ti,2,1,0,1,0,3,0,0,2,4,0
18836,1581,Cs|O|W,3,0,4,0,3,1,2,1,0,4,0
18837,1581,Cs|O|W,3,0,4,0,3,1,2,4,0,1,3
18838,1581,Cs|O|W,3,0,4,0,3,1,2,4,4,2,0
18839,948,O|Rb|W,1,3,2,0,2,0,0,2,0,0,4
18840,948,O|Rb|W,1,3,2,0,2,0,0,4,4,2,2
18841,948,O|Rb|W,1,3,2,0,2,0,1,2,0,3,1
18842,948,O|Rb|W,1,3,2,0,2,0,4,2,1,2,2
18843,1196,Cu|Se|Ti,2,1,0,1,0,3,3,2,3,1,1
18844,2922,As|F|Fe|La|Mn|O,1,2,0,3,0,2,3,4,0,0,1
18845,2679,As|F|Fe|La|O,2,4,1,2,3,1,4,0,0,2,3
18846,2724,As|Co|F|Fe|La|O,4,3,0,1,2,0,1,4,0,0,2
18847,2724,As|Co|F|Fe|La|O,4,3,0,1,2,0,4,3,2,3,1
18848,2923,As|F|Fe|Mn|Nd|O,3,2,3,2,4,1,0,4,0,0,0
18849,2923,As|F|Fe|Mn|Nd|O,3,2,3,2,4,1,0,3,4,3,3
18850,2923,As|F|Fe|Mn|Nd|O,3,2,3,2,4,1,3,4,1,2,3
18851,2924,As|Co|F|Fe|Nd|O,4,4,3,1,0,4,4,2,1,2,2
18852,2924,As|Co|F|Fe|Nd|O,4,4,3,1,0,4,3,4,4,0,0
18853,2924,As|Co|F|Fe|Nd|O,4,4,3,1,0,4,4,3,3,1,4
18854,2925,As|Ca|Fe|Mg|O|Ti,0,3,2,1,2,1,1,4,0,1,1
18855,2925,As|Ca|Fe|Mg|O|Ti,0,3,2,1,2,1,2,4,2,0,2
18856,2926,Ni|O|P|Sc|Sr,0,2,3,0,1,4,3,0,4,0,2
18857,2927,As|Ni|O|Sc|Sr,4,2,1,0,3,4,3,0,0,4,4
18858,2928,As|Fe|Mg|O|Sr|Ti,4,2,1,2,2,1,4,3,4,4,0
18859,2928,As|Fe|Mg|O|Sr|Ti,4,2,1,2,2,1,1,3,1,3,1
18860,2928,As|Fe|Mg|O|Sr|Ti,4,2,1,2,2,1,2,4,1,1,3
18861,2928,As|Fe|Mg|O|Sr|Ti,4,2,1,2,2,1,3,3,1,0,0
18862,2928,As|Fe|Mg|O|Sr|Ti,4,2,1,2,2,1,2,2,1,0,1
18863,2929,As|Co|Fe|Mg|O|Sr|Ti,2,4,3,3,2,4,4,3,1,0,1
18864,2929,As|Co|Fe|Mg|O|Sr|Ti,2,4,3,3,2,4,0,2,0,1,4
18865,2929,As|Co|Fe|Mg|O|Sr|Ti,2,4,3,3,2,4,4,2,1,3,0
18866,2764,Fe|O|P|Sc|Sr,1,2,2,2,3,1,4,1,2,2,0
18867,2825,Bi|Cu|Se,2,4,2,4,3,1,4,1,1,0,1
18868,2930,Ga|Si|Yb,3,4,0,3,1,1,3,4,1,0,1
18869,2931,Bi|Cu|O|S,3,0,2,0,3,0,0,4,4,2,1
18870,2762,As|Eu|Fe|P,1,3,2,1,0,4,2,4,1,0,3
18871,2762,As|Eu|Fe|P,1,3,2,1,0,4,3,0,0,2,1
18872,2762,As|Eu|Fe|P,1,3,2,1,0,4,1,0,0,0,2
18873,2762,As|Eu|Fe|P,1,3,2,1,0,4,4,1,0,4,1
18874,120,Bi|Cu|La|O|Sr,1,3,1,3,0,0,3,3,0,0,4
18875,120,Bi|Cu|La|O|Sr,1,3,1,3,0,0,0,3,3,3,3
18876,2932,Fe|Rb|Se,2,0,0,1,2,0,0,2,3,1,4
18877,2901,Fe|K|Se,4,0,4,2,2,4,3,0,3,3,3
18878,2933,Cs|Fe|Se,3,1,1,0,3,1,4,4,4,2,2
18879,2901,Fe|K|Se,4,0,4,2,2,4,0,3,2,3,4
18880,2901,Fe|K|Se,4,0,4,2,2,4,4,4,0,2,1
18881,2933,Cs|Fe|Se,3,1,1,0,3,1,2,2,2,4,2
18882,2762,As|Eu|Fe|P,1,3,2,1,0,4,1,3,0,0,1
18883,2689,As|F|Fe|O|Sm,3,3,1,1,0,0,3,0,1,4,0
18884,2737,As|Ca|Co|Fe,4,3,4,4,3,4,0,2,2,4,4
18885,2737,As|Ca|Co|Fe,4,3,4,4,3,4,3,2,0,3,1
18886,2737,As|Ca|Co|Fe,4,3,4,4,3,4,4,2,4,4,0
18887,2737,As|Ca|Co|Fe,4,3,4,4,3,4,1,4,3,3,4
18888,2173,La|Rh|Si,2,4,0,2,2,0,4,4,3,2,3
18889,2716,As|Fe|Li,3,0,4,1,4,4,4,2,2,4,4
18890,2705,As|Eu|Fe,3,2,4,1,2,4,0,1,4,0,0
18891,2934,Ge|Pd|Sr,1,4,1,4,0,1,3,4,0,3,2
18892,2934,Ge|Pd|Sr,1,4,1,4,0,1,4,4,2,3,3
18893,2755,As|Ba|Ni,0,0,0,0,2,2,0,4,0,1,3
18894,2737,As|Ca|Co|Fe,4,3,4,4,3,4,1,2,0,2,1
18895,2737,As|Ca|Co|Fe,4,3,4,4,3,4,0,3,1,4,1
18896,2737,As|Ca|Co|Fe,4,3,4,4,3,4,4,1,1,2,4
18897,2737,As|Ca|Co|Fe,4,3,4,4,3,4,3,1,3,3,1
18898,2737,As|Ca|Co|Fe,4,3,4,4,3,4,2,1,4,4,4
18899,2737,As|Ca|Co|Fe,4,3,4,4,3,4,0,0,3,2,1
18900,2737,As|Ca|Co|Fe,4,3,4,4,3,4,3,4,2,3,2
18901,2737,As|Ca|Co|Fe,4,3,4,4,3,4,2,1,1,0,2
18902,2737,As|Ca|Co|Fe,4,3,4,4,3,4,2,4,1,3,2
18903,2704,As|Co|Fe|Sr,1,3,3,0,1,3,3,2,4,3,2
18904,2704,As|Co|Fe|Sr,1,3,3,0,1,3,3,3,4,2,2
18905,2704,As|Co|Fe|Sr,1,3,3,0,1,3,2,4,4,1,3
18906,2704,As|Co|Fe|Sr,1,3,3,0,1,3,4,3,3,1,2
18907,2704,As|Co|Fe|Sr,1,3,3,0,1,3,0,3,2,4,1
18908,2704,As|Co|Fe|Sr,1,3,3,0,1,3,0,0,4,4,3
18909,2704,As|Co|Fe|Sr,1,3,3,0,1,3,2,0,1,2,3
18910,2704,As|Co|Fe|Sr,1,3,3,0,1,3,2,4,1,3,1
18911,2704,As|Co|Fe|Sr,1,3,3,0,1,3,3,3,1,0,0
18912,2704,As|Co|Fe|Sr,1,3,3,0,1,3,3,4,4,4,2
18913,2704,As|Co|Fe|Sr,1,3,3,0,1,3,3,4,4,0,1
18914,2917,As|Co|Eu|Fe|Sr,3,2,3,1,0,1,2,1,0,1,4
18915,2917,As|Co|Eu|Fe|Sr,3,2,3,1,0,1,1,0,0,0,0
18916,2917,As|Co|Eu|Fe|Sr,3,2,3,1,0,1,3,3,4,3,2
18917,2917,As|Co|Eu|Fe|Sr,3,2,3,1,0,1,0,0,2,0,4
18918,2917,As|Co|Eu|Fe|Sr,3,2,3,1,0,1,4,0,4,3,1
18919,2917,As|Co|Eu|Fe|Sr,3,2,3,1,0,1,2,0,0,0,2
18920,2917,As|Co|Eu|Fe|Sr,3,2,3,1,0,1,0,2,2,2,2
18921,2917,As|Co|Eu|Fe|Sr,3,2,3,1,0,1,3,1,0,3,2
18922,2917,As|Co|Eu|Fe|Sr,3,2,3,1,0,1,0,4,1,0,1
18923,2917,As|Co|Eu|Fe|Sr,3,2,3,1,0,1,3,0,2,3,0
18924,2852,As|Co|Eu|Fe,4,4,3,4,0,3,2,1,0,1,2
18925,2901,Fe|K|Se,4,0,4,2,2,4,3,0,3,4,2
18926,2935,Fe|K|Se|Tl,1,0,0,0,4,1,1,4,4,4,0
18927,2901,Fe|K|Se,4,0,4,2,2,4,2,1,4,4,4
18928,2930,Ga|Si|Yb,3,4,0,3,1,1,2,2,1,3,1
18929,1021,B|C|Lu|Ni,0,0,0,1,3,1,0,3,4,3,1
18930,2936,As|Pt|Sr,3,3,3,3,3,2,4,4,3,2,3
18931,1790,Nb|Re,2,1,0,4,1,2,4,0,3,0,2
18932,2901,Fe|K|Se,4,0,4,2,2,4,1,0,3,2,4
18933,759,Ce|Co|In,3,3,3,2,1,0,2,3,4,1,2
18934,1283,Bi|Te,4,1,2,1,1,0,2,2,0,1,2
18935,2058,B|La|N|Ni,1,2,3,1,3,2,3,4,2,4,3
18936,2937,B|Ce|La|N|Ni,2,4,4,2,0,0,0,0,2,2,2
18937,2937,B|Ce|La|N|Ni,2,4,4,2,0,0,1,0,1,4,4
18938,2938,B|C|Ce|Ni|Y,2,4,2,2,1,1,1,3,0,2,2
18939,2938,B|C|Ce|Ni|Y,2,4,2,2,1,1,0,4,0,4,0
18940,2939,B|C|Ce|Ni,3,1,2,3,3,2,0,4,3,2,1
18941,1047,Bi|Ni,0,1,1,4,1,4,3,3,3,4,1
18942,2736,Fe|Se|Te,3,3,3,2,2,4,0,3,0,1,0
18943,2940,B|Li,4,2,3,0,3,2,2,4,4,4,3
18944,2940,B|Li,4,2,3,0,3,2,2,3,4,1,4
18945,2933,Cs|Fe|Se,3,1,1,0,3,1,4,1,4,3,3
18946,2908,As|Ca|Fe|O|Sc|Ti,1,1,1,3,1,2,4,2,0,0,1
18947,2908,As|Ca|Fe|O|Sc|Ti,1,1,1,3,1,2,0,0,0,1,3
18948,2908,As|Ca|Fe|O|Sc|Ti,1,1,1,3,1,2,2,2,3,0,2
18949,2925,As|Ca|Fe|Mg|O|Ti,0,3,2,1,2,1,2,1,4,3,0
18950,2765,As|Fe|O|Sr|V,4,2,0,1,3,0,4,3,4,0,0
18951,2765,As|Fe|O|Sr|V,4,2,0,1,3,0,1,2,0,4,2
18952,2928,As|Fe|Mg|O|Sr|Ti,4,2,1,2,2,1,2,1,0,4,3
18953,2929,As|Co|Fe|Mg|O|Sr|Ti,2,4,3,3,2,4,0,3,3,0,0
18954,2941,B|Si|W,4,0,1,0,1,0,3,3,0,0,2
18955,1240,Nb|Si,0,2,3,3,2,4,1,0,3,2,1
18956,1929,Si|W,3,2,1,2,4,0,2,1,2,4,3
18957,2942,Ce|Ge|Rh,0,1,0,1,4,4,0,3,3,3,0
18958,2943,Fe|Se|Tl,1,0,1,2,1,0,3,3,0,2,1
18959,2935,Fe|K|Se|Tl,1,0,0,0,4,1,4,3,0,1,1
18960,2935,Fe|K|Se|Tl,1,0,0,0,4,1,1,2,2,2,4
18961,2935,Fe|K|Se|Tl,1,0,0,0,4,1,2,3,0,2,2
18962,2901,Fe|K|Se,4,0,4,2,2,4,2,1,1,3,2
18963,2698,As|Ba|Fe|K,4,0,3,3,3,3,1,1,4,2,1
18964,2944,Fe|Rb|Se|Tl,4,3,4,0,0,3,0,3,4,3,3
18965,759,Ce|Co|In,3,3,3,2,1,0,0,3,4,2,4
18966,2945,Ce|Co|In|Yb,2,1,4,2,2,3,4,3,4,1,1
18967,2945,Ce|Co|In|Yb,2,1,4,2,2,3,4,0,1,3,0
18968,2945,Ce|Co|In|Yb,2,1,4,2,2,3,3,3,0,1,0
18969,2945,Ce|Co|In|Yb,2,1,4,2,2,3,1,2,4,1,1
18970,2946,Ce|Co|In|La,3,2,1,4,3,3,1,0,4,3,2
18971,2946,Ce|Co|In|La,3,2,1,4,3,3,1,4,3,0,0
18972,2946,Ce|Co|In|La,3,2,1,4,3,3,0,3,2,4,2
18973,2946,Ce|Co|In|La,3,2,1,4,3,3,4,0,2,2,4
18974,2946,Ce|Co|In|La,3,2,1,4,3,3,1,3,3,1,1
18975,2946,Ce|Co|In|La,3,2,1,4,3,3,4,2,3,3,2
18976,2675,Ce|Co|In|Nd,3,1,4,0,4,2,1,2,0,4,2
18977,1069,Si,3,2,2,0,0,2,2,3,4,1,3
18978,1068,Ge,4,0,1,2,3,1,2,1,4,3,4
18979,2774,Ga|P,4,2,4,0,3,3,2,0,3,3,0
18980,1283,Bi|Te,4,1,2,1,1,0,0,2,0,3,1
18981,1283,Bi|Te,4,1,2,1,1,0,0,3,2,3,0
18982,1068,Ge,4,0,1,2,3,1,2,3,4,4,4
18983,2947,Fe|Te,4,3,0,1,1,4,4,3,1,2,0
18984,2247,Mo|Se|Tl,4,4,4,1,1,4,3,3,1,3,2
18985,1482,Bi|Pd|Te,4,1,2,3,2,3,1,0,2,1,4
18986,2758,Ba|Bi|Hg|O|Pb,2,4,1,3,1,4,4,4,3,0,0
18987,2758,Ba|Bi|Hg|O|Pb,2,4,1,3,1,4,4,2,1,1,2
18988,2716,As|Fe|Li,3,0,4,1,4,4,0,4,3,4,2
18989,2716,As|Fe|Li,3,0,4,1,4,4,1,4,3,4,4
18990,2717,As|Fe|K,3,2,2,2,0,0,4,1,0,2,2
18991,2717,As|Fe|K,3,2,2,2,0,0,0,0,1,1,2
18992,2717,As|Fe|K,3,2,2,2,0,0,2,0,3,2,2
18993,2560,La|Sb,0,2,3,3,3,1,1,4,0,2,4
18994,2948,B|Co|La|Y,2,3,3,2,1,4,4,0,2,3,4
18995,2949,B|Co|Fe|La,0,0,4,2,2,2,3,0,2,2,0
18996,1047,Bi|Ni,0,1,1,4,1,4,4,0,2,0,2
18997,862,Ba|Ca|Cu|F|O,0,1,3,0,2,0,1,0,2,4,0
18998,862,Ba|Ca|Cu|F|O,0,1,3,0,2,0,3,1,0,2,4
18999,862,Ba|Ca|Cu|F|O,0,1,3,0,2,0,3,1,2,4,3
19000,2689,As|F|Fe|O|Sm,3,3,1,1,0,0,4,2,2,1,3
19001,2950,Cu|Te|Zr,3,0,0,4,1,3,2,1,1,1,3
19002,2936,As|Pt|Sr,3,3,3,3,3,2,0,0,2,0,0
19003,2703,As|Ce|F|Fe|O,1,2,1,4,1,1,2,0,0,1,4
19004,2951,As|Ce|F|Fe|O|P,0,1,2,1,1,4,0,0,1,0,1
19005,2951,As|Ce|F|Fe|O|P,0,1,2,1,1,4,2,3,1,3,2
19006,2951,As|Ce|F|Fe|O|P,0,1,2,1,1,4,4,2,0,4,0
19007,2951,As|Ce|F|Fe|O|P,0,1,2,1,1,4,2,0,4,1,2
19008,2951,As|Ce|F|Fe|O|P,0,1,2,1,1,4,2,1,4,2,1
19009,2951,As|Ce|F|Fe|O|P,0,1,2,1,1,4,0,2,4,1,4
19010,216,Cu|Nd|O|Sr,4,4,1,1,0,1,4,2,1,1,3
19011,429,Ba|Ca|Cu|O|Y|Zn,1,4,1,2,3,0,1,2,1,3,0
19012,429,Ba|Ca|Cu|O|Y|Zn,1,4,1,2,3,0,4,0,1,0,1
19013,429,Ba|Ca|Cu|O|Y|Zn,1,4,1,2,3,0,0,0,2,3,2
19014,429,Ba|Ca|Cu|O|Y|Zn,1,4,1,2,3,0,4,0,0,0,4
19015,2952,Ca|Cr|Cu|O|Sr|Tl,1,2,1,4,1,0,1,4,4,1,4
19016,2953,Ca|Cr|Cu|Ge|O|Sr|Tl,1,3,4,2,3,2,2,3,0,0,4
19017,2953,Ca|Cr|Cu|Ge|O|Sr|Tl,1,3,4,2,3,2,2,2,4,0,4
19018,2953,Ca|Cr|Cu|Ge|O|Sr|Tl,1,3,4,2,3,2,4,2,0,2,3
19019,2953,Ca|Cr|Cu|Ge|O|Sr|Tl,1,3,4,2,3,2,2,1,3,4,0
19020,2954,Ca|Cu|O|Pb|Sr|Tl|Yb,2,0,2,4,4,2,0,1,2,1,2
19021,2955,Ca|Cu|Mg|O|Pb|Sr|Tl|Yb,1,2,4,1,4,3,4,1,0,4,2
19022,2955,Ca|Cu|Mg|O|Pb|Sr|Tl|Yb,1,2,4,1,4,3,4,4,0,2,3
19023,2955,Ca|Cu|Mg|O|Pb|Sr|Tl|Yb,1,2,4,1,4,3,3,0,3,1,2
19024,2955,Ca|Cu|Mg|O|Pb|Sr|Tl|Yb,1,2,4,1,4,3,1,0,2,1,4
19025,2956,Cu|Mg|O|Pb|Sr|Tl|Yb,4,4,3,4,2,0,2,0,1,0,0
19026,525,Ca|Cu|O|Sr|Tl|Yb,1,4,1,2,4,3,1,4,3,1,1
19027,525,Ca|Cu|O|Sr|Tl|Yb,1,4,1,2,4,3,2,1,1,1,0
19028,525,Ca|Cu|O|Sr|Tl|Yb,1,4,1,2,4,3,2,3,2,2,3
19029,525,Ca|Cu|O|Sr|Tl|Yb,1,4,1,2,4,3,3,3,2,2,0
19030,525,Ca|Cu|O|Sr|Tl|Yb,1,4,1,2,4,3,4,1,2,2,1
19031,525,Ca|Cu|O|Sr|Tl|Yb,1,4,1,2,4,3,0,1,1,4,1
19032,525,Ca|Cu|O|Sr|Tl|Yb,1,4,1,2,4,3,3,4,3,3,0
19033,525,Ca|Cu|O|Sr|Tl|Yb,1,4,1,2,4,3,0,4,4,3,2
19034,525,Ca|Cu|O|Sr|Tl|Yb,1,4,1,2,4,3,3,2,0,2,1
19035,525,Ca|Cu|O|Sr|Tl|Yb,1,4,1,2,4,3,4,0,0,3,2
19036,525,Ca|Cu|O|Sr|Tl|Yb,1,4,1,2,4,3,0,2,0,4,2
19037,525,Ca|Cu|O|Sr|Tl|Yb,1,4,1,2,4,3,4,4,1,4,2
19038,525,Ca|Cu|O|Sr|Tl|Yb,1,4,1,2,4,3,2,0,4,4,2
19039,372,Ba|Ca|Cu|Hg|O|Tl,0,3,2,1,4,2,2,3,1,3,2
19040,2957,Ba|Ca|Cu|Hg|O|Sm|Tl,2,4,2,2,1,1,4,3,2,0,3
19041,2957,Ba|Ca|Cu|Hg|O|Sm|Tl,2,4,2,2,1,1,4,3,3,3,1
19042,2957,Ba|Ca|Cu|Hg|O|Sm|Tl,2,4,2,2,1,1,4,4,2,3,3
19043,2957,Ba|Ca|Cu|Hg|O|Sm|Tl,2,4,2,2,1,1,4,3,0,0,2
19044,2958,Ba|Ca|Cu|Hg|O|Tl|Yb,3,4,4,2,1,3,2,0,0,3,2
19045,2958,Ba|Ca|Cu|Hg|O|Tl|Yb,3,4,4,2,1,3,2,3,4,0,0
19046,2958,Ba|Ca|Cu|Hg|O|Tl|Yb,3,4,4,2,1,3,3,4,4,4,0
19047,2958,Ba|Ca|Cu|Hg|O|Tl|Yb,3,4,4,2,1,3,0,3,1,3,0
19048,2786,As|Ba|Fe|Rh,1,4,2,2,1,1,0,2,1,2,4
19049,2829,As|Fe|La|O|Sm|Sr,4,0,4,4,2,3,0,2,4,1,3
19050,2959,As|Fe|Gd|La|O|Sr,1,0,4,2,0,3,1,1,3,3,1
19051,2960,As|Dy|Fe|La|O|Sr,0,1,0,1,4,2,2,3,2,4,3
19052,1186,Ca,4,3,2,4,4,1,4,2,4,0,0
19053,2716,As|Fe|Li,3,0,4,1,4,4,2,2,1,3,0
19054,2779,As|Fe|Na,3,0,2,2,4,1,3,1,1,3,2
19055,2705,As|Eu|Fe,3,2,4,1,2,4,4,2,4,0,2
19056,2961,Al|As|Ca|Fe|O,2,0,0,3,2,4,2,0,4,4,3
19057,2961,Al|As|Ca|Fe|O,2,0,0,3,2,4,2,0,4,1,4
19058,2962,Al|Ca|Fe|O|P,1,1,4,4,2,4,2,0,3,2,4
19059,2963,As|Fe|O|Sc|Sr|Ti,0,3,2,3,3,4,0,1,0,4,3
19060,2963,As|Fe|O|Sc|Sr|Ti,0,3,2,3,3,4,1,2,1,1,2
19061,2964,As|Ba|Fe|O|Sc,1,2,3,1,3,0,4,2,4,4,3
19062,2786,As|Ba|Fe|Rh,1,4,2,2,1,1,0,1,4,2,2
19063,2786,As|Ba|Fe|Rh,1,4,2,2,1,1,4,1,3,3,1
19064,2786,As|Ba|Fe|Rh,1,4,2,2,1,1,0,2,1,2,0
19065,2787,As|Ba|Fe|Pd,2,4,4,2,1,1,1,4,0,0,0
19066,2787,As|Ba|Fe|Pd,2,4,4,2,1,1,3,0,2,4,1
19067,2787,As|Ba|Fe|Pd,2,4,4,2,1,1,2,3,2,1,4
19068,2787,As|Ba|Fe|Pd,2,4,4,2,1,1,4,1,4,4,1
19069,2787,As|Ba|Fe|Pd,2,4,4,2,1,1,1,0,3,1,3
19070,2766,As|Ba|Fe|Ni,1,4,0,2,3,1,0,4,4,3,4
19071,2766,As|Ba|Fe|Ni,1,4,0,2,3,1,0,3,4,2,4
19072,2766,As|Ba|Fe|Ni,1,4,0,2,3,1,3,1,1,2,2
19073,2766,As|Ba|Fe|Ni,1,4,0,2,3,1,1,1,0,1,1
19074,2766,As|Ba|Fe|Ni,1,4,0,2,3,1,4,4,2,1,0
19075,74,Ce|Cu|Nd|O,3,3,3,3,3,1,1,4,1,2,0
19076,1507,C|N|Nb,1,1,1,2,2,4,1,3,0,4,3
19077,1507,C|N|Nb,1,1,1,2,2,4,0,3,2,2,1
19078,2965,Al|Co|Zr,2,4,3,3,4,2,0,0,0,2,4
19079,1234,Co|Zr,3,2,0,4,1,2,3,3,4,0,2
19080,2966,Al|Cu|Ni|Zr,0,1,1,2,2,3,2,1,1,2,4
19081,2967,Al|Cu|Nb|Ni|Zr,3,4,2,4,3,4,2,0,0,1,4
19082,2901,Fe|K|Se,4,0,4,2,2,4,2,0,2,4,4
19083,2901,Fe|K|Se,4,0,4,2,2,4,4,3,0,4,4
19084,2944,Fe|Rb|Se|Tl,4,3,4,0,0,3,1,1,2,1,0
19085,2825,Bi|Cu|Se,2,4,2,4,3,1,0,1,4,4,1
19086,2716,As|Fe|Li,3,0,4,1,4,4,0,3,0,3,2
19087,990,B|Li|Pd,4,4,0,1,0,2,4,2,3,1,1
19088,1291,B|Li|Pd|Pt,2,3,0,0,4,3,4,2,3,1,3
19089,1291,B|Li|Pd|Pt,2,3,0,0,4,3,3,1,1,2,0
19090,1291,B|Li|Pd|Pt,2,3,0,0,4,3,3,3,1,0,2
19091,1291,B|Li|Pd|Pt,2,3,0,0,4,3,1,0,2,4,2
19092,1291,B|Li|Pd|Pt,2,3,0,0,4,3,1,1,2,0,3
19093,991,B|Li|Pt,0,1,3,2,0,0,4,3,1,4,0
19094,2919,Ca|Ir|Si,1,0,4,2,3,2,2,2,1,3,3
19095,2901,Fe|K|Se,4,0,4,2,2,4,4,3,0,4,3
19096,2968,Fe|K|S|Se,2,1,2,0,3,4,1,0,0,1,4
19097,2968,Fe|K|S|Se,2,1,2,0,3,4,0,4,1,3,0
19098,2968,Fe|K|S|Se,2,1,2,0,3,4,0,4,3,4,3
19099,2968,Fe|K|S|Se,2,1,2,0,3,4,0,4,0,2,2
19100,2969,Fe|K|S,1,4,1,4,0,0,1,2,1,1,4
19101,2901,Fe|K|Se,4,0,4,2,2,4,1,3,2,0,0
19102,1138,Nb|S,4,1,0,4,4,4,3,2,0,0,3
19103,1138,Nb|S,4,1,0,4,4,4,3,0,0,2,1
19104,2970,Fe|Nb|S|Se,4,2,2,2,2,2,3,0,4,4,1
19105,2970,Fe|Nb|S|Se,4,2,2,2,2,2,1,1,1,3,0
19106,2971,As|Co|Fe|Li,4,4,4,3,1,0,4,2,4,4,3
19107,2971,As|Co|Fe|Li,4,4,4,3,1,0,3,4,3,4,2
19108,2716,As|Fe|Li,3,0,4,1,4,4,4,1,4,2,4
19109,2716,As|Fe|Li,3,0,4,1,4,4,1,2,3,4,0
19110,2716,As|Fe|Li,3,0,4,1,4,4,3,4,3,3,0
19111,2716,As|Fe|Li,3,0,4,1,4,4,3,2,4,3,2
19112,2971,As|Co|Fe|Li,4,4,4,3,1,0,2,3,0,2,3
19113,2971,As|Co|Fe|Li,4,4,4,3,1,0,0,2,1,2,4
19114,2971,As|Co|Fe|Li,4,4,4,3,1,0,3,3,2,1,2
19115,2972,As|Fe|Li|Ni,0,3,3,4,4,4,0,4,2,2,3
19116,2972,As|Fe|Li|Ni,0,3,3,4,4,4,4,0,1,4,4
19117,2973,As|Ca|Fe|Pt,3,1,1,1,0,0,0,2,1,2,4
19118,2973,As|Ca|Fe|Pt,3,1,1,1,0,0,0,1,1,0,4
19119,2109,Fe|Lu|Si,0,2,0,2,1,0,1,2,2,0,0
19120,2074,P|Ru|Zr,2,0,2,0,4,0,0,3,4,3,4
19121,2974,Fe|P|Ru|Zr,3,2,0,2,0,1,1,4,1,4,1
19122,2974,Fe|P|Ru|Zr,3,2,0,2,0,1,0,4,4,3,0
19123,2494,P|Rh|Zr,1,2,2,4,2,2,4,2,3,2,4
19124,2975,P|Rh|Ru|Zr,0,4,3,0,3,0,1,3,2,4,4
19125,2975,P|Rh|Ru|Zr,0,4,3,0,3,0,0,3,1,2,0
19126,2975,P|Rh|Ru|Zr,0,4,3,0,3,0,4,3,0,0,0
19127,2975,P|Rh|Ru|Zr,0,4,3,0,3,0,1,1,3,4,3
19128,2074,P|Ru|Zr,2,0,2,0,4,0,2,4,1,4,3
19129,2074,P|Ru|Zr,2,0,2,0,4,0,4,0,3,0,3
19130,2976,B|P|Ru|Zr,2,2,1,2,2,1,1,2,1,1,1
19131,2976,B|P|Ru|Zr,2,2,1,2,2,1,1,1,4,2,1
19132,2976,B|P|Ru|Zr,2,2,1,2,2,1,1,3,2,1,3
19133,2976,B|P|Ru|Zr,2,2,1,2,2,1,1,0,2,2,2
19134,2976,B|P|Ru|Zr,2,2,1,2,2,1,1,4,2,4,2
19135,1109,La|P|Ru,2,1,2,4,0,0,2,0,3,3,2
19136,2977,B|La|P|Ru,0,2,1,0,2,2,1,2,2,2,0
19137,2074,P|Ru|Zr,2,0,2,0,4,0,4,2,1,1,2
19138,2817,As|Co|Fe|O|Pr,3,0,4,4,0,4,0,0,4,3,1
19139,2756,As|Fe|O|Pr|Sr,2,2,1,0,0,1,3,4,1,2,2
19140,2920,As|Co|Fe|O|Pr|Sr,3,0,3,0,4,0,3,3,3,4,3
19141,22,Cu|La|Mn|O|Sr,4,0,3,2,0,4,4,4,0,1,1
19142,2074,P|Ru|Zr,2,0,2,0,4,0,2,3,1,2,4
19143,2978,Cs|Fe|Se|Tl,4,2,0,2,1,2,2,4,2,0,3
19144,2736,Fe|Se|Te,3,3,3,2,2,4,0,2,4,0,2
19145,1234,Co|Zr,3,2,0,4,1,2,3,2,3,0,4
19146,2979,Co|Ga|Zr,2,0,2,1,0,0,2,3,4,2,2
19147,2979,Co|Ga|Zr,2,0,2,1,0,0,4,3,2,4,4
19148,2979,Co|Ga|Zr,2,0,2,1,0,0,0,3,4,3,4
19149,2979,Co|Ga|Zr,2,0,2,1,0,0,4,0,3,1,0
19150,2979,Co|Ga|Zr,2,0,2,1,0,0,2,2,0,2,0
19151,2979,Co|Ga|Zr,2,0,2,1,0,0,2,0,3,3,2
19152,2980,Cr|Fe|Se,2,1,2,4,4,2,0,3,3,0,2
19153,2980,Cr|Fe|Se,2,1,2,4,4,2,0,1,3,0,3
19154,1555,Co|Ni|Zr,0,2,2,0,1,3,2,1,4,3,2
19155,1555,Co|Ni|Zr,0,2,2,0,1,3,3,4,3,2,4
19156,1555,Co|Ni|Zr,0,2,2,0,1,3,2,1,4,1,4
19157,1555,Co|Ni|Zr,0,2,2,0,1,3,3,3,1,3,2
19158,1555,Co|Ni|Zr,0,2,2,0,1,3,2,0,0,2,4
19159,1235,Ni|Zr,1,1,4,1,1,2,2,3,3,1,4
19160,2131,La|Pt|Si,1,2,3,3,0,2,0,1,0,0,0
19161,2981,La|Ni|Pt|Si,2,3,4,0,0,3,4,3,0,4,3
19162,2981,La|Ni|Pt|Si,2,3,4,0,0,3,3,4,4,4,2
19163,2981,La|Ni|Pt|Si,2,3,4,0,0,3,4,0,3,0,0
19164,2981,La|Ni|Pt|Si,2,3,4,0,0,3,3,2,1,4,2
19165,2981,La|Ni|Pt|Si,2,3,4,0,0,3,0,0,3,1,2
19166,2981,La|Ni|Pt|Si,2,3,4,0,0,3,1,4,1,2,0
19167,2981,La|Ni|Pt|Si,2,3,4,0,0,3,0,1,2,1,0
19168,2981,La|Ni|Pt|Si,2,3,4,0,0,3,0,1,3,2,2
19169,2982,La|Ni|Si,3,0,2,4,1,1,4,4,3,0,3
19170,2735,Fe|Se,2,0,2,1,2,4,2,4,2,2,4
19171,1283,Bi|Te,4,1,2,1,1,0,4,2,4,2,4
19172,1283,Bi|Te,4,1,2,1,1,0,0,1,4,3,4
19173,2983,As|Ca|Fe|La,3,4,2,1,1,4,4,4,0,2,3
19174,2984,As|Ba|Fe|Rb,2,2,1,4,0,1,2,3,1,4,3
19175,2984,As|Ba|Fe|Rb,2,2,1,4,0,1,0,2,4,4,3
19176,2984,As|Ba|Fe|Rb,2,2,1,4,0,1,0,3,3,4,4
19177,2679,As|F|Fe|La|O,2,4,1,2,3,1,1,0,3,3,0
19178,1474,Bi|Pd,3,1,4,4,3,4,3,4,1,2,4
19179,2716,As|Fe|Li,3,0,4,1,4,4,1,1,4,2,4
19180,1104,Al|Ca|Si,0,4,0,1,2,4,2,0,1,4,0
19181,1104,Al|Ca|Si,0,4,0,1,2,4,0,3,1,0,2
19182,2985,As|F|Fe|La|O|Sb,3,2,1,4,3,4,4,4,1,3,3
19183,2985,As|F|Fe|La|O|Sb,3,2,1,4,3,4,3,1,3,4,4
19184,2932,Fe|Rb|Se,2,0,0,1,2,0,1,3,0,1,0
19185,2933,Cs|Fe|Se,3,1,1,0,3,1,0,4,2,2,4
19186,2935,Fe|K|Se|Tl,1,0,0,0,4,1,0,4,0,1,3
19187,2944,Fe|Rb|Se|Tl,4,3,4,0,0,3,0,4,3,4,1
19188,2901,Fe|K|Se,4,0,4,2,2,4,1,1,1,4,4
19189,2901,Fe|K|Se,4,0,4,2,2,4,1,1,2,1,3
19190,2932,Fe|Rb|Se,2,0,0,1,2,0,1,4,4,4,3
19191,2933,Cs|Fe|Se,3,1,1,0,3,1,4,2,0,2,4
19192,2935,Fe|K|Se|Tl,1,0,0,0,4,1,0,4,2,1,0
19193,2944,Fe|Rb|Se|Tl,4,3,4,0,0,3,1,3,2,0,1
19194,2986,B|Mo|Si,4,2,2,4,0,3,3,4,1,4,1
19195,2987,As|Ca|Fe|Na,3,3,0,1,1,4,3,2,1,1,3
19196,2987,As|Ca|Fe|Na,3,3,0,1,1,4,1,4,4,0,2
19197,2987,As|Ca|Fe|Na,3,3,0,1,1,4,0,1,2,0,4
19198,2988,As|Ba|Fe|Na,2,0,2,3,1,2,3,2,4,0,1
19199,2989,Ge|Ni|Y,0,0,3,1,0,3,1,1,4,1,4
19200,2990,As|Ba|F|Fe|Nd|O,2,1,0,4,0,3,1,2,2,4,2
19201,13,Ba|Cu|Gd|O,2,1,0,3,4,0,0,1,2,1,3
19202,177,Ba|Cu|Gd|O|Pr,2,2,1,3,3,3,4,3,2,2,1
19203,2991,Ba|Cu|Gd|Mn|O|Pr,3,4,1,3,0,1,2,3,1,3,1
19204,2992,Ba|Cu|Fe|Gd|O|Pr,0,1,3,3,1,2,4,2,0,1,3
19205,2993,Ba|Cu|Gd|Ni|O|Pr,1,1,3,3,4,3,1,0,3,2,4
19206,2994,Ba|Cu|Gd|O|Pr|Zn,0,3,2,1,0,2,4,3,2,2,1
19207,642,Ce|Cu|Mo|O|Sr|Y,3,2,2,1,2,3,3,2,1,3,4
19208,642,Ce|Cu|Mo|O|Sr|Y,3,2,2,1,2,3,1,0,0,0,1
19209,2987,As|Ca|Fe|Na,3,3,0,1,1,4,1,2,2,4,2
19210,2987,As|Ca|Fe|Na,3,3,0,1,1,4,2,1,3,2,0
19211,2926,Ni|O|P|Sc|Sr,0,2,3,0,1,4,4,0,2,4,1
19212,2927,As|Ni|O|Sc|Sr,4,2,1,0,3,4,4,0,4,1,1
19213,2995,As|Fe|P|Sr,3,2,1,3,3,4,1,4,3,2,4
19214,2995,As|Fe|P|Sr,3,2,1,3,3,4,2,4,0,0,0
19215,2995,As|Fe|P|Sr,3,2,1,3,3,4,3,3,3,1,1
19216,2996,As|Ca|Fe|P,4,2,3,1,1,3,1,4,3,3,4
19217,2987,As|Ca|Fe|Na,3,3,0,1,1,4,0,3,0,4,1
19218,2851,Ba|Fe|Se,3,4,1,3,4,3,2,4,3,0,3
19219,2731,As|Ba|Fe,1,3,0,4,3,0,4,0,3,3,0
19220,2779,As|Fe|Na,3,0,2,2,4,1,3,2,4,1,0
19221,2997,As|Ca|Fe|O|Tb,2,4,3,0,1,3,3,2,4,4,2
19222,2998,As|Fe|Nd|O|Sr,4,3,3,2,2,1,0,3,3,2,0
19223,2720,As|Ba|Co|Fe,1,3,3,0,1,0,4,3,0,0,0
19224,2720,As|Ba|Co|Fe,1,3,3,0,1,0,3,4,3,2,0
19225,2720,As|Ba|Co|Fe,1,3,3,0,1,0,3,4,2,0,0
19226,2720,As|Ba|Co|Fe,1,3,3,0,1,0,3,1,1,2,2
19227,2720,As|Ba|Co|Fe,1,3,3,0,1,0,0,4,2,4,3
19228,2720,As|Ba|Co|Fe,1,3,3,0,1,0,3,1,2,0,3
19229,2720,As|Ba|Co|Fe,1,3,3,0,1,0,1,2,3,0,2
19230,2720,As|Ba|Co|Fe,1,3,3,0,1,0,1,3,3,0,1
19231,2999,Ni|Te|Zr,0,3,3,4,0,4,3,4,1,2,2
19232,2703,As|Ce|F|Fe|O,1,2,1,4,1,1,2,4,3,3,0
19233,2736,Fe|Se|Te,3,3,3,2,2,4,1,1,2,3,2
19234,2901,Fe|K|Se,4,0,4,2,2,4,2,3,4,3,4
19235,2932,Fe|Rb|Se,2,0,0,1,2,0,3,4,0,1,4
19236,2933,Cs|Fe|Se,3,1,1,0,3,1,1,1,1,2,1
19237,2935,Fe|K|Se|Tl,1,0,0,0,4,1,3,4,3,0,0
19238,2944,Fe|Rb|Se|Tl,4,3,4,0,0,3,0,2,3,1,4
19239,3000,As|Eu|Fe|Ru,2,2,3,2,4,0,4,1,1,4,4
19240,2751,As|Co|Fe|O|Sm,3,2,2,3,2,0,0,0,3,0,3
19241,2751,As|Co|Fe|O|Sm,3,2,2,3,2,0,2,2,2,4,1
19242,2751,As|Co|Fe|O|Sm,3,2,2,3,2,0,2,0,0,4,4
19243,2751,As|Co|Fe|O|Sm,3,2,2,3,2,0,0,2,1,4,2
19244,2751,As|Co|Fe|O|Sm,3,2,2,3,2,0,0,3,4,1,4
19245,2751,As|Co|Fe|O|Sm,3,2,2,3,2,0,2,2,0,2,1
19246,3001,As|Fe|O|Rh|Sm,4,3,0,2,1,3,1,1,3,4,4
19247,2888,As|Fe|Ir|O|Sm,2,3,1,1,3,0,4,0,1,2,4
19248,3002,As|Eu|Fe|Na|P,0,4,4,3,1,4,2,4,1,4,4
19249,2925,As|Ca|Fe|Mg|O|Ti,0,3,2,1,2,1,1,1,3,1,3
19250,3003,As|Ca|F|Fe|Rh,4,4,0,0,0,2,2,0,3,2,3
19251,3003,As|Ca|F|Fe|Rh,4,4,0,0,0,2,1,4,4,0,2
19252,3003,As|Ca|F|Fe|Rh,4,4,0,0,0,2,2,0,4,3,4
19253,3004,C|Fe|Y,3,1,0,0,1,3,4,2,2,2,0
19254,1896,Rh|S,4,4,0,1,3,4,0,2,2,0,1
19255,1869,Pd|Se,3,0,4,3,1,4,1,3,2,0,2
19256,2736,Fe|Se|Te,3,3,3,2,2,4,0,2,2,4,3
19257,2731,As|Ba|Fe,1,3,0,4,3,0,2,4,0,3,1
19258,2873,As|Ba|Fe|Ru,0,0,1,2,0,0,4,1,0,4,1
19259,2873,As|Ba|Fe|Ru,0,0,1,2,0,0,3,2,4,3,0
19260,2873,As|Ba|Fe|Ru,0,0,1,2,0,0,3,3,4,4,0
19261,2873,As|Ba|Fe|Ru,0,0,1,2,0,0,3,4,0,4,1
19262,3005,As|Fe|O|P|Sm,4,0,2,1,2,2,2,0,4,0,0
19263,3005,As|Fe|O|P|Sm,4,0,2,1,2,2,1,4,2,1,2
19264,3005,As|Fe|O|P|Sm,4,0,2,1,2,2,0,3,2,2,2
19265,3005,As|Fe|O|P|Sm,4,0,2,1,2,2,4,0,3,4,1
19266,2932,Fe|Rb|Se,2,0,0,1,2,0,2,0,0,1,3
19267,2932,Fe|Rb|Se,2,0,0,1,2,0,3,3,1,3,2
19268,2932,Fe|Rb|Se,2,0,0,1,2,0,3,0,3,2,1
19269,2932,Fe|Rb|Se,2,0,0,1,2,0,4,3,4,4,4
19270,2932,Fe|Rb|Se,2,0,0,1,2,0,0,3,2,1,3
19271,2736,Fe|Se|Te,3,3,3,2,2,4,4,2,2,3,1
19272,2932,Fe|Rb|Se,2,0,0,1,2,0,1,3,1,0,0
19273,2932,Fe|Rb|Se,2,0,0,1,2,0,1,1,0,3,1
19274,2720,As|Ba|Co|Fe,1,3,3,0,1,0,0,2,0,3,3
19275,2720,As|Ba|Co|Fe,1,3,3,0,1,0,0,4,4,3,1
19276,2720,As|Ba|Co|Fe,1,3,3,0,1,0,0,1,4,3,3
19277,2720,As|Ba|Co|Fe,1,3,3,0,1,0,2,1,4,3,4
19278,2720,As|Ba|Co|Fe,1,3,3,0,1,0,0,1,1,2,1
19279,2107,Fe|Sc|Si,4,4,2,4,2,3,3,4,0,0,3
19280,1039,Ir|Sc|Si,3,2,0,3,4,0,0,4,4,1,3
19281,2736,Fe|Se|Te,3,3,3,2,2,4,1,1,2,3,0
19282,3006,Fe|Mn|Se|Te,4,1,0,0,1,3,1,1,4,1,3
19283,2735,Fe|Se,2,0,2,1,2,4,1,1,1,1,3
19284,2987,As|Ca|Fe|Na,3,3,0,1,1,4,0,2,3,3,4
19285,2968,Fe|K|S|Se,2,1,2,0,3,4,0,1,2,1,3
19286,2933,Cs|Fe|Se,3,1,1,0,3,1,1,3,3,1,3
19287,2901,Fe|K|Se,4,0,4,2,2,4,4,3,1,0,2
19288,2901,Fe|K|Se,4,0,4,2,2,4,1,4,1,4,0
19289,2901,Fe|K|Se,4,0,4,2,2,4,4,3,1,4,4
19290,2736,Fe|Se|Te,3,3,3,2,2,4,3,0,3,2,4
19291,988,B|Mg,0,0,1,4,3,2,1,3,4,4,2
19292,2466,B|Mg|Sc,1,2,2,0,3,0,3,0,4,0,2
19293,3007,Na|O,0,2,4,0,4,4,1,3,3,2,2
19294,2,Cu|La|O|Sr,1,2,3,2,2,0,1,1,2,1,4
19295,2,Cu|La|O|Sr,1,2,3,2,2,0,4,3,2,0,2
19296,2,Cu|La|O|Sr,1,2,3,2,2,0,4,3,0,1,3
19297,2,Cu|La|O|Sr,1,2,3,2,2,0,4,1,3,2,3
19298,2,Cu|La|O|Sr,1,2,3,2,2,0,2,3,3,2,0
19299,3008,F|O|W,1,1,0,1,2,1,4,3,2,1,4
19300,3008,F|O|W,1,1,0,1,2,1,4,3,2,0,1
19301,3008,F|O|W,1,1,0,1,2,1,3,0,0,3,4
19302,2679,As|F|Fe|La|O,2,4,1,2,3,1,2,1,4,3,4
19303,3009,As|F|Fe|La|O|Zn,1,1,1,2,4,0,1,0,3,3,0
19304,3009,As|F|Fe|La|O|Zn,1,1,1,2,4,0,2,3,3,2,2
19305,3009,As|F|Fe|La|O|Zn,1,1,1,2,4,0,3,3,0,4,4
19306,3009,As|F|Fe|La|O|Zn,1,1,1,2,4,0,2,2,2,3,4
19307,2689,As|F|Fe|O|Sm,3,3,1,1,0,0,3,0,0,1,2
19308,3010,As|F|Fe|O|Sm|Zn,2,0,3,0,1,3,1,2,3,2,4
19309,3010,As|F|Fe|O|Sm|Zn,2,0,3,0,1,3,2,1,4,3,1
19310,3011,Ca|Co|Sn,0,0,2,1,2,1,3,2,2,2,3
19311,3012,Co|La|Sn,4,4,4,1,2,3,3,3,1,4,1
19312,1890,Re|W,2,3,4,2,0,3,4,2,1,4,4
19313,1890,Re|W,2,3,4,2,0,3,2,2,2,2,0
19314,2987,As|Ca|Fe|Na,3,3,0,1,1,4,1,1,2,0,0
19315,2987,As|Ca|Fe|Na,3,3,0,1,1,4,2,3,1,1,3
19316,2987,As|Ca|Fe|Na,3,3,0,1,1,4,0,1,4,1,2
19317,2851,Ba|Fe|Se,3,4,1,3,4,3,2,2,2,0,4
19318,2277,La|Ru|Si,0,2,4,0,0,2,4,4,0,2,2
19319,3013,Bi|Pt|Y,0,4,4,2,0,0,4,0,2,4,0
19320,2736,Fe|Se|Te,3,3,3,2,2,4,0,1,1,4,2
19321,2736,Fe|Se|Te,3,3,3,2,2,4,0,0,3,2,4
19322,2736,Fe|Se|Te,3,3,3,2,2,4,2,3,4,0,1
19323,2736,Fe|Se|Te,3,3,3,2,2,4,2,0,2,3,3
19324,2736,Fe|Se|Te,3,3,3,2,2,4,4,1,4,3,2
19325,3014,Nb|Ni|Si,3,4,2,0,4,4,1,3,0,1,4
19326,3015,Co|Nb|Si,1,1,4,2,4,4,1,1,3,2,4
19327,3016,Fe|Nb|Si,3,3,4,0,2,2,0,0,3,3,1
19328,2893,As|Fe|Pt|Sr,2,4,3,3,2,4,1,4,3,2,0
19329,2893,As|Fe|Pt|Sr,2,4,3,3,2,4,1,0,4,0,4
19330,2893,As|Fe|Pt|Sr,2,4,3,3,2,4,3,1,3,3,3
19331,2893,As|Fe|Pt|Sr,2,4,3,3,2,4,2,2,0,2,4
19332,2893,As|Fe|Pt|Sr,2,4,3,3,2,4,0,4,3,0,4
19333,892,Ba|K|O,4,2,3,4,0,3,1,1,4,0,1
19334,892,Ba|K|O,4,2,3,4,0,3,4,1,1,2,1
19335,3017,In|O|Zn,0,2,0,1,1,4,2,3,1,0,4
19336,2893,As|Fe|Pt|Sr,2,4,3,3,2,4,0,0,0,0,2
19337,2804,As|Fe|Ru|Sr,3,0,4,0,2,4,0,3,0,0,4
19338,2804,As|Fe|Ru|Sr,3,0,4,0,2,4,1,3,1,4,0
19339,2804,As|Fe|Ru|Sr,3,0,4,0,2,4,2,4,1,4,1
19340,2804,As|Fe|Ru|Sr,3,0,4,0,2,4,4,4,3,0,3
19341,3018,As|Ba|Fe|Ir,1,4,0,0,1,0,2,2,0,1,2
19342,3018,As|Ba|Fe|Ir,1,4,0,0,1,0,4,1,0,1,3
19343,3018,As|Ba|Fe|Ir,1,4,0,0,1,0,2,4,0,0,4
19344,2841,As|Ba|Fe|Pt,2,0,2,2,0,3,4,2,3,2,2
19345,3019,Ni|Si|Sr,2,2,1,1,4,3,2,1,2,0,4
19346,3019,Ni|Si|Sr,2,2,1,1,4,3,3,0,2,0,4
19347,3019,Ni|Si|Sr,2,2,1,1,4,3,4,4,0,3,4
19348,1365,Al|V,2,3,2,3,0,3,3,1,0,2,1
19349,1335,Al|Ga|V,1,2,0,2,3,3,2,3,4,4,0
19350,3020,Al|V|Y,4,0,3,4,2,1,1,0,1,2,2
19351,3021,C|H|Sr,3,0,4,4,1,0,0,2,3,2,3
19352,3022,Ba|C|H,2,2,4,4,3,2,2,1,2,0,2
19353,2811,C|H|K,1,4,3,1,1,3,1,3,2,1,1
19354,2811,C|H|K,1,4,3,1,1,3,0,2,3,2,3
19355,3023,C|H|Rb,2,3,4,4,3,4,0,1,3,3,2
19356,2917,As|Co|Eu|Fe|Sr,3,2,3,1,0,1,0,3,0,2,1
19357,2917,As|Co|Eu|Fe|Sr,3,2,3,1,0,1,0,3,2,3,3
19358,2944,Fe|Rb|Se|Tl,4,3,4,0,0,3,4,1,3,2,3
19359,2735,Fe|Se,2,0,2,1,2,4,0,4,2,3,2
19360,2735,Fe|Se,2,0,2,1,2,4,2,4,4,3,1
19361,2697,As|Fe|La|O,4,3,2,1,1,3,4,0,2,2,4
19362,2695,As|Fe|O|Pr,3,2,1,4,4,4,4,0,0,3,3
19363,2694,As|Fe|Nd|O,0,0,1,4,1,4,3,2,0,3,2
19364,2745,As|Fe|O|Tb,4,4,2,3,3,4,0,4,2,0,4
19365,1335,Al|Ga|V,1,2,0,2,3,3,2,4,3,4,0
19366,1335,Al|Ga|V,1,2,0,2,3,3,2,3,0,2,4
19367,1335,Al|Ga|V,1,2,0,2,3,3,4,1,0,3,2
19368,1335,Al|Ga|V,1,2,0,2,3,3,2,1,4,4,1
19369,1335,Al|Ga|V,1,2,0,2,3,3,1,3,4,2,0
19370,1335,Al|Ga|V,1,2,0,2,3,3,2,4,1,2,0
19371,1335,Al|Ga|V,1,2,0,2,3,3,4,0,3,4,3
19372,1335,Al|Ga|V,1,2,0,2,3,3,4,3,2,3,4
19373,1365,Al|V,2,3,2,3,0,3,4,2,4,2,2
19374,1474,Bi|Pd,3,1,4,4,3,4,2,2,0,3,3
19375,2736,Fe|Se|Te,3,3,3,2,2,4,1,3,2,3,1
19376,2287,Ir|Si|Y,4,0,3,2,1,0,3,2,0,4,2
19377,1198,Ir|La|Si,4,4,3,3,2,4,4,0,4,1,2
19378,3024,Ba|O|Sb|Ti,2,4,2,4,1,2,1,1,4,3,3
19379,3025,Cl|Fe|Se,4,3,3,0,2,4,1,3,0,0,3
19380,2736,Fe|Se|Te,3,3,3,2,2,4,4,3,3,2,3
19381,2736,Fe|Se|Te,3,3,3,2,2,4,4,3,2,3,1
19382,2736,Fe|Se|Te,3,3,3,2,2,4,1,3,2,3,3
19383,2689,As|F|Fe|O|Sm,3,3,1,1,0,0,0,1,4,4,2
19384,2689,As|F|Fe|O|Sm,3,3,1,1,0,0,3,0,3,3,4
19385,2689,As|F|Fe|O|Sm,3,3,1,1,0,0,3,2,2,3,3
19386,2689,As|F|Fe|O|Sm,3,3,1,1,0,0,2,3,1,0,0
19387,3026,Al|Ba|Cu|La|O|Y,1,4,0,0,2,2,2,3,0,3,0
19388,3026,Al|Ba|Cu|La|O|Y,1,4,0,0,2,2,4,1,1,1,3
19389,3026,Al|Ba|Cu|La|O|Y,1,4,0,0,2,2,0,1,2,4,1
19390,3026,Al|Ba|Cu|La|O|Y,1,4,0,0,2,2,0,3,4,1,1
19391,3026,Al|Ba|Cu|La|O|Y,1,4,0,0,2,2,4,3,0,1,0
19392,3026,Al|Ba|Cu|La|O|Y,1,4,0,0,2,2,2,4,3,4,2
19393,755,Ba|Cu|La|O|Y|Zn,4,4,3,0,1,3,1,4,1,0,0
19394,755,Ba|Cu|La|O|Y|Zn,4,4,3,0,1,3,0,3,3,1,1
19395,755,Ba|Cu|La|O|Y|Zn,4,4,3,0,1,3,2,3,1,0,0
19396,755,Ba|Cu|La|O|Y|Zn,4,4,3,0,1,3,4,1,3,3,4
19397,755,Ba|Cu|La|O|Y|Zn,4,4,3,0,1,3,2,4,3,3,4
19398,3027,Ba|Ca|Cu|Mg|O|Y,0,0,2,0,0,3,2,0,1,3,4
19399,3027,Ba|Ca|Cu|Mg|O|Y,0,0,2,0,0,3,4,4,1,4,4
19400,3027,Ba|Ca|Cu|Mg|O|Y,0,0,2,0,0,3,0,2,2,1,0
19401,3027,Ba|Ca|Cu|Mg|O|Y,0,0,2,0,0,3,1,2,4,3,1
19402,3027,Ba|Ca|Cu|Mg|O|Y,0,0,2,0,0,3,1,2,0,2,1
19403,3027,Ba|Ca|Cu|Mg|O|Y,0,0,2,0,0,3,4,2,2,1,3
19404,2989,Ge|Ni|Y,0,0,3,1,0,3,2,2,1,4,0
19405,3028,Ge|La|Ni,1,0,1,0,2,2,0,0,2,1,2
19406,422,Ca|Cl|Cu|Na|O,1,0,1,2,0,1,2,2,0,4,1
19407,422,Ca|Cl|Cu|Na|O,1,0,1,2,0,1,1,1,4,2,3
19408,422,Ca|Cl|Cu|Na|O,1,0,1,2,0,1,4,3,4,0,2
19409,2934,Ge|Pd|Sr,1,4,1,4,0,1,0,4,2,4,0
19410,521,Ba|Cu|O|Pr,0,2,0,0,2,1,3,3,1,0,1
19411,521,Ba|Cu|O|Pr,0,2,0,0,2,1,4,2,0,2,3
19412,1472,Bi|Pb,4,4,4,4,3,2,1,3,3,4,4
19413,1472,Bi|Pb,4,4,4,4,3,2,1,4,3,1,3
19414,2766,As|Ba|Fe|Ni,1,4,0,2,3,1,3,0,2,4,2
19415,2766,As|Ba|Fe|Ni,1,4,0,2,3,1,4,4,4,0,3
19416,1687,In|Y,2,1,0,2,0,2,1,1,2,1,1
19417,2973,As|Ca|Fe|Pt,3,1,1,1,0,0,2,1,2,0,0
19418,2973,As|Ca|Fe|Pt,3,1,1,1,0,0,4,1,1,4,1
19419,2765,As|Fe|O|Sr|V,4,2,0,1,3,0,3,1,2,4,3
19420,2925,As|Ca|Fe|Mg|O|Ti,0,3,2,1,2,1,1,4,1,4,1
19421,2908,As|Ca|Fe|O|Sc|Ti,1,1,1,3,1,2,1,3,4,2,4
19422,2907,Al|As|Ca|Fe|O|Ti,4,2,3,1,2,1,2,1,3,1,1
19423,2925,As|Ca|Fe|Mg|O|Ti,0,3,2,1,2,1,3,3,0,4,1
19424,2720,As|Ba|Co|Fe,1,3,3,0,1,0,2,2,2,2,2
19425,3029,As|Ba|Co|Fe|Zn,4,1,4,3,1,0,4,0,1,1,0
19426,3029,As|Ba|Co|Fe|Zn,4,1,4,3,1,0,2,4,1,3,0
19427,2720,As|Ba|Co|Fe,1,3,3,0,1,0,1,4,4,2,2
19428,3029,As|Ba|Co|Fe|Zn,4,1,4,3,1,0,3,0,2,4,4
19429,3029,As|Ba|Co|Fe|Zn,4,1,4,3,1,0,3,3,0,0,1
19430,3029,As|Ba|Co|Fe|Zn,4,1,4,3,1,0,3,0,2,3,3
19431,3029,As|Ba|Co|Fe|Zn,4,1,4,3,1,0,4,4,3,1,1
19432,2704,As|Co|Fe|Sr,1,3,3,0,1,3,2,0,4,3,3
19433,3030,As|Co|Fe|Sr|Zn,3,3,1,3,2,2,2,4,1,1,4
19434,3030,As|Co|Fe|Sr|Zn,3,3,1,3,2,2,2,4,0,2,1
19435,3030,As|Co|Fe|Sr|Zn,3,3,1,3,2,2,2,0,2,2,2
19436,2819,As|Ba|Fe|P,1,2,2,1,2,3,4,1,1,1,1
19437,2819,As|Ba|Fe|P,1,2,2,1,2,3,4,2,0,4,4
19438,1591,Cu|Rh|S,1,3,3,2,4,3,4,4,4,3,1
19439,1590,Cu|Rh|Se,1,1,4,1,4,2,1,2,2,3,2
19440,1675,In|N,0,1,0,4,1,1,1,2,3,3,2
19441,1675,In|N,0,1,0,4,1,1,4,0,1,2,1
19442,1675,In|N,0,1,0,4,1,1,0,1,3,1,0
19443,1675,In|N,0,1,0,4,1,1,0,0,1,0,3
19444,2736,Fe|Se|Te,3,3,3,2,2,4,1,1,4,1,3
19445,2736,Fe|Se|Te,3,3,3,2,2,4,2,4,3,4,0
19446,1073,C|Mg|Ni,1,2,0,4,2,4,4,0,0,2,0
19447,1296,B|C|Mg|Ni,4,0,1,2,2,1,3,2,1,0,2
19448,1296,B|C|Mg|Ni,4,0,1,2,2,1,1,0,4,0,1
19449,2779,As|Fe|Na,3,0,2,2,4,1,0,2,0,1,3
19450,2779,As|Fe|Na,3,0,2,2,4,1,4,4,3,4,1
19451,3031,As|Ba|Fe|Mo,4,2,0,0,4,4,3,1,1,1,3
19452,3031,As|Ba|Fe|Mo,4,2,0,0,4,4,2,0,1,1,1
19453,3031,As|Ba|Fe|Mo,4,2,0,0,4,4,2,2,0,2,1
19454,3031,As|Ba|Fe|Mo,4,2,0,0,4,4,4,4,2,0,0
19455,3031,As|Ba|Fe|Mo,4,2,0,0,4,4,4,3,0,2,4
19456,2973,As|Ca|Fe|Pt,3,1,1,1,0,0,3,0,4,2,3
19457,2973,As|Ca|Fe|Pt,3,1,1,1,0,0,0,1,1,1,0
19458,2973,As|Ca|Fe|Pt,3,1,1,1,0,0,3,1,4,0,3
19459,2973,As|Ca|Fe|Pt,3,1,1,1,0,0,1,4,4,1,1
19460,2723,As|Eu|Fe|K,0,4,4,0,2,3,2,3,4,1,3
19461,2723,As|Eu|Fe|K,0,4,4,0,2,3,3,3,3,3,3
19462,2723,As|Eu|Fe|K,0,4,4,0,2,3,1,3,1,2,0
19463,2723,As|Eu|Fe|K,0,4,4,0,2,3,2,1,2,4,0
19464,2762,As|Eu|Fe|P,1,3,2,1,0,4,1,3,2,1,3
19465,2983,As|Ca|Fe|La,3,4,2,1,1,4,2,2,2,3,3
19466,2983,As|Ca|Fe|La,3,4,2,1,1,4,2,4,4,0,2
19467,3032,As|Ca|Ce|Fe,2,1,1,4,0,3,0,1,3,3,0
19468,3032,As|Ca|Ce|Fe,2,1,1,4,0,3,4,2,0,2,1
19469,3033,As|Ca|Fe|Pr,0,1,1,1,0,2,4,1,2,3,0
19470,3033,As|Ca|Fe|Pr,0,1,1,1,0,2,0,4,4,3,2
19471,3034,As|Ca|Fe|Nd,3,2,2,4,1,2,4,2,4,4,0
19472,3034,As|Ca|Fe|Nd,3,2,2,4,1,2,4,0,0,1,3
19473,2873,As|Ba|Fe|Ru,0,0,1,2,0,0,3,3,1,3,4
19474,2873,As|Ba|Fe|Ru,0,0,1,2,0,0,3,3,2,0,4
19475,2873,As|Ba|Fe|Ru,0,0,1,2,0,0,1,3,1,1,2
19476,3035,Ge|Ni|Sr,0,2,3,4,3,3,2,2,1,2,4
19477,2934,Ge|Pd|Sr,1,4,1,4,0,1,1,3,0,1,1
19478,3036,Ge|Ni|Pd|Sr,4,1,2,2,2,3,4,4,1,1,3
19479,3037,Ge|Pd|Rh|Sr,2,1,0,2,3,3,3,2,0,2,4
19480,3038,Co|Ge|Pd|Sr,3,1,0,3,2,2,4,0,1,3,2
19481,2968,Fe|K|S|Se,2,1,2,0,3,4,1,2,3,4,1
19482,3039,La|Ni|P,4,1,1,0,1,3,0,4,2,4,0
19483,3040,Fe|O|Se|Te,1,3,0,2,0,4,2,4,3,1,1
19484,2932,Fe|Rb|Se,2,0,0,1,2,0,3,4,2,1,4
19485,2901,Fe|K|Se,4,0,4,2,2,4,4,0,0,4,4
19486,2973,As|Ca|Fe|Pt,3,1,1,1,0,0,4,4,0,4,4
19487,3041,P|Rh|Ru,3,0,2,0,1,0,2,4,3,3,4
19488,3041,P|Rh|Ru,3,0,2,0,1,0,3,0,1,3,4
19489,3041,P|Rh|Ru,3,0,2,0,1,0,4,1,2,0,2
19490,3042,As|Rh|Ru,4,1,0,3,2,3,2,4,1,2,0
19491,3042,As|Rh|Ru,4,1,0,3,2,3,4,3,3,3,3
19492,3042,As|Rh|Ru,4,1,0,3,2,3,1,0,4,4,1
19493,3043,Ru|Sb,4,2,0,1,3,1,1,2,3,4,2
19494,2723,As|Eu|Fe|K,0,4,4,0,2,3,0,3,2,0,2
19495,3044,As|Eu|Fe|K|Ni,4,2,2,1,4,1,3,1,3,0,2
19496,3044,As|Eu|Fe|K|Ni,4,2,2,1,4,1,3,1,0,3,1
19497,3045,Cl|K|N|Ti,3,1,3,3,0,1,0,0,1,0,2
19498,2078,Cl|Hf|N,4,1,2,3,0,0,4,0,0,4,3
19499,1159,Pd|Sn|Y,4,4,1,1,4,3,3,1,1,3,2
19500,1169,Lu|Pd|Sn,2,3,1,4,0,0,2,2,0,2,1
19501,1168,Pd|Sc|Sn,2,2,4,3,0,0,3,4,0,1,2
19502,2653,Al|Hf|Pd,1,0,4,4,4,2,4,3,0,2,4
19503,2654,Al|Pd|Zr,3,1,1,0,2,3,1,2,1,4,2
19504,2748,Hf|In|Pd,4,4,1,4,4,3,1,2,3,1,0
19505,2747,In|Pd|Zr,4,3,3,3,4,1,3,1,4,4,3
19506,3046,Ga|Sc,1,0,1,0,0,3,4,0,0,1,2
19507,1609,Ga|Lu,2,3,1,1,1,1,4,0,2,3,3
19508,2932,Fe|Rb|Se,2,0,0,1,2,0,1,1,0,2,4
19509,3047,Fe|Rb|Se|Te,0,0,4,1,1,2,2,1,2,4,2
19510,3047,Fe|Rb|Se|Te,0,0,4,1,1,2,4,0,3,4,0
19511,3047,Fe|Rb|Se|Te,0,0,4,1,1,2,2,3,4,4,2
19512,3047,Fe|Rb|Se|Te,0,0,4,1,1,2,4,2,2,4,2
19513,3048,As|Ca|Fe|Sr,2,0,0,4,1,3,4,3,2,2,3
19514,1006,Te|Zr,0,4,2,1,3,3,4,4,4,2,3
19515,1007,Ce|Cu|Si,1,4,3,3,1,1,1,1,1,4,1
19516,2698,As|Ba|Fe|K,4,0,3,3,3,3,0,1,0,2,1
19517,2855,As|Ba|Fe|K|Mn,1,3,2,1,3,4,2,3,1,2,0
19518,3049,As|Ba|Fe|K|Ru,2,3,4,1,4,3,1,2,3,1,2
19519,2895,As|Ba|Co|Fe|K,2,4,4,1,2,4,3,2,0,2,4
19520,3050,As|Ba|Fe|K|Ni,0,3,4,2,1,4,3,4,2,0,3
19521,3051,As|Ba|Cu|Fe|K,0,2,1,2,4,1,4,1,1,0,2
19522,2856,As|Ba|Fe|K|Zn,1,1,0,4,0,4,2,2,3,2,0
19523,2855,As|Ba|Fe|K|Mn,1,3,2,1,3,4,4,0,4,0,2
19524,3051,As|Ba|Cu|Fe|K,0,2,1,2,4,1,1,3,1,0,4
19525,3050,As|Ba|Fe|K|Ni,0,3,4,2,1,4,0,4,3,3,1
19526,3050,As|Ba|Fe|K|Ni,0,3,4,2,1,4,2,1,3,0,2
19527,2856,As|Ba|Fe|K|Zn,1,1,0,4,0,4,3,2,3,0,4
19528,2856,As|Ba|Fe|K|Zn,1,1,0,4,0,4,3,3,1,3,4
19529,2895,As|Ba|Co|Fe|K,2,4,4,1,2,4,0,3,1,1,2
19530,2895,As|Ba|Co|Fe|K,2,4,4,1,2,4,2,0,4,1,2
19531,3049,As|Ba|Fe|K|Ru,2,3,4,1,4,3,3,0,3,3,1
19532,2932,Fe|Rb|Se,2,0,0,1,2,0,0,4,0,0,3
19533,2905,As|Ce|Fe|H|O,1,1,1,4,2,3,4,4,3,1,2
19534,2905,As|Ce|Fe|H|O,1,1,1,4,2,3,0,0,0,3,0
19535,2905,As|Ce|Fe|H|O,1,1,1,4,2,3,4,3,2,2,1
19536,2905,As|Ce|Fe|H|O,1,1,1,4,2,3,1,2,3,1,3
19537,2895,As|Ba|Co|Fe|K,2,4,4,1,2,4,0,1,3,0,4
19538,2779,As|Fe|Na,3,0,2,2,4,1,3,0,4,4,2
19539,2826,As|Co|Fe|Na,3,4,2,2,3,4,0,1,3,4,3
19540,2826,As|Co|Fe|Na,3,4,2,2,3,4,2,4,3,3,0
19541,2826,As|Co|Fe|Na,3,4,2,2,3,4,0,3,3,0,0
19542,2826,As|Co|Fe|Na,3,4,2,2,3,4,4,0,2,2,0
19543,2826,As|Co|Fe|Na,3,4,2,2,3,4,1,2,2,1,4
19544,2973,As|Ca|Fe|Pt,3,1,1,1,0,0,1,4,1,0,2
19545,2973,As|Ca|Fe|Pt,3,1,1,1,0,0,2,4,3,4,4
19546,2973,As|Ca|Fe|Pt,3,1,1,1,0,0,1,1,1,0,2
19547,2973,As|Ca|Fe|Pt,3,1,1,1,0,0,4,2,1,3,1
19548,2973,As|Ca|Fe|Pt,3,1,1,1,0,0,2,4,1,3,0
19549,3052,As|Ce|Fe|O|P,3,4,3,0,3,0,4,0,2,0,4
19550,2277,La|Ru|Si,0,2,4,0,0,2,4,2,2,3,4
19551,3053,Fe|La|Ru|Si,1,2,3,3,1,1,1,0,2,2,3
19552,3053,Fe|La|Ru|Si,1,2,3,3,1,1,2,0,1,2,4
19553,3053,Fe|La|Ru|Si,1,2,3,3,1,1,1,1,0,2,4
19554,3053,Fe|La|Ru|Si,1,2,3,3,1,1,0,4,0,2,4
19555,3054,Co|La|Ru|Si,4,3,2,1,2,1,0,1,2,1,0
19556,3054,Co|La|Ru|Si,4,3,2,1,2,1,0,1,1,0,3
19557,3054,Co|La|Ru|Si,4,3,2,1,2,1,1,4,2,3,4
19558,3055,Cl|N|Na|Ti,4,3,2,4,2,2,4,0,0,1,1
19559,1187,Ir|Lu|Si,1,1,4,1,1,2,4,1,4,1,4
19560,1189,Ge|Ir|Lu|Si,4,3,1,0,4,2,4,1,0,0,3
19561,1189,Ge|Ir|Lu|Si,4,3,1,0,4,2,3,4,2,2,3
19562,1189,Ge|Ir|Lu|Si,4,3,1,0,4,2,4,3,0,0,2
19563,1189,Ge|Ir|Lu|Si,4,3,1,0,4,2,2,1,1,3,3
19564,1189,Ge|Ir|Lu|Si,4,3,1,0,4,2,3,1,3,0,0
19565,1189,Ge|Ir|Lu|Si,4,3,1,0,4,2,3,3,2,2,4
19566,1189,Ge|Ir|Lu|Si,4,3,1,0,4,2,4,4,2,0,0
19567,2306,Ir|Lu|Rh|Si,1,0,0,1,4,2,4,3,1,3,1
19568,2306,Ir|Lu|Rh|Si,1,0,0,1,4,2,0,0,1,3,0
19569,2306,Ir|Lu|Rh|Si,1,0,0,1,4,2,0,2,1,4,3
19570,2306,Ir|Lu|Rh|Si,1,0,0,1,4,2,2,1,3,1,3
19571,2251,Ir|Lu|Sc|Si,0,4,4,0,1,4,3,3,4,4,0
19572,2251,Ir|Lu|Sc|Si,0,4,4,0,1,4,0,3,2,1,3
19573,2251,Ir|Lu|Sc|Si,0,4,4,0,1,4,3,0,1,1,0
19574,1046,Bi|Rh,2,4,4,1,1,0,4,2,2,1,2
19575,3056,K|Ni|Se,2,2,2,0,0,2,0,2,0,1,3
19576,2697,As|Fe|La|O,4,3,2,1,1,3,0,4,4,3,4
19577,3057,As|Fe|H|La,4,3,3,1,3,2,1,3,3,3,4
19578,3057,As|Fe|H|La,4,3,3,1,3,2,3,3,2,1,2
19579,3057,As|Fe|H|La,4,3,3,1,3,2,0,0,2,2,0
19580,3057,As|Fe|H|La,4,3,3,1,3,2,0,0,0,3,0
19581,3057,As|Fe|H|La,4,3,3,1,3,2,3,2,1,2,4
19582,2581,Ca|Ir|Sn,3,1,4,4,0,4,1,2,0,4,1
19583,2819,As|Ba|Fe|P,1,2,2,1,2,3,3,4,0,1,1
19584,2819,As|Ba|Fe|P,1,2,2,1,2,3,0,1,2,4,3
19585,2819,As|Ba|Fe|P,1,2,2,1,2,3,3,1,0,2,0
19586,3058,Ba|Ge|Ni|P,0,1,3,2,0,1,0,3,1,4,4
19587,3058,Ba|Ge|Ni|P,0,1,3,2,0,1,3,3,0,3,4
19588,3058,Ba|Ge|Ni|P,0,1,3,2,0,1,4,3,4,2,0
19589,3058,Ba|Ge|Ni|P,0,1,3,2,0,1,4,1,2,0,4
19590,3058,Ba|Ge|Ni|P,0,1,3,2,0,1,3,1,3,4,4
19591,2681,Ba|Ni|P,1,4,0,3,3,4,1,4,4,4,2
19592,2987,As|Ca|Fe|Na,3,3,0,1,1,4,2,0,1,0,2
19593,2973,As|Ca|Fe|Pt,3,1,1,1,0,0,4,0,0,1,4
19594,2610,Al|Na|Si,1,4,0,2,2,1,1,3,2,4,3
19595,2698,As|Ba|Fe|K,4,0,3,3,3,3,2,1,2,0,2
19596,2698,As|Ba|Fe|K,4,0,3,3,3,3,3,4,3,4,4
19597,1118,Fe|La|O|P,0,1,2,1,3,2,2,3,2,1,0
19598,1118,Fe|La|O|P,0,1,2,1,3,2,1,0,1,2,4
19599,2777,Fe|O|P|Pr,0,2,3,3,1,1,0,0,2,0,4
19600,2778,Fe|Nd|O|P,0,3,2,4,3,1,3,3,4,3,3
19601,1118,Fe|La|O|P,0,1,2,1,3,2,4,3,0,4,0
19602,1118,Fe|La|O|P,0,1,2,1,3,2,4,3,1,2,3
19603,1118,Fe|La|O|P,0,1,2,1,3,2,3,2,0,1,3
19604,3059,Bi|Ce|F|O|S,3,0,1,4,1,1,3,2,0,1,2
19605,3059,Bi|Ce|F|O|S,3,0,1,4,1,1,3,4,4,1,3
19606,3059,Bi|Ce|F|O|S,3,0,1,4,1,1,1,4,3,2,2
19607,3059,Bi|Ce|F|O|S,3,0,1,4,1,1,1,2,3,4,2
19608,2736,Fe|Se|Te,3,3,3,2,2,4,4,0,0,0,4
19609,3060,Bi|F|La|O|S,2,4,1,0,2,4,0,4,0,1,0
19610,3060,Bi|F|La|O|S,2,4,1,0,2,4,1,3,4,1,1
19611,3060,Bi|F|La|O|S,2,4,1,0,2,4,0,2,3,2,3
19612,3061,Bi|O|S,3,1,4,0,3,2,3,1,0,4,2
19613,2493,Ge|La|Pt,0,0,3,2,0,2,4,0,4,2,3
19614,2643,Ge|Pr|Pt,4,3,4,3,1,3,0,3,0,4,3
19615,2717,As|Fe|K,3,2,2,2,0,0,3,2,1,3,0
19616,3062,Bi|Ca|Cu|Fe|O|Sr|Tl|Yb,3,4,0,3,3,2,2,3,1,4,0
19617,3063,Bi|Ca|Cd|Cu|Fe|O|Sr|Tl|Yb,2,2,0,3,3,0,2,2,4,1,3
19618,3063,Bi|Ca|Cd|Cu|Fe|O|Sr|Tl|Yb,2,2,0,3,3,0,1,1,2,2,1
19619,3063,Bi|Ca|Cd|Cu|Fe|O|Sr|Tl|Yb,2,2,0,3,3,0,0,4,2,3,1
19620,3063,Bi|Ca|Cd|Cu|Fe|O|Sr|Tl|Yb,2,2,0,3,3,0,3,4,0,3,0
19621,3064,Ba|Bi|O|Ti,3,1,1,0,4,0,1,2,4,2,4
19622,307,Ba|Ca|Cu|Hg|O,2,4,3,2,4,3,2,0,4,1,0
19623,3065,As|Ba|O|Sb|Ti,1,2,3,4,4,4,3,2,1,3,3
19624,3024,Ba|O|Sb|Ti,2,4,2,4,1,2,3,4,2,4,3
19625,3066,Ba|Bi|O|Sb|Ti,3,3,3,2,3,2,0,1,2,4,3
19626,3066,Ba|Bi|O|Sb|Ti,3,3,3,2,3,2,2,0,2,0,0
19627,3066,Ba|Bi|O|Sb|Ti,3,3,3,2,3,2,2,3,4,0,0
19628,3066,Ba|Bi|O|Sb|Ti,3,3,3,2,3,2,1,4,0,1,4
19629,3067,Bi|F|Nd|O|S,2,1,1,4,2,0,1,2,2,4,0
19630,3067,Bi|F|Nd|O|S,2,1,1,4,2,0,4,1,1,3,0
19631,3067,Bi|F|Nd|O|S,2,1,1,4,2,0,2,1,4,1,4
19632,3067,Bi|F|Nd|O|S,2,1,1,4,2,0,0,4,3,3,2
19633,3067,Bi|F|Nd|O|S,2,1,1,4,2,0,4,3,0,4,2
19634,3067,Bi|F|Nd|O|S,2,1,1,4,2,0,1,3,0,2,0
19635,3067,Bi|F|Nd|O|S,2,1,1,4,2,0,1,2,0,1,2
19636,3061,Bi|O|S,3,1,4,0,3,2,4,2,3,0,2
19637,3061,Bi|O|S,3,1,4,0,3,2,0,1,1,1,2
19638,2931,Bi|Cu|O|S,3,0,2,0,3,0,3,4,4,3,2
19639,2931,Bi|Cu|O|S,3,0,2,0,3,0,0,2,1,4,1
19640,2931,Bi|Cu|O|S,3,0,2,0,3,0,4,0,4,0,1
19641,2931,Bi|Cu|O|S,3,0,2,0,3,0,4,2,2,2,0
19642,47,Ba|Ca|Cu|O|Tl,3,2,1,1,4,1,4,0,1,0,3
19643,47,Ba|Ca|Cu|O|Tl,3,2,1,1,4,1,3,3,3,4,1
19644,47,Ba|Ca|Cu|O|Tl,3,2,1,1,4,1,4,3,2,2,2
19645,47,Ba|Ca|Cu|O|Tl,3,2,1,1,4,1,3,4,2,3,1
19646,47,Ba|Ca|Cu|O|Tl,3,2,1,1,4,1,0,3,1,2,1
19647,2961,Al|As|Ca|Fe|O,2,0,0,3,2,4,2,2,1,4,2
19648,2962,Al|Ca|Fe|O|P,1,1,4,4,2,4,4,0,2,1,4
19649,2961,Al|As|Ca|Fe|O,2,0,0,3,2,4,3,0,1,3,1
19650,2962,Al|Ca|Fe|O|P,1,1,4,4,2,4,0,2,4,0,0
19651,986,C|Y,2,2,0,0,3,2,2,1,0,1,2
19652,989,B|C|Mg,0,0,4,4,2,0,0,0,0,2,2
19653,989,B|C|Mg,0,0,4,4,2,0,4,3,4,3,3
19654,2736,Fe|Se|Te,3,3,3,2,2,4,1,4,3,0,3
19655,2736,Fe|Se|Te,3,3,3,2,2,4,0,0,0,2,4
19656,2736,Fe|Se|Te,3,3,3,2,2,4,2,0,0,0,1
19657,2736,Fe|Se|Te,3,3,3,2,2,4,0,4,0,1,3
19658,2901,Fe|K|Se,4,0,4,2,2,4,3,3,2,3,4
19659,2282,Ge|Ru|Y,1,4,0,4,4,2,1,0,1,2,1
19660,3068,Bi|F|La|S|Sr,2,4,4,1,0,4,0,1,2,2,0
19661,1006,Te|Zr,0,4,2,1,3,3,3,3,3,1,4
19662,268,Cu|Mo|O|Sr|Y,4,2,1,1,2,0,0,3,0,4,4
19663,573,Ca|Cu|Mo|O|Sr|Y,1,4,1,2,1,0,1,2,3,4,3
19664,2820,Fe|Li|P,4,2,3,4,0,0,3,1,0,4,4
19665,3069,As|Ca|Fe|La|Pt,0,0,1,0,4,4,3,1,2,2,4
19666,3069,As|Ca|Fe|La|Pt,0,0,1,0,4,4,0,1,3,2,1
19667,3069,As|Ca|Fe|La|Pt,0,0,1,0,4,4,0,2,1,3,2
19668,3069,As|Ca|Fe|La|Pt,0,0,1,0,4,4,0,3,1,0,2
19669,3069,As|Ca|Fe|La|Pt,0,0,1,0,4,4,0,1,2,3,2
19670,2820,Fe|Li|P,4,2,3,4,0,0,4,1,3,3,4
19671,2716,As|Fe|Li,3,0,4,1,4,4,1,0,3,2,0
19672,3070,Pt|Sb|Sr,0,0,4,1,2,2,1,1,3,1,2
19673,2643,Ge|Pr|Pt,4,3,4,3,1,3,2,1,1,1,3
19674,2973,As|Ca|Fe|Pt,3,1,1,1,0,0,0,3,2,3,2
19675,2973,As|Ca|Fe|Pt,3,1,1,1,0,0,3,4,1,0,0
19676,2973,As|Ca|Fe|Pt,3,1,1,1,0,0,1,3,0,0,1
19677,2973,As|Ca|Fe|Pt,3,1,1,1,0,0,4,2,4,2,0
19678,2973,As|Ca|Fe|Pt,3,1,1,1,0,0,2,0,1,0,3
19679,2973,As|Ca|Fe|Pt,3,1,1,1,0,0,0,0,3,2,0
19680,2973,As|Ca|Fe|Pt,3,1,1,1,0,0,3,2,4,4,0
19681,2973,As|Ca|Fe|Pt,3,1,1,1,0,0,3,2,0,0,1
19682,3069,As|Ca|Fe|La|Pt,0,0,1,0,4,4,4,2,3,2,0
19683,2214,Ag|Se|Sn,1,4,4,4,1,1,4,4,2,2,1
19684,2995,As|Fe|P|Sr,3,2,1,3,3,4,2,0,0,3,1
19685,2766,As|Ba|Fe|Ni,1,4,0,2,3,1,1,1,0,4,0
19686,2766,As|Ba|Fe|Ni,1,4,0,2,3,1,3,4,0,2,2
19687,2901,Fe|K|Se,4,0,4,2,2,4,1,4,0,1,2
19688,2901,Fe|K|Se,4,0,4,2,2,4,3,1,2,4,4
19689,2723,As|Eu|Fe|K,0,4,4,0,2,3,4,0,0,0,1
19690,2698,As|Ba|Fe|K,4,0,3,3,3,3,0,1,3,3,4
19691,2698,As|Ba|Fe|K,4,0,3,3,3,3,3,4,0,1,4
19692,2698,As|Ba|Fe|K,4,0,3,3,3,3,0,3,0,0,1
19693,2698,As|Ba|Fe|K,4,0,3,3,3,3,3,3,0,3,0
19694,2698,As|Ba|Fe|K,4,0,3,3,3,3,4,1,4,0,2
19695,2698,As|Ba|Fe|K,4,0,3,3,3,3,2,3,4,3,4
19696,2717,As|Fe|K,3,2,2,2,0,0,4,4,4,3,3
19697,1772,Mo|Sb,2,1,1,2,2,0,0,3,3,3,2
19698,2735,Fe|Se,2,0,2,1,2,4,2,2,4,0,3
19699,2987,As|Ca|Fe|Na,3,3,0,1,1,4,4,1,4,1,4
19700,2918,As|F|Fe|La|O|Ru,3,3,2,2,2,4,4,2,0,2,3
19701,2918,As|F|Fe|La|O|Ru,3,3,2,2,2,4,0,4,1,4,0
19702,2918,As|F|Fe|La|O|Ru,3,3,2,2,2,4,4,2,0,4,4
19703,2918,As|F|Fe|La|O|Ru,3,3,2,2,2,4,4,2,0,3,2
19704,2918,As|F|Fe|La|O|Ru,3,3,2,2,2,4,2,2,0,4,1
19705,2918,As|F|Fe|La|O|Ru,3,3,2,2,2,4,1,4,2,0,4
19706,2911,As|F|Fe|Nd|O|Ru,1,3,0,0,3,1,2,3,4,3,0
19707,2911,As|F|Fe|Nd|O|Ru,1,3,0,0,3,1,4,0,0,0,0
19708,2911,As|F|Fe|Nd|O|Ru,1,3,0,0,3,1,0,0,2,0,2
19709,2911,As|F|Fe|Nd|O|Ru,1,3,0,0,3,1,0,2,2,0,4
19710,2911,As|F|Fe|Nd|O|Ru,1,3,0,0,3,1,4,3,3,4,4
19711,2875,As|F|Fe|O|Ru|Sm,1,0,2,0,3,0,0,3,2,2,2
19712,2875,As|F|Fe|O|Ru|Sm,1,0,2,0,3,0,2,4,2,1,0
19713,2875,As|F|Fe|O|Ru|Sm,1,0,2,0,3,0,4,4,4,1,2
19714,2875,As|F|Fe|O|Ru|Sm,1,0,2,0,3,0,2,0,3,4,4
19715,3071,Ir|Pt|Te,2,4,2,2,3,0,4,2,4,2,4
19716,3071,Ir|Pt|Te,2,4,2,2,3,0,2,3,4,1,0
19717,3071,Ir|Pt|Te,2,4,2,2,3,0,3,4,4,4,1
19718,3071,Ir|Pt|Te,2,4,2,2,3,0,0,1,4,1,0
19719,3071,Ir|Pt|Te,2,4,2,2,3,0,1,2,4,0,0
19720,3071,Ir|Pt|Te,2,4,2,2,3,0,0,3,3,1,2
19721,1295,In|Sn|Te,3,2,4,3,4,1,4,4,2,0,2
19722,1295,In|Sn|Te,3,2,4,3,4,1,3,3,0,0,0
19723,1295,In|Sn|Te,3,2,4,3,4,1,0,2,1,4,0
19724,1295,In|Sn|Te,3,2,4,3,4,1,3,0,0,3,2
19725,1295,In|Sn|Te,3,2,4,3,4,1,3,2,3,3,1
19726,1295,In|Sn|Te,3,2,4,3,4,1,4,0,0,1,4
19727,1295,In|Sn|Te,3,2,4,3,4,1,0,2,3,1,3
19728,2888,As|Fe|Ir|O|Sm,2,3,1,1,3,0,1,0,4,4,2
19729,2735,Fe|Se,2,0,2,1,2,4,3,3,0,3,1
19730,3072,Fe|Sb|Se,2,0,1,3,2,3,1,4,3,0,1
19731,3072,Fe|Sb|Se,2,0,1,3,2,3,3,1,1,1,4
19732,3072,Fe|Sb|Se,2,0,1,3,2,3,0,0,3,0,3
19733,2321,Ca|Ga|Si,3,2,4,2,4,2,4,0,2,3,0
19734,1283,Bi|Te,4,1,2,1,1,0,4,3,2,2,4
19735,2600,Bi|Sb,3,2,3,3,1,2,2,3,0,3,2
19736,1132,Se|Ta,4,3,0,3,1,2,2,0,2,2,2
19737,3073,Cu|Li|P,4,4,1,3,4,2,2,3,4,4,2
19738,2820,Fe|Li|P,4,2,3,4,0,0,1,2,2,3,4
19739,3045,Cl|K|N|Ti,3,1,3,3,0,1,4,4,0,4,1
19740,1783,N|Ti,2,1,1,3,2,1,0,2,2,0,1
19741,3074,Cl|Li|N|Ti,0,3,3,2,4,1,3,4,0,4,4
19742,3055,Cl|N|Na|Ti,4,3,2,4,2,2,2,3,0,1,3
19743,3075,Cl|N|Rb|Ti,1,1,4,2,2,2,4,0,1,0,1
19744,521,Ba|Cu|O|Pr,0,2,0,0,2,1,4,4,3,2,2
19745,521,Ba|Cu|O|Pr,0,2,0,0,2,1,4,1,4,4,2
19746,521,Ba|Cu|O|Pr,0,2,0,0,2,1,4,1,2,4,1
19747,2934,Ge|Pd|Sr,1,4,1,4,0,1,2,4,2,0,3
19748,3036,Ge|Ni|Pd|Sr,4,1,2,2,2,3,1,0,4,1,2
19749,3036,Ge|Ni|Pd|Sr,4,1,2,2,2,3,1,4,1,3,2
19750,3035,Ge|Ni|Sr,0,2,3,4,3,3,2,2,3,3,1
19751,2716,As|Fe|Li,3,0,4,1,4,4,3,4,2,1,0
19752,3076,As|Cu|Fe|Li,0,1,3,2,3,2,4,3,2,1,4
19753,3077,Ge|Pd|Pt|Sr,4,0,2,3,0,4,1,4,4,3,3
19754,3077,Ge|Pd|Pt|Sr,4,0,2,3,0,4,3,0,0,0,2
19755,3077,Ge|Pd|Pt|Sr,4,0,2,3,0,4,3,4,2,3,3
19756,3077,Ge|Pd|Pt|Sr,4,0,2,3,0,4,2,3,4,4,3
19757,3077,Ge|Pd|Pt|Sr,4,0,2,3,0,4,3,2,0,3,2
19758,3077,Ge|Pd|Pt|Sr,4,0,2,3,0,4,2,1,1,2,4
19759,3077,Ge|Pd|Pt|Sr,4,0,2,3,0,4,2,3,1,1,1
19760,3077,Ge|Pd|Pt|Sr,4,0,2,3,0,4,4,2,2,2,0
19761,3078,Ge|Pd|Si|Sr,3,2,2,0,4,3,1,2,2,3,4
19762,3078,Ge|Pd|Si|Sr,3,2,2,0,4,3,2,0,2,0,1
19763,3078,Ge|Pd|Si|Sr,3,2,2,0,4,3,0,4,0,3,0
19764,3079,Ag|Ge|Pd|Sr,1,0,0,2,4,4,1,1,3,2,4
19765,3079,Ag|Ge|Pd|Sr,1,0,0,2,4,4,2,2,2,2,1
19766,3079,Ag|Ge|Pd|Sr,1,0,0,2,4,4,2,3,1,4,1
19767,2581,Ca|Ir|Sn,3,1,4,4,0,4,3,4,1,3,3
19768,2901,Fe|K|Se,4,0,4,2,2,4,4,3,0,3,1
19769,3028,Ge|La|Ni,1,0,1,0,2,2,3,2,2,1,3
19770,3080,Ge|La|Pd|Sn,3,3,3,4,0,1,3,4,0,0,3
19771,3081,Ge|La|Pt|Sn,3,0,1,1,4,3,3,0,4,0,1
19772,3080,Ge|La|Pd|Sn,3,3,3,4,0,1,1,2,3,3,1
19773,3080,Ge|La|Pd|Sn,3,3,3,4,0,1,0,1,2,3,3
19774,1675,In|N,0,1,0,4,1,1,1,3,0,3,2
19775,2720,As|Ba|Co|Fe,1,3,3,0,1,0,4,3,4,2,0
19776,3029,As|Ba|Co|Fe|Zn,4,1,4,3,1,0,2,2,1,0,3
19777,3029,As|Ba|Co|Fe|Zn,4,1,4,3,1,0,0,0,0,3,2
19778,3029,As|Ba|Co|Fe|Zn,4,1,4,3,1,0,4,0,4,4,2
19779,2287,Ir|Si|Y,4,0,3,2,1,0,4,1,1,3,1
19780,1198,Ir|La|Si,4,4,3,3,2,4,4,0,0,0,4
19781,2282,Ge|Ru|Y,1,4,0,4,4,2,3,3,2,4,1
19782,1187,Ir|Lu|Si,1,1,4,1,1,2,0,0,3,0,3
19783,2720,As|Ba|Co|Fe,1,3,3,0,1,0,0,2,3,3,4
19784,3029,As|Ba|Co|Fe|Zn,4,1,4,3,1,0,1,1,3,3,0
19785,3029,As|Ba|Co|Fe|Zn,4,1,4,3,1,0,3,2,1,1,4
19786,3029,As|Ba|Co|Fe|Zn,4,1,4,3,1,0,2,2,3,1,3
19787,3029,As|Ba|Co|Fe|Zn,4,1,4,3,1,0,2,2,1,3,4
19788,3029,As|Ba|Co|Fe|Zn,4,1,4,3,1,0,1,1,3,3,4
19789,3029,As|Ba|Co|Fe|Zn,4,1,4,3,1,0,4,3,1,4,2
19790,2901,Fe|K|Se,4,0,4,2,2,4,4,0,4,2,2
19791,3082,Cr|Fe|K|Se,1,1,4,0,4,4,0,0,0,4,2
19792,3082,Cr|Fe|K|Se,1,1,4,0,4,4,1,2,1,0,3
19793,3083,Co|Fe|K|Se,1,4,3,3,0,1,3,1,3,1,2
19794,3083,Co|Fe|K|Se,1,4,3,3,0,1,1,4,3,1,4
19795,3083,Co|Fe|K|Se,1,4,3,3,0,1,1,4,3,0,2
19796,3084,Fe|K|Mn|Se,3,3,4,1,4,1,1,4,1,2,4
19797,3084,Fe|K|Mn|Se,3,3,4,1,4,1,0,3,3,4,2
19798,3084,Fe|K|Mn|Se,3,3,4,1,4,1,3,2,2,3,3
19799,3084,Fe|K|Mn|Se,3,3,4,1,4,1,4,4,1,4,2
19800,3084,Fe|K|Mn|Se,3,3,4,1,4,1,0,0,0,4,0
19801,2716,As|Fe|Li,3,0,4,1,4,4,2,3,1,0,0
19802,2698,As|Ba|Fe|K,4,0,3,3,3,3,1,1,1,0,1
19803,2698,As|Ba|Fe|K,4,0,3,3,3,3,2,2,2,4,2
19804,2698,As|Ba|Fe|K,4,0,3,3,3,3,1,3,4,3,3
19805,2698,As|Ba|Fe|K,4,0,3,3,3,3,4,0,1,1,3
19806,2698,As|Ba|Fe|K,4,0,3,3,3,3,2,3,3,2,3
19807,2698,As|Ba|Fe|K,4,0,3,3,3,3,4,0,4,4,0
19808,2698,As|Ba|Fe|K,4,0,3,3,3,3,4,2,4,4,3
19809,2698,As|Ba|Fe|K,4,0,3,3,3,3,2,4,1,4,0
19810,2698,As|Ba|Fe|K,4,0,3,3,3,3,0,0,3,2,0
19811,2698,As|Ba|Fe|K,4,0,3,3,3,3,3,4,0,4,4
19812,2698,As|Ba|Fe|K,4,0,3,3,3,3,3,0,0,4,0
19813,2698,As|Ba|Fe|K,4,0,3,3,3,3,1,2,1,4,1
19814,2698,As|Ba|Fe|K,4,0,3,3,3,3,0,1,4,1,3
19815,2698,As|Ba|Fe|K,4,0,3,3,3,3,0,4,4,1,3
19816,2698,As|Ba|Fe|K,4,0,3,3,3,3,3,1,4,1,1
19817,1109,La|P|Ru,2,1,2,4,0,0,4,2,1,0,4
19818,2689,As|F|Fe|O|Sm,3,3,1,1,0,0,2,1,3,1,1
19819,2736,Fe|Se|Te,3,3,3,2,2,4,1,4,1,3,3
19820,2736,Fe|Se|Te,3,3,3,2,2,4,3,1,0,1,2
19821,2736,Fe|Se|Te,3,3,3,2,2,4,2,1,4,2,2
19822,2736,Fe|Se|Te,3,3,3,2,2,4,0,3,2,1,3
19823,2894,As|Fe|Rb,3,2,1,2,1,0,0,1,0,2,4
19824,2894,As|Fe|Rb,3,2,1,2,1,0,1,0,2,0,4
19825,2720,As|Ba|Co|Fe,1,3,3,0,1,0,4,3,3,0,0
19826,2720,As|Ba|Co|Fe,1,3,3,0,1,0,1,3,3,4,4
19827,2720,As|Ba|Co|Fe,1,3,3,0,1,0,3,3,2,4,4
19828,2720,As|Ba|Co|Fe,1,3,3,0,1,0,0,3,2,0,3
19829,2720,As|Ba|Co|Fe,1,3,3,0,1,0,3,0,2,3,3
19830,2901,Fe|K|Se,4,0,4,2,2,4,3,0,2,3,0
19831,3085,As|Co|Fe|O|P|Pr,3,1,3,1,1,0,4,2,2,3,1
19832,3085,As|Co|Fe|O|P|Pr,3,1,3,1,1,0,2,2,0,4,3
19833,3085,As|Co|Fe|O|P|Pr,3,1,3,1,1,0,2,1,3,0,1
19834,3085,As|Co|Fe|O|P|Pr,3,1,3,1,1,0,3,2,3,1,1
19835,3085,As|Co|Fe|O|P|Pr,3,1,3,1,1,0,4,4,0,2,2
19836,3085,As|Co|Fe|O|P|Pr,3,1,3,1,1,0,4,3,4,2,4
19837,2689,As|F|Fe|O|Sm,3,3,1,1,0,0,4,4,0,2,1
19838,2679,As|F|Fe|La|O,2,4,1,2,3,1,0,3,1,2,2
19839,2643,Ge|Pr|Pt,4,3,4,3,1,3,4,2,0,0,2
19840,2718,As|Cs|Fe,3,3,1,0,1,1,2,3,0,0,3
19841,3086,B|V|Zr,3,0,1,3,1,0,0,3,4,3,3
19842,3086,B|V|Zr,3,0,1,3,1,0,4,2,2,2,1
19843,3086,B|V|Zr,3,0,1,3,1,0,1,0,4,2,0
19844,1709,Ir|Te,3,1,3,1,4,0,4,0,3,3,0
19845,3087,Bi|Hf|La|O|S,2,0,4,2,0,1,0,1,4,3,0
19846,3087,Bi|Hf|La|O|S,2,0,4,2,0,1,0,2,3,3,4
19847,3087,Bi|Hf|La|O|S,2,0,4,2,0,1,1,1,0,1,4
19848,3088,Bi|La|O|S|Zr,3,2,1,2,4,4,3,2,4,4,1
19849,3089,Bi|La|O|S|Ti,3,3,1,2,3,3,4,1,3,0,3
19850,3089,Bi|La|O|S|Ti,3,3,1,2,3,3,0,4,0,1,2
19851,2826,As|Co|Fe|Na,3,4,2,2,3,4,2,2,3,1,0
19852,3090,Cu|Ir|Te,4,0,0,3,3,4,4,0,0,3,0
19853,3090,Cu|Ir|Te,4,0,0,3,3,4,3,3,0,1,1
19854,3090,Cu|Ir|Te,4,0,0,3,3,4,0,2,3,4,1
19855,3090,Cu|Ir|Te,4,0,0,3,3,4,3,0,4,1,3
19856,3091,As|Fe|O|Pr|Te,4,4,0,3,4,4,3,1,2,4,4
19857,3092,Bi|Lu|Pt,4,0,1,2,4,2,3,2,4,0,3
19858,3093,Cu|Ir|Pt|Se,2,2,0,0,1,3,1,2,2,4,2
19859,3093,Cu|Ir|Pt|Se,2,2,0,0,1,3,2,1,2,4,3
19860,3093,Cu|Ir|Pt|Se,2,2,0,0,1,3,1,0,0,3,4
19861,2698,As|Ba|Fe|K,4,0,3,3,3,3,1,1,4,4,3
19862,2698,As|Ba|Fe|K,4,0,3,3,3,3,4,4,4,3,3
19863,2698,As|Ba|Fe|K,4,0,3,3,3,3,1,4,1,0,0
19864,2698,As|Ba|Fe|K,4,0,3,3,3,3,0,2,1,3,4
19865,2698,As|Ba|Fe|K,4,0,3,3,3,3,1,1,4,4,0
19866,2698,As|Ba|Fe|K,4,0,3,3,3,3,3,3,3,3,3
19867,3094,P|Pt|Sr,3,3,4,2,4,4,3,1,2,4,2
19868,3095,Ca|P|Pt,0,3,3,3,3,2,2,1,4,4,0
19869,3096,La|P|Pt,1,0,4,3,1,0,3,1,0,2,0
19870,106,Li|Mo|O,4,2,3,4,1,3,1,4,2,4,4
19871,3071,Ir|Pt|Te,2,4,2,2,3,0,2,0,1,2,0
19872,1019,C,3,3,4,3,4,0,3,2,2,4,1
19873,1019,C,3,3,4,3,4,0,1,0,4,0,4
19874,1019,C,3,3,4,3,4,0,3,2,3,3,3
19875,2808,As|F|Fe|O|Pr,1,2,4,3,2,1,2,4,3,1,1
19876,2679,As|F|Fe|La|O,2,4,1,2,3,1,4,0,2,4,2
19877,3009,As|F|Fe|La|O|Zn,1,1,1,2,4,0,1,2,4,3,0
19878,3009,As|F|Fe|La|O|Zn,1,1,1,2,4,0,2,0,2,4,2
19879,3009,As|F|Fe|La|O|Zn,1,1,1,2,4,0,0,2,4,3,3
19880,2735,Fe|Se,2,0,2,1,2,4,1,0,4,3,3
19881,3097,Fe|Se|Sn,4,3,1,2,0,1,3,4,4,1,2
19882,3097,Fe|Se|Sn,4,3,1,2,0,1,1,4,1,4,4
19883,1104,Al|Ca|Si,0,4,0,1,2,4,2,3,0,1,1
19884,1104,Al|Ca|Si,0,4,0,1,2,4,2,2,1,3,4
19885,1104,Al|Ca|Si,0,4,0,1,2,4,1,1,1,2,1
19886,2931,Bi|Cu|O|S,3,0,2,0,3,0,0,2,1,0,1
19887,2931,Bi|Cu|O|S,3,0,2,0,3,0,2,1,1,1,1
19888,2931,Bi|Cu|O|S,3,0,2,0,3,0,3,2,3,2,0
19889,3098,La|Pd|Sb,4,0,4,4,4,2,2,3,4,2,3
19890,3099,Cu|Eu|Nb|O|Sn|Sr,4,0,0,0,4,2,1,0,2,1,1
19891,3100,Bi|Cu|Te,1,4,0,1,3,0,1,3,3,1,3
19892,2641,Ge|Pt|Sr,4,0,2,3,3,3,4,1,2,4,4
19893,2689,As|F|Fe|O|Sm,3,3,1,1,0,0,2,3,1,1,0
19894,3101,As|F|Fe|Mn|O|Sm,0,3,2,4,3,4,0,0,0,3,4
19895,3101,As|F|Fe|Mn|O|Sm,0,3,2,4,3,4,3,2,1,0,4
19896,3101,As|F|Fe|Mn|O|Sm,0,3,2,4,3,4,0,3,0,2,3
19897,3102,As|F|Fe|Ni|O|Sm,1,3,3,1,3,4,2,2,4,2,3
19898,3102,As|F|Fe|Ni|O|Sm,1,3,3,1,3,4,2,0,4,2,0
19899,3102,As|F|Fe|Ni|O|Sm,1,3,3,1,3,4,4,0,1,0,3
19900,3102,As|F|Fe|Ni|O|Sm,1,3,3,1,3,4,4,3,0,1,0
19901,2973,As|Ca|Fe|Pt,3,1,1,1,0,0,3,1,4,2,1
19902,2973,As|Ca|Fe|Pt,3,1,1,1,0,0,3,1,2,1,3
19903,3103,C|Lu|Sn,3,0,0,1,3,2,4,4,3,3,0
19904,990,B|Li|Pd,4,4,0,1,0,2,0,2,2,1,2
19905,3104,Al|B|Li|Pd,3,1,4,1,4,4,2,0,3,4,0
19906,3104,Al|B|Li|Pd,3,1,4,1,4,4,2,1,1,3,0
19907,991,B|Li|Pt,0,1,3,2,0,0,0,4,4,2,4
19908,3105,Al|B|Li|Pt,4,4,3,1,4,3,3,0,2,3,0
19909,3105,Al|B|Li|Pt,4,4,3,1,4,3,4,0,4,3,2
19910,3071,Ir|Pt|Te,2,4,2,2,3,0,1,2,4,2,0
19911,3071,Ir|Pt|Te,2,4,2,2,3,0,2,3,1,1,3
19912,3071,Ir|Pt|Te,2,4,2,2,3,0,2,4,3,0,0
19913,2826,As|Co|Fe|Na,3,4,2,2,3,4,1,4,2,1,4
19914,3106,Co|Cu|Zr,3,0,0,0,4,1,0,2,0,4,2
19915,3106,Co|Cu|Zr,3,0,0,0,4,1,3,2,2,4,4
19916,3106,Co|Cu|Zr,3,0,0,0,4,1,4,1,3,1,4
19917,3106,Co|Cu|Zr,3,0,0,0,4,1,0,3,2,3,3
19918,3106,Co|Cu|Zr,3,0,0,0,4,1,3,1,0,4,4
19919,3106,Co|Cu|Zr,3,0,0,0,4,1,3,1,3,0,0
19920,3061,Bi|O|S,3,1,4,0,3,2,3,1,0,0,3
19921,3107,Bi|O|S|Se,4,0,2,0,3,2,3,1,1,4,1
19922,3107,Bi|O|S|Se,4,0,2,0,3,2,2,1,3,3,4
19923,3107,Bi|O|S|Se,4,0,2,0,3,2,0,0,4,1,3
19924,3108,As|Fe|O|Pr|Sb|Sr,2,4,4,4,3,2,0,0,0,3,4
19925,3108,As|Fe|O|Pr|Sb|Sr,2,4,4,4,3,2,4,2,4,1,2
19926,3108,As|Fe|O|Pr|Sb|Sr,2,4,4,4,3,2,1,2,3,3,1
19927,3109,As|Fe|O|P|Pr|Sr,1,2,0,0,2,2,1,2,1,0,3
19928,3108,As|Fe|O|Pr|Sb|Sr,2,4,4,4,3,2,1,0,1,0,2
19929,2756,As|Fe|O|Pr|Sr,2,2,1,0,0,1,2,4,1,4,0
19930,2717,As|Fe|K,3,2,2,2,0,0,1,1,0,4,0
19931,3110,As|Fe|K|Na,4,0,0,3,1,1,3,2,1,3,4
19932,1709,Ir|Te,3,1,3,1,4,0,1,1,4,2,2
19933,3111,Ir|Rh|Te,1,3,0,2,3,0,4,2,0,2,0
19934,3111,Ir|Rh|Te,1,3,0,2,3,0,1,1,3,4,2
19935,3111,Ir|Rh|Te,1,3,0,2,3,0,3,4,3,1,0
19936,3111,Ir|Rh|Te,1,3,0,2,3,0,2,0,3,0,0
19937,3111,Ir|Rh|Te,1,3,0,2,3,0,2,3,4,2,3
19938,3111,Ir|Rh|Te,1,3,0,2,3,0,1,4,0,0,1
19939,2679,As|F|Fe|La|O,2,4,1,2,3,1,1,4,2,2,1
19940,2703,As|Ce|F|Fe|O,1,2,1,4,1,1,4,1,2,2,3
19941,2808,As|F|Fe|O|Pr,1,2,4,3,2,1,4,0,4,2,3
19942,2692,As|F|Fe|Nd|O,0,2,2,1,1,1,4,4,2,0,0
19943,2689,As|F|Fe|O|Sm,3,3,1,1,0,0,2,3,2,4,4
19944,1158,La|Pd|Si,1,0,3,1,3,2,2,2,4,4,1
19945,3112,Nb|Pd|Se,3,2,4,3,0,4,3,4,0,1,1
19946,3112,Nb|Pd|Se,3,2,4,3,0,4,1,4,0,3,1
19947,3060,Bi|F|La|O|S,2,4,1,0,2,4,0,1,4,2,0
19948,3059,Bi|Ce|F|O|S,3,0,1,4,1,1,1,2,2,4,3
19949,3113,Ba|Na|O|Sb|Ti,2,4,1,1,0,0,3,0,4,0,3
19950,2735,Fe|Se,2,0,2,1,2,4,0,4,2,2,4
19951,3114,Nb|Pd|S,3,4,0,2,1,2,0,4,2,0,4
19952,3114,Nb|Pd|S,3,4,0,2,1,2,2,3,1,3,1
19953,3115,Nb|Pd|S|Se,1,4,4,3,3,3,3,2,0,0,4
19954,3115,Nb|Pd|S|Se,1,4,4,3,3,3,2,0,4,0,4
19955,3115,Nb|Pd|S|Se,1,4,4,3,3,3,3,1,1,4,4
19956,3115,Nb|Pd|S|Se,1,4,4,3,3,3,3,3,4,1,2
19957,3115,Nb|Pd|S|Se,1,4,4,3,3,3,0,1,0,1,2
19958,3115,Nb|Pd|S|Se,1,4,4,3,3,3,0,2,4,4,0
19959,1920,Sb|Zr,4,4,4,3,1,4,2,3,1,2,3
19960,1933,Sn|Zr,1,4,1,2,4,3,1,0,0,4,0
19961,1920,Sb|Zr,4,4,4,3,1,4,3,4,0,2,3
19962,3113,Ba|Na|O|Sb|Ti,2,4,1,1,0,0,3,0,0,3,0
19963,1295,In|Sn|Te,3,2,4,3,4,1,3,0,1,2,4
19964,1295,In|Sn|Te,3,2,4,3,4,1,3,4,1,3,4
19965,1295,In|Sn|Te,3,2,4,3,4,1,3,2,3,4,1
19966,3116,Ba|Ge|Ir,1,0,2,2,2,4,1,0,4,1,4
19967,3116,Ba|Ge|Ir,1,0,2,2,2,4,3,4,1,3,2
19968,1790,Nb|Re,2,1,0,4,1,2,2,3,0,1,3
19969,1790,Nb|Re,2,1,0,4,1,2,3,2,0,2,0
19970,1790,Nb|Re,2,1,0,4,1,2,1,2,0,3,4
19971,1790,Nb|Re,2,1,0,4,1,2,2,3,1,4,3
19972,3117,Bi|La|Pd,0,3,1,4,3,1,3,1,3,1,2
19973,2735,Fe|Se,2,0,2,1,2,4,0,1,4,0,4
19974,1047,Bi|Ni,0,1,1,4,1,4,3,2,4,2,3
19975,3118,Ce|Co|In|Ru,1,1,3,0,1,2,1,1,0,0,0
19976,3118,Ce|Co|In|Ru,1,1,3,0,1,2,2,3,3,3,4
19977,3118,Ce|Co|In|Ru,1,1,3,0,1,2,4,2,2,4,2
19978,3118,Ce|Co|In|Ru,1,1,3,0,1,2,3,3,1,3,1
19979,3118,Ce|Co|In|Ru,1,1,3,0,1,2,1,0,2,3,1
19980,2705,As|Eu|Fe,3,2,4,1,2,4,3,4,1,3,4
19981,3061,Bi|O|S,3,1,4,0,3,2,2,1,0,4,2
19982,2762,As|Eu|Fe|P,1,3,2,1,0,4,2,2,4,2,4
19983,3119,Fe|Li|O|Se,4,4,2,1,4,4,4,1,1,3,3
19984,2643,Ge|Pr|Pt,4,3,4,3,1,3,3,1,3,3,4
19985,3120,Ce|Ge|Pr|Pt,0,0,0,4,2,0,0,1,2,1,1
19986,3120,Ce|Ge|Pr|Pt,0,0,0,4,2,0,3,3,4,1,0
19987,3120,Ce|Ge|Pr|Pt,0,0,0,4,2,0,1,1,1,4,0
19988,3120,Ce|Ge|Pr|Pt,0,0,0,4,2,0,3,3,0,2,0
19989,3120,Ce|Ge|Pr|Pt,0,0,0,4,2,0,2,3,4,1,4
19990,3120,Ce|Ge|Pr|Pt,0,0,0,4,2,0,1,0,0,1,3
19991,3120,Ce|Ge|Pr|Pt,0,0,0,4,2,0,4,3,1,1,3
19992,3120,Ce|Ge|Pr|Pt,0,0,0,4,2,0,3,2,0,4,1
19993,1044,Bi|Ca,1,0,1,2,1,0,1,3,4,1,3
19994,3121,Ni|Se|Tl,1,0,1,4,1,2,4,3,3,1,1
19995,948,O|Rb|W,1,3,2,0,2,0,4,0,1,2,0
19996,3122,Br|Fe|Se,0,0,0,4,1,1,4,4,2,1,2
19997,3122,Br|Fe|Se,0,0,0,4,1,1,2,4,2,3,4
19998,3122,Br|Fe|Se,0,0,0,4,1,1,4,1,1,3,0
19999,3060,Bi|F|La|O|S,2,4,1,0,2,4,0,2,2,2,2
20000,3060,Bi|F|La|O|S,2,4,1,0,2,4,1,0,4,3,0
20001,3060,Bi|F|La|O|S,2,4,1,0,2,4,3,4,4,0,1
20002,3059,Bi|Ce|F|O|S,3,0,1,4,1,1,1,2,0,4,0
20003,3059,Bi|Ce|F|O|S,3,0,1,4,1,1,1,0,1,3,0
20004,3067,Bi|F|Nd|O|S,2,1,1,4,2,0,0,1,4,1,2
20005,3067,Bi|F|Nd|O|S,2,1,1,4,2,0,0,3,0,2,0
20006,3067,Bi|F|Nd|O|S,2,1,1,4,2,0,4,1,3,0,1
20007,3033,As|Ca|Fe|Pr,0,1,1,1,0,2,2,2,3,0,3
20008,1007,Ce|Cu|Si,1,4,3,3,1,1,0,2,4,2,4
20009,3123,As|Ca|Pd,4,0,3,4,3,0,1,2,0,4,1
20010,3124,As|Pd|Sr,0,1,1,0,3,3,1,1,0,2,4
20011,3125,As|Ba|Pd,1,4,3,0,3,3,1,4,4,3,2
20012,2692,As|F|Fe|Nd|O,0,2,2,1,1,1,0,2,1,2,2
20013,3126,Au|Sb|Te,1,3,0,2,4,4,1,4,4,4,4
20014,3126,Au|Sb|Te,1,3,0,2,4,4,1,0,3,0,3
20015,3126,Au|Sb|Te,1,3,0,2,4,4,0,3,3,4,4
20016,3126,Au|Sb|Te,1,3,0,2,4,4,4,2,0,3,4
20017,1397,Au|Sb,4,1,2,4,4,4,0,3,2,3,4
20018,1397,Au|Sb,4,1,2,4,4,4,0,3,1,2,0
20019,1397,Au|Sb,4,1,2,4,4,4,0,2,0,1,3
20020,1045,Ba|Bi,3,2,1,4,4,1,2,2,4,3,2
20021,2692,As|F|Fe|Nd|O,0,2,2,1,1,1,0,4,0,3,3
20022,3113,Ba|Na|O|Sb|Ti,2,4,1,1,0,0,0,1,0,2,0
20023,3113,Ba|Na|O|Sb|Ti,2,4,1,1,0,0,1,4,3,3,2
20024,3113,Ba|Na|O|Sb|Ti,2,4,1,1,0,0,3,4,2,4,3
20025,3113,Ba|Na|O|Sb|Ti,2,4,1,1,0,0,4,3,2,2,4
20026,2765,As|Fe|O|Sr|V,4,2,0,1,3,0,3,0,4,2,1
20027,3127,As|Ca|Fe|O|Sr|V,3,0,0,0,1,4,0,3,2,3,2
20028,3127,As|Ca|Fe|O|Sr|V,3,0,0,0,1,4,1,4,4,1,4
20029,3127,As|Ca|Fe|O|Sr|V,3,0,0,0,1,4,3,1,1,1,2
20030,3060,Bi|F|La|O|S,2,4,1,0,2,4,0,2,2,2,2
20031,3060,Bi|F|La|O|S,2,4,1,0,2,4,3,2,4,1,1
20032,3060,Bi|F|La|O|S,2,4,1,0,2,4,2,2,4,2,1
20033,3060,Bi|F|La|O|S,2,4,1,0,2,4,1,1,1,2,2
20034,3060,Bi|F|La|O|S,2,4,1,0,2,4,2,0,1,1,3
20035,3128,Bi|Er|Pd,3,2,1,4,2,3,3,4,2,3,1
20036,3129,Bi|La|Ni,1,2,3,1,0,2,4,2,3,4,1
20037,3130,Bi|Ce|Ni,0,4,3,3,3,0,3,1,2,0,4
20038,3131,Bi|Ni|Pr,1,2,0,4,2,0,4,1,4,2,1
20039,3132,Bi|Nd|Ni,3,3,0,4,4,3,4,1,4,3,0
20040,3133,Bi|Ni|Sm,1,0,1,0,2,0,1,1,0,0,0
20041,3134,Bi|Gd|Ni,2,3,1,3,3,2,3,0,3,1,0
20042,3135,Bi|Ni|Tb,1,2,2,4,0,1,1,2,4,2,0
20043,3136,Bi|Dy|Ni,3,2,4,0,0,2,2,1,0,1,1
20044,3067,Bi|F|Nd|O|S,2,1,1,4,2,0,1,1,3,1,4
20045,1268,P,4,0,0,0,4,3,4,0,1,0,4
20046,1181,C|La|Ni,4,3,2,0,2,0,1,0,4,4,0
20047,3137,C|Cu|La|Ni,1,3,0,0,3,2,1,1,4,4,0
20048,3137,C|Cu|La|Ni,1,3,0,0,3,2,0,4,1,2,4
20049,3137,C|Cu|La|Ni,1,3,0,0,3,2,4,1,4,2,2
20050,3137,C|Cu|La|Ni,1,3,0,0,3,2,0,1,3,0,1
20051,3137,C|Cu|La|Ni,1,3,0,0,3,2,3,2,3,3,3
20052,1013,Ge|La|Pd,2,0,2,4,2,3,2,4,3,0,1
20053,1013,Ge|La|Pd,2,0,2,4,2,3,3,1,2,4,4
20054,2982,La|Ni|Si,3,0,2,4,1,1,2,0,3,2,3
20055,3028,Ge|La|Ni,1,0,1,0,2,2,4,4,2,3,2
20056,2756,As|Fe|O|Pr|Sr,2,2,1,0,0,1,3,4,1,1,4
20057,3138,As|Fe|O|Pr|Sr|Zn,4,3,0,0,2,4,0,2,4,2,3
20058,3138,As|Fe|O|Pr|Sr|Zn,4,3,0,0,2,4,2,3,4,3,0
20059,1711,Ir|Sn,4,3,3,1,2,4,3,3,0,3,2
20060,2493,Ge|La|Pt,0,0,3,2,0,2,2,1,2,4,3
20061,3139,Ge|Nd|Pt,2,2,2,3,2,0,1,0,0,4,0
20062,3061,Bi|O|S,3,1,4,0,3,2,4,2,3,2,4
20063,3060,Bi|F|La|O|S,2,4,1,0,2,4,4,0,3,2,2
20064,3140,H|O|W,1,2,0,1,2,0,3,3,3,4,2
20065,1013,Ge|La|Pd,2,0,2,4,2,3,4,0,0,3,0
20066,988,B|Mg,0,0,1,4,3,2,2,2,1,3,0
20067,1397,Au|Sb,4,1,2,4,4,4,2,3,3,3,3
20068,1859,Pd|Sb,3,1,1,0,0,0,2,0,3,2,1
20069,1285,In|Sb,0,2,2,3,3,4,3,3,1,2,0
20070,1285,In|Sb,0,2,2,3,3,4,0,2,1,0,1
20071,1399,Au|Pd|Te,4,2,0,1,2,4,2,1,1,1,0
20072,1399,Au|Pd|Te,4,2,0,1,2,4,3,0,3,0,3
20073,3060,Bi|F|La|O|S,2,4,1,0,2,4,2,4,1,0,2
20074,3059,Bi|Ce|F|O|S,3,0,1,4,1,1,1,0,0,0,3
20075,3141,Bi|F|O|Pr|S,0,1,0,0,2,2,2,2,1,3,3
20076,3067,Bi|F|Nd|O|S,2,1,1,4,2,0,3,3,2,3,1
20077,3142,Bi|F|O|S|Yb,2,4,0,2,0,0,4,3,1,2,0
20078,2077,As|Pr|Ru,4,3,4,3,4,0,2,2,4,3,3
20079,2779,As|Fe|Na,3,0,2,2,4,1,2,3,2,3,0
20080,2826,As|Co|Fe|Na,3,4,2,2,3,4,0,0,0,4,3
20081,2826,As|Co|Fe|Na,3,4,2,2,3,4,2,2,0,2,4
20082,2826,As|Co|Fe|Na,3,4,2,2,3,4,0,3,0,4,2
20083,2826,As|Co|Fe|Na,3,4,2,2,3,4,2,3,1,4,0
20084,2826,As|Co|Fe|Na,3,4,2,2,3,4,4,2,4,1,4
20085,3024,Ba|O|Sb|Ti,2,4,2,4,1,2,2,0,2,2,2
20086,2988,As|Ba|Fe|Na,2,0,2,3,1,2,4,3,3,4,3
20087,2988,As|Ba|Fe|Na,2,0,2,3,1,2,2,2,2,4,2
20088,2988,As|Ba|Fe|Na,2,0,2,3,1,2,3,1,4,2,0
20089,2988,As|Ba|Fe|Na,2,0,2,3,1,2,2,1,3,1,2
20090,2988,As|Ba|Fe|Na,2,0,2,3,1,2,4,0,4,3,4
20091,2988,As|Ba|Fe|Na,2,0,2,3,1,2,1,1,0,4,1
20092,2988,As|Ba|Fe|Na,2,0,2,3,1,2,3,2,1,4,0
20093,2988,As|Ba|Fe|Na,2,0,2,3,1,2,0,0,4,0,3
20094,2988,As|Ba|Fe|Na,2,0,2,3,1,2,2,0,3,3,0
20095,2988,As|Ba|Fe|Na,2,0,2,3,1,2,0,4,4,2,4
20096,2988,As|Ba|Fe|Na,2,0,2,3,1,2,1,1,3,3,3
20097,1005,La|P|Rh,1,0,3,3,3,2,4,1,0,4,1
20098,3143,Ir|La|P,1,2,4,1,0,0,0,2,2,1,1
20099,3144,As|Ir|La,1,0,0,2,4,1,4,1,0,1,4
20100,3091,As|Fe|O|Pr|Te,4,4,0,3,4,4,4,4,1,3,2
20101,3145,As|Fe|O|Sm|Te,2,2,3,0,3,3,1,4,1,3,2
20102,3146,As|Fe|Gd|O|Te,1,3,1,3,4,3,1,0,2,4,0
20103,3147,As|F|Fe|O|Sm|Te,0,3,4,4,4,2,1,3,4,4,2
20104,3148,As|F|Fe|Gd|O|Te,4,3,3,1,1,1,0,3,4,3,4
20105,3149,As|Ba|Co|Fe|Mn,0,3,1,2,1,4,1,2,2,4,3
20106,3149,As|Ba|Co|Fe|Mn,0,3,1,2,1,4,1,3,0,2,2
20107,3149,As|Ba|Co|Fe|Mn,0,3,1,2,1,4,1,0,3,2,0
20108,3149,As|Ba|Co|Fe|Mn,0,3,1,2,1,4,1,0,0,1,0
20109,2819,As|Ba|Fe|P,1,2,2,1,2,3,3,0,1,1,2
20110,3150,As|Ba|Fe|Mn|P,0,2,3,3,3,2,1,1,1,3,2
20111,758,Ce|In|Ir,1,1,2,1,3,2,1,2,4,1,4
20112,2909,Cu|Mo|O|Sn|Sr|Y,0,0,4,1,0,1,1,4,0,4,3
20113,3151,Ce|Hg|In|Ir,1,2,4,4,1,0,0,3,2,3,3
20114,3151,Ce|Hg|In|Ir,1,2,4,4,1,0,3,0,3,3,4
20115,3151,Ce|Hg|In|Ir,1,2,4,4,1,0,4,1,1,3,1
20116,3152,Ce|In|Ir|Sn,0,2,3,4,1,1,2,4,3,4,1
20117,3152,Ce|In|Ir|Sn,0,2,3,4,1,1,4,0,2,0,1
20118,3152,Ce|In|Ir|Sn,0,2,3,4,1,1,3,4,3,4,4
20119,3153,Ce|In|Ir|Pt,0,1,3,0,2,1,3,0,2,2,2
20120,3153,Ce|In|Ir|Pt,0,1,3,0,2,1,1,2,2,1,3
20121,3153,Ce|In|Ir|Pt,0,1,3,0,2,1,0,3,3,1,3
20122,2779,As|Fe|Na,3,0,2,2,4,1,4,3,0,4,1
20123,2826,As|Co|Fe|Na,3,4,2,2,3,4,0,0,4,0,3
20124,2826,As|Co|Fe|Na,3,4,2,2,3,4,1,3,4,2,2
20125,2826,As|Co|Fe|Na,3,4,2,2,3,4,0,2,4,4,1
20126,2826,As|Co|Fe|Na,3,4,2,2,3,4,1,2,4,0,1
20127,2826,As|Co|Fe|Na,3,4,2,2,3,4,1,3,4,2,0
20128,2720,As|Ba|Co|Fe,1,3,3,0,1,0,0,2,1,4,2
20129,2720,As|Ba|Co|Fe,1,3,3,0,1,0,4,4,1,0,2
20130,3154,Ba|O|Rb|Sb|Ti,3,4,0,2,1,2,0,2,2,1,3
20131,3154,Ba|O|Rb|Sb|Ti,3,4,0,2,1,2,2,1,0,4,4
20132,3154,Ba|O|Rb|Sb|Ti,3,4,0,2,1,2,4,3,2,4,3
20133,3154,Ba|O|Rb|Sb|Ti,3,4,0,2,1,2,0,0,0,2,2
20134,3154,Ba|O|Rb|Sb|Ti,3,4,0,2,1,2,1,3,3,3,2
20135,1158,La|Pd|Si,1,0,3,1,3,2,2,4,4,4,1
20136,2131,La|Pt|Si,1,2,3,3,0,2,0,2,0,3,2
20137,2944,Fe|Rb|Se|Tl,4,3,4,0,0,3,0,0,1,0,2
20138,2901,Fe|K|Se,4,0,4,2,2,4,1,1,1,4,4
20139,3155,Ir|Pd|Te,4,3,3,4,1,1,4,3,0,0,3
20140,2034,K|O|W,3,1,1,1,1,4,0,2,3,0,0
20141,2034,K|O|W,3,1,1,1,1,4,2,2,4,2,0
20142,2034,K|O|W,3,1,1,1,1,4,4,4,4,1,3
20143,2034,K|O|W,3,1,1,1,1,4,1,4,4,2,0
20144,3012,Co|La|Sn,4,4,4,1,2,3,3,4,3,3,3
20145,3012,Co|La|Sn,4,4,4,1,2,3,0,2,0,0,2
20146,3060,Bi|F|La|O|S,2,4,1,0,2,4,1,4,3,4,4
20147,2973,As|Ca|Fe|Pt,3,1,1,1,0,0,4,0,0,4,4
20148,36,Bi|Cu|O|Sr,2,2,4,1,2,0,0,4,3,0,0
20149,36,Bi|Cu|O|Sr,2,2,4,1,2,0,3,3,2,4,1
20150,2575,Ca|Ge|Ir,1,2,2,4,3,1,3,2,1,1,1
20151,3156,Ag|Bi|Pb|Se,1,3,2,0,2,2,2,3,2,3,4
20152,3156,Ag|Bi|Pb|Se,1,3,2,0,2,2,4,3,2,4,0
20153,3157,N|Nb|O|Si,1,2,3,1,3,2,0,3,2,2,2
20154,1276,N|Nb|O,1,1,2,4,4,4,1,0,0,1,4
20155,36,Bi|Cu|O|Sr,2,2,4,1,2,0,3,2,1,2,4
20156,36,Bi|Cu|O|Sr,2,2,4,1,2,0,1,2,2,1,1
20157,3158,In|Pb|Sn|Te,4,2,1,4,2,1,3,1,3,1,1
20158,3158,In|Pb|Sn|Te,4,2,1,4,2,1,4,0,3,1,1
20159,3158,In|Pb|Sn|Te,4,2,1,4,2,1,2,2,3,1,2
20160,3158,In|Pb|Sn|Te,4,2,1,4,2,1,1,1,1,2,3
20161,3060,Bi|F|La|O|S,2,4,1,0,2,4,2,2,1,1,4
20162,3060,Bi|F|La|O|S,2,4,1,0,2,4,2,0,3,2,1
20163,3060,Bi|F|La|O|S,2,4,1,0,2,4,4,0,4,4,0
20164,3060,Bi|F|La|O|S,2,4,1,0,2,4,1,0,4,3,4
20165,3060,Bi|F|La|O|S,2,4,1,0,2,4,4,0,4,3,3
20166,3013,Bi|Pt|Y,0,4,4,2,0,0,0,3,4,3,4
20167,3159,B|N|Nb,3,0,4,1,0,3,3,1,1,3,3
20168,3130,Bi|Ce|Ni,0,4,3,3,3,0,3,4,1,3,0
20169,2948,B|Co|La|Y,2,3,3,2,1,4,1,2,4,3,4
20170,2560,La|Sb,0,2,3,3,3,1,2,0,3,3,1
20171,3160,As|Fe|Ni|O|Sm,1,0,4,3,0,0,1,1,1,4,3
20172,3160,As|Fe|Ni|O|Sm,1,0,4,3,0,0,1,1,1,3,4
20173,3160,As|Fe|Ni|O|Sm,1,0,4,3,0,0,4,0,2,1,3
20174,3161,Ba|K|O|Sb|Ti,3,1,2,3,0,1,1,2,1,0,0
20175,3161,Ba|K|O|Sb|Ti,3,1,2,3,0,1,3,1,0,3,0
20176,3161,Ba|K|O|Sb|Ti,3,1,2,3,0,1,4,3,1,3,0
20177,3161,Ba|K|O|Sb|Ti,3,1,2,3,0,1,4,2,3,1,2
20178,3161,Ba|K|O|Sb|Ti,3,1,2,3,0,1,3,0,4,1,0
20179,3161,Ba|K|O|Sb|Ti,3,1,2,3,0,1,0,4,0,1,2
20180,3162,Cu|Eu|O|Sn|Sr|Ta,4,0,3,3,4,3,4,1,3,2,0
20181,3163,Cu|O|Sm|Sn|Sr|Ta,4,2,2,0,1,1,0,4,3,1,1
20182,3164,Al|N|Nb|O,4,0,0,3,2,0,1,0,2,4,3
20183,3164,Al|N|Nb|O,4,0,0,3,2,0,4,4,3,1,1
20184,3165,Mg|N|Nb|O,1,2,2,0,1,0,2,0,4,0,1
20185,3165,Mg|N|Nb|O,1,2,2,0,1,0,0,2,0,1,1
20186,3165,Mg|N|Nb|O,1,2,2,0,1,0,3,2,3,1,0
20187,3165,Mg|N|Nb|O,1,2,2,0,1,0,3,2,4,0,4
20188,1276,N|Nb|O,1,1,2,4,4,4,1,3,4,0,1
20189,3165,Mg|N|Nb|O,1,2,2,0,1,0,3,2,0,2,1
20190,3164,Al|N|Nb|O,4,0,0,3,2,0,4,3,4,2,0
20191,3157,N|Nb|O|Si,1,2,3,1,3,2,2,2,3,1,4
20192,1938,Ti|V,1,4,1,2,1,1,4,1,2,3,1
20193,1938,Ti|V,1,4,1,2,1,1,2,3,2,0,4
20194,1938,Ti|V,1,4,1,2,1,1,2,0,1,3,2
20195,1938,Ti|V,1,4,1,2,1,1,4,1,4,2,2
20196,3166,Bi|Ce|Pd,2,3,4,0,0,1,1,0,1,0,4
20197,985,C|La,2,2,1,2,2,4,0,3,1,0,4
20198,985,C|La,2,2,1,2,2,4,3,4,2,4,4
20199,2934,Ge|Pd|Sr,1,4,1,4,0,1,3,4,4,4,2
20200,2795,Ba|Pt|Si,2,3,2,4,3,2,2,1,3,3,1
20201,2641,Ge|Pt|Sr,4,0,2,3,3,3,0,2,2,0,4
20202,1013,Ge|La|Pd,2,0,2,4,2,3,3,2,2,3,3
20203,2736,Fe|Se|Te,3,3,3,2,2,4,3,2,4,4,2
20204,3167,Co|Fe|Se|Te,2,4,3,0,0,4,1,3,0,1,3
20205,3167,Co|Fe|Se|Te,2,4,3,0,0,4,1,2,1,1,4
20206,3167,Co|Fe|Se|Te,2,4,3,0,0,4,0,3,3,3,1
20207,3167,Co|Fe|Se|Te,2,4,3,0,0,4,2,2,3,0,2
20208,3168,Fe|Ni|Se|Te,0,1,4,2,2,0,4,1,4,1,0
20209,3168,Fe|Ni|Se|Te,0,1,4,2,2,0,0,0,4,4,1
20210,3169,Fe|Se|Te|Zn,4,0,2,2,3,2,2,0,2,3,3
20211,3169,Fe|Se|Te|Zn,4,0,2,2,3,2,2,4,2,2,2
20212,3169,Fe|Se|Te|Zn,4,0,2,2,3,2,1,2,2,0,1
20213,3169,Fe|Se|Te|Zn,4,0,2,2,3,2,2,0,2,4,3
20214,2825,Bi|Cu|Se,2,4,2,4,3,1,1,1,2,0,3
20215,3170,Au|Pt|Te,0,0,4,1,3,0,3,2,1,3,2
20216,1406,Au|Te,2,3,2,4,0,4,0,0,4,0,1
20217,2493,Ge|La|Pt,0,0,3,2,0,2,1,0,2,3,4
20218,2493,Ge|La|Pt,0,0,3,2,0,2,2,3,2,4,4
20219,2493,Ge|La|Pt,0,0,3,2,0,2,0,0,2,4,3
20220,1117,Al|C|Mo,2,2,1,4,0,2,2,2,4,2,4
20221,521,Ba|Cu|O|Pr,0,2,0,0,2,1,0,3,0,0,2
20222,1295,In|Sn|Te,3,2,4,3,4,1,0,2,2,2,0
20223,3158,In|Pb|Sn|Te,4,2,1,4,2,1,0,2,4,4,0
20224,3158,In|Pb|Sn|Te,4,2,1,4,2,1,0,2,0,1,2
20225,1295,In|Sn|Te,3,2,4,3,4,1,0,4,2,0,4
20226,3158,In|Pb|Sn|Te,4,2,1,4,2,1,0,2,0,4,0
20227,3158,In|Pb|Sn|Te,4,2,1,4,2,1,3,1,1,1,1
20228,1295,In|Sn|Te,3,2,4,3,4,1,2,0,1,4,3
20229,1295,In|Sn|Te,3,2,4,3,4,1,1,4,4,3,1
20230,1295,In|Sn|Te,3,2,4,3,4,1,3,3,0,2,3
20231,3158,In|Pb|Sn|Te,4,2,1,4,2,1,3,1,1,1,0
20232,3158,In|Pb|Sn|Te,4,2,1,4,2,1,3,0,0,0,2
20233,3158,In|Pb|Sn|Te,4,2,1,4,2,1,3,0,0,0,0
20234,3158,In|Pb|Sn|Te,4,2,1,4,2,1,3,2,1,2,2
20235,3158,In|Pb|Sn|Te,4,2,1,4,2,1,4,2,0,1,4
20236,3158,In|Pb|Sn|Te,4,2,1,4,2,1,1,3,1,0,3
20237,3171,Pt|Si|Y,4,2,3,3,2,3,1,0,3,2,3
20238,2131,La|Pt|Si,1,2,3,3,0,2,4,2,2,0,4
20239,3172,Lu|Pt|Si,2,1,2,3,1,2,0,4,0,3,4
20240,3024,Ba|O|Sb|Ti,2,4,2,4,1,2,1,0,3,1,3
20241,3173,Ba|O|Sb|Sn|Ti,0,4,0,3,1,2,0,1,4,3,4
20242,3173,Ba|O|Sb|Sn|Ti,0,4,0,3,1,2,3,1,3,4,0
20243,3173,Ba|O|Sb|Sn|Ti,0,4,0,3,1,2,0,0,3,3,2
20244,3173,Ba|O|Sb|Sn|Ti,0,4,0,3,1,2,3,0,2,1,0
20245,1039,Ir|Sc|Si,3,2,0,3,4,0,2,1,2,4,2
20246,521,Ba|Cu|O|Pr,0,2,0,0,2,1,0,2,3,3,1
20247,3067,Bi|F|Nd|O|S,2,1,1,4,2,0,2,3,4,1,2
20248,1406,Au|Te,2,3,2,4,0,4,2,3,4,4,4
20249,1109,La|P|Ru,2,1,2,4,0,0,2,0,1,4,2
20250,2983,As|Ca|Fe|La,3,4,2,1,1,4,3,2,2,0,1
20251,2983,As|Ca|Fe|La,3,4,2,1,1,4,3,0,1,1,1
20252,1753,Lu|Ru,3,0,3,4,0,0,3,2,0,1,0
20253,1914,Ru|Y,4,1,4,4,1,1,0,0,1,0,0
20254,1913,Ru|Sc,2,4,1,3,0,3,1,4,2,1,1
20255,2675,Ce|Co|In|Nd,3,1,4,0,4,2,4,3,4,0,2
20256,2946,Ce|Co|In|La,3,2,1,4,3,3,3,3,2,1,3
20257,3068,Bi|F|La|S|Sr,2,4,4,1,0,4,1,3,4,4,2
20258,3068,Bi|F|La|S|Sr,2,4,4,1,0,4,0,4,1,2,3
20259,3068,Bi|F|La|S|Sr,2,4,4,1,0,4,1,0,0,4,2
20260,3068,Bi|F|La|S|Sr,2,4,4,1,0,4,3,4,3,2,1
20261,3174,As|Ca|Fe|H|La,2,2,4,2,2,1,1,4,2,2,2
20262,3174,As|Ca|Fe|H|La,2,2,4,2,2,1,4,3,1,3,4
20263,3174,As|Ca|Fe|H|La,2,2,4,2,2,1,3,0,3,0,2
20264,3175,B|Cr|Re,3,4,4,0,1,3,1,3,1,4,3
20265,370,Ca|Cu|O|Sr,3,3,1,1,0,0,2,4,2,4,4
20266,3176,Ba|Bi|Sb,2,1,3,2,1,3,1,1,3,3,3
20267,3176,Ba|Bi|Sb,2,1,3,2,1,3,3,0,2,1,2
20268,3176,Ba|Bi|Sb,2,1,3,2,1,3,1,1,1,2,1
20269,3176,Ba|Bi|Sb,2,1,3,2,1,3,0,1,2,0,2
20270,3176,Ba|Bi|Sb,2,1,3,2,1,3,0,1,4,0,1
20271,1045,Ba|Bi,3,2,1,4,4,1,1,2,3,2,4
20272,3177,P|Se|Zr,3,3,3,3,0,2,3,1,0,1,3
20273,3177,P|Se|Zr,3,3,3,3,0,2,4,0,2,4,3
20274,3177,P|Se|Zr,3,3,3,3,0,2,3,1,2,3,3
20275,3177,P|Se|Zr,3,3,3,3,0,2,1,3,0,3,3
20276,3177,P|Se|Zr,3,3,3,3,0,2,2,0,4,0,0
20277,3178,P|S|Zr,1,4,0,0,3,1,4,2,1,0,1
20278,3178,P|S|Zr,1,4,0,0,3,1,1,3,4,2,0
20279,3178,P|S|Zr,1,4,0,0,3,1,4,2,4,0,2
20280,3178,P|S|Zr,1,4,0,0,3,1,2,2,1,4,2
20281,3179,Hf|P|S,4,3,1,4,2,0,0,0,0,3,0
20282,3179,Hf|P|S,4,3,1,4,2,0,2,0,2,3,1
20283,3179,Hf|P|S,4,3,1,4,2,0,0,2,0,3,0
20284,3180,As|Cr,3,0,3,3,4,1,1,1,0,4,1
20285,3181,Ir|Li|Si,4,1,3,0,0,0,1,4,3,4,2
20286,2901,Fe|K|Se,4,0,4,2,2,4,4,4,3,0,0
20287,2944,Fe|Rb|Se|Tl,4,3,4,0,0,3,0,0,3,3,0
20288,2904,As|Fe|H|La|O,1,1,1,1,3,4,3,0,2,2,3
20289,2904,As|Fe|H|La|O,1,1,1,1,3,4,1,1,4,4,2
20290,2904,As|Fe|H|La|O,1,1,1,1,3,4,0,3,2,3,1
20291,2904,As|Fe|H|La|O,1,1,1,1,3,4,1,4,1,0,4
20292,2904,As|Fe|H|La|O,1,1,1,1,3,4,0,3,4,3,4
20293,3182,As|Fe|Gd|H|O,4,0,0,2,2,4,1,3,3,0,1
20294,3182,As|Fe|Gd|H|O,4,0,0,2,2,4,2,3,0,1,4
20295,2903,As|Fe|H|O|Sm,1,4,3,4,0,3,0,1,3,4,1
20296,2903,As|Fe|H|O|Sm,1,4,3,4,0,3,3,4,4,0,1
20297,2903,As|Fe|H|O|Sm,1,4,3,4,0,3,2,3,4,1,4
20298,2905,As|Ce|Fe|H|O,1,1,1,4,2,3,1,2,0,0,3
20299,2905,As|Ce|Fe|H|O,1,1,1,4,2,3,3,1,1,2,1
20300,2905,As|Ce|Fe|H|O,1,1,1,4,2,3,4,3,3,3,1
20301,2766,As|Ba|Fe|Ni,1,4,0,2,3,1,1,0,4,1,4
20302,2736,Fe|Se|Te,3,3,3,2,2,4,4,4,1,4,1
20303,3183,Fe|S|Se|Te,0,3,2,2,1,0,2,4,0,4,2
20304,3183,Fe|S|Se|Te,0,3,2,2,1,0,3,0,0,3,3
20305,3183,Fe|S|Se|Te,0,3,2,2,1,0,1,2,2,4,4
20306,3183,Fe|S|Se|Te,0,3,2,2,1,0,4,1,1,3,3
20307,3184,Eu|O|Sn|Sr|Ta,4,1,0,3,2,4,1,2,4,1,1
20308,3185,O|Sm|Sn|Sr|Ta,3,0,2,3,1,0,3,1,2,0,4
20309,2689,As|F|Fe|O|Sm,3,3,1,1,0,0,3,0,3,3,1
20310,2984,As|Ba|Fe|Rb,2,2,1,4,0,1,4,2,4,3,3
20311,2736,Fe|Se|Te,3,3,3,2,2,4,0,3,0,2,2
20312,2689,As|F|Fe|O|Sm,3,3,1,1,0,0,3,3,4,3,0
20313,3186,As|F|Fe|O|P|Sm,2,2,0,1,2,2,3,0,1,2,3
20314,3186,As|F|Fe|O|P|Sm,2,2,0,1,2,2,1,2,1,0,3
20315,3186,As|F|Fe|O|P|Sm,2,2,0,1,2,2,4,4,2,4,2
20316,3186,As|F|Fe|O|P|Sm,2,2,0,1,2,2,4,4,4,4,0
20317,3187,Bi|Ce|F|Nd|O|S,0,3,4,3,4,3,1,0,0,1,2
20318,3187,Bi|Ce|F|Nd|O|S,0,3,4,3,4,3,3,2,1,0,0
20319,3187,Bi|Ce|F|Nd|O|S,0,3,4,3,4,3,3,4,3,4,1
20320,3187,Bi|Ce|F|Nd|O|S,0,3,4,3,4,3,1,2,3,3,2
20321,3187,Bi|Ce|F|Nd|O|S,0,3,4,3,4,3,4,2,0,0,1
20322,3187,Bi|Ce|F|Nd|O|S,0,3,4,3,4,3,2,2,2,2,4
20323,3067,Bi|F|Nd|O|S,2,1,1,4,2,0,4,3,4,1,4
20324,3084,Fe|K|Mn|Se,3,3,4,1,4,1,2,3,4,0,1
20325,3084,Fe|K|Mn|Se,3,3,4,1,4,1,2,0,2,4,0
20326,1180,Al|Ba|Si,4,1,3,3,4,1,1,1,2,3,1
20327,1180,Al|Ba|Si,4,1,3,3,4,1,3,3,4,4,4
20328,1180,Al|Ba|Si,4,1,3,3,4,1,4,1,3,2,1
20329,1180,Al|Ba|Si,4,1,3,3,4,1,4,2,0,1,2
20330,1180,Al|Ba|Si,4,1,3,3,4,1,2,4,2,2,1
20331,1180,Al|Ba|Si,4,1,3,3,4,1,0,4,3,3,1
20332,272,Cu|Fe|O|Sr|Y,1,2,4,1,1,4,3,0,2,1,1
20333,3188,Cu|Eu|Fe|O|Sr,2,3,4,0,1,2,0,2,2,1,3
20334,3189,Cu|Fe|Gd|O|Sr,4,1,3,3,0,2,2,3,3,3,3
20335,3190,Cu|Fe|Nd|O|Sr,3,1,3,0,2,4,2,0,1,4,0
20336,923,Cu|Er|Fe|O|Sr,0,0,3,1,2,3,0,0,1,1,2
20337,1302,B|C|Dy|Ni,0,2,3,0,4,0,0,3,0,1,1
20338,3158,In|Pb|Sn|Te,4,2,1,4,2,1,0,4,4,0,2
20339,3158,In|Pb|Sn|Te,4,2,1,4,2,1,2,0,3,0,4
20340,3158,In|Pb|Sn|Te,4,2,1,4,2,1,3,1,2,4,3
20341,3158,In|Pb|Sn|Te,4,2,1,4,2,1,0,4,4,4,2
20342,3158,In|Pb|Sn|Te,4,2,1,4,2,1,1,0,1,2,2
20343,3158,In|Pb|Sn|Te,4,2,1,4,2,1,3,4,1,3,3
20344,3158,In|Pb|Sn|Te,4,2,1,4,2,1,1,2,1,1,3
20345,3158,In|Pb|Sn|Te,4,2,1,4,2,1,2,2,4,0,1
20346,3158,In|Pb|Sn|Te,4,2,1,4,2,1,2,4,1,0,4
20347,3158,In|Pb|Sn|Te,4,2,1,4,2,1,1,0,2,3,3
20348,3158,In|Pb|Sn|Te,4,2,1,4,2,1,1,3,2,3,0
20349,1295,In|Sn|Te,3,2,4,3,4,1,2,2,2,3,2
20350,3158,In|Pb|Sn|Te,4,2,1,4,2,1,2,1,0,1,3
20351,3158,In|Pb|Sn|Te,4,2,1,4,2,1,2,4,3,0,1
20352,3158,In|Pb|Sn|Te,4,2,1,4,2,1,3,4,1,1,0
20353,3158,In|Pb|Sn|Te,4,2,1,4,2,1,4,2,1,3,0
20354,3158,In|Pb|Sn|Te,4,2,1,4,2,1,3,3,1,2,3
20355,1295,In|Sn|Te,3,2,4,3,4,1,4,0,0,0,0
20356,3158,In|Pb|Sn|Te,4,2,1,4,2,1,1,2,3,4,0
20357,3158,In|Pb|Sn|Te,4,2,1,4,2,1,1,4,1,1,4
20358,3158,In|Pb|Sn|Te,4,2,1,4,2,1,1,0,0,0,0
20359,3158,In|Pb|Sn|Te,4,2,1,4,2,1,4,1,1,0,2
20360,3158,In|Pb|Sn|Te,4,2,1,4,2,1,4,1,0,4,1
20361,3158,In|Pb|Sn|Te,4,2,1,4,2,1,0,3,1,3,1
20362,3158,In|Pb|Sn|Te,4,2,1,4,2,1,2,0,1,2,3
20363,3158,In|Pb|Sn|Te,4,2,1,4,2,1,2,1,2,2,1
20364,3158,In|Pb|Sn|Te,4,2,1,4,2,1,2,3,4,1,0
20365,3158,In|Pb|Sn|Te,4,2,1,4,2,1,0,4,2,1,1
20366,3191,Eu|Pt|Si,2,4,1,1,2,3,1,0,4,3,4
20367,1198,Ir|La|Si,4,4,3,3,2,4,4,3,4,2,2
20368,3192,Bi|F|La|O|S|Y,2,2,2,2,2,1,0,1,1,1,3
20369,3192,Bi|F|La|O|S|Y,2,2,2,2,2,1,2,2,4,2,2
20370,3193,Bi|Se,3,2,1,2,1,1,4,4,1,4,0
20371,8,Ba|Cu|O|Y,0,1,2,1,3,1,2,2,3,0,4
20372,8,Ba|Cu|O|Y,0,1,2,1,3,1,2,2,1,1,3
20373,8,Ba|Cu|O|Y,0,1,2,1,3,1,0,2,0,0,1
20374,8,Ba|Cu|O|Y,0,1,2,1,3,1,0,3,4,1,1
20375,8,Ba|Cu|O|Y,0,1,2,1,3,1,0,3,0,0,3
20376,8,Ba|Cu|O|Y,0,1,2,1,3,1,1,3,3,1,1
20377,8,Ba|Cu|O|Y,0,1,2,1,3,1,0,0,0,2,3
20378,8,Ba|Cu|O|Y,0,1,2,1,3,1,3,3,0,1,4
20379,3141,Bi|F|O|Pr|S,0,1,0,0,2,2,2,1,2,1,1
20380,2720,As|Ba|Co|Fe,1,3,3,0,1,0,0,2,2,1,1
20381,1958,Mo|O,2,0,1,3,0,0,4,0,4,2,2
20382,2771,As|Ca|Co|F|Fe,4,2,0,1,2,0,3,0,2,0,1
20383,3194,As|Ca|Fe|O|Pr,4,1,4,2,2,3,2,1,3,1,0
20384,3033,As|Ca|Fe|Pr,0,1,1,1,0,2,1,4,1,3,0
20385,2814,As|F|Fe|La|Sr,1,0,3,4,3,3,1,0,4,0,4
20386,3195,Ge|Lu|Sn,3,2,3,4,2,0,0,0,1,3,4
20387,3060,Bi|F|La|O|S,2,4,1,0,2,4,2,4,0,4,1
20388,3060,Bi|F|La|O|S,2,4,1,0,2,4,3,4,1,1,0
20389,3196,As|Ca|Fe|La|Sb,3,4,3,2,2,4,1,1,3,3,2
20390,3196,As|Ca|Fe|La|Sb,3,4,3,2,2,4,2,2,2,4,0
20391,2983,As|Ca|Fe|La,3,4,2,1,1,4,1,0,4,0,1
20392,2983,As|Ca|Fe|La,3,4,2,1,1,4,2,4,1,2,3
20393,2983,As|Ca|Fe|La,3,4,2,1,1,4,3,2,4,1,4
20394,2983,As|Ca|Fe|La,3,4,2,1,1,4,0,4,0,2,3
20395,2983,As|Ca|Fe|La,3,4,2,1,1,4,2,4,4,4,4
20396,3197,As|Ca|Ce|Fe|Sb,2,1,1,4,4,4,2,1,1,1,1
20397,3197,As|Ca|Ce|Fe|Sb,2,1,1,4,4,4,4,1,0,4,3
20398,3033,As|Ca|Fe|Pr,0,1,1,1,0,2,3,1,4,1,3
20399,3198,As|Ca|Fe|Pr|Sb,1,4,2,3,0,0,1,2,2,0,3
20400,3198,As|Ca|Fe|Pr|Sb,1,4,2,3,0,0,0,3,4,4,2
20401,3034,As|Ca|Fe|Nd,3,2,2,4,1,2,4,3,4,2,1
20402,3199,As|Ca|Fe|Nd|Sb,0,1,4,3,4,0,0,4,4,3,1
20403,3199,As|Ca|Fe|Nd|Sb,0,1,4,3,4,0,2,3,4,2,0
20404,3181,Ir|Li|Si,4,1,3,0,0,0,1,3,3,3,2
20405,2995,As|Fe|P|Sr,3,2,1,3,3,4,1,4,0,3,3
20406,2995,As|Fe|P|Sr,3,2,1,3,3,4,1,0,0,3,1
20407,2995,As|Fe|P|Sr,3,2,1,3,3,4,0,3,2,2,0
20408,2995,As|Fe|P|Sr,3,2,1,3,3,4,3,1,3,4,2
20409,2995,As|Fe|P|Sr,3,2,1,3,3,4,1,1,1,0,4
20410,2995,As|Fe|P|Sr,3,2,1,3,3,4,3,3,3,3,1
20411,2995,As|Fe|P|Sr,3,2,1,3,3,4,0,0,2,4,2
20412,2995,As|Fe|P|Sr,3,2,1,3,3,4,3,2,1,2,4
20413,2995,As|Fe|P|Sr,3,2,1,3,3,4,2,0,3,1,2
20414,2995,As|Fe|P|Sr,3,2,1,3,3,4,3,2,4,3,1
20415,2995,As|Fe|P|Sr,3,2,1,3,3,4,0,3,3,1,4
20416,3200,Au|Ge|Yb,4,4,0,2,0,4,2,1,2,3,2
20417,3200,Au|Ge|Yb,4,4,0,2,0,4,2,1,0,3,1
20418,3060,Bi|F|La|O|S,2,4,1,0,2,4,0,0,0,4,0
20419,3201,Bi|F|La|O|S|Se,2,1,3,1,0,4,1,2,4,2,0
20420,3201,Bi|F|La|O|S|Se,2,1,3,1,0,4,3,3,0,0,3
20421,3201,Bi|F|La|O|S|Se,2,1,3,1,0,4,2,0,1,0,3
20422,3201,Bi|F|La|O|S|Se,2,1,3,1,0,4,3,3,2,3,4
20423,3201,Bi|F|La|O|S|Se,2,1,3,1,0,4,2,3,3,1,4
20424,3201,Bi|F|La|O|S|Se,2,1,3,1,0,4,4,1,1,2,2
20425,3201,Bi|F|La|O|S|Se,2,1,3,1,0,4,1,1,4,2,4
20426,3059,Bi|Ce|F|O|S,3,0,1,4,1,1,2,4,2,2,0
20427,3187,Bi|Ce|F|Nd|O|S,0,3,4,3,4,3,4,4,2,0,3
20428,3187,Bi|Ce|F|Nd|O|S,0,3,4,3,4,3,3,1,4,2,4
20429,3187,Bi|Ce|F|Nd|O|S,0,3,4,3,4,3,0,1,1,2,3
20430,3187,Bi|Ce|F|Nd|O|S,0,3,4,3,4,3,3,2,0,3,4
20431,3067,Bi|F|Nd|O|S,2,1,1,4,2,0,2,4,1,2,3
20432,3202,Bi|F|Nd|O|S|Sm,3,4,2,2,2,1,1,4,1,2,3
20433,3202,Bi|F|Nd|O|S|Sm,3,4,2,2,2,1,0,4,0,1,3
20434,3187,Bi|Ce|F|Nd|O|S,0,3,4,3,4,3,4,0,4,4,0
20435,3187,Bi|Ce|F|Nd|O|S,0,3,4,3,4,3,4,4,3,2,4
20436,3187,Bi|Ce|F|Nd|O|S,0,3,4,3,4,3,4,3,0,4,4
20437,3067,Bi|F|Nd|O|S,2,1,1,4,2,0,0,0,4,3,1
20438,3202,Bi|F|Nd|O|S|Sm,3,4,2,2,2,1,0,1,2,1,1
20439,3202,Bi|F|Nd|O|S|Sm,3,4,2,2,2,1,1,2,1,2,0
20440,3202,Bi|F|Nd|O|S|Sm,3,4,2,2,2,1,0,0,0,4,3
20441,3187,Bi|Ce|F|Nd|O|S,0,3,4,3,4,3,4,0,2,0,1
20442,3067,Bi|F|Nd|O|S,2,1,1,4,2,0,3,3,0,2,3
20443,3202,Bi|F|Nd|O|S|Sm,3,4,2,2,2,1,1,1,3,4,1
20444,3202,Bi|F|Nd|O|S|Sm,3,4,2,2,2,1,3,2,4,1,2
20445,3202,Bi|F|Nd|O|S|Sm,3,4,2,2,2,1,4,3,2,2,1
20446,3202,Bi|F|Nd|O|S|Sm,3,4,2,2,2,1,4,1,4,3,2
20447,3203,As|Ca|Co|Fe|H,0,0,1,2,2,4,0,1,1,1,2
20448,3203,As|Ca|Co|Fe|H,0,0,1,2,2,4,1,0,3,3,2
20449,3203,As|Ca|Co|Fe|H,0,0,1,2,2,4,4,2,3,2,0
20450,3203,As|Ca|Co|Fe|H,0,0,1,2,2,4,2,1,3,2,4
20451,3203,As|Ca|Co|Fe|H,0,0,1,2,2,4,0,2,4,1,2
20452,3203,As|Ca|Co|Fe|H,0,0,1,2,2,4,1,2,0,4,2
20453,3204,Fe|K|Na|Se,1,0,2,4,0,0,0,1,0,3,2
20454,118,Ce|Cu|O|Pr,3,0,4,2,3,3,3,4,1,1,4
20455,118,Ce|Cu|O|Pr,3,0,4,2,3,3,3,1,0,0,2
20456,118,Ce|Cu|O|Pr,3,0,4,2,3,3,1,0,0,2,2
20457,3205,Bi|Eu|F|S,1,4,1,3,2,2,3,2,4,3,1
20458,3206,Bi|F|La|O|Se,1,1,3,0,0,3,0,3,2,1,0
20459,3206,Bi|F|La|O|Se,1,1,3,0,0,3,3,4,4,0,0
20460,62,Ba|Ca|Cu|La|O,1,3,2,0,1,3,1,3,2,3,3
20461,62,Ba|Ca|Cu|La|O,1,3,2,0,1,3,1,4,0,0,1
20462,62,Ba|Ca|Cu|La|O,1,3,2,0,1,3,4,2,4,1,0
20463,62,Ba|Ca|Cu|La|O,1,3,2,0,1,3,0,0,3,0,1
20464,2698,As|Ba|Fe|K,4,0,3,3,3,3,4,4,1,4,2
20465,2698,As|Ba|Fe|K,4,0,3,3,3,3,1,1,1,2,2
20466,2698,As|Ba|Fe|K,4,0,3,3,3,3,2,0,1,4,0
20467,2698,As|Ba|Fe|K,4,0,3,3,3,3,0,1,3,0,1
20468,2698,As|Ba|Fe|K,4,0,3,3,3,3,3,1,4,4,4
20469,3207,As|Ba|Fe|O|Ti,3,4,1,0,1,1,0,0,4,0,1
20470,3208,Fe|H|Li|O|Se,3,4,1,3,2,0,2,3,2,3,1
20471,3209,Fe|H|Li|O|S|Se,3,2,1,3,4,1,2,4,3,0,3
20472,3209,Fe|H|Li|O|S|Se,3,2,1,3,4,1,2,0,0,2,4
20473,3209,Fe|H|Li|O|S|Se,3,2,1,3,4,1,3,4,0,4,4
20474,3209,Fe|H|Li|O|S|Se,3,2,1,3,4,1,4,1,0,4,0
20475,3209,Fe|H|Li|O|S|Se,3,2,1,3,4,1,0,4,1,0,3
20476,3209,Fe|H|Li|O|S|Se,3,2,1,3,4,1,2,2,4,2,4
20477,3209,Fe|H|Li|O|S|Se,3,2,1,3,4,1,1,1,3,1,2
20478,3205,Bi|Eu|F|S,1,4,1,3,2,2,4,0,1,2,4
20479,3059,Bi|Ce|F|O|S,3,0,1,4,1,1,1,1,0,1,3
20480,3210,Bi|Ce|F|S|Sr,1,0,3,4,4,4,4,3,4,1,3
20481,3211,Ba|Pt|Sb,3,4,0,3,3,0,1,2,2,2,4
20482,3212,As|Cr|Rb,3,1,4,1,2,2,2,0,0,2,0
20483,3213,As|Cr|K,4,2,3,2,3,2,4,3,0,3,2
20484,2653,Al|Hf|Pd,1,0,4,4,4,2,4,0,2,0,4
20485,930,O|Sr|Ti,0,2,3,0,2,1,0,3,4,4,1
20486,930,O|Sr|Ti,0,2,3,0,2,1,3,0,3,3,3
20487,930,O|Sr|Ti,0,2,3,0,2,1,4,4,1,0,2
20488,1284,Ca|O|Sr|Ti,4,0,4,2,3,0,3,3,1,3,1
20489,1284,Ca|O|Sr|Ti,4,0,4,2,3,0,1,3,1,4,1
20490,1284,Ca|O|Sr|Ti,4,0,4,2,3,0,1,4,0,4,2
20491,2936,As|Pt|Sr,3,3,3,3,3,2,1,0,0,0,0
20492,3182,As|Fe|Gd|H|O,4,0,0,2,2,4,4,1,2,2,2
20493,2903,As|Fe|H|O|Sm,1,4,3,4,0,3,1,0,4,2,1
20494,2905,As|Ce|Fe|H|O,1,1,1,4,2,3,1,4,2,4,2
20495,2904,As|Fe|H|La|O,1,1,1,1,3,4,3,1,2,2,3
20496,2904,As|Fe|H|La|O,1,1,1,1,3,4,1,4,1,1,0
20497,3214,Bi|F|La|O|S|Sm,0,4,1,1,3,3,4,1,3,4,3
20498,3214,Bi|F|La|O|S|Sm,0,4,1,1,3,3,4,2,3,0,0
20499,3214,Bi|F|La|O|S|Sm,0,4,1,1,3,3,3,0,2,2,0
20500,3214,Bi|F|La|O|S|Sm,0,4,1,1,3,3,4,1,0,3,1
20501,3214,Bi|F|La|O|S|Sm,0,4,1,1,3,3,3,1,3,3,1
20502,3214,Bi|F|La|O|S|Sm,0,4,1,1,3,3,3,4,2,2,0
20503,3214,Bi|F|La|O|S|Sm,0,4,1,1,3,3,4,1,3,2,1
20504,3215,As|Eu|Fe|Ir,3,4,4,0,0,3,4,1,3,4,3
20505,3216,Au|Ce|Si,2,2,1,1,3,4,1,0,0,2,2
20506,3216,Au|Ce|Si,2,2,1,1,3,4,3,2,4,3,3
20507,3114,Nb|Pd|S,3,4,0,2,1,2,1,2,4,3,1
20508,3217,Pd|Ta|Te,0,0,2,0,3,2,4,2,4,0,0
20509,3061,Bi|O|S,3,1,4,0,3,2,3,2,1,4,1
20510,3130,Bi|Ce|Ni,0,4,3,3,3,0,0,4,4,0,2
20511,3129,Bi|La|Ni,1,2,3,1,0,2,1,1,0,1,2
20512,3098,La|Pd|Sb,4,0,4,4,4,2,3,3,4,2,4
20513,3117,Bi|La|Pd,0,3,1,4,3,1,0,4,0,4,3
20514,2760,Fe|S|Se,3,1,4,4,2,2,3,2,3,4,2
20515,2760,Fe|S|Se,3,1,4,4,2,2,4,0,1,1,1
20516,2760,Fe|S|Se,3,1,4,4,2,2,4,4,1,0,1
20517,3218,Ir|Se,3,0,3,4,1,1,2,2,4,1,4
20518,3218,Ir|Se,3,0,3,4,1,1,3,4,1,3,2
20519,1709,Ir|Te,3,1,3,1,4,0,4,2,3,1,1
20520,3069,As|Ca|Fe|La|Pt,0,0,1,0,4,4,3,1,3,0,3
20521,3069,As|Ca|Fe|La|Pt,0,0,1,0,4,4,0,3,1,1,1
20522,3069,As|Ca|Fe|La|Pt,0,0,1,0,4,4,2,4,4,0,3
20523,3069,As|Ca|Fe|La|Pt,0,0,1,0,4,4,4,0,1,0,2
20524,3069,As|Ca|Fe|La|Pt,0,0,1,0,4,4,0,1,2,2,4
20525,3069,As|Ca|Fe|La|Pt,0,0,1,0,4,4,3,1,3,2,2
20526,3219,As|Ca|Ce|Fe|Pt,4,4,0,2,2,2,1,3,1,3,3
20527,3219,As|Ca|Ce|Fe|Pt,4,4,0,2,2,2,0,0,2,3,1
20528,3219,As|Ca|Ce|Fe|Pt,4,4,0,2,2,2,1,1,2,0,1
20529,3219,As|Ca|Ce|Fe|Pt,4,4,0,2,2,2,1,1,1,3,0
20530,3220,As|Ca|Fe|Pr|Pt,1,4,0,3,1,3,1,1,1,0,2
20531,3220,As|Ca|Fe|Pr|Pt,1,4,0,3,1,3,4,0,4,1,1
20532,3220,As|Ca|Fe|Pr|Pt,1,4,0,3,1,3,1,2,4,4,1
20533,3220,As|Ca|Fe|Pr|Pt,1,4,0,3,1,3,1,2,3,1,4
20534,3220,As|Ca|Fe|Pr|Pt,1,4,0,3,1,3,4,4,2,3,4
20535,3221,As|Ca|Fe|Nd|Pt,1,4,2,3,4,4,4,3,0,4,0
20536,3221,As|Ca|Fe|Nd|Pt,1,4,2,3,4,4,2,1,3,0,1
20537,3221,As|Ca|Fe|Nd|Pt,1,4,2,3,4,4,2,3,3,2,3
20538,3222,As|Ca|Fe|Pt|Sm,3,1,4,3,2,2,3,4,1,4,1
20539,3222,As|Ca|Fe|Pt|Sm,3,1,4,3,2,2,0,4,0,1,1
20540,3223,As|Ca|Fe|Gd|Pt,2,0,3,2,1,1,1,1,0,1,4
20541,3224,As|Ca|Fe|Pt|Tb,3,0,3,3,4,3,3,3,1,4,3
20542,3225,As|Ca|Dy|Fe|Pt,4,0,0,3,0,3,4,3,2,2,3
20543,3226,As|Ca|Fe|Ho|Pt,4,2,2,4,0,0,2,0,0,2,0
20544,3227,As|Ca|Er|Fe|Pt,1,1,1,1,2,0,1,4,4,0,4
20545,3228,As|Ca|Fe|Pt|Tm,0,3,3,4,1,0,2,4,2,2,1
20546,3229,As|Ca|Fe|Pt|Yb,4,2,0,3,3,4,0,0,3,3,3
20547,3230,As|Ca|Fe|Lu|Pt,0,2,1,4,0,2,1,0,1,2,3
20548,3231,As|Ca|Fe|Pt|Y,3,1,2,1,1,3,0,2,2,3,1
20549,3059,Bi|Ce|F|O|S,3,0,1,4,1,1,0,4,4,2,1
20550,3059,Bi|Ce|F|O|S,3,0,1,4,1,1,1,4,0,3,1
20551,3059,Bi|Ce|F|O|S,3,0,1,4,1,1,3,3,2,0,1
20552,3059,Bi|Ce|F|O|S,3,0,1,4,1,1,0,4,1,0,4
20553,3059,Bi|Ce|F|O|S,3,0,1,4,1,1,4,0,4,1,1
20554,1616,Ga|Nb,1,3,4,3,2,1,2,0,1,0,0
20555,3232,As|Ba|Fe|Yb,2,1,4,0,4,2,0,3,1,1,2
20556,2173,La|Rh|Si,2,4,0,2,2,0,1,4,3,4,1
20557,1198,Ir|La|Si,4,4,3,3,2,4,1,4,2,1,4
20558,1198,Ir|La|Si,4,4,3,3,2,4,4,4,3,1,1
20559,2131,La|Pt|Si,1,2,3,3,0,2,3,4,4,3,0
20560,2276,Ru|Si|Y,1,3,0,3,1,2,4,1,3,2,0
20561,2503,Rh|Si|Y,2,4,3,2,3,3,0,1,3,0,3
20562,2171,Pd|Si|Y,0,4,4,0,1,2,4,2,1,1,1
20563,2628,Os|Si|Y,3,3,4,3,4,2,1,2,3,1,3
20564,2287,Ir|Si|Y,4,0,3,2,1,0,4,4,0,0,1
20565,2287,Ir|Si|Y,4,0,3,2,1,0,1,0,1,0,2
20566,3171,Pt|Si|Y,4,2,3,3,2,3,0,0,1,1,3
20567,3158,In|Pb|Sn|Te,4,2,1,4,2,1,2,4,3,4,0
20568,3158,In|Pb|Sn|Te,4,2,1,4,2,1,3,1,4,3,2
20569,3158,In|Pb|Sn|Te,4,2,1,4,2,1,4,4,1,0,1
20570,3158,In|Pb|Sn|Te,4,2,1,4,2,1,1,2,1,3,2
20571,3158,In|Pb|Sn|Te,4,2,1,4,2,1,4,0,0,2,0
20572,3233,H|S,4,0,1,0,0,0,1,0,2,3,0
20573,3233,H|S,4,0,1,0,0,0,3,2,4,0,3
20574,2058,B|La|N|Ni,1,2,3,1,3,2,1,0,4,3,0
20575,3234,B|La|N|Pt,2,1,4,3,4,4,1,4,3,4,3
20576,2058,B|La|N|Ni,1,2,3,1,3,2,0,2,1,3,1
20577,3235,B|Ca|N|Ni,3,0,2,3,1,0,0,1,1,2,4
20578,3061,Bi|O|S,3,1,4,0,3,2,3,0,4,4,2
20579,3061,Bi|O|S,3,1,4,0,3,2,0,4,4,4,3
20580,3218,Ir|Se,3,0,3,4,1,1,2,4,2,3,4
20581,3236,Ir|Rh|Se,0,0,4,3,4,0,3,0,1,0,3
20582,3236,Ir|Rh|Se,0,0,4,3,4,0,3,1,3,1,1
20583,3236,Ir|Rh|Se,0,0,4,3,4,0,1,0,2,1,3
20584,3236,Ir|Rh|Se,0,0,4,3,4,0,0,3,1,3,4
20585,3236,Ir|Rh|Se,0,0,4,3,4,0,2,1,1,1,1
20586,3236,Ir|Rh|Se,0,0,4,3,4,0,2,2,4,1,3
20587,3236,Ir|Rh|Se,0,0,4,3,4,0,1,2,3,4,3
20588,3236,Ir|Rh|Se,0,0,4,3,4,0,3,2,2,4,1
20589,3236,Ir|Rh|Se,0,0,4,3,4,0,1,3,2,0,1
20590,1893,Rh|Se,0,2,0,1,0,1,2,2,2,4,2
20591,3207,As|Ba|Fe|O|Ti,3,4,1,0,1,1,0,3,3,2,0
20592,3217,Pd|Ta|Te,0,0,2,0,3,2,2,4,4,4,4
20593,3205,Bi|Eu|F|S,1,4,1,3,2,2,3,3,2,3,1
20594,3237,As|Ca|F|Fe|H,2,3,2,4,3,3,3,4,1,4,1
20595,2983,As|Ca|Fe|La,3,4,2,1,1,4,1,3,2,2,2
20596,3033,As|Ca|Fe|Pr,0,1,1,1,0,2,2,4,1,1,4
20597,3034,As|Ca|Fe|Nd,3,2,2,4,1,2,2,2,4,4,3
20598,3238,As|Ca|Fe|Sm,3,2,4,0,3,1,2,0,2,1,2
20599,2915,As|Ca|Eu|Fe,0,1,2,4,1,1,1,4,3,0,2
20600,3239,As|Ca|Fe|Gd,1,0,3,3,1,2,4,0,4,3,4
20601,1050,C|Mo,0,2,0,1,2,4,0,4,3,3,1
20602,3206,Bi|F|La|O|Se,1,1,3,0,0,3,2,3,2,1,2
20603,3240,Au|Si|Sr,0,1,2,4,1,3,1,2,3,4,4
20604,2366,Cl|K|N|Zr,0,0,3,2,3,0,2,0,0,0,3
20605,2366,Cl|K|N|Zr,0,0,3,2,3,0,0,3,3,4,0
20606,3241,As|Nb|Si,3,4,4,1,2,3,4,1,4,1,3
20607,3242,B|La|Ru,0,1,4,3,0,1,2,0,0,0,3
20608,3243,Al|Mg|Si,0,3,0,2,4,4,3,2,2,3,0
20609,3243,Al|Mg|Si,0,3,0,2,4,4,2,4,0,1,4
20610,1104,Al|Ca|Si,0,4,0,1,2,4,3,4,1,1,4
20611,1104,Al|Ca|Si,0,4,0,1,2,4,0,0,4,4,1
20612,3244,La|Ni|Sb,2,2,1,0,2,2,1,4,1,0,2
20613,3245,Cu|La|Sb,1,0,1,0,4,3,0,4,1,0,3
20614,3098,La|Pd|Sb,4,0,4,4,4,2,4,0,1,0,4
20615,3246,As|La|Pd,0,3,3,0,2,1,3,1,1,3,2
20616,1721,K|Mo|O,0,0,0,4,1,1,0,1,3,3,1
20617,1721,K|Mo|O,0,0,0,4,1,1,4,3,1,0,1
20618,3206,Bi|F|La|O|Se,1,1,3,0,0,3,2,2,3,0,1
20619,2762,As|Eu|Fe|P,1,3,2,1,0,4,1,2,3,2,1
20620,2762,As|Eu|Fe|P,1,3,2,1,0,4,4,4,3,2,4
20621,2762,As|Eu|Fe|P,1,3,2,1,0,4,2,1,3,4,0
20622,3215,As|Eu|Fe|Ir,3,4,4,0,0,3,4,3,4,3,4
20623,3215,As|Eu|Fe|Ir,3,4,4,0,0,3,1,4,0,3,2
20624,2679,As|F|Fe|La|O,2,4,1,2,3,1,3,2,4,0,0
20625,3009,As|F|Fe|La|O|Zn,1,1,1,2,4,0,3,2,0,4,4
20626,3009,As|F|Fe|La|O|Zn,1,1,1,2,4,0,3,3,2,2,1
20627,2679,As|F|Fe|La|O,2,4,1,2,3,1,0,2,1,4,2
20628,3009,As|F|Fe|La|O|Zn,1,1,1,2,4,0,0,2,3,1,3
20629,3009,As|F|Fe|La|O|Zn,1,1,1,2,4,0,1,4,1,0,1
20630,3009,As|F|Fe|La|O|Zn,1,1,1,2,4,0,3,4,4,2,2
20631,3009,As|F|Fe|La|O|Zn,1,1,1,2,4,0,1,2,1,0,4
20632,3009,As|F|Fe|La|O|Zn,1,1,1,2,4,0,4,1,0,0,3
20633,3111,Ir|Rh|Te,1,3,0,2,3,0,2,3,0,3,4
20634,3111,Ir|Rh|Te,1,3,0,2,3,0,1,2,2,4,2
20635,3111,Ir|Rh|Te,1,3,0,2,3,0,2,3,3,3,2
20636,3247,As|Ca|Fe|La|P,0,0,3,0,3,3,3,2,2,4,4
20637,3247,As|Ca|Fe|La|P,0,0,3,0,3,3,4,3,0,3,4
20638,3247,As|Ca|Fe|La|P,0,0,3,0,3,3,2,0,2,1,0
20639,2983,As|Ca|Fe|La,3,4,2,1,1,4,3,2,0,2,0
20640,2983,As|Ca|Fe|La,3,4,2,1,1,4,1,1,2,3,4
20641,2983,As|Ca|Fe|La,3,4,2,1,1,4,3,3,0,1,1
20642,3210,Bi|Ce|F|S|Sr,1,0,3,4,4,4,0,2,1,4,1
20643,3214,Bi|F|La|O|S|Sm,0,4,1,1,3,3,4,3,4,2,2
20644,3214,Bi|F|La|O|S|Sm,0,4,1,1,3,3,3,2,1,0,3
20645,3214,Bi|F|La|O|S|Sm,0,4,1,1,3,3,0,4,0,4,0
20646,3214,Bi|F|La|O|S|Sm,0,4,1,1,3,3,4,0,2,1,3
20647,3214,Bi|F|La|O|S|Sm,0,4,1,1,3,3,0,4,4,2,1
20648,8,Ba|Cu|O|Y,0,1,2,1,3,1,1,2,1,1,3
20649,8,Ba|Cu|O|Y,0,1,2,1,3,1,0,4,3,4,0
20650,8,Ba|Cu|O|Y,0,1,2,1,3,1,1,3,1,2,4
20651,8,Ba|Cu|O|Y,0,1,2,1,3,1,0,4,1,2,3
20652,125,Ba|Cu|O|Tl,0,1,2,3,4,1,0,4,2,2,0
20653,125,Ba|Cu|O|Tl,0,1,2,3,4,1,2,3,0,2,4
20654,3248,Fe|Na|Se,4,4,2,3,1,0,4,2,0,3,3
20655,3249,Fe|Na|S|Se,3,4,1,0,0,2,3,1,0,4,1
20656,3249,Fe|Na|S|Se,3,4,1,0,0,2,0,0,4,4,0
20657,3249,Fe|Na|S|Se,3,4,1,0,0,2,4,2,3,0,2
20658,241,C|Cs,0,2,1,0,4,2,2,4,1,1,1
20659,2679,As|F|Fe|La|O,2,4,1,2,3,1,1,2,1,4,3
20660,2679,As|F|Fe|La|O,2,4,1,2,3,1,4,2,2,3,0
20661,2679,As|F|Fe|La|O,2,4,1,2,3,1,4,0,4,0,2
20662,2679,As|F|Fe|La|O,2,4,1,2,3,1,1,1,4,3,4
20663,2679,As|F|Fe|La|O,2,4,1,2,3,1,4,2,3,4,1
20664,3208,Fe|H|Li|O|Se,3,4,1,3,2,0,1,4,1,1,0
20665,3250,As|Ba|Ce|Fe,3,2,2,3,2,1,3,3,2,0,4
20666,3250,As|Ba|Ce|Fe,3,2,2,3,2,1,4,0,4,4,3
20667,3251,As|Ba|Fe|La,2,0,3,1,3,3,0,2,1,4,3
20668,3252,As|Ba|Fe|Pr,0,4,0,2,1,0,3,0,2,2,0
20669,3253,As|Ba|Fe|Nd,1,0,1,0,2,4,3,1,0,3,2
20670,3254,Bi|La|Ni|O,0,1,3,1,4,1,4,1,0,2,3
20671,1721,K|Mo|O,0,0,0,4,1,1,1,3,3,2,4
20672,2703,As|Ce|F|Fe|O,1,2,1,4,1,1,2,2,1,1,2
20673,2951,As|Ce|F|Fe|O|P,0,1,2,1,1,4,3,3,3,0,4
20674,2951,As|Ce|F|Fe|O|P,0,1,2,1,1,4,2,2,0,2,4
20675,2951,As|Ce|F|Fe|O|P,0,1,2,1,1,4,4,2,0,4,4
20676,2951,As|Ce|F|Fe|O|P,0,1,2,1,1,4,0,0,2,1,1
20677,2903,As|Fe|H|O|Sm,1,4,3,4,0,3,0,3,2,1,3
20678,2903,As|Fe|H|O|Sm,1,4,3,4,0,3,1,1,4,0,2
20679,2903,As|Fe|H|O|Sm,1,4,3,4,0,3,1,1,2,1,4
20680,2903,As|Fe|H|O|Sm,1,4,3,4,0,3,3,3,3,2,0
20681,2689,As|F|Fe|O|Sm,3,3,1,1,0,0,1,4,2,1,0
20682,3251,As|Ba|Fe|La,2,0,3,1,3,3,3,1,2,3,0
20683,3251,As|Ba|Fe|La,2,0,3,1,3,3,1,0,1,3,2
20684,3251,As|Ba|Fe|La,2,0,3,1,3,3,1,3,0,2,3
20685,3251,As|Ba|Fe|La,2,0,3,1,3,3,4,3,1,2,2
20686,2936,As|Pt|Sr,3,3,3,3,3,2,1,1,2,1,1
20687,8,Ba|Cu|O|Y,0,1,2,1,3,1,0,3,2,0,0
20688,8,Ba|Cu|O|Y,0,1,2,1,3,1,0,4,0,4,0
20689,8,Ba|Cu|O|Y,0,1,2,1,3,1,0,0,0,1,0
20690,3255,As|Ce|Co|Fe|H,3,1,1,0,1,3,3,2,4,1,0
20691,3255,As|Ce|Co|Fe|H,3,1,1,0,1,3,3,3,0,0,1
20692,3255,As|Ce|Co|Fe|H,3,1,1,0,1,3,2,2,1,0,2
20693,3255,As|Ce|Co|Fe|H,3,1,1,0,1,3,4,0,2,3,4
20694,3255,As|Ce|Co|Fe|H,3,1,1,0,1,3,0,4,4,2,3
20695,3255,As|Ce|Co|Fe|H,3,1,1,0,1,3,4,3,0,0,1
20696,3255,As|Ce|Co|Fe|H,3,1,1,0,1,3,3,3,2,4,3
20697,3255,As|Ce|Co|Fe|H,3,1,1,0,1,3,3,4,1,4,4
20698,2903,As|Fe|H|O|Sm,1,4,3,4,0,3,1,1,3,4,4
20699,3256,As|Fe|H|O|P|Sm,0,4,4,0,1,3,4,1,3,3,1
20700,3256,As|Fe|H|O|P|Sm,0,4,4,0,1,3,3,2,0,4,3
20701,3256,As|Fe|H|O|P|Sm,0,4,4,0,1,3,4,0,3,0,0
20702,3256,As|Fe|H|O|P|Sm,0,4,4,0,1,3,3,3,2,0,1
20703,3256,As|Fe|H|O|P|Sm,0,4,4,0,1,3,2,0,4,4,3
20704,3256,As|Fe|H|O|P|Sm,0,4,4,0,1,3,1,3,4,0,3
20705,3256,As|Fe|H|O|P|Sm,0,4,4,0,1,3,2,4,3,2,4
20706,2717,As|Fe|K,3,2,2,2,0,0,2,0,0,1,3
20707,2894,As|Fe|Rb,3,2,1,2,1,0,4,1,0,2,1
20708,2718,As|Cs|Fe,3,3,1,0,1,1,3,2,4,0,2
20709,3129,Bi|La|Ni,1,2,3,1,0,2,2,2,1,0,2
20710,3130,Bi|Ce|Ni,0,4,3,3,3,0,2,4,2,0,1
20711,3132,Bi|Nd|Ni,3,3,0,4,4,3,4,1,4,2,4
20712,3257,Bi|Ni|Y,2,3,0,3,2,1,1,0,1,1,0
20713,2755,As|Ba|Ni,0,0,0,0,2,2,3,2,3,2,3
20714,3258,As|Ba|Ni|P,1,2,2,1,4,2,3,1,1,4,0
20715,3258,As|Ba|Ni|P,1,2,2,1,4,2,3,1,1,0,1
20716,3258,As|Ba|Ni|P,1,2,2,1,4,2,0,1,2,0,4
20717,3258,As|Ba|Ni|P,1,2,2,1,4,2,2,0,0,0,0
20718,3258,As|Ba|Ni|P,1,2,2,1,4,2,2,1,3,2,2
20719,3216,Au|Ce|Si,2,2,1,1,3,4,0,2,1,2,2
20720,3061,Bi|O|S,3,1,4,0,3,2,3,4,1,1,1
20721,3259,As|Ca|Fe|Ir,4,3,3,3,3,4,2,3,0,2,2
20722,3059,Bi|Ce|F|O|S,3,0,1,4,1,1,2,0,1,0,1
20723,3059,Bi|Ce|F|O|S,3,0,1,4,1,1,1,3,4,0,0
20724,2831,Fe|S|Te,1,3,3,4,0,2,1,0,0,3,2
20725,3260,As|H|La|Ni|O,3,0,3,0,0,0,0,1,4,4,4
20726,3260,As|H|La|Ni|O,3,0,3,0,0,0,0,3,0,4,3
20727,3261,As|H|Ni|O|Pr,1,3,1,1,2,0,2,0,1,0,2
20728,3262,Ba|Cl|Hf|N,2,2,4,2,2,2,4,4,2,4,1
20729,3263,Cl|Hf|N|Sr,4,4,0,0,0,1,4,4,3,1,4
20730,3264,Br|K|N|Ti,2,4,2,0,4,4,1,4,2,1,4
20731,3265,Br|N|Na|Ti,1,3,0,1,3,3,0,1,1,2,4
20732,3266,Br|N|Rb|Ti,0,1,0,0,4,3,0,3,0,2,1
20733,3264,Br|K|N|Ti,2,4,2,0,4,4,2,0,1,4,0
20734,2201,Ru|Si|Zr,1,0,0,4,1,1,4,0,0,3,1
20735,3267,Ca|In|N,0,1,3,1,1,1,1,4,3,4,1
20736,3215,As|Eu|Fe|Ir,3,4,4,0,0,3,1,2,3,1,2
20737,1526,Ca|Si,3,2,1,0,4,2,4,3,4,0,1
20738,3268,Si|Y,3,2,2,4,2,4,2,3,2,0,1
20739,2557,Lu|Si,3,3,2,3,0,2,4,4,1,4,2
20740,3269,Cl|N|Zn|Zr,2,0,3,4,0,1,0,0,3,0,1
20741,3270,Br|N|Zn|Zr,3,2,1,2,0,2,0,0,4,4,2
20742,3271,B|Mg|Ni,2,0,0,1,3,3,0,2,4,3,0
20743,3243,Al|Mg|Si,0,3,0,2,4,4,3,3,3,1,2
20744,3272,Ba|Bi|K|Pb,1,2,3,2,0,1,4,1,2,0,2
20745,3200,Au|Ge|Yb,4,4,0,2,0,4,0,2,3,2,4
20746,3200,Au|Ge|Yb,4,4,0,2,0,4,0,1,2,4,0
20747,3187,Bi|Ce|F|Nd|O|S,0,3,4,3,4,3,3,0,3,4,1
20748,3067,Bi|F|Nd|O|S,2,1,1,4,2,0,2,4,4,1,1
20749,3187,Bi|Ce|F|Nd|O|S,0,3,4,3,4,3,0,3,4,4,3
20750,3187,Bi|Ce|F|Nd|O|S,0,3,4,3,4,3,1,2,4,1,1
20751,3059,Bi|Ce|F|O|S,3,0,1,4,1,1,0,0,3,3,1
20752,3187,Bi|Ce|F|Nd|O|S,0,3,4,3,4,3,4,3,1,2,3
20753,3187,Bi|Ce|F|Nd|O|S,0,3,4,3,4,3,4,1,0,1,4
20754,3067,Bi|F|Nd|O|S,2,1,1,4,2,0,1,2,3,4,1
20755,3202,Bi|F|Nd|O|S|Sm,3,4,2,2,2,1,4,2,4,0,1
20756,3202,Bi|F|Nd|O|S|Sm,3,4,2,2,2,1,1,3,0,0,2
20757,3202,Bi|F|Nd|O|S|Sm,3,4,2,2,2,1,4,0,1,2,1
20758,3202,Bi|F|Nd|O|S|Sm,3,4,2,2,2,1,0,2,3,4,1
20759,3202,Bi|F|Nd|O|S|Sm,3,4,2,2,2,1,4,0,0,3,2
20760,3202,Bi|F|Nd|O|S|Sm,3,4,2,2,2,1,2,4,3,2,1
20761,690,Cu|Gd|O|Ru|Sr,0,2,4,2,4,2,3,1,1,4,3
20762,3273,Cu|Gd|O|Re|Ru|Sr,0,1,2,2,3,2,1,2,2,1,2
20763,3273,Cu|Gd|O|Re|Ru|Sr,0,1,2,2,3,2,0,2,3,3,0
20764,2717,As|Fe|K,3,2,2,2,0,0,2,1,1,2,2
20765,3274,As|Co|Fe|K,3,1,4,0,3,0,0,0,4,4,3
20766,1038,B|Y,4,1,0,2,1,4,4,2,4,0,1
20767,1038,B|Y,4,1,0,2,1,4,2,2,1,3,1
20768,3259,As|Ca|Fe|Ir,4,3,3,3,3,4,1,1,3,3,1
20769,3275,Fe|H|Li|Se,1,0,0,1,0,4,2,3,1,2,2
20770,2762,As|Eu|Fe|P,1,3,2,1,0,4,4,4,1,3,3
20771,3276,Mg|Pt|Si,3,1,1,4,2,1,3,3,2,0,4
20772,3277,Au|Mg|Pt|Si,2,1,0,1,1,1,1,3,3,4,3
20773,3278,Fe|Li|Se,1,3,2,0,3,3,0,2,2,1,4
20774,3248,Fe|Na|Se,4,4,2,3,1,0,4,4,1,3,0
20775,2901,Fe|K|Se,4,0,4,2,2,4,4,1,0,4,3
20776,3279,Ca|Fe|Se,1,2,3,4,3,1,3,0,1,3,4
20777,3280,Fe|Se|Sr,0,2,2,4,1,0,3,4,3,4,1
20778,2851,Ba|Fe|Se,3,4,1,3,4,3,2,1,0,1,1
20779,3281,Eu|Fe|Se,4,0,3,1,4,0,2,1,0,3,1
20780,3282,Fe|Se|Yb,3,3,2,4,3,0,3,0,1,4,0
20781,2873,As|Ba|Fe|Ru,0,0,1,2,0,0,2,1,0,1,1
20782,2873,As|Ba|Fe|Ru,0,0,1,2,0,0,3,1,4,2,1
20783,2873,As|Ba|Fe|Ru,0,0,1,2,0,0,2,4,1,4,4
20784,3210,Bi|Ce|F|S|Sr,1,0,3,4,4,4,3,0,1,0,4
20785,1729,La|Si,4,3,0,0,0,3,0,4,0,4,0
20786,1729,La|Si,4,3,0,0,0,3,0,0,3,4,4
20787,1295,In|Sn|Te,3,2,4,3,4,1,3,3,3,3,4
20788,3283,In|Se|Sn|Te,2,1,2,4,3,3,4,2,0,1,4
20789,3283,In|Se|Sn|Te,2,1,2,4,3,3,0,3,3,0,1
20790,3283,In|Se|Sn|Te,2,1,2,4,3,3,0,3,1,2,3
20791,3283,In|Se|Sn|Te,2,1,2,4,3,3,2,0,3,2,2
20792,3283,In|Se|Sn|Te,2,1,2,4,3,3,3,3,0,4,0
20793,3283,In|Se|Sn|Te,2,1,2,4,3,3,4,4,1,4,3
20794,3284,Bi|Cs|Pb|Te,2,1,2,3,1,1,4,0,1,0,2
20795,3284,Bi|Cs|Pb|Te,2,1,2,3,1,1,0,3,4,4,1
20796,1012,Ba|Ge,0,2,0,0,3,1,0,1,0,4,2
20797,3285,Ca|Ge,0,3,1,3,4,1,0,3,0,4,3
20798,3286,Cu|Eu|Nb|O|Sr|Ti,0,2,0,1,3,2,2,4,1,3,2
20799,3286,Cu|Eu|Nb|O|Sr|Ti,0,2,0,1,3,2,2,1,1,1,4
20800,3286,Cu|Eu|Nb|O|Sr|Ti,0,2,0,1,3,2,3,2,4,4,4
20801,3287,Co|La|Ru|Sn,4,2,4,3,4,0,1,0,0,4,0
20802,3287,Co|La|Ru|Sn,4,2,4,3,4,0,2,2,0,0,4
20803,3287,Co|La|Ru|Sn,4,2,4,3,4,0,4,1,1,2,3
20804,2106,La|Rh|Sn,0,0,0,2,2,1,3,2,0,2,3
20805,3012,Co|La|Sn,4,4,4,1,2,3,2,3,4,1,2
20806,2281,La|Ru|Sn,0,2,0,4,2,2,1,0,1,4,0
20807,2831,Fe|S|Te,1,3,3,4,0,2,4,4,3,0,3
20808,3183,Fe|S|Se|Te,0,3,2,2,1,0,0,3,2,3,2
20809,3183,Fe|S|Se|Te,0,3,2,2,1,0,1,4,0,3,4
20810,3183,Fe|S|Se|Te,0,3,2,2,1,0,1,0,2,0,3
20811,3183,Fe|S|Se|Te,0,3,2,2,1,0,3,2,4,4,2
20812,3183,Fe|S|Se|Te,0,3,2,2,1,0,2,3,1,4,1
20813,2736,Fe|Se|Te,3,3,3,2,2,4,3,0,3,2,3
20814,759,Ce|Co|In,3,3,3,2,1,0,0,0,3,2,0
20815,3288,Ce|Co|In|Zn,4,4,1,0,4,2,4,0,0,4,3
20816,3288,Ce|Co|In|Zn,4,4,1,0,4,2,0,1,3,0,1
20817,3288,Ce|Co|In|Zn,4,4,1,0,4,2,2,3,4,1,4
20818,2822,As|Fe|La|O|P,2,1,3,3,2,0,1,4,0,2,4
20819,2822,As|Fe|La|O|P,2,1,3,3,2,0,2,4,0,4,3
20820,2822,As|Fe|La|O|P,2,1,3,3,2,0,2,1,1,0,1
20821,2736,Fe|Se|Te,3,3,3,2,2,4,0,0,1,2,0
20822,2736,Fe|Se|Te,3,3,3,2,2,4,3,1,1,2,0
20823,2736,Fe|Se|Te,3,3,3,2,2,4,1,0,4,4,4
20824,2736,Fe|Se|Te,3,3,3,2,2,4,0,1,0,2,0
20825,3206,Bi|F|La|O|Se,1,1,3,0,0,3,4,4,2,2,0
20826,2838,Ir|Pr|Zn,3,0,3,4,0,2,0,3,3,0,0
20827,3289,Ir|La|Pr|Zn,4,3,0,1,4,2,1,4,3,2,2
20828,3289,Ir|La|Pr|Zn,4,3,0,1,4,2,0,0,1,0,0
20829,3289,Ir|La|Pr|Zn,4,3,0,1,4,2,1,4,0,1,1
20830,2837,Ir|La|Zn,3,2,2,3,4,3,0,2,3,1,3
20831,3290,As|Ca|Co|Fe|La,2,4,1,2,3,4,1,1,2,1,2
20832,3290,As|Ca|Co|Fe|La,2,4,1,2,3,4,1,0,3,4,4
20833,3290,As|Ca|Co|Fe|La,2,4,1,2,3,4,2,0,0,3,2
20834,3291,Bi|F|O|S,4,4,4,0,0,3,0,2,3,1,2
20835,3291,Bi|F|O|S,4,4,4,0,0,3,2,4,2,3,2
20836,3291,Bi|F|O|S,4,4,4,0,0,3,0,1,0,1,2
20837,3291,Bi|F|O|S,4,4,4,0,0,3,0,1,4,3,3
20838,3201,Bi|F|La|O|S|Se,2,1,3,1,0,4,4,4,2,3,2
20839,3292,Bi|F|La|S|Se,1,4,4,0,4,0,0,3,1,1,4
20840,1049,N|V,2,1,4,4,2,1,1,2,3,0,2
20841,1049,N|V,2,1,4,4,2,1,3,3,2,2,0
20842,1049,N|V,2,1,4,4,2,1,3,3,3,4,3
20843,3205,Bi|Eu|F|S,1,4,1,3,2,2,2,0,2,3,0
20844,2703,As|Ce|F|Fe|O,1,2,1,4,1,1,4,4,0,1,3
20845,2703,As|Ce|F|Fe|O,1,2,1,4,1,1,0,3,2,4,4
20846,2703,As|Ce|F|Fe|O,1,2,1,4,1,1,0,2,4,4,0
20847,3060,Bi|F|La|O|S,2,4,1,0,2,4,3,2,2,4,0
20848,3141,Bi|F|O|Pr|S,0,1,0,0,2,2,4,1,3,1,1
20849,3067,Bi|F|Nd|O|S,2,1,1,4,2,0,3,1,3,3,1
20850,3293,Cl|Mg|N|Zr,4,2,4,0,2,2,3,4,4,3,1
20851,3294,Cl|Hf|Mg|N,1,2,1,1,0,4,1,3,2,1,4
20852,3295,As|Ca|Fe|La|Pd,4,0,3,4,4,1,1,0,1,0,4
20853,3296,Bi|Rh|S,4,0,4,3,1,4,3,4,4,3,4
20854,2493,Ge|La|Pt,0,0,3,2,0,2,3,4,0,4,3
20855,2493,Ge|La|Pt,0,0,3,2,0,2,4,0,1,4,0
20856,2493,Ge|La|Pt,0,0,3,2,0,2,0,4,2,2,4
20857,2493,Ge|La|Pt,0,0,3,2,0,2,1,4,2,1,3
20858,2932,Fe|Rb|Se,2,0,0,1,2,0,4,2,1,3,0
20859,2904,As|Fe|H|La|O,1,1,1,1,3,4,4,0,0,1,2
20860,2904,As|Fe|H|La|O,1,1,1,1,3,4,2,4,4,1,2
20861,2904,As|Fe|H|La|O,1,1,1,1,3,4,3,2,2,1,2
20862,2698,As|Ba|Fe|K,4,0,3,3,3,3,4,2,2,3,4
20863,3297,Bi|Ce|Pb|Te,0,1,1,4,4,0,4,2,2,4,0
20864,3297,Bi|Ce|Pb|Te,0,1,1,4,4,0,1,2,2,1,2
20865,3297,Bi|Ce|Pb|Te,0,1,1,4,4,0,4,1,0,1,2
20866,3297,Bi|Ce|Pb|Te,0,1,1,4,4,0,4,4,1,2,0
20867,3297,Bi|Ce|Pb|Te,0,1,1,4,4,0,0,3,2,2,4
20868,3297,Bi|Ce|Pb|Te,0,1,1,4,4,0,2,1,0,1,4
20869,3297,Bi|Ce|Pb|Te,0,1,1,4,4,0,0,1,3,2,0
20870,3297,Bi|Ce|Pb|Te,0,1,1,4,4,0,0,2,2,1,0
20871,2281,La|Ru|Sn,0,2,0,4,2,2,3,1,3,3,0
20872,2281,La|Ru|Sn,0,2,0,4,2,2,2,0,3,2,2
20873,3298,B|Ge|Ta,1,3,3,3,3,4,4,3,2,0,3
20874,3012,Co|La|Sn,4,4,4,1,2,3,4,4,3,3,1
20875,3299,Co|In|La|Sn,0,0,4,1,0,4,4,1,1,4,3
20876,3299,Co|In|La|Sn,0,0,4,1,0,4,3,0,1,4,1
20877,3300,Br|Cu|Li|O|Sr,4,3,2,3,3,1,4,0,0,1,3
20878,661,O|Ru|Sr,2,0,2,3,0,2,0,1,1,4,4
20879,1118,Fe|La|O|P,0,1,2,1,3,2,1,0,3,0,4
20880,1119,F|Fe|La|O|P,1,2,3,4,0,2,4,2,1,3,0
20881,1119,F|Fe|La|O|P,1,2,3,4,0,2,1,4,4,1,0
20882,1119,F|Fe|La|O|P,1,2,3,4,0,2,1,2,3,3,1
20883,1119,F|Fe|La|O|P,1,2,3,4,0,2,1,2,1,0,3
20884,2679,As|F|Fe|La|O,2,4,1,2,3,1,3,4,4,3,2
20885,2679,As|F|Fe|La|O,2,4,1,2,3,1,4,0,2,4,0
20886,2679,As|F|Fe|La|O,2,4,1,2,3,1,1,0,3,4,1
20887,2679,As|F|Fe|La|O,2,4,1,2,3,1,0,3,1,2,4
20888,2679,As|F|Fe|La|O,2,4,1,2,3,1,0,0,0,1,0
20889,3301,Ba|Pd|Si,1,0,2,0,1,0,0,2,1,4,2
20890,2795,Ba|Pt|Si,2,3,2,4,3,2,2,4,1,0,1
20891,1194,Ba|Cu|Si,1,4,0,0,1,0,0,1,3,2,4
20892,3302,Ag|Ba|Si,2,0,3,0,4,2,3,4,4,4,3
20893,3303,Au|Ba|Si,1,3,4,3,1,1,2,1,2,3,2
20894,3302,Ag|Ba|Si,2,0,3,0,4,2,3,3,0,2,0
20895,1194,Ba|Cu|Si,1,4,0,0,1,0,1,0,0,4,1
20896,3301,Ba|Pd|Si,1,0,2,0,1,0,3,2,2,2,3
20897,3302,Ag|Ba|Si,2,0,3,0,4,2,0,4,3,4,1
20898,1194,Ba|Cu|Si,1,4,0,0,1,0,0,2,2,3,2
20899,3301,Ba|Pd|Si,1,0,2,0,1,0,1,2,4,0,1
20900,3302,Ag|Ba|Si,2,0,3,0,4,2,3,2,2,0,3
20901,1194,Ba|Cu|Si,1,4,0,0,1,0,4,2,3,4,3
20902,3301,Ba|Pd|Si,1,0,2,0,1,0,2,3,0,4,4
20903,1194,Ba|Cu|Si,1,4,0,0,1,0,0,3,0,1,3
20904,3304,As|Eu|Fe|Na,1,1,0,4,3,3,3,4,2,4,3
20905,989,B|C|Mg,0,0,4,4,2,0,3,1,2,3,4
20906,989,B|C|Mg,0,0,4,4,2,0,2,2,3,4,4
20907,989,B|C|Mg,0,0,4,4,2,0,0,0,2,0,3
20908,2765,As|Fe|O|Sr|V,4,2,0,1,3,0,0,4,4,2,4
20909,3305,As|Fe|Mg|O|Sr|V,2,0,2,1,1,0,0,0,0,0,0
20910,3306,K|Ni|S,0,1,3,0,3,2,4,0,4,2,3
20911,3307,As|F|Fe|La|O|P,0,3,3,3,2,2,4,2,0,1,2
20912,3307,As|F|Fe|La|O|P,0,3,3,3,2,2,0,3,3,2,2
20913,1119,F|Fe|La|O|P,1,2,3,4,0,2,0,4,1,1,1
20914,3307,As|F|Fe|La|O|P,0,3,3,3,2,2,4,1,4,1,2
20915,3307,As|F|Fe|La|O|P,0,3,3,3,2,2,2,3,0,1,3
20916,1119,F|Fe|La|O|P,1,2,3,4,0,2,1,3,2,2,3
20917,1118,Fe|La|O|P,0,1,2,1,3,2,1,1,3,3,3
20918,2822,As|Fe|La|O|P,2,1,3,3,2,0,4,0,1,1,4
20919,2822,As|Fe|La|O|P,2,1,3,3,2,0,2,2,4,1,0
20920,2822,As|Fe|La|O|P,2,1,3,3,2,0,1,4,1,3,3
20921,2822,As|Fe|La|O|P,2,1,3,3,2,0,0,3,3,0,3
20922,2822,As|Fe|La|O|P,2,1,3,3,2,0,4,0,3,4,3
20923,2822,As|Fe|La|O|P,2,1,3,3,2,0,0,3,2,4,4
20924,1119,F|Fe|La|O|P,1,2,3,4,0,2,2,3,3,1,1
20925,3307,As|F|Fe|La|O|P,0,3,3,3,2,2,1,1,4,1,0
20926,3307,As|F|Fe|La|O|P,0,3,3,3,2,2,1,1,4,2,1
20927,3307,As|F|Fe|La|O|P,0,3,3,3,2,2,3,3,3,3,1
20928,3307,As|F|Fe|La|O|P,0,3,3,3,2,2,3,0,4,0,1
20929,3307,As|F|Fe|La|O|P,0,3,3,3,2,2,2,3,3,2,0
20930,3307,As|F|Fe|La|O|P,0,3,3,3,2,2,3,4,0,3,1
20931,3307,As|F|Fe|La|O|P,0,3,3,3,2,2,4,4,4,3,2
20932,3307,As|F|Fe|La|O|P,0,3,3,3,2,2,3,2,2,1,0
20933,2679,As|F|Fe|La|O,2,4,1,2,3,1,1,4,3,1,1
20934,3307,As|F|Fe|La|O|P,0,3,3,3,2,2,3,3,0,3,0
20935,2922,As|F|Fe|La|Mn|O,1,2,0,3,0,2,4,2,0,4,1
20936,2922,As|F|Fe|La|Mn|O,1,2,0,3,0,2,4,0,3,0,2
20937,2773,As|F|Fe|La|O|Y,1,0,3,4,0,1,4,1,1,3,2
20938,3308,As|F|Fe|La|Mn|O|Y,3,3,4,4,0,3,1,0,2,3,1
20939,3308,As|F|Fe|La|Mn|O|Y,3,3,4,4,0,3,4,3,1,4,0
20940,3308,As|F|Fe|La|Mn|O|Y,3,3,4,4,0,3,2,3,4,1,1
20941,3101,As|F|Fe|Mn|O|Sm,0,3,2,4,3,4,0,4,0,0,4
20942,3309,Bi|Se|Sr,4,4,2,2,1,3,0,3,4,2,0
20943,3309,Bi|Se|Sr,4,4,2,2,1,3,2,2,2,0,4
20944,3309,Bi|Se|Sr,4,4,2,2,1,3,4,1,1,0,4
20945,1474,Bi|Pd,3,1,4,4,3,4,3,4,3,3,2
20946,3208,Fe|H|Li|O|Se,3,4,1,3,2,0,3,2,1,3,1
20947,2854,Ce|In|Pt,4,4,1,3,0,0,4,0,2,1,3
20948,2766,As|Ba|Fe|Ni,1,4,0,2,3,1,4,4,2,1,3
20949,2766,As|Ba|Fe|Ni,1,4,0,2,3,1,2,4,3,2,1
20950,2766,As|Ba|Fe|Ni,1,4,0,2,3,1,4,0,1,1,2
20951,2766,As|Ba|Fe|Ni,1,4,0,2,3,1,3,4,4,4,3
20952,2766,As|Ba|Fe|Ni,1,4,0,2,3,1,4,3,2,4,3
20953,2766,As|Ba|Fe|Ni,1,4,0,2,3,1,4,4,2,3,3
20954,2766,As|Ba|Fe|Ni,1,4,0,2,3,1,2,2,4,3,0
20955,2766,As|Ba|Fe|Ni,1,4,0,2,3,1,0,1,4,1,2
20956,2766,As|Ba|Fe|Ni,1,4,0,2,3,1,3,2,0,4,2
20957,2766,As|Ba|Fe|Ni,1,4,0,2,3,1,1,0,3,3,2
20958,2766,As|Ba|Fe|Ni,1,4,0,2,3,1,1,2,0,0,0
20959,2766,As|Ba|Fe|Ni,1,4,0,2,3,1,3,4,0,4,1
20960,2983,As|Ca|Fe|La,3,4,2,1,1,4,4,1,4,4,4
20961,735,Ba|Nb|O,2,2,1,1,2,1,1,3,2,1,3
20962,3310,Ba|Nb|O|Sr,4,1,2,4,4,0,4,2,2,2,3
20963,3310,Ba|Nb|O|Sr,4,1,2,4,4,0,4,4,2,4,1
20964,735,Ba|Nb|O,2,2,1,1,2,1,2,2,4,2,3
20965,2988,As|Ba|Fe|Na,2,0,2,3,1,2,2,2,3,2,2
20966,2988,As|Ba|Fe|Na,2,0,2,3,1,2,1,4,3,1,2
20967,2988,As|Ba|Fe|Na,2,0,2,3,1,2,0,1,3,3,3
20968,2988,As|Ba|Fe|Na,2,0,2,3,1,2,0,0,3,4,0
20969,2988,As|Ba|Fe|Na,2,0,2,3,1,2,1,3,1,4,2
20970,2988,As|Ba|Fe|Na,2,0,2,3,1,2,2,0,1,4,2
20971,2698,As|Ba|Fe|K,4,0,3,3,3,3,0,4,1,1,4
20972,2698,As|Ba|Fe|K,4,0,3,3,3,3,4,3,4,2,3
20973,2698,As|Ba|Fe|K,4,0,3,3,3,3,2,0,4,3,2
20974,1401,Au|Pb,3,3,2,4,3,4,1,1,4,1,2
20975,1390,Au|Bi,0,0,3,3,2,4,4,1,1,0,0
20976,3033,As|Ca|Fe|Pr,0,1,1,1,0,2,4,4,2,1,0
20977,3033,As|Ca|Fe|Pr,0,1,1,1,0,2,3,0,3,1,3
20978,2983,As|Ca|Fe|La,3,4,2,1,1,4,4,4,1,1,4
20979,2983,As|Ca|Fe|La,3,4,2,1,1,4,0,0,3,2,4
20980,3311,Pb|Se|Ta,3,1,4,1,3,1,4,2,0,2,2
20981,3311,Pb|Se|Ta,3,1,4,1,3,1,1,1,2,4,3
20982,2945,Ce|Co|In|Yb,2,1,4,2,2,3,0,3,4,2,2
20983,2945,Ce|Co|In|Yb,2,1,4,2,2,3,0,4,1,3,0
20984,2945,Ce|Co|In|Yb,2,1,4,2,2,3,3,4,4,2,1
20985,2657,Cd|Ce|Co|In,0,0,2,0,2,1,2,4,0,2,1
20986,2657,Cd|Ce|Co|In,0,0,2,0,2,1,2,2,2,1,2
20987,2657,Cd|Ce|Co|In,0,0,2,0,2,1,2,1,2,3,4
20988,1212,B|Mo|P,3,0,2,2,0,2,2,0,3,4,0
20989,1212,B|Mo|P,3,0,2,2,0,2,4,1,4,0,1
20990,1212,B|Mo|P,3,0,2,2,0,2,1,3,0,4,0
20991,1761,Mo|P,4,0,0,3,4,2,2,0,4,1,2
20992,1015,B|Zr,0,0,1,2,2,2,2,4,1,3,0
20993,3312,B|Lu|Zr,4,0,2,0,0,1,4,4,1,1,1
20994,3312,B|Lu|Zr,4,0,2,0,0,1,0,0,4,1,3
20995,3312,B|Lu|Zr,4,0,2,0,0,1,1,3,2,3,0
20996,3312,B|Lu|Zr,4,0,2,0,0,1,2,2,2,0,1
20997,3312,B|Lu|Zr,4,0,2,0,0,1,0,1,1,4,2
20998,1283,Bi|Te,4,1,2,1,1,0,0,0,4,0,1
20999,2643,Ge|Pr|Pt,4,3,4,3,1,3,3,1,0,0,0
21000,3313,Ge|Pr|Pt|Sb,1,2,2,3,1,4,2,0,2,1,3
21001,3313,Ge|Pr|Pt|Sb,1,2,2,3,1,4,0,0,1,4,4
21002,3313,Ge|Pr|Pt|Sb,1,2,2,3,1,4,1,3,1,3,0
21003,3313,Ge|Pr|Pt|Sb,1,2,2,3,1,4,3,2,3,1,2
21004,3313,Ge|Pr|Pt|Sb,1,2,2,3,1,4,1,3,2,2,4
21005,3313,Ge|Pr|Pt|Sb,1,2,2,3,1,4,3,4,1,4,4
21006,3313,Ge|Pr|Pt|Sb,1,2,2,3,1,4,2,0,0,3,2
21007,2698,As|Ba|Fe|K,4,0,3,3,3,3,2,3,4,1,0
21008,3291,Bi|F|O|S,4,4,4,0,0,3,0,2,0,3,0
21009,3291,Bi|F|O|S,4,4,4,0,0,3,0,2,0,1,2
21010,3291,Bi|F|O|S,4,4,4,0,0,3,4,1,0,2,3
21011,2936,As|Pt|Sr,3,3,3,3,3,2,1,4,4,2,2
21012,3314,B|Rh|Sr,4,2,1,4,3,1,0,3,0,2,0
21013,3315,B|Ca|Rh,0,2,4,2,0,1,4,1,0,3,3
21014,2268,B|Os|Y,3,0,2,4,4,3,0,3,3,2,1
21015,3155,Ir|Pd|Te,4,3,3,4,1,1,0,2,4,3,4
21016,3155,Ir|Pd|Te,4,3,3,4,1,1,1,0,4,1,4
21017,3155,Ir|Pd|Te,4,3,3,4,1,1,4,3,1,0,3
21018,3155,Ir|Pd|Te,4,3,3,4,1,1,3,4,1,2,0
21019,3316,Fe|Ge|Y,2,2,3,2,2,3,1,2,0,0,2
21020,3317,Bi|Cs|Te,2,0,2,3,0,4,4,0,0,2,1
21021,3317,Bi|Cs|Te,2,0,2,3,0,4,1,4,1,3,0
21022,1295,In|Sn|Te,3,2,4,3,4,1,1,4,2,2,2
21023,1141,Ge|Nb,3,4,1,2,1,2,4,3,0,2,3
21024,1141,Ge|Nb,3,4,1,2,1,2,3,0,4,1,0
21025,3318,B|Si|Ta|W,4,2,4,4,1,0,4,3,3,2,2
21026,2,Cu|La|O|Sr,1,2,3,2,2,0,2,0,3,4,1
21027,2,Cu|La|O|Sr,1,2,3,2,2,0,4,1,0,4,1
21028,1119,F|Fe|La|O|P,1,2,3,4,0,2,0,3,0,0,2
21029,2857,As|Fe|La|O|Y,0,1,2,3,0,1,4,1,4,1,1
21030,2904,As|Fe|H|La|O,1,1,1,1,3,4,4,2,3,2,0
21031,3307,As|F|Fe|La|O|P,0,3,3,3,2,2,2,0,4,1,2
21032,3307,As|F|Fe|La|O|P,0,3,3,3,2,2,0,4,3,1,2
21033,3319,F|Fe|O|P|Pr,2,4,3,1,4,4,0,2,3,1,1
21034,3320,As|F|Fe|O|P|Pr,0,1,3,0,2,4,2,0,4,0,3
21035,3320,As|F|Fe|O|P|Pr,0,1,3,0,2,4,1,0,3,4,2
21036,3320,As|F|Fe|O|P|Pr,0,1,3,0,2,4,3,3,4,3,0
21037,3320,As|F|Fe|O|P|Pr,0,1,3,0,2,4,4,1,1,4,1
21038,3320,As|F|Fe|O|P|Pr,0,1,3,0,2,4,0,2,0,4,3
21039,2808,As|F|Fe|O|Pr,1,2,4,3,2,1,3,2,3,3,0
21040,3321,F|Fe|Nd|O|P,0,4,0,0,4,4,2,4,4,0,0
21041,3322,As|F|Fe|Nd|O|P,3,4,3,0,0,3,2,3,1,2,4
21042,3322,As|F|Fe|Nd|O|P,3,4,3,0,0,3,3,4,1,4,1
21043,3322,As|F|Fe|Nd|O|P,3,4,3,0,0,3,4,1,3,2,4
21044,3322,As|F|Fe|Nd|O|P,3,4,3,0,0,3,4,1,3,0,3
21045,3322,As|F|Fe|Nd|O|P,3,4,3,0,0,3,1,0,0,1,0
21046,3322,As|F|Fe|Nd|O|P,3,4,3,0,0,3,1,1,0,3,2
21047,2692,As|F|Fe|Nd|O,0,2,2,1,1,1,4,1,2,1,3
21048,3323,Ir|P|Sc,4,4,0,3,4,2,4,2,0,2,2
21049,2173,La|Rh|Si,2,4,0,2,2,0,4,4,2,0,4
21050,3324,Pd|Sb|Sr,1,4,1,4,3,2,2,1,0,3,1
21051,3324,Pd|Sb|Sr,1,4,1,4,3,2,3,3,3,1,2
21052,1271,Ag|Sn|Te,4,0,1,4,1,2,1,1,2,4,1
21053,1271,Ag|Sn|Te,4,0,1,4,1,2,3,3,0,0,4
21054,1271,Ag|Sn|Te,4,0,1,4,1,2,2,1,3,4,3
21055,1271,Ag|Sn|Te,4,0,1,4,1,2,0,2,2,0,3
21056,1271,Ag|Sn|Te,4,0,1,4,1,2,1,0,4,3,0
21057,3325,As|Eu|Fe|Rb,2,3,3,1,4,3,3,0,0,1,1
21058,3326,As|Cs|Eu|Fe,3,0,1,3,1,3,1,1,3,1,4
21059,3067,Bi|F|Nd|O|S,2,1,1,4,2,0,4,0,1,3,4
21060,3327,Al|Pr|V,0,3,1,4,4,4,1,3,4,3,0
21061,3327,Al|Pr|V,0,3,1,4,4,4,2,3,1,2,2
21062,3328,Al|Pr|Ti,1,2,1,3,2,0,4,2,4,0,1
21063,3329,P|Pd|Y,4,4,4,0,1,2,4,3,2,4,1
21064,3330,La|P|Pd,2,1,3,0,4,3,2,3,3,1,1
21065,3180,As|Cr,3,0,3,3,4,1,3,2,4,1,0
21066,2735,Fe|Se,2,0,2,1,2,4,3,3,2,1,4
21067,2735,Fe|Se,2,0,2,1,2,4,1,4,1,4,3
21068,2735,Fe|Se,2,0,2,1,2,4,1,0,1,0,0
21069,2735,Fe|Se,2,0,2,1,2,4,4,4,0,3,1
21070,3141,Bi|F|O|Pr|S,0,1,0,0,2,2,3,0,0,0,4
21071,3067,Bi|F|Nd|O|S,2,1,1,4,2,0,1,0,3,4,1
21072,1119,F|Fe|La|O|P,1,2,3,4,0,2,2,0,2,3,0
21073,3307,As|F|Fe|La|O|P,0,3,3,3,2,2,3,2,0,4,3
21074,3307,As|F|Fe|La|O|P,0,3,3,3,2,2,0,4,0,1,2
21075,3307,As|F|Fe|La|O|P,0,3,3,3,2,2,0,4,1,4,4
21076,2679,As|F|Fe|La|O,2,4,1,2,3,1,3,1,1,0,2
21077,3331,Ag|Ba|Ca|Cu|Hg|La|O,4,3,4,1,4,0,2,4,2,3,3
21078,3331,Ag|Ba|Ca|Cu|Hg|La|O,4,3,4,1,4,0,2,3,4,0,3
21079,3331,Ag|Ba|Ca|Cu|Hg|La|O,4,3,4,1,4,0,0,2,0,1,0
21080,3331,Ag|Ba|Ca|Cu|Hg|La|O,4,3,4,1,4,0,0,1,2,0,2
21081,3332,Bi|Co|O|S,3,3,3,0,1,1,3,3,1,1,0
21082,3332,Bi|Co|O|S,3,3,3,0,1,1,3,3,2,1,3
21083,3332,Bi|Co|O|S,3,3,3,0,1,1,1,2,4,2,0
21084,3332,Bi|Co|O|S,3,3,3,0,1,1,1,0,1,1,4
21085,3316,Fe|Ge|Y,2,2,3,2,2,3,3,0,3,3,4
21086,3316,Fe|Ge|Y,2,2,3,2,2,3,0,0,2,2,3
21087,3316,Fe|Ge|Y,2,2,3,2,2,3,1,3,4,4,4
21088,3316,Fe|Ge|Y,2,2,3,2,2,3,4,4,4,3,1
21089,3333,Ir|Si|Ta,1,4,4,3,2,1,1,0,1,0,4
21090,3334,Nb|Pt|Si,1,1,4,4,4,1,1,2,4,1,2
21091,2580,Rh|Sn|Sr,0,0,3,0,4,4,0,4,4,4,1
21092,2582,Ir|Sn|Sr,2,4,1,1,0,1,0,0,0,0,0
21093,759,Ce|Co|In,3,3,3,2,1,0,1,2,0,1,0
21094,2945,Ce|Co|In|Yb,2,1,4,2,2,3,0,2,4,1,4
21095,2945,Ce|Co|In|Yb,2,1,4,2,2,3,2,4,2,0,0
21096,2945,Ce|Co|In|Yb,2,1,4,2,2,3,3,0,4,4,2
21097,2945,Ce|Co|In|Yb,2,1,4,2,2,3,0,0,4,4,1
21098,2945,Ce|Co|In|Yb,2,1,4,2,2,3,1,4,4,0,4
21099,1295,In|Sn|Te,3,2,4,3,4,1,2,4,1,2,4
21100,1295,In|Sn|Te,3,2,4,3,4,1,1,1,3,3,2
21101,1295,In|Sn|Te,3,2,4,3,4,1,1,1,3,1,4
21102,1295,In|Sn|Te,3,2,4,3,4,1,4,4,2,4,2
21103,1295,In|Sn|Te,3,2,4,3,4,1,4,0,4,1,0
21104,3311,Pb|Se|Ta,3,1,4,1,3,1,3,3,2,0,0
21105,2679,As|F|Fe|La|O,2,4,1,2,3,1,1,0,4,4,1
21106,2922,As|F|Fe|La|Mn|O,1,2,0,3,0,2,2,3,2,1,0
21107,2922,As|F|Fe|La|Mn|O,1,2,0,3,0,2,0,3,3,1,2
21108,2922,As|F|Fe|La|Mn|O,1,2,0,3,0,2,3,0,0,3,3
21109,1401,Au|Pb,3,3,2,4,3,4,1,2,2,3,0
21110,3213,As|Cr|K,4,2,3,2,3,2,4,4,4,4,0
21111,3335,As|Fe|H|La|O|Y,4,0,0,4,2,1,3,4,2,0,4
21112,3193,Bi|Se,3,2,1,2,1,1,4,2,0,4,4
21113,3193,Bi|Se,3,2,1,2,1,1,4,2,2,0,0
21114,3193,Bi|Se,3,2,1,2,1,1,4,3,1,2,1
21115,3316,Fe|Ge|Y,2,2,3,2,2,3,4,0,3,0,3
21116,3336,Sb|Te,0,4,4,2,4,0,4,3,1,1,4
21117,3336,Sb|Te,0,4,4,2,4,0,3,4,2,0,0
21118,3336,Sb|Te,0,4,4,2,4,0,2,2,2,0,0
21119,3336,Sb|Te,0,4,4,2,4,0,4,2,4,4,2
21120,3337,As|Cr|Cs,3,1,4,3,2,2,2,3,3,3,3
21121,3311,Pb|Se|Ta,3,1,4,1,3,1,4,3,1,0,1
21122,3338,Bi|F|Nd|O|Pb|S,2,2,3,2,2,0,2,0,4,4,4
21123,3338,Bi|F|Nd|O|Pb|S,2,2,3,2,2,0,2,1,3,0,3
21124,3338,Bi|F|Nd|O|Pb|S,2,2,3,2,2,0,4,0,0,4,4
21125,3338,Bi|F|Nd|O|Pb|S,2,2,3,2,2,0,4,2,3,1,3
21126,3338,Bi|F|Nd|O|Pb|S,2,2,3,2,2,0,4,0,3,2,4
21127,3338,Bi|F|Nd|O|Pb|S,2,2,3,2,2,0,0,3,3,2,2
21128,3339,Bi|Fe|Ni,2,2,2,2,3,0,0,2,1,3,2
21129,3339,Bi|Fe|Ni,2,2,2,2,3,0,1,0,4,2,3
21130,1265,Nb,2,3,0,0,4,2,0,1,0,2,3
21131,2932,Fe|Rb|Se,2,0,0,1,2,0,4,4,2,3,3
21132,3340,Fe|Rb|S|Se,4,4,4,3,2,2,2,1,1,2,4
21133,3340,Fe|Rb|S|Se,4,4,4,3,2,2,2,2,3,1,3
21134,3340,Fe|Rb|S|Se,4,4,4,3,2,2,0,0,2,1,1
21135,3341,As|Ca|Fe|K,3,4,3,2,0,3,2,4,2,2,1
21136,3342,As|Ca|Fe|Rb,1,2,4,3,3,3,0,1,4,2,4
21137,3343,As|Ca|Cs|Fe,0,0,1,0,3,4,4,1,4,0,1
21138,3344,As|Fe|Rb|Sr,4,4,4,3,1,0,1,1,0,0,1
21139,2719,As|Cs|Fe|Sr,2,2,3,3,3,1,3,3,3,4,1
21140,3345,As|Ba|Cs|Fe,3,1,2,4,4,3,3,3,3,4,3
21141,2273,P|Ru|Ti,3,3,0,3,4,1,1,3,4,4,1
21142,2074,P|Ru|Zr,2,0,2,0,4,0,4,3,0,3,0
21143,2074,P|Ru|Zr,2,0,2,0,4,0,1,1,1,4,0
21144,2202,Hf|P|Ru,1,2,2,0,1,3,2,0,2,3,0
21145,2274,Os|P|Zr,3,4,1,2,4,2,0,4,3,2,0
21146,2497,As|Ru|Zr,3,3,2,2,3,2,4,4,3,0,3
21147,3346,As|Hf|Zr,2,1,2,3,1,1,4,4,1,0,3
21148,3291,Bi|F|O|S,4,4,4,0,0,3,4,4,2,2,1
21149,3291,Bi|F|O|S,4,4,4,0,0,3,3,1,2,1,3
21150,3347,Cr|Cu|Fe|O,2,1,1,2,3,2,4,0,2,2,4
21151,3347,Cr|Cu|Fe|O,2,1,1,2,3,2,1,4,0,4,2
21152,3348,Cr|Cu|O,3,3,2,4,0,4,4,1,2,3,0
21153,3067,Bi|F|Nd|O|S,2,1,1,4,2,0,0,4,2,1,2
21154,1136,Co|Y,0,1,2,0,0,1,2,0,4,4,4
21155,3349,As|Ba|Pt,1,0,0,2,2,0,3,0,4,2,2
21156,3067,Bi|F|Nd|O|S,2,1,1,4,2,0,1,0,3,0,2
21157,3067,Bi|F|Nd|O|S,2,1,1,4,2,0,3,0,1,4,0
21158,2877,Pb|Se|Ti,0,3,4,1,3,3,3,1,2,2,2
21159,3350,Pb|Se|Sn|Ti,3,1,2,0,4,3,1,2,3,0,0
21160,3350,Pb|Se|Sn|Ti,3,1,2,0,4,3,4,0,1,4,0
21161,3350,Pb|Se|Sn|Ti,3,1,2,0,4,3,0,2,0,2,0
21162,3350,Pb|Se|Sn|Ti,3,1,2,0,4,3,1,1,0,1,2
21163,3350,Pb|Se|Sn|Ti,3,1,2,0,4,3,1,0,3,2,1
21164,3351,Ce|Co|In|Ni,2,3,2,1,0,4,4,4,0,1,3
21165,3351,Ce|Co|In|Ni,2,3,2,1,0,4,0,2,3,0,0
21166,3351,Ce|Co|In|Ni,2,3,2,1,0,4,1,4,1,2,0
21167,3351,Ce|Co|In|Ni,2,3,2,1,0,4,2,1,3,0,0
21168,1271,Ag|Sn|Te,4,0,1,4,1,2,4,4,0,0,4
21169,3352,Al|Nb|Y,4,1,2,2,3,1,2,0,0,1,0
21170,3353,Al|Mo|Y,1,0,4,2,3,3,0,4,0,2,2
21171,3354,Al|Ta|Y,4,2,2,0,1,1,2,4,4,4,1
21172,1271,Ag|Sn|Te,4,0,1,4,1,2,4,3,3,3,2
21173,2173,La|Rh|Si,2,4,0,2,2,0,4,4,0,3,1
21174,3355,Pt|Si|Ta,2,1,1,0,0,0,3,2,3,4,0
21175,1555,Co|Ni|Zr,0,2,2,0,1,3,1,2,2,2,3
21176,1555,Co|Ni|Zr,0,2,2,0,1,3,3,3,2,1,4
21177,1555,Co|Ni|Zr,0,2,2,0,1,3,4,0,0,2,1
21178,3332,Bi|Co|O|S,3,3,3,0,1,1,3,2,4,3,2
21179,3332,Bi|Co|O|S,3,3,3,0,1,1,1,0,0,4,3
21180,3332,Bi|Co|O|S,3,3,3,0,1,1,3,4,3,0,2
21181,3332,Bi|Co|O|S,3,3,3,0,1,1,1,1,4,4,4
21182,3356,Ge|V|Zr,1,0,2,4,0,2,4,0,2,3,1
21183,2819,As|Ba|Fe|P,1,2,2,1,2,3,0,1,2,3,3
21184,3357,Ho|Pd|Te,2,1,4,3,1,0,1,1,3,4,4
21185,3357,Ho|Pd|Te,2,1,4,3,1,0,2,0,4,4,0
21186,3325,As|Eu|Fe|Rb,2,3,3,1,4,3,4,3,4,0,4
21187,2640,Ba|Ge|Pt,0,0,3,1,2,4,1,3,4,0,1
21188,3094,P|Pt|Sr,3,3,4,2,4,4,2,4,3,3,0
21189,3358,P|Pd|Pt|Sr,3,4,2,2,4,0,3,3,2,0,2
21190,3358,P|Pd|Pt|Sr,3,4,2,2,4,0,3,0,2,1,1
21191,3358,P|Pd|Pt|Sr,3,4,2,2,4,0,0,2,3,3,2
21192,3358,P|Pd|Pt|Sr,3,4,2,2,4,0,2,4,4,0,3
21193,2698,As|Ba|Fe|K,4,0,3,3,3,3,0,3,3,0,3
21194,2698,As|Ba|Fe|K,4,0,3,3,3,3,3,3,2,3,4
21195,2698,As|Ba|Fe|K,4,0,3,3,3,3,2,0,3,0,4
21196,2698,As|Ba|Fe|K,4,0,3,3,3,3,4,4,3,3,2
21197,2698,As|Ba|Fe|K,4,0,3,3,3,3,4,2,4,2,1
21198,2698,As|Ba|Fe|K,4,0,3,3,3,3,0,4,1,4,2
21199,2698,As|Ba|Fe|K,4,0,3,3,3,3,0,1,3,1,3
21200,2698,As|Ba|Fe|K,4,0,3,3,3,3,2,4,3,4,4
21201,2698,As|Ba|Fe|K,4,0,3,3,3,3,1,4,4,3,1
21202,2698,As|Ba|Fe|K,4,0,3,3,3,3,4,0,1,4,0
21203,1474,Bi|Pd,3,1,4,4,3,4,2,4,1,1,0
21204,2718,As|Cs|Fe,3,3,1,0,1,1,4,2,3,1,3
21205,2178,Ca|Rh|Sn,3,2,4,3,3,4,4,3,4,4,4
21206,3359,Ca|Co|Rh|Sn,0,2,3,4,0,4,2,4,3,4,2
21207,3359,Ca|Co|Rh|Sn,0,2,3,4,0,4,0,4,2,3,4
21208,2826,As|Co|Fe|Na,3,4,2,2,3,4,4,4,4,2,0
21209,2826,As|Co|Fe|Na,3,4,2,2,3,4,1,1,1,4,0
21210,2826,As|Co|Fe|Na,3,4,2,2,3,4,0,4,0,1,0
21211,2826,As|Co|Fe|Na,3,4,2,2,3,4,2,4,1,3,4
21212,2826,As|Co|Fe|Na,3,4,2,2,3,4,3,4,0,2,3
21213,3360,Ni|Sm,1,0,0,4,0,1,0,3,4,3,0
21214,3361,Gd|Ni|Sm,1,2,0,3,2,0,0,1,3,0,1
21215,1648,Hf|Re,3,1,2,3,0,2,2,3,4,3,3
21216,3013,Bi|Pt|Y,0,4,4,2,0,0,1,2,0,3,0
21217,2878,Bi|Nb|Se,4,2,3,0,1,0,0,2,4,4,1
21218,2878,Bi|Nb|Se,4,2,3,0,1,0,3,2,0,0,2
21219,3362,Se|Ta|Te,3,3,1,1,0,3,4,2,2,2,2
21220,3362,Se|Ta|Te,3,3,1,1,0,3,3,2,4,2,4
21221,3362,Se|Ta|Te,3,3,1,1,0,3,4,0,4,0,2
21222,3362,Se|Ta|Te,3,3,1,1,0,3,1,4,2,4,0
21223,3362,Se|Ta|Te,3,3,1,1,0,3,4,4,4,2,3
21224,3362,Se|Ta|Te,3,3,1,1,0,3,0,3,4,3,2
21225,3362,Se|Ta|Te,3,3,1,1,0,3,0,0,4,3,0
21226,3362,Se|Ta|Te,3,3,1,1,0,3,4,1,0,2,2
21227,2922,As|F|Fe|La|Mn|O,1,2,0,3,0,2,1,3,2,0,3
21228,2922,As|F|Fe|La|Mn|O,1,2,0,3,0,2,0,3,1,4,1
21229,2922,As|F|Fe|La|Mn|O,1,2,0,3,0,2,1,1,2,3,3
21230,3308,As|F|Fe|La|Mn|O|Y,3,3,4,4,0,3,4,1,3,3,1
21231,3308,As|F|Fe|La|Mn|O|Y,3,3,4,4,0,3,1,3,3,0,2
21232,3308,As|F|Fe|La|Mn|O|Y,3,3,4,4,0,3,2,3,3,2,1
21233,3308,As|F|Fe|La|Mn|O|Y,3,3,4,4,0,3,3,0,0,3,4
21234,3308,As|F|Fe|La|Mn|O|Y,3,3,4,4,0,3,3,1,1,0,4
21235,3308,As|F|Fe|La|Mn|O|Y,3,3,4,4,0,3,3,0,1,4,2
21236,3308,As|F|Fe|La|Mn|O|Y,3,3,4,4,0,3,2,3,3,3,3
21237,3308,As|F|Fe|La|Mn|O|Y,3,3,4,4,0,3,0,0,4,4,3
21238,3308,As|F|Fe|La|Mn|O|Y,3,3,4,4,0,3,1,2,4,3,2
21239,3308,As|F|Fe|La|Mn|O|Y,3,3,4,4,0,3,2,3,0,0,2
21240,1233,Re|Zr,2,3,2,3,0,1,3,0,2,0,3
21241,3309,Bi|Se|Sr,4,4,2,2,1,3,4,0,2,1,2
21242,3309,Bi|Se|Sr,4,4,2,2,1,3,1,0,1,1,1
21243,3071,Ir|Pt|Te,2,4,2,2,3,0,4,0,1,1,1
21244,3071,Ir|Pt|Te,2,4,2,2,3,0,0,0,1,1,2
21245,3071,Ir|Pt|Te,2,4,2,2,3,0,3,4,3,4,2
21246,268,Cu|Mo|O|Sr|Y,4,2,1,1,2,0,2,3,4,4,0
21247,3349,As|Ba|Pt,1,0,0,2,2,0,0,2,2,4,1
21248,3349,As|Ba|Pt,1,0,0,2,2,0,0,4,3,0,1
21249,3349,As|Ba|Pt,1,0,0,2,2,0,0,3,4,1,4
21250,2493,Ge|La|Pt,0,0,3,2,0,2,0,3,3,4,2
21251,2640,Ba|Ge|Pt,0,0,3,1,2,4,1,3,2,3,3
21252,3337,As|Cr|Cs,3,1,4,3,2,2,2,0,2,1,3
21253,3363,Bi|Ce|O|S,0,0,1,2,4,4,2,2,3,4,4
21254,3363,Bi|Ce|O|S,0,0,1,2,4,4,0,0,1,0,4
21255,3364,Ir|Si|Ti,2,2,1,1,2,2,1,1,0,1,3
21256,3364,Ir|Si|Ti,2,2,1,1,2,2,4,3,2,2,2
21257,3364,Ir|Si|Ti,2,2,1,1,2,2,4,0,3,0,2
21258,2614,Fe|Lu|Si|Tm,0,0,3,4,0,3,0,0,1,4,4
21259,47,Ba|Ca|Cu|O|Tl,3,2,1,1,4,1,2,3,4,4,0
21260,1792,Nb|Pd,1,4,1,2,4,2,0,2,3,0,3
21261,1792,Nb|Pd,1,4,1,2,4,2,1,4,3,4,0
21262,2736,Fe|Se|Te,3,3,3,2,2,4,1,2,3,4,1
