# dataset B: 12440 rows, 3063 chemical families. data/datasetB_featurized.npz rows (Tc>0 subset of data/supercon_stanev.csv); family = `groups` field.
# fold_deterministic = GroupKFold(5) (no shuffle, published protocol); fold_seedS = GroupKFold(5, shuffle=True,
#   random_state=S); random_fold_seedS = KFold(5, shuffle=True, random_state=S). scikit-learn 1.7.2,
#   pandas 2.3.2, numpy 2.3.3. Generated by code/v2/make_splits.py.
# GroupKFold breaks size ties by the ORDER of the integer family codes (pandas.factorize order of first
#   appearance), so the fold assignment depends on the code order, not only on the family partition.
#   These indices, not just the procedure, are the reference. Read with pandas.read_csv(..., comment='#').
row_index,family_id,family_key,fold_deterministic,fold_seed0,fold_seed1,fold_seed2,fold_seed3,fold_seed4,random_fold_seed0,random_fold_seed1,random_fold_seed2,random_fold_seed3,random_fold_seed4,fold_deterministic_v1_prefilter_codes
0,0,As|Ba|Fe|K,0,4,2,3,0,4,4,4,2,0,0,1
1,1,Ba|Ca|Cu|La|O,0,0,1,3,2,4,2,2,4,0,2,0
2,2,Mo|Ru,2,2,3,2,2,2,3,4,1,3,1,0
3,3,Os|Sn|Tm,1,4,0,1,0,0,3,2,1,3,1,0
4,4,Bi|F|Nd|O|Pb|S,1,1,0,0,2,3,3,0,0,3,1,3
5,5,Al|Ga|V,3,2,3,4,0,2,1,2,1,3,4,2
6,6,Co|Cu|La|O|Sr,1,1,0,1,0,4,2,1,2,3,4,3
7,7,N|V,0,4,3,2,3,0,2,0,3,4,0,4
8,8,Be|Pb,4,1,2,1,3,1,2,3,1,3,1,4
9,9,Nb|Sn|Tl,3,0,3,4,4,4,0,3,3,0,0,2
10,10,Cu|La|O|Pb|Sr,3,0,0,3,2,2,3,1,0,2,1,3
11,11,Ba|Cu|Nd|O,4,1,1,2,1,1,2,2,1,4,0,4
12,12,Ba|Ca|Cu|O|Y,3,3,3,3,4,4,2,3,4,4,4,3
13,13,Ba|Cl|Hf|N,3,3,0,3,4,0,4,3,2,1,2,2
14,14,Cu|La|O|V,3,0,4,1,3,3,0,3,4,4,3,3
15,15,Cu|Ni|O|Sm,2,0,4,0,3,1,1,4,2,3,3,1
16,16,Cu|Mo|S,0,3,1,3,0,4,0,1,0,3,1,3
17,17,La|Tb,0,1,0,3,4,1,2,0,4,1,4,0
18,18,B|C|Ce|Ni|Y,0,1,4,0,1,3,0,4,1,3,3,2
19,19,Gd|In|La,1,2,2,4,3,2,3,3,2,3,0,4
20,20,Al|Nb|Pd|Zr,4,1,4,3,1,1,1,4,1,0,0,2
21,21,Cu|O|Ru|Sr|Y,3,4,3,3,0,3,4,1,0,2,4,3
22,22,Ba|Co|Cu|O|Y,3,0,2,2,0,4,1,0,1,0,0,3
23,19,Gd|In|La,1,2,2,4,3,2,1,4,0,2,4,4
24,23,Nb|Sn|V,0,0,1,0,2,4,2,1,4,0,2,4
25,24,Cu|La|Mn|O|Sr,4,4,2,4,3,1,4,1,4,0,4,1
26,25,B|C|Ho|Ni|Y,0,4,4,4,0,3,4,3,3,2,2,4
27,26,Fe|Ga|Se,4,4,3,4,1,1,4,4,0,3,1,4
28,27,Ni|Ti|Zr,0,1,3,0,1,3,4,1,2,1,2,2
29,28,Al|Ba|Cu|O|Sr|Y,3,3,0,3,1,0,1,4,4,1,1,0
30,29,Ca|Hg,3,3,3,4,4,0,2,4,1,3,0,2
31,30,Bi|Ca|Cu|Ga|O|Sr,4,0,1,2,0,3,1,4,4,2,2,0
32,31,Ba|Cu|O|Pr|Sr|Y,0,2,3,4,1,0,1,1,0,4,4,2
33,32,Ce|Cu|Gd|Nd|O,4,3,1,4,4,4,0,2,2,2,2,4
34,33,C|N|Nb,1,0,3,0,2,3,2,1,3,2,0,3
35,34,Os|Pr|Ru|Sb,2,2,2,1,0,0,4,0,2,0,2,1
36,35,Bi|Cu|O|Pr|Sr,4,3,1,4,4,0,1,1,3,2,1,3
37,36,Bi|Ca|Cu|O|Sr|Y,4,2,4,1,1,0,1,3,1,0,0,4
38,37,C|Mo|W,2,1,2,1,2,2,1,0,3,0,1,2
39,38,Ga|Sn,4,3,2,1,0,1,0,1,0,2,4,1
40,39,B|Er|Gd|Rh,2,1,2,2,3,2,3,1,2,4,1,3
41,40,Au|Ga,0,0,0,2,1,0,4,3,2,0,1,1
42,41,In|Tl,1,1,0,3,0,1,0,4,0,0,0,3
43,42,Cu|La|O|Sr|Zn,1,2,4,4,3,1,4,1,3,2,0,1
44,43,Fe|K|Se,2,2,3,2,1,3,1,0,2,4,3,0
45,44,Cu|La|Nd|O|Sr,3,0,2,3,4,2,1,0,0,1,3,0
46,45,Ca|Cu|La|O,1,2,0,2,3,1,0,1,3,4,4,0
47,46,As|Ba|Co|Fe|Zn,1,3,3,2,1,3,2,3,4,1,3,3
48,47,Al|Au,4,1,0,3,4,1,0,1,0,1,4,4
49,48,Ba|Cu|Fe|O|Sr|Tm,4,1,2,0,2,4,1,3,4,0,1,3
50,49,Ba|Cu|La|O,3,0,2,4,3,0,0,1,0,2,3,3
51,50,Ba|Ca|Cu|Er|La|O,3,3,0,3,1,3,2,4,1,3,4,2
52,51,Cu|La|O|Sm|Sr,4,3,2,4,3,3,4,4,3,4,2,4
53,52,Ca|Cu|O|P|Sr|Y,0,1,4,2,4,0,3,4,2,4,1,1
54,53,Ga|Si|Sr,1,0,2,4,3,1,2,2,1,4,1,3
55,1,Ba|Ca|Cu|La|O,0,0,1,3,2,4,4,2,4,0,4,0
56,54,Nb|Ta,1,2,0,0,3,2,2,4,4,2,3,0
57,55,Fe|S|Se,2,2,3,4,3,2,1,1,1,2,2,2
58,56,Ce|In|Rh|Sn,0,3,1,3,2,4,3,0,2,0,4,2
59,57,Ba|Ca|Co|Cu|O|Y,1,1,3,4,0,1,3,4,0,2,3,2
60,58,Co|H|Na|O,1,1,0,1,1,1,4,1,2,3,2,3
61,59,Bi|Ca|Cu|O|Sr,2,1,2,3,0,3,3,4,0,3,2,2
62,49,Ba|Cu|La|O,3,0,2,4,3,0,4,1,1,2,2,3
63,60,As|Fe|La|O|Y,0,3,2,0,3,1,4,0,3,3,3,4
64,61,Ge|La|Pt,2,2,3,1,1,4,3,3,2,3,2,3
65,62,Al|Ge|Nb,2,3,3,0,1,3,1,0,3,3,3,2
66,50,Ba|Ca|Cu|Er|La|O,3,3,0,3,1,3,2,2,2,4,0,2
67,63,As|F|Fe|La|Mn|O,2,4,4,0,3,1,2,1,1,0,2,2
68,64,Ba|Cu|O|Y|Zn,1,1,2,4,3,2,3,2,1,2,2,1
69,65,Ba|Bi|K|O,3,2,0,2,0,0,2,4,3,1,0,3
70,66,Ba|Ca|Cu|La|O|Sr,3,2,3,2,4,1,2,2,1,1,1,2
71,26,Fe|Ga|Se,4,4,3,4,1,1,3,4,2,3,1,4
72,54,Nb|Ta,1,2,0,0,3,2,1,1,0,2,1,0
73,67,La|Nd|Pt|Si,0,4,2,3,3,0,4,4,4,1,3,0
74,68,Bi|Sn,2,3,2,0,3,1,2,0,4,4,0,1
75,69,Pa,3,0,3,0,0,0,4,3,3,0,2,1
76,70,B|C|Mn|Ni|Y,1,0,4,3,0,0,3,4,3,2,3,3
77,71,Ba|Cu|Li|O|Y,4,2,4,1,4,0,4,4,4,1,1,3
78,72,B|C|Mg|Ni,4,2,0,0,0,0,4,3,4,1,2,2
79,36,Bi|Ca|Cu|O|Sr|Y,4,2,4,1,1,0,4,0,1,3,3,4
80,73,Bi|Rh,2,2,2,4,0,3,4,4,4,4,3,3
81,74,Ba|Cu|La|O|Y,2,3,3,3,3,1,4,2,0,1,1,2
82,75,Pd|S,4,3,0,1,3,2,3,0,3,3,0,2
83,76,Ge|V,1,0,1,0,2,0,1,1,2,3,0,3
84,77,Cu|O|Sr|W|Y,1,2,4,3,4,1,2,4,2,4,4,3
85,36,Bi|Ca|Cu|O|Sr|Y,4,2,4,1,1,0,1,0,3,3,3,4
86,78,Nb|V,0,3,3,4,2,0,3,2,0,3,4,2
87,79,Fe|Se|Te,4,3,3,0,1,3,1,2,1,1,1,0
88,80,Ge|Ir,1,2,2,1,2,4,2,4,1,2,3,4
89,65,Ba|Bi|K|O,3,2,0,2,0,0,4,1,2,0,3,3
90,81,Ba|Cu|O|Yb|Zn,4,3,0,2,1,2,0,1,0,1,3,2
91,82,Fe|Ni|Zr,3,2,1,0,0,4,4,0,0,1,1,0
92,83,Bi|Ca|Cu|O|Sr|Zn,4,3,3,1,1,2,1,0,4,0,3,0
93,84,H|Pd,0,4,3,0,4,4,4,3,3,1,1,2
94,49,Ba|Cu|La|O,3,0,2,4,3,0,0,2,0,1,4,3
95,85,Rh|Ta,3,2,3,2,1,4,3,4,1,4,1,2
96,86,Ba|Cu|O|Y,4,4,4,2,0,4,2,4,4,1,4,4
97,87,As|Nb,3,1,0,3,0,0,3,3,4,0,0,0
98,88,La|Sn|Th,3,2,2,4,4,0,0,0,0,4,1,0
99,51,Cu|La|O|Sm|Sr,4,3,2,4,3,3,4,0,2,1,3,4
100,89,In|Pb|Sn|Te,1,2,1,2,3,2,4,3,1,2,1,1
101,90,As|Fe|H|La|O,2,3,1,3,4,0,4,1,3,3,2,2
102,91,Ba|Ca|Co|Cu|Er|O,3,4,1,3,0,4,3,1,0,2,0,1
103,92,As|Ba|Co|Fe|Mn,0,0,4,4,2,2,0,1,0,1,3,2
104,93,La|Ru,1,4,1,0,3,4,3,3,4,1,0,3
105,94,Ir|Rh|Zr,4,4,1,2,4,2,3,4,4,2,2,1
106,95,Al|Fe,1,3,4,0,3,2,4,1,4,4,2,1
107,65,Ba|Bi|K|O,3,2,0,2,0,0,4,3,2,2,0,3
108,96,B|Ir|Lu|Y,2,2,4,4,4,4,3,0,3,3,0,3
109,97,As|Co|Eu|Fe|Sr,2,1,3,4,1,3,2,4,0,4,3,0
110,98,B|C|Ni|Pr|Y,0,0,0,0,3,1,4,3,0,3,2,2
111,99,Au|In,0,4,0,1,2,3,4,1,3,1,1,3
112,100,Co|Y,0,4,4,4,1,4,4,0,2,2,4,1
113,101,La|Ru|Sb,2,2,2,0,2,1,2,4,2,0,4,2
114,102,Al|Fe|Se,2,2,0,0,3,0,2,4,1,4,4,0
115,103,Pd|Sn|Tm|Y,4,3,2,0,0,1,4,0,2,0,0,0
116,104,B|Mg|Zn,2,0,2,2,4,1,4,1,4,3,3,1
117,105,Al|Hf|Nb,0,3,4,4,2,2,2,2,1,2,2,4
118,106,Nb|Ru,2,2,3,4,1,3,0,1,2,1,1,0
119,107,B|Ca|Pt,1,1,0,0,2,4,0,0,3,2,2,4
120,108,As|Ba|Fe|Pd,0,2,0,1,1,4,4,3,0,2,1,4
121,109,Ba|Cu|Er|Fe|O|Zn,0,1,4,3,3,2,0,1,2,3,4,4
122,110,Au|Ge|Yb,2,3,0,0,4,0,0,2,2,1,4,0
123,111,Ba|Cu|Eu|Fe|O,4,3,0,0,0,0,4,3,1,1,3,4
124,112,Pt|V,1,4,4,0,1,3,0,4,1,2,4,3
125,113,Ce|Cu|Nb|O|Sm|Sr,3,0,4,4,4,1,0,2,1,1,1,0
126,114,Cu|O|Sr|Y,4,3,4,2,2,3,0,2,4,3,0,4
127,115,Pb|Tl,4,3,1,2,2,0,4,4,0,4,3,2
128,116,As|F|Fe|La|O|Ru,4,3,4,1,0,1,4,0,0,2,2,0
129,59,Bi|Ca|Cu|O|Sr,2,1,2,3,0,3,4,0,1,4,1,2
130,117,Cu|V,2,0,3,1,4,4,2,0,0,2,2,0
131,118,Ir|Mo,3,0,4,2,3,3,4,4,3,3,0,0
132,119,As|F|Fe|La|O,3,1,1,1,3,4,3,4,2,4,0,2
133,120,As|Co|Fe|O|P|Pr,0,3,0,3,0,1,0,3,2,4,2,2
134,121,B|C|Ni|Th,0,1,3,2,1,4,0,0,4,2,4,2
135,122,La|Os|P|Ru,3,2,4,0,2,3,3,0,0,1,0,4
136,123,B|C|Co|Lu|Ni,4,3,0,1,0,4,4,1,4,1,3,0
137,124,B|Er|Ho|Rh,1,0,1,4,0,2,1,2,2,4,2,0
138,125,Nb|Sn|Ti,2,1,2,3,4,1,1,1,3,0,3,1
139,126,Bi|Ca|Cu|Nd|O|Pb|Sr,2,4,0,2,0,1,4,2,3,3,3,4
140,127,Cd|In,3,3,3,1,3,1,0,3,3,2,4,2
141,128,Cl|Li|N|Zr,1,1,2,3,1,1,3,2,2,4,2,4
142,129,Ba|Ca|Cu|O|Y|Zn,0,2,4,0,4,4,2,1,2,4,1,4
143,64,Ba|Cu|O|Y|Zn,1,1,2,4,3,2,1,4,1,0,0,1
144,130,Be|Th|U,2,4,1,0,3,3,0,4,1,1,1,0
145,131,Ba|O|Sb|Sn|Ti,2,3,3,0,0,1,3,2,0,4,1,0
146,132,Nb|Ti|V,4,1,2,4,3,2,0,0,4,0,4,3
147,133,La|Te,1,1,0,0,4,2,1,1,4,4,1,3
148,134,As|Fe|O|Sr|V,1,1,1,3,2,2,0,4,1,3,2,1
149,135,Gd|Th,4,1,2,4,3,2,2,4,3,3,0,2
150,136,Nb|Zr,0,4,3,4,3,1,1,1,3,3,0,1
151,137,As|Fe|Mg|O|Sr|Ti,4,0,1,0,2,0,1,3,3,0,2,1
152,138,Ir|V,0,0,2,3,3,2,1,4,0,2,2,1
153,139,Al|B|Mg,1,1,3,4,1,1,2,0,2,0,0,1
154,140,Cu|S|Ta,4,2,1,0,0,4,0,3,4,3,2,3
155,141,Ga|La|Ni,4,1,3,2,4,1,1,4,3,3,0,4
156,105,Al|Hf|Nb,0,3,4,4,2,2,1,4,2,1,2,4
157,1,Ba|Ca|Cu|La|O,0,0,1,3,2,4,1,2,2,1,1,0
158,142,Br|C|I|Y,2,2,2,0,2,4,1,3,1,0,0,0
159,143,Au|Te,3,2,4,0,3,4,0,0,1,4,0,4
160,144,B|C|Dy|Ho|Ni,3,1,4,4,2,0,3,3,2,2,2,1
161,145,Ba|Cu|Dy|O,2,1,4,1,3,4,2,1,2,4,1,2
162,118,Ir|Mo,3,0,4,2,3,3,1,1,4,4,3,0
163,146,Ba|Cu|Er|O,0,4,2,1,2,2,3,4,4,0,2,0
164,147,C|Si|V,3,3,3,4,1,1,1,4,3,0,3,0
165,148,Nb|Ti,4,0,1,0,2,1,4,1,2,2,1,2
166,149,Rh|W,1,0,2,2,1,4,3,2,0,2,4,2
167,1,Ba|Ca|Cu|La|O,0,0,1,3,2,4,0,3,0,4,4,0
168,150,B|C|Dy|Ni|Tm,1,3,4,4,2,3,4,4,0,3,3,4
169,151,Cu|Th,0,4,0,4,4,4,2,1,1,2,2,0
170,152,Ba|Cu|O|Sr|Y,2,2,4,0,3,2,1,1,4,1,3,0
171,39,B|Er|Gd|Rh,2,1,2,2,3,2,3,3,1,4,2,3
172,153,Ba|Cu|Ni|O|Y,1,4,4,4,2,1,1,3,1,3,3,1
173,154,In|Te,2,2,3,2,0,1,2,4,3,1,4,4
174,155,Ba|Cu|Dy|Ga|O,1,3,4,2,3,2,1,4,0,3,0,1
175,156,Pd|Se,3,0,3,1,0,4,0,0,1,0,1,2
176,157,Cu|Ge,2,1,0,0,0,1,0,4,4,1,2,2
177,158,Ga|Mo,1,1,2,0,3,1,3,0,4,1,4,2
178,159,Ba|Cu|Hg|O|Zn,3,2,3,3,3,3,4,4,4,0,4,2
179,160,Ba|Cu|O|Re|Y,2,4,2,2,0,0,1,2,1,3,3,0
180,161,Al|Ge|V,4,1,0,2,4,0,0,3,0,4,4,3
181,162,Hf|Nb|V,4,1,4,4,2,1,1,0,1,3,4,3
182,163,Ge|La,4,4,2,2,2,1,1,4,1,0,2,4
183,164,Nb|Pd|W,0,4,3,3,0,1,4,4,1,0,3,0
184,165,Cu|La|O|Zn,2,3,0,2,2,4,4,4,0,2,2,2
185,166,Ce|La|Ru,3,4,1,1,0,3,1,1,1,3,4,1
186,167,Ir|Lu|Sc|Si,0,3,2,4,4,3,1,1,1,2,1,2
187,168,Cu|La|O,0,4,4,4,1,3,0,3,4,2,0,0
188,169,La|Sn,0,0,0,2,2,1,0,2,0,1,1,3
189,170,Pd|Sn,2,2,3,4,1,2,0,4,3,4,1,4
190,171,As|Ca|Co|Fe,3,2,0,0,3,4,0,3,4,4,4,3
191,172,B|Nb,4,3,2,3,2,0,2,2,0,3,1,1
192,173,Ba|Ge|Ni|P,1,1,1,1,0,4,2,1,2,2,0,0
193,36,Bi|Ca|Cu|O|Sr|Y,4,2,4,1,1,0,3,4,0,0,2,4
194,174,Mo|P|Ru,0,4,4,3,3,4,2,2,1,0,1,1
195,27,Ni|Ti|Zr,0,1,3,0,1,3,2,2,3,0,4,2
196,175,K|O|W,0,1,3,3,0,0,0,2,4,1,0,4
197,22,Ba|Co|Cu|O|Y,3,0,2,2,0,4,3,1,3,3,1,3
198,176,B|C|Mo|Zr,4,4,2,1,4,4,2,4,0,1,4,4
199,177,C|Cu|N|O|Pb|Sr|Tl,0,2,0,3,3,3,4,4,2,0,4,0
200,178,Bi|Hf|La|O|S,3,2,3,4,2,1,2,0,4,1,0,3
201,179,Ta|V,4,0,4,3,1,0,0,2,2,4,4,2
202,86,Ba|Cu|O|Y,4,4,4,2,0,4,1,0,1,0,0,4
203,180,Cu|Gd|Nd|O|Ru|Sr,1,4,0,1,2,3,3,0,2,0,0,2
204,181,Bi|Ca|Cu|O|Pb|Sr|V,4,3,0,1,2,3,0,3,1,2,2,1
205,182,La|Y,2,0,1,3,4,0,2,3,1,1,1,1
206,183,Ba|Ca|Cu|O|Tl,2,3,4,2,0,4,0,2,3,1,3,2
207,184,Cu|Er|O|Ru|Sr,0,2,4,0,1,4,4,3,1,3,3,3
208,185,C|S,0,2,3,1,4,4,4,4,0,2,0,3
209,12,Ba|Ca|Cu|O|Y,3,3,3,3,4,4,2,0,2,3,3,3
210,186,O|Pd|Zr,4,3,1,4,3,0,0,2,1,1,2,0
211,187,C|La|Ni|Th,1,2,0,4,3,4,3,0,4,2,2,3
212,12,Ba|Ca|Cu|O|Y,3,3,3,3,4,4,1,2,2,1,4,3
213,188,Ba|Ca|Cu|La|O|Sm,2,1,1,2,2,1,4,4,0,0,0,3
214,146,Ba|Cu|Er|O,0,4,2,1,2,2,0,2,0,4,4,0
215,189,Rh|Zr,4,0,1,3,3,1,4,1,2,3,3,4
216,161,Al|Ge|V,4,1,0,2,4,0,1,3,4,2,0,3
217,190,La|Th,4,2,1,4,3,4,1,0,4,0,0,1
218,191,Li|O|Ti,0,1,1,4,4,2,2,0,2,3,2,4
219,192,Nb|Ta|Ti,2,0,0,2,0,4,2,2,2,4,4,0
220,193,C|Nb|Zr,4,3,3,2,2,3,0,0,2,4,0,3
221,194,B|C|Co|Ni|Tm,3,1,1,1,0,1,0,1,1,0,0,0
222,195,Cd|Ce|Co|In,1,0,0,2,1,4,4,0,0,0,0,4
223,89,In|Pb|Sn|Te,1,2,1,2,3,2,2,0,4,2,0,1
224,196,La|Os|Pr|Sb,0,0,1,4,4,4,1,3,0,2,3,3
225,189,Rh|Zr,4,0,1,3,3,1,2,3,3,4,3,4
226,44,Cu|La|Nd|O|Sr,3,0,2,3,4,2,0,2,3,2,0,0
227,197,In|Mo|Se,2,4,4,2,1,3,2,0,0,4,2,1
228,198,B|Ir|Th,1,2,2,3,1,3,3,3,4,3,0,3
229,199,Al|Si|V,4,4,1,1,1,2,0,0,2,1,2,4
230,200,Ir|Rh,1,1,1,1,4,4,0,3,0,2,0,3
231,112,Pt|V,1,4,4,0,1,3,2,0,0,0,3,3
232,201,Ag|B|F|O,4,4,0,2,2,4,3,0,4,0,2,0
233,202,Bi|Sb,0,0,2,1,0,3,0,2,0,4,2,4
234,203,Ce|Cu|Gd|O|Pr,3,2,0,3,2,0,1,0,0,0,3,3
235,64,Ba|Cu|O|Y|Zn,1,1,2,4,3,2,2,4,4,1,3,1
236,179,Ta|V,4,0,4,3,1,0,4,3,2,0,1,2
237,204,Cu|La|O|Pr|Sr,1,1,2,0,1,0,1,2,2,4,2,0
238,205,Ba|Ca|Cu|Gd|In|La|O|Sr,3,2,0,3,1,4,0,2,1,0,4,4
239,1,Ba|Ca|Cu|La|O,0,0,1,3,2,4,4,0,0,3,4,0
240,206,Ir|La,4,1,1,4,1,3,2,0,1,1,3,4
241,207,Ce|La,4,4,2,3,2,4,2,3,2,0,2,2
242,208,In|Sn,3,3,1,1,0,1,0,2,0,3,3,2
243,46,As|Ba|Co|Fe|Zn,1,3,3,2,1,3,4,4,3,0,1,3
244,209,Ni|V|Zr,0,4,2,0,0,1,1,3,3,2,4,4
245,210,B|Mg,3,2,2,2,0,0,0,4,4,2,3,4
246,166,Ce|La|Ru,3,4,1,1,0,3,2,1,0,0,3,1
247,211,Mo|U,1,2,2,1,0,3,0,4,4,0,3,0
248,119,As|F|Fe|La|O,3,1,1,1,3,4,3,0,2,2,0,2
249,212,C|In|Nb,3,3,2,3,0,4,3,0,0,4,4,1
250,213,As|Ba|Ce|Fe,2,3,4,3,4,0,4,1,2,2,3,3
251,214,Ce|Ni|Pt|Si,4,2,4,4,3,1,3,2,0,4,2,4
252,215,Ir|Nb|Ta,1,1,3,1,1,1,2,2,4,0,2,1
253,216,Cu|La|O|Sr,4,4,1,1,0,1,0,3,1,3,1,4
254,217,Ce|Cu|O|Sm,3,0,2,1,4,4,1,0,1,0,1,2
255,218,C|Mo|Ta,1,3,0,0,3,0,4,0,4,0,4,0
256,153,Ba|Cu|Ni|O|Y,1,4,4,4,2,1,0,1,1,3,1,1
257,219,Bi,2,2,1,0,4,4,1,4,2,0,3,3
258,220,Hg|Zr,3,1,0,1,2,3,3,3,1,4,2,3
259,221,As|Fe|Ru|Sr,3,4,1,0,1,0,3,1,0,0,4,2
260,222,Pb|Te|Tl,4,3,4,4,1,0,2,0,3,2,0,0
261,51,Cu|La|O|Sm|Sr,4,3,2,4,3,3,2,4,1,1,3,4
262,89,In|Pb|Sn|Te,1,2,1,2,3,2,2,2,4,4,0,1
263,223,B|C|Co|Ni|Y,1,1,2,3,4,2,1,1,3,1,4,4
264,153,Ba|Cu|Ni|O|Y,1,4,4,4,2,1,3,4,3,2,3,1
265,224,Ce|Cu|La|Nd|O,3,0,0,4,2,0,1,4,1,2,0,2
266,36,Bi|Ca|Cu|O|Sr|Y,4,2,4,1,1,0,4,4,4,0,1,4
267,225,Ga|Sb|V,4,3,4,4,3,2,2,1,3,1,3,4
268,226,Al|Be,4,1,1,1,0,1,4,2,3,2,2,1
269,10,Cu|La|O|Pb|Sr,3,0,0,3,2,2,2,4,2,1,1,3
270,227,Pd|Te,4,0,0,0,2,0,4,3,3,2,4,3
271,228,Ce|Cu|O|Pr|Zn,2,0,1,4,0,2,3,4,1,1,4,4
272,229,B|Li|Pd|Pt,1,1,2,4,0,0,0,1,3,3,0,2
273,230,Ba|Nd|O|Sr,2,3,0,0,3,0,0,2,1,0,3,1
274,231,B|C|Fe|Ni|Y,0,3,0,1,3,2,1,1,4,1,2,3
275,154,In|Te,2,2,3,2,0,1,0,3,1,4,3,4
276,36,Bi|Ca|Cu|O|Sr|Y,4,2,4,1,1,0,1,0,0,4,0,4
277,232,C|Ho|Th,4,1,4,1,1,1,0,4,2,4,1,1
278,200,Ir|Rh,1,1,1,1,4,4,0,0,3,2,4,3
279,233,Er|Rh|Sn,3,2,1,2,4,0,4,2,1,2,2,2
280,172,B|Nb,4,3,2,3,2,0,3,0,3,4,2,1
281,234,B|Ir|V,0,0,3,2,4,4,1,4,0,1,1,2
282,235,Co|Mo,2,0,4,2,2,3,2,0,0,1,4,0
283,236,Ba|Cu|O|Tm,4,3,1,0,0,1,1,1,4,4,3,3
284,1,Ba|Ca|Cu|La|O,0,0,1,3,2,4,4,4,4,4,2,0
285,237,B|C|Ni|Sc|Y,0,4,3,1,3,2,3,2,1,2,1,1
286,49,Ba|Cu|La|O,3,0,2,4,3,0,1,0,3,0,0,3
287,238,Bi|Pd|Te,1,1,3,3,2,2,2,0,1,3,1,0
288,239,As|Ba|Fe|Ru,0,3,3,1,1,3,3,0,1,2,0,2
289,194,B|C|Co|Ni|Tm,3,1,1,1,0,1,0,1,2,3,3,0
290,240,As|Ba|Co|Fe|K,1,2,4,0,0,4,2,3,1,2,0,1
291,241,Ga|V,4,3,1,0,4,2,2,1,0,0,3,0
292,0,As|Ba|Fe|K,0,4,2,3,0,4,4,3,2,1,2,1
293,49,Ba|Cu|La|O,3,0,2,4,3,0,4,1,3,0,3,3
294,79,Fe|Se|Te,4,3,3,0,1,3,0,4,1,4,3,0
295,79,Fe|Se|Te,4,3,3,0,1,3,2,4,1,1,1,0
296,242,Ba|Cu|La|O|Sr,2,0,1,1,4,2,0,1,4,2,4,4
297,243,Cu|O|Re|Sr|Y,0,3,4,1,2,4,3,2,1,2,3,3
298,244,As|F|Fe|La|Mn|O|Y,3,1,3,4,2,3,0,1,4,0,4,0
299,245,As|Ca|Fe|Pr|Pt,0,0,4,4,1,0,3,1,4,3,1,3
300,86,Ba|Cu|O|Y,4,4,4,2,0,4,3,2,4,3,1,4
301,246,Bi|K|O,0,4,4,1,0,3,4,0,0,3,1,3
302,247,As|Ca|Fe|La|P,0,3,4,4,2,0,2,3,3,1,2,4
303,248,C|Hf|Nb,3,0,0,2,1,0,4,1,3,1,4,2
304,249,Gd|La|Ru,0,1,4,2,3,3,0,2,1,0,4,3
305,64,Ba|Cu|O|Y|Zn,1,1,2,4,3,2,2,1,1,4,3,1
306,250,Ce|Co|Ru,4,2,1,3,0,4,3,0,4,3,2,1
307,251,Mo|Ti,2,1,3,3,4,3,4,0,0,4,2,0
308,252,Ce|Cu|La|O|Pr,0,0,4,3,3,0,0,1,4,3,3,3
309,253,Fe|K|Mn|Se,2,0,4,0,4,1,0,1,4,0,1,3
310,161,Al|Ge|V,4,1,0,2,4,0,4,4,1,0,2,3
311,254,Cu|Fe|O|Sr|Y,4,1,1,3,3,2,1,0,2,4,2,0
312,255,Ba|Ca|Ce|Cu|O|Tl,2,2,0,4,2,4,0,4,0,3,3,3
313,256,Au|Ga|Pd,3,4,0,1,1,2,1,1,3,0,2,2
314,64,Ba|Cu|O|Y|Zn,1,1,2,4,3,2,3,2,4,2,0,1
315,227,Pd|Te,4,0,0,0,2,0,2,4,2,4,0,3
316,148,Nb|Ti,4,0,1,0,2,1,3,0,0,3,1,2
317,257,As|Ca|Co|Fe|La,1,4,1,3,4,1,1,4,2,1,2,0
318,258,B|C|Ca|Cu|O|Sr,0,3,1,2,2,1,1,2,0,2,4,3
319,152,Ba|Cu|O|Sr|Y,2,2,4,0,3,2,4,4,0,0,4,0
320,259,As|Fe|La|O|Rh,2,0,2,0,4,4,0,1,4,3,4,2
321,260,Ba|Bi|O|Sb|Ti,1,2,0,0,4,0,1,0,3,3,2,3
322,261,Ba|Cu|Nd|O|Pr,3,1,2,4,3,0,2,2,2,1,1,3
323,262,Ag|Tl,2,2,0,2,3,0,3,3,3,2,3,1
324,263,Ga|Nb,3,0,4,0,0,4,4,1,0,0,2,4
325,264,Ga|Mo|Nb,1,1,2,3,1,4,1,1,4,2,0,2
326,265,Pt|Sb,1,3,3,0,2,1,1,2,3,0,1,1
327,266,Li|O|V,4,3,4,4,0,2,2,3,2,4,3,2
328,267,Ta|W,2,2,2,0,4,4,4,4,0,1,1,2
329,41,In|Tl,1,1,0,3,0,1,4,3,3,1,3,3
330,268,Fe|Ti|V,2,2,1,0,2,0,3,3,4,0,3,3
331,269,Ba|Cu|La|Nd|O,3,1,4,1,0,3,3,1,4,1,0,1
332,203,Ce|Cu|Gd|O|Pr,3,2,0,3,2,0,0,1,3,1,2,3
333,270,C|K,3,2,1,0,0,3,3,1,0,4,2,2
334,271,Cu|Mo|O|S,0,1,4,2,2,4,0,2,2,3,2,3
335,50,Ba|Ca|Cu|Er|La|O,3,3,0,3,1,3,0,0,2,4,3,2
336,41,In|Tl,1,1,0,3,0,1,3,4,2,4,0,3
337,36,Bi|Ca|Cu|O|Sr|Y,4,2,4,1,1,0,4,0,2,3,0,4
338,272,B|C|La|Lu|Ni,2,2,4,1,0,4,1,3,0,4,1,3
339,273,Bi|Cu|La|O|Pb|Sr,4,4,0,0,0,1,4,4,3,0,2,2
340,162,Hf|Nb|V,4,1,4,4,2,1,2,3,1,1,4,3
341,11,Ba|Cu|Nd|O,4,1,1,2,1,1,1,3,2,3,2,4
342,274,Ca|Cu|La|Nd|O,2,4,2,4,4,3,1,0,4,4,0,4
343,275,Ir|Lu|Si|Tm,4,4,0,1,4,1,0,1,3,4,4,4
344,276,Ca|Cu|O|Sr,0,0,3,4,4,0,4,3,2,3,2,0
345,166,Ce|La|Ru,3,4,1,1,0,3,2,0,4,4,2,1
346,277,Al|Nb|W,3,4,3,2,4,1,2,2,2,2,4,4
347,278,P|Rh|Ru|Zr,0,2,3,0,4,2,0,2,2,0,3,0
348,279,C|Ta,1,2,3,2,2,2,2,0,1,4,1,1
349,54,Nb|Ta,1,2,0,0,3,2,2,2,3,2,1,0
350,280,Pt|Si,2,4,1,0,4,0,4,4,3,2,1,3
351,281,Ca|Cu|O|Pb|Sr|Tl|Y,1,4,2,1,1,0,2,0,1,4,3,2
352,282,B|Cu|Mg,2,4,0,1,4,1,3,2,2,4,1,0
353,283,Ba|Ca|Cu|La|Mo|Nd|O,3,1,2,2,1,1,3,2,2,4,1,4
354,284,B|I,0,3,3,1,2,2,3,0,0,2,0,1
355,285,Al|Ge|Nb|Sn,2,1,0,3,1,0,3,4,0,2,1,2
356,286,Ba|Cu|O|Pr|Y,3,1,2,0,3,0,0,4,4,3,2,3
357,287,Bi|Pb,3,2,1,1,1,3,3,0,1,0,1,1
358,288,Nb|U,3,3,1,1,2,1,3,3,3,4,3,1
359,289,Pd|Zr,4,0,3,3,1,0,4,0,0,0,4,1
360,290,Ba|Ca|Cu|La|O|Y,2,0,4,0,1,2,1,4,2,4,4,1
361,291,Ba|Ca|Cu|Hg|O|Tl,4,4,0,1,4,4,2,2,1,0,1,3
362,292,Ba|Cu|Fe|O|Y,0,4,0,1,4,3,4,2,3,2,2,4
363,293,B|C|Er|Ni|Tb,0,2,2,3,0,2,4,3,1,4,1,3
364,294,Al|As|Ca|Fe|O|Ti,1,2,2,1,3,3,2,2,2,3,0,1
365,295,Ga|N,4,0,3,3,4,1,3,0,3,3,3,2
366,296,B|Nb|Zr,3,0,4,4,3,4,0,2,4,4,4,4
367,297,Al|B|Yb,2,4,0,1,2,0,4,2,1,0,4,2
368,298,As|Fe|H|O|P|Sm,3,0,2,4,1,2,3,0,0,0,0,4
369,299,Co|Cu|Rh|S,0,1,0,4,4,0,1,4,0,1,4,3
370,300,Ge|Ir|Lu|Si,3,1,3,4,1,3,4,0,3,3,1,2
371,301,Ba|Ca|Cr|Cu|O|Sr|Y,4,3,0,2,0,0,2,4,2,1,2,4
372,286,Ba|Cu|O|Pr|Y,3,1,2,0,3,0,4,0,4,4,3,3
373,302,H|Hf|V,2,0,1,3,0,4,4,4,1,0,0,2
374,303,In,3,1,0,1,0,2,4,1,1,4,0,2
375,304,Ga|La,1,2,0,3,1,3,4,4,1,0,2,1
376,305,Cu|Er|O|Re|Sr|Y,3,0,2,1,4,3,1,2,2,3,2,3
377,306,Ni|Si|Sr,4,0,0,2,4,0,0,0,0,1,4,1
378,307,Cu|La|Mg|O|Sr,4,4,3,2,4,3,0,3,4,0,4,0
379,308,Bi|Ca|Cu|La|O|Sr|Y,0,2,2,1,2,1,1,4,0,2,1,1
380,309,Ba|Cu|Hg|O|W,4,2,2,2,3,2,1,4,2,0,3,3
381,233,Er|Rh|Sn,3,2,1,2,4,0,2,4,4,4,2,2
382,310,S|Sb|Ta,1,2,3,1,1,1,0,0,3,0,2,4
383,311,Ba|Cu|Ga|O|Sr|Y,2,0,3,2,1,4,3,1,0,4,4,0
384,44,Cu|La|Nd|O|Sr,3,0,2,3,4,2,1,0,1,2,4,0
385,312,Ce|La|P|Ru,2,2,4,0,0,3,1,1,2,4,0,0
386,313,Br,0,3,4,0,3,0,3,1,2,1,2,4
387,314,Al|La,0,1,0,4,1,0,4,2,4,0,0,4
388,315,Al|B|Li|Mg,0,2,2,1,2,0,1,2,4,2,0,0
389,316,Co|Cu|Gd|O|Ru|Sr,2,0,4,1,3,1,3,1,2,3,4,3
390,62,Al|Ge|Nb,2,3,3,0,1,3,1,3,4,4,1,2
391,317,Ba|Cu|O|Sm|Zn,4,0,4,0,0,1,3,0,1,2,3,1
392,318,Ce|Pt|Ru,4,2,0,2,0,4,4,2,1,0,3,0
393,319,Ba|Ca|Cu|O|Sr|Y,0,2,4,3,1,3,0,1,3,4,3,3
394,320,As|Fe|Ni|O|Sm,4,0,3,4,3,4,1,0,0,1,2,1
395,321,Ba|Cu|K|O|Y,1,4,0,1,2,3,4,2,0,2,4,0
396,322,Ca|Cu|O|Pb|Sr|Tl|Zn,0,0,3,3,0,2,0,0,1,1,2,3
397,241,Ga|V,4,3,1,0,4,2,1,1,2,3,0,0
398,323,B|Mg|Na,0,4,2,1,3,0,0,1,1,2,2,3
399,324,B|Mo|Ru,1,4,4,4,2,3,0,1,2,1,4,3
400,325,P|S|Zr,3,4,1,3,0,0,3,4,0,2,3,3
401,326,Ca|Cl|Cu|O,4,0,3,3,4,2,2,0,3,4,2,2
402,327,B|C|Cu|O|Sr,3,4,4,0,2,4,1,4,0,1,3,3
403,143,Au|Te,3,2,4,0,3,4,4,2,0,3,2,4
404,328,Ca|Si,2,2,3,0,0,0,4,1,4,1,3,4
405,329,Hg|Tl,0,4,1,1,4,4,2,0,1,0,0,3
406,330,Pb|S|Ta,0,1,0,2,0,0,0,1,3,1,0,4
407,292,Ba|Cu|Fe|O|Y,0,4,0,1,4,3,1,1,4,2,4,4
408,331,As|Co|Fe|Na,0,3,1,4,4,0,3,0,4,4,4,3
409,332,As|Fe|Ir|O|Sm,4,0,3,0,0,3,2,4,4,3,0,1
410,333,C|Er|Th,4,0,4,2,3,0,1,2,4,3,0,1
411,334,Er|La,0,4,4,1,0,3,2,1,2,4,0,4
412,335,B|Ru|Y,3,2,0,1,2,2,2,1,4,3,3,4
413,336,Ba|Cu|O|Pr|Sm,3,3,2,0,3,2,2,0,0,3,0,1
414,337,As|Ce|F|Fe|O|P,4,3,4,2,4,0,2,2,4,1,2,4
415,0,As|Ba|Fe|K,0,4,2,3,0,4,1,0,4,4,3,1
416,292,Ba|Cu|Fe|O|Y,0,4,0,1,4,3,2,2,4,3,3,4
417,74,Ba|Cu|La|O|Y,2,3,3,3,3,1,2,3,3,4,1,2
418,152,Ba|Cu|O|Sr|Y,2,2,4,0,3,2,2,3,0,2,0,0
419,156,Pd|Se,3,0,3,1,0,4,3,1,4,3,0,2
420,189,Rh|Zr,4,0,1,3,3,1,1,1,4,2,0,4
421,338,As|Ce|Fe|H|O,3,0,1,0,2,1,3,1,2,4,0,0
422,339,Ir|Zr,1,3,3,2,0,4,1,2,1,3,3,4
423,340,B|La|N|Ni,0,2,1,2,2,3,4,0,0,0,0,4
424,341,Ce|Co|In|Sn,4,2,1,0,1,3,0,4,0,3,4,3
425,342,Pb|Pd|Y,2,1,4,3,3,1,3,4,1,0,3,0
426,343,As|Ca|Fe|Pt,0,4,4,2,2,3,2,4,1,4,2,1
427,344,As|Fe|Li,2,2,4,1,4,3,3,3,1,3,3,3
428,345,Nb|Pd|Se,2,2,2,3,4,2,3,0,0,3,2,4
429,346,Bi|K,3,0,0,2,0,4,2,4,3,4,3,3
430,347,Ba|Cu|Dy|O|Zn,0,2,2,0,0,1,3,0,2,1,3,2
431,200,Ir|Rh,1,1,1,1,4,4,2,4,3,4,3,3
432,348,B|C|Lu|Ni,1,4,1,3,3,4,4,3,2,4,3,1
433,172,B|Nb,4,3,2,3,2,0,4,1,4,0,3,1
434,349,Co|Ga|V,4,0,0,1,1,3,4,3,3,1,0,1
435,302,H|Hf|V,2,0,1,3,0,4,1,3,1,4,4,2
436,350,Ba|Ca|Cu|La|Nd|O,2,4,3,4,0,4,2,3,1,3,0,1
437,351,Ba|Cu|Hg|O,0,1,0,3,3,4,4,1,2,0,0,2
438,117,Cu|V,2,0,3,1,4,4,4,1,4,1,1,0
439,352,Fe|S|Se|Te,4,0,2,2,3,0,1,3,4,2,4,1
440,353,C|Hg|Rb,0,0,1,3,3,2,1,2,4,1,4,0
441,354,B|Ho|Rh|Ru,0,2,3,1,3,0,3,4,1,0,2,1
442,355,B|Fe|Y,3,3,3,0,1,4,4,0,4,4,0,2
443,206,Ir|La,4,1,1,4,1,3,2,1,3,3,3,4
444,356,Mo|Re,4,3,4,1,0,0,1,1,2,3,2,4
445,357,Mo|Zr,4,1,4,3,1,0,1,2,3,1,0,3
446,358,N|Nb,1,3,3,2,3,1,3,2,2,4,0,1
447,359,Cs|O|W,3,1,3,4,2,4,4,0,4,2,4,2
448,360,B|Ho|Rh,0,2,3,1,2,4,4,0,2,0,1,0
449,79,Fe|Se|Te,4,3,3,0,1,3,0,4,3,3,2,0
450,361,Ga|Sn|V,3,0,2,2,0,0,2,3,4,0,0,3
451,236,Ba|Cu|O|Tm,4,3,1,0,0,1,0,2,2,1,1,3
452,362,As|Ca|Fe|Nd,1,3,4,0,0,0,2,2,3,4,0,3
453,74,Ba|Cu|La|O|Y,2,3,3,3,3,1,3,2,4,0,4,2
454,89,In|Pb|Sn|Te,1,2,1,2,3,2,0,2,1,0,1,1
455,216,Cu|La|O|Sr,4,4,1,1,0,1,3,4,3,0,4,4
456,363,Ir|Si|U,4,3,2,0,4,3,1,2,2,0,4,3
457,364,Th|Zr,1,2,1,1,4,1,2,1,3,4,0,4
458,365,Bi|Cu|Nd|O|Sr,2,4,2,1,4,2,3,1,2,3,4,3
459,366,As|Ba|Fe|Ni,0,1,0,4,4,3,1,0,2,3,1,1
460,300,Ge|Ir|Lu|Si,3,1,3,4,1,3,1,3,0,0,4,2
461,367,Sb|Ti|V,3,3,0,2,4,3,1,4,1,2,0,0
462,368,Be|Ta,2,4,1,0,4,3,0,2,2,1,0,4
463,201,Ag|B|F|O,4,4,0,2,2,4,1,4,0,2,4,0
464,369,Hg|In,1,1,2,1,4,3,0,3,2,3,4,3
465,251,Mo|Ti,2,1,3,3,4,3,2,2,4,2,4,0
466,370,Mn|Si|V,3,3,1,1,0,0,3,3,3,0,4,4
467,371,In|La|Pr,3,3,3,3,0,4,0,4,2,1,3,2
468,372,Ce|Rh|Si,4,2,2,1,4,1,3,0,3,4,0,0
469,373,Ba|Cu|Hg|Mo|O,2,4,4,4,1,4,4,3,4,2,4,4
470,374,Ba|Bi|O|Pb,1,3,3,2,1,2,2,2,2,3,4,0
471,375,Ba|Be|Ca|Cu|O|Tl,2,4,1,0,4,1,3,3,3,1,4,0
472,376,Ce|In|Ir|Pt,4,2,4,2,3,0,1,4,0,2,3,0
473,377,As|Ba|Cu|Fe|K,3,3,4,0,0,2,1,0,1,4,2,2
474,378,Ag|In|Te,0,2,4,2,1,4,2,4,3,4,1,1
475,379,Ce|In|Ir|Rh,0,1,4,3,1,0,1,3,3,1,1,4
476,380,Ag|Sb,0,0,2,4,3,3,1,0,2,4,0,1
477,381,Ta,0,2,3,3,1,2,0,3,0,1,2,3
478,382,Bi|Ca|Cu|Hg|O|Sr,1,3,0,1,2,0,3,0,4,1,2,0
479,383,Al|Nb|Sn,3,2,0,2,4,4,2,0,4,2,3,0
480,384,Cu|Sb,1,1,2,2,4,2,3,3,0,2,1,1
481,241,Ga|V,4,3,1,0,4,2,2,1,3,2,4,0
482,0,As|Ba|Fe|K,0,4,2,3,0,4,3,2,1,2,2,1
483,385,Eu|Pt|Si,2,0,2,0,3,0,2,4,4,3,2,1
484,386,B|Ir|Rh|Tm,2,1,2,2,3,4,1,0,1,4,1,4
485,286,Ba|Cu|O|Pr|Y,3,1,2,0,3,0,2,2,4,2,1,3
486,79,Fe|Se|Te,4,3,3,0,1,3,0,2,1,0,0,0
487,387,Bi|Ce|F|O|S,4,4,3,2,2,4,0,0,1,2,0,3
488,64,Ba|Cu|O|Y|Zn,1,1,2,4,3,2,1,3,3,4,0,1
489,388,As|Ba|Ni,4,4,2,3,0,4,1,4,0,4,1,0
490,389,As|Cr|Cs,1,3,1,4,0,2,4,0,4,2,3,2
491,390,Ce|Cu|Nd|O|Y,3,1,2,4,4,2,0,4,2,2,3,3
492,137,As|Fe|Mg|O|Sr|Ti,4,0,1,0,2,0,4,2,4,1,3,1
493,391,Bi|Ca|Cu|O|Pb|Sr|Y,1,1,4,1,0,0,3,4,3,3,3,2
494,392,C|Mo|Nb,0,1,3,4,0,0,4,3,2,1,4,1
495,66,Ba|Ca|Cu|La|O|Sr,3,2,3,2,4,1,0,3,0,2,1,2
496,393,Ca|Cu|Nd|O|Pb|Sr,2,2,0,2,1,4,1,1,3,2,2,2
497,394,Ca|Cl|Cu|K|O,0,3,0,2,3,2,4,3,2,2,1,4
498,395,Ba|Bi|K|O|Pr,3,3,3,4,4,3,3,3,2,0,3,4
499,396,As|F|Fe|La|O|Zn,3,0,0,4,4,4,0,3,1,3,2,0
500,397,Cs,1,3,1,3,4,2,2,3,1,1,0,1
501,398,C|Y|Zn,0,0,2,2,0,0,3,2,2,3,2,0
502,399,Hf|Nb|Zr,0,0,2,3,2,3,2,2,3,4,4,2
503,400,As|Fe|K|Sr,3,4,2,2,1,4,2,0,1,0,0,1
504,401,Co|Zr,0,3,3,0,2,1,4,4,0,4,0,4
505,402,Ce|Co|In|Rh,2,1,4,2,1,3,4,4,0,2,4,3
506,403,B|C|Ho|Lu|Ni,4,3,0,2,0,0,1,2,0,1,2,3
507,404,C|Cr|Y,3,4,3,1,0,0,2,1,3,4,0,3
508,62,Al|Ge|Nb,2,3,3,0,1,3,1,2,2,3,2,2
509,405,B|Si|W,3,1,4,3,4,1,1,1,0,2,0,2
510,1,Ba|Ca|Cu|La|O,0,0,1,3,2,4,2,2,3,2,0,0
511,406,Al|Pr|V,1,3,1,4,1,0,4,4,3,3,0,0
512,153,Ba|Cu|Ni|O|Y,1,4,4,4,2,1,4,1,4,2,2,1
513,407,Ca|Cu|Fe|Hg|O|Sr|Y,2,4,2,2,0,3,4,1,1,1,2,4
514,408,C|Rh,2,2,2,3,1,2,1,4,2,3,0,1
515,64,Ba|Cu|O|Y|Zn,1,1,2,4,3,2,3,4,1,1,0,1
516,409,Ni|V,0,3,3,3,0,1,3,0,3,3,3,3
517,410,Co|Sn|Yb,2,0,4,4,0,4,2,2,2,0,2,0
518,1,Ba|Ca|Cu|La|O,0,0,1,3,2,4,4,3,0,2,0,0
519,411,Bi|Ca|Cu|I|O|Sr,4,0,4,2,2,1,0,4,1,2,2,1
520,412,As|Nb|Sn|Tl,4,2,4,3,1,1,1,1,0,0,4,0
521,357,Mo|Zr,4,1,4,3,1,0,0,3,1,0,1,3
522,413,B|Ba|Cu|O|Sr|Y,0,1,4,4,2,2,0,3,3,2,0,4
523,218,C|Mo|Ta,1,3,0,0,3,0,4,4,2,0,3,0
524,414,Se|Ta,0,1,1,2,0,2,3,2,1,0,3,1
525,415,N|Nb|Ti,2,2,0,4,3,0,1,0,2,4,0,4
526,416,As|Ba|Co|Fe,3,2,2,4,2,1,0,1,0,4,0,3
527,137,As|Fe|Mg|O|Sr|Ti,4,0,1,0,2,0,1,0,0,4,4,1
528,292,Ba|Cu|Fe|O|Y,0,4,0,1,4,3,0,4,3,1,0,4
529,417,Ca|Cu|O|Sr|Tl,2,3,4,2,3,0,3,2,0,1,1,4
530,418,P|Pd|Pt|Sr,4,0,1,1,4,3,0,0,1,4,0,0
531,419,Li|Mo|Se,4,4,2,3,4,3,2,4,2,0,1,0
532,420,Ce|Cu|Nd|O,0,3,2,4,2,0,0,4,3,1,2,0
533,421,B|Gd|Lu|Ru,2,3,1,3,2,4,2,0,3,1,2,3
534,422,Bi|Ca|Cu|O|Pb|Sr,3,0,1,3,0,1,2,2,4,2,1,4
535,423,Nb|Pd,1,4,4,2,3,0,2,1,2,0,1,4
536,74,Ba|Cu|La|O|Y,2,3,3,3,3,1,0,1,3,0,4,2
537,424,Er|Os|Si,4,4,2,4,1,3,4,0,1,2,0,0
538,425,Cr|Ga|V,4,1,1,3,1,2,3,2,2,0,3,0
539,64,Ba|Cu|O|Y|Zn,1,1,2,4,3,2,2,2,3,1,2,1
540,57,Ba|Ca|Co|Cu|O|Y,1,1,3,4,0,1,4,3,2,3,0,2
541,426,Ce|Cu|Nd|Ni|O,4,1,3,1,4,4,0,3,2,4,3,3
542,427,La|Nd,2,0,3,3,2,1,4,4,4,1,3,1
543,428,Ba|Cu|O|Sr|Yb,1,4,0,4,3,2,1,2,4,3,1,4
544,429,Cu|La|Ni|O|Sr,0,4,1,1,3,1,1,1,4,1,0,0
545,430,As|Nb|Pb|Sn,2,4,3,4,3,0,2,0,1,4,1,2
546,431,Sn|V,0,3,4,0,3,0,2,2,3,3,1,1
547,432,B|Mg|Ni,1,3,0,1,4,1,0,2,3,4,1,0
548,6,Co|Cu|La|O|Sr,1,1,0,1,0,4,0,2,4,3,4,3
549,1,Ba|Ca|Cu|La|O,0,0,1,3,2,4,3,3,2,1,3,0
550,433,Mn|Rh|Ti,2,4,3,4,1,1,2,0,3,0,3,4
551,434,Re|Ta,1,2,2,4,4,0,1,0,3,2,4,1
552,435,Ca|O|W,4,3,2,4,4,3,0,1,4,0,0,2
553,286,Ba|Cu|O|Pr|Y,3,1,2,0,3,0,1,2,0,3,1,3
554,420,Ce|Cu|Nd|O,0,3,2,4,2,0,0,0,1,1,3,0
555,436,Ba|Cu|Eu|O|Pr|Sr,4,0,2,2,2,1,0,0,2,1,0,3
556,166,Ce|La|Ru,3,4,1,1,0,3,0,1,3,4,0,1
557,437,Cl|N|Na|Zr,4,4,3,3,0,3,2,1,2,3,1,3
558,79,Fe|Se|Te,4,3,3,0,1,3,1,1,1,3,1,0
559,438,Cu|Nd|O,4,1,0,3,4,2,2,1,0,3,1,2
560,402,Ce|Co|In|Rh,2,1,4,2,1,3,2,3,3,3,2,3
561,439,Al|Os|Ru,0,3,1,3,0,4,0,0,4,4,3,2
562,90,As|Fe|H|La|O,2,3,1,3,4,0,3,4,1,3,4,2
563,376,Ce|In|Ir|Pt,4,2,4,2,3,0,4,3,1,1,0,0
564,440,Ba|Cu|Gd|O,2,1,0,3,0,2,3,1,2,0,3,4
565,441,Ba|Ca|Cu|La|O|Yb,1,2,1,2,1,1,0,2,0,2,1,2
566,64,Ba|Cu|O|Y|Zn,1,1,2,4,3,2,3,1,4,2,1,1
567,442,Nb|Sn|Zr,0,1,0,4,3,3,3,1,1,2,2,0
568,443,Bi|Cu|O|Pb|Sr|Y,2,1,1,4,0,4,1,3,4,3,1,0
569,444,Mo|Pt,4,1,1,4,3,2,3,0,2,0,1,0
570,445,Ba|Cu|Hg|Nd|O,4,3,0,1,0,3,2,3,1,3,3,1
571,446,Eu|Mo|S|Sn,3,0,1,2,0,1,4,1,1,4,0,2
572,19,Gd|In|La,1,2,2,4,3,2,1,3,3,2,4,4
573,447,Lu|Mo|S,0,4,1,2,3,2,4,0,1,4,1,4
574,448,Al|La|Pd,1,3,2,2,0,0,1,0,4,1,0,2
575,42,Cu|La|O|Sr|Zn,1,2,4,4,3,1,3,0,3,2,2,1
576,449,B|C|Co|Ho|Ni,4,4,3,4,3,0,3,2,2,3,1,3
577,450,Ba|Cu|F|O|Y,1,3,4,2,1,2,1,3,0,0,0,0
578,451,Ir|Os|Y,1,4,4,3,4,4,0,4,3,2,0,4
579,429,Cu|La|Ni|O|Sr,0,4,1,1,3,1,0,3,1,3,3,0
580,274,Ca|Cu|La|Nd|O,2,4,2,4,4,3,0,2,3,3,4,4
581,54,Nb|Ta,1,2,0,0,3,2,1,3,3,2,1,0
582,31,Ba|Cu|O|Pr|Sr|Y,0,2,3,4,1,0,2,0,0,1,2,2
583,452,Sb|Ta,3,1,1,1,3,1,3,3,4,3,1,4
584,453,O|Ru|Sr,4,0,1,3,4,4,3,0,1,1,4,1
585,274,Ca|Cu|La|Nd|O,2,4,2,4,4,3,1,4,1,0,3,4
586,454,As|Hf|Ru,1,0,4,1,0,1,4,0,1,2,2,0
587,455,Ba|Cu|O|Tl,1,1,3,2,4,3,1,0,2,1,0,2
588,456,C|Nb,3,3,2,0,1,4,4,1,4,0,1,4
589,457,Ca|Cu|La|O|Sr,0,0,1,2,2,2,2,0,4,4,4,1
590,458,Fe|Te,3,1,3,2,0,4,3,4,1,0,3,2
591,459,Ge|Ir|Y,2,1,1,1,0,0,4,4,4,1,1,0
592,59,Bi|Ca|Cu|O|Sr,2,1,2,3,0,3,4,2,1,2,2,2
593,460,Ba|Cu|O|Sc|Y,4,4,3,1,1,4,1,2,2,1,2,4
594,461,Al|Ba|Cu|O|Y,1,0,4,4,3,2,4,0,0,4,0,4
595,462,Nb|Ni|Sn,0,3,2,2,3,2,4,1,0,3,2,4
596,463,As|Eu|Fe|K,3,0,3,0,1,2,2,1,2,2,0,4
597,464,Ba|Ce|Cu|Eu|La|O|Sr|Y,1,3,0,1,1,4,0,0,3,3,0,1
598,465,As|Ba|Fe|K|Zn,2,0,4,2,3,1,0,3,3,4,1,4
599,466,Bi|Cu|Eu|O|Sr,2,3,3,2,4,4,3,0,2,4,1,4
600,467,Bi|Ca|Cu|O|Pb|Sr|Y|Zn,3,2,4,0,2,1,0,0,4,1,2,0
601,468,Co|Fe|Th,3,2,1,0,2,1,2,4,4,2,3,1
602,442,Nb|Sn|Zr,0,1,0,4,3,3,4,1,2,1,1,0
603,1,Ba|Ca|Cu|La|O,0,0,1,3,2,4,4,4,3,3,1,0
604,469,Ba|Ca|Cu|Gd|Hf|O,4,4,4,3,0,2,4,1,0,2,0,1
605,72,B|C|Mg|Ni,4,2,0,0,0,0,0,0,3,4,3,2
606,352,Fe|S|Se|Te,4,0,2,2,3,0,4,2,1,0,1,1
607,156,Pd|Se,3,0,3,1,0,4,2,2,3,1,3,2
608,391,Bi|Ca|Cu|O|Pb|Sr|Y,1,1,4,1,0,0,2,1,4,3,0,2
609,470,Hf|Rh,1,4,1,2,4,4,4,4,4,4,3,2
610,366,As|Ba|Fe|Ni,0,1,0,4,4,3,0,3,0,0,2,1
611,471,Mo|Pb|Se,0,3,3,2,0,4,4,2,3,2,3,0
612,472,Al|Mo|S|Sn,1,0,3,0,0,2,4,1,0,3,4,4
613,473,Ba|Ca|Cu|O|Sr|Yb,2,2,0,1,4,2,0,1,1,3,3,2
614,474,As|F|Fe|O|Pr,4,2,3,4,2,3,1,3,3,3,2,4
615,429,Cu|La|Ni|O|Sr,0,4,1,1,3,1,3,3,1,0,2,0
616,475,S|Ta,2,2,4,0,2,4,3,1,0,4,0,0
617,476,Ba|Cu|Ga|O|Y,0,1,1,0,4,0,1,1,0,2,4,1
618,314,Al|La,0,1,0,4,1,0,1,0,4,1,2,4
619,477,Nb|Ti|Zr,0,1,1,1,3,3,2,0,2,4,1,3
620,478,Ba|Ca|Cu|Gd|Mo|O,2,1,2,3,1,4,0,2,2,3,0,0
621,479,Se|Ti,4,2,3,2,3,3,1,3,1,2,1,4
622,480,Ge|Ru|Th,0,0,1,0,4,2,1,3,0,1,4,3
623,211,Mo|U,1,2,2,1,0,3,4,0,1,2,2,0
624,481,Li|O|W,1,2,0,2,0,4,0,4,3,0,0,4
625,192,Nb|Ta|Ti,2,0,0,2,0,4,4,0,1,3,4,0
626,326,Ca|Cl|Cu|O,4,0,3,3,4,2,4,3,0,1,4,2
627,482,Nb|V|Zr,1,0,3,3,1,3,1,1,2,3,4,0
628,273,Bi|Cu|La|O|Pb|Sr,4,4,0,0,0,1,1,3,4,0,4,2
629,483,B|C|Lu|Ni|Y,3,0,3,2,4,3,1,0,3,3,0,1
630,36,Bi|Ca|Cu|O|Sr|Y,4,2,4,1,1,0,3,1,4,1,0,4
631,10,Cu|La|O|Pb|Sr,3,0,0,3,2,2,4,4,0,3,2,3
632,357,Mo|Zr,4,1,4,3,1,0,1,2,4,0,4,3
633,484,Bi|O|S,4,2,1,2,4,3,0,4,4,4,4,1
634,485,B|Li|Rh,0,0,1,4,2,0,0,2,3,2,4,0
635,486,Ba|Ca|Cu|Nd|O|Pr,1,1,1,2,1,0,1,3,3,0,1,2
636,487,Ba|Cu|Eu|O,3,1,0,1,2,0,3,2,0,3,2,2
637,488,B|C|Dy|Ni,3,0,2,0,1,4,0,2,3,3,0,3
638,489,Ge|Y,3,0,4,4,4,3,3,3,4,4,0,1
639,490,B|Dy|Ir|Rh,1,2,0,3,1,1,0,0,0,4,1,4
640,59,Bi|Ca|Cu|O|Sr,2,1,2,3,0,3,0,4,0,0,1,2
641,491,Rh|Ti,3,0,3,1,3,0,0,4,2,0,0,2
642,492,Ir|Os|Th,2,3,1,2,1,0,1,1,1,1,1,2
643,361,Ga|Sn|V,3,0,2,2,0,0,0,0,3,3,2,3
644,493,B|Os,2,0,1,3,1,0,0,0,3,2,1,3
645,42,Cu|La|O|Sr|Zn,1,2,4,4,3,1,4,1,3,4,4,1
646,494,Ba|Cu|Si,0,3,3,0,4,3,3,2,1,4,1,0
647,218,C|Mo|Ta,1,3,0,0,3,0,4,3,2,2,3,0
648,495,Nb|Se,0,3,0,4,4,0,3,4,0,3,4,3
649,140,Cu|S|Ta,4,2,1,0,0,4,3,0,0,2,2,3
650,282,B|Cu|Mg,2,4,0,1,4,1,4,1,0,3,1,0
651,496,In|Pb,4,0,3,1,4,2,0,1,4,2,2,2
652,497,Au|Nb|Pt,4,4,4,4,4,0,3,3,0,2,3,2
653,498,B|Hf|Nb,4,2,2,3,2,4,4,4,4,3,0,4
654,499,Mo|Tc,2,3,0,0,0,1,0,0,2,2,3,1
655,500,Pb|S|Te|Yb,0,3,3,3,2,4,0,3,3,4,1,1
656,501,As|Fe|O|Pr|Sr,1,0,1,1,4,0,4,4,1,3,2,3
657,502,Al|Mg|Si,1,0,3,0,3,2,3,3,4,3,2,3
658,350,Ba|Ca|Cu|La|Nd|O,2,4,3,4,0,4,1,4,3,2,1,1
659,503,C|Sc|Th,1,0,1,1,4,3,4,0,0,4,1,2
660,504,Al|Ga|Nb,2,4,3,1,2,0,1,2,3,1,3,3
661,442,Nb|Sn|Zr,0,1,0,4,3,3,2,3,1,2,1,0
662,492,Ir|Os|Th,2,3,1,2,1,0,4,0,4,3,3,2
663,123,B|C|Co|Lu|Ni,4,3,0,1,0,4,0,3,1,0,2,0
664,505,P|Pb,3,1,4,0,2,4,0,1,3,3,1,0
665,506,Bi|Pb|Sn,1,2,4,4,3,3,1,1,1,4,3,4
666,403,B|C|Ho|Lu|Ni,4,3,0,2,0,0,2,2,4,2,2,3
667,507,Ba|Cu|H|O|Y,2,1,2,4,1,2,1,2,4,2,1,2
668,64,Ba|Cu|O|Y|Zn,1,1,2,4,3,2,3,4,1,2,2,1
669,508,Na|Pb,0,4,1,2,4,1,3,0,2,3,2,2
670,509,B|C|Dy|Ni|Y,2,4,2,4,2,0,3,3,2,2,2,0
671,34,Os|Pr|Ru|Sb,2,2,2,1,0,0,1,3,0,1,0,1
672,510,Ba|Cu|O|Yb,2,3,1,1,1,1,3,2,0,4,2,1
673,511,Al|Ca|Ga|Si,3,2,3,0,0,0,4,3,4,1,4,0
674,512,Ba|Sb|Sn,0,2,2,3,4,3,3,0,3,4,2,0
675,496,In|Pb,4,0,3,1,4,2,0,0,4,0,0,2
676,285,Al|Ge|Nb|Sn,2,1,0,3,1,0,4,1,1,2,3,2
677,139,Al|B|Mg,1,1,3,4,1,1,3,3,1,2,0,1
678,513,Ir|Y,4,2,2,2,1,1,2,3,1,4,4,4
679,12,Ba|Ca|Cu|O|Y,3,3,3,3,4,4,3,2,2,0,2,3
680,514,Bi|In,3,0,1,2,2,2,2,2,1,1,3,0
681,515,Ba|Ca|Cu|O|Pb|Sr|Y,1,3,4,0,1,3,3,3,1,4,2,0
682,161,Al|Ge|V,4,1,0,2,4,0,2,2,1,4,0,3
683,51,Cu|La|O|Sm|Sr,4,3,2,4,3,3,1,3,0,2,3,4
684,516,Ba|Cu|Ho|O|Sr,1,2,0,1,3,1,0,1,1,4,2,0
685,188,Ba|Ca|Cu|La|O|Sm,2,1,1,2,2,1,1,0,4,0,3,3
686,517,Ba|O|W,2,1,1,1,0,1,3,1,0,1,2,1
687,196,La|Os|Pr|Sb,0,0,1,4,4,4,2,0,4,1,4,3
688,518,As|Fe|La|O,4,1,2,3,1,0,2,3,2,2,2,3
689,519,Bi|Cu|O|Sr|Yb,4,2,4,3,2,4,2,0,0,2,2,1
690,520,B|Er|Rh,2,2,2,0,3,3,2,4,1,3,4,2
691,521,Nb|Rh,4,2,0,0,1,0,4,0,2,3,0,0
692,106,Nb|Ru,2,2,3,4,1,3,1,4,3,1,0,0
693,332,As|Fe|Ir|O|Sm,4,0,3,0,0,3,1,1,4,3,2,1
694,522,Li|Pb,4,1,4,2,2,3,2,1,1,1,2,1
695,239,As|Ba|Fe|Ru,0,3,3,1,1,3,2,0,4,1,3,2
696,523,Re|Zr,2,3,2,0,3,2,3,4,1,1,4,3
697,524,Os|Re,2,3,4,2,4,3,1,1,3,0,4,3
698,327,B|C|Cu|O|Sr,3,4,4,0,2,4,2,2,1,3,1,3
699,115,Pb|Tl,4,3,1,2,2,0,4,4,3,3,0,2
700,525,Ba|Cu|O|Pr|Tm,0,4,0,2,4,3,1,3,0,3,2,3
701,526,K|S|Ta,1,1,2,0,3,3,3,3,0,0,3,3
702,42,Cu|La|O|Sr|Zn,1,2,4,4,3,1,3,0,4,0,0,1
703,446,Eu|Mo|S|Sn,3,0,1,2,0,1,3,2,4,2,2,2
704,527,Ir|Rh|Ru,3,0,0,0,1,3,1,2,4,3,3,2
705,528,C|Hf|Mo,0,1,2,4,1,3,4,2,2,4,4,4
706,350,Ba|Ca|Cu|La|Nd|O,2,4,3,4,0,4,3,1,1,0,3,1
707,529,Al|Ge,2,0,2,0,0,4,4,3,0,1,1,1
708,167,Ir|Lu|Sc|Si,0,3,2,4,4,3,3,4,0,1,0,2
709,64,Ba|Cu|O|Y|Zn,1,1,2,4,3,2,1,2,0,0,4,1
710,530,As|Ca|Fe|Ir,1,0,3,0,2,4,2,2,2,3,2,3
711,531,Ba|Cu|O|Tl|Zn,2,0,2,3,4,0,3,1,2,0,4,0
712,532,B|Ru|Th|Tm,1,2,4,2,0,1,2,1,0,4,3,4
713,533,Ge|La|Ni,4,0,1,4,1,3,0,2,1,0,0,1
714,534,Ba|Cu|Fe|Gd|O,1,2,0,4,4,0,4,0,3,0,0,0
715,411,Bi|Ca|Cu|I|O|Sr,4,0,4,2,2,1,3,4,4,1,4,1
716,535,Hf|Ta,0,2,0,3,2,0,2,2,2,0,3,2
717,55,Fe|S|Se,2,2,3,4,3,2,4,0,3,4,3,2
718,536,Pd|Sb|V,3,0,2,3,0,3,2,1,4,2,1,0
719,130,Be|Th|U,2,4,1,0,3,3,0,3,2,2,2,0
720,429,Cu|La|Ni|O|Sr,0,4,1,1,3,1,2,3,3,2,3,0
721,440,Ba|Cu|Gd|O,2,1,0,3,0,2,3,4,0,4,0,4
722,33,C|N|Nb,1,0,3,0,2,3,0,4,4,3,3,3
723,537,In|Pd|Zr,1,4,2,0,2,2,2,4,0,1,2,4
724,538,Cl|Hf|Li|N,1,0,3,2,4,3,1,1,3,3,2,3
725,539,B|Mg|Pb,1,2,4,1,3,1,1,1,4,0,0,4
726,540,Br|Hf|Li|N,2,3,0,1,0,4,3,1,4,0,1,4
727,1,Ba|Ca|Cu|La|O,0,0,1,3,2,4,3,2,0,4,3,0
728,511,Al|Ca|Ga|Si,3,2,3,0,0,0,1,0,1,4,1,0
729,541,Ir|Re|Rh,3,3,2,1,4,3,2,1,0,1,2,2
730,455,Ba|Cu|O|Tl,1,1,3,2,4,3,2,2,4,1,1,2
731,64,Ba|Cu|O|Y|Zn,1,1,2,4,3,2,2,4,2,1,2,1
732,0,As|Ba|Fe|K,0,4,2,3,0,4,4,4,3,2,1,1
733,542,Bi|Cu|La|O|Sr,1,3,4,1,2,1,0,3,1,4,4,2
734,543,Nb|Pt|Rh,4,0,1,2,3,4,3,0,3,4,3,3
735,261,Ba|Cu|Nd|O|Pr,3,1,2,4,3,0,1,3,0,4,3,3
736,544,As|Ba|Co|Cu|Fe,2,4,1,3,0,1,4,1,0,1,1,1
737,62,Al|Ge|Nb,2,3,3,0,1,3,1,4,0,1,4,2
738,545,Ca|Ce|Cu|O|Sr|Tl,1,0,4,2,4,3,1,3,2,0,2,3
739,546,Cu|Eu|Fe|O|Sr,4,1,0,2,2,1,4,2,0,1,4,4
740,547,Be|Nb,0,0,0,1,3,3,4,4,0,3,2,0
741,157,Cu|Ge,2,1,0,0,0,1,2,1,0,3,0,2
742,33,C|N|Nb,1,0,3,0,2,3,3,4,0,2,2,3
743,548,B|Er|Rh|Tm,2,3,3,4,3,4,1,4,0,2,3,2
744,549,Dy|Ge|Os|Y,0,3,1,0,0,0,3,4,0,4,0,0
745,420,Ce|Cu|Nd|O,0,3,2,4,2,0,2,2,1,4,4,0
746,550,N|Th,1,4,3,2,2,0,3,4,3,4,2,0
747,551,Ba|Cu|La|Nd|O|Sr,1,2,1,0,0,3,1,1,2,1,3,1
748,482,Nb|V|Zr,1,0,3,3,1,3,3,2,0,1,4,0
749,300,Ge|Ir|Lu|Si,3,1,3,4,1,3,0,0,0,0,1,2
750,302,H|Hf|V,2,0,1,3,0,4,4,2,2,3,0,2
751,552,Ba|Cu|O|Y|Yb,2,3,4,2,2,4,2,1,4,2,3,0
752,335,B|Ru|Y,3,2,0,1,2,2,0,4,4,2,1,4
753,62,Al|Ge|Nb,2,3,3,0,1,3,3,4,0,2,0,2
754,553,Ba|O|Rb|Sb|Ti,3,0,1,3,4,2,3,3,1,4,2,4
755,554,Ce|Cu|Eu|La|O,4,3,3,4,1,0,4,1,3,0,4,3
756,555,Ba|Cu|La|Ni|O,0,4,1,3,3,1,1,2,3,3,3,4
757,556,C|Nb|S,1,4,2,0,4,2,4,2,0,2,2,4
758,557,As|Ca|Fe|Na,0,1,1,0,0,3,2,1,2,3,0,3
759,86,Ba|Cu|O|Y,4,4,4,2,0,4,4,3,2,3,1,4
760,336,Ba|Cu|O|Pr|Sm,3,3,2,0,3,2,1,4,4,0,3,1
761,523,Re|Zr,2,3,2,0,3,2,4,0,0,2,4,3
762,224,Ce|Cu|La|Nd|O,3,0,0,4,2,0,3,4,1,1,1,2
763,558,Br|C|Cl|Y,3,1,0,2,0,3,3,0,2,1,3,2
764,216,Cu|La|O|Sr,4,4,1,1,0,1,3,3,0,4,1,4
765,559,B|C|Mg,0,3,1,1,2,2,4,3,2,4,1,3
766,560,Ge|Lu|Rh,2,4,0,2,3,4,1,0,3,4,1,4
767,65,Ba|Bi|K|O,3,2,0,2,0,0,1,0,4,4,0,3
768,561,Ba|Cu|Fe|O|Pr|Y,3,2,1,4,1,4,1,3,2,3,2,1
769,562,C|W,2,0,4,4,0,4,4,2,2,4,1,2
770,86,Ba|Cu|O|Y,4,4,4,2,0,4,4,3,3,2,0,4
771,315,Al|B|Li|Mg,0,2,2,1,2,0,1,0,0,0,3,0
772,563,Cr|Ti|V,1,1,0,1,0,4,1,3,3,4,1,0
773,78,Nb|V,0,3,3,4,2,0,0,3,0,0,3,2
774,524,Os|Re,2,3,4,2,4,3,2,3,1,2,1,3
775,564,Mo|S|Se,1,1,4,1,3,3,1,4,0,3,1,4
776,1,Ba|Ca|Cu|La|O,0,0,1,3,2,4,0,3,2,3,1,0
777,565,Ce|Cu|Mn|Nd|O,3,0,4,2,1,1,3,3,2,2,1,1
778,566,B|P|Ru|Zr,1,1,4,2,1,2,1,1,2,1,4,0
779,200,Ir|Rh,1,1,1,1,4,4,0,2,2,0,2,3
780,142,Br|C|I|Y,2,2,2,0,2,4,3,4,4,1,1,0
781,237,B|C|Ni|Sc|Y,0,4,3,1,3,2,3,0,3,2,4,1
782,567,Ge|Nb|Sn,1,0,2,3,2,1,3,4,1,4,0,1
783,568,Ba|Bi|Sb,3,1,3,1,1,2,2,0,3,2,1,4
784,569,B|C|Ni|Pd|Y,0,0,1,4,4,4,4,0,1,4,1,1
785,570,In|Sn|Te,4,0,3,1,2,1,1,3,1,3,2,4
786,547,Be|Nb,0,0,0,1,3,3,1,3,1,4,4,0
787,571,B|C|Pd|Y,0,3,2,0,1,0,0,1,2,4,2,0
788,351,Ba|Cu|Hg|O,0,1,0,3,3,4,0,3,2,2,0,2
789,572,S|Y,1,0,1,3,4,4,2,3,3,1,2,3
790,573,La|Pr|Se,0,4,1,2,1,0,2,2,1,1,3,4
791,357,Mo|Zr,4,1,4,3,1,0,1,1,0,4,1,3
792,153,Ba|Cu|Ni|O|Y,1,4,4,4,2,1,3,1,4,2,1,1
793,292,Ba|Cu|Fe|O|Y,0,4,0,1,4,3,2,0,1,0,4,4
794,46,As|Ba|Co|Fe|Zn,1,3,3,2,1,3,1,2,4,4,4,3
795,62,Al|Ge|Nb,2,3,3,0,1,3,4,2,2,1,2,2
796,455,Ba|Cu|O|Tl,1,1,3,2,4,3,1,0,4,0,2,2
797,105,Al|Hf|Nb,0,3,4,4,2,2,4,0,4,4,2,4
798,574,Ir|La|Pr|Zn,2,1,1,3,3,0,1,4,1,0,3,4
799,336,Ba|Cu|O|Pr|Sm,3,3,2,0,3,2,0,2,0,3,0,1
800,575,Os|W,2,0,2,1,2,2,0,1,4,1,4,4
801,429,Cu|La|Ni|O|Sr,0,4,1,1,3,1,3,2,0,0,1,0
802,576,C|Co|Mg|Ni,1,2,1,0,4,1,1,1,0,4,1,2
803,559,B|C|Mg,0,3,1,1,2,2,2,1,2,0,2,3
804,577,Mo|S|Sn,0,4,0,2,1,2,4,0,3,4,2,2
805,578,Rh|Sc|Sn,0,0,2,1,1,2,1,4,3,3,0,3
806,579,As|Fe|La|O|P,4,1,1,2,2,1,2,0,4,4,4,0
807,208,In|Sn,3,3,1,1,0,1,4,4,1,0,1,2
808,51,Cu|La|O|Sm|Sr,4,3,2,4,3,3,0,2,3,0,0,4
809,189,Rh|Zr,4,0,1,3,3,1,3,4,2,2,3,4
810,580,Ca|Cu|Ho|O|Sr|Tl,3,3,4,0,4,3,4,1,1,0,3,4
811,351,Ba|Cu|Hg|O,0,1,0,3,3,4,1,4,0,2,2,2
812,420,Ce|Cu|Nd|O,0,3,2,4,2,0,0,3,0,0,3,0
813,273,Bi|Cu|La|O|Pb|Sr,4,4,0,0,0,1,3,0,4,4,2,2
814,216,Cu|La|O|Sr,4,4,1,1,0,1,4,4,1,2,0,4
815,581,Ti|V,3,1,3,1,1,2,4,4,2,3,2,0
816,582,C|Si|W,0,0,0,2,4,1,1,3,0,3,2,3
817,583,Cu|Eu|O|Ru|Sn|Sr,3,2,2,2,0,3,2,0,4,4,4,1
818,74,Ba|Cu|La|O|Y,2,3,3,3,3,1,0,4,4,1,0,2
819,584,Ba|Ca|Cd|Cu|O|Pb|Sr|Y,3,4,3,0,0,3,4,3,1,0,2,3
820,585,Bi|Ca|K|O,2,1,1,0,3,2,2,0,2,2,4,2
821,586,Bi|Ca|Cu|Ga|O|Pb|Sr,2,4,0,0,0,4,1,2,1,0,3,0
822,57,Ba|Ca|Co|Cu|O|Y,1,1,3,4,0,1,4,0,0,3,0,2
823,232,C|Ho|Th,4,1,4,1,1,1,0,1,1,1,4,1
824,587,Ba|Cu|Hg|O|Re,2,0,1,1,3,2,4,2,2,3,3,0
825,588,In|Se|Sn|Te,4,1,0,4,1,3,1,0,0,3,3,2
826,589,Ba|Ca|Cu|Ge|Hg|O,4,2,0,3,4,4,2,3,1,2,3,2
827,590,Fe|P|Ru|Zr,4,2,2,1,1,0,4,0,0,4,0,4
828,591,Fe|Mo,1,4,4,2,0,4,0,4,0,0,2,2
829,592,Os|Ti,1,3,1,1,1,0,1,3,1,1,3,2
830,422,Bi|Ca|Cu|O|Pb|Sr,3,0,1,3,0,1,4,0,2,0,3,4
831,179,Ta|V,4,0,4,3,1,0,1,4,1,4,3,2
832,593,Nb|Pt,0,3,3,3,2,3,2,4,3,0,0,0
833,594,Cr|Ga|Nb,2,4,3,1,3,0,4,4,4,0,2,4
834,595,Cu|Ir|S|Zn,2,4,3,0,3,2,0,0,2,0,0,1
835,596,Al|Nb|Ti,3,1,2,1,1,2,3,3,3,0,1,3
836,59,Bi|Ca|Cu|O|Sr,2,1,2,3,0,3,0,2,3,0,0,2
837,114,Cu|O|Sr|Y,4,3,4,2,2,3,1,0,1,0,0,4
838,597,Ce|Cu|Ge|Si,1,1,3,1,0,1,3,3,1,2,2,0
839,598,C|Ca|Y,1,2,0,1,3,2,0,3,2,0,4,3
840,599,Er|Mo|S,1,0,2,0,4,1,2,1,1,3,3,1
841,484,Bi|O|S,4,2,1,2,4,3,0,3,4,1,0,1
842,600,Bi|Cu|La|O|Pb|Sr|Y,2,0,0,1,1,1,1,2,1,0,4,2
843,601,As|Sn|Te,3,0,4,1,4,0,1,4,4,0,1,2
844,1,Ba|Ca|Cu|La|O,0,0,1,3,2,4,1,2,1,2,3,0
845,64,Ba|Cu|O|Y|Zn,1,1,2,4,3,2,0,3,3,1,3,1
846,351,Ba|Cu|Hg|O,0,1,0,3,3,4,3,2,2,3,2,2
847,59,Bi|Ca|Cu|O|Sr,2,1,2,3,0,3,3,0,4,4,2,2
848,261,Ba|Cu|Nd|O|Pr,3,1,2,4,3,0,4,4,0,2,2,3
849,602,Cu|I|Y,0,1,0,2,0,1,3,0,1,0,3,1
850,61,Ge|La|Pt,2,2,3,1,1,4,0,2,4,0,1,3
851,603,Ba|Ca|Cu|Fe|La|O|Y,1,4,3,0,0,4,4,0,0,1,4,1
852,604,Ga|Si|V,3,4,2,4,0,1,0,2,0,2,3,3
853,49,Ba|Cu|La|O,3,0,2,4,3,0,3,4,2,3,2,3
854,605,Ba|Cu|O|Pr|Sr|Yb,1,4,0,3,1,2,2,0,3,3,0,4
855,606,Al|Sb|V,3,4,4,1,2,4,0,3,0,3,3,1
856,607,Ce|Cu|Eu|Gd|O,3,4,1,4,4,4,2,0,3,1,3,3
857,287,Bi|Pb,3,2,1,1,1,3,3,3,1,1,3,1
858,340,B|La|N|Ni,0,2,1,2,2,3,2,0,4,4,4,4
859,608,K|Ni|Se,0,3,1,2,2,1,3,0,4,2,2,3
860,609,Co|Mg|Ni,4,1,4,4,2,1,3,4,0,4,4,0
861,610,C|Mo,2,1,0,2,2,3,2,2,0,2,2,1
862,611,Ce|Cu|Eu|O|Ru|Sr,3,3,4,0,1,2,2,1,0,1,1,4
863,612,Ca|Cu|Er|O|Pb|Sr,2,3,1,3,2,3,1,0,4,1,0,1
864,74,Ba|Cu|La|O|Y,2,3,3,3,3,1,1,4,1,3,4,2
865,613,C|Na|Rb,4,3,0,2,1,4,0,2,0,0,4,0
866,614,Cr|Ru,4,3,1,1,3,0,1,3,0,4,0,3
867,615,Ge|Ir|Sc,0,0,1,1,1,1,1,0,4,3,1,2
868,616,Ba|Ca|Cu|O|Tl|Y,1,0,1,2,2,3,3,4,3,0,1,4
869,617,Ba|Cu|O|Pr|Yb,4,3,4,2,0,1,3,4,4,1,2,1
870,19,Gd|In|La,1,2,2,4,3,2,3,2,4,0,3,4
871,618,H|Nb,4,0,3,3,3,0,2,0,3,3,2,0
872,619,La|P|Pd,3,1,2,0,4,4,1,3,2,4,4,0
873,22,Ba|Co|Cu|O|Y,3,0,2,2,0,4,2,4,3,0,4,3
874,620,As|Fe|O|Rh|Sm,3,2,0,1,2,3,0,2,1,1,2,1
875,621,Ba|Cu|O|Sn|Sr|Y,4,0,4,1,4,4,2,0,1,4,0,0
876,154,In|Te,2,2,3,2,0,1,4,1,0,2,3,4
877,622,C|Mo|Ti,3,3,2,1,4,2,4,4,1,1,2,4
878,315,Al|B|Li|Mg,0,2,2,1,2,0,1,4,4,2,4,0
879,623,Pd|Sb|Sc,1,4,1,4,2,2,0,3,2,0,0,0
880,624,Ru|Zr,0,4,4,2,3,3,2,2,2,0,1,3
881,625,Nb|W,4,3,2,2,4,3,4,0,2,2,1,4
882,429,Cu|La|Ni|O|Sr,0,4,1,1,3,1,0,0,3,3,4,0
883,626,Cu|La|O|Pr,1,3,4,3,1,1,1,2,2,3,3,3
884,561,Ba|Cu|Fe|O|Pr|Y,3,2,1,4,1,4,4,2,0,1,2,1
885,216,Cu|La|O|Sr,4,4,1,1,0,1,0,3,1,1,2,4
886,627,Al|Ca|Cu|O|Sr,0,4,1,0,2,4,3,4,2,3,1,0
887,23,Nb|Sn|V,0,0,1,0,2,4,2,1,2,3,3,4
888,628,Pd|Th,4,0,2,3,0,4,0,4,2,3,4,1
889,395,Ba|Bi|K|O|Pr,3,3,3,4,4,3,3,4,1,4,2,4
890,629,Fe|Ni|Th,4,2,3,1,2,3,1,4,4,3,4,3
891,630,B|Lu|Zr,1,3,0,4,0,0,2,0,1,0,3,1
892,631,Fe|Th,0,2,2,0,1,2,3,3,3,1,4,1
893,632,Au|Sn,1,2,0,2,0,1,0,0,1,2,3,0
894,1,Ba|Ca|Cu|La|O,0,0,1,3,2,4,4,3,1,0,3,0
895,189,Rh|Zr,4,0,1,3,3,1,1,1,0,0,2,4
896,633,La|Sn|Tl,3,2,4,2,2,3,1,3,3,1,4,2
897,634,C|Ni|Th|Y,3,0,2,3,1,2,1,0,1,0,1,1
898,58,Co|H|Na|O,1,1,0,1,1,1,0,3,3,0,0,3
899,635,As|Ba|Fe|Mo,4,3,1,4,3,4,2,0,0,3,2,4
900,143,Au|Te,3,2,4,0,3,4,2,0,1,4,3,4
901,636,Bi|F|La|O|S|Sm,0,1,0,4,0,3,4,1,0,1,1,3
902,637,B|Ho|Ru|Th,2,4,4,3,1,0,3,3,2,1,0,1
903,638,Ag|Ba|Si,3,0,1,4,3,4,4,2,3,3,4,0
904,639,Ca|Cu|O|Sr|Tl|Y,3,4,1,0,3,1,2,1,1,2,4,1
905,640,As|Ba|Fe|Na,4,4,2,3,1,0,0,4,4,0,4,1
906,641,Ir|Si|Th,0,0,2,3,4,2,3,0,4,4,1,0
907,642,Ba|Cu|Dy|O|Sr,4,3,1,1,2,3,4,3,1,0,1,2
908,643,Al|V,1,0,2,0,4,4,1,3,2,1,2,4
909,644,Ir|Pt|Te,4,2,1,2,3,2,4,3,0,4,1,0
910,645,C|Ca,2,3,1,1,4,2,2,2,3,3,4,0
911,54,Nb|Ta,1,2,0,0,3,2,2,0,1,3,4,0
912,646,Ba|Na|Si,3,1,3,0,1,3,2,3,4,2,4,1
913,274,Ca|Cu|La|Nd|O,2,4,2,4,4,3,3,0,2,2,0,4
914,606,Al|Sb|V,3,4,4,1,2,4,1,4,3,3,3,1
915,168,Cu|La|O,0,4,4,4,1,3,0,3,3,3,0,0
916,647,Th|U,1,4,3,1,4,4,1,0,1,0,4,3
917,648,Ta|Zr,3,0,4,1,2,2,2,3,3,3,2,4
918,245,As|Ca|Fe|Pr|Pt,0,0,4,4,1,0,2,0,4,1,3,3
919,455,Ba|Cu|O|Tl,1,1,3,2,4,3,4,3,1,3,4,2
920,0,As|Ba|Fe|K,0,4,2,3,0,4,0,4,2,0,1,1
921,649,Ba|Ca|Cu|Er|Hf|O,3,3,3,0,1,1,1,0,2,4,2,4
922,650,Fe|S|Te,4,4,1,4,3,3,3,0,2,1,2,4
923,632,Au|Sn,1,2,0,2,0,1,3,0,3,1,0,0
924,651,Ir|Os|Rh,0,1,4,2,4,2,3,1,1,2,1,1
925,652,Ba|Cu|Fe|H|O|Y,2,0,4,0,0,1,2,1,0,2,2,2
926,653,C|Re,4,1,1,2,3,4,4,3,3,4,1,1
927,654,B|Mo|Ta,2,0,1,3,0,0,2,2,4,4,0,3
928,655,Cu|La|O|Ru|Sr,2,1,1,0,4,3,4,4,2,3,4,4
929,656,Al|Ba|Ca|Cu|O|Y,0,3,4,3,2,0,3,1,2,2,0,3
930,657,Al|Cu|La|O|Sr,4,1,4,4,4,2,0,4,3,3,1,1
931,658,Cu|Si,4,2,4,1,3,0,3,1,2,0,4,1
932,659,Ga|Ge|Nb,4,4,3,0,4,1,3,0,4,2,3,0
933,660,Ho|Pd|Te,0,3,1,1,0,2,2,3,1,0,1,1
934,5,Al|Ga|V,3,2,3,4,0,2,3,2,2,3,2,2
935,661,Nb|Ta|Zr,0,0,2,3,1,2,1,4,3,4,2,0
936,115,Pb|Tl,4,3,1,2,2,0,3,2,2,1,4,2
937,252,Ce|Cu|La|O|Pr,0,0,4,3,3,0,3,4,0,4,3,3
938,662,B|Ho|Ir|Rh,0,3,2,2,4,1,0,3,2,0,4,4
939,369,Hg|In,1,1,2,1,4,3,2,1,3,2,2,3
940,643,Al|V,1,0,2,0,4,4,3,2,2,0,2,4
941,604,Ga|Si|V,3,4,2,4,0,1,4,0,4,3,1,3
942,22,Ba|Co|Cu|O|Y,3,0,2,2,0,4,3,1,1,0,2,3
943,286,Ba|Cu|O|Pr|Y,3,1,2,0,3,0,3,0,4,4,2,3
944,507,Ba|Cu|H|O|Y,2,1,2,4,1,2,1,4,2,0,0,2
945,159,Ba|Cu|Hg|O|Zn,3,2,3,3,3,3,4,3,0,0,1,2
946,374,Ba|Bi|O|Pb,1,3,3,2,1,2,3,0,0,0,2,0
947,663,Rh|Se,4,0,3,0,1,0,4,3,0,4,2,2
948,287,Bi|Pb,3,2,1,1,1,3,4,4,1,0,2,1
949,507,Ba|Cu|H|O|Y,2,1,2,4,1,2,0,2,3,4,1,2
950,50,Ba|Ca|Cu|Er|La|O,3,3,0,3,1,3,0,0,4,3,2,2
951,375,Ba|Be|Ca|Cu|O|Tl,2,4,1,0,4,1,2,1,0,4,0,0
952,664,Cr|Cu|O,3,4,0,3,1,0,0,4,2,4,0,2
953,665,Ba|Ca|Cu|Gd|La|O,4,1,4,1,3,0,2,0,2,2,1,2
954,666,Fe|Se|Sr,0,1,0,3,4,0,2,1,2,1,1,4
955,70,B|C|Mn|Ni|Y,1,0,4,3,0,0,0,2,1,1,0,3
956,667,S|Sr|W,1,1,4,3,2,0,4,0,3,4,0,1
957,668,C|Ca|Cu|O,3,0,4,4,2,2,4,1,2,2,4,0
958,669,Cu|Se|Ti,1,3,2,3,1,1,1,1,1,1,4,1
959,670,Nb|S,1,1,1,4,2,2,2,1,1,2,4,1
960,64,Ba|Cu|O|Y|Zn,1,1,2,4,3,2,4,3,2,2,2,1
961,588,In|Se|Sn|Te,4,1,0,4,1,3,3,1,1,0,1,2
962,286,Ba|Cu|O|Pr|Y,3,1,2,0,3,0,1,1,0,2,0,3
963,216,Cu|La|O|Sr,4,4,1,1,0,1,2,1,2,2,0,4
964,671,Ge|Mo,3,4,0,0,1,1,3,0,2,3,0,1
965,507,Ba|Cu|H|O|Y,2,1,2,4,1,2,2,2,4,0,2,2
966,672,Ce|Te,1,0,2,3,4,0,4,1,0,0,4,4
967,673,B|Ru|W,2,4,3,4,4,2,4,3,0,0,2,4
968,674,Cu|Nd|O|Th,1,0,1,4,3,0,3,0,2,0,0,1
969,153,Ba|Cu|Ni|O|Y,1,4,4,4,2,1,4,4,3,2,3,1
970,366,As|Ba|Fe|Ni,0,1,0,4,4,3,4,0,4,4,2,1
971,675,Ba|Cu|O|Sm,0,0,0,2,2,0,1,4,4,3,3,0
972,600,Bi|Cu|La|O|Pb|Sr|Y,2,0,0,1,1,1,3,4,0,3,4,2
973,676,C|Ir|W,1,1,4,4,4,3,4,2,0,1,0,0
974,96,B|Ir|Lu|Y,2,2,4,4,4,4,0,1,3,2,4,3
975,677,Ni|U,2,3,4,1,3,2,1,1,0,1,1,2
976,487,Ba|Cu|Eu|O,3,1,0,1,2,0,0,1,0,2,3,2
977,678,C|La,2,0,0,3,3,2,2,2,1,1,3,0
978,521,Nb|Rh,4,2,0,0,1,0,2,2,3,4,0,0
979,182,La|Y,2,0,1,3,4,0,0,3,4,0,1,1
980,109,Ba|Cu|Er|Fe|O|Zn,0,1,4,3,3,2,2,3,1,3,3,4
981,204,Cu|La|O|Pr|Sr,1,1,2,0,1,0,3,3,2,2,3,0
982,0,As|Ba|Fe|K,0,4,2,3,0,4,0,2,2,3,2,1
983,655,Cu|La|O|Ru|Sr,2,1,1,0,4,3,0,3,4,1,1,4
984,679,Cu|Ga|La|O|Sr,3,3,0,3,2,3,2,2,3,4,2,3
985,680,Al|Pd|U,0,4,1,4,1,4,3,2,3,4,4,3
986,681,Ir|Rh|Te,1,3,0,0,4,0,4,0,0,4,2,2
987,682,Ba|Ce|Cu|Eu|O,0,0,3,3,3,0,0,2,1,1,2,0
988,683,Co|Cr|Cu|S,0,0,0,1,4,1,2,0,2,0,0,4
989,684,Ba|Ca|Cu|Hg|O,0,1,4,0,4,3,1,2,2,0,1,4
990,685,Ba|Cu|Lu|O|Pr|Sr,4,0,1,3,0,3,3,3,4,3,2,3
991,686,Ba|Ca|Cu|O|Pr|Y,1,0,3,3,1,0,2,4,0,2,0,4
992,166,Ce|La|Ru,3,4,1,1,0,3,0,4,4,3,1,1
993,687,Ba|Ca|Cu|Hg|O|Pb,2,0,4,4,1,2,2,2,1,2,2,4
994,688,Os|Si|Y,1,0,0,1,1,3,0,0,2,1,0,3
995,689,Ba|Bi|K|O|Pb,1,2,1,2,1,3,3,1,1,3,2,0
996,690,Ir|Li|Si,0,2,4,2,4,2,3,2,3,4,2,4
997,691,Ba|O|Sr|Ti,2,4,4,1,2,1,4,2,2,2,0,3
998,64,Ba|Cu|O|Y|Zn,1,1,2,4,3,2,3,1,2,4,2,1
999,136,Nb|Zr,0,4,3,4,3,1,3,4,4,0,1,1
1000,692,Al|B|Li|Pt,0,0,1,0,0,3,4,3,3,1,3,3
1001,651,Ir|Os|Rh,0,1,4,2,4,2,0,4,1,2,0,1
1002,693,Co|Si,2,3,0,3,0,0,1,2,1,4,0,0
1003,604,Ga|Si|V,3,4,2,4,0,1,0,4,4,4,0,3
1004,694,Ba|Cu|Gd|O|Pr,4,4,3,2,3,0,4,1,3,4,0,2
1005,695,Ba|Ca|Cu|Hg|O|Re|Sr,1,3,4,1,0,2,3,1,3,3,2,2
1006,211,Mo|U,1,2,2,1,0,3,2,3,1,2,4,0
1007,696,Ba|C,2,4,4,2,2,3,4,3,2,0,0,3
1008,86,Ba|Cu|O|Y,4,4,4,2,0,4,2,1,1,1,4,4
1009,697,Ga|Ge|V,0,3,1,3,0,4,3,2,2,3,0,4
1010,429,Cu|La|Ni|O|Sr,0,4,1,1,3,1,4,0,2,0,2,0
1011,698,Ca|Cu|O|Sr|Tl|Tm,3,4,3,4,3,1,3,1,0,2,0,0
1012,699,Al|Ni|U,1,4,3,1,2,4,2,2,0,0,3,3
1013,700,Ba|Cu|Gd|H|O,3,1,0,1,1,4,1,2,4,1,4,3
1014,22,Ba|Co|Cu|O|Y,3,0,2,2,0,4,1,2,4,2,4,3
1015,701,B|C|Mo,2,1,2,2,2,3,2,1,2,4,0,1
1016,702,Cu|O|Sr|Tl|Y,2,0,0,4,2,4,3,2,0,0,2,1
1017,290,Ba|Ca|Cu|La|O|Y,2,0,4,0,1,2,0,2,2,4,0,1
1018,260,Ba|Bi|O|Sb|Ti,1,2,0,0,4,0,0,4,4,4,0,3
1019,703,C|Mg|Ni,3,1,1,4,1,0,1,3,1,4,3,2
1020,704,B|Ta,3,1,4,3,4,2,4,2,1,0,2,2
1021,399,Hf|Nb|Zr,0,0,2,3,2,3,2,3,2,2,2,2
1022,12,Ba|Ca|Cu|O|Y,3,3,3,3,4,4,1,4,1,4,1,3
1023,705,C,4,4,0,3,4,2,3,2,1,4,2,0
1024,706,Ag|F|H|O,0,3,4,3,2,4,4,1,4,4,4,1
1025,416,As|Ba|Co|Fe,3,2,2,4,2,1,4,4,3,3,3,3
1026,707,C|Cd|Ni,3,3,0,0,3,0,3,2,3,3,4,2
1027,22,Ba|Co|Cu|O|Y,3,0,2,2,0,4,2,2,4,1,4,3
1028,143,Au|Te,3,2,4,0,3,4,4,2,3,2,2,4
1029,636,Bi|F|La|O|S|Sm,0,1,0,4,0,3,0,0,0,0,0,3
1030,569,B|C|Ni|Pd|Y,0,0,1,4,4,4,3,0,0,0,2,1
1031,708,C|Cu|N|O|Sr,4,1,1,2,1,0,3,4,0,0,1,1
1032,183,Ba|Ca|Cu|O|Tl,2,3,4,2,0,4,3,3,0,2,1,2
1033,172,B|Nb,4,3,2,3,2,0,1,4,1,2,0,1
1034,119,As|F|Fe|La|O,3,1,1,1,3,4,1,0,0,2,0,2
1035,162,Hf|Nb|V,4,1,4,4,2,1,0,1,1,3,1,3
1036,6,Co|Cu|La|O|Sr,1,1,0,1,0,4,3,1,1,2,4,3
1037,64,Ba|Cu|O|Y|Zn,1,1,2,4,3,2,1,1,3,1,2,1
1038,440,Ba|Cu|Gd|O,2,1,0,3,0,2,2,0,1,2,4,4
1039,374,Ba|Bi|O|Pb,1,3,3,2,1,2,2,3,3,4,0,0
1040,709,Be|Mo|Re,1,4,1,3,1,4,4,2,0,3,2,4
1041,710,As|Fe|O|Sm|U,2,1,2,3,2,1,1,1,1,0,3,3
1042,5,Al|Ga|V,3,2,3,4,0,2,2,2,2,3,4,2
1043,711,Rh|Ru,1,0,1,1,2,4,0,3,2,4,4,1
1044,712,Gd|Pd|Sn|Y,1,0,1,2,3,0,1,3,4,0,3,1
1045,713,Au|Nb|Rh,2,0,0,2,1,3,2,2,0,1,0,2
1046,74,Ba|Cu|La|O|Y,2,3,3,3,3,1,3,4,4,2,2,2
1047,714,Ba|K|O|Sb|Ti,3,4,4,4,4,1,0,1,3,3,2,1
1048,715,Cu|Gd|O|Rh|Ru|Sr,0,1,4,3,2,3,2,4,2,0,3,1
1049,716,Mo|Se|Tl,4,0,4,0,3,0,2,0,4,0,3,3
1050,476,Ba|Cu|Ga|O|Y,0,1,1,0,4,0,2,1,4,0,1,1
1051,656,Al|Ba|Ca|Cu|O|Y,0,3,4,3,2,0,1,2,0,1,1,3
1052,290,Ba|Ca|Cu|La|O|Y,2,0,4,0,1,2,3,4,1,1,2,1
1053,717,Ce|Cu|O|Pr|Y,4,2,4,2,3,0,4,4,2,3,0,4
1054,718,La|Ni|Sn,2,2,3,4,1,3,4,2,0,1,4,2
1055,719,Rh|Sn|Th,2,1,2,1,0,0,0,3,4,1,3,1
1056,191,Li|O|Ti,0,1,1,4,4,2,2,2,2,2,3,4
1057,720,C|Y,2,0,1,2,3,4,4,4,4,2,3,0
1058,721,Ga|Nb|Sn,0,2,4,2,3,2,3,4,1,4,1,1
1059,417,Ca|Cu|O|Sr|Tl,2,3,4,2,3,0,3,4,2,3,1,4
1060,183,Ba|Ca|Cu|O|Tl,2,3,4,2,0,4,0,0,3,3,4,2
1061,722,Pb|Se|Sn|Ti,3,1,3,4,4,0,3,3,3,1,2,3
1062,337,As|Ce|F|Fe|O|P,4,3,4,2,4,0,3,3,2,3,2,4
1063,723,Nb|Sn|Ta,3,1,3,4,3,1,0,1,2,4,3,0
1064,208,In|Sn,3,3,1,1,0,1,4,1,1,0,3,2
1065,724,Au|Pd|Te,3,2,0,2,1,2,1,1,0,0,0,4
1066,725,Ba|Co|Cu|Eu|O,4,3,1,4,0,0,1,2,1,3,4,2
1067,726,Ir|La|Si,4,2,2,4,3,2,1,4,2,1,3,0
1068,236,Ba|Cu|O|Tm,4,3,1,0,0,1,3,4,2,4,0,3
1069,727,Co|Ga|Np|U,1,0,4,3,3,1,0,4,2,3,2,0
1070,728,C|Th|Y,4,0,4,1,4,1,0,0,4,3,0,4
1071,224,Ce|Cu|La|Nd|O,3,0,0,4,2,0,4,0,3,1,4,2
1072,694,Ba|Cu|Gd|O|Pr,4,4,3,2,3,0,0,2,1,0,1,2
1073,729,Cu|La,0,3,2,0,0,4,3,0,2,2,4,0
1074,730,Cd|In|La,1,4,0,1,0,1,1,0,4,1,1,1
1075,570,In|Sn|Te,4,0,3,1,2,1,3,2,4,1,2,4
1076,731,N|Nb|O,1,1,3,2,2,0,3,4,3,4,4,4
1077,364,Th|Zr,1,2,1,1,4,1,3,2,3,0,4,4
1078,195,Cd|Ce|Co|In,1,0,0,2,1,4,2,1,3,1,4,4
1079,708,C|Cu|N|O|Sr,4,1,1,2,1,0,3,1,3,1,0,1
1080,732,S|Se|Ta,4,4,4,0,4,1,4,0,0,4,4,1
1081,477,Nb|Ti|Zr,0,1,1,1,3,3,2,3,3,1,2,3
1082,70,B|C|Mn|Ni|Y,1,0,4,3,0,0,0,3,1,3,3,3
1083,733,Re|W,0,2,1,0,2,2,2,3,3,3,4,1
1084,235,Co|Mo,2,0,4,2,2,3,1,2,3,3,3,0
1085,109,Ba|Cu|Er|Fe|O|Zn,0,1,4,3,3,2,0,0,0,2,0,4
1086,734,Ge|Nb,1,3,4,0,2,2,1,2,4,0,2,4
1087,735,B|Mo|P,1,2,1,0,2,1,0,3,3,0,2,1
1088,736,B|Li|Ni|Pd,2,4,1,0,3,1,0,4,0,2,2,4
1089,737,Be|Os|Re,0,3,1,3,1,3,0,2,2,2,2,3
1090,738,Co|La|Ru|Si,3,4,4,1,4,2,0,1,4,3,2,4
1091,639,Ca|Cu|O|Sr|Tl|Y,3,4,1,0,3,1,0,0,2,2,2,1
1092,739,Ca|Cu|O|Pb|Sr|Y,1,4,3,0,4,2,3,4,3,1,4,3
1093,566,B|P|Ru|Zr,1,1,4,2,1,2,3,3,3,0,3,0
1094,740,C|Mo|Si,2,2,3,2,3,1,0,0,3,0,3,1
1095,86,Ba|Cu|O|Y,4,4,4,2,0,4,1,2,4,1,4,4
1096,741,Cu|Mo|O|Sr|Tb,1,4,3,3,0,1,0,3,4,3,2,0
1097,71,Ba|Cu|Li|O|Y,4,2,4,1,4,0,4,2,0,0,1,3
1098,116,As|F|Fe|La|O|Ru,4,3,4,1,0,1,0,1,3,0,1,0
1099,286,Ba|Cu|O|Pr|Y,3,1,2,0,3,0,4,0,4,2,1,3
1100,742,Si|V,1,3,3,2,3,0,2,3,1,1,2,2
1101,669,Cu|Se|Ti,1,3,2,3,1,1,0,2,2,4,2,1
1102,743,Nb|Sb|Sn,4,0,1,1,3,3,1,2,3,0,4,3
1103,189,Rh|Zr,4,0,1,3,3,1,0,0,0,1,4,4
1104,279,C|Ta,1,2,3,2,2,2,3,1,1,3,4,1
1105,744,As|Ca|Fe|K,4,2,3,0,1,2,2,3,0,3,2,3
1106,614,Cr|Ru,4,3,1,1,3,0,0,4,3,4,2,3
1107,745,Nb|Pb|S,4,0,1,2,2,2,3,3,2,3,3,3
1108,746,Co|Ti,3,0,3,4,3,4,1,1,4,4,0,2
1109,286,Ba|Cu|O|Pr|Y,3,1,2,0,3,0,1,2,1,0,2,3
1110,747,Cr|N|Nb,2,3,2,2,3,3,3,4,2,2,3,0
1111,748,Fe|Se|Te|Zn,4,1,0,2,1,4,4,2,2,0,3,2
1112,749,C|Ca|Cu|O|Sr|Y,2,4,1,1,1,4,1,4,0,4,1,4
1113,128,Cl|Li|N|Zr,1,1,2,3,1,1,0,1,4,2,3,4
1114,750,Pb|Sb,2,2,2,4,1,0,2,1,3,4,0,0
1115,751,P|Ru|Y,3,0,3,4,1,1,1,3,1,2,3,4
1116,24,Cu|La|Mn|O|Sr,4,4,2,4,3,1,1,4,1,4,2,1
1117,139,Al|B|Mg,1,1,3,4,1,1,4,1,0,2,0,1
1118,752,Gd|La|Sn,4,1,3,2,2,4,0,4,3,0,4,0
1119,19,Gd|In|La,1,2,2,4,3,2,2,4,3,0,2,4
1120,753,C|Cu|K|O|Sr,1,3,4,1,4,1,2,0,2,2,3,1
1121,685,Ba|Cu|Lu|O|Pr|Sr,4,0,1,3,0,3,0,1,4,0,4,3
1122,387,Bi|Ce|F|O|S,4,4,3,2,2,4,2,0,4,4,0,3
1123,754,Os|P|Y,0,4,3,4,4,4,1,0,0,2,2,3
1124,755,As|Ba|Fe|Rh,0,4,3,0,3,3,1,0,3,1,4,0
1125,331,As|Co|Fe|Na,0,3,1,4,4,0,3,0,1,2,1,3
1126,756,As|Ca|Fe|Pr,3,4,0,1,2,1,0,1,4,1,3,1
1127,2,Mo|Ru,2,2,3,2,2,2,1,2,3,0,1,0
1128,757,Hg|In|Pb|Sm,2,1,0,2,3,2,3,3,0,2,4,0
1129,64,Ba|Cu|O|Y|Zn,1,1,2,4,3,2,2,3,1,2,1,1
1130,758,B|Fe|Mg,3,1,2,0,2,2,4,3,1,1,0,1
1131,4,Bi|F|Nd|O|Pb|S,1,1,0,0,2,3,4,0,4,0,1,3
1132,759,Bi|Ca|Ce|Cu|O|Sr,1,2,3,2,1,0,1,1,4,2,2,4
1133,760,Bi|Cu|F|La|O|Sr,4,2,1,4,2,4,2,4,3,4,2,1
1134,189,Rh|Zr,4,0,1,3,3,1,4,2,3,0,1,4
1135,761,B|Be,0,3,0,0,3,2,1,2,0,0,4,4
1136,252,Ce|Cu|La|O|Pr,0,0,4,3,3,0,0,4,3,2,1,3
1137,762,Ge|Pt|Th,4,0,4,0,3,0,3,3,2,0,3,3
1138,1,Ba|Ca|Cu|La|O,0,0,1,3,2,4,2,1,4,3,2,0
1139,59,Bi|Ca|Cu|O|Sr,2,1,2,3,0,3,0,0,2,1,4,2
1140,763,Fe|Lu|Si|Y,2,4,1,2,1,4,2,0,1,1,4,3
1141,208,In|Sn,3,3,1,1,0,1,1,0,4,3,1,2
1142,764,As|Ca|F|Fe|Ni,0,1,0,4,1,3,1,3,1,0,2,4
1143,765,As|La,3,3,3,0,1,0,0,3,3,0,1,1
1144,47,Al|Au,4,1,0,3,4,1,3,1,1,1,4,4
1145,191,Li|O|Ti,0,1,1,4,4,2,0,1,1,4,3,4
1146,766,Ta|Ti|V,3,1,2,4,3,3,4,2,2,1,4,1
1147,58,Co|H|Na|O,1,1,0,1,1,1,2,0,0,1,2,3
1148,767,Sn|Ta|V,0,4,1,3,4,2,3,1,1,4,0,3
1149,517,Ba|O|W,2,1,1,1,0,1,1,1,2,4,3,1
1150,242,Ba|Cu|La|O|Sr,2,0,1,1,4,2,1,4,2,0,4,4
1151,768,B|C|Ho|La|Ni,1,1,1,1,0,3,1,3,2,3,0,1
1152,49,Ba|Cu|La|O,3,0,2,4,3,0,4,2,0,4,0,3
1153,769,Ba|Ca|Cu|Gd|O|Sr,4,3,3,1,2,1,2,0,1,2,1,4
1154,770,Ni|Ta,1,4,4,1,1,3,4,0,1,3,1,3
1155,621,Ba|Cu|O|Sn|Sr|Y,4,0,4,1,4,4,2,1,1,0,2,0
1156,771,Mo|S|Y,4,3,1,3,2,4,0,1,0,0,4,2
1157,772,Er|Os|Sn,2,2,0,2,4,0,3,4,3,2,2,4
1158,773,Al|Ca|Fe|O|P,3,2,0,0,4,4,0,0,3,1,4,4
1159,774,Ca|Cu|O|Pr|Sr|Tl,3,4,0,4,3,0,1,0,0,3,3,0
1160,775,Ga|Mn|V,0,0,4,2,4,3,2,0,1,0,2,3
1161,776,Cu|Zr,1,0,3,0,4,4,2,2,0,1,3,2
1162,417,Ca|Cu|O|Sr|Tl,2,3,4,2,3,0,4,1,2,0,3,4
1163,777,Cr|Nb,4,3,0,1,3,3,0,1,4,3,2,4
1164,778,Co|Cu|O|Sr|Y,3,1,1,2,3,3,4,3,0,2,2,1
1165,779,C|Ca|Cu|O|Sr,2,0,2,1,2,1,3,0,3,0,0,3
1166,131,Ba|O|Sb|Sn|Ti,2,3,3,0,0,1,1,4,3,2,1,0
1167,780,Cu|Gd|O|Sr,2,4,3,4,3,1,0,0,2,2,3,4
1168,395,Ba|Bi|K|O|Pr,3,3,3,4,4,3,1,1,0,1,1,4
1169,171,As|Ca|Co|Fe,3,2,0,0,3,4,4,1,2,1,2,3
1170,781,Ca|Cu|O|Sr|V,2,1,0,0,0,3,0,1,3,0,1,0
1171,782,La|Ni|Pt|Si,4,3,3,1,2,2,2,2,0,2,2,3
1172,689,Ba|Bi|K|O|Pb,1,2,1,2,1,3,0,1,0,0,0,0
1173,783,Pt|Si|Y,0,0,1,2,3,3,2,0,4,0,0,0
1174,43,Fe|K|Se,2,2,3,2,1,3,3,4,3,2,4,0
1175,0,As|Ba|Fe|K,0,4,2,3,0,4,4,3,4,0,3,1
1176,34,Os|Pr|Ru|Sb,2,2,2,1,0,0,1,1,2,0,2,1
1177,784,Nb|Re,2,1,0,0,3,1,2,0,0,0,1,4
1178,411,Bi|Ca|Cu|I|O|Sr,4,0,4,2,2,1,4,0,4,4,1,1
1179,595,Cu|Ir|S|Zn,2,4,3,0,3,2,4,2,3,3,2,1
1180,675,Ba|Cu|O|Sm,0,0,0,2,2,0,0,4,4,4,3,0
1181,170,Pd|Sn,2,2,3,4,1,2,4,3,0,1,3,4
1182,785,Se|Ta|Te,0,2,0,1,1,0,2,4,0,2,4,1
1183,40,Au|Ga,0,0,0,2,1,0,3,1,2,1,4,1
1184,786,B|Ir|Mg,2,4,2,0,3,2,3,4,3,0,4,1
1185,721,Ga|Nb|Sn,0,2,4,2,3,2,2,1,0,2,0,1
1186,235,Co|Mo,2,0,4,2,2,3,4,0,4,2,4,0
1187,787,Mo|Te|Tl,0,3,2,0,2,1,2,4,2,2,1,4
1188,1,Ba|Ca|Cu|La|O,0,0,1,3,2,4,4,4,4,3,4,0
1189,788,Bi|Ca|Cu|O|Sr|Yb,4,3,1,0,4,1,1,3,1,4,2,0
1190,789,Cd|Mg,1,2,3,3,4,2,3,1,2,1,1,1
1191,161,Al|Ge|V,4,1,0,2,4,0,2,4,4,4,3,3
1192,790,Pd|Sb|Ti,0,3,0,0,2,3,3,4,2,1,2,3
1193,84,H|Pd,0,4,3,0,4,4,4,3,2,3,4,2
1194,273,Bi|Cu|La|O|Pb|Sr,4,4,0,0,0,1,0,3,3,0,0,2
1195,216,Cu|La|O|Sr,4,4,1,1,0,1,1,1,1,0,2,4
1196,491,Rh|Ti,3,0,3,1,3,0,2,2,1,2,4,2
1197,791,Pb|Pd|Tl,3,0,1,4,2,0,1,1,4,1,2,4
1198,683,Co|Cr|Cu|S,0,0,0,1,4,1,4,0,4,3,4,4
1199,618,H|Nb,4,0,3,3,3,0,3,4,0,2,3,0
1200,792,C|K|Rb,2,2,3,2,1,4,4,4,3,3,0,2
1201,793,As|La|Pd,2,0,2,4,4,2,0,0,1,1,4,4
1202,794,La|Ru|Th,1,0,4,1,4,3,2,1,0,3,0,2
1203,795,C|Sr,1,1,4,1,4,4,1,4,2,3,4,3
1204,211,Mo|U,1,2,2,1,0,3,0,3,4,0,2,0
1205,796,Ba|K|O,0,2,0,3,2,4,4,4,0,1,2,4
1206,797,Al|Nb|Y,1,4,0,4,4,4,3,0,3,2,4,3
1207,74,Ba|Cu|La|O|Y,2,3,3,3,3,1,4,4,3,1,3,2
1208,742,Si|V,1,3,3,2,3,0,4,3,2,3,2,2
1209,521,Nb|Rh,4,2,0,0,1,0,2,4,1,3,0,0
1210,798,Ga|Nb|Ni,4,3,3,0,4,1,1,4,1,0,2,2
1211,1,Ba|Ca|Cu|La|O,0,0,1,3,2,4,4,2,1,2,3,0
1212,40,Au|Ga,0,0,0,2,1,0,3,4,4,0,3,1
1213,799,Os|Si|Zr,0,2,3,0,3,1,1,1,4,3,4,1
1214,800,Cr|V,3,4,2,4,0,3,3,4,1,1,1,2
1215,801,Ba|Ge,1,2,2,3,3,4,1,3,0,0,2,0
1216,343,As|Ca|Fe|Pt,0,4,4,2,2,3,2,0,4,3,1,1
1217,802,La|Pr,2,4,0,2,1,1,0,0,4,1,1,3
1218,803,Cd|Pb,4,3,4,2,2,3,0,1,1,1,0,1
1219,241,Ga|V,4,3,1,0,4,2,3,1,0,4,0,0
1220,555,Ba|Cu|La|Ni|O,0,4,1,3,3,1,0,1,0,4,0,4
1221,473,Ba|Ca|Cu|O|Sr|Yb,2,2,0,1,4,2,4,1,1,4,3,2
1222,804,As|Ca|Co|Fe|H,4,4,1,2,2,3,3,4,4,2,0,0
1223,251,Mo|Ti,2,1,3,3,4,3,1,4,0,3,1,0
1224,183,Ba|Ca|Cu|O|Tl,2,3,4,2,0,4,2,2,2,2,2,2
1225,242,Ba|Cu|La|O|Sr,2,0,1,1,4,2,2,0,4,0,2,4
1226,805,Cd|Mo|S,4,1,2,2,1,2,4,4,0,1,2,4
1227,203,Ce|Cu|Gd|O|Pr,3,2,0,3,2,0,4,1,4,2,1,3
1228,806,Sb|Ti,2,0,4,4,3,4,4,0,0,2,4,0
1229,807,Ba|Cu|O|Tm|Y,3,4,1,1,2,0,4,4,2,2,3,2
1230,74,Ba|Cu|La|O|Y,2,3,3,3,3,1,2,2,0,3,3,2
1231,808,Ba|Pd|Si,2,3,0,0,1,2,1,2,1,1,4,4
1232,809,Li|Mg,0,4,2,2,3,0,2,2,2,1,0,2
1233,810,Cu|La|O|Sr|Ti,2,2,3,0,2,0,0,1,4,2,3,3
1234,688,Os|Si|Y,1,0,0,1,1,3,2,1,4,1,4,3
1235,437,Cl|N|Na|Zr,4,4,3,3,0,3,0,2,3,1,0,3
1236,211,Mo|U,1,2,2,1,0,3,3,3,2,4,2,0
1237,811,Hg|Sn,4,2,4,4,2,3,0,3,0,3,4,1
1238,812,C|H|Sr,4,1,1,4,4,2,0,2,4,1,0,4
1239,402,Ce|Co|In|Rh,2,1,4,2,1,3,3,3,0,4,2,3
1240,251,Mo|Ti,2,1,3,3,4,3,1,3,4,3,4,0
1241,813,Ru|V,4,2,0,1,3,1,4,3,2,1,2,2
1242,814,Bi|Ca|Cu|Gd|O|Sr,4,3,4,2,0,1,0,1,0,3,1,2
1243,1,Ba|Ca|Cu|La|O,0,0,1,3,2,4,4,4,4,2,0,0
1244,815,U,1,2,2,2,1,3,3,4,0,3,2,0
1245,721,Ga|Nb|Sn,0,2,4,2,3,2,2,2,4,0,4,1
1246,816,As|F|Fe|La|O|P,4,4,0,1,2,2,2,2,1,3,3,0
1247,817,Ce|Cu|Gd|O|Sm,1,1,0,4,3,4,1,2,2,4,4,2
1248,120,As|Co|Fe|O|P|Pr,0,3,0,3,0,1,3,2,3,4,2,2
1249,22,Ba|Co|Cu|O|Y,3,0,2,2,0,4,1,2,2,2,3,3
1250,818,Ba|Cu|Er|Ga|O,3,2,4,4,3,1,0,2,2,1,3,0
1251,581,Ti|V,3,1,3,1,1,2,2,2,3,1,4,0
1252,819,As|Co|Fe|O|Pr,4,1,3,2,3,3,0,4,1,3,2,3
1253,820,B|C|Si,0,1,1,2,1,4,4,0,1,1,1,3
1254,587,Ba|Cu|Hg|O|Re,2,0,1,1,3,2,0,4,0,4,4,0
1255,821,Nd|S|Ta,4,4,2,3,2,1,1,1,1,1,1,0
1256,822,Ba|C|Ca|Cu|O,0,1,4,4,0,3,0,1,1,2,0,2
1257,823,Ag|Th,1,2,3,2,1,4,1,4,2,2,1,1
1258,43,Fe|K|Se,2,2,3,2,1,3,4,4,4,3,4,0
1259,342,Pb|Pd|Y,2,1,4,3,3,1,0,4,0,3,1,0
1260,11,Ba|Cu|Nd|O,4,1,1,2,1,1,4,0,0,2,3,4
1261,824,Re|Sc,3,3,3,0,1,0,0,2,2,3,0,0
1262,116,As|F|Fe|La|O|Ru,4,3,4,1,0,1,2,1,3,4,2,0
1263,825,Ba|Cu|Dy|Ni|O,3,0,1,1,2,4,4,2,2,1,3,4
1264,621,Ba|Cu|O|Sn|Sr|Y,4,0,4,1,4,4,4,1,3,3,2,0
1265,684,Ba|Ca|Cu|Hg|O,0,1,4,0,4,3,2,3,3,4,4,4
1266,643,Al|V,1,0,2,0,4,4,3,1,1,3,1,4
1267,429,Cu|La|Ni|O|Sr,0,4,1,1,3,1,1,1,2,1,2,0
1268,826,Pd|Ti,1,0,3,0,4,1,3,3,3,4,1,1
1269,817,Ce|Cu|Gd|O|Sm,1,1,0,4,3,4,0,1,3,2,2,2
1270,655,Cu|La|O|Ru|Sr,2,1,1,0,4,3,1,2,4,0,4,4
1271,827,Be|Pt,3,4,3,0,4,1,1,0,4,4,0,0
1272,828,As|Ga,0,2,2,2,1,0,3,3,1,0,0,1
1273,829,Mo|Nb,4,1,0,0,2,0,3,1,4,1,1,2
1274,830,Ba|Cu|Er|O|Zn,4,4,3,4,4,1,2,3,2,1,4,3
1275,89,In|Pb|Sn|Te,1,2,1,2,3,2,1,4,3,2,3,1
1276,89,In|Pb|Sn|Te,1,2,1,2,3,2,3,4,0,3,4,1
1277,831,Nb|Pd|S|Se,0,1,3,0,3,3,1,2,2,0,1,4
1278,74,Ba|Cu|La|O|Y,2,3,3,3,3,1,0,1,0,2,0,2
1279,796,Ba|K|O,0,2,0,3,2,4,1,1,0,3,2,4
1280,68,Bi|Sn,2,3,2,0,3,1,3,4,4,4,0,1
1281,832,B|C|La|Pt,3,2,4,4,4,0,1,3,1,3,4,2
1282,42,Cu|La|O|Sr|Zn,1,2,4,4,3,1,1,0,1,2,2,1
1283,833,Lu|Rh,1,3,3,0,2,3,0,3,3,4,0,4
1284,10,Cu|La|O|Pb|Sr,3,0,0,3,2,2,1,3,2,4,3,3
1285,834,Ho|Os|Si,1,4,2,0,4,1,1,4,0,1,3,2
1286,579,As|Fe|La|O|P,4,1,1,2,2,1,0,4,0,4,2,0
1287,835,C|Tc,1,4,4,2,4,0,3,2,2,4,0,3
1288,836,Ir|Pt,3,0,0,1,4,0,3,0,3,4,4,3
1289,837,Fe|Ni|Se,3,4,4,2,0,2,3,0,0,3,3,4
1290,402,Ce|Co|In|Rh,2,1,4,2,1,3,2,4,1,3,4,3
1291,838,Ce|Cu|Si,2,0,4,4,1,2,4,1,0,0,4,1
1292,784,Nb|Re,2,1,0,0,3,1,0,0,2,3,4,4
1293,218,C|Mo|Ta,1,3,0,0,3,0,3,0,1,3,2,0
1294,839,B|Mo,3,2,0,0,3,2,1,4,2,2,4,3
1295,58,Co|H|Na|O,1,1,0,1,1,1,3,0,4,0,0,3
1296,216,Cu|La|O|Sr,4,4,1,1,0,1,3,1,1,3,1,4
1297,1,Ba|Ca|Cu|La|O,0,0,1,3,2,4,0,0,0,1,2,0
1298,840,Ba|Cu|Nd|O|Sr,2,1,1,1,2,2,1,2,2,4,0,3
1299,74,Ba|Cu|La|O|Y,2,3,3,3,3,1,0,1,2,4,2,2
1300,205,Ba|Ca|Cu|Gd|In|La|O|Sr,3,2,0,3,1,4,3,0,0,1,3,4
1301,841,Mo|Ti|V,1,0,3,2,0,3,4,2,0,2,1,0
1302,842,Fe|Mn|Se|Te,0,2,3,1,3,1,2,1,2,4,2,2
1303,843,Ce|Co|Rh,2,4,4,3,2,0,1,1,2,2,0,0
1304,187,C|La|Ni|Th,1,2,0,4,3,4,2,1,1,4,0,3
1305,64,Ba|Cu|O|Y|Zn,1,1,2,4,3,2,3,1,3,3,0,1
1306,36,Bi|Ca|Cu|O|Sr|Y,4,2,4,1,1,0,4,4,1,4,0,4
1307,844,Nb|Si|Sn|V,1,3,4,2,2,3,4,0,3,0,3,1
1308,845,Ce|Cu|Ni|O|Pr,3,4,2,2,1,2,0,0,2,3,3,2
1309,605,Ba|Cu|O|Pr|Sr|Yb,1,4,0,3,1,2,1,2,0,0,4,4
1310,395,Ba|Bi|K|O|Pr,3,3,3,4,4,3,2,2,3,4,1,4
1311,290,Ba|Ca|Cu|La|O|Y,2,0,4,0,1,2,3,4,4,4,2,1
1312,846,As|Dy|Fe|O,4,1,1,0,2,3,0,0,2,3,3,1
1313,292,Ba|Cu|Fe|O|Y,0,4,0,1,4,3,3,2,3,3,4,4
1314,847,As|Fe|P|Sr,3,0,3,3,3,3,1,4,1,3,1,2
1315,621,Ba|Cu|O|Sn|Sr|Y,4,0,4,1,4,4,1,0,0,1,2,0
1316,49,Ba|Cu|La|O,3,0,2,4,3,0,4,2,4,1,4,3
1317,461,Al|Ba|Cu|O|Y,1,0,4,4,3,2,2,1,2,3,3,4
1318,28,Al|Ba|Cu|O|Sr|Y,3,3,0,3,1,0,2,4,4,4,1,0
1319,848,Au|Pt|Te,3,4,4,1,4,1,2,4,1,2,0,4
1320,849,La|Se|Y,1,0,2,2,3,2,4,3,3,0,0,3
1321,850,Cu|Fe|La|O|Sr,2,0,4,4,0,2,4,1,0,1,3,0
1322,851,Ca|Cu|Si,2,4,2,2,3,4,2,1,1,4,2,1
1323,62,Al|Ge|Nb,2,3,3,0,1,3,3,3,3,4,3,2
1324,496,In|Pb,4,0,3,1,4,2,3,2,0,0,3,2
1325,58,Co|H|Na|O,1,1,0,1,1,1,4,0,0,3,0,3
1326,10,Cu|La|O|Pb|Sr,3,0,0,3,2,2,1,0,2,3,1,3
1327,852,Rh|Ta|Ti,0,1,1,2,1,1,2,3,3,3,3,1
1328,853,C|Lu|Th,0,3,2,2,1,0,0,0,2,0,0,3
1329,854,Fe|H|Li|O|Se,3,4,0,4,2,4,2,1,4,4,0,2
1330,855,As|F|Fe|O|Sm|Te,2,1,0,1,2,1,2,2,2,3,4,0
1331,856,C|Fe|Mg|Ni,1,2,4,0,0,3,2,2,0,0,3,0
1332,525,Ba|Cu|O|Pr|Tm,0,4,0,2,4,3,1,0,3,3,2,3
1333,476,Ba|Cu|Ga|O|Y,0,1,1,0,4,0,2,1,1,2,2,1
1334,639,Ca|Cu|O|Sr|Tl|Y,3,4,1,0,3,1,0,2,2,3,1,1
1335,503,C|Sc|Th,1,0,1,1,4,3,3,3,3,1,2,2
1336,857,As|Fe|Pt|Sr,3,3,0,0,2,3,1,0,0,2,4,3
1337,74,Ba|Cu|La|O|Y,2,3,3,3,3,1,4,4,4,4,4,2
1338,1,Ba|Ca|Cu|La|O,0,0,1,3,2,4,2,0,2,2,3,0
1339,242,Ba|Cu|La|O|Sr,2,0,1,1,4,2,4,4,0,4,0,4
1340,858,As|Ca|Dy|Fe|Pt,4,3,1,4,4,3,4,4,2,0,4,4
1341,315,Al|B|Li|Mg,0,2,2,1,2,0,3,4,4,3,0,0
1342,784,Nb|Re,2,1,0,0,3,1,3,1,3,4,1,4
1343,103,Pd|Sn|Tm|Y,4,3,2,0,0,1,0,4,2,0,3,0
1344,859,Ge|U,2,4,1,3,2,3,4,2,0,2,0,2
1345,507,Ba|Cu|H|O|Y,2,1,2,4,1,2,4,2,0,4,2,2
1346,860,C|Hf|Ta,4,4,3,2,4,2,0,4,0,2,3,2
1347,58,Co|H|Na|O,1,1,0,1,1,1,1,2,1,2,4,3
1348,861,Ba|Cu|O|Y|Zr,1,1,2,0,2,0,3,4,1,1,0,1
1349,862,Hg|K,3,3,3,3,2,0,2,3,0,0,1,4
1350,863,Bi|Ca|Cu|F|O|Pb|Sr,3,2,3,3,2,1,3,3,2,4,2,3
1351,864,Ba|Ca|Cu|Hg|O|Pb|Y,0,2,2,4,4,4,0,3,1,0,0,4
1352,144,B|C|Dy|Ho|Ni,3,1,4,4,2,0,0,3,2,2,2,1
1353,35,Bi|Cu|O|Pr|Sr,4,3,1,4,4,0,1,4,0,1,0,3
1354,865,Ir|Sn|Y,1,4,4,3,4,4,4,4,0,2,2,3
1355,350,Ba|Ca|Cu|La|Nd|O,2,4,3,4,0,4,3,2,3,2,0,1
1356,866,Ba|Cs|Cu|O|Y,3,2,0,0,2,2,4,0,4,3,4,3
1357,867,V|Zr,3,0,3,3,0,0,0,2,0,0,1,0
1358,868,Al|Au|In,3,1,3,0,1,3,1,1,0,3,4,1
1359,869,C|Ge|Y,1,4,4,4,2,2,0,3,4,4,1,4
1360,870,Al|Mg,0,3,0,3,0,1,4,3,4,2,3,2
1361,733,Re|W,0,2,1,0,2,2,1,3,2,0,0,1
1362,283,Ba|Ca|Cu|La|Mo|Nd|O,3,1,2,2,1,1,1,0,3,0,1,4
1363,871,Cu|O|Sr|Ti|Y,3,2,4,2,1,3,0,3,4,3,2,3
1364,872,Ba|Si|Sr,3,4,2,4,3,2,0,2,3,1,1,2
1365,873,Ba|Ca|Cd|Cu|La|O,1,4,4,3,4,3,4,0,1,1,4,1
1366,874,Ag|Pd|Th,4,0,3,0,2,2,3,0,4,1,0,2
1367,102,Al|Fe|Se,2,2,0,0,3,0,3,4,0,4,0,0
1368,875,Ru|Sc,2,2,3,4,1,0,3,4,1,3,1,3
1369,876,Mo|Pb|Se|Yb,1,1,1,4,1,0,2,4,3,3,0,1
1370,62,Al|Ge|Nb,2,3,3,0,1,3,2,3,3,1,1,2
1371,877,Ba|Cu|Gd|Hf|O,1,3,1,2,0,0,1,0,1,0,3,0
1372,373,Ba|Cu|Hg|Mo|O,2,4,4,4,1,4,4,4,4,4,2,4
1373,752,Gd|La|Sn,4,1,3,2,2,4,0,1,0,2,1,0
1374,878,Ba|Cu|Ho|O,0,0,4,4,4,0,1,2,0,1,0,1
1375,879,Al|Be|Nb,1,0,4,4,2,0,4,3,4,3,4,2
1376,64,Ba|Cu|O|Y|Zn,1,1,2,4,3,2,0,3,3,1,4,1
1377,5,Al|Ga|V,3,2,3,4,0,2,2,2,3,0,3,2
1378,273,Bi|Cu|La|O|Pb|Sr,4,4,0,0,0,1,2,4,2,0,1,2
1379,333,C|Er|Th,4,0,4,2,3,0,0,1,1,0,4,1
1380,880,Cu|Eu|La|O|Ru|Sr,2,0,0,2,1,0,1,1,1,2,3,0
1381,192,Nb|Ta|Ti,2,0,0,2,0,4,4,2,0,0,2,0
1382,396,As|F|Fe|La|O|Zn,3,0,0,4,4,4,1,1,0,3,1,0
1383,881,Al|Li,2,3,1,3,2,2,4,1,0,4,4,3
1384,425,Cr|Ga|V,4,1,1,3,1,2,4,2,4,0,4,0
1385,882,Mo|Si,2,1,4,2,4,4,3,3,4,0,4,0
1386,139,Al|B|Mg,1,1,3,4,1,1,0,1,3,0,2,1
1387,1,Ba|Ca|Cu|La|O,0,0,1,3,2,4,0,2,2,4,1,0
1388,610,C|Mo,2,1,0,2,2,3,1,1,3,0,4,1
1389,12,Ba|Ca|Cu|O|Y,3,3,3,3,4,4,3,4,1,3,3,3
1390,883,Ag|F|N|O,4,0,4,3,1,4,2,1,4,3,4,0
1391,884,Ce|Co|Cu|Nd|O,1,3,4,1,2,4,2,3,4,2,0,0
1392,292,Ba|Cu|Fe|O|Y,0,4,0,1,4,3,2,1,3,0,2,4
1393,885,Gd|Mo|S,4,4,1,2,0,1,3,3,2,2,0,0
1394,236,Ba|Cu|O|Tm,4,3,1,0,0,1,4,2,1,2,2,3
1395,276,Ca|Cu|O|Sr,0,0,3,4,4,0,3,1,0,1,3,0
1396,314,Al|La,0,1,0,4,1,0,3,1,1,4,3,4
1397,93,La|Ru,1,4,1,0,3,4,3,4,3,2,0,3
1398,686,Ba|Ca|Cu|O|Pr|Y,1,0,3,3,1,0,1,3,2,1,3,4
1399,886,Ba|Si,1,0,4,0,3,1,0,2,1,0,1,3
1400,887,Be|Re,2,3,3,2,4,2,4,3,0,2,2,1
1401,122,La|Os|P|Ru,3,2,4,0,2,3,4,3,2,4,4,4
1402,507,Ba|Cu|H|O|Y,2,1,2,4,1,2,0,3,1,0,1,2
1403,888,As|Co|Fe|Sr,1,4,2,2,1,2,0,2,4,1,3,2
1404,889,As|Ca|Fe|O|Sr|V,3,2,4,4,3,0,3,0,0,1,0,3
1405,890,Hf|Ta|V,1,0,3,4,0,1,3,4,3,4,3,0
1406,5,Al|Ga|V,3,2,3,4,0,2,2,0,0,0,0,2
1407,256,Au|Ga|Pd,3,4,0,1,1,2,2,0,2,1,1,2
1408,825,Ba|Cu|Dy|Ni|O,3,0,1,1,2,4,4,2,4,4,4,4
1409,417,Ca|Cu|O|Sr|Tl,2,3,4,2,3,0,4,1,1,0,1,4
1410,153,Ba|Cu|Ni|O|Y,1,4,4,4,2,1,3,0,1,2,3,1
1411,350,Ba|Ca|Cu|La|Nd|O,2,4,3,4,0,4,1,3,0,0,3,1
1412,891,La|Rh|Sb,0,1,2,1,0,2,3,2,1,1,3,3
1413,892,C|Ti|Y,2,2,3,4,0,2,2,2,3,3,3,3
1414,893,Mo|Nb|Pd,4,2,0,4,2,0,0,2,4,2,0,1
1415,62,Al|Ge|Nb,2,3,3,0,1,3,4,3,0,2,0,2
1416,894,As|F|Fe|La|O|Sb,1,4,2,4,0,4,4,0,2,0,4,4
1417,895,B|Dy|Lu|Ru,0,0,0,4,1,0,0,3,3,2,1,3
1418,816,As|F|Fe|La|O|P,4,4,0,1,2,2,0,2,4,1,4,0
1419,510,Ba|Cu|O|Yb,2,3,1,1,1,1,2,3,1,1,4,1
1420,59,Bi|Ca|Cu|O|Sr,2,1,2,3,0,3,3,0,1,1,3,2
1421,896,As|In|Nb|Sn,3,0,0,4,2,3,0,0,2,3,3,1
1422,897,Ag|Sn,3,1,4,0,3,1,1,1,1,1,1,4
1423,898,Ba|Ca|Cu|Ni|O|Y,0,0,0,4,0,0,3,1,3,2,3,4
1424,899,Bi|Cu|O|S,3,1,1,4,1,2,1,1,3,2,0,0
1425,900,Ga|Hf|V,0,1,1,4,4,4,0,3,0,0,1,3
1426,901,Al|Nb|Se,2,3,4,3,0,2,3,3,2,4,1,4
1427,902,B|C|Pt|Th,3,4,1,4,0,3,1,1,2,3,1,3
1428,903,Mn|Ni|Zr,3,4,4,2,1,4,2,2,2,4,2,1
1429,556,C|Nb|S,1,4,2,0,4,2,4,0,4,0,1,4
1430,904,Ba|Cd|Cu|O|Y,0,2,2,1,3,3,3,3,3,4,2,3
1431,905,Cu|La|Nd|O,0,1,4,3,2,3,2,2,3,2,1,1
1432,814,Bi|Ca|Cu|Gd|O|Sr,4,3,4,2,0,1,0,0,1,2,2,2
1433,906,Nb|Sn,2,1,1,4,2,2,2,0,4,1,1,3
1434,907,C|N|Na,1,3,4,0,1,2,4,3,0,3,4,1
1435,908,Ru|Ti|V,3,4,4,3,1,2,4,1,3,0,0,4
1436,909,Cu|La|Nd|O|Zn,1,0,0,1,3,2,3,0,2,0,0,0
1437,499,Mo|Tc,2,3,0,0,0,1,0,1,2,3,0,1
1438,562,C|W,2,0,4,4,0,4,2,3,1,4,0,2
1439,640,As|Ba|Fe|Na,4,4,2,3,1,0,3,4,2,1,4,1
1440,910,Bi|Cu|Se,4,1,4,4,1,3,4,4,0,1,4,2
1441,911,Ba|Cu|Lu|O|Pr,2,3,0,2,0,3,3,3,4,1,3,3
1442,549,Dy|Ge|Os|Y,0,3,1,0,0,0,2,3,2,4,1,0
1443,912,Fe|Se,0,0,3,4,0,4,4,0,4,3,0,0
1444,913,Au|Tl,0,1,0,4,2,0,3,3,4,2,1,3
1445,914,Ca|Rh|Sn,0,0,3,1,0,1,3,4,1,4,0,4
1446,374,Ba|Bi|O|Pb,1,3,3,2,1,2,3,3,0,0,3,0
1447,1,Ba|Ca|Cu|La|O,0,0,1,3,2,4,4,1,2,4,2,0
1448,644,Ir|Pt|Te,4,2,1,2,3,2,1,3,2,1,2,0
1449,804,As|Ca|Co|Fe|H,4,4,1,2,2,3,3,4,4,4,0,0
1450,915,Sb|Sn,1,2,4,3,0,3,3,3,2,3,1,1
1451,916,Al|Au|Sc,1,2,0,2,1,3,3,3,0,1,0,2
1452,617,Ba|Cu|O|Pr|Yb,4,3,4,2,0,1,3,1,3,1,4,1
1453,917,B|Er|Ru|Th,3,2,1,1,1,3,1,2,1,0,3,4
1454,918,Ba|Ca|Si,4,1,0,4,4,0,0,0,3,4,4,2
1455,919,As|Cd|Sn,2,3,2,3,3,2,1,4,0,1,0,2
1456,461,Al|Ba|Cu|O|Y,1,0,4,4,3,2,1,3,4,0,1,4
1457,53,Ga|Si|Sr,1,0,2,4,3,1,0,1,0,4,2,3
1458,128,Cl|Li|N|Zr,1,1,2,3,1,1,3,1,4,1,1,4
1459,0,As|Ba|Fe|K,0,4,2,3,0,4,4,2,3,0,0,1
1460,920,Ce|Ge|Pt|Si,0,3,2,0,1,4,0,4,0,2,2,2
1461,899,Bi|Cu|O|S,3,1,1,4,1,2,0,2,0,0,2,0
1462,528,C|Hf|Mo,0,1,2,4,1,3,1,0,1,1,1,4
1463,921,Ba|Nb|O|Sr,3,1,0,2,3,2,2,0,1,0,2,3
1464,800,Cr|V,3,4,2,4,0,3,3,4,3,2,0,2
1465,384,Cu|Sb,1,1,2,2,4,2,2,1,3,1,0,1
1466,922,Mo|Os,1,3,3,2,0,0,0,1,2,2,1,3
1467,800,Cr|V,3,4,2,4,0,3,0,3,2,4,0,2
1468,59,Bi|Ca|Cu|O|Sr,2,1,2,3,0,3,0,3,2,4,1,2
1469,282,B|Cu|Mg,2,4,0,1,4,1,1,4,0,3,0,0
1470,391,Bi|Ca|Cu|O|Pb|Sr|Y,1,1,4,1,0,0,3,0,2,1,4,2
1471,923,Mo|Pt|Re,2,0,3,1,2,3,1,4,1,3,3,1
1472,924,Ag|Al,2,0,0,3,3,1,4,4,4,4,0,0
1473,600,Bi|Cu|La|O|Pb|Sr|Y,2,0,0,1,1,1,2,2,4,0,0,2
1474,261,Ba|Cu|Nd|O|Pr,3,1,2,4,3,0,3,4,4,3,4,3
1475,925,Ba|Cu|Gd|O|Sr,4,4,0,1,2,0,2,0,1,2,1,4
1476,172,B|Nb,4,3,2,3,2,0,0,2,4,1,4,1
1477,343,As|Ca|Fe|Pt,0,4,4,2,2,3,4,1,3,1,4,1
1478,291,Ba|Ca|Cu|Hg|O|Tl,4,4,0,1,4,4,1,4,3,4,3,3
1479,926,As|Ca|Fe|Nd|Sb,4,1,2,3,4,1,1,3,3,4,4,1
1480,276,Ca|Cu|O|Sr,0,0,3,4,4,0,1,0,4,4,3,0
1481,581,Ti|V,3,1,3,1,1,2,2,3,4,2,3,0
1482,927,Bi|Pb|Tl,3,0,0,4,1,4,1,3,1,1,4,0
1483,71,Ba|Cu|Li|O|Y,4,2,4,1,4,0,4,1,4,3,0,3
1484,928,Al|Nb|Zr,1,4,4,0,0,2,2,1,1,4,4,1
1485,51,Cu|La|O|Sm|Sr,4,3,2,4,3,3,1,4,1,3,0,4
1486,929,Be|Ga,1,4,1,1,3,1,4,4,4,2,1,4
1487,930,H|Nb|Pd,1,2,3,3,2,1,2,4,3,0,4,1
1488,22,Ba|Co|Cu|O|Y,3,0,2,2,0,4,3,0,4,3,1,3
1489,292,Ba|Cu|Fe|O|Y,0,4,0,1,4,3,3,3,2,3,1,4
1490,233,Er|Rh|Sn,3,2,1,2,4,0,1,2,0,0,0,2
1491,931,H|Mo|Nb|Pd,2,4,2,3,2,4,3,4,3,0,2,4
1492,12,Ba|Ca|Cu|O|Y,3,3,3,3,4,4,4,4,0,1,4,3
1493,36,Bi|Ca|Cu|O|Sr|Y,4,2,4,1,1,0,3,3,0,3,0,4
1494,932,As|F|Fe|Ni|O|Sm,3,4,0,3,0,2,3,1,1,4,4,2
1495,933,Mo|S|Yb,0,1,0,4,0,4,0,1,0,3,4,2
1496,934,Ag|Bi,2,0,1,0,0,0,3,3,1,2,2,3
1497,935,B|Ba|Pt,3,1,2,4,3,0,3,2,2,1,2,3
1498,287,Bi|Pb,3,2,1,1,1,3,0,2,2,4,1,1
1499,659,Ga|Ge|Nb,4,4,3,0,4,1,1,0,2,3,2,0
1500,24,Cu|La|Mn|O|Sr,4,4,2,4,3,1,3,4,0,2,1,1
1501,286,Ba|Cu|O|Pr|Y,3,1,2,0,3,0,0,1,0,0,3,3
1502,273,Bi|Cu|La|O|Pb|Sr,4,4,0,0,0,1,1,2,3,0,4,2
1503,286,Ba|Cu|O|Pr|Y,3,1,2,0,3,0,2,2,4,0,2,3
1504,665,Ba|Ca|Cu|Gd|La|O,4,1,4,1,3,0,2,1,0,3,0,2
1505,936,Nb|Pd|Rh,4,1,0,4,4,1,3,0,3,4,0,0
1506,937,La|Sn|Tm,3,0,0,3,3,3,4,0,3,0,0,4
1507,79,Fe|Se|Te,4,3,3,0,1,3,0,1,1,2,3,0
1508,798,Ga|Nb|Ni,4,3,3,0,4,1,4,0,1,4,2,2
1509,434,Re|Ta,1,2,2,4,4,0,0,2,4,0,0,1
1510,270,C|K,3,2,1,0,0,3,4,1,3,2,3,2
1511,938,As|Fe|La|O|Zn,2,0,3,4,1,4,2,2,1,3,1,4
1512,106,Nb|Ru,2,2,3,4,1,3,4,2,1,3,3,0
1513,648,Ta|Zr,3,0,4,1,2,2,1,0,4,1,4,4
1514,939,B|Li|Pd,1,2,4,4,4,2,1,4,4,2,1,4
1515,607,Ce|Cu|Eu|Gd|O,3,4,1,4,4,4,2,1,3,1,4,3
1516,172,B|Nb,4,3,2,3,2,0,0,2,1,3,1,1
1517,79,Fe|Se|Te,4,3,3,0,1,3,2,4,4,0,4,0
1518,940,B|Nb|Y,2,3,1,0,0,4,2,0,3,1,3,2
1519,473,Ba|Ca|Cu|O|Sr|Yb,2,2,0,1,4,2,1,1,1,0,2,2
1520,813,Ru|V,4,2,0,1,3,1,2,0,4,4,1,2
1521,941,B|Er|Rh|Y,2,4,3,3,4,4,3,3,1,4,0,1
1522,507,Ba|Cu|H|O|Y,2,1,2,4,1,2,2,0,0,3,1,2
1523,942,Ce|Cu|O|Sm|Y,3,2,3,1,1,2,0,3,4,0,4,3
1524,943,Ir|Os,0,1,1,2,3,2,2,0,3,0,4,2
1525,944,Cu|Se|Te,4,1,4,0,3,3,1,2,1,4,0,1
1526,11,Ba|Cu|Nd|O,4,1,1,2,1,1,2,3,1,1,1,4
1527,945,Bi|F|La|O|S|Se,3,4,0,3,3,3,4,4,2,3,2,4
1528,946,As|Ca|Co|F|Fe,4,2,2,2,2,4,3,2,0,1,4,1
1529,947,Bi|Cu|Nd|O|Sr|Y,4,3,4,4,3,0,0,4,4,2,0,0
1530,6,Co|Cu|La|O|Sr,1,1,0,1,0,4,0,4,3,2,0,3
1531,703,C|Mg|Ni,3,1,1,4,1,0,2,4,4,4,4,2
1532,816,As|F|Fe|La|O|P,4,4,0,1,2,2,3,1,2,3,0,0
1533,639,Ca|Cu|O|Sr|Tl|Y,3,4,1,0,3,1,0,1,3,2,3,1
1534,948,Al|Os,3,3,2,3,1,1,0,1,3,4,0,1
1535,250,Ce|Co|Ru,4,2,1,3,0,4,3,3,2,1,0,1
1536,949,Hg|Pb,0,1,4,2,1,3,1,0,1,2,2,4
1537,950,Bi|Ca|Cu|Nd|O|Pb|S|Sr,0,4,3,4,3,4,4,0,2,4,3,0
1538,477,Nb|Ti|Zr,0,1,1,1,3,3,1,4,4,4,1,3
1539,951,Ru|W,2,1,3,2,2,4,3,3,2,3,1,2
1540,286,Ba|Cu|O|Pr|Y,3,1,2,0,3,0,0,1,1,2,0,3
1541,952,Fe|Pd|Sb,0,4,2,2,3,0,2,3,3,1,4,3
1542,442,Nb|Sn|Zr,0,1,0,4,3,3,1,3,0,0,3,0
1543,216,Cu|La|O|Sr,4,4,1,1,0,1,0,0,2,3,3,4
1544,23,Nb|Sn|V,0,0,1,0,2,4,2,0,2,1,2,4
1545,953,La|Pb|Pr,0,1,2,1,2,0,2,0,0,0,3,1
1546,417,Ca|Cu|O|Sr|Tl,2,3,4,2,3,0,3,0,1,2,2,4
1547,64,Ba|Cu|O|Y|Zn,1,1,2,4,3,2,1,4,2,3,4,1
1548,42,Cu|La|O|Sr|Zn,1,2,4,4,3,1,3,2,3,2,4,1
1549,954,La|Mg,2,4,1,0,3,3,4,2,0,4,2,3
1550,955,Ir|Ru,2,2,0,0,3,1,0,2,0,3,2,2
1551,136,Nb|Zr,0,4,3,4,3,1,2,3,0,4,3,1
1552,357,Mo|Zr,4,1,4,3,1,0,3,1,1,4,4,3
1553,948,Al|Os,3,3,2,3,1,1,2,4,1,0,0,1
1554,507,Ba|Cu|H|O|Y,2,1,2,4,1,2,0,2,0,4,1,2
1555,839,B|Mo,3,2,0,0,3,2,2,0,4,2,4,3
1556,668,C|Ca|Cu|O,3,0,4,4,2,2,3,2,1,1,4,0
1557,956,Ba|Cu|Eu|O|Pr,0,4,4,1,3,3,3,0,2,3,4,3
1558,850,Cu|Fe|La|O|Sr,2,0,4,4,0,2,4,2,0,3,3,0
1559,957,Al|Ge|U,1,3,0,0,2,3,0,3,0,2,4,2
1560,33,C|N|Nb,1,0,3,0,2,3,3,3,1,4,0,3
1561,429,Cu|La|Ni|O|Sr,0,4,1,1,3,1,3,2,2,3,2,0
1562,958,Hf|Rh|Si,2,0,0,0,0,3,4,0,1,3,4,3
1563,403,B|C|Ho|Lu|Ni,4,3,0,2,0,0,0,3,0,0,3,3
1564,44,Cu|La|Nd|O|Sr,3,0,2,3,4,2,2,2,3,0,0,0
1565,276,Ca|Cu|O|Sr,0,0,3,4,4,0,4,1,0,4,2,0
1566,1,Ba|Ca|Cu|La|O,0,0,1,3,2,4,1,1,1,4,4,0
1567,655,Cu|La|O|Ru|Sr,2,1,1,0,4,3,0,4,4,0,1,4
1568,959,Mn|Ni|U,4,3,0,3,2,4,0,4,1,3,3,3
1569,960,As|Dy|F|Fe|O,2,3,4,1,1,1,0,0,4,2,0,3
1570,961,Bi|Ca|Co|Cu|O|Pb|Sr,4,1,1,1,0,3,0,2,0,0,4,1
1571,168,Cu|La|O,0,4,4,4,1,3,1,1,2,2,1,0
1572,110,Au|Ge|Yb,2,3,0,0,4,0,3,1,2,4,0,0
1573,86,Ba|Cu|O|Y,4,4,4,2,0,4,0,0,4,1,2,4
1574,298,As|Fe|H|O|P|Sm,3,0,2,4,1,2,2,2,4,1,1,4
1575,100,Co|Y,0,4,4,4,1,4,4,4,1,0,2,1
1576,962,H|Th,2,0,3,4,2,3,3,1,0,4,3,0
1577,731,N|Nb|O,1,1,3,2,2,0,1,2,1,0,4,4
1578,55,Fe|S|Se,2,2,3,4,3,2,0,0,0,4,0,2
1579,86,Ba|Cu|O|Y,4,4,4,2,0,4,4,3,4,4,0,4
1580,189,Rh|Zr,4,0,1,3,3,1,1,4,2,1,2,4
1581,720,C|Y,2,0,1,2,3,4,0,3,3,0,1,0
1582,427,La|Nd,2,0,3,3,2,1,3,4,4,4,2,1
1583,569,B|C|Ni|Pd|Y,0,0,1,4,4,4,2,0,0,0,4,1
1584,963,P|Pr|Ru,2,1,4,3,2,3,3,2,3,1,4,0
1585,57,Ba|Ca|Co|Cu|O|Y,1,1,3,4,0,1,0,3,1,1,2,2
1586,964,Hf|Nb,3,1,4,0,4,1,2,2,2,3,2,1
1587,965,Cu|Ho|La|O|Sr,2,2,0,4,2,0,1,0,4,3,3,3
1588,330,Pb|S|Ta,0,1,0,2,0,0,4,4,4,0,4,4
1589,257,As|Ca|Co|Fe|La,1,4,1,3,4,1,1,1,1,4,4,0
1590,966,As|Co|Fe|La|O,1,1,3,1,0,2,1,4,2,1,0,1
1591,286,Ba|Cu|O|Pr|Y,3,1,2,0,3,0,4,4,1,4,4,3
1592,617,Ba|Cu|O|Pr|Yb,4,3,4,2,0,1,1,2,3,0,0,1
1593,728,C|Th|Y,4,0,4,1,4,1,0,4,2,1,4,4
1594,539,B|Mg|Pb,1,2,4,1,3,1,0,4,1,0,0,4
1595,967,As|F|Fe|Nd|O,3,4,4,3,0,2,0,1,3,3,1,4
1596,968,Be|Cu,1,3,1,3,4,0,3,3,4,4,3,2
1597,760,Bi|Cu|F|La|O|Sr,4,2,1,4,2,4,0,2,3,2,1,1
1598,969,Ba|Cu|Er|Fe|O,1,0,3,1,3,3,3,0,4,2,3,2
1599,216,Cu|La|O|Sr,4,4,1,1,0,1,1,2,1,1,4,4
1600,970,Nb|Sn|Ta|V,4,3,2,4,4,0,3,1,3,0,3,2
1601,64,Ba|Cu|O|Y|Zn,1,1,2,4,3,2,2,0,3,2,0,1
1602,971,As|Fe|O|Sm,0,1,4,3,3,1,3,3,1,2,4,3
1603,972,Al|Gd|La,2,4,1,0,0,4,0,2,2,1,1,1
1604,511,Al|Ca|Ga|Si,3,2,3,0,0,0,4,2,0,0,0,0
1605,973,Fe|Ga|Nb,3,4,1,2,0,0,2,4,2,1,3,0
1606,195,Cd|Ce|Co|In,1,0,0,2,1,4,3,2,1,0,3,4
1607,42,Cu|La|O|Sr|Zn,1,2,4,4,3,1,0,3,2,3,3,1
1608,12,Ba|Ca|Cu|O|Y,3,3,3,3,4,4,4,1,1,1,0,3
1609,400,As|Fe|K|Sr,3,4,2,2,1,4,4,3,3,3,0,1
1610,42,Cu|La|O|Sr|Zn,1,2,4,4,3,1,4,2,1,2,3,1
1611,37,C|Mo|W,2,1,2,1,2,2,1,4,3,4,4,2
1612,79,Fe|Se|Te,4,3,3,0,1,3,3,4,3,1,1,0
1613,216,Cu|La|O|Sr,4,4,1,1,0,1,4,0,1,4,2,4
1614,357,Mo|Zr,4,1,4,3,1,0,4,2,2,2,3,3
1615,974,Ni|Pd|Sb,4,2,3,2,4,3,0,0,2,3,3,0
1616,975,F|Fe|Nd|O|P,1,4,0,2,3,0,4,0,1,4,4,0
1617,976,B|Be|U,1,4,3,2,2,2,1,3,1,1,1,3
1618,977,Nb|Sb,2,0,2,1,0,1,3,4,1,1,1,1
1619,42,Cu|La|O|Sr|Zn,1,2,4,4,3,1,3,1,1,0,0,1
1620,978,B|Ba|Ca|Cu|O|Sr|Y,3,2,3,3,3,4,3,1,2,1,3,2
1621,979,Mo|S|Zn,0,0,0,4,0,0,1,2,4,2,4,4
1622,946,As|Ca|Co|F|Fe,4,2,2,2,2,4,3,0,2,2,2,1
1623,187,C|La|Ni|Th,1,2,0,4,3,4,4,4,2,2,0,3
1624,980,Ba|Cu|Er|Hf|O,2,1,4,3,0,2,0,1,3,3,2,3
1625,434,Re|Ta,1,2,2,4,4,0,1,2,0,2,1,1
1626,923,Mo|Pt|Re,2,0,3,1,2,3,2,2,3,0,4,1
1627,250,Ce|Co|Ru,4,2,1,3,0,4,4,2,2,0,0,1
1628,981,Si|Ti|V,1,1,2,1,0,2,2,1,0,0,4,4
1629,610,C|Mo,2,1,0,2,2,3,4,4,0,2,4,1
1630,365,Bi|Cu|Nd|O|Sr,2,4,2,1,4,2,2,3,0,1,3,3
1631,811,Hg|Sn,4,2,4,4,2,3,4,3,4,1,1,1
1632,400,As|Fe|K|Sr,3,4,2,2,1,4,2,4,2,4,1,1
1633,66,Ba|Ca|Cu|La|O|Sr,3,2,3,2,4,1,1,0,3,0,0,2
1634,331,As|Co|Fe|Na,0,3,1,4,4,0,4,3,3,1,4,3
1635,982,Lu|Tc,2,0,2,0,1,2,4,2,3,0,1,0
1636,524,Os|Re,2,3,4,2,4,3,2,2,2,2,3,3
1637,983,Cs|S|Ta,0,1,2,3,4,2,3,1,2,3,3,2
1638,743,Nb|Sb|Sn,4,0,1,1,3,3,0,2,1,0,0,3
1639,491,Rh|Ti,3,0,3,1,3,0,3,4,3,4,3,2
1640,984,Nb|Os|Rh,2,3,0,0,3,2,0,4,2,0,2,0
1641,337,As|Ce|F|Fe|O|P,4,3,4,2,4,0,4,1,3,3,1,4
1642,507,Ba|Cu|H|O|Y,2,1,2,4,1,2,2,2,3,1,4,2
1643,985,Fe|Nb|Ti,1,2,1,2,2,4,0,3,2,3,2,4
1644,986,Gd|Ru|Y,1,2,3,0,3,2,1,0,4,4,0,3
1645,199,Al|Si|V,4,4,1,1,1,2,0,3,4,3,1,4
1646,60,As|Fe|La|O|Y,0,3,2,0,3,1,1,1,2,1,1,4
1647,62,Al|Ge|Nb,2,3,3,0,1,3,2,0,3,4,1,2
1648,292,Ba|Cu|Fe|O|Y,0,4,0,1,4,3,4,2,1,2,3,4
1649,6,Co|Cu|La|O|Sr,1,1,0,1,0,4,2,0,2,0,0,3
1650,74,Ba|Cu|La|O|Y,2,3,3,3,3,1,2,3,1,0,3,2
1651,987,Ce|Co|In|La,1,2,0,3,3,3,0,2,3,2,3,0
1652,988,B|Eu|Ru|Th,3,1,3,4,3,1,0,1,0,3,3,2
1653,356,Mo|Re,4,3,4,1,0,0,0,1,2,2,3,4
1654,457,Ca|Cu|La|O|Sr,0,0,1,2,2,2,0,1,4,3,2,1
1655,160,Ba|Cu|O|Re|Y,2,4,2,2,0,0,4,1,1,1,4,0
1656,168,Cu|La|O,0,4,4,4,1,3,0,4,0,3,3,0
1657,989,Bi|Cu|La|O,3,1,4,4,2,0,2,2,0,4,1,0
1658,990,Fe|O|P|Pr,3,4,3,0,2,2,3,1,3,1,3,4
1659,594,Cr|Ga|Nb,2,4,3,1,3,0,4,4,2,3,1,4
1660,79,Fe|Se|Te,4,3,3,0,1,3,3,2,0,3,2,0
1661,604,Ga|Si|V,3,4,2,4,0,1,1,0,3,3,2,3
1662,991,C|W|Y,1,0,3,2,0,0,0,2,0,1,4,0
1663,422,Bi|Ca|Cu|O|Pb|Sr,3,0,1,3,0,1,4,4,2,0,2,4
1664,992,Bi|F|La|O|S,2,2,2,4,4,1,4,1,2,4,0,3
1665,288,Nb|U,3,3,1,1,2,1,0,2,3,0,2,1
1666,993,Mo|Si|V,2,0,0,0,1,0,1,2,0,3,0,4
1667,65,Ba|Bi|K|O,3,2,0,2,0,0,1,3,1,4,3,3
1668,994,Pt|Y,3,3,0,0,4,2,2,1,1,0,0,1
1669,351,Ba|Cu|Hg|O,0,1,0,3,3,4,0,1,2,3,2,2
1670,995,Ir|W,2,1,2,4,2,3,0,3,2,1,1,2
1671,383,Al|Nb|Sn,3,2,0,2,4,4,4,2,2,0,2,0
1672,915,Sb|Sn,1,2,4,3,0,3,1,3,0,0,0,1
1673,996,Ba|Ga|Ge,3,1,1,1,4,3,3,3,4,3,1,1
1674,119,As|F|Fe|La|O,3,1,1,1,3,4,4,0,1,1,3,2
1675,850,Cu|Fe|La|O|Sr,2,0,4,4,0,2,1,2,2,2,1,0
1676,997,B|Ca|Rh,1,0,1,1,0,0,4,2,3,0,1,0
1677,1,Ba|Ca|Cu|La|O,0,0,1,3,2,4,4,3,2,3,0,0
1678,627,Al|Ca|Cu|O|Sr,0,4,1,0,2,4,0,3,1,3,0,0
1679,250,Ce|Co|Ru,4,2,1,3,0,4,2,4,4,1,0,1
1680,23,Nb|Sn|V,0,0,1,0,2,4,2,3,3,2,0,4
1681,753,C|Cu|K|O|Sr,1,3,4,1,4,1,4,2,2,2,2,1
1682,192,Nb|Ta|Ti,2,0,0,2,0,4,4,2,1,1,3,0
1683,768,B|C|Ho|La|Ni,1,1,1,1,0,3,0,1,1,4,3,1
1684,38,Ga|Sn,4,3,2,1,0,1,4,1,1,4,1,1
1685,998,Cu|La|Li|O|Sr,3,0,4,2,4,2,1,0,1,0,0,1
1686,446,Eu|Mo|S|Sn,3,0,1,2,0,1,4,2,0,2,4,2
1687,89,In|Pb|Sn|Te,1,2,1,2,3,2,1,0,3,3,3,1
1688,742,Si|V,1,3,3,2,3,0,2,3,1,4,1,2
1689,476,Ba|Cu|Ga|O|Y,0,1,1,0,4,0,3,0,2,0,4,1
1690,999,B|C|Mo|Ta,0,0,4,3,2,1,1,1,4,2,4,4
1691,1000,La|Pb|Rh,4,2,0,4,0,2,1,1,1,2,0,0
1692,1001,Bi|Pt|Sb,3,2,3,4,2,3,2,2,4,4,0,1
1693,1002,Fe|Lu|Sc|Si,0,0,1,3,2,1,2,4,1,2,2,3
1694,745,Nb|Pb|S,4,0,1,2,2,2,2,4,2,4,0,3
1695,1003,Ba|Pt|Si,0,0,3,0,4,0,2,4,1,4,0,2
1696,153,Ba|Cu|Ni|O|Y,1,4,4,4,2,1,2,4,0,1,3,1
1697,1004,Ge|Ni|Pd|Sr,1,4,0,0,2,4,3,2,4,4,4,1
1698,42,Cu|La|O|Sr|Zn,1,2,4,4,3,1,3,3,1,3,4,1
1699,1005,La|Ni|P,4,0,2,2,3,2,3,4,0,4,3,2
1700,93,La|Ru,1,4,1,0,3,4,2,2,1,4,3,3
1701,1006,Cu|Rh|Se|Sn,0,4,2,1,2,3,2,2,3,3,1,1
1702,689,Ba|Bi|K|O|Pb,1,2,1,2,1,3,2,2,0,4,4,0
1703,1007,B|La|N|Pt,3,4,3,3,0,1,3,0,0,1,4,3
1704,242,Ba|Cu|La|O|Sr,2,0,1,1,4,2,1,4,3,1,1,4
1705,167,Ir|Lu|Sc|Si,0,3,2,4,4,3,2,2,1,4,0,2
1706,1008,As|Ba|Fe|Ir,1,2,3,1,1,3,0,4,2,3,2,1
1707,434,Re|Ta,1,2,2,4,4,0,4,3,0,3,0,1
1708,1009,Ba|Cu|Dy|Fe|O|Sr,2,0,1,4,1,4,2,3,3,2,3,4
1709,605,Ba|Cu|O|Pr|Sr|Yb,1,4,0,3,1,2,3,3,1,4,1,4
1710,1010,K|Mo|S,1,1,0,4,4,2,1,0,2,0,3,0
1711,224,Ce|Cu|La|Nd|O,3,0,0,4,2,0,4,0,1,1,3,2
1712,1011,Ce|Ga|V,4,4,1,0,0,1,1,3,1,4,2,0
1713,5,Al|Ga|V,3,2,3,4,0,2,3,4,0,3,2,2
1714,671,Ge|Mo,3,4,0,0,1,1,1,2,4,1,0,1
1715,65,Ba|Bi|K|O,3,2,0,2,0,0,1,0,1,0,3,3
1716,1012,Ba|C|Cu|N|O|Sr|Tl,2,1,1,0,3,3,4,1,0,3,3,3
1717,1013,Al|Nb,1,0,2,4,2,3,4,1,4,0,2,0
1718,911,Ba|Cu|Lu|O|Pr,2,3,0,2,0,3,1,0,0,2,3,3
1719,351,Ba|Cu|Hg|O,0,1,0,3,3,4,3,2,1,4,3,2
1720,1008,As|Ba|Fe|Ir,1,2,3,1,1,3,4,0,3,2,2,1
1721,317,Ba|Cu|O|Sm|Zn,4,0,4,0,0,1,2,2,3,2,4,1
1722,246,Bi|K|O,0,4,4,1,0,3,1,4,2,2,0,3
1723,675,Ba|Cu|O|Sm,0,0,0,2,2,0,3,1,2,2,0,0
1724,524,Os|Re,2,3,4,2,4,3,4,3,4,3,3,3
1725,964,Hf|Nb,3,1,4,0,4,1,4,3,3,3,1,1
1726,533,Ge|La|Ni,4,0,1,4,1,3,0,4,3,0,3,1
1727,1014,Bi|Ce|Pb|Te,0,0,3,2,0,2,2,2,1,2,2,1
1728,1015,As|F|Fe|O|P|Sm,3,0,1,2,2,1,2,1,2,3,4,1
1729,224,Ce|Cu|La|Nd|O,3,0,0,4,2,0,0,0,3,0,1,2
1730,559,B|C|Mg,0,3,1,1,2,2,0,2,2,2,4,3
1731,1016,Ba|Cu|Mo|O|Sr|Y,0,3,1,4,3,0,4,0,3,3,3,3
1732,1017,Ba|Ca|Cu|Lu|O,1,0,2,3,3,0,2,1,2,1,4,4
1733,1018,La|Mo|Se,2,1,4,2,3,3,1,4,3,2,4,4
1734,1019,Ce|Cu|La|O,0,3,4,3,4,1,4,3,0,0,0,0
1735,276,Ca|Cu|O|Sr,0,0,3,4,4,0,2,1,2,1,3,0
1736,1020,Ge,2,4,0,3,0,0,2,2,0,1,2,2
1737,457,Ca|Cu|La|O|Sr,0,0,1,2,2,2,2,3,0,3,0,1
1738,1021,Ca|O|Sr|Ti,2,2,0,1,3,0,0,2,4,4,0,3
1739,749,C|Ca|Cu|O|Sr|Y,2,4,1,1,1,4,3,0,3,3,4,4
1740,1022,F|Li|O|Rb|W,1,4,4,1,3,0,4,0,2,0,3,2
1741,542,Bi|Cu|La|O|Sr,1,3,4,1,2,1,1,4,1,3,0,2
1742,1023,Ce|Pr|Ru,0,0,3,2,4,2,2,3,1,2,0,4
1743,286,Ba|Cu|O|Pr|Y,3,1,2,0,3,0,1,2,3,0,4,3
1744,1024,C|Mo|Ru,3,3,3,4,4,4,3,3,2,0,3,1
1745,1025,Ga|Mn|Nb,1,1,4,0,2,4,4,1,3,1,0,2
1746,552,Ba|Cu|O|Y|Yb,2,3,4,2,2,4,0,2,2,1,3,0
1747,348,B|C|Lu|Ni,1,4,1,3,3,4,4,3,3,1,4,1
1748,114,Cu|O|Sr|Y,4,3,4,2,2,3,1,1,1,3,4,4
1749,207,Ce|La,4,4,2,3,2,4,3,0,3,3,2,2
1750,1026,Bi|Nd|Ni,1,2,0,2,0,4,0,1,4,0,1,0
1751,42,Cu|La|O|Sr|Zn,1,2,4,4,3,1,0,2,0,4,2,1
1752,142,Br|C|I|Y,2,2,2,0,2,4,2,3,0,3,4,0
1753,89,In|Pb|Sn|Te,1,2,1,2,3,2,0,0,4,4,2,1
1754,1027,C|Y|Zr,3,0,1,2,0,3,1,3,2,2,0,3
1755,382,Bi|Ca|Cu|Hg|O|Sr,1,3,0,1,2,0,1,1,0,0,4,0
1756,1028,Fe|K|S|Se,2,4,1,1,0,0,0,1,2,0,2,0
1757,351,Ba|Cu|Hg|O,0,1,0,3,3,4,3,3,2,1,3,2
1758,1029,Ce|La|Sn,3,2,3,4,3,0,4,1,1,4,3,3
1759,558,Br|C|Cl|Y,3,1,0,2,0,3,1,1,4,2,1,2
1760,564,Mo|S|Se,1,1,4,1,3,3,2,2,1,2,4,4
1761,1030,P|Pd,1,1,1,4,2,4,1,2,4,4,4,3
1762,64,Ba|Cu|O|Y|Zn,1,1,2,4,3,2,3,1,2,1,4,1
1763,152,Ba|Cu|O|Sr|Y,2,2,4,0,3,2,2,4,0,0,0,0
1764,1028,Fe|K|S|Se,2,4,1,1,0,0,2,1,0,0,4,0
1765,251,Mo|Ti,2,1,3,3,4,3,0,3,4,1,0,0
1766,1031,Ce|Ru|Y,0,3,4,1,1,1,0,2,2,3,1,0
1767,955,Ir|Ru,2,2,0,0,3,1,3,3,1,1,4,2
1768,29,Ca|Hg,3,3,3,4,4,0,1,1,3,4,2,2
1769,1032,Ba|Cu|Dy|Fe|O,4,1,0,3,1,3,3,4,3,0,3,2
1770,9,Nb|Sn|Tl,3,0,3,4,4,4,3,2,4,1,2,2
1771,1033,As|Fe|O|Pr|Sb|Sr,2,4,4,4,4,1,2,2,3,3,4,1
1772,54,Nb|Ta,1,2,0,0,3,2,2,3,2,1,2,0
1773,1034,In|S|V,1,3,2,3,2,4,4,1,3,0,0,4
1774,1035,As|La|Ni|O,0,3,2,3,0,1,1,3,4,4,4,1
1775,1036,Ru|Si|Y,4,2,0,1,1,2,0,4,2,2,4,0
1776,1037,As|Ce|Co|Fe|H,1,1,2,3,0,2,4,2,1,2,1,3
1777,1038,C|H|K|N,1,0,1,2,1,4,4,0,2,0,1,2
1778,651,Ir|Os|Rh,0,1,4,2,4,2,2,4,0,3,0,1
1779,1039,B|C|Ni|Ru|Y,4,2,1,3,4,2,4,3,4,3,2,3
1780,1040,Ge|Te,2,4,2,2,1,0,3,3,3,4,0,2
1781,1041,Ce|Si|V,4,0,0,0,1,3,4,3,2,2,4,4
1782,1042,Co|Pd|Sb,0,0,4,2,0,1,4,3,3,4,4,3
1783,428,Ba|Cu|O|Sr|Yb,1,4,0,4,3,2,0,3,1,2,1,4
1784,1043,Pt|Si|Ta,4,0,1,3,0,3,2,2,4,1,2,4
1785,323,B|Mg|Na,0,4,2,1,3,0,0,2,1,3,4,3
1786,486,Ba|Ca|Cu|Nd|O|Pr,1,1,1,2,1,0,3,4,4,2,3,2
1787,298,As|Fe|H|O|P|Sm,3,0,2,4,1,2,3,3,1,1,3,4
1788,379,Ce|In|Ir|Rh,0,1,4,3,1,0,1,3,2,3,3,4
1789,1044,Fe|Rb|Se|Tl,4,0,0,2,1,3,0,2,1,2,4,4
1790,1045,Ni|Se|Tl,4,2,0,4,4,1,2,0,3,3,1,4
1791,1046,B|C|Lu|Ni|V,1,4,4,1,0,1,1,2,3,3,3,4
1792,473,Ba|Ca|Cu|O|Sr|Yb,2,2,0,1,4,2,4,3,0,4,1,2
1793,542,Bi|Cu|La|O|Sr,1,3,4,1,2,1,2,1,4,1,4,2
1794,46,As|Ba|Co|Fe|Zn,1,3,3,2,1,3,3,2,1,3,3,3
1795,1047,Ba|Ca|Cu|Dy|O|Zn,2,0,3,4,1,4,3,4,2,1,0,0
1796,1048,C|Rb,3,4,3,2,1,1,1,3,0,0,2,1
1797,905,Cu|La|Nd|O,0,1,4,3,2,3,1,1,1,4,1,1
1798,1049,C|Cu|La|Ni,2,1,4,4,1,1,3,4,3,3,3,4
1799,1050,Ba|Ca|Cu|Ho|O,2,2,0,1,2,4,4,4,1,1,4,4
1800,1051,Al|Ta,2,0,1,2,1,4,2,2,0,2,0,1
1801,64,Ba|Cu|O|Y|Zn,1,1,2,4,3,2,3,3,1,1,4,1
1802,79,Fe|Se|Te,4,3,3,0,1,3,4,2,4,0,1,0
1803,1052,Cu|Mn|Zr,1,0,4,4,0,3,3,4,2,2,0,3
1804,1,Ba|Ca|Cu|La|O,0,0,1,3,2,4,1,1,1,3,3,0
1805,1053,Li|Nb|O,0,4,2,3,2,4,4,4,0,3,4,2
1806,49,Ba|Cu|La|O,3,0,2,4,3,0,2,0,1,2,0,3
1807,1054,Be|Mg|Re,3,1,2,2,2,4,4,2,0,2,3,3
1808,1055,Co|Ga|Zr,1,1,3,2,0,1,1,3,3,1,0,1
1809,1056,Ge|In|Sn|Te,2,1,3,1,3,0,2,0,3,4,2,4
1810,64,Ba|Cu|O|Y|Zn,1,1,2,4,3,2,3,0,1,0,4,1
1811,1057,Bi|C|Cu|O|Sr,4,3,3,4,1,2,1,3,2,1,4,4
1812,721,Ga|Nb|Sn,0,2,4,2,3,2,1,1,0,4,0,1
1813,1058,Tc|W,1,2,1,3,4,2,1,1,0,4,2,4
1814,1059,H|Si,4,1,2,3,0,0,2,0,1,4,3,0
1815,54,Nb|Ta,1,2,0,0,3,2,1,1,0,4,2,0
1816,139,Al|B|Mg,1,1,3,4,1,1,2,4,0,3,3,1
1817,10,Cu|La|O|Pb|Sr,3,0,0,3,2,2,0,2,1,0,4,3
1818,1060,As|Fe|Ir|Sr,3,3,1,3,1,3,0,1,0,1,3,1
1819,45,Ca|Cu|La|O,1,2,0,2,3,1,1,2,3,4,3,0
1820,1061,Ba|Ca|Cu|La|O|Pr,0,0,4,1,0,1,4,0,3,0,1,4
1821,167,Ir|Lu|Sc|Si,0,3,2,4,4,3,4,1,3,1,4,2
1822,1062,Ce|Co|In|Yb,3,1,4,2,4,3,3,1,3,1,3,4
1823,11,Ba|Cu|Nd|O,4,1,1,2,1,1,4,3,4,4,3,4
1824,32,Ce|Cu|Gd|Nd|O,4,3,1,4,4,4,1,4,4,2,4,4
1825,139,Al|B|Mg,1,1,3,4,1,1,3,1,3,2,4,1
1826,861,Ba|Cu|O|Y|Zr,1,1,2,0,2,0,0,2,3,0,0,1
1827,980,Ba|Cu|Er|Hf|O,2,1,4,3,0,2,4,2,4,4,1,3
1828,429,Cu|La|Ni|O|Sr,0,4,1,1,3,1,2,0,3,3,0,0
1829,272,B|C|La|Lu|Ni,2,2,4,1,0,4,0,2,2,0,4,3
1830,1063,B|Gd|Rh|Y,2,0,4,1,2,4,0,0,1,3,4,1
1831,232,C|Ho|Th,4,1,4,1,1,1,1,2,1,0,2,1
1832,152,Ba|Cu|O|Sr|Y,2,2,4,0,3,2,1,3,1,1,2,0
1833,1064,Ba|Ca|Cu|Li|O|Si|Tl,1,3,0,4,4,2,1,3,2,0,3,0
1834,1065,La|Pd,2,0,1,0,0,1,2,4,1,1,3,2
1835,431,Sn|V,0,3,4,0,3,0,1,2,2,3,3,1
1836,736,B|Li|Ni|Pd,2,4,1,0,3,1,2,3,1,4,4,4
1837,1066,Au|Ce|Si,0,3,2,2,2,3,1,1,1,4,2,3
1838,22,Ba|Co|Cu|O|Y,3,0,2,2,0,4,4,4,2,4,0,3
1839,74,Ba|Cu|La|O|Y,2,3,3,3,3,1,2,3,2,1,3,2
1840,1067,C|Rh|Ta,2,2,4,2,2,2,2,0,1,1,1,4
1841,591,Fe|Mo,1,4,4,2,0,4,4,4,0,3,4,2
1842,514,Bi|In,3,0,1,2,2,2,0,3,2,0,2,0
1843,1068,B|Be|Mg,2,0,0,2,3,3,2,4,1,2,0,2
1844,12,Ba|Ca|Cu|O|Y,3,3,3,3,4,4,3,4,2,4,1,3
1845,1069,Fe|Se|Tl,4,2,2,0,0,2,0,2,3,2,3,0
1846,142,Br|C|I|Y,2,2,2,0,2,4,3,4,1,4,4,0
1847,1,Ba|Ca|Cu|La|O,0,0,1,3,2,4,4,0,3,2,2,0
1848,182,La|Y,2,0,1,3,4,0,1,3,3,4,4,1
1849,786,B|Ir|Mg,2,4,2,0,3,2,3,3,3,4,0,1
1850,742,Si|V,1,3,3,2,3,0,1,3,0,3,1,2
1851,1070,As|Fe|Gd|O,4,0,0,4,0,4,4,0,3,4,2,1
1852,610,C|Mo,2,1,0,2,2,3,0,1,2,0,4,1
1853,216,Cu|La|O|Sr,4,4,1,1,0,1,3,2,2,3,1,4
1854,24,Cu|La|Mn|O|Sr,4,4,2,4,3,1,0,1,2,0,0,1
1855,10,Cu|La|O|Pb|Sr,3,0,0,3,2,2,0,2,1,4,2,3
1856,1028,Fe|K|S|Se,2,4,1,1,0,0,0,0,4,2,1,0
1857,1071,Si|Y,0,4,1,4,3,2,2,0,1,0,4,1
1858,86,Ba|Cu|O|Y,4,4,4,2,0,4,4,2,4,3,0,4
1859,242,Ba|Cu|La|O|Sr,2,0,1,1,4,2,2,1,3,1,1,4
1860,1072,Nb|Si|V,0,3,4,1,1,3,3,2,4,2,2,2
1861,1073,Cr|Mo,0,2,1,4,2,4,0,3,0,3,4,1
1862,681,Ir|Rh|Te,1,3,0,0,4,0,4,2,3,0,1,2
1863,1,Ba|Ca|Cu|La|O,0,0,1,3,2,4,4,3,1,2,3,0
1864,967,As|F|Fe|Nd|O,3,4,4,3,0,2,2,4,0,4,0,4
1865,158,Ga|Mo,1,1,2,0,3,1,2,3,4,1,4,2
1866,1074,Ir|Ta,2,1,1,2,2,2,1,3,1,2,4,0
1867,1075,Ba|Ca|Cu|Hg|Nd|O,2,3,4,2,1,3,2,4,1,1,2,3
1868,1076,Pb|Sn,3,2,4,1,4,2,1,0,3,2,3,0
1869,817,Ce|Cu|Gd|O|Sm,1,1,0,4,3,4,0,2,3,4,0,2
1870,1077,Ba|Cu|La|O|Zn,0,0,1,0,4,3,0,4,4,4,3,0
1871,907,C|N|Na,1,3,4,0,1,2,4,3,0,2,3,1
1872,1078,Ga|Nb|Ni|Zr,3,0,3,0,4,4,0,3,4,2,3,3
1873,283,Ba|Ca|Cu|La|Mo|Nd|O,3,1,2,2,1,1,4,1,0,1,3,4
1874,145,Ba|Cu|Dy|O,2,1,4,1,3,4,1,3,4,3,3,2
1875,166,Ce|La|Ru,3,4,1,1,0,3,2,1,2,0,0,1
1876,1079,Ca|Cu|Gd|O|Ru|Sr,0,0,2,2,2,2,4,4,4,1,1,4
1877,1080,Al|Mo|Pd,3,2,1,1,4,4,3,2,0,4,0,0
1878,86,Ba|Cu|O|Y,4,4,4,2,0,4,3,3,3,0,2,4
1879,1081,Sb|Si|V,2,0,2,2,3,0,1,1,0,3,1,0
1880,60,As|Fe|La|O|Y,0,3,2,0,3,1,4,4,3,0,4,4
1881,1082,B|Nb|Si,2,2,2,2,0,4,2,2,0,1,3,2
1882,42,Cu|La|O|Sr|Zn,1,2,4,4,3,1,4,1,1,3,3,1
1883,89,In|Pb|Sn|Te,1,2,1,2,3,2,3,1,4,2,2,1
1884,292,Ba|Cu|Fe|O|Y,0,4,0,1,4,3,1,2,1,3,4,4
1885,1083,Ca|Cu|Hg|Mo|O|Sr,0,1,2,0,0,4,4,0,3,4,0,3
1886,1040,Ge|Te,2,4,2,2,1,0,3,2,3,0,2,2
1887,1084,Au|In|Pd|Y,3,0,2,3,4,2,1,4,0,4,3,4
1888,1085,Bi|Ca|Cu|Ni|O|Sr,3,4,2,4,1,3,1,4,1,2,2,0
1889,366,As|Ba|Fe|Ni,0,1,0,4,4,3,2,2,4,4,4,1
1890,1086,As|W,3,1,2,3,4,3,4,0,1,0,1,2
1891,12,Ba|Ca|Cu|O|Y,3,3,3,3,4,4,2,2,3,1,3,3
1892,1087,Ce|Ge|Rh,0,1,1,0,1,2,0,0,2,4,4,1
1893,1088,Ga|In|V,4,2,4,2,1,4,1,0,3,4,4,2
1894,1089,Ta|Ti,1,3,1,0,1,2,2,2,2,4,0,2
1895,187,C|La|Ni|Th,1,2,0,4,3,4,3,3,4,3,0,3
1896,1090,Al|B|Nb,3,4,3,2,2,0,4,0,3,4,3,0
1897,759,Bi|Ca|Ce|Cu|O|Sr,1,2,3,2,1,0,4,0,4,1,4,4
1898,1091,As|Nb|Sn,0,2,2,3,2,1,3,0,0,4,3,1
1899,323,B|Mg|Na,0,4,2,1,3,0,0,2,4,3,0,3
1900,431,Sn|V,0,3,4,0,3,0,1,3,2,4,0,1
1901,1092,Ce|Gd|Ru,2,3,3,1,1,4,4,4,0,1,0,0
1902,1093,Hg|Li,3,0,2,4,1,3,3,0,3,1,2,3
1903,449,B|C|Co|Ho|Ni,4,4,3,4,3,0,4,0,2,3,1,3
1904,956,Ba|Cu|Eu|O|Pr,0,4,4,1,3,3,1,1,3,1,4,3
1905,938,As|Fe|La|O|Zn,2,0,3,4,1,4,3,2,4,1,2,4
1906,236,Ba|Cu|O|Tm,4,3,1,0,0,1,0,1,1,4,0,3
1907,44,Cu|La|Nd|O|Sr,3,0,2,3,4,2,3,2,4,0,1,0
1908,1037,As|Ce|Co|Fe|H,1,1,2,3,0,2,3,4,2,4,1,3
1909,1094,Be|Ru,2,0,1,3,2,1,4,1,4,2,2,0
1910,139,Al|B|Mg,1,1,3,4,1,1,1,1,0,3,3,1
1911,263,Ga|Nb,3,0,4,0,0,4,0,0,0,0,2,4
1912,205,Ba|Ca|Cu|Gd|In|La|O|Sr,3,2,0,3,1,4,1,0,0,1,1,4
1913,1095,B|Sc,3,0,4,0,2,4,4,2,2,3,1,2
1914,1096,Cs|Fe|Se,4,2,4,3,2,2,0,3,3,0,3,2
1915,1097,Er|Pd|Sn|Y,0,2,3,0,0,4,0,0,0,0,1,4
1916,383,Al|Nb|Sn,3,2,0,2,4,4,1,1,3,1,0,0
1917,1098,As|Eu|Fe|P,4,0,1,2,3,2,1,1,4,4,4,2
1918,570,In|Sn|Te,4,0,3,1,2,1,4,2,3,1,1,4
1919,1099,Ba|Ca|Co|Cu|Er|O|Sr,4,0,4,4,0,1,3,2,0,3,1,2
1920,45,Ca|Cu|La|O,1,2,0,2,3,1,1,4,1,0,0,0
1921,1100,As|Ba|Fe|P,1,0,1,4,3,0,0,2,2,0,2,3
1922,1101,Cr|Fe|K|Se,0,1,3,0,3,0,2,2,3,2,0,1
1923,1102,Ag|La,0,3,1,0,1,4,4,4,3,3,1,0
1924,1103,P|Rh|Ru,1,1,3,2,4,4,4,1,0,1,0,2
1925,840,Ba|Cu|Nd|O|Sr,2,1,1,1,2,2,4,1,3,2,1,3
1926,65,Ba|Bi|K|O,3,2,0,2,0,0,2,3,4,3,0,3
1927,1104,Ca|Cu|Ho|O|Pb|Sr,1,4,1,1,2,4,2,3,1,0,1,0
1928,64,Ba|Cu|O|Y|Zn,1,1,2,4,3,2,1,2,2,0,1,1
1929,119,As|F|Fe|La|O,3,1,1,1,3,4,4,1,1,4,2,2
1930,680,Al|Pd|U,0,4,1,4,1,4,3,0,1,2,1,3
1931,1105,Mo|Pr|S,3,1,2,3,1,4,1,3,2,1,4,4
1932,192,Nb|Ta|Ti,2,0,0,2,0,4,4,0,0,4,2,0
1933,79,Fe|Se|Te,4,3,3,0,1,3,2,0,2,4,4,0
1934,1106,B|Rh|Y,4,1,4,0,3,3,3,4,0,2,4,3
1935,1107,Cu|S|Se,4,4,4,1,1,1,3,1,1,2,1,4
1936,507,Ba|Cu|H|O|Y,2,1,2,4,1,2,1,0,0,4,2,2
1937,1108,Ce|Cu|O|Pr,2,0,2,2,4,1,3,0,4,3,3,0
1938,366,As|Ba|Fe|Ni,0,1,0,4,4,3,4,2,3,3,3,1
1939,1109,Be|Ir,0,0,2,4,1,0,1,0,0,3,1,1
1940,473,Ba|Ca|Cu|O|Sr|Yb,2,2,0,1,4,2,1,4,4,0,0,2
1941,395,Ba|Bi|K|O|Pr,3,3,3,4,4,3,0,0,3,0,3,4
1942,968,Be|Cu,1,3,1,3,4,0,1,3,1,2,2,2
1943,242,Ba|Cu|La|O|Sr,2,0,1,1,4,2,1,3,4,3,4,4
1944,605,Ba|Cu|O|Pr|Sr|Yb,1,4,0,3,1,2,1,1,1,1,0,4
1945,1110,Fe|H|Li|Se,1,0,4,3,2,0,3,1,0,1,4,0
1946,1111,Cu|La|O|Sr|Y,2,4,4,1,0,4,1,1,0,2,1,4
1947,339,Ir|Zr,1,3,3,2,0,4,3,1,2,1,0,4
1948,97,As|Co|Eu|Fe|Sr,2,1,3,4,1,3,2,4,0,1,3,0
1949,1112,B|C|Co|Dy|Ni,4,4,2,4,2,1,2,2,3,4,2,3
1950,1113,Ca|Cu|O|Sr|Th|Tl,2,4,4,3,0,1,4,2,1,4,4,0
1951,1114,B|Nb|Ru,3,0,1,0,4,2,3,2,3,1,3,3
1952,888,As|Co|Fe|Sr,1,4,2,2,1,2,2,4,3,4,2,2
1953,1115,Ba|Cu|Er|O|Sr,4,2,2,3,1,0,1,0,4,4,2,2
1954,190,La|Th,4,2,1,4,3,4,2,1,3,3,3,1
1955,669,Cu|Se|Ti,1,3,2,3,1,1,1,1,3,4,0,1
1956,1116,Ge|Pd|Si|Sr,2,2,3,0,3,1,3,0,0,3,2,0
1957,1017,Ba|Ca|Cu|Lu|O,1,0,2,3,3,0,1,4,1,2,3,4
1958,343,As|Ca|Fe|Pt,0,4,4,2,2,3,1,0,1,0,2,1
1959,469,Ba|Ca|Cu|Gd|Hf|O,4,4,4,3,0,2,2,0,1,2,0,1
1960,211,Mo|U,1,2,2,1,0,3,2,2,3,4,1,0
1961,684,Ba|Ca|Cu|Hg|O,0,1,4,0,4,3,0,0,4,2,4,4
1962,1117,Cd|Hg,0,2,0,4,0,2,4,2,1,3,3,4
1963,817,Ce|Cu|Gd|O|Sm,1,1,0,4,3,4,4,0,2,3,2,2
1964,286,Ba|Cu|O|Pr|Y,3,1,2,0,3,0,4,3,2,0,3,3
1965,1118,Ce|Cu|Nd|O|Zn,3,0,2,0,3,2,2,4,3,3,1,2
1966,1119,Co|Rh|U,0,2,3,4,1,3,4,0,2,0,2,1
1967,1120,Cr|Rh,4,2,0,3,0,0,4,0,4,2,4,0
1968,12,Ba|Ca|Cu|O|Y,3,3,3,3,4,4,4,4,2,0,2,3
1969,153,Ba|Cu|Ni|O|Y,1,4,4,4,2,1,0,4,1,0,1,1
1970,1121,Lu|Pb|Pd,1,3,4,3,3,2,0,3,2,0,3,0
1971,869,C|Ge|Y,1,4,4,4,2,2,4,2,0,3,0,4
1972,1122,Ba|Ca|Cu|Fe|O|Tl,2,1,2,4,0,1,1,1,2,2,4,4
1973,605,Ba|Cu|O|Pr|Sr|Yb,1,4,0,3,1,2,4,1,4,4,4,4
1974,752,Gd|La|Sn,4,1,3,2,2,4,2,2,3,4,2,0
1975,1123,Cr|Ti,1,3,2,0,1,1,2,1,0,1,1,1
1976,1124,Mo|Se|Sn,1,3,2,0,2,2,2,4,2,0,0,4
1977,1125,Al|Au|Ga,1,3,2,1,1,0,1,2,3,1,1,3
1978,1126,Nb|Si|Ti,2,2,1,4,2,2,0,3,0,2,0,2
1979,11,Ba|Cu|Nd|O,4,1,1,2,1,1,2,4,4,2,2,4
1980,1127,Al|Ti|V,0,1,3,0,0,2,3,4,1,1,2,2
1981,1128,Ga|Ge|Sr,3,3,1,1,2,3,4,3,4,3,3,0
1982,604,Ga|Si|V,3,4,2,4,0,1,2,4,2,1,1,3
1983,11,Ba|Cu|Nd|O,4,1,1,2,1,1,2,4,4,1,2,4
1984,333,C|Er|Th,4,0,4,2,3,0,0,1,4,4,3,1
1985,1129,B|C|Gd|Lu|Ni,1,0,1,3,3,3,1,3,0,3,0,3
1986,286,Ba|Cu|O|Pr|Y,3,1,2,0,3,0,1,0,1,3,2,3
1987,507,Ba|Cu|H|O|Y,2,1,2,4,1,2,3,0,0,0,1,2
1988,92,As|Ba|Co|Fe|Mn,0,0,4,4,2,2,2,0,0,2,2,2
1989,22,Ba|Co|Cu|O|Y,3,0,2,2,0,4,3,0,4,2,4,3
1990,79,Fe|Se|Te,4,3,3,0,1,3,3,0,1,0,4,0
1991,1130,C|Ge|La,4,4,3,1,0,3,3,2,3,0,1,2
1992,684,Ba|Ca|Cu|Hg|O,0,1,4,0,4,3,0,2,2,0,1,4
1993,292,Ba|Cu|Fe|O|Y,0,4,0,1,4,3,2,1,1,0,4,4
1994,251,Mo|Ti,2,1,3,3,4,3,1,3,3,0,0,0
1995,1131,Ba|Ca|Cu|Li|O|Tl,0,4,0,1,2,0,1,1,3,3,3,3
1996,510,Ba|Cu|O|Yb,2,3,1,1,1,1,3,4,1,1,3,1
1997,1132,B|Mg|Sc,0,2,0,3,1,2,0,4,1,4,0,4
1998,689,Ba|Bi|K|O|Pb,1,2,1,2,1,3,3,2,2,1,2,0
1999,557,As|Ca|Fe|Na,0,1,1,0,0,3,1,2,0,0,1,3
2000,703,C|Mg|Ni,3,1,1,4,1,0,2,0,1,2,3,2
2001,216,Cu|La|O|Sr,4,4,1,1,0,1,2,1,3,3,2,4
2002,1133,Ga|Ir,1,4,4,2,2,0,1,4,2,1,4,4
2003,196,La|Os|Pr|Sb,0,0,1,4,4,4,4,4,0,2,0,3
2004,1134,Ba|Ca|Cu|Ga|O|Sr|Y,4,4,2,0,3,2,0,2,1,0,4,4
2005,1135,Co|Rh|Sn|Tm,3,2,1,3,3,4,3,0,1,0,4,0
2006,204,Cu|La|O|Pr|Sr,1,1,2,0,1,0,1,3,1,4,0,0
2007,1136,Mo|Se,2,1,1,1,0,1,0,1,3,3,3,3
2008,1137,Ca|Cl|Cu|Na|O,2,2,4,3,3,0,3,1,0,0,1,1
2009,1044,Fe|Rb|Se|Tl,4,0,0,2,1,3,1,3,3,2,3,4
2010,1,Ba|Ca|Cu|La|O,0,0,1,3,2,4,3,1,3,1,1,0
2011,1138,Tl|Y,2,1,0,4,4,4,2,2,2,3,2,0
2012,1139,B|Co|Mg,1,0,2,0,2,3,1,0,3,1,2,2
2013,168,Cu|La|O,0,4,4,4,1,3,2,3,0,1,4,0
2014,739,Ca|Cu|O|Pb|Sr|Y,1,4,3,0,4,2,2,1,1,1,0,3
2015,416,As|Ba|Co|Fe,3,2,2,4,2,1,4,1,1,4,2,3
2016,473,Ba|Ca|Cu|O|Sr|Yb,2,2,0,1,4,2,0,0,4,2,0,2
2017,1140,As|Co|F|Fe|Nd|O,3,1,0,2,3,2,0,2,4,2,1,3
2018,1141,B|Si|Ta|W,3,4,0,2,0,1,3,1,1,0,2,1
2019,1036,Ru|Si|Y,4,2,0,1,1,2,2,0,0,2,2,0
2020,826,Pd|Ti,1,0,3,0,4,1,2,4,3,0,1,1
2021,1142,Ge|Pd|Y,4,2,1,1,2,0,0,0,3,0,3,1
2022,11,Ba|Cu|Nd|O,4,1,1,2,1,1,4,3,4,3,2,4
2023,1143,Ca|Cu|Hg|Nd|O|Sr|V,4,3,0,2,4,1,4,1,3,2,4,2
2024,6,Co|Cu|La|O|Sr,1,1,0,1,0,4,2,3,1,2,4,3
2025,915,Sb|Sn,1,2,4,3,0,3,2,0,1,4,1,1
2026,1144,C|Cu|Mg|Ni,1,4,0,2,2,3,2,4,2,4,0,0
2027,152,Ba|Cu|O|Sr|Y,2,2,4,0,3,2,2,0,1,4,3,0
2028,1056,Ge|In|Sn|Te,2,1,3,1,3,0,4,0,4,2,3,4
2029,32,Ce|Cu|Gd|Nd|O,4,3,1,4,4,4,1,3,4,3,1,4
2030,1145,B|W,1,2,1,0,2,3,0,0,0,3,2,3
2031,1146,Ba|Cu|Hg|O|Tl,2,2,2,0,4,4,0,2,2,2,1,0
2032,1147,Co|Ru,2,1,1,4,3,1,1,2,1,3,0,3
2033,329,Hg|Tl,0,4,1,1,4,4,0,4,1,0,2,3
2034,207,Ce|La,4,4,2,3,2,4,0,2,2,1,1,2
2035,724,Au|Pd|Te,3,2,0,2,1,2,2,4,3,4,2,4
2036,1148,B|C|Fe|Ho|Ni,3,1,2,0,3,0,1,1,0,0,1,4
2037,1149,Co|Ni|Zr,2,4,0,4,3,0,2,1,0,2,3,2
2038,559,B|C|Mg,0,3,1,1,2,2,2,0,0,2,1,3
2039,816,As|F|Fe|La|O|P,4,4,0,1,2,2,2,1,0,4,4,0
2040,0,As|Ba|Fe|K,0,4,2,3,0,4,4,1,2,1,1,1
2041,286,Ba|Cu|O|Pr|Y,3,1,2,0,3,0,1,0,2,1,3,3
2042,216,Cu|La|O|Sr,4,4,1,1,0,1,3,1,2,1,1,4
2043,641,Ir|Si|Th,0,0,2,3,4,2,0,2,3,2,2,0
2044,1056,Ge|In|Sn|Te,2,1,3,1,3,0,1,4,4,1,4,4
2045,1150,Bi|S|Ta,3,2,4,2,2,4,3,1,2,3,4,2
2046,84,H|Pd,0,4,3,0,4,4,4,1,2,3,2,2
2047,789,Cd|Mg,1,2,3,3,4,2,2,4,0,0,0,1
2048,1118,Ce|Cu|Nd|O|Zn,3,0,2,0,3,2,1,0,4,4,4,2
2049,496,In|Pb,4,0,3,1,4,2,1,2,3,3,2,2
2050,1144,C|Cu|Mg|Ni,1,4,0,2,2,3,3,3,4,4,3,0
2051,1151,Cu|Eu|La|O|Sr,2,0,0,4,2,3,4,0,1,3,0,0
2052,912,Fe|Se,0,0,3,4,0,4,0,0,0,3,1,0
2053,936,Nb|Pd|Rh,4,1,0,4,4,1,2,1,3,1,2,0
2054,701,B|C|Mo,2,1,2,2,2,3,0,1,0,2,3,1
2055,1152,Cu|F|Nd|O,1,4,2,2,3,0,1,4,1,0,4,2
2056,199,Al|Si|V,4,4,1,1,1,2,2,2,2,2,0,4
2057,1153,Mn|U,4,4,1,3,2,1,2,2,0,3,0,1
2058,59,Bi|Ca|Cu|O|Sr,2,1,2,3,0,3,2,4,1,3,2,2
2059,703,C|Mg|Ni,3,1,1,4,1,0,1,4,4,4,1,2
2060,46,As|Ba|Co|Fe|Zn,1,3,3,2,1,3,0,3,2,4,4,3
2061,1154,As|F|Fe|O|Sm,3,2,4,3,2,0,3,0,3,0,0,3
2062,86,Ba|Cu|O|Y,4,4,4,2,0,4,0,4,0,3,2,4
2063,1155,Ge|Pt|Y,2,4,4,1,1,3,2,2,0,2,3,0
2064,542,Bi|Cu|La|O|Sr,1,3,4,1,2,1,0,1,2,2,1,2
2065,84,H|Pd,0,4,3,0,4,4,2,0,1,4,0,2
2066,1156,As|Ca|Ce|Fe,2,3,0,2,0,4,3,3,1,0,0,4
2067,594,Cr|Ga|Nb,2,4,3,1,3,0,2,2,4,4,4,4
2068,877,Ba|Cu|Gd|Hf|O,1,3,1,2,0,0,4,2,1,4,4,0
2069,1157,Ir|Mo|Nb|Pt,3,1,2,0,1,1,3,2,1,4,4,0
2070,708,C|Cu|N|O|Sr,4,1,1,2,1,0,0,0,2,4,3,1
2071,753,C|Cu|K|O|Sr,1,3,4,1,4,1,1,4,3,4,4,1
2072,12,Ba|Ca|Cu|O|Y,3,3,3,3,4,4,2,0,0,1,0,3
2073,1134,Ba|Ca|Cu|Ga|O|Sr|Y,4,4,2,0,3,2,4,1,1,1,1,4
2074,62,Al|Ge|Nb,2,3,3,0,1,3,2,4,0,3,0,2
2075,956,Ba|Cu|Eu|O|Pr,0,4,4,1,3,3,1,2,4,0,4,3
2076,286,Ba|Cu|O|Pr|Y,3,1,2,0,3,0,0,2,1,4,4,3
2077,145,Ba|Cu|Dy|O,2,1,4,1,3,4,2,4,1,3,0,2
2078,1158,Er|Pb,0,1,3,1,3,2,2,1,0,3,1,2
2079,1159,Be|Os,0,4,1,0,4,3,3,1,0,0,2,4
2080,286,Ba|Cu|O|Pr|Y,3,1,2,0,3,0,3,0,0,4,3,3
2081,1160,Fe|U,4,0,4,0,3,1,1,1,2,4,4,1
2082,884,Ce|Co|Cu|Nd|O,1,3,4,1,2,4,0,1,2,3,1,0
2083,931,H|Mo|Nb|Pd,2,4,2,3,2,4,4,2,1,1,0,4
2084,1161,Nb|Tc,4,1,2,1,1,1,2,3,3,2,3,2
2085,1162,Eu|Mo|Pb|S,1,4,0,0,0,1,0,4,1,1,4,3
2086,720,C|Y,2,0,1,2,3,4,4,4,4,2,0,0
2087,1163,Au|Nb|V,3,4,1,3,2,2,0,0,3,3,4,0
2088,139,Al|B|Mg,1,1,3,4,1,1,1,1,3,1,2,1
2089,897,Ag|Sn,3,1,4,0,3,1,3,2,3,4,2,4
2090,1164,As|Pb,2,3,1,1,4,1,0,0,1,3,1,4
2091,1137,Ca|Cl|Cu|Na|O,2,2,4,3,3,0,2,4,1,1,4,1
2092,423,Nb|Pd,1,4,4,2,3,0,0,4,4,1,1,4
2093,53,Ga|Si|Sr,1,0,2,4,3,1,4,0,0,3,4,3
2094,57,Ba|Ca|Co|Cu|O|Y,1,1,3,4,0,1,3,3,3,3,1,2
2095,966,As|Co|Fe|La|O,1,1,3,1,0,2,1,0,0,3,2,1
2096,1165,Nd|Os|Pr|Sb,4,2,1,2,1,4,4,0,3,2,3,0
2097,216,Cu|La|O|Sr,4,4,1,1,0,1,1,2,2,4,1,4
2098,570,In|Sn|Te,4,0,3,1,2,1,4,1,2,0,1,4
2099,1166,Re|Si|V,3,2,3,1,4,0,3,3,3,1,1,0
2100,1167,Bi|F|Nd|O|S,3,4,2,0,1,0,2,4,2,3,1,1
2101,1168,Ba|Ca|Cu|Er|O,4,2,4,3,1,1,0,3,1,4,1,1
2102,1169,As|Fe|K|Na,4,3,1,4,0,1,2,0,4,3,2,0
2103,1170,Ce|Gd|Ru|Y,3,2,4,2,0,0,1,0,3,3,3,3
2104,1171,C|Th,0,3,0,1,1,0,1,3,4,4,0,2
2105,873,Ba|Ca|Cd|Cu|La|O,1,4,4,3,4,3,0,3,1,0,3,1
2106,12,Ba|Ca|Cu|O|Y,3,3,3,3,4,4,1,0,2,0,3,3
2107,678,C|La,2,0,0,3,3,2,4,3,3,2,4,0
2108,1172,Bi|La|Ni,2,4,2,4,4,0,2,2,2,4,4,3
2109,216,Cu|La|O|Sr,4,4,1,1,0,1,4,4,0,0,1,4
2110,1173,B|Ce|Os,1,0,0,3,3,0,0,4,3,1,2,1
2111,1174,Ir|Sc,1,0,4,0,0,4,1,4,3,4,1,1
2112,1175,Au|Ga|In,4,2,4,4,2,0,1,3,0,3,0,1
2113,1176,Pt|Ru,0,4,2,1,3,1,1,1,1,1,3,3
2114,1177,Al|Pb,2,4,1,1,0,2,2,2,1,1,0,1
2115,74,Ba|Cu|La|O|Y,2,3,3,3,3,1,2,2,4,1,0,2
2116,1178,Ge|Pr|Pt|Sb,0,3,0,3,4,3,4,0,2,2,1,0
2117,687,Ba|Ca|Cu|Hg|O|Pb,2,0,4,4,1,2,3,3,1,2,3,4
2118,1099,Ba|Ca|Co|Cu|Er|O|Sr,4,0,4,4,0,1,0,3,0,0,1,2
2119,1179,Ba|Cu|Mn|O|Y,1,4,1,3,2,3,0,2,0,1,0,4
2120,981,Si|Ti|V,1,1,2,1,0,2,4,0,1,2,3,4
2121,181,Bi|Ca|Cu|O|Pb|Sr|V,4,3,0,1,2,3,4,4,3,2,0,1
2122,22,Ba|Co|Cu|O|Y,3,0,2,2,0,4,2,1,4,4,1,3
2123,108,As|Ba|Fe|Pd,0,2,0,1,1,4,3,1,0,3,0,4
2124,728,C|Th|Y,4,0,4,1,4,1,1,1,2,0,3,4
2125,126,Bi|Ca|Cu|Nd|O|Pb|Sr,2,4,0,2,0,1,3,4,0,0,0,4
2126,1180,Au|Lu,3,0,3,3,4,0,1,1,0,4,2,4
2127,396,As|F|Fe|La|O|Zn,3,0,0,4,4,4,4,2,1,2,0,0
2128,1181,Be|Si|V,1,3,2,1,1,1,0,0,0,1,2,1
2129,1182,Ba|Cu|Er|O|Pr,3,1,4,2,0,1,4,3,1,3,3,2
2130,972,Al|Gd|La,2,4,1,0,0,4,4,2,1,0,3,1
2131,829,Mo|Nb,4,1,0,0,2,0,1,0,1,0,2,2
2132,1044,Fe|Rb|Se|Tl,4,0,0,2,1,3,3,0,0,3,4,4
2133,1183,B|C|Fe|Ni|Tm,3,1,2,3,0,4,3,1,0,2,4,3
2134,1184,Br|Mo|S,4,0,3,3,4,2,1,1,4,1,4,0
2135,1185,Ir|Nb,1,1,1,2,4,4,3,3,4,1,3,0
2136,1186,Rh|Sr,0,3,0,4,4,0,4,2,1,2,3,1
2137,1187,Ce|Cu|Ge|O|Sr|Y,3,0,4,1,0,2,0,4,2,4,4,3
2138,254,Cu|Fe|O|Sr|Y,4,1,1,3,3,2,4,3,1,3,0,0
2139,423,Nb|Pd,1,4,4,2,3,0,2,1,0,0,1,4
2140,416,As|Ba|Co|Fe,3,2,2,4,2,1,0,0,0,2,2,3
2141,1014,Bi|Ce|Pb|Te,0,0,3,2,0,2,0,2,3,4,0,1
2142,1188,Pd|Si,2,2,1,3,0,2,1,3,0,4,4,4
2143,97,As|Co|Eu|Fe|Sr,2,1,3,4,1,3,0,2,2,1,4,0
2144,1189,Rh|Sn|Tm,0,3,0,1,4,1,3,0,2,3,1,1
2145,1190,Hf|V|Zr,1,1,3,1,4,1,3,0,4,3,2,2
2146,371,In|La|Pr,3,3,3,3,0,4,1,2,2,4,1,2
2147,287,Bi|Pb,3,2,1,1,1,3,3,1,3,0,2,1
2148,136,Nb|Zr,0,4,3,4,3,1,2,4,4,4,1,1
2149,59,Bi|Ca|Cu|O|Sr,2,1,2,3,0,3,1,1,3,3,2,2
2150,126,Bi|Ca|Cu|Nd|O|Pb|Sr,2,4,0,2,0,1,1,1,0,0,3,4
2151,294,Al|As|Ca|Fe|O|Ti,1,2,2,1,3,3,1,1,2,1,3,1
2152,1191,Os|Pr|Sb,1,1,4,3,4,2,0,4,0,1,3,0
2153,1192,Hg|Mg,3,2,4,3,0,4,0,3,2,3,3,3
2154,1193,Bi|Te,4,2,1,3,2,0,0,4,2,0,0,2
2155,79,Fe|Se|Te,4,3,3,0,1,3,3,2,3,0,1,0
2156,1194,Co|Sc,3,4,0,1,0,1,4,2,3,0,1,1
2157,1195,Ba|Ca|Cu|F|O,4,2,2,3,2,3,0,1,3,0,4,3
2158,1196,Bi|Fe,2,0,1,0,2,3,0,0,4,2,2,2
2159,675,Ba|Cu|O|Sm,0,0,0,2,2,0,2,1,3,1,1,0
2160,524,Os|Re,2,3,4,2,4,3,1,4,3,4,2,3
2161,248,C|Hf|Nb,3,0,0,2,1,0,1,0,2,4,4,2
2162,1197,Ge|La|Pd|Ru,1,1,3,4,0,1,0,3,0,0,1,3
2163,416,As|Ba|Co|Fe,3,2,2,4,2,1,4,4,1,2,3,3
2164,117,Cu|V,2,0,3,1,4,4,0,0,3,4,2,0
2165,742,Si|V,1,3,3,2,3,0,2,1,3,1,4,2
2166,1198,Cu|Nb|O|Sr|Y,0,4,3,3,2,4,2,2,0,0,0,4
2167,146,Ba|Cu|Er|O,0,4,2,1,2,2,0,1,1,4,3,0
2168,34,Os|Pr|Ru|Sb,2,2,2,1,0,0,0,1,2,3,1,1
2169,722,Pb|Se|Sn|Ti,3,1,3,4,4,0,3,2,4,4,0,3
2170,1199,Cu|Nd|O|Sr,1,0,3,2,0,0,4,4,4,2,4,2
2171,879,Al|Be|Nb,1,0,4,4,2,0,2,4,1,1,3,2
2172,401,Co|Zr,0,3,3,0,2,1,2,4,4,2,1,4
2173,285,Al|Ge|Nb|Sn,2,1,0,3,1,0,4,3,3,0,0,2
2174,379,Ce|In|Ir|Rh,0,1,4,3,1,0,1,2,4,0,0,4
2175,54,Nb|Ta,1,2,0,0,3,2,0,2,0,3,2,0
2176,1149,Co|Ni|Zr,2,4,0,4,3,0,0,2,0,0,3,2
2177,1200,Mo|Nd|S,4,3,4,2,0,2,0,4,0,3,0,0
2178,1201,Pb|Zr,3,4,0,3,0,1,1,4,3,2,4,4
2179,6,Co|Cu|La|O|Sr,1,1,0,1,0,4,0,1,2,3,0,3
2180,1202,Ir|Ru|Th,0,4,4,1,4,2,2,4,3,3,0,1
2181,1203,Au|Ba,3,0,2,3,1,3,3,0,4,1,3,2
2182,279,C|Ta,1,2,3,2,2,2,1,0,2,4,2,1
2183,1204,Au|Nb,1,4,2,3,0,2,1,2,2,4,4,4
2184,25,B|C|Ho|Ni|Y,0,4,4,4,0,3,2,4,1,3,3,4
2185,773,Al|Ca|Fe|O|P,3,2,0,0,4,4,1,1,0,3,0,4
2186,325,P|S|Zr,3,4,1,3,0,0,2,3,2,0,4,3
2187,440,Ba|Cu|Gd|O,2,1,0,3,0,2,3,2,2,4,3,4
2188,686,Ba|Ca|Cu|O|Pr|Y,1,0,3,3,1,0,3,1,2,2,0,4
2189,1205,Cd|Pd,4,2,0,0,4,2,1,4,4,2,0,3
2190,570,In|Sn|Te,4,0,3,1,2,1,2,3,3,3,4,4
2191,861,Ba|Cu|O|Y|Zr,1,1,2,0,2,0,1,4,0,3,4,1
2192,837,Fe|Ni|Se,3,4,4,2,0,2,1,2,3,3,0,4
2193,1206,Pd|Sb,0,4,2,3,1,3,0,3,1,2,1,3
2194,59,Bi|Ca|Cu|O|Sr,2,1,2,3,0,3,2,2,3,3,1,2
2195,1019,Ce|Cu|La|O,0,3,4,3,4,1,4,0,0,0,0,0
2196,473,Ba|Ca|Cu|O|Sr|Yb,2,2,0,1,4,2,1,1,4,4,3,2
2197,422,Bi|Ca|Cu|O|Pb|Sr,3,0,1,3,0,1,3,2,4,2,0,4
2198,426,Ce|Cu|Nd|Ni|O,4,1,3,1,4,4,3,1,4,2,4,3
2199,521,Nb|Rh,4,2,0,0,1,0,4,4,2,1,4,0
2200,64,Ba|Cu|O|Y|Zn,1,1,2,4,3,2,3,2,0,0,0,1
2201,1207,Ce|Co|In|Ru,3,4,4,2,0,2,1,0,2,1,0,2
2202,507,Ba|Cu|H|O|Y,2,1,2,4,1,2,4,1,3,0,4,2
2203,856,C|Fe|Mg|Ni,1,2,4,0,0,3,3,4,2,4,1,0
2204,1208,Ba|Ca|Cu|Hg|O|W,2,4,1,1,1,1,1,1,1,4,2,1
2205,1209,Mo|Pb|S,4,4,3,2,3,0,4,1,3,2,0,1
2206,655,Cu|La|O|Ru|Sr,2,1,1,0,4,3,0,0,2,1,0,4
2207,1210,Bi|Ce|F|Nd|O|S,4,2,0,3,1,2,2,3,0,3,3,4
2208,54,Nb|Ta,1,2,0,0,3,2,3,3,3,1,4,0
2209,830,Ba|Cu|Er|O|Zn,4,4,3,4,4,1,2,1,2,3,0,3
2210,206,Ir|La,4,1,1,4,1,3,2,0,2,4,1,4
2211,1211,B|La,1,1,3,0,2,1,2,4,2,4,0,3
2212,379,Ce|In|Ir|Rh,0,1,4,3,1,0,1,3,3,1,2,4
2213,477,Nb|Ti|Zr,0,1,1,1,3,3,2,0,3,4,1,3
2214,1212,Ba|Cu|Lu|O,3,1,2,2,1,2,0,4,4,3,2,1
2215,216,Cu|La|O|Sr,4,4,1,1,0,1,2,1,0,2,4,4
2216,1213,Cu|Mo|O|Sr|Y,3,2,2,3,1,3,3,3,3,1,4,0
2217,723,Nb|Sn|Ta,3,1,3,4,3,1,1,1,2,0,1,0
2218,610,C|Mo,2,1,0,2,2,3,1,3,0,0,2,1
2219,1214,Bi|F|O|Pr|S,4,3,4,4,3,4,3,4,2,1,4,3
2220,1215,Au|Ga|Mo,0,4,0,1,4,1,1,3,1,3,1,0
2221,1216,Ba|Cu|La|O|Y|Zn,2,2,0,3,3,4,2,3,3,4,1,2
2222,978,B|Ba|Ca|Cu|O|Sr|Y,3,2,3,3,3,4,4,4,4,3,0,2
2223,640,As|Ba|Fe|Na,4,4,2,3,1,0,1,0,2,0,3,1
2224,1217,B|Ir|Rh|Sc|Y,2,1,0,3,2,3,0,3,0,3,2,3
2225,784,Nb|Re,2,1,0,0,3,1,2,3,3,0,4,4
2226,964,Hf|Nb,3,1,4,0,4,1,4,0,2,2,0,1
2227,248,C|Hf|Nb,3,0,0,2,1,0,0,1,3,0,1,2
2228,49,Ba|Cu|La|O,3,0,2,4,3,0,0,2,3,3,1,3
2229,942,Ce|Cu|O|Sm|Y,3,2,3,1,1,2,1,1,0,3,3,3
2230,943,Ir|Os,0,1,1,2,3,2,3,0,3,0,0,2
2231,356,Mo|Re,4,3,4,1,0,0,3,2,2,4,0,4
2232,1218,B|Mo|Si,4,3,1,2,0,2,2,0,3,4,0,1
2233,129,Ba|Ca|Cu|O|Y|Zn,0,2,4,0,4,4,4,2,1,2,4,4
2234,687,Ba|Ca|Cu|Hg|O|Pb,2,0,4,4,1,2,2,3,1,4,2,4
2235,1219,C|Cs|Na,1,4,3,4,3,0,2,3,2,2,0,3
2236,1098,As|Eu|Fe|P,4,0,1,2,3,2,3,3,3,4,0,2
2237,292,Ba|Cu|Fe|O|Y,0,4,0,1,4,3,1,1,4,3,3,4
2238,64,Ba|Cu|O|Y|Zn,1,1,2,4,3,2,0,4,0,3,2,1
2239,739,Ca|Cu|O|Pb|Sr|Y,1,4,3,0,4,2,3,2,0,3,3,3
2240,1220,Al|Ba|Si,0,2,2,2,3,1,3,3,2,4,4,4
2241,476,Ba|Cu|Ga|O|Y,0,1,1,0,4,0,0,3,1,2,2,1
2242,1025,Ga|Mn|Nb,1,1,4,0,2,4,2,1,4,3,4,2
2243,1221,C|Mo|Zr,0,4,1,2,2,1,2,0,4,4,3,1
2244,97,As|Co|Eu|Fe|Sr,2,1,3,4,1,3,1,4,3,1,3,0
2245,465,As|Ba|Fe|K|Zn,2,0,4,2,3,1,2,0,1,0,4,4
2246,1222,Fe|Se|Sn,3,0,3,3,0,0,4,2,2,0,0,4
2247,1223,Ba|Cu|Dy|O|Pr,2,3,0,0,0,0,0,0,2,2,3,2
2248,1224,B|Mo|Nb,1,1,0,3,0,1,4,1,3,4,0,2
2249,850,Cu|Fe|La|O|Sr,2,0,4,4,0,2,2,1,1,1,0,0
2250,1125,Al|Au|Ga,1,3,2,1,1,0,1,4,1,1,3,3
2251,1225,B|Mo|Zr,0,1,1,4,3,2,4,4,4,1,1,4
2252,436,Ba|Cu|Eu|O|Pr|Sr,4,0,2,2,2,1,0,2,3,2,2,3
2253,273,Bi|Cu|La|O|Pb|Sr,4,4,0,0,0,1,1,1,3,0,4,2
2254,1226,As|Co|Fe|O|Sm,1,2,0,1,3,0,3,2,0,0,0,0
2255,647,Th|U,1,4,3,1,4,4,3,0,4,2,0,3
2256,1050,Ba|Ca|Cu|Ho|O,2,2,0,1,2,4,3,2,4,0,4,4
2257,216,Cu|La|O|Sr,4,4,1,1,0,1,4,0,3,2,1,4
2258,910,Bi|Cu|Se,4,1,4,4,1,3,3,4,1,1,4,2
2259,1227,In|Pd,3,3,1,4,1,3,2,4,0,2,1,4
2260,292,Ba|Cu|Fe|O|Y,0,4,0,1,4,3,0,4,4,3,3,4
2261,1228,Cu|H|La|O|Sr,4,2,0,2,1,4,3,1,2,0,1,2
2262,1229,As|F|Fe|La|O|Y,3,3,3,1,4,1,2,0,0,0,4,2
2263,1230,Au|In|Y,2,1,1,1,3,1,0,1,3,3,2,2
2264,1231,B|Hf|Mo,3,0,1,0,1,1,3,0,1,3,2,2
2265,216,Cu|La|O|Sr,4,4,1,1,0,1,0,3,1,1,3,4
2266,1232,Ce|Cu|Gd|Nb|O|Ru|Sr,2,1,2,4,4,4,2,3,2,3,0,3
2267,1233,N|Ti,3,3,2,3,1,1,1,4,3,2,0,0
2268,201,Ag|B|F|O,4,4,0,2,2,4,1,3,1,1,4,0
2269,1234,La|Lu|Tb,4,2,0,4,1,2,2,4,3,3,0,2
2270,282,B|Cu|Mg,2,4,0,1,4,1,0,2,0,0,1,0
2271,1235,Ba|Ca|Cu|Nd|O,0,1,4,1,0,1,1,0,3,4,1,0
2272,739,Ca|Cu|O|Pb|Sr|Y,1,4,3,0,4,2,0,2,4,2,1,3
2273,1236,Bi|Nb|Se,0,1,1,1,3,0,3,0,0,0,1,1
2274,1237,As|F|Fe|Mn|O|Sm,2,0,0,1,0,4,4,3,1,2,3,0
2275,1238,Ti|V|Zr,4,0,0,4,3,1,1,2,4,3,1,4
2276,37,C|Mo|W,2,1,2,1,2,2,4,3,4,0,1,2
2277,216,Cu|La|O|Sr,4,4,1,1,0,1,3,0,0,2,0,4
2278,1239,B|Er|Ir,1,1,1,0,3,3,0,4,2,0,3,4
2279,886,Ba|Si,1,0,4,0,3,1,1,3,1,2,3,3
2280,570,In|Sn|Te,4,0,3,1,2,1,0,4,1,4,4,4
2281,89,In|Pb|Sn|Te,1,2,1,2,3,2,3,3,4,0,2,1
2282,840,Ba|Cu|Nd|O|Sr,2,1,1,1,2,2,4,0,3,4,1,3
2283,166,Ce|La|Ru,3,4,1,1,0,3,4,4,2,4,3,1
2284,79,Fe|Se|Te,4,3,3,0,1,3,0,2,2,2,0,0
2285,429,Cu|La|Ni|O|Sr,0,4,1,1,3,1,2,1,2,0,4,0
2286,64,Ba|Cu|O|Y|Zn,1,1,2,4,3,2,4,3,4,0,0,1
2287,1126,Nb|Si|Ti,2,2,1,4,2,2,2,3,2,0,2,2
2288,1240,Cl|Hf|Li|N|Zr,3,0,3,4,2,4,0,4,3,4,1,4
2289,79,Fe|Se|Te,4,3,3,0,1,3,4,3,0,2,0,0
2290,119,As|F|Fe|La|O,3,1,1,1,3,4,0,3,3,2,4,2
2291,1241,Br|Fe|Se,0,4,1,4,4,2,0,4,3,4,3,2
2292,1242,Bi|Cu|Mo|O|Pb|Sr|Y,2,1,3,0,2,4,4,3,4,0,2,0
2293,84,H|Pd,0,4,3,0,4,4,1,0,1,4,0,2
2294,813,Ru|V,4,2,0,1,3,1,1,1,4,2,0,2
2295,1243,Co|Fe|U,4,4,3,4,1,1,4,3,0,0,2,3
2296,496,In|Pb,4,0,3,1,4,2,2,1,0,0,2,2
2297,929,Be|Ga,1,4,1,1,3,1,4,4,3,2,0,4
2298,64,Ba|Cu|O|Y|Zn,1,1,2,4,3,2,2,0,1,1,2,1
2299,221,As|Fe|Ru|Sr,3,4,1,0,1,0,3,4,0,4,4,2
2300,648,Ta|Zr,3,0,4,1,2,2,3,1,2,4,1,4
2301,1244,Be|Ni,4,0,2,3,0,0,0,4,4,2,1,1
2302,64,Ba|Cu|O|Y|Zn,1,1,2,4,3,2,4,4,4,4,3,1
2303,711,Rh|Ru,1,0,1,1,2,4,2,2,0,1,2,1
2304,1245,B|Y,1,1,2,4,4,3,4,1,0,1,2,0
2305,364,Th|Zr,1,2,1,1,4,1,0,0,4,2,4,4
2306,126,Bi|Ca|Cu|Nd|O|Pb|Sr,2,4,0,2,0,1,2,4,4,4,4,4
2307,1246,Bi|Dy|Ni,0,0,1,2,4,0,3,3,3,1,4,0
2308,391,Bi|Ca|Cu|O|Pb|Sr|Y,1,1,4,1,0,0,0,0,3,0,2,2
2309,888,As|Co|Fe|Sr,1,4,2,2,1,2,4,2,2,4,1,2
2310,1154,As|F|Fe|O|Sm,3,2,4,3,2,0,2,4,2,3,4,3
2311,183,Ba|Ca|Cu|O|Tl,2,3,4,2,0,4,2,0,1,2,4,2
2312,1247,La|Rh|Si,0,4,1,1,3,4,4,2,1,1,2,1
2313,1248,Fe|Ti,3,3,0,0,3,3,4,0,0,4,3,4
2314,801,Ba|Ge,1,2,2,3,3,4,2,1,2,1,1,0
2315,1249,Ba|Ca|Cu|La|O|Pr|Sr,0,4,2,3,3,1,1,2,3,0,2,3
2316,1250,B|Ce|La|Rh,4,4,3,2,3,2,4,0,3,0,4,0
2317,204,Cu|La|O|Pr|Sr,1,1,2,0,1,0,4,4,4,1,2,0
2318,196,La|Os|Pr|Sb,0,0,1,4,4,4,2,3,2,2,0,3
2319,1210,Bi|Ce|F|Nd|O|S,4,2,0,3,1,2,3,2,0,2,0,4
2320,675,Ba|Cu|O|Sm,0,0,0,2,2,0,4,0,2,0,4,0
2321,64,Ba|Cu|O|Y|Zn,1,1,2,4,3,2,4,0,0,1,0,1
2322,173,Ba|Ge|Ni|P,1,1,1,1,0,4,4,4,4,3,4,0
2323,167,Ir|Lu|Sc|Si,0,3,2,4,4,3,3,3,0,3,1,2
2324,1251,Os|Zr,2,4,4,3,3,4,3,4,2,0,3,2
2325,1252,Cu|Gd|Ir|O|Ru|Sr,2,3,2,2,4,0,2,2,0,0,4,0
2326,551,Ba|Cu|La|Nd|O|Sr,1,2,1,0,0,3,4,2,3,0,4,1
2327,723,Nb|Sn|Ta,3,1,3,4,3,1,0,2,1,4,0,0
2328,604,Ga|Si|V,3,4,2,4,0,1,2,1,2,4,3,3
2329,1085,Bi|Ca|Cu|Ni|O|Sr,3,4,2,4,1,3,2,4,0,4,0,0
2330,496,In|Pb,4,0,3,1,4,2,0,0,1,0,0,2
2331,243,Cu|O|Re|Sr|Y,0,3,4,1,2,4,4,1,3,2,0,3
2332,166,Ce|La|Ru,3,4,1,1,0,3,2,3,3,1,4,1
2333,1167,Bi|F|Nd|O|S,3,4,2,0,1,0,2,1,1,1,2,1
2334,1253,Cu|Hg|Mo|O|Sr,4,4,4,1,1,4,2,2,4,2,2,4
2335,686,Ba|Ca|Cu|O|Pr|Y,1,0,3,3,1,0,0,1,2,2,0,4
2336,292,Ba|Cu|Fe|O|Y,0,4,0,1,4,3,3,0,3,0,1,4
2337,59,Bi|Ca|Cu|O|Sr,2,1,2,3,0,3,1,3,4,0,1,2
2338,1254,C|Mg|Ni|Zn,3,0,4,0,4,4,1,2,4,3,0,3
2339,717,Ce|Cu|O|Pr|Y,4,2,4,2,3,0,1,1,0,1,2,4
2340,42,Cu|La|O|Sr|Zn,1,2,4,4,3,1,2,2,3,2,0,1
2341,1254,C|Mg|Ni|Zn,3,0,4,0,4,4,4,2,2,3,3,3
2342,1255,Ce|Cu|Eu|Fe|O|Sr,4,0,0,0,2,2,4,3,1,1,0,3
2343,416,As|Ba|Co|Fe,3,2,2,4,2,1,0,3,0,1,2,3
2344,120,As|Co|Fe|O|P|Pr,0,3,0,3,0,1,4,1,0,1,4,2
2345,1244,Be|Ni,4,0,2,3,0,0,2,2,4,0,2,1
2346,581,Ti|V,3,1,3,1,1,2,2,1,1,4,1,0
2347,197,In|Mo|Se,2,4,4,2,1,3,3,1,3,4,1,1
2348,1256,Ba|Co|Cu|La|O,0,0,3,1,2,1,2,1,1,0,3,1
2349,1202,Ir|Ru|Th,0,4,4,1,4,2,4,2,0,0,2,1
2350,1257,Os|Sn|Tb,4,0,3,1,2,4,1,2,2,0,2,3
2351,1258,C|Ga|Mo,0,2,4,4,2,4,1,1,4,3,3,1
2352,1259,Cl|Hf|Mg|N,1,2,3,3,1,4,4,2,0,1,0,2
2353,1089,Ta|Ti,1,3,1,0,1,2,4,0,0,4,0,2
2354,124,B|Er|Ho|Rh,1,0,1,4,0,2,4,0,0,4,2,0
2355,191,Li|O|Ti,0,1,1,4,4,2,2,0,2,1,3,4
2356,172,B|Nb,4,3,2,3,2,0,1,0,1,1,3,1
2357,1260,Ge|Si|V,2,0,1,0,1,3,1,4,4,0,2,3
2358,1261,Ca|Pb|Tl,3,2,4,0,3,3,3,2,1,3,4,3
2359,1262,Ag|Ga,4,0,2,3,3,3,0,1,2,3,3,3
2360,383,Al|Nb|Sn,3,2,0,2,4,4,4,3,2,2,1,0
2361,171,As|Ca|Co|Fe,3,2,0,0,3,4,3,1,0,0,4,3
2362,1262,Ag|Ga,4,0,2,3,3,3,4,0,2,4,3,3
2363,1263,Ce|Cu|Eu|O,4,0,3,2,2,0,0,2,3,2,2,4
2364,567,Ge|Nb|Sn,1,0,2,3,2,1,0,0,3,1,1,1
2365,541,Ir|Re|Rh,3,3,2,1,4,3,0,3,2,3,1,2
2366,383,Al|Nb|Sn,3,2,0,2,4,4,4,3,4,1,1,0
2367,1032,Ba|Cu|Dy|Fe|O,4,1,0,3,1,3,2,0,0,0,2,2
2368,576,C|Co|Mg|Ni,1,2,1,0,4,1,2,4,4,3,2,2
2369,61,Ge|La|Pt,2,2,3,1,1,4,0,1,4,2,4,3
2370,597,Ce|Cu|Ge|Si,1,1,3,1,0,1,3,1,0,1,3,0
2371,1,Ba|Ca|Cu|La|O,0,0,1,3,2,4,4,4,0,0,0,0
2372,61,Ge|La|Pt,2,2,3,1,1,4,2,0,2,1,3,3
2373,1264,Mo|Ru|Se,4,0,1,0,1,2,0,0,1,2,2,1
2374,1265,In|Sb|Sn,4,3,0,0,4,2,2,3,3,3,3,1
2375,426,Ce|Cu|Nd|Ni|O,4,1,3,1,4,4,1,2,2,0,0,3
2376,1266,B|C|Gd|Ni|Y,1,0,0,1,3,3,1,1,0,3,2,1
2377,1267,Al|Nb|Si,3,0,3,0,3,1,2,0,1,1,2,4
2378,1268,Mo|Pb,2,3,1,1,4,3,0,1,3,1,3,3
2379,930,H|Nb|Pd,1,2,3,3,2,1,0,2,4,1,1,1
2380,64,Ba|Cu|O|Y|Zn,1,1,2,4,3,2,0,4,1,1,1,1
2381,675,Ba|Cu|O|Sm,0,0,0,2,2,0,1,4,3,1,2,0
2382,662,B|Ho|Ir|Rh,0,3,2,2,4,1,3,3,1,3,3,4
2383,473,Ba|Ca|Cu|O|Sr|Yb,2,2,0,1,4,2,3,3,0,4,1,2
2384,1247,La|Rh|Si,0,4,1,1,3,4,0,4,3,3,4,1
2385,1269,Al|Ca|Cu|Ho|O|Pb|Sr,0,0,2,1,4,3,2,1,4,4,2,3
2386,256,Au|Ga|Pd,3,4,0,1,1,2,4,4,4,1,3,2
2387,1270,La|Se,3,0,0,4,3,4,4,3,2,0,3,0
2388,509,B|C|Dy|Ni|Y,2,4,2,4,2,0,2,2,2,3,4,0
2389,99,Au|In,0,4,0,1,2,3,3,2,0,4,0,3
2390,1271,Ba|Ga|Si,0,0,1,4,1,3,0,3,4,2,1,4
2391,1272,Ce|In|Ir|Sn,2,4,2,1,3,2,4,0,1,0,2,2
2392,1273,Gd|Nb,0,1,1,3,0,4,4,3,2,0,4,3
2393,1137,Ca|Cl|Cu|Na|O,2,2,4,3,3,0,2,2,1,2,2,1
2394,529,Al|Ge,2,0,2,0,0,4,3,1,0,4,2,1
2395,216,Cu|La|O|Sr,4,4,1,1,0,1,0,4,1,2,1,4
2396,1274,Ba|Ca|Cu|O|Tm,1,3,2,3,4,2,2,4,2,0,0,1
2397,64,Ba|Cu|O|Y|Zn,1,1,2,4,3,2,0,0,0,1,1,1
2398,49,Ba|Cu|La|O,3,0,2,4,3,0,1,0,0,3,0,3
2399,1275,Ce|In|Pd,3,1,4,0,2,2,2,0,1,2,0,4
2400,1276,Na|O|W,2,0,2,4,4,4,0,0,2,2,1,1
2401,1277,As|Ca|Fe|La|Pt,2,0,4,1,0,0,2,1,2,2,4,1
2402,77,Cu|O|Sr|W|Y,1,2,4,3,4,1,0,2,1,2,1,3
2403,1278,In|La,4,4,4,3,3,0,3,0,3,2,2,0
2404,784,Nb|Re,2,1,0,0,3,1,1,0,0,0,2,4
2405,86,Ba|Cu|O|Y,4,4,4,2,0,4,1,2,0,3,3,4
2406,224,Ce|Cu|La|Nd|O,3,0,0,4,2,0,0,1,2,1,1,2
2407,1279,Ba|Cu|Nd|O|S,0,2,2,2,2,0,2,1,0,0,2,4
2408,786,B|Ir|Mg,2,4,2,0,3,2,3,2,1,0,1,1
2409,1280,Re|Y,1,1,3,4,2,1,3,4,4,1,2,2
2410,850,Cu|Fe|La|O|Sr,2,0,4,4,0,2,3,0,3,0,3,0
2411,663,Rh|Se,4,0,3,0,1,0,1,0,1,2,3,2
2412,171,As|Ca|Co|Fe,3,2,0,0,3,4,1,4,2,4,0,3
2413,1017,Ba|Ca|Cu|Lu|O,1,0,2,3,3,0,4,2,0,3,4,4
2414,684,Ba|Ca|Cu|Hg|O,0,1,4,0,4,3,3,1,3,4,4,4
2415,1140,As|Co|F|Fe|Nd|O,3,1,0,2,3,2,3,2,3,0,3,3
2416,1147,Co|Ru,2,1,1,4,3,1,3,0,0,0,1,3
2417,1281,Bi|Ce|F|S|Sr,1,0,0,1,0,4,0,3,1,1,1,0
2418,1282,Ce|Cu|Nd|O|Sm,1,0,1,3,2,1,4,0,0,2,0,1
2419,476,Ba|Cu|Ga|O|Y,0,1,1,0,4,0,3,0,2,0,1,1
2420,58,Co|H|Na|O,1,1,0,1,1,1,2,3,3,4,2,3
2421,1283,Ce|Cu|Nb|Nd|O|Sr,3,1,2,1,1,1,0,2,3,3,4,1
2422,300,Ge|Ir|Lu|Si,3,1,3,4,1,3,4,0,4,2,1,2
2423,739,Ca|Cu|O|Pb|Sr|Y,1,4,3,0,4,2,0,1,0,0,4,3
2424,491,Rh|Ti,3,0,3,1,3,0,0,3,3,1,0,2
2425,1284,Pt|W,4,0,4,1,3,0,3,2,1,3,0,0
2426,74,Ba|Cu|La|O|Y,2,3,3,3,3,1,3,3,3,0,4,2
2427,1285,O|Rb|W,4,2,2,3,3,4,1,3,1,2,1,1
2428,240,As|Ba|Co|Fe|K,1,2,4,0,0,4,2,4,1,0,2,1
2429,390,Ce|Cu|Nd|O|Y,3,1,2,4,4,2,2,2,2,1,0,3
2430,429,Cu|La|Ni|O|Sr,0,4,1,1,3,1,4,1,2,4,4,0
2431,429,Cu|La|Ni|O|Sr,0,4,1,1,3,1,1,4,1,1,1,0
2432,136,Nb|Zr,0,4,3,4,3,1,3,0,2,4,3,1
2433,12,Ba|Ca|Cu|O|Y,3,3,3,3,4,4,2,4,2,3,0,3
2434,524,Os|Re,2,3,4,2,4,3,1,2,1,2,2,3
2435,285,Al|Ge|Nb|Sn,2,1,0,3,1,0,4,2,0,2,3,2
2436,1286,In|O|W,4,3,2,3,4,0,1,4,0,4,2,4
2437,286,Ba|Cu|O|Pr|Y,3,1,2,0,3,0,4,2,4,0,3,3
2438,953,La|Pb|Pr,0,1,2,1,2,0,2,0,3,0,2,1
2439,1151,Cu|Eu|La|O|Sr,2,0,0,4,2,3,3,4,3,3,2,0
2440,44,Cu|La|Nd|O|Sr,3,0,2,3,4,2,3,2,1,3,0,0
2441,518,As|Fe|La|O,4,1,2,3,1,0,4,1,3,3,2,3
2442,86,Ba|Cu|O|Y,4,4,4,2,0,4,0,0,4,3,4,4
2443,1287,Ba|Ca|Cu|Hg|Mo|O,2,1,1,1,0,0,0,0,4,2,1,4
2444,1288,Bi|Cu|O|Sr,3,1,4,0,1,4,2,0,1,3,0,2
2445,57,Ba|Ca|Co|Cu|O|Y,1,1,3,4,0,1,0,0,4,0,0,2
2446,1289,In|Nb|Sn,3,4,2,2,3,2,1,4,3,1,2,4
2447,721,Ga|Nb|Sn,0,2,4,2,3,2,3,3,0,0,0,1
2448,1290,Bi|Rh|Se,0,1,2,0,2,2,1,2,0,3,3,0
2449,1291,Al|Nb|Ta,2,3,0,1,4,3,2,4,2,3,0,2
2450,34,Os|Pr|Ru|Sb,2,2,2,1,0,0,3,0,1,4,1,1
2451,168,Cu|La|O,0,4,4,4,1,3,3,1,2,4,3,0
2452,936,Nb|Pd|Rh,4,1,0,4,4,1,3,1,1,1,2,0
2453,581,Ti|V,3,1,3,1,1,2,1,3,1,1,1,0
2454,1014,Bi|Ce|Pb|Te,0,0,3,2,0,2,0,3,4,3,0,1
2455,588,In|Se|Sn|Te,4,1,0,4,1,3,2,1,2,2,4,2
2456,1292,Au|Zn,1,1,0,2,1,2,0,0,4,0,2,1
2457,351,Ba|Cu|Hg|O,0,1,0,3,3,4,0,3,2,1,2,2
2458,267,Ta|W,2,2,2,0,4,4,0,0,3,3,1,2
2459,1293,C|Cs|Rb,1,0,2,0,0,2,2,1,4,1,3,3
2460,1294,Bi|F|La|S|Sr,1,2,1,1,2,2,2,4,1,3,1,4
2461,1036,Ru|Si|Y,4,2,0,1,1,2,4,2,1,0,4,0
2462,1220,Al|Ba|Si,0,2,2,2,3,1,1,3,4,2,2,4
2463,1295,Ce|Ir|Si,2,2,4,3,4,1,4,0,0,3,2,3
2464,1296,Fe|K|Se|Tl,3,3,1,2,2,1,1,4,0,3,3,4
2465,1297,As|Fe|Ir|La|O,4,4,1,2,0,1,0,1,4,2,3,3
2466,928,Al|Nb|Zr,1,4,4,0,0,2,0,4,0,3,2,1
2467,542,Bi|Cu|La|O|Sr,1,3,4,1,2,1,4,4,2,3,0,2
2468,507,Ba|Cu|H|O|Y,2,1,2,4,1,2,1,4,4,1,1,2
2469,1252,Cu|Gd|Ir|O|Ru|Sr,2,3,2,2,4,0,4,3,4,4,4,0
2470,1298,Ba|Ca|Ce|Cu|La|O,1,4,3,1,4,3,0,3,3,1,3,0
2471,1299,Hf|P|Ru,0,3,0,3,4,1,3,3,2,0,1,1
2472,876,Mo|Pb|Se|Yb,1,1,1,4,1,0,0,2,4,2,3,1
2473,1300,B|V|Zr,0,1,4,0,0,1,1,3,2,3,4,0
2474,404,C|Cr|Y,3,4,3,1,0,0,4,3,4,3,2,3
2475,1301,Bi|La,4,0,1,4,0,3,0,3,2,2,2,2
2476,365,Bi|Cu|Nd|O|Sr,2,4,2,1,4,2,0,3,0,2,3,3
2477,263,Ga|Nb,3,0,4,0,0,4,3,0,0,2,2,4
2478,1202,Ir|Ru|Th,0,4,4,1,4,2,2,2,2,1,3,1
2479,286,Ba|Cu|O|Pr|Y,3,1,2,0,3,0,3,2,3,3,1,3
2480,1160,Fe|U,4,0,4,0,3,1,1,3,3,2,4,1
2481,152,Ba|Cu|O|Sr|Y,2,2,4,0,3,2,2,0,1,4,2,0
2482,1124,Mo|Se|Sn,1,3,2,0,2,2,4,1,3,0,3,4
2483,59,Bi|Ca|Cu|O|Sr,2,1,2,3,0,3,1,2,0,2,1,2
2484,1302,B|C|Er|Ni,3,1,3,1,4,0,2,4,2,2,0,4
2485,473,Ba|Ca|Cu|O|Sr|Yb,2,2,0,1,4,2,1,4,4,1,2,2
2486,431,Sn|V,0,3,4,0,3,0,1,4,3,3,1,1
2487,731,N|Nb|O,1,1,3,2,2,0,3,1,3,2,3,4
2488,115,Pb|Tl,4,3,1,2,2,0,2,0,1,1,1,2
2489,65,Ba|Bi|K|O,3,2,0,2,0,0,4,1,3,4,4,3
2490,59,Bi|Ca|Cu|O|Sr,2,1,2,3,0,3,1,0,0,3,4,2
2491,437,Cl|N|Na|Zr,4,4,3,3,0,3,2,2,0,3,1,3
2492,99,Au|In,0,4,0,1,2,3,4,0,1,4,4,3
2493,1303,Ba|Ca|Cu|Gd|O|Tl,3,0,4,3,0,3,2,4,0,1,4,2
2494,542,Bi|Cu|La|O|Sr,1,3,4,1,2,1,3,4,4,1,2,2
2495,877,Ba|Cu|Gd|Hf|O,1,3,1,2,0,0,0,2,2,1,2,0
2496,65,Ba|Bi|K|O,3,2,0,2,0,0,4,4,0,2,0,3
2497,817,Ce|Cu|Gd|O|Sm,1,1,0,4,3,4,3,2,2,0,3,2
2498,136,Nb|Zr,0,4,3,4,3,1,2,3,3,2,0,1
2499,1304,Rh|Ru|Se,2,4,3,1,4,0,0,4,0,0,3,0
2500,300,Ge|Ir|Lu|Si,3,1,3,4,1,3,0,2,3,3,2,2
2501,1305,Ga|Ta|V,3,4,1,2,3,4,1,3,4,3,2,2
2502,396,As|F|Fe|La|O|Zn,3,0,0,4,4,4,4,4,4,1,1,0
2503,665,Ba|Ca|Cu|Gd|La|O,4,1,4,1,3,0,0,4,1,3,3,2
2504,422,Bi|Ca|Cu|O|Pb|Sr,3,0,1,3,0,1,4,4,1,2,2,4
2505,1306,Ti|Zr,0,4,4,3,3,3,1,1,4,1,4,2
2506,1307,Sc|Zr,3,3,1,3,3,0,0,1,4,3,3,4
2507,728,C|Th|Y,4,0,4,1,4,1,1,4,1,3,0,4
2508,161,Al|Ge|V,4,1,0,2,4,0,4,3,3,4,1,3
2509,1308,Pd|Sn|Y|Yb,3,4,0,1,4,3,0,4,2,1,3,2
2510,868,Al|Au|In,3,1,3,0,1,3,1,0,1,3,1,1
2511,1210,Bi|Ce|F|Nd|O|S,4,2,0,3,1,2,1,4,3,4,2,4
2512,1003,Ba|Pt|Si,0,0,3,0,4,0,4,1,1,0,0,2
2513,1309,Co|In,4,3,4,3,2,3,0,3,0,3,0,4
2514,1296,Fe|K|Se|Tl,3,3,1,2,2,1,4,2,4,4,4,4
2515,351,Ba|Cu|Hg|O,0,1,0,3,3,4,0,2,3,4,1,2
2516,1310,Ir|Lu|Rh|Si,1,3,2,2,3,1,1,4,3,1,0,1
2517,1311,As|Ba|Fe|K|Ru,1,1,4,2,0,0,0,0,0,2,4,4
2518,1312,Ru|Ti,0,3,4,1,1,1,2,4,4,0,0,1
2519,601,As|Sn|Te,3,0,4,1,4,0,1,0,4,0,3,2
2520,956,Ba|Cu|Eu|O|Pr,0,4,4,1,3,3,1,2,2,3,2,3
2521,1058,Tc|W,1,2,1,3,4,2,0,4,1,1,1,4
2522,325,P|S|Zr,3,4,1,3,0,0,4,4,3,2,2,3
2523,54,Nb|Ta,1,2,0,0,3,2,3,3,4,4,1,0
2524,1313,B|C,2,1,4,1,4,2,0,0,3,4,2,3
2525,40,Au|Ga,0,0,0,2,1,0,2,0,3,1,3,1
2526,43,Fe|K|Se,2,2,3,2,1,3,2,4,4,0,1,0
2527,12,Ba|Ca|Cu|O|Y,3,3,3,3,4,4,3,1,3,2,1,3
2528,1303,Ba|Ca|Cu|Gd|O|Tl,3,0,4,3,0,3,0,2,3,4,0,2
2529,888,As|Co|Fe|Sr,1,4,2,2,1,2,0,2,1,4,2,2
2530,396,As|F|Fe|La|O|Zn,3,0,0,4,4,4,1,1,3,1,3,0
2531,59,Bi|Ca|Cu|O|Sr,2,1,2,3,0,3,0,3,0,2,2,2
2532,292,Ba|Cu|Fe|O|Y,0,4,0,1,4,3,4,2,0,1,2,4
2533,1314,Ba|Cu|La|O|Sr|Tl,4,4,3,0,2,3,1,3,3,0,4,4
2534,1315,C|La|Ni|Y,1,3,3,2,3,2,3,2,4,1,3,2
2535,1316,Hf|W,2,4,0,3,4,4,0,3,1,0,2,4
2536,1317,As|Fe|O|Pr,2,2,2,1,1,2,3,3,2,3,1,3
2537,1318,Ir|Re,3,0,2,4,2,0,2,0,1,1,1,4
2538,4,Bi|F|Nd|O|Pb|S,1,1,0,0,2,3,4,2,0,3,1,3
2539,10,Cu|La|O|Pb|Sr,3,0,0,3,2,2,0,0,4,3,2,3
2540,416,As|Ba|Co|Fe,3,2,2,4,2,1,3,2,3,1,0,3
2541,58,Co|H|Na|O,1,1,0,1,1,1,3,0,1,1,3,3
2542,1319,Al|Nb|Zn,0,3,3,3,3,0,2,4,0,4,4,2
2543,376,Ce|In|Ir|Pt,4,2,4,2,3,0,0,3,4,1,3,0
2544,64,Ba|Cu|O|Y|Zn,1,1,2,4,3,2,4,2,3,1,3,1
2545,269,Ba|Cu|La|Nd|O,3,1,4,1,0,3,0,1,4,1,1,1
2546,1320,Cs|F|Li|O|W,2,3,3,2,3,4,4,2,1,0,1,2
2547,817,Ce|Cu|Gd|O|Sm,1,1,0,4,3,4,4,4,0,3,0,2
2548,59,Bi|Ca|Cu|O|Sr,2,1,2,3,0,3,2,3,3,4,4,2
2549,377,As|Ba|Cu|Fe|K,3,3,4,0,0,2,1,1,2,0,1,2
2550,1321,Bi|Te|Tl,0,3,4,1,3,1,0,1,3,2,0,2
2551,1322,Cu|Pb,1,2,0,1,1,0,0,4,3,4,2,1
2552,1323,Ca|Pb,3,1,2,4,3,3,2,3,1,1,1,3
2553,119,As|F|Fe|La|O,3,1,1,1,3,4,2,3,1,4,4,2
2554,504,Al|Ga|Nb,2,4,3,1,2,0,0,2,0,2,1,3
2555,1251,Os|Zr,2,4,4,3,3,4,4,2,3,4,1,2
2556,286,Ba|Cu|O|Pr|Y,3,1,2,0,3,0,4,0,0,2,0,3
2557,24,Cu|La|Mn|O|Sr,4,4,2,4,3,1,3,1,4,0,3,1
2558,129,Ba|Ca|Cu|O|Y|Zn,0,2,4,0,4,4,4,0,2,3,1,4
2559,1324,B|C|Pt|Y,2,0,4,0,4,2,1,4,1,2,3,0
2560,287,Bi|Pb,3,2,1,1,1,3,1,0,1,3,2,1
2561,224,Ce|Cu|La|Nd|O,3,0,0,4,2,0,3,4,4,1,0,2
2562,542,Bi|Cu|La|O|Sr,1,3,4,1,2,1,4,1,1,3,0,2
2563,356,Mo|Re,4,3,4,1,0,0,0,0,2,0,1,4
2564,928,Al|Nb|Zr,1,4,4,0,0,2,3,0,4,0,4,1
2565,1325,As|Ca|Eu|Fe,0,2,0,2,2,1,2,3,3,0,1,2
2566,1326,As|Eu|Fe|Rb,1,1,2,4,1,4,2,4,4,2,2,1
2567,74,Ba|Cu|La|O|Y,2,3,3,3,3,1,3,1,0,4,2,2
2568,181,Bi|Ca|Cu|O|Pb|Sr|V,4,3,0,1,2,3,2,1,1,4,0,1
2569,964,Hf|Nb,3,1,4,0,4,1,0,0,0,1,3,1
2570,1327,Ir|U,3,2,4,4,2,1,1,1,0,0,1,1
2571,143,Au|Te,3,2,4,0,3,4,1,1,4,0,1,4
2572,733,Re|W,0,2,1,0,2,2,0,3,1,4,2,1
2573,603,Ba|Ca|Cu|Fe|La|O|Y,1,4,3,0,0,4,0,1,2,1,1,1
2574,1190,Hf|V|Zr,1,1,3,1,4,1,3,0,3,1,2,2
2575,1328,Ga|Zr,0,1,0,4,0,2,3,1,4,1,2,4
2576,912,Fe|Se,0,0,3,4,0,4,0,1,2,2,0,0
2577,617,Ba|Cu|O|Pr|Yb,4,3,4,2,0,1,1,2,2,2,3,1
2578,322,Ca|Cu|O|Pb|Sr|Tl|Zn,0,0,3,3,0,2,0,3,0,2,3,3
2579,614,Cr|Ru,4,3,1,1,3,0,0,3,4,1,4,3
2580,44,Cu|La|Nd|O|Sr,3,0,2,3,4,2,1,0,4,4,2,0
2581,1329,Pd|Pt|U,2,4,2,2,3,0,4,0,3,3,4,0
2582,1330,As|Fe|H|La,3,0,1,2,3,3,4,1,4,2,2,0
2583,474,As|F|Fe|O|Pr,4,2,3,4,2,3,4,1,0,2,2,4
2584,496,In|Pb,4,0,3,1,4,2,0,1,3,2,4,2
2585,366,As|Ba|Fe|Ni,0,1,0,4,4,3,0,1,4,4,4,1
2586,241,Ga|V,4,3,1,0,4,2,2,1,4,2,3,0
2587,1331,Sb|Tl,3,4,2,4,2,1,0,2,4,0,2,2
2588,1332,Bi|Ca|Cu|O|Sr|Tm,0,0,4,1,3,1,0,1,0,2,2,1
2589,723,Nb|Sn|Ta,3,1,3,4,3,1,4,2,1,1,0,0
2590,633,La|Sn|Tl,3,2,4,2,2,3,2,1,0,3,3,2
2591,10,Cu|La|O|Pb|Sr,3,0,0,3,2,2,3,3,0,0,3,3
2592,804,As|Ca|Co|Fe|H,4,4,1,2,2,3,3,4,0,4,2,0
2593,216,Cu|La|O|Sr,4,4,1,1,0,1,4,2,2,3,3,4
2594,330,Pb|S|Ta,0,1,0,2,0,0,1,2,4,4,1,4
2595,1333,Ir|Ni,4,4,0,3,1,4,0,2,0,2,0,2
2596,956,Ba|Cu|Eu|O|Pr,0,4,4,1,3,3,4,3,1,3,2,3
2597,315,Al|B|Li|Mg,0,2,2,1,2,0,4,0,1,3,3,0
2598,11,Ba|Cu|Nd|O,4,1,1,2,1,1,4,0,4,4,3,4
2599,769,Ba|Ca|Cu|Gd|O|Sr,4,3,3,1,2,1,4,4,2,1,3,4
2600,925,Ba|Cu|Gd|O|Sr,4,4,0,1,2,0,1,0,3,2,1,4
2601,1334,Bi|Mg,2,1,0,3,4,2,3,3,2,0,4,2
2602,1335,Bi|Fe|Ni,4,2,0,2,3,3,1,4,0,4,3,0
2603,1336,La|Pd|Si,4,0,1,3,0,4,4,1,0,1,1,3
2604,32,Ce|Cu|Gd|Nd|O,4,3,1,4,4,4,0,4,1,4,4,4
2605,74,Ba|Cu|La|O|Y,2,3,3,3,3,1,2,1,3,2,4,2
2606,210,B|Mg,3,2,2,2,0,0,1,1,4,3,1,4
2607,1165,Nd|Os|Pr|Sb,4,2,1,2,1,4,0,4,2,1,2,0
2608,596,Al|Nb|Ti,3,1,2,1,1,2,1,2,3,0,1,3
2609,59,Bi|Ca|Cu|O|Sr,2,1,2,3,0,3,3,4,3,3,0,2
2610,1337,Nd|Ru|Th,1,4,4,3,0,4,4,3,1,1,2,4
2611,1338,B|Mo|S|Sn,0,0,3,2,3,1,2,2,0,1,3,1
2612,150,B|C|Dy|Ni|Tm,1,3,4,4,2,3,2,3,0,0,2,4
2613,1339,Au|V,2,2,2,2,4,4,1,1,2,0,1,3
2614,1254,C|Mg|Ni|Zn,3,0,4,0,4,4,2,4,1,3,3,3
2615,77,Cu|O|Sr|W|Y,1,2,4,3,4,1,2,1,3,4,3,3
2616,675,Ba|Cu|O|Sm,0,0,0,2,2,0,3,3,3,2,1,0
2617,64,Ba|Cu|O|Y|Zn,1,1,2,4,3,2,0,1,4,2,3,1
2618,856,C|Fe|Mg|Ni,1,2,4,0,0,3,3,1,0,4,4,0
2619,285,Al|Ge|Nb|Sn,2,1,0,3,1,0,3,0,2,3,3,2
2620,1340,Ba|Cu|Ga|Nd|O,2,2,3,4,4,2,1,1,4,0,2,1
2621,191,Li|O|Ti,0,1,1,4,4,2,2,0,2,2,1,4
2622,358,N|Nb,1,3,3,2,3,1,4,4,1,4,0,1
2623,276,Ca|Cu|O|Sr,0,0,3,4,4,0,1,2,0,4,3,0
2624,1341,As|F|Fe|La|Na|O,3,0,3,3,0,2,3,1,0,3,1,2
2625,1342,Ca|Ga|Si,4,3,1,2,4,0,1,0,4,0,4,1
2626,414,Se|Ta,0,1,1,2,0,2,3,4,0,0,3,1
2627,1189,Rh|Sn|Tm,0,3,0,1,4,1,0,1,2,2,4,1
2628,59,Bi|Ca|Cu|O|Sr,2,1,2,3,0,3,4,4,1,2,2,2
2629,161,Al|Ge|V,4,1,0,2,4,0,3,4,3,1,2,3
2630,1343,B|Lu|Rh,0,2,2,0,1,0,0,3,1,0,3,4
2631,86,Ba|Cu|O|Y,4,4,4,2,0,4,1,4,4,0,4,4
2632,172,B|Nb,4,3,2,3,2,0,1,3,3,1,0,1
2633,1344,Dy|Pd|Sn|Y,2,3,2,1,1,2,1,3,4,2,4,2
2634,1216,Ba|Cu|La|O|Y|Zn,2,2,0,3,3,4,4,2,0,0,0,2
2635,1345,B|Yb|Zr,2,4,4,3,2,2,2,3,2,0,2,3
2636,1346,Ba|Co|Cu|Er|O,0,4,3,1,4,3,2,3,3,3,2,2
2637,743,Nb|Sb|Sn,4,0,1,1,3,3,4,2,2,4,0,3
2638,41,In|Tl,1,1,0,3,0,1,4,4,3,1,3,3
2639,1347,B|Lu|Ru|Tb,1,2,3,1,1,4,1,1,2,0,4,2
2640,867,V|Zr,3,0,3,3,0,0,1,1,4,1,1,0
2641,45,Ca|Cu|La|O,1,2,0,2,3,1,0,0,0,3,2,0
2642,63,As|F|Fe|La|Mn|O,2,4,4,0,3,1,2,4,4,3,1,2
2643,1348,C|Nb|Ni,1,4,2,0,1,2,0,2,1,0,0,0
2644,1058,Tc|W,1,2,1,3,4,2,2,3,3,1,3,4
2645,504,Al|Ga|Nb,2,4,3,1,2,0,2,2,0,3,1,3
2646,1349,Ce|Th,1,1,1,4,0,1,0,0,2,1,1,1
2647,1099,Ba|Ca|Co|Cu|Er|O|Sr,4,0,4,4,0,1,3,0,1,4,0,2
2648,59,Bi|Ca|Cu|O|Sr,2,1,2,3,0,3,1,4,0,3,0,2
2649,169,La|Sn,0,0,0,2,2,1,2,1,1,4,3,3
2650,575,Os|W,2,0,2,1,2,2,2,3,3,2,0,4
2651,391,Bi|Ca|Cu|O|Pb|Sr|Y,1,1,4,1,0,0,3,1,0,2,1,2
2652,694,Ba|Cu|Gd|O|Pr,4,4,3,2,3,0,1,1,2,2,1,2
2653,1350,Fe|Ni|Se|Te,2,4,4,4,4,1,2,1,3,0,3,1
2654,183,Ba|Ca|Cu|O|Tl,2,3,4,2,0,4,4,3,1,1,4,2
2655,42,Cu|La|O|Sr|Zn,1,2,4,4,3,1,2,1,1,3,4,1
2656,1351,Sn|Tl,3,2,0,3,0,3,4,1,3,0,3,2
2657,1352,Ag|Ge|Pd|Sr,2,4,0,1,2,0,2,0,3,3,0,2
2658,1353,Ba|Cu|O|Ti|Y,3,4,0,0,2,4,0,4,2,1,0,1
2659,179,Ta|V,4,0,4,3,1,0,4,3,3,3,3,2
2660,440,Ba|Cu|Gd|O,2,1,0,3,0,2,4,1,2,0,4,4
2661,669,Cu|Se|Ti,1,3,2,3,1,1,1,0,1,0,2,1
2662,1283,Ce|Cu|Nb|Nd|O|Sr,3,1,2,1,1,1,1,4,0,4,3,1
2663,850,Cu|Fe|La|O|Sr,2,0,4,4,0,2,0,0,1,3,2,0
2664,12,Ba|Ca|Cu|O|Y,3,3,3,3,4,4,0,2,0,1,4,3
2665,1354,Ag|F|O,4,3,2,2,1,1,4,3,4,3,3,3
2666,12,Ba|Ca|Cu|O|Y,3,3,3,3,4,4,1,0,2,0,0,3
2667,703,C|Mg|Ni,3,1,1,4,1,0,1,2,2,0,3,2
2668,1242,Bi|Cu|Mo|O|Pb|Sr|Y,2,1,3,0,2,4,4,3,3,2,1,0
2669,1355,Ge|Ir|La,2,1,1,3,2,4,1,4,1,1,0,0
2670,74,Ba|Cu|La|O|Y,2,3,3,3,3,1,1,1,2,0,3,2
2671,240,As|Ba|Co|Fe|K,1,2,4,0,0,4,4,1,4,4,0,1
2672,1356,Ge|Nb|Pb|Sn,3,2,3,1,4,4,3,1,0,0,0,4
2673,669,Cu|Se|Ti,1,3,2,3,1,1,3,3,4,4,1,1
2674,1357,Si|Zr,0,1,1,1,2,1,4,0,1,0,4,3
2675,1264,Mo|Ru|Se,4,0,1,0,1,2,2,0,2,0,2,1
2676,543,Nb|Pt|Rh,4,0,1,2,3,4,0,1,3,3,0,3
2677,399,Hf|Nb|Zr,0,0,2,3,2,3,4,2,4,1,0,2
2678,62,Al|Ge|Nb,2,3,3,0,1,3,1,3,4,1,1,2
2679,1358,B|Li|Pt,4,2,3,4,1,3,4,3,4,4,2,3
2680,76,Ge|V,1,0,1,0,2,0,3,1,3,2,1,3
2681,1359,Au|B|C|La|Pt,0,0,0,0,4,0,3,4,4,1,3,2
2682,66,Ba|Ca|Cu|La|O|Sr,3,2,3,2,4,1,2,1,4,4,2,2
2683,1360,H|Na|O|S|Sb|Ta,0,3,4,4,0,2,4,4,0,0,0,4
2684,1361,Ba|Bi|Ca|Cu|Hg|O,1,3,3,4,1,3,4,1,4,2,0,3
2685,726,Ir|La|Si,4,2,2,4,3,2,1,3,0,1,2,0
2686,494,Ba|Cu|Si,0,3,3,0,4,3,0,4,4,0,4,0
2687,127,Cd|In,3,3,3,1,3,1,2,0,1,1,4,2
2688,1362,As|Fe|Gd|O|Te,2,0,2,2,4,0,4,1,0,0,2,2
2689,166,Ce|La|Ru,3,4,1,1,0,3,0,2,1,4,1,1
2690,351,Ba|Cu|Hg|O,0,1,0,3,3,4,2,0,1,2,2,2
2691,1209,Mo|Pb|S,4,4,3,2,3,0,4,4,3,4,0,1
2692,207,Ce|La,4,4,2,3,2,4,3,1,2,4,3,2
2693,187,C|La|Ni|Th,1,2,0,4,3,4,2,4,0,3,1,3
2694,346,Bi|K,3,0,0,2,0,4,3,1,4,0,4,3
2695,507,Ba|Cu|H|O|Y,2,1,2,4,1,2,2,2,4,3,2,2
2696,86,Ba|Cu|O|Y,4,4,4,2,0,4,2,3,2,2,4,4
2697,1363,C|Si|Y,4,1,1,4,2,3,3,0,3,1,2,3
2698,524,Os|Re,2,3,4,2,4,3,2,1,2,1,4,3
2699,1364,Ni|Zr,2,1,2,3,2,1,4,3,2,4,4,4
2700,236,Ba|Cu|O|Tm,4,3,1,0,0,1,2,2,3,4,3,3
2701,64,Ba|Cu|O|Y|Zn,1,1,2,4,3,2,0,0,4,4,2,1
2702,1365,Ca|Cu|Fe|O|Sr|Y,1,3,0,3,0,2,1,0,1,3,4,4
2703,145,Ba|Cu|Dy|O,2,1,4,1,3,4,2,2,2,3,0,2
2704,850,Cu|Fe|La|O|Sr,2,0,4,4,0,2,4,2,2,4,2,0
2705,6,Co|Cu|La|O|Sr,1,1,0,1,0,4,3,1,0,3,4,3
2706,1366,Pr|Th,0,0,4,3,4,0,1,1,3,4,2,0
2707,955,Ir|Ru,2,2,0,0,3,1,0,2,2,4,3,2
2708,955,Ir|Ru,2,2,0,0,3,1,2,2,4,1,1,2
2709,918,Ba|Ca|Si,4,1,0,4,4,0,1,4,1,1,3,2
2710,956,Ba|Cu|Eu|O|Pr,0,4,4,1,3,3,4,2,0,4,3,3
2711,183,Ba|Ca|Cu|O|Tl,2,3,4,2,0,4,4,0,3,1,2,2
2712,1367,Ga|Pb|V,3,2,3,0,1,3,0,0,0,0,0,1
2713,897,Ag|Sn,3,1,4,0,3,1,2,4,1,3,2,4
2714,579,As|Fe|La|O|P,4,1,1,2,2,1,3,2,2,4,1,0
2715,1368,Mg|Pt|Si,4,0,4,1,1,0,3,4,3,1,2,0
2716,227,Pd|Te,4,0,0,0,2,0,2,4,4,4,4,3
2717,906,Nb|Sn,2,1,1,4,2,2,2,1,3,2,0,3
2718,998,Cu|La|Li|O|Sr,3,0,4,2,4,2,2,2,2,0,3,1
2719,1369,Ge|La|Ru,0,4,1,1,1,3,2,2,1,2,0,3
2720,1370,Fe|La|Ru|Si,0,1,3,4,1,0,2,1,4,4,1,1
2721,768,B|C|Ho|La|Ni,1,1,1,1,0,3,4,2,3,4,0,1
2722,1371,Ca|Cu|Ge|O|Sr|Y,4,0,3,2,3,1,3,0,4,4,2,0
2723,86,Ba|Cu|O|Y,4,4,4,2,0,4,2,2,3,3,3,4
2724,1372,Ba|Cu|Gd|Mo|O,1,2,4,3,4,2,1,2,2,1,3,1
2725,1373,F|Fe|La|O|P,0,0,2,4,0,4,3,4,2,4,1,0
2726,86,Ba|Cu|O|Y,4,4,4,2,0,4,2,1,1,2,2,4
2727,1374,Fe|V|Zr,3,0,2,4,0,0,3,3,4,0,0,2
2728,23,Nb|Sn|V,0,0,1,0,2,4,2,3,1,1,2,4
2729,949,Hg|Pb,0,1,4,2,1,3,1,2,1,4,4,4
2730,190,La|Th,4,2,1,4,3,4,0,0,1,0,0,1
2731,496,In|Pb,4,0,3,1,4,2,1,2,0,0,2,2
2732,1375,Fe|Ni|U,4,3,1,4,4,4,4,2,3,4,2,1
2733,333,C|Er|Th,4,0,4,2,3,0,2,0,3,1,4,1
2734,905,Cu|La|Nd|O,0,1,4,3,2,3,1,2,3,4,4,1
2735,153,Ba|Cu|Ni|O|Y,1,4,4,4,2,1,1,2,0,3,4,1
2736,86,Ba|Cu|O|Y,4,4,4,2,0,4,3,2,4,0,4,4
2737,1376,Ca|Co|Cu|O|Pb|Sr|Tl,3,0,4,1,3,4,4,4,4,4,4,1
2738,308,Bi|Ca|Cu|La|O|Sr|Y,0,2,2,1,2,1,2,3,4,2,2,1
2739,596,Al|Nb|Ti,3,1,2,1,1,2,4,0,1,4,4,3
2740,1377,Ga|Nb|Zn,1,0,1,4,2,2,1,0,2,1,2,0
2741,11,Ba|Cu|Nd|O,4,1,1,2,1,1,4,1,0,3,0,4
2742,798,Ga|Nb|Ni,4,3,3,0,4,1,4,2,2,2,2,2
2743,25,B|C|Ho|Ni|Y,0,4,4,4,0,3,1,0,2,4,0,4
2744,415,N|Nb|Ti,2,2,0,4,3,0,1,4,4,4,2,4
2745,1378,Al|Pd|U|Y,1,3,2,4,2,0,4,0,3,3,2,3
2746,694,Ba|Cu|Gd|O|Pr,4,4,3,2,3,0,0,3,0,2,0,2
2747,1379,Cu|O|Pr|Re|Sr|Y,0,1,2,0,1,3,1,3,4,1,0,3
2748,1380,Al|Ti,3,0,1,0,0,2,3,2,2,1,0,3
2749,72,B|C|Mg|Ni,4,2,0,0,0,0,0,1,3,1,0,2
2750,1381,Ge|Sb|V,3,4,0,2,2,0,3,3,0,1,1,2
2751,1021,Ca|O|Sr|Ti,2,2,0,1,3,0,3,0,0,1,3,3
2752,55,Fe|S|Se,2,2,3,4,3,2,2,3,3,1,0,2
2753,721,Ga|Nb|Sn,0,2,4,2,3,2,2,2,0,2,0,1
2754,1382,Cu|O|Sr|Tm,3,2,0,2,1,2,0,1,4,4,2,0
2755,1383,B|C|Dy|Lu|Ni,3,3,4,2,3,3,1,2,0,4,2,0
2756,171,As|Ca|Co|Fe,3,2,0,0,3,4,2,0,2,2,1,3
2757,416,As|Ba|Co|Fe,3,2,2,4,2,1,4,4,0,3,1,3
2758,286,Ba|Cu|O|Pr|Y,3,1,2,0,3,0,1,3,2,3,4,3
2759,1384,C|Nb|W,3,4,1,4,3,3,1,4,2,0,2,4
2760,1098,As|Eu|Fe|P,4,0,1,2,3,2,0,4,4,2,3,2
2761,12,Ba|Ca|Cu|O|Y,3,3,3,3,4,4,2,3,3,4,4,3
2762,1,Ba|Ca|Cu|La|O,0,0,1,3,2,4,3,2,4,3,3,0
2763,1216,Ba|Cu|La|O|Y|Zn,2,2,0,3,3,4,0,3,1,4,3,2
2764,473,Ba|Ca|Cu|O|Sr|Yb,2,2,0,1,4,2,2,1,2,0,0,2
2765,97,As|Co|Eu|Fe|Sr,2,1,3,4,1,3,4,3,0,1,0,0
2766,341,Ce|Co|In|Sn,4,2,1,0,1,3,3,4,0,3,4,3
2767,647,Th|U,1,4,3,1,4,4,0,3,1,3,0,3
2768,1385,Nb|Si|Sn,1,1,0,4,4,4,0,0,0,4,1,4
2769,1386,Ba|Cu|Eu|O|Y,0,1,1,3,1,0,1,0,2,1,2,2
2770,1108,Ce|Cu|O|Pr,2,0,2,2,4,1,1,1,4,0,3,0
2771,577,Mo|S|Sn,0,4,0,2,1,2,3,4,3,1,4,2
2772,1272,Ce|In|Ir|Sn,2,4,2,1,3,2,3,1,4,2,4,2
2773,1387,Cu|La|O|Sr|Tl,3,0,1,1,3,1,2,1,4,2,4,0
2774,416,As|Ba|Co|Fe,3,2,2,4,2,1,0,1,3,4,1,3
2775,1154,As|F|Fe|O|Sm,3,2,4,3,2,0,4,1,0,0,0,3
2776,1388,As|Fe|La|Sr,2,3,2,3,3,3,3,1,0,3,0,4
2777,160,Ba|Cu|O|Re|Y,2,4,2,2,0,0,2,4,2,2,0,0
2778,972,Al|Gd|La,2,4,1,0,0,4,0,3,4,3,3,1
2779,1229,As|F|Fe|La|O|Y,3,3,3,1,4,1,4,0,3,4,4,2
2780,1389,B|Lu|Os,0,4,4,1,1,0,4,1,2,4,3,1
2781,1390,Ba|Cu|O|S|Sr|Y,3,0,3,3,1,4,3,1,3,1,3,1
2782,604,Ga|Si|V,3,4,2,4,0,1,0,4,2,0,0,3
2783,1391,Ge|H|V,1,3,0,4,3,4,0,2,2,2,2,3
2784,1392,Dy|La,4,4,2,3,0,0,1,1,2,3,1,2
2785,563,Cr|Ti|V,1,1,0,1,0,4,4,0,3,4,3,0
2786,1393,As|La|Ni|O|Sr,3,0,4,2,4,3,0,4,0,2,4,1
2787,1257,Os|Sn|Tb,4,0,3,1,2,4,4,0,0,2,4,3
2788,661,Nb|Ta|Zr,0,0,2,3,1,2,4,3,4,0,0,0
2789,350,Ba|Ca|Cu|La|Nd|O,2,4,3,4,0,4,2,4,3,2,1,1
2790,477,Nb|Ti|Zr,0,1,1,1,3,3,3,1,4,1,3,3
2791,467,Bi|Ca|Cu|O|Pb|Sr|Y|Zn,3,2,4,0,2,1,0,4,1,4,3,0
2792,1394,As|Cs|Fe|Sr,2,3,1,0,2,1,4,3,4,1,3,1
2793,157,Cu|Ge,2,1,0,0,0,1,2,1,2,0,2,2
2794,359,Cs|O|W,3,1,3,4,2,4,3,1,4,4,4,2
2795,59,Bi|Ca|Cu|O|Sr,2,1,2,3,0,3,2,0,4,1,3,2
2796,1395,Ca|Cu|F|O|Sr,0,4,0,0,1,4,1,2,0,4,1,1
2797,847,As|Fe|P|Sr,3,0,3,3,3,3,1,2,1,0,0,2
2798,153,Ba|Cu|Ni|O|Y,1,4,4,4,2,1,4,4,4,0,1,1
2799,1396,Mg|Nb,0,0,0,4,4,1,0,3,2,3,2,3
2800,1272,Ce|In|Ir|Sn,2,4,2,1,3,2,4,2,2,1,2,2
2801,1397,Cu|Gd|O|Ru|Sr|Y,1,0,2,4,4,4,4,2,1,4,1,4
2802,1398,Ca|Cu|O|Tm,4,4,0,1,1,1,1,0,0,0,3,0
2803,994,Pt|Y,3,3,0,0,4,2,3,2,0,2,0,1
2804,467,Bi|Ca|Cu|O|Pb|Sr|Y|Zn,3,2,4,0,2,1,0,0,3,0,4,0
2805,1135,Co|Rh|Sn|Tm,3,2,1,3,3,4,1,2,1,1,1,0
2806,1399,P|Si|V,2,1,1,1,2,4,2,4,0,4,0,1
2807,1139,B|Co|Mg,1,0,2,0,2,3,3,1,3,1,4,2
2808,736,B|Li|Ni|Pd,2,4,1,0,3,1,3,4,0,3,0,4
2809,1400,C|N|Ta,4,4,2,0,1,0,3,0,1,2,3,0
2810,51,Cu|La|O|Sm|Sr,4,3,2,4,3,3,3,3,3,4,0,4
2811,746,Co|Ti,3,0,3,4,3,4,2,0,2,1,2,2
2812,1401,Ag|Ba|Cu|O|Y,0,3,1,4,2,4,2,1,4,2,0,1
2813,1002,Fe|Lu|Sc|Si,0,0,1,3,2,1,0,1,2,2,4,3
2814,1349,Ce|Th,1,1,1,4,0,1,3,0,4,1,3,1
2815,1402,Al|Ga|Pd|U,4,3,2,4,0,4,2,2,4,0,4,0
2816,1403,Si|Sn|V,3,1,1,2,0,3,3,3,3,3,4,4
2817,64,Ba|Cu|O|Y|Zn,1,1,2,4,3,2,0,4,3,3,4,1
2818,134,As|Fe|O|Sr|V,1,1,1,3,2,2,1,3,0,0,4,1
2819,59,Bi|Ca|Cu|O|Sr,2,1,2,3,0,3,1,0,4,2,1,2
2820,5,Al|Ga|V,3,2,3,4,0,2,4,0,4,3,2,2
2821,86,Ba|Cu|O|Y,4,4,4,2,0,4,0,3,3,1,4,4
2822,1404,Nb|Rh|Ta,2,3,0,0,1,0,4,1,1,2,2,3
2823,800,Cr|V,3,4,2,4,0,3,2,3,3,0,4,2
2824,1405,Ba|Cu|Fe|Ho|O,2,2,2,0,2,1,2,3,1,0,1,0
2825,351,Ba|Cu|Hg|O,0,1,0,3,3,4,3,4,3,1,1,2
2826,379,Ce|In|Ir|Rh,0,1,4,3,1,0,0,4,0,0,3,4
2827,767,Sn|Ta|V,0,4,1,3,4,2,4,1,2,1,1,3
2828,1062,Ce|Co|In|Yb,3,1,4,2,4,3,0,2,4,1,2,4
2829,1406,Sn|Te,4,3,2,4,0,4,2,4,4,0,4,0
2830,1407,Ag|O|Pb,3,3,1,4,2,2,2,4,1,3,1,1
2831,1408,Al|Nb|V,4,3,2,3,4,1,1,2,4,0,0,3
2832,947,Bi|Cu|Nd|O|Sr|Y,4,3,4,4,3,0,3,4,0,2,4,0
2833,1409,Fe|La|O|P,3,4,2,2,2,3,2,1,4,4,2,2
2834,22,Ba|Co|Cu|O|Y,3,0,2,2,0,4,2,4,0,0,1,3
2835,622,C|Mo|Ti,3,3,2,1,4,2,4,0,3,1,3,4
2836,152,Ba|Cu|O|Sr|Y,2,2,4,0,3,2,0,1,3,0,1,0
2837,1030,P|Pd,1,1,1,4,2,4,4,2,4,2,4,3
2838,1410,As|Co|Fe|K,0,1,0,4,0,0,0,3,0,3,1,4
2839,338,As|Ce|Fe|H|O,3,0,1,0,2,1,0,3,2,2,3,0
2840,0,As|Ba|Fe|K,0,4,2,3,0,4,1,2,0,1,0,1
2841,343,As|Ca|Fe|Pt,0,4,4,2,2,3,0,4,3,2,2,1
2842,286,Ba|Cu|O|Pr|Y,3,1,2,0,3,0,3,2,2,2,1,3
2843,1411,Hg,1,2,4,2,0,4,2,4,0,4,3,4
2844,138,Ir|V,0,0,2,3,3,2,3,1,4,4,2,1
2845,527,Ir|Rh|Ru,3,0,0,0,1,3,4,2,2,2,0,2
2846,42,Cu|La|O|Sr|Zn,1,2,4,4,3,1,0,3,0,2,0,1
2847,136,Nb|Zr,0,4,3,4,3,1,0,2,1,3,1,1
2848,1178,Ge|Pr|Pt|Sb,0,3,0,3,4,3,2,4,0,2,2,0
2849,1412,Rh|Sn,2,2,0,3,0,3,1,2,3,1,1,0
2850,1413,Ba|Co|Ge,3,4,1,0,2,1,2,3,4,2,4,1
2851,1237,As|F|Fe|Mn|O|Sm,2,0,0,1,0,4,2,3,0,4,0,0
2852,1414,Ce|In|La,2,1,1,3,1,0,4,2,0,2,0,2
2853,511,Al|Ca|Ga|Si,3,2,3,0,0,0,1,4,0,1,2,0
2854,142,Br|C|I|Y,2,2,2,0,2,4,3,0,1,0,4,0
2855,905,Cu|La|Nd|O,0,1,4,3,2,3,4,3,3,4,4,1
2856,1090,Al|B|Nb,3,4,3,2,2,0,1,0,4,4,3,0
2857,1266,B|C|Gd|Ni|Y,1,0,0,1,3,3,2,1,2,4,2,1
2858,146,Ba|Cu|Er|O,0,4,2,1,2,2,3,1,0,4,4,0
2859,1415,C|V|Y,4,3,0,0,2,3,3,4,1,1,0,1
2860,1032,Ba|Cu|Dy|Fe|O,4,1,0,3,1,3,1,3,1,4,4,2
2861,49,Ba|Cu|La|O,3,0,2,4,3,0,1,2,0,0,0,3
2862,1416,Te,4,4,3,2,1,3,1,0,0,4,0,2
2863,65,Ba|Bi|K|O,3,2,0,2,0,0,3,0,3,0,1,3
2864,1213,Cu|Mo|O|Sr|Y,3,2,2,3,1,3,3,0,2,2,4,0
2865,206,Ir|La,4,1,1,4,1,3,1,2,4,2,0,4
2866,428,Ba|Cu|O|Sr|Yb,1,4,0,4,3,2,2,3,2,0,2,4
2867,1417,Ga|Sc,0,1,1,3,0,3,2,2,2,4,4,3
2868,1418,Sn|Th,1,1,3,4,3,1,2,2,4,1,4,4
2869,606,Al|Sb|V,3,4,4,1,2,4,0,3,0,2,3,1
2870,6,Co|Cu|La|O|Sr,1,1,0,1,0,4,2,1,0,0,2,3
2871,646,Ba|Na|Si,3,1,3,0,1,3,3,2,2,3,0,1
2872,1419,Bi|F|O|S,3,2,1,1,3,3,1,3,1,2,2,3
2873,100,Co|Y,0,4,4,4,1,4,0,3,3,2,2,1
2874,1183,B|C|Fe|Ni|Tm,3,1,2,3,0,4,4,1,1,1,3,3
2875,1100,As|Ba|Fe|P,1,0,1,4,3,0,0,1,4,0,1,3
2876,508,Na|Pb,0,4,1,2,4,1,0,4,4,2,4,2
2877,1048,C|Rb,3,4,3,2,1,1,2,4,0,0,2,1
2878,1062,Ce|Co|In|Yb,3,1,4,2,4,3,3,1,0,1,0,4
2879,866,Ba|Cs|Cu|O|Y,3,2,0,0,2,2,0,3,2,3,3,3
2880,1420,Ba|Cu|Ni|O|Sm,2,1,4,0,0,0,3,2,0,2,3,2
2881,1421,Cu|Te,3,2,0,3,3,1,4,3,4,4,2,2
2882,374,Ba|Bi|O|Pb,1,3,3,2,1,2,3,3,0,0,1,0
2883,950,Bi|Ca|Cu|Nd|O|Pb|S|Sr,0,4,3,4,3,4,2,2,3,2,2,0
2884,131,Ba|O|Sb|Sn|Ti,2,3,3,0,0,1,2,4,3,2,3,0
2885,351,Ba|Cu|Hg|O,0,1,0,3,3,4,3,0,4,4,4,2
2886,343,As|Ca|Fe|Pt,0,4,4,2,2,3,4,2,0,0,2,1
2887,1422,Cu|Mo|Se,4,2,0,0,2,3,2,2,0,3,0,2
2888,1423,Dy|Fe|Lu|Si,0,0,4,1,0,0,1,1,1,3,3,4
2889,395,Ba|Bi|K|O|Pr,3,3,3,4,4,3,3,2,2,1,0,4
2890,1190,Hf|V|Zr,1,1,3,1,4,1,1,2,0,2,4,2
2891,1424,Cr|Cu|O|Sr|Tl,0,1,4,1,0,3,0,4,4,0,1,1
2892,576,C|Co|Mg|Ni,1,2,1,0,4,1,0,4,4,3,4,2
2893,261,Ba|Cu|Nd|O|Pr,3,1,2,4,3,0,4,3,4,2,4,3
2894,180,Cu|Gd|Nd|O|Ru|Sr,1,4,0,1,2,3,0,0,2,0,0,2
2895,42,Cu|La|O|Sr|Zn,1,2,4,4,3,1,3,4,4,0,2,1
2896,73,Bi|Rh,2,2,2,4,0,3,3,0,0,2,2,3
2897,1379,Cu|O|Pr|Re|Sr|Y,0,1,2,0,1,3,4,1,3,0,4,3
2898,1425,Al|Ce|La,4,4,4,4,4,2,0,4,2,4,1,0
2899,1426,As|F|La|Ni|O,0,1,3,3,4,3,1,0,1,1,0,4
2900,148,Nb|Ti,4,0,1,0,2,1,1,0,3,4,0,2
2901,1427,Bi|Cs|Pb|Te,1,1,2,0,2,4,3,1,3,1,0,1
2902,1316,Hf|W,2,4,0,3,4,4,0,3,1,0,2,4
2903,604,Ga|Si|V,3,4,2,4,0,1,4,1,4,2,2,3
2904,64,Ba|Cu|O|Y|Zn,1,1,2,4,3,2,2,4,1,2,3,1
2905,1428,Ce|Cu|Eu|Nb|O|Sr,0,2,3,4,2,0,3,2,3,4,4,2
2906,1047,Ba|Ca|Cu|Dy|O|Zn,2,0,3,4,1,4,3,3,0,2,0,0
2907,1044,Fe|Rb|Se|Tl,4,0,0,2,1,3,2,1,2,4,0,4
2908,713,Au|Nb|Rh,2,0,0,2,1,3,0,0,0,2,0,2
2909,1429,Bi|La|O|S|Ti,4,4,3,4,4,2,1,2,0,0,1,3
2910,1430,Si|Th,0,1,0,3,3,1,3,0,1,4,1,2
2911,1431,Tc|Th,4,1,4,0,2,2,2,1,4,1,1,1
2912,509,B|C|Dy|Ni|Y,2,4,2,4,2,0,4,1,0,3,1,0
2913,253,Fe|K|Mn|Se,2,0,4,0,4,1,2,1,0,2,2,3
2914,302,H|Hf|V,2,0,1,3,0,4,2,2,1,2,3,2
2915,1432,Al|Mn,2,1,1,4,0,2,1,1,0,1,4,4
2916,114,Cu|O|Sr|Y,4,3,4,2,2,3,0,2,0,2,0,4
2917,1433,Hf|Mo,2,3,1,3,0,1,1,0,1,4,4,0
2918,1434,Ba|Ca|Cu|Dy|La|O,3,4,4,3,3,2,3,2,0,0,4,1
2919,1266,B|C|Gd|Ni|Y,1,0,0,1,3,3,0,0,1,2,0,1
2920,1435,Co|Cu|Ir|S,2,4,1,2,1,0,3,4,1,1,0,4
2921,598,C|Ca|Y,1,2,0,1,3,2,1,2,1,2,4,3
2922,64,Ba|Cu|O|Y|Zn,1,1,2,4,3,2,3,3,1,2,0,1
2923,496,In|Pb,4,0,3,1,4,2,0,4,3,3,0,2
2924,656,Al|Ba|Ca|Cu|O|Y,0,3,4,3,2,0,2,0,2,2,4,3
2925,1056,Ge|In|Sn|Te,2,1,3,1,3,0,2,3,0,1,0,4
2926,867,V|Zr,3,0,3,3,0,0,2,4,2,0,3,0
2927,1098,As|Eu|Fe|P,4,0,1,2,3,2,4,3,0,4,2,2
2928,0,As|Ba|Fe|K,0,4,2,3,0,4,3,3,0,1,2,1
2929,642,Ba|Cu|Dy|O|Sr,4,3,1,1,2,3,1,1,1,0,4,2
2930,524,Os|Re,2,3,4,2,4,3,0,1,3,0,0,3
2931,339,Ir|Zr,1,3,3,2,0,4,2,3,2,1,1,4
2932,350,Ba|Ca|Cu|La|Nd|O,2,4,3,4,0,4,0,0,4,4,2,1
2933,738,Co|La|Ru|Si,3,4,4,1,4,2,1,1,2,3,2,4
2934,1436,B|Er|Lu|Ru,2,1,1,0,3,1,4,0,3,2,2,1
2935,1437,Fe|Se|Sm,3,3,3,0,1,2,4,2,2,4,2,4
2936,148,Nb|Ti,4,0,1,0,2,1,1,2,0,0,3,2
2937,1438,As|Dy|F|Fe|La|O,0,4,0,2,4,4,4,0,2,1,4,3
2938,1254,C|Mg|Ni|Zn,3,0,4,0,4,4,2,1,4,3,0,3
2939,236,Ba|Cu|O|Tm,4,3,1,0,0,1,1,0,3,0,4,3
2940,1439,Pd|Rh|Zr,4,3,4,0,2,2,0,0,1,3,2,1
2941,41,In|Tl,1,1,0,3,0,1,3,1,2,3,4,3
2942,476,Ba|Cu|Ga|O|Y,0,1,1,0,4,0,2,1,0,0,4,1
2943,1440,Ba|O|Sb|Ti,1,3,3,0,0,4,0,0,0,1,0,4
2944,1244,Be|Ni,4,0,2,3,0,0,3,4,2,4,1,1
2945,359,Cs|O|W,3,1,3,4,2,4,4,3,1,0,2,2
2946,1441,Bi|Se|Ta,2,4,0,3,2,0,0,2,2,4,0,4
2947,1442,Ir|Se,4,3,0,1,2,1,3,0,2,0,4,0
2948,1443,Hf|In|Pd,4,4,0,3,2,0,0,3,1,0,4,3
2949,825,Ba|Cu|Dy|Ni|O,3,0,1,1,2,4,1,3,3,1,1,4
2950,436,Ba|Cu|Eu|O|Pr|Sr,4,0,2,2,2,1,4,3,4,4,0,3
2951,321,Ba|Cu|K|O|Y,1,4,0,1,2,3,2,1,0,2,4,0
2952,1444,Br|Ca|Cu|Na|O,3,3,3,4,1,3,0,4,1,0,3,3
2953,1445,Al|Sb,2,4,4,2,4,0,3,4,3,4,4,0
2954,675,Ba|Cu|O|Sm,0,0,0,2,2,0,1,0,3,4,2,0
2955,74,Ba|Cu|La|O|Y,2,3,3,3,3,1,3,4,4,4,3,2
2956,1446,Ge|In,3,3,3,4,3,2,4,2,4,1,4,2
2957,144,B|C|Dy|Ho|Ni,3,1,4,4,2,0,4,1,2,1,0,1
2958,878,Ba|Cu|Ho|O,0,0,4,4,4,0,1,0,2,0,0,1
2959,292,Ba|Cu|Fe|O|Y,0,4,0,1,4,3,2,2,0,2,2,4
2960,1135,Co|Rh|Sn|Tm,3,2,1,3,3,4,3,4,3,0,1,0
2961,496,In|Pb,4,0,3,1,4,2,3,2,1,0,4,2
2962,74,Ba|Cu|La|O|Y,2,3,3,3,3,1,1,4,1,2,4,2
2963,857,As|Fe|Pt|Sr,3,3,0,0,2,3,4,0,1,0,4,3
2964,413,B|Ba|Cu|O|Sr|Y,0,1,4,4,2,2,3,3,1,0,3,4
2965,155,Ba|Cu|Dy|Ga|O,1,3,4,2,3,2,2,0,0,3,0,1
2966,130,Be|Th|U,2,4,1,0,3,3,2,3,2,1,1,0
2967,1245,B|Y,1,1,2,4,4,3,1,2,1,3,3,0
2968,1447,Bi|C|Cu|O|Sr|Tl,2,4,0,1,4,4,4,2,0,1,0,4
2969,442,Nb|Sn|Zr,0,1,0,4,3,3,3,3,0,2,4,0
2970,417,Ca|Cu|O|Sr|Tl,2,3,4,2,3,0,4,3,4,2,0,4
2971,1168,Ba|Ca|Cu|Er|O,4,2,4,3,1,1,2,3,1,2,0,1
2972,1448,Ag|Sn|Te,4,1,1,2,4,0,1,3,1,4,0,0
2973,483,B|C|Lu|Ni|Y,3,0,3,2,4,3,3,1,0,4,3,1
2974,1449,Ir|Si|Ta,4,0,4,4,2,2,3,4,3,1,1,3
2975,901,Al|Nb|Se,2,3,4,3,0,2,0,0,1,0,2,4
2976,1450,C|Mo|V,1,1,1,3,2,2,0,1,2,4,1,3
2977,300,Ge|Ir|Lu|Si,3,1,3,4,1,3,4,0,3,3,2,2
2978,1419,Bi|F|O|S,3,2,1,1,3,3,4,1,3,3,4,3
2979,1451,Bi|Ru,2,2,3,1,2,1,3,0,4,2,0,4
2980,19,Gd|In|La,1,2,2,4,3,2,1,3,1,1,1,4
2981,1452,S|Sn|Ta,3,1,1,3,2,3,4,0,3,2,1,4
2982,1453,Eu|La,4,2,1,2,2,2,3,0,3,1,3,0
2983,461,Al|Ba|Cu|O|Y,1,0,4,4,3,2,1,1,3,2,1,4
2984,146,Ba|Cu|Er|O,0,4,2,1,2,2,1,0,4,3,3,0
2985,1454,C|Cl|Y,1,1,1,0,3,3,1,1,4,2,3,0
2986,1444,Br|Ca|Cu|Na|O,3,3,3,4,1,3,1,4,2,0,2,3
2987,441,Ba|Ca|Cu|La|O|Yb,1,2,1,2,1,1,4,1,1,4,3,2
2988,1455,Nb|Pb|Se,0,0,4,2,1,1,4,3,0,4,2,1
2989,1107,Cu|S|Se,4,4,4,1,1,1,4,0,0,2,4,4
2990,473,Ba|Ca|Cu|O|Sr|Yb,2,2,0,1,4,2,2,2,3,3,0,2
2991,252,Ce|Cu|La|O|Pr,0,0,4,3,3,0,1,2,3,1,2,3
2992,336,Ba|Cu|O|Pr|Sm,3,3,2,0,3,2,3,1,0,4,1,1
2993,730,Cd|In|La,1,4,0,1,0,1,4,2,4,3,3,1
2994,10,Cu|La|O|Pb|Sr,3,0,0,3,2,2,0,4,4,3,2,3
2995,1456,Mo|Rh,4,2,1,3,1,1,0,4,1,1,3,1
2996,1457,Fe|Lu|Si|Tm,4,0,1,1,1,4,3,0,0,2,0,1
2997,1458,As|Fe|Rb,0,0,3,3,2,2,4,3,1,4,0,1
2998,642,Ba|Cu|Dy|O|Sr,4,3,1,1,2,3,3,2,0,0,0,2
2999,1459,Cl|K|N|Zr,1,3,1,1,0,4,1,1,3,4,0,3
3000,1460,Bi|Cu|La|O|Sr|Y,1,1,4,0,0,1,1,0,2,0,3,1
3001,358,N|Nb,1,3,3,2,3,1,3,1,2,4,0,1
3002,390,Ce|Cu|Nd|O|Y,3,1,2,4,4,2,0,4,0,0,4,3
3003,1274,Ba|Ca|Cu|O|Tm,1,3,2,3,4,2,3,3,2,4,0,1
3004,115,Pb|Tl,4,3,1,2,2,0,4,1,3,1,0,2
3005,1461,As|Ca|Fe|Nd|Pt,1,4,2,3,3,2,0,1,1,0,2,4
3006,1364,Ni|Zr,2,1,2,3,2,1,0,0,4,1,1,4
3007,1077,Ba|Cu|La|O|Zn,0,0,1,0,4,3,0,3,2,0,4,0
3008,549,Dy|Ge|Os|Y,0,3,1,0,0,0,0,4,3,4,2,0
3009,1462,As|Fe|O|Sm|Th,2,1,2,1,1,4,0,4,3,1,1,2
3010,1463,Tc|V,0,1,0,1,3,0,0,0,4,0,3,2
3011,1464,Cl|Hf|N|Na,4,1,3,2,1,4,3,0,0,0,0,2
3012,694,Ba|Cu|Gd|O|Pr,4,4,3,2,3,0,4,3,2,2,1,2
3013,1465,Ir|Sr,2,0,4,3,2,3,2,0,4,1,1,2
3014,1466,Bi|Pt|Te,1,4,0,0,4,3,2,0,1,3,0,3
3015,64,Ba|Cu|O|Y|Zn,1,1,2,4,3,2,4,0,2,4,4,1
3016,1467,Fe|K|S,0,0,3,2,4,0,3,1,2,3,3,4
3017,1468,C|Ta|Ti,4,4,1,2,3,1,0,2,1,3,2,0
3018,1469,B|La|Y,0,4,4,2,3,4,1,2,4,1,1,0
3019,1470,C|Cu|O|Sr|Tl|V,3,4,2,1,3,4,0,0,2,2,2,1
3020,655,Cu|La|O|Ru|Sr,2,1,1,0,4,3,0,4,4,2,3,4
3021,554,Ce|Cu|Eu|La|O,4,3,3,4,1,0,0,0,1,1,0,3
3022,365,Bi|Cu|Nd|O|Sr,2,4,2,1,4,2,2,3,0,3,2,3
3023,89,In|Pb|Sn|Te,1,2,1,2,3,2,0,0,2,4,2,1
3024,168,Cu|La|O,0,4,4,4,1,3,4,2,4,3,1,0
3025,1471,K|Mo|O,4,2,0,3,3,1,0,4,1,1,0,2
3026,11,Ba|Cu|Nd|O,4,1,1,2,1,1,2,3,0,3,3,4
3027,1318,Ir|Re,3,0,2,4,2,0,2,1,3,1,3,4
3028,1262,Ag|Ga,4,0,2,3,3,3,0,1,4,1,2,3
3029,1472,Ge|Pd|Pt|Sr,4,4,4,4,3,2,1,3,2,3,0,1
3030,907,C|N|Na,1,3,4,0,1,2,0,4,2,1,1,1
3031,1473,Ba|Bi|Pb,2,1,4,4,2,2,3,4,3,1,1,1
3032,1474,Al|Zr,4,1,4,4,3,4,0,2,3,1,1,1
3033,65,Ba|Bi|K|O,3,2,0,2,0,0,3,4,3,0,4,3
3034,548,B|Er|Rh|Tm,2,3,3,4,3,4,1,4,4,1,4,2
3035,1475,As|Fe|O|Tb,1,2,1,1,2,0,1,1,0,4,1,2
3036,366,As|Ba|Fe|Ni,0,1,0,4,4,3,2,4,0,1,1,1
3037,723,Nb|Sn|Ta,3,1,3,4,3,1,0,3,4,0,1,0
3038,1476,C|Mo|Re,4,0,3,0,1,2,0,0,3,1,1,2
3039,669,Cu|Se|Ti,1,3,2,3,1,1,0,2,0,3,0,1
3040,109,Ba|Cu|Er|Fe|O|Zn,0,1,4,3,3,2,2,2,1,2,2,4
3041,721,Ga|Nb|Sn,0,2,4,2,3,2,4,3,1,3,2,1
3042,327,B|C|Cu|O|Sr,3,4,4,0,2,4,0,0,1,1,3,3
3043,17,La|Tb,0,1,0,3,4,1,0,3,0,2,2,0
3044,1477,Ca|Cu|F|Nd|O|Sr,2,1,0,1,0,4,3,3,2,4,0,0
3045,524,Os|Re,2,3,4,2,4,3,3,3,2,3,1,3
3046,734,Ge|Nb,1,3,4,0,2,2,0,2,2,3,0,4
3047,524,Os|Re,2,3,4,2,4,3,4,4,0,1,2,3
3048,1478,Se|Sr|W,0,1,4,4,3,3,0,2,4,2,4,3
3049,1325,As|Ca|Eu|Fe,0,2,0,2,2,1,4,4,3,4,1,2
3050,1479,Ca|Cu|Nd|O|Pb|Sr|Tl,3,4,3,0,4,2,0,0,4,0,0,4
3051,62,Al|Ge|Nb,2,3,3,0,1,3,0,3,3,2,2,2
3052,171,As|Ca|Co|Fe,3,2,0,0,3,4,3,3,0,1,3,3
3053,715,Cu|Gd|O|Rh|Ru|Sr,0,1,4,3,2,3,2,2,0,4,0,1
3054,857,As|Fe|Pt|Sr,3,3,0,0,2,3,2,4,3,2,0,3
3055,476,Ba|Cu|Ga|O|Y,0,1,1,0,4,0,1,3,3,3,3,1
3056,286,Ba|Cu|O|Pr|Y,3,1,2,0,3,0,1,4,1,0,0,3
3057,1480,As|Ba|Cs|Fe,4,4,2,3,1,4,4,0,0,2,0,0
3058,1046,B|C|Lu|Ni|V,1,4,4,1,0,1,3,1,2,2,4,4
3059,1481,Hf|P|S,1,3,2,2,3,1,1,1,3,2,1,3
3060,1482,As|Fe|La|O|Sr,4,2,1,3,2,2,2,3,4,3,1,1
3061,341,Ce|Co|In|Sn,4,2,1,0,1,3,3,4,1,3,2,3
3062,1483,As|Ca|Fe|Ni,3,4,1,4,2,1,4,4,3,3,1,1
3063,1484,Al|Hf|Pd,1,3,4,3,4,4,2,1,3,0,1,0
3064,292,Ba|Cu|Fe|O|Y,0,4,0,1,4,3,0,0,4,2,0,4
3065,166,Ce|La|Ru,3,4,1,1,0,3,1,0,0,1,2,1
3066,1485,La|Sm,0,0,4,0,4,0,0,2,2,1,0,4
3067,627,Al|Ca|Cu|O|Sr,0,4,1,0,2,4,3,1,1,0,3,0
3068,50,Ba|Ca|Cu|Er|La|O,3,3,0,3,1,3,3,0,4,1,0,2
3069,732,S|Se|Ta,4,4,4,0,4,1,1,2,0,0,3,1
3070,1293,C|Cs|Rb,1,0,2,0,0,2,4,4,2,2,1,3
3071,1486,C|Pd|Si|Y,3,0,4,0,4,2,0,0,2,2,4,4
3072,1089,Ta|Ti,1,3,1,0,1,2,4,1,1,3,1,2
3073,1487,As|Ce|Fe|O,4,1,0,2,2,3,1,1,0,2,1,4
3074,36,Bi|Ca|Cu|O|Sr|Y,4,2,4,1,1,0,3,2,3,0,1,4
3075,286,Ba|Cu|O|Pr|Y,3,1,2,0,3,0,2,3,3,1,3,3
3076,759,Bi|Ca|Ce|Cu|O|Sr,1,2,3,2,1,0,0,2,4,1,2,4
3077,1488,Ir|Sn,0,4,0,0,0,2,4,0,3,0,4,2
3078,1489,La|Lu,0,1,0,2,1,2,1,2,4,3,2,4
3079,1490,Ba|Pt|Sb,2,0,1,2,2,0,0,1,0,3,1,2
3080,429,Cu|La|Ni|O|Sr,0,4,1,1,3,1,3,2,3,4,0,0
3081,139,Al|B|Mg,1,1,3,4,1,1,0,0,2,0,2,1
3082,171,As|Ca|Co|Fe,3,2,0,0,3,4,3,4,2,2,3,3
3083,57,Ba|Ca|Co|Cu|O|Y,1,1,3,4,0,1,0,4,3,0,3,2
3084,830,Ba|Cu|Er|O|Zn,4,4,3,4,4,1,3,2,1,1,1,3
3085,298,As|Fe|H|O|P|Sm,3,0,2,4,1,2,4,1,2,3,1,4
3086,74,Ba|Cu|La|O|Y,2,3,3,3,3,1,1,0,4,3,0,2
3087,684,Ba|Ca|Cu|Hg|O,0,1,4,0,4,3,4,3,4,4,0,4
3088,86,Ba|Cu|O|Y,4,4,4,2,0,4,2,0,0,4,3,4
3089,800,Cr|V,3,4,2,4,0,3,3,3,0,2,4,2
3090,74,Ba|Cu|La|O|Y,2,3,3,3,3,1,1,3,0,3,4,2
3091,11,Ba|Cu|Nd|O,4,1,1,2,1,1,4,2,0,0,4,4
3092,1491,N|Nb|V,4,1,4,3,1,1,3,1,2,4,4,4
3093,152,Ba|Cu|O|Sr|Y,2,2,4,0,3,2,2,3,4,0,4,0
3094,1318,Ir|Re,3,0,2,4,2,0,4,4,1,2,0,4
3095,1492,Ca|K|Li|Nb|O,1,2,4,0,1,4,3,0,0,2,1,3
3096,1493,B|Ru|Th|Y,3,3,4,3,1,1,4,1,4,2,1,0
3097,764,As|Ca|F|Fe|Ni,0,1,0,4,1,3,3,0,1,4,0,4
3098,1494,Co|Ga|Nb,2,0,1,1,0,4,2,4,1,4,3,2
3099,286,Ba|Cu|O|Pr|Y,3,1,2,0,3,0,1,3,1,0,0,3
3100,269,Ba|Cu|La|Nd|O,3,1,4,1,0,3,1,2,2,0,3,1
3101,12,Ba|Ca|Cu|O|Y,3,3,3,3,4,4,0,3,2,3,0,3
3102,86,Ba|Cu|O|Y,4,4,4,2,0,4,4,4,4,0,3,4
3103,1495,Ir|Mo|Re,0,0,4,1,0,3,4,4,1,3,1,4
3104,1013,Al|Nb,1,0,2,4,2,3,3,2,2,1,4,0
3105,1132,B|Mg|Sc,0,2,0,3,1,2,4,0,2,3,1,4
3106,590,Fe|P|Ru|Zr,4,2,2,1,1,0,3,4,4,2,2,4
3107,218,C|Mo|Ta,1,3,0,0,3,0,4,1,0,1,2,0
3108,1496,La|Os|P,4,2,0,1,1,2,3,2,0,4,2,4
3109,1406,Sn|Te,4,3,2,4,0,4,2,3,3,0,1,0
3110,1154,As|F|Fe|O|Sm,3,2,4,3,2,0,3,4,4,4,2,3
3111,1497,La|Ru|Si,4,4,0,3,3,1,3,1,4,0,3,3
3112,1364,Ni|Zr,2,1,2,3,2,1,2,1,2,1,3,4
3113,1498,Ba|Cu|La|O|Pr,1,3,0,4,4,0,3,3,3,0,1,2
3114,1499,Bi|Ni,1,0,4,4,1,1,1,4,1,4,4,2
3115,1500,Dy|Mo|S,2,3,0,1,2,4,4,4,3,3,4,0
3116,14,Cu|La|O|V,3,0,4,1,3,3,3,0,4,1,2,3
3117,1474,Al|Zr,4,1,4,4,3,4,2,4,4,1,1,1
3118,42,Cu|La|O|Sr|Zn,1,2,4,4,3,1,2,3,0,4,2,1
3119,1213,Cu|Mo|O|Sr|Y,3,2,2,3,1,3,2,0,0,3,3,0
3120,817,Ce|Cu|Gd|O|Sm,1,1,0,4,3,4,1,3,3,0,0,2
3121,175,K|O|W,0,1,3,3,0,0,2,2,4,4,2,4
3122,1501,Ge|Pd|Sr,3,0,0,2,0,3,4,4,3,2,4,0
3123,174,Mo|P|Ru,0,4,4,3,3,4,4,1,4,3,2,1
3124,1097,Er|Pd|Sn|Y,0,2,3,0,0,4,1,4,0,3,3,4
3125,395,Ba|Bi|K|O|Pr,3,3,3,4,4,3,1,3,0,3,0,4
3126,665,Ba|Ca|Cu|Gd|La|O,4,1,4,1,3,0,2,2,0,3,0,2
3127,463,As|Eu|Fe|K,3,0,3,0,1,2,4,2,4,4,3,4
3128,152,Ba|Cu|O|Sr|Y,2,2,4,0,3,2,4,0,1,2,1,0
3129,1136,Mo|Se,2,1,1,1,0,1,4,4,3,1,0,3
3130,721,Ga|Nb|Sn,0,2,4,2,3,2,0,4,4,1,3,1
3131,703,C|Mg|Ni,3,1,1,4,1,0,0,3,0,4,3,2
3132,1502,Nb|Re|Si,3,3,1,3,0,1,0,0,2,4,2,0
3133,1503,Ag|Te,4,2,0,4,2,0,3,4,1,1,3,1
3134,365,Bi|Cu|Nd|O|Sr,2,4,2,1,4,2,3,3,0,3,1,3
3135,529,Al|Ge,2,0,2,0,0,4,3,2,4,2,2,1
3136,886,Ba|Si,1,0,4,0,3,1,2,4,3,0,1,3
3137,1504,Ba|Cu|F|O|Sr,3,2,1,0,1,2,4,3,4,3,4,3
3138,12,Ba|Ca|Cu|O|Y,3,3,3,3,4,4,1,4,3,1,0,3
3139,1505,B|Ho|Ir,0,0,2,1,4,2,4,4,4,1,3,3
3140,57,Ba|Ca|Co|Cu|O|Y,1,1,3,4,0,1,1,3,3,1,3,2
3141,1226,As|Co|Fe|O|Sm,1,2,0,1,3,0,3,4,1,4,4,0
3142,40,Au|Ga,0,0,0,2,1,0,2,2,4,4,1,1
3143,1506,Ge|Ir|Lu,0,2,3,4,0,0,2,1,3,4,4,2
3144,1507,Na|Pb|S|Ta,1,2,0,2,0,4,1,0,0,4,2,3
3145,64,Ba|Cu|O|Y|Zn,1,1,2,4,3,2,3,2,0,3,0,1
3146,79,Fe|Se|Te,4,3,3,0,1,3,3,3,0,2,4,0
3147,1508,Nb|P,2,3,1,0,0,3,1,2,4,2,1,4
3148,1509,Bi|Ca,0,1,1,3,3,4,0,4,2,2,1,0
3149,675,Ba|Cu|O|Sm,0,0,0,2,2,0,0,4,2,3,1,0
3150,1006,Cu|Rh|Se|Sn,0,4,2,1,2,3,3,4,1,1,2,1
3151,1510,Al|Tl,3,3,3,3,0,4,0,4,3,2,2,0
3152,1511,As|Ca|Ce|Fe|Sb,2,0,2,4,1,0,1,0,4,0,2,4
3153,1025,Ga|Mn|Nb,1,1,4,0,2,4,1,2,1,1,3,2
3154,1512,C|Mg|Ni|Ru,1,2,3,2,0,3,1,3,0,4,3,2
3155,74,Ba|Cu|La|O|Y,2,3,3,3,3,1,3,3,4,0,3,2
3156,290,Ba|Ca|Cu|La|O|Y,2,0,4,0,1,2,1,4,3,0,0,1
3157,882,Mo|Si,2,1,4,2,4,4,0,2,2,2,1,0
3158,123,B|C|Co|Lu|Ni,4,3,0,1,0,4,3,0,1,0,0,0
3159,292,Ba|Cu|Fe|O|Y,0,4,0,1,4,3,0,3,2,2,4,4
3160,47,Al|Au,4,1,0,3,4,1,1,0,1,3,2,4
3161,1513,Mo|P,4,2,0,4,3,1,0,4,4,4,3,3
3162,49,Ba|Cu|La|O,3,0,2,4,3,0,2,3,3,2,0,3
3163,1514,Ho|Os|Sn,1,4,3,0,4,0,4,3,3,3,2,3
3164,1515,Co|Lu|Sn,4,1,2,3,0,3,2,4,0,0,2,2
3165,1516,Ge|Rh|Y,0,2,3,1,0,2,4,0,0,0,4,0
3166,1517,Rh|Sn|Y,4,3,0,0,4,3,1,4,3,2,1,2
3167,1518,H|Ni|Pd,3,3,3,4,4,0,3,0,3,1,2,4
3168,624,Ru|Zr,0,4,4,2,3,3,4,3,0,0,4,3
3169,10,Cu|La|O|Pb|Sr,3,0,0,3,2,2,2,1,3,0,0,3
3170,387,Bi|Ce|F|O|S,4,4,3,2,2,4,0,4,3,0,4,3
3171,348,B|C|Lu|Ni,1,4,1,3,3,4,2,2,2,2,3,1
3172,1519,Cu|Sn,2,0,2,0,4,4,0,3,3,3,2,3
3173,57,Ba|Ca|Co|Cu|O|Y,1,1,3,4,0,1,2,4,3,4,1,2
3174,1,Ba|Ca|Cu|La|O,0,0,1,3,2,4,3,3,1,1,4,0
3175,1251,Os|Zr,2,4,4,3,3,4,3,4,0,2,0,2
3176,1520,Co|La|Sn,3,2,0,3,4,0,3,1,4,3,3,1
3177,1237,As|F|Fe|Mn|O|Sm,2,0,0,1,0,4,1,1,0,2,4,0
3178,54,Nb|Ta,1,2,0,0,3,2,4,1,3,2,2,0
3179,930,H|Nb|Pd,1,2,3,3,2,1,3,3,0,1,1,1
3180,1450,C|Mo|V,1,1,1,3,2,2,1,2,1,3,0,3
3181,756,As|Ca|Fe|Pr,3,4,0,1,2,1,1,0,0,3,0,1
3182,300,Ge|Ir|Lu|Si,3,1,3,4,1,3,2,4,3,0,3,2
3183,1017,Ba|Ca|Cu|Lu|O,1,0,2,3,3,0,0,3,2,4,1,4
3184,1521,F|O|W,0,2,4,1,1,1,1,4,4,3,1,4
3185,1522,Bi|Tl,3,3,4,4,1,3,4,2,3,4,3,0
3186,1523,Fe|Li|P,1,1,4,2,1,4,4,1,2,1,2,4
3187,1165,Nd|Os|Pr|Sb,4,2,1,2,1,4,3,2,0,4,4,0
3188,89,In|Pb|Sn|Te,1,2,1,2,3,2,1,1,0,0,4,1
3189,441,Ba|Ca|Cu|La|O|Yb,1,2,1,2,1,1,2,2,2,2,1,2
3190,1384,C|Nb|W,3,4,1,4,3,3,4,2,0,3,3,4
3191,504,Al|Ga|Nb,2,4,3,1,2,0,4,0,1,1,4,3
3192,1524,La|Nb|Se,0,3,0,2,4,0,0,2,2,2,4,4
3193,1525,Rh|Si|Th,3,2,1,4,3,1,0,3,1,4,1,4
3194,152,Ba|Cu|O|Sr|Y,2,2,4,0,3,2,1,3,0,0,4,0
3195,86,Ba|Cu|O|Y,4,4,4,2,0,4,2,0,3,2,2,4
3196,1526,C|Re|W,0,0,1,2,4,2,2,2,1,4,2,2
3197,1527,Mo|Na|S,2,3,4,0,3,3,1,3,3,1,4,3
3198,338,As|Ce|Fe|H|O,3,0,1,0,2,1,2,0,0,3,3,0
3199,163,Ge|La,4,4,2,2,2,1,3,4,0,3,1,4
3200,614,Cr|Ru,4,3,1,1,3,0,1,4,1,2,1,3
3201,64,Ba|Cu|O|Y|Zn,1,1,2,4,3,2,1,2,0,2,1,1
3202,10,Cu|La|O|Pb|Sr,3,0,0,3,2,2,2,1,0,1,4,3
3203,416,As|Ba|Co|Fe,3,2,2,4,2,1,1,1,0,1,4,3
3204,136,Nb|Zr,0,4,3,4,3,1,4,2,2,1,1,1
3205,258,B|C|Ca|Cu|O|Sr,0,3,1,2,2,1,4,1,0,1,3,3
3206,1501,Ge|Pd|Sr,3,0,0,2,0,3,4,2,4,0,0,0
3207,1528,Hf|K,3,2,4,3,4,3,0,0,4,2,1,0
3208,712,Gd|Pd|Sn|Y,1,0,1,2,3,0,2,3,3,4,3,1
3209,52,Ca|Cu|O|P|Sr|Y,0,1,4,2,4,0,1,2,2,2,4,1
3210,118,Ir|Mo,3,0,4,2,3,3,0,3,2,2,0,0
3211,1375,Fe|Ni|U,4,3,1,4,4,4,4,0,4,2,0,1
3212,474,As|F|Fe|O|Pr,4,2,3,4,2,3,1,4,2,4,3,4
3213,1529,As|Bi|Nb|Sn,4,2,2,1,2,3,0,0,2,1,2,4
3214,455,Ba|Cu|O|Tl,1,1,3,2,4,3,0,3,2,4,4,2
3215,684,Ba|Ca|Cu|Hg|O,0,1,4,0,4,3,4,3,1,3,2,4
3216,681,Ir|Rh|Te,1,3,0,0,4,0,4,0,4,3,1,2
3217,1530,B|C|Re|Tb,0,0,4,2,3,4,2,4,0,3,0,3
3218,1531,Ba|Ge|Pt,4,4,3,4,2,2,4,2,3,2,1,2
3219,1532,Nb|Pd|S,1,4,0,2,1,2,4,2,3,0,0,2
3220,1533,La|Pr|Tl,0,0,1,4,2,4,1,3,2,0,1,3
3221,901,Al|Nb|Se,2,3,4,3,0,2,3,4,4,2,4,4
3222,351,Ba|Cu|Hg|O,0,1,0,3,3,4,1,4,3,1,2,2
3223,521,Nb|Rh,4,2,0,0,1,0,0,1,1,4,4,0
3224,1534,Ce|Cu|O|Sr|Ti|Y,2,3,1,4,4,1,4,1,1,1,3,1
3225,10,Cu|La|O|Pb|Sr,3,0,0,3,2,2,3,2,0,1,0,3
3226,216,Cu|La|O|Sr,4,4,1,1,0,1,4,4,4,1,4,4
3227,300,Ge|Ir|Lu|Si,3,1,3,4,1,3,4,0,2,2,2,2
3228,1535,Hf|Re,3,1,0,3,0,3,3,2,3,4,2,2
3229,1519,Cu|Sn,2,0,2,0,4,4,3,1,3,3,4,3
3230,12,Ba|Ca|Cu|O|Y,3,3,3,3,4,4,4,2,2,4,3,3
3231,139,Al|B|Mg,1,1,3,4,1,1,2,0,2,0,2,1
3232,1499,Bi|Ni,1,0,4,4,1,1,0,3,4,2,0,2
3233,559,B|C|Mg,0,3,1,1,2,2,2,3,4,1,2,3
3234,242,Ba|Cu|La|O|Sr,2,0,1,1,4,2,0,3,2,3,2,4
3235,1536,As|Ce|F|Fe|Gd|O,3,4,2,0,0,1,3,4,2,4,2,0
3236,22,Ba|Co|Cu|O|Y,3,0,2,2,0,4,4,4,1,3,1,3
3237,1537,Ir|Lu|Si,0,2,1,1,4,2,1,2,4,1,4,1
3238,989,Bi|Cu|La|O,3,1,4,4,2,0,4,3,4,2,1,0
3239,197,In|Mo|Se,2,4,4,2,1,3,0,2,2,2,1,1
3240,152,Ba|Cu|O|Sr|Y,2,2,4,0,3,2,1,3,0,4,3,0
3241,286,Ba|Cu|O|Pr|Y,3,1,2,0,3,0,3,4,2,2,0,3
3242,1,Ba|Ca|Cu|La|O,0,0,1,3,2,4,3,2,3,2,1,0
3243,1538,Os|Re|Y,3,0,4,3,1,4,1,3,0,3,4,1
3244,21,Cu|O|Ru|Sr|Y,3,4,3,3,0,3,3,1,1,3,4,3
3245,1539,Si,2,1,0,3,4,3,0,2,1,3,1,1
3246,174,Mo|P|Ru,0,4,4,3,3,4,2,2,1,2,3,1
3247,1540,As|Rh,0,2,2,0,2,4,1,2,4,3,1,2
3248,65,Ba|Bi|K|O,3,2,0,2,0,0,4,2,0,3,0,3
3249,897,Ag|Sn,3,1,4,0,3,1,4,0,0,3,3,4
3250,79,Fe|Se|Te,4,3,3,0,1,3,4,4,3,3,3,0
3251,428,Ba|Cu|O|Sr|Yb,1,4,0,4,3,2,2,1,1,1,3,4
3252,1,Ba|Ca|Cu|La|O,0,0,1,3,2,4,4,3,3,2,0,0
3253,1541,Al|Ge|Sr,4,4,2,2,4,3,0,0,0,0,4,3
3254,496,In|Pb,4,0,3,1,4,2,2,4,4,1,0,2
3255,1294,Bi|F|La|S|Sr,1,2,1,1,2,2,3,3,4,1,1,4
3256,290,Ba|Ca|Cu|La|O|Y,2,0,4,0,1,2,0,3,4,2,4,1
3257,1542,As|C|Nb,2,4,2,2,2,1,4,0,3,3,1,1
3258,441,Ba|Ca|Cu|La|O|Yb,1,2,1,2,1,1,4,1,3,0,0,2
3259,1543,Ag|Ge,3,2,3,2,2,1,2,0,0,4,1,2
3260,1544,B|Ir|La,2,1,2,1,1,2,1,0,0,2,1,2
3261,195,Cd|Ce|Co|In,1,0,0,2,1,4,1,1,3,0,0,4
3262,1545,As|Pd,2,3,3,3,0,3,2,0,2,0,3,4
3263,189,Rh|Zr,4,0,1,3,3,1,0,3,4,4,1,4
3264,1546,Rh|Y,1,3,2,2,0,1,4,1,4,1,4,3
3265,1547,Ca|Cu|O|Sr|Tb|Tl,3,1,4,4,2,3,1,2,1,0,3,3
3266,166,Ce|La|Ru,3,4,1,1,0,3,2,3,4,0,2,1
3267,514,Bi|In,3,0,1,2,2,2,0,0,0,1,0,0
3268,1548,Pd|Tl,4,1,0,3,1,3,3,1,2,3,2,1
3269,967,As|F|Fe|Nd|O,3,4,4,3,0,2,0,1,4,4,3,4
3270,972,Al|Gd|La,2,4,1,0,0,4,0,4,3,1,1,1
3271,387,Bi|Ce|F|O|S,4,4,3,2,2,4,3,2,1,4,4,3
3272,1549,As|Ca|Fe|Pt|Tm,1,1,2,1,0,0,4,1,1,3,2,0
3273,639,Ca|Cu|O|Sr|Tl|Y,3,4,1,0,3,1,0,3,0,3,4,1
3274,175,K|O|W,0,1,3,3,0,0,1,2,4,2,3,4
3275,1550,Ir|Sn|Th,2,1,2,1,3,0,4,3,3,0,3,4
3276,925,Ba|Cu|Gd|O|Sr,4,4,0,1,2,0,3,3,0,0,2,4
3277,152,Ba|Cu|O|Sr|Y,2,2,4,0,3,2,1,2,1,0,4,0
3278,1551,Bi|Ga|Nb|Sn,4,4,0,1,3,4,4,4,0,3,4,1
3279,733,Re|W,0,2,1,0,2,2,0,3,1,2,2,1
3280,31,Ba|Cu|O|Pr|Sr|Y,0,2,3,4,1,0,4,1,4,4,1,2
3281,1,Ba|Ca|Cu|La|O,0,0,1,3,2,4,2,0,2,1,0,0
3282,1,Ba|Ca|Cu|La|O,0,0,1,3,2,4,3,2,3,3,2,0
3283,1552,Re|Rh|Ti,3,4,1,4,1,3,1,1,3,0,2,3
3284,723,Nb|Sn|Ta,3,1,3,4,3,1,0,2,2,4,3,0
3285,956,Ba|Cu|Eu|O|Pr,0,4,4,1,3,3,1,2,2,3,0,3
3286,1330,As|Fe|H|La,3,0,1,2,3,3,2,1,1,0,2,0
3287,1553,La|Pt|Si,4,1,3,0,2,3,2,2,4,4,3,2
3288,473,Ba|Ca|Cu|O|Sr|Yb,2,2,0,1,4,2,3,3,3,4,2,2
3289,985,Fe|Nb|Ti,1,2,1,2,2,4,3,0,1,2,4,4
3290,217,Ce|Cu|O|Sm,3,0,2,1,4,4,4,1,2,4,3,2
3291,152,Ba|Cu|O|Sr|Y,2,2,4,0,3,2,0,0,0,3,0,0
3292,34,Os|Pr|Ru|Sb,2,2,2,1,0,0,4,1,0,0,0,1
3293,713,Au|Nb|Rh,2,0,0,2,1,3,4,2,4,3,0,2
3294,1554,B|C|Li|Mg,3,1,0,3,3,1,0,4,0,0,3,0
3295,586,Bi|Ca|Cu|Ga|O|Pb|Sr,2,4,0,0,0,4,3,2,4,3,0,0
3296,152,Ba|Cu|O|Sr|Y,2,2,4,0,3,2,2,2,4,0,0,0
3297,285,Al|Ge|Nb|Sn,2,1,0,3,1,0,1,4,4,4,2,2
3298,651,Ir|Os|Rh,0,1,4,2,4,2,3,0,0,0,3,1
3299,838,Ce|Cu|Si,2,0,4,4,1,2,1,4,2,4,4,1
3300,575,Os|W,2,0,2,1,2,2,4,0,1,3,0,4
3301,1555,Nb|P|Rh,4,0,0,0,0,3,4,2,0,2,4,2
3302,1032,Ba|Cu|Dy|Fe|O,4,1,0,3,1,3,3,4,0,3,3,2
3303,444,Mo|Pt,4,1,1,4,3,2,2,4,1,2,1,0
3304,1556,C|H|N|Na|Rb,2,4,0,0,3,3,0,0,0,2,4,2
3305,911,Ba|Cu|Lu|O|Pr,2,3,0,2,0,3,2,0,1,3,1,3
3306,1019,Ce|Cu|La|O,0,3,4,3,4,1,1,3,3,4,4,0
3307,1037,As|Ce|Co|Fe|H,1,1,2,3,0,2,3,3,0,3,4,3
3308,241,Ga|V,4,3,1,0,4,2,4,2,2,1,2,0
3309,1249,Ba|Ca|Cu|La|O|Pr|Sr,0,4,2,3,3,1,4,3,2,2,0,3
3310,124,B|Er|Ho|Rh,1,0,1,4,0,2,4,2,4,0,0,0
3311,523,Re|Zr,2,3,2,0,3,2,1,4,1,1,2,3
3312,1557,La|Si|V,3,3,3,3,3,2,3,0,3,0,4,4
3313,54,Nb|Ta,1,2,0,0,3,2,4,2,0,1,0,0
3314,292,Ba|Cu|Fe|O|Y,0,4,0,1,4,3,1,4,2,1,1,4
3315,1318,Ir|Re,3,0,2,4,2,0,1,0,2,0,4,4
3316,1558,Co|Fe|Se|Te,0,4,2,1,3,0,3,3,0,2,1,0
3317,1559,Mo|Pb|S|Se,2,3,0,0,2,3,3,3,3,4,0,3
3318,1,Ba|Ca|Cu|La|O,0,0,1,3,2,4,0,2,1,1,3,0
3319,649,Ba|Ca|Cu|Er|Hf|O,3,3,3,0,1,1,2,3,2,3,0,4
3320,1560,Pd|Ru|Sb,0,0,4,2,4,1,0,4,1,4,0,1
3321,722,Pb|Se|Sn|Ti,3,1,3,4,4,0,2,3,2,1,1,3
3322,1318,Ir|Re,3,0,2,4,2,0,3,0,0,2,3,4
3323,675,Ba|Cu|O|Sm,0,0,0,2,2,0,1,1,1,4,3,0
3324,781,Ca|Cu|O|Sr|V,2,1,0,0,0,3,2,4,1,4,3,0
3325,455,Ba|Cu|O|Tl,1,1,3,2,4,3,0,3,0,2,4,2
3326,1,Ba|Ca|Cu|La|O,0,0,1,3,2,4,1,4,4,4,1,0
3327,387,Bi|Ce|F|O|S,4,4,3,2,2,4,1,2,0,3,2,3
3328,556,C|Nb|S,1,4,2,0,4,2,3,4,0,4,0,4
3329,1561,Pd|Si|Th,1,4,0,1,0,3,1,0,4,4,1,2
3330,1562,C|Nb|Sn,2,4,1,3,0,3,3,1,2,4,2,3
3331,1563,Hf|N|Nb,4,4,1,2,0,3,4,1,3,1,1,3
3332,1,Ba|Ca|Cu|La|O,0,0,1,3,2,4,2,1,4,0,2,0
3333,99,Au|In,0,4,0,1,2,3,4,4,0,2,1,3
3334,67,La|Nd|Pt|Si,0,4,2,3,3,0,4,3,4,1,0,0
3335,1364,Ni|Zr,2,1,2,3,2,1,2,2,0,3,1,4
3336,1564,Ca|Cu|La|O|Sr|Tl,1,1,0,2,4,3,2,2,1,0,4,2
3337,1233,N|Ti,3,3,2,3,1,1,4,4,2,2,1,0
3338,86,Ba|Cu|O|Y,4,4,4,2,0,4,2,1,2,1,1,4
3339,216,Cu|La|O|Sr,4,4,1,1,0,1,4,1,0,2,4,4
3340,168,Cu|La|O,0,4,4,4,1,3,3,4,1,0,1,0
3341,1565,As|Fe|H|O|Sm,2,4,0,4,4,3,1,3,1,3,1,1
3342,42,Cu|La|O|Sr|Zn,1,2,4,4,3,1,4,1,2,4,2,1
3343,965,Cu|Ho|La|O|Sr,2,2,0,4,2,0,1,2,1,4,2,3
3344,1395,Ca|Cu|F|O|Sr,0,4,0,0,1,4,0,1,0,1,0,1
3345,508,Na|Pb,0,4,1,2,4,1,0,4,0,1,1,2
3346,1566,Ge|La|Rh,3,4,1,3,3,4,4,4,3,0,1,4
3347,1567,Rh|Sb|Y,4,2,3,0,0,0,4,1,2,2,2,0
3348,1568,Ba|Fe|Se,3,2,3,1,0,2,1,4,3,3,2,4
3349,743,Nb|Sb|Sn,4,0,1,1,3,3,3,2,1,4,1,3
3350,1569,Bi|Se|Sr,1,1,2,3,4,3,0,2,4,2,4,3
3351,61,Ge|La|Pt,2,2,3,1,1,4,2,2,0,1,2,3
3352,62,Al|Ge|Nb,2,3,3,0,1,3,1,4,3,3,3,2
3353,203,Ce|Cu|Gd|O|Pr,3,2,0,3,2,0,1,2,4,4,4,3
3354,1570,Hf|I|Li|N,0,1,0,3,3,4,3,1,4,4,4,1
3355,1571,Ca|Co|F|Fe,1,1,4,0,1,4,0,3,3,4,1,2
3356,870,Al|Mg,0,3,0,3,0,1,4,4,3,3,2,2
3357,1545,As|Pd,2,3,3,3,0,3,2,1,1,2,4,4
3358,5,Al|Ga|V,3,2,3,4,0,2,0,0,3,1,1,2
3359,130,Be|Th|U,2,4,1,0,3,3,0,3,4,2,2,0
3360,1572,Os|Ru,4,0,4,1,1,0,4,4,4,1,3,2
3361,1512,C|Mg|Ni|Ru,1,2,3,2,0,3,4,0,4,4,0,2
3362,753,C|Cu|K|O|Sr,1,3,4,1,4,1,3,4,2,2,1,1
3363,12,Ba|Ca|Cu|O|Y,3,3,3,3,4,4,2,1,0,0,2,3
3364,411,Bi|Ca|Cu|I|O|Sr,4,0,4,2,2,1,2,2,2,1,3,1
3365,1573,Bi|Ce|Cu|O|Sm|Sr,2,1,1,3,0,2,2,4,2,2,4,3
3366,79,Fe|Se|Te,4,3,3,0,1,3,4,3,2,2,4,0
3367,1574,Ca|Cu|Ga|O|Sr|Y,2,4,2,3,0,4,0,4,1,3,4,0
3368,1575,Bi|Cd|Pb|Sn,1,3,1,0,4,4,0,1,4,0,0,2
3369,928,Al|Nb|Zr,1,4,4,0,0,2,2,0,4,4,0,1
3370,6,Co|Cu|La|O|Sr,1,1,0,1,0,4,2,1,1,0,0,3
3371,1250,B|Ce|La|Rh,4,4,3,2,3,2,3,3,0,0,1,0
3372,1315,C|La|Ni|Y,1,3,3,2,3,2,3,0,0,4,0,2
3373,1576,Li|Mg|O|Ti,3,3,2,0,0,2,0,0,2,3,3,4
3374,78,Nb|V,0,3,3,4,2,0,0,1,1,0,4,2
3375,1577,Ce|Y,4,1,2,0,0,0,2,2,0,2,1,0
3376,1,Ba|Ca|Cu|La|O,0,0,1,3,2,4,1,1,1,0,2,0
3377,273,Bi|Cu|La|O|Pb|Sr,4,4,0,0,0,1,4,3,3,3,4,2
3378,1235,Ba|Ca|Cu|Nd|O,0,1,4,1,0,1,0,3,0,3,2,0
3379,43,Fe|K|Se,2,2,3,2,1,3,1,3,1,2,2,0
3380,79,Fe|Se|Te,4,3,3,0,1,3,1,1,3,1,2,0
3381,1578,Ba|Bi|Hg|O|Pb,2,4,2,3,2,3,0,3,3,0,0,4
3382,1579,B|C|Er|Fe|Ni,0,4,1,4,0,2,0,1,2,4,1,0
3383,64,Ba|Cu|O|Y|Zn,1,1,2,4,3,2,4,0,3,2,2,1
3384,1,Ba|Ca|Cu|La|O,0,0,1,3,2,4,4,2,4,2,1,0
3385,657,Al|Cu|La|O|Sr,4,1,4,4,4,2,1,2,0,0,1,1
3386,1455,Nb|Pb|Se,0,0,4,2,1,1,2,4,3,1,3,1
3387,1400,C|N|Ta,4,4,2,0,1,0,4,3,1,3,3,0
3388,1,Ba|Ca|Cu|La|O,0,0,1,3,2,4,3,1,2,0,0,0
3389,50,Ba|Ca|Cu|Er|La|O,3,3,0,3,1,3,3,1,4,0,3,2
3390,551,Ba|Cu|La|Nd|O|Sr,1,2,1,0,0,3,3,3,0,2,4,1
3391,196,La|Os|Pr|Sb,0,0,1,4,4,4,3,1,4,1,0,3
3392,490,B|Dy|Ir|Rh,1,2,0,3,1,1,2,3,0,2,2,4
3393,49,Ba|Cu|La|O,3,0,2,4,3,0,3,1,3,4,4,3
3394,361,Ga|Sn|V,3,0,2,2,0,0,2,2,1,4,2,3
3395,859,Ge|U,2,4,1,3,2,3,4,4,3,3,2,2
3396,392,C|Mo|Nb,0,1,3,4,0,0,4,1,4,2,3,1
3397,204,Cu|La|O|Pr|Sr,1,1,2,0,1,0,3,0,1,4,2,0
3398,11,Ba|Cu|Nd|O,4,1,1,2,1,1,0,2,1,4,1,4
3399,1533,La|Pr|Tl,0,0,1,4,2,4,4,0,0,2,4,3
3400,269,Ba|Cu|La|Nd|O,3,1,4,1,0,3,3,0,2,1,2,1
3401,74,Ba|Cu|La|O|Y,2,3,3,3,3,1,2,1,0,3,1,2
3402,1553,La|Pt|Si,4,1,3,0,2,3,1,2,4,2,3,2
3403,132,Nb|Ti|V,4,1,2,4,3,2,2,4,3,0,0,3
3404,42,Cu|La|O|Sr|Zn,1,2,4,4,3,1,4,1,1,0,4,1
3405,1414,Ce|In|La,2,1,1,3,1,0,3,3,3,3,1,2
3406,1580,Au|Ba|Ge|Pt,4,1,4,2,3,4,4,1,0,0,4,1
3407,1581,Fe|Lu|Si,4,2,4,1,3,1,3,0,1,3,1,1
3408,710,As|Fe|O|Sm|U,2,1,2,3,2,1,0,3,0,3,1,3
3409,499,Mo|Tc,2,3,0,0,0,1,4,0,2,0,1,1
3410,1463,Tc|V,0,1,0,1,3,0,1,4,2,4,2,2
3411,681,Ir|Rh|Te,1,3,0,0,4,0,1,2,4,3,1,2
3412,1582,In|Ru,0,4,4,2,1,2,0,4,2,0,3,3
3413,1583,Cu|Fe|Nd|O|Sr,1,0,3,2,3,2,2,4,4,0,2,4
3414,1044,Fe|Rb|Se|Tl,4,0,0,2,1,3,2,1,0,3,2,4
3415,59,Bi|Ca|Cu|O|Sr,2,1,2,3,0,3,3,3,0,4,2,2
3416,665,Ba|Ca|Cu|Gd|La|O,4,1,4,1,3,0,3,3,1,1,0,2
3417,22,Ba|Co|Cu|O|Y,3,0,2,2,0,4,2,2,4,3,3,3
3418,130,Be|Th|U,2,4,1,0,3,3,4,1,4,2,0,0
3419,956,Ba|Cu|Eu|O|Pr,0,4,4,1,3,3,4,0,4,4,3,3
3420,383,Al|Nb|Sn,3,2,0,2,4,4,0,3,4,1,3,0
3421,78,Nb|V,0,3,3,4,2,0,4,2,1,1,0,2
3422,1285,O|Rb|W,4,2,2,3,3,4,4,3,3,0,1,1
3423,204,Cu|La|O|Pr|Sr,1,1,2,0,1,0,4,1,0,3,0,0
3424,680,Al|Pd|U,0,4,1,4,1,4,1,0,1,4,0,3
3425,955,Ir|Ru,2,2,0,0,3,1,3,4,3,2,0,2
3426,103,Pd|Sn|Tm|Y,4,3,2,0,0,1,0,0,4,1,0,0
3427,242,Ba|Cu|La|O|Sr,2,0,1,1,4,2,0,1,1,1,3,4
3428,66,Ba|Ca|Cu|La|O|Sr,3,2,3,2,4,1,3,4,3,0,4,2
3429,467,Bi|Ca|Cu|O|Pb|Sr|Y|Zn,3,2,4,0,2,1,0,4,3,1,4,0
3430,694,Ba|Cu|Gd|O|Pr,4,4,3,2,3,0,4,4,4,3,3,2
3431,417,Ca|Cu|O|Sr|Tl,2,3,4,2,3,0,0,0,0,3,2,4
3432,1584,As|Fe|Li|Ni,1,3,1,4,0,3,2,0,4,2,0,4
3433,1585,Bi|Nb|Sn,2,3,2,4,0,3,1,1,3,1,1,0
3434,148,Nb|Ti,4,0,1,0,2,1,2,3,3,0,3,2
3435,126,Bi|Ca|Cu|Nd|O|Pb|Sr,2,4,0,2,0,1,1,1,3,3,1,4
3436,1586,Bi|Cu|Ga|O|Pb|Sr,1,2,1,4,0,4,4,0,1,1,4,0
3437,142,Br|C|I|Y,2,2,2,0,2,4,2,4,3,3,1,0
3438,669,Cu|Se|Ti,1,3,2,3,1,1,3,1,1,2,0,1
3439,1587,As|Ca|Fe|Mg|O|Ti,2,2,0,4,3,1,0,1,4,0,4,2
3440,1588,Li|Nb|O|Rb|Sr,3,2,0,4,2,4,2,3,1,1,4,1
3441,62,Al|Ge|Nb,2,3,3,0,1,3,4,4,2,3,4,2
3442,429,Cu|La|Ni|O|Sr,0,4,1,1,3,1,2,2,1,4,4,0
3443,549,Dy|Ge|Os|Y,0,3,1,0,0,0,1,1,1,4,1,0
3444,51,Cu|La|O|Sm|Sr,4,3,2,4,3,3,1,3,0,3,3,4
3445,0,As|Ba|Fe|K,0,4,2,3,0,4,2,3,1,0,1,1
3446,1459,Cl|K|N|Zr,1,3,1,1,0,4,3,3,3,2,2,3
3447,216,Cu|La|O|Sr,4,4,1,1,0,1,0,2,0,2,2,4
3448,12,Ba|Ca|Cu|O|Y,3,3,3,3,4,4,0,0,2,0,1,3
3449,810,Cu|La|O|Sr|Ti,2,2,3,0,2,0,2,1,0,0,3,3
3450,411,Bi|Ca|Cu|I|O|Sr,4,0,4,2,2,1,3,3,1,2,1,1
3451,1589,Bi|Ga|V,4,4,1,2,1,3,4,2,2,0,0,2
3452,171,As|Ca|Co|Fe,3,2,0,0,3,4,3,4,4,2,1,3
3453,456,C|Nb,3,3,2,0,1,4,1,2,2,2,4,4
3454,775,Ga|Mn|V,0,0,4,2,4,3,4,4,0,2,2,3
3455,241,Ga|V,4,3,1,0,4,2,4,0,0,0,3,0
3456,1590,Al|Hf|Pd|Y,4,1,4,0,4,1,2,1,1,3,0,1
3457,482,Nb|V|Zr,1,0,3,3,1,3,3,3,0,3,1,0
3458,0,As|Ba|Fe|K,0,4,2,3,0,4,4,2,4,1,2,1
3459,54,Nb|Ta,1,2,0,0,3,2,1,2,4,2,0,0
3460,956,Ba|Cu|Eu|O|Pr,0,4,4,1,3,3,0,4,3,3,0,3
3461,253,Fe|K|Mn|Se,2,0,4,0,4,1,2,1,4,1,1,3
3462,1163,Au|Nb|V,3,4,1,3,2,2,3,4,3,2,3,0
3463,991,C|W|Y,1,0,3,2,0,0,3,1,0,0,4,0
3464,1591,B|Mg|Ti,0,3,3,2,4,3,1,3,4,4,4,3
3465,735,B|Mo|P,1,2,1,0,2,1,0,2,0,3,0,1
3466,1592,Ir|O|Y,0,1,0,2,4,2,4,3,0,3,1,2
3467,992,Bi|F|La|O|S,2,2,2,4,4,1,4,2,3,4,4,3
3468,446,Eu|Mo|S|Sn,3,0,1,2,0,1,4,3,4,3,3,2
3469,1228,Cu|H|La|O|Sr,4,2,0,2,1,4,4,1,2,0,1,2
3470,1593,Cu|K|La|O,1,0,0,3,1,4,3,2,1,3,0,4
3471,1594,La|P|Ru,3,3,4,2,3,1,0,1,4,2,2,0
3472,122,La|Os|P|Ru,3,2,4,0,2,3,0,0,2,3,2,4
3473,183,Ba|Ca|Cu|O|Tl,2,3,4,2,0,4,2,1,2,2,2,2
3474,1595,Br|N|Na|Ti,1,3,0,1,4,0,0,0,3,1,4,4
3475,733,Re|W,0,2,1,0,2,2,3,1,1,4,3,1
3476,577,Mo|S|Sn,0,4,0,2,1,2,2,2,1,0,2,2
3477,1034,In|S|V,1,3,2,3,2,4,4,2,3,4,2,4
3478,1596,C|Si,0,4,0,0,4,4,4,4,2,1,1,0
3479,1597,Ca|Cu|Eu|O|Pb|Sr,3,2,2,3,0,0,1,0,1,0,0,0
3480,1,Ba|Ca|Cu|La|O,0,0,1,3,2,4,0,2,2,2,4,0
3481,1598,Hg|Na,1,2,4,4,1,2,0,0,1,4,0,4
3482,356,Mo|Re,4,3,4,1,0,0,0,4,2,1,4,4
3483,557,As|Ca|Fe|Na,0,1,1,0,0,3,1,3,4,1,0,3
3484,581,Ti|V,3,1,3,1,1,2,2,0,3,4,1,0
3485,1599,Ni|Pd|Te,4,1,3,0,0,2,0,1,2,4,1,3
3486,33,C|N|Nb,1,0,3,0,2,3,4,2,2,3,4,3
3487,137,As|Fe|Mg|O|Sr|Ti,4,0,1,0,2,0,3,4,0,3,3,1
3488,1471,K|Mo|O,4,2,0,3,3,1,1,3,2,3,4,2
3489,1600,Ca|Cu|O|Pb|Sr|Tl,2,3,3,3,3,2,3,1,3,4,1,2
3490,351,Ba|Cu|Hg|O,0,1,0,3,3,4,2,1,2,0,1,2
3491,1601,Fe|La|Rh,2,2,0,3,0,0,2,0,0,0,3,2
3492,967,As|F|Fe|Nd|O,3,4,4,3,0,2,4,0,0,4,1,4
3493,1602,B|Nb|V,2,1,3,2,2,3,1,0,4,4,0,3
3494,1310,Ir|Lu|Rh|Si,1,3,2,2,3,1,2,4,2,3,3,1
3495,1603,Cd|Ce|In|Ir,3,1,2,3,4,2,3,3,4,2,1,3
3496,139,Al|B|Mg,1,1,3,4,1,1,1,2,3,2,1,1
3497,1604,Ba|Ca|Cu|Hg|O|V,4,1,2,1,0,0,2,0,4,2,3,1
3498,1605,Al,0,4,1,0,1,3,1,0,0,0,3,2
3499,254,Cu|Fe|O|Sr|Y,4,1,1,3,3,2,2,0,3,4,2,0
3500,956,Ba|Cu|Eu|O|Pr,0,4,4,1,3,3,4,0,0,3,4,3
3501,998,Cu|La|Li|O|Sr,3,0,4,2,4,2,1,0,3,3,3,1
3502,44,Cu|La|Nd|O|Sr,3,0,2,3,4,2,3,3,1,1,0,0
3503,1606,As|Ni|Pd,0,0,2,2,0,3,3,3,2,1,3,4
3504,534,Ba|Cu|Fe|Gd|O,1,2,0,4,4,0,4,2,3,2,2,0
3505,1607,Al|La|Tb,2,3,2,4,4,4,0,1,4,4,2,2
3506,1608,Ce|In|Pt,0,4,0,4,3,1,4,1,1,1,3,2
3507,45,Ca|Cu|La|O,1,2,0,2,3,1,2,3,3,1,1,0
3508,1154,As|F|Fe|O|Sm,3,2,4,3,2,0,2,2,4,1,4,3
3509,1332,Bi|Ca|Cu|O|Sr|Tm,0,0,4,1,3,1,2,2,0,4,2,1
3510,143,Au|Te,3,2,4,0,3,4,0,2,3,0,4,4
3511,1609,La|Ru|Si|Tm,1,3,1,0,2,0,4,2,3,3,1,1
3512,403,B|C|Ho|Lu|Ni,4,3,0,2,0,0,3,3,4,1,4,3
3513,37,C|Mo|W,2,1,2,1,2,2,3,1,0,4,3,2
3514,1610,Mn|Ti,1,2,0,0,2,3,0,2,1,0,3,1
3515,1611,Cl|Mo|Se,2,0,2,3,1,4,0,4,1,1,3,3
3516,1612,As|Ba|Pd,1,1,4,4,3,1,4,0,0,4,3,3
3517,490,B|Dy|Ir|Rh,1,2,0,3,1,1,2,4,4,0,3,4
3518,358,N|Nb,1,3,3,2,3,1,0,0,0,1,4,1
3519,1613,C|Nb|Y,0,3,1,1,3,3,1,4,2,3,3,0
3520,1614,Al|Gd|Pd|U,3,3,2,1,4,0,1,1,0,0,4,4
3521,146,Ba|Cu|Er|O,0,4,2,1,2,2,3,1,1,3,3,0
3522,23,Nb|Sn|V,0,0,1,0,2,4,2,2,0,2,0,4
3523,1559,Mo|Pb|S|Se,2,3,0,0,2,3,0,3,1,1,1,3
3524,208,In|Sn,3,3,1,1,0,1,1,4,2,0,4,2
3525,1615,H|Rh|Zr,0,1,4,4,0,4,4,1,3,0,3,2
3526,208,In|Sn,3,3,1,1,0,1,2,1,4,1,3,2
3527,742,Si|V,1,3,3,2,3,0,4,2,1,3,1,2
3528,43,Fe|K|Se,2,2,3,2,1,3,3,3,3,3,4,0
3529,1213,Cu|Mo|O|Sr|Y,3,2,2,3,1,3,3,1,4,2,4,0
3530,74,Ba|Cu|La|O|Y,2,3,3,3,3,1,4,0,2,1,2,2
3531,59,Bi|Ca|Cu|O|Sr,2,1,2,3,0,3,3,0,0,4,4,2
3532,1,Ba|Ca|Cu|La|O,0,0,1,3,2,4,4,1,3,3,4,0
3533,1,Ba|Ca|Cu|La|O,0,0,1,3,2,4,4,1,1,1,2,0
3534,217,Ce|Cu|O|Sm,3,0,2,1,4,4,3,3,3,4,0,2
3535,945,Bi|F|La|O|S|Se,3,4,0,3,3,3,0,4,0,0,2,4
3536,128,Cl|Li|N|Zr,1,1,2,3,1,1,2,3,1,0,0,4
3537,420,Ce|Cu|Nd|O,0,3,2,4,2,0,3,4,1,0,1,0
3538,211,Mo|U,1,2,2,1,0,3,0,2,4,0,2,0
3539,1616,B|Mg|Mn,1,3,4,3,3,2,2,3,4,2,0,4
3540,600,Bi|Cu|La|O|Pb|Sr|Y,2,0,0,1,1,1,3,3,1,2,4,2
3541,450,Ba|Cu|F|O|Y,1,3,4,2,1,2,3,3,4,2,2,0
3542,175,K|O|W,0,1,3,3,0,0,2,4,1,0,2,4
3543,675,Ba|Cu|O|Sm,0,0,0,2,2,0,2,2,4,1,2,0
3544,1617,Ca|Ir|Sn,2,4,2,1,2,1,3,1,2,3,4,4
3545,611,Ce|Cu|Eu|O|Ru|Sr,3,3,4,0,1,2,1,4,4,4,0,4
3546,199,Al|Si|V,4,4,1,1,1,2,0,4,0,1,2,4
3547,1618,Ba|Ca|Cu|Hg|O|Tl|Y,4,0,3,0,4,1,4,4,2,1,4,4
3548,638,Ag|Ba|Si,3,0,1,4,3,4,3,4,2,3,1,0
3549,1619,Ge|Pd|Th,3,4,4,1,4,0,4,3,4,1,0,0
3550,1620,B|C|Y,2,1,4,3,0,1,3,2,1,1,2,1
3551,292,Ba|Cu|Fe|O|Y,0,4,0,1,4,3,2,2,2,0,1,4
3552,1136,Mo|Se,2,1,1,1,0,1,2,2,3,3,0,3
3553,1621,Cu|Er|Fe|O|Sr,4,0,1,3,0,4,1,2,1,3,1,1
3554,656,Al|Ba|Ca|Cu|O|Y,0,3,4,3,2,0,2,1,4,4,4,3
3555,1129,B|C|Gd|Lu|Ni,1,0,1,3,3,3,3,1,1,4,0,3
3556,648,Ta|Zr,3,0,4,1,2,2,4,2,4,3,4,4
3557,400,As|Fe|K|Sr,3,4,2,2,1,4,1,3,4,0,1,1
3558,241,Ga|V,4,3,1,0,4,2,0,2,1,3,2,0
3559,155,Ba|Cu|Dy|Ga|O,1,3,4,2,3,2,2,4,3,0,4,1
3560,189,Rh|Zr,4,0,1,3,3,1,4,2,1,1,1,4
3561,279,C|Ta,1,2,3,2,2,2,3,4,3,3,0,1
3562,217,Ce|Cu|O|Sm,3,0,2,1,4,4,3,4,4,0,2,2
3563,1622,As|Eu|Fe|Ir,3,3,4,4,1,4,3,0,4,1,4,0
3564,930,H|Nb|Pd,1,2,3,3,2,1,2,0,2,4,4,1
3565,476,Ba|Cu|Ga|O|Y,0,1,1,0,4,0,3,0,3,0,1,1
3566,1225,B|Mo|Zr,0,1,1,4,3,2,2,3,0,3,4,4
3567,1032,Ba|Cu|Dy|Fe|O,4,1,0,3,1,3,0,4,3,0,0,2
3568,1623,Lu|Os|Sn,0,3,3,3,0,4,3,1,4,4,2,2
3569,1624,Bi|Ca|Cu|La|O|Sr,3,3,2,0,3,1,2,3,3,2,1,0
3570,1625,La|Yb,1,0,3,0,1,2,2,1,0,0,1,1
3571,34,Os|Pr|Ru|Sb,2,2,2,1,0,0,1,1,1,0,1,1
3572,1626,Bi|Ca|Cu|Lu|O|Sr,1,0,2,0,4,3,2,4,1,4,2,3
3573,1627,Ba|Cu|O|Rb|Y,1,1,4,4,0,4,3,3,3,2,1,2
3574,54,Nb|Ta,1,2,0,0,3,2,4,3,1,4,3,0
3575,1628,B|C|Ni|Tb|Y,2,0,1,3,4,2,4,4,0,4,2,1
3576,1629,Pt|Ti,1,3,1,0,4,4,4,1,2,4,1,4
3577,722,Pb|Se|Sn|Ti,3,1,3,4,4,0,4,0,0,1,2,3
3578,483,B|C|Lu|Ni|Y,3,0,3,2,4,3,3,2,1,0,4,1
3579,1156,As|Ca|Ce|Fe,2,3,0,2,0,4,3,0,0,3,4,4
3580,1630,Ba|Cu|O|Sr|Ti|Y,3,3,4,1,0,3,0,4,2,4,3,2
3581,1631,Gd|Ni|Sm,2,3,0,4,2,0,1,2,3,4,2,3
3582,59,Bi|Ca|Cu|O|Sr,2,1,2,3,0,3,3,0,4,0,4,2
3583,647,Th|U,1,4,3,1,4,4,0,1,2,2,0,3
3584,1632,B|Mg|Zr,4,0,4,1,4,3,3,3,2,0,1,0
3585,273,Bi|Cu|La|O|Pb|Sr,4,4,0,0,0,1,2,2,0,2,1,2
3586,686,Ba|Ca|Cu|O|Pr|Y,1,0,3,3,1,0,2,3,4,4,1,4
3587,369,Hg|In,1,1,2,1,4,3,2,3,4,3,1,3
3588,1633,Tl,0,1,3,0,4,0,4,0,1,3,0,4
3589,1634,Ce|Co|In|Zn,0,4,3,1,0,4,4,0,0,4,3,1
3590,416,As|Ba|Co|Fe,3,2,2,4,2,1,1,2,4,3,0,3
3591,1635,Ca|Cu|Ge|O|Sr,4,2,4,0,2,0,3,4,1,1,0,0
3592,1636,B|C|Ce|Ni,3,1,2,0,1,3,3,0,1,0,4,1
3593,826,Pd|Ti,1,0,3,0,4,1,4,2,1,3,0,1
3594,1151,Cu|Eu|La|O|Sr,2,0,0,4,2,3,1,3,1,0,4,0
3595,898,Ba|Ca|Cu|Ni|O|Y,0,0,0,4,0,0,1,1,1,0,3,4
3596,1637,Al|B|Mg|Zn,4,1,1,0,0,3,2,4,2,3,1,2
3597,351,Ba|Cu|Hg|O,0,1,0,3,3,4,0,1,3,3,3,2
3598,888,As|Co|Fe|Sr,1,4,2,2,1,2,0,4,4,1,0,2
3599,123,B|C|Co|Lu|Ni,4,3,0,1,0,4,4,2,0,1,0,0
3600,166,Ce|La|Ru,3,4,1,1,0,3,0,1,0,4,4,1
3601,1504,Ba|Cu|F|O|Sr,3,2,1,0,1,2,0,0,3,0,0,3
3602,383,Al|Nb|Sn,3,2,0,2,4,4,3,3,3,1,1,0
3603,1638,Eu|Gd|Mo|Pb|S,0,3,4,1,0,0,3,2,2,4,2,3
3604,1265,In|Sb|Sn,4,3,0,0,4,2,4,2,0,2,1,1
3605,383,Al|Nb|Sn,3,2,0,2,4,4,2,4,3,2,4,0
3606,59,Bi|Ca|Cu|O|Sr,2,1,2,3,0,3,3,4,4,4,3,2
3607,286,Ba|Cu|O|Pr|Y,3,1,2,0,3,0,4,2,2,1,3,3
3608,1639,Fe|Sb|Se,3,0,4,2,1,2,2,2,1,4,1,4
3609,1640,Cu|Mo|Pb|S,0,4,4,0,2,0,2,3,0,0,3,0
3610,182,La|Y,2,0,1,3,4,0,2,0,2,4,2,1
3611,1641,Ga|Mn|Mo,0,4,1,0,3,3,2,0,3,3,2,3
3612,195,Cd|Ce|Co|In,1,0,0,2,1,4,4,1,3,4,3,4
3613,1642,La|Pb|Sn,4,2,2,0,4,2,1,4,2,4,3,0
3614,242,Ba|Cu|La|O|Sr,2,0,1,1,4,2,2,0,1,3,3,4
3615,71,Ba|Cu|Li|O|Y,4,2,4,1,4,0,2,4,2,4,4,3
3616,383,Al|Nb|Sn,3,2,0,2,4,4,2,2,0,0,3,0
3617,1167,Bi|F|Nd|O|S,3,4,2,0,1,0,2,4,4,2,1,1
3618,183,Ba|Ca|Cu|O|Tl,2,3,4,2,0,4,1,1,4,4,2,2
3619,1643,Ca|Ge|Ir,2,0,3,4,0,0,2,3,4,0,3,3
3620,1225,B|Mo|Zr,0,1,1,4,3,2,3,3,2,3,4,4
3621,172,B|Nb,4,3,2,3,2,0,4,4,1,1,3,1
3622,501,As|Fe|O|Pr|Sr,1,0,1,1,4,0,4,3,3,4,2,3
3623,1644,Ag|In,2,2,0,3,1,2,2,0,3,0,4,4
3624,1600,Ca|Cu|O|Pb|Sr|Tl,2,3,3,3,3,2,4,0,4,3,4,2
3625,1645,Sb|Yb,1,4,0,3,0,0,1,0,0,3,2,3
3626,150,B|C|Dy|Ni|Tm,1,3,4,4,2,3,2,2,2,1,0,4
3627,1377,Ga|Nb|Zn,1,0,1,4,2,2,3,1,4,2,4,0
3628,279,C|Ta,1,2,3,2,2,2,2,1,0,1,0,1
3629,79,Fe|Se|Te,4,3,3,0,1,3,0,4,2,0,2,0
3630,261,Ba|Cu|Nd|O|Pr,3,1,2,4,3,0,0,2,4,3,0,3
3631,1646,Ru|Si|U,4,0,2,1,2,2,2,0,1,3,0,4
3632,152,Ba|Cu|O|Sr|Y,2,2,4,0,3,2,4,1,3,4,0,0
3633,65,Ba|Bi|K|O,3,2,0,2,0,0,2,2,3,3,4,3
3634,1647,Ge|Lu|Ru,3,2,0,3,2,3,1,4,0,2,3,0
3635,979,Mo|S|Zn,0,0,0,4,0,0,0,3,2,1,1,4
3636,6,Co|Cu|La|O|Sr,1,1,0,1,0,4,0,2,0,1,0,3
3637,1648,Pb|Zn,2,2,0,3,1,2,1,4,4,3,3,0
3638,1649,Ce|Co|In,2,1,1,0,4,0,0,4,0,1,4,1
3639,457,Ca|Cu|La|O|Sr,0,0,1,2,2,2,0,0,2,3,0,1
3640,1650,Os|Si|Tb,1,3,0,0,2,0,3,4,0,4,4,2
3641,973,Fe|Ga|Nb,3,4,1,2,0,0,0,3,3,1,0,0
3642,22,Ba|Co|Cu|O|Y,3,0,2,2,0,4,4,2,4,4,2,3
3643,1651,Al|Nb|Sb,3,0,2,4,2,2,2,3,4,0,0,1
3644,768,B|C|Ho|La|Ni,1,1,1,1,0,3,4,3,3,4,1,1
3645,1652,Ca|Cu|Nd|O|Sr|Tl,0,2,0,3,1,2,0,0,4,1,1,0
3646,1653,Pb|Th,0,4,1,0,4,2,1,3,1,3,3,3
3647,1654,Ba|Ca|Ce|Cu|F|Fe|O|Tl,3,0,2,1,2,1,2,4,3,0,0,4
3648,153,Ba|Cu|Ni|O|Y,1,4,4,4,2,1,0,0,4,2,0,1
3649,1267,Al|Nb|Si,3,0,3,0,3,1,3,0,2,4,1,4
3650,728,C|Th|Y,4,0,4,1,4,1,1,2,1,1,3,4
3651,78,Nb|V,0,3,3,4,2,0,2,4,0,4,4,2
3652,1161,Nb|Tc,4,1,2,1,1,1,0,3,0,3,0,2
3653,74,Ba|Cu|La|O|Y,2,3,3,3,3,1,2,4,4,2,2,2
3654,153,Ba|Cu|Ni|O|Y,1,4,4,4,2,1,2,4,4,2,1,1
3655,1655,Co|Ni|U,1,3,2,4,0,2,1,1,2,3,4,4
3656,1118,Ce|Cu|Nd|O|Zn,3,0,2,0,3,2,1,2,1,3,4,2
3657,1656,Gd|La,4,2,3,1,0,2,0,0,4,0,0,2
3658,68,Bi|Sn,2,3,2,0,3,1,0,3,4,2,4,1
3659,292,Ba|Cu|Fe|O|Y,0,4,0,1,4,3,4,2,0,1,4,4
3660,440,Ba|Cu|Gd|O,2,1,0,3,0,2,3,1,4,4,3,4
3661,1657,Ba|Cu|O|S|Y,4,0,0,4,2,0,4,3,4,0,1,4
3662,10,Cu|La|O|Pb|Sr,3,0,0,3,2,2,0,2,4,4,1,3
3663,675,Ba|Cu|O|Sm,0,0,0,2,2,0,1,2,1,4,2,0
3664,202,Bi|Sb,0,0,2,1,0,3,0,3,4,3,2,4
3665,1658,Ce|In,2,2,0,0,3,2,4,2,2,1,3,0
3666,611,Ce|Cu|Eu|O|Ru|Sr,3,3,4,0,1,2,3,1,3,4,0,4
3667,1659,Al|In|Sn,1,3,1,4,1,2,1,2,1,0,3,1
3668,153,Ba|Cu|Ni|O|Y,1,4,4,4,2,1,3,0,4,2,0,1
3669,558,Br|C|Cl|Y,3,1,0,2,0,3,2,1,4,4,2,2
3670,292,Ba|Cu|Fe|O|Y,0,4,0,1,4,3,4,1,3,3,4,4
3671,1328,Ga|Zr,0,1,0,4,0,2,0,1,4,2,2,4
3672,218,C|Mo|Ta,1,3,0,0,3,0,2,3,0,4,3,0
3673,65,Ba|Bi|K|O,3,2,0,2,0,0,1,3,3,0,3,3
3674,64,Ba|Cu|O|Y|Zn,1,1,2,4,3,2,3,1,4,1,3,1
3675,143,Au|Te,3,2,4,0,3,4,1,1,1,4,0,4
3676,74,Ba|Cu|La|O|Y,2,3,3,3,3,1,4,2,0,4,1,2
3677,1204,Au|Nb,1,4,2,3,0,2,3,3,2,2,2,4
3678,1660,As|Cr|K,0,4,2,1,0,2,2,3,2,0,4,3
3679,640,As|Ba|Fe|Na,4,4,2,3,1,0,1,0,2,0,0,1
3680,518,As|Fe|La|O,4,1,2,3,1,0,2,2,4,4,2,3
3681,1433,Hf|Mo,2,3,1,3,0,1,1,4,1,2,2,0
3682,482,Nb|V|Zr,1,0,3,3,1,3,1,2,3,1,0,0
3683,1661,B|Ru,3,2,0,1,3,2,0,2,4,4,3,3
3684,132,Nb|Ti|V,4,1,2,4,3,2,3,3,1,3,4,3
3685,288,Nb|U,3,3,1,1,2,1,3,3,1,1,2,1
3686,476,Ba|Cu|Ga|O|Y,0,1,1,0,4,0,4,2,1,2,3,1
3687,65,Ba|Bi|K|O,3,2,0,2,0,0,3,0,2,3,1,3
3688,1662,Bi|Ca|Cu|Dy|O|Sr,4,1,3,3,3,4,3,2,2,4,2,2
3689,1618,Ba|Ca|Cu|Hg|O|Tl|Y,4,0,3,0,4,1,0,1,1,0,2,4
3690,1663,Cu|K|S,4,1,3,4,0,4,3,1,0,0,3,0
3691,10,Cu|La|O|Pb|Sr,3,0,0,3,2,2,2,2,2,2,1,3
3692,42,Cu|La|O|Sr|Zn,1,2,4,4,3,1,3,1,0,3,4,1
3693,851,Ca|Cu|Si,2,4,2,2,3,4,3,3,3,2,3,1
3694,1274,Ba|Ca|Cu|O|Tm,1,3,2,3,4,2,3,2,0,4,4,1
3695,241,Ga|V,4,3,1,0,4,2,4,1,0,1,3,0
3696,1,Ba|Ca|Cu|La|O,0,0,1,3,2,4,1,3,3,1,0,0
3697,491,Rh|Ti,3,0,3,1,3,0,1,0,2,0,0,2
3698,490,B|Dy|Ir|Rh,1,2,0,3,1,1,1,3,4,1,1,4
3699,1664,Bi|Ca|Cu|I|O|Sr|Y,3,3,3,2,3,0,0,3,4,4,4,4
3700,1296,Fe|K|Se|Tl,3,3,1,2,2,1,2,4,4,0,3,4
3701,132,Nb|Ti|V,4,1,2,4,3,2,0,1,0,4,3,3
3702,1665,Bi|F|La|O|Se,3,0,3,3,1,2,3,4,4,3,3,1
3703,210,B|Mg,3,2,2,2,0,0,4,2,3,1,3,4
3704,1064,Ba|Ca|Cu|Li|O|Si|Tl,1,3,0,4,4,2,4,1,0,2,4,0
3705,1666,Na|S|Ta,4,2,4,4,4,2,1,1,1,2,4,2
3706,551,Ba|Cu|La|Nd|O|Sr,1,2,1,0,0,3,0,1,3,1,0,1
3707,65,Ba|Bi|K|O,3,2,0,2,0,0,4,0,0,2,2,3
3708,1667,Ir|Si|Y,4,4,4,1,4,2,2,1,3,4,3,1
3709,1076,Pb|Sn,3,2,4,1,4,2,0,0,1,0,3,0
3710,1668,Ho|Mo|S,2,3,1,2,1,3,0,3,2,1,4,2
3711,42,Cu|La|O|Sr|Zn,1,2,4,4,3,1,3,4,0,0,4,1
3712,42,Cu|La|O|Sr|Zn,1,2,4,4,3,1,3,2,3,0,1,1
3713,391,Bi|Ca|Cu|O|Pb|Sr|Y,1,1,4,1,0,0,3,3,3,0,3,2
3714,857,As|Fe|Pt|Sr,3,3,0,0,2,3,0,0,0,2,0,3
3715,1669,Cu|Gd|O|Ru|Sr,2,2,3,0,2,1,4,3,3,2,0,2
3716,366,As|Ba|Fe|Ni,0,1,0,4,4,3,1,1,2,2,4,1
3717,65,Ba|Bi|K|O,3,2,0,2,0,0,2,4,2,1,3,3
3718,437,Cl|N|Na|Zr,4,4,3,3,0,3,3,4,1,4,2,3
3719,74,Ba|Cu|La|O|Y,2,3,3,3,3,1,0,4,4,3,2,2
3720,873,Ba|Ca|Cd|Cu|La|O,1,4,4,3,4,3,4,0,1,4,4,1
3721,1670,Ca|Li|Nb|O|Rb,3,0,1,0,0,0,3,2,1,3,0,2
3722,407,Ca|Cu|Fe|Hg|O|Sr|Y,2,4,2,2,0,3,3,1,4,0,0,4
3723,334,Er|La,0,4,4,1,0,3,1,3,0,4,0,4
3724,338,As|Ce|Fe|H|O,3,0,1,0,2,1,1,0,2,2,3,0
3725,231,B|C|Fe|Ni|Y,0,3,0,1,3,2,0,1,2,0,2,3
3726,1406,Sn|Te,4,3,2,4,0,4,1,4,3,1,0,0
3727,784,Nb|Re,2,1,0,0,3,1,4,2,4,4,4,4
3728,89,In|Pb|Sn|Te,1,2,1,2,3,2,2,0,3,4,0,1
3729,856,C|Fe|Mg|Ni,1,2,4,0,0,3,2,1,2,1,3,0
3730,224,Ce|Cu|La|Nd|O,3,0,0,4,2,0,0,2,3,4,3,2
3731,496,In|Pb,4,0,3,1,4,2,3,1,4,1,2,2
3732,428,Ba|Cu|O|Sr|Yb,1,4,0,4,3,2,3,1,4,1,0,4
3733,752,Gd|La|Sn,4,1,3,2,2,4,0,1,1,1,1,0
3734,457,Ca|Cu|La|O|Sr,0,0,1,2,2,2,4,4,2,4,3,1
3735,449,B|C|Co|Ho|Ni,4,4,3,4,3,0,0,1,1,4,2,3
3736,370,Mn|Si|V,3,3,1,1,0,0,2,3,3,2,3,4
3737,1671,B|Er|Ir|Rh,1,4,2,4,0,1,2,0,3,0,2,2
3738,216,Cu|La|O|Sr,4,4,1,1,0,1,2,3,2,4,3,4
3739,42,Cu|La|O|Sr|Zn,1,2,4,4,3,1,3,3,3,1,3,1
3740,879,Al|Be|Nb,1,0,4,4,2,0,2,1,4,0,2,2
3741,1672,P|Se|Zr,3,4,1,2,1,1,3,2,3,1,4,0
3742,1673,Cu|O|Sm|Sr,4,2,0,4,0,0,4,4,4,4,2,2
3743,308,Bi|Ca|Cu|La|O|Sr|Y,0,2,2,1,2,1,1,2,4,2,1,1
3744,1674,Ba|Ca|Cu|Nd|O|Sr,3,3,0,0,1,0,0,4,4,4,3,1
3745,285,Al|Ge|Nb|Sn,2,1,0,3,1,0,4,0,4,0,3,2
3746,222,Pb|Te|Tl,4,3,4,4,1,0,3,2,1,3,0,0
3747,1061,Ba|Ca|Cu|La|O|Pr,0,0,4,1,0,1,1,1,3,0,3,4
3748,915,Sb|Sn,1,2,4,3,0,3,4,0,2,0,1,1
3749,1675,C|Cs|Na|Rb,4,1,1,4,0,2,0,0,0,0,2,4
3750,79,Fe|Se|Te,4,3,3,0,1,3,1,2,1,3,3,0
3751,529,Al|Ge,2,0,2,0,0,4,4,3,2,3,2,1
3752,49,Ba|Cu|La|O,3,0,2,4,3,0,0,4,4,3,0,3
3753,1676,Ni|S|Ta,1,3,3,4,4,2,1,3,2,4,4,0
3754,0,As|Ba|Fe|K,0,4,2,3,0,4,0,3,0,4,3,1
3755,1677,Bi|F|Nd|O|S|Sm,0,2,2,0,1,4,1,1,1,0,0,3
3756,240,As|Ba|Co|Fe|K,1,2,4,0,0,4,2,2,4,4,3,1
3757,1678,Ho|Pd|Sn|Y,1,0,2,0,3,4,2,2,2,3,3,4
3758,881,Al|Li,2,3,1,3,2,2,0,4,4,3,4,3
3759,1521,F|O|W,0,2,4,1,1,1,1,2,1,1,2,4
3760,403,B|C|Ho|Lu|Ni,4,3,0,2,0,0,1,4,1,4,0,3
3761,86,Ba|Cu|O|Y,4,4,4,2,0,4,0,1,2,2,4,4
3762,1355,Ge|Ir|La,2,1,1,3,2,4,4,1,3,1,4,0
3763,36,Bi|Ca|Cu|O|Sr|Y,4,2,4,1,1,0,0,4,3,4,4,4
3764,74,Ba|Cu|La|O|Y,2,3,3,3,3,1,3,0,2,3,4,2
3765,1168,Ba|Ca|Cu|Er|O,4,2,4,3,1,1,3,3,3,4,3,1
3766,42,Cu|La|O|Sr|Zn,1,2,4,4,3,1,1,2,2,1,0,1
3767,1556,C|H|N|Na|Rb,2,4,0,0,3,3,4,3,1,1,1,2
3768,208,In|Sn,3,3,1,1,0,1,2,3,3,2,2,2
3769,952,Fe|Pd|Sb,0,4,2,2,3,0,3,2,3,1,0,3
3770,1679,Ba|Cu|O|Pr,1,3,4,4,3,2,4,1,3,4,2,4
3771,1680,Cd|Tl,3,2,1,3,0,4,0,2,3,0,1,4
3772,1,Ba|Ca|Cu|La|O,0,0,1,3,2,4,3,3,1,0,2,0
3773,160,Ba|Cu|O|Re|Y,2,4,2,2,0,0,3,1,1,0,3,0
3774,22,Ba|Co|Cu|O|Y,3,0,2,2,0,4,0,0,1,2,1,3
3775,670,Nb|S,1,1,1,4,2,2,0,1,2,2,3,1
3776,1240,Cl|Hf|Li|N|Zr,3,0,3,4,2,4,2,4,4,3,2,4
3777,67,La|Nd|Pt|Si,0,4,2,3,3,0,0,3,1,4,2,0
3778,64,Ba|Cu|O|Y|Zn,1,1,2,4,3,2,4,2,0,2,2,1
3779,350,Ba|Ca|Cu|La|Nd|O,2,4,3,4,0,4,0,3,3,4,1,1
3780,1681,Ni|Te|Zr,2,3,1,4,3,2,2,0,4,4,3,0
3781,59,Bi|Ca|Cu|O|Sr,2,1,2,3,0,3,4,4,4,1,1,2
3782,120,As|Co|Fe|O|P|Pr,0,3,0,3,0,1,0,1,0,2,3,2
3783,137,As|Fe|Mg|O|Sr|Ti,4,0,1,0,2,0,2,3,2,1,3,1
3784,1190,Hf|V|Zr,1,1,3,1,4,1,0,1,2,1,3,2
3785,1682,Dy|Os|Si,3,1,3,3,3,3,2,1,4,0,4,2
3786,1267,Al|Nb|Si,3,0,3,0,3,1,1,0,0,1,3,4
3787,74,Ba|Cu|La|O|Y,2,3,3,3,3,1,1,0,4,4,0,2
3788,496,In|Pb,4,0,3,1,4,2,2,2,4,2,1,2
3789,114,Cu|O|Sr|Y,4,3,4,2,2,3,0,2,1,4,4,4
3790,420,Ce|Cu|Nd|O,0,3,2,4,2,0,2,1,3,0,0,0
3791,45,Ca|Cu|La|O,1,2,0,2,3,1,2,0,0,3,2,0
3792,925,Ba|Cu|Gd|O|Sr,4,4,0,1,2,0,4,3,0,4,0,4
3793,945,Bi|F|La|O|S|Se,3,4,0,3,3,3,4,1,2,2,2,4
3794,542,Bi|Cu|La|O|Sr,1,3,4,1,2,1,4,3,1,2,4,2
3795,6,Co|Cu|La|O|Sr,1,1,0,1,0,4,1,4,1,2,0,3
3796,1276,Na|O|W,2,0,2,4,4,4,4,1,1,3,4,1
3797,541,Ir|Re|Rh,3,3,2,1,4,3,4,4,4,4,0,2
3798,1683,Sb|Sn|Sr,4,0,1,1,1,2,2,0,2,0,1,1
3799,1233,N|Ti,3,3,2,3,1,1,4,4,3,0,2,0
3800,178,Bi|Hf|La|O|S,3,2,3,4,2,1,1,4,4,0,1,3
3801,1684,Ce|Cu|Gd|O|Ru|Sr,0,4,0,3,4,4,2,1,4,0,2,0
3802,1685,Ce|Pt|Si,0,3,0,0,2,1,3,1,4,3,2,3
3803,1686,Bi|Ca|Cu|Eu|O|Sr,2,1,4,1,2,1,0,2,4,2,0,0
3804,1269,Al|Ca|Cu|Ho|O|Pb|Sr,0,0,2,1,4,3,2,1,1,1,2,3
3805,55,Fe|S|Se,2,2,3,4,3,2,3,3,2,2,3,2
3806,1229,As|F|Fe|La|O|Y,3,3,3,1,4,1,1,2,4,3,0,2
3807,126,Bi|Ca|Cu|Nd|O|Pb|Sr,2,4,0,2,0,1,2,0,1,0,0,4
3808,1687,N|S,1,0,0,2,1,1,4,3,3,4,2,0
3809,557,As|Ca|Fe|Na,0,1,1,0,0,3,2,2,0,1,4,3
3810,758,B|Fe|Mg,3,1,2,0,2,2,1,1,4,4,4,1
3811,967,As|F|Fe|Nd|O,3,4,4,3,0,2,3,3,3,0,0,4
3812,1688,Gd|Mo|Se,0,3,2,1,4,1,1,1,1,3,2,4
3813,64,Ba|Cu|O|Y|Zn,1,1,2,4,3,2,2,1,1,0,0,1
3814,514,Bi|In,3,0,1,2,2,2,0,2,2,2,1,0
3815,1230,Au|In|Y,2,1,1,1,3,1,2,0,3,0,0,2
3816,318,Ce|Pt|Ru,4,2,0,2,0,4,3,2,4,3,3,0
3817,1689,Bi|Y,1,2,4,1,3,3,3,1,1,1,3,1
3818,1690,Ca|Nb|O,2,4,0,4,1,1,4,1,1,3,0,3
3819,384,Cu|Sb,1,1,2,2,4,2,4,2,0,3,3,1
3820,128,Cl|Li|N|Zr,1,1,2,3,1,1,1,4,1,2,3,4
3821,1082,B|Nb|Si,2,2,2,2,0,4,4,1,0,4,2,2
3822,166,Ce|La|Ru,3,4,1,1,0,3,1,2,0,3,1,1
3823,1691,Bi|Ca|Cu|O|Pr|Sr,2,1,2,2,0,4,3,2,1,4,1,0
3824,1692,As|Fe|H|O|Pr,3,1,4,3,3,1,0,1,3,3,3,2
3825,1693,Bi|O|Rb,4,1,4,2,2,3,2,4,4,3,2,4
3826,708,C|Cu|N|O|Sr,4,1,1,2,1,0,1,3,2,2,4,1
3827,1019,Ce|Cu|La|O,0,3,4,3,4,1,0,4,4,2,2,0
3828,1694,B|C|Dy|Ni|Tb,2,3,4,3,4,4,0,0,0,1,4,0
3829,64,Ba|Cu|O|Y|Zn,1,1,2,4,3,2,2,0,1,0,2,1
3830,36,Bi|Ca|Cu|O|Sr|Y,4,2,4,1,1,0,2,0,2,0,0,4
3831,1695,Rh|Ti|Y,4,2,0,0,1,0,1,2,1,4,2,4
3832,332,As|Fe|Ir|O|Sm,4,0,3,0,0,3,4,0,1,1,0,1
3833,1017,Ba|Ca|Cu|Lu|O,1,0,2,3,3,0,0,0,2,3,3,4
3834,292,Ba|Cu|Fe|O|Y,0,4,0,1,4,3,4,0,1,1,0,4
3835,356,Mo|Re,4,3,4,1,0,0,3,1,4,4,3,4
3836,457,Ca|Cu|La|O|Sr,0,0,1,2,2,2,3,0,2,3,4,1
3837,1696,Re|V,3,0,1,3,1,3,2,3,4,2,3,2
3838,904,Ba|Cd|Cu|O|Y,0,2,2,1,3,3,2,4,1,3,2,3
3839,1373,F|Fe|La|O|P,0,0,2,4,0,4,1,2,3,0,0,0
3840,1697,Co|Cu|S,1,2,1,1,3,0,0,2,4,3,2,4
3841,130,Be|Th|U,2,4,1,0,3,3,0,0,3,4,4,0
3842,1698,Ca|P|Pt,0,1,2,3,2,4,1,2,0,4,1,3
3843,1699,La|Rh|Sn,2,4,2,1,1,1,3,4,1,3,0,3
3844,1192,Hg|Mg,3,2,4,3,0,4,1,0,0,4,2,3
3845,1700,Cr|Cu|Rh|S,4,0,4,4,1,1,3,4,1,4,1,0
3846,1701,Pb|Pt,4,4,2,2,2,0,4,1,2,0,2,4
3847,1702,La|P|Pt,1,2,2,1,3,4,2,1,0,2,0,2
3848,829,Mo|Nb,4,1,0,0,2,0,0,4,0,0,4,2
3849,1703,Ba|Ca|Cu|Gd|O,2,1,1,2,1,4,0,3,0,3,4,1
3850,1704,In|Pb|Te|Tl,2,3,3,4,3,3,0,2,0,1,3,2
3851,1705,C|Pt|U,1,4,0,4,4,2,3,0,3,2,0,3
3852,689,Ba|Bi|K|O|Pb,1,2,1,2,1,3,0,4,0,0,0,0
3853,47,Al|Au,4,1,0,3,4,1,2,3,3,0,2,4
3854,1706,Co|Si|V,3,3,4,0,0,1,4,0,4,0,2,0
3855,11,Ba|Cu|Nd|O,4,1,1,2,1,1,0,3,3,1,0,4
3856,635,As|Ba|Fe|Mo,4,3,1,4,3,4,0,0,3,0,2,4
3857,134,As|Fe|O|Sr|V,1,1,1,3,2,2,0,3,1,1,3,1
3858,565,Ce|Cu|Mn|Nd|O,3,0,4,2,1,1,0,1,0,4,1,1
3859,850,Cu|Fe|La|O|Sr,2,0,4,4,0,2,4,2,2,1,4,0
3860,1707,Pd|Si|Y,4,4,2,3,0,2,1,2,2,2,3,0
3861,7,N|V,0,4,3,2,3,0,0,2,4,0,4,4
3862,434,Re|Ta,1,2,2,4,4,0,3,0,0,2,1,1
3863,1708,As|Fe|La|Ni|O,0,2,2,1,1,2,4,4,4,3,3,4
3864,1709,As|Fe|O|Sc|Sr|Ti,0,1,3,0,4,3,0,2,2,1,2,2
3865,806,Sb|Ti,2,0,4,4,3,4,2,3,2,1,4,0
3866,1282,Ce|Cu|Nd|O|Sm,1,0,1,3,2,1,0,3,0,2,4,1
3867,1710,As|Ca|F|Fe|Rh,0,2,2,2,0,2,3,1,3,1,3,4
3868,1711,Ho|La,1,3,3,3,1,4,4,0,4,3,3,0
3869,62,Al|Ge|Nb,2,3,3,0,1,3,4,0,1,2,2,2
3870,175,K|O|W,0,1,3,3,0,0,2,4,3,1,4,4
3871,336,Ba|Cu|O|Pr|Sm,3,3,2,0,3,2,3,1,4,3,4,1
3872,423,Nb|Pd,1,4,4,2,3,0,3,3,1,3,3,4
3873,1712,Br|Ca|Cl|Cu|Na|O,2,0,4,3,4,4,0,4,3,4,2,0
3874,1379,Cu|O|Pr|Re|Sr|Y,0,1,2,0,1,3,2,4,3,4,3,3
3875,11,Ba|Cu|Nd|O,4,1,1,2,1,1,2,2,0,3,4,4
3876,1713,K|Nb|S,1,0,1,0,1,1,4,3,0,1,4,2
3877,1210,Bi|Ce|F|Nd|O|S,4,2,0,3,1,2,4,4,3,3,0,4
3878,471,Mo|Pb|Se,0,3,3,2,0,4,4,2,1,0,4,0
3879,216,Cu|La|O|Sr,4,4,1,1,0,1,2,4,3,3,3,4
3880,158,Ga|Mo,1,1,2,0,3,1,0,0,1,4,3,2
3881,559,B|C|Mg,0,3,1,1,2,2,4,0,4,1,3,3
3882,703,C|Mg|Ni,3,1,1,4,1,0,1,0,2,2,3,2
3883,1714,Pd|Ru,2,1,3,1,3,0,2,2,1,1,0,0
3884,130,Be|Th|U,2,4,1,0,3,3,0,3,2,2,0,0
3885,742,Si|V,1,3,3,2,3,0,1,4,2,1,0,2
3886,61,Ge|La|Pt,2,2,3,1,1,4,4,1,4,3,0,3
3887,840,Ba|Cu|Nd|O|Sr,2,1,1,1,2,2,0,2,2,1,0,3
3888,36,Bi|Ca|Cu|O|Sr|Y,4,2,4,1,1,0,1,1,2,4,2,4
3889,850,Cu|Fe|La|O|Sr,2,0,4,4,0,2,0,3,1,4,3,0
3890,189,Rh|Zr,4,0,1,3,3,1,3,4,0,0,0,4
3891,1436,B|Er|Lu|Ru,2,1,1,0,3,1,2,0,3,2,1,1
3892,6,Co|Cu|La|O|Sr,1,1,0,1,0,4,3,3,0,1,1,3
3893,1715,K|O|Os,2,2,4,1,4,1,4,2,3,1,2,1
3894,1716,Bi|La|Ni|O,4,2,1,2,3,3,1,0,4,0,2,0
3895,738,Co|La|Ru|Si,3,4,4,1,4,2,1,1,4,2,2,4
3896,1717,B|C|La|Nd|Pt,2,0,4,4,4,4,1,3,2,0,0,3
3897,1718,Cu|O|Sm|Th,3,4,3,0,4,4,4,1,1,3,4,4
3898,1719,As|Ca|Fe|Pt|Sm,0,3,1,2,4,2,4,2,3,3,2,4
3899,813,Ru|V,4,2,0,1,3,1,1,1,1,1,4,2
3900,262,Ag|Tl,2,2,0,2,3,0,1,2,3,0,2,1
3901,1720,Ga|V|W,3,4,0,2,4,3,4,0,2,4,1,3
3902,1721,Hg|O|Re,1,3,0,4,1,0,3,4,3,1,2,2
3903,908,Ru|Ti|V,3,4,4,3,1,2,2,0,4,3,4,4
3904,1722,Fe|Ga|V,4,4,4,2,2,1,2,3,0,4,0,2
3905,216,Cu|La|O|Sr,4,4,1,1,0,1,2,2,0,1,4,4
3906,84,H|Pd,0,4,3,0,4,4,3,1,2,3,0,2
3907,115,Pb|Tl,4,3,1,2,2,0,2,1,1,3,2,2
3908,1056,Ge|In|Sn|Te,2,1,3,1,3,0,0,0,2,3,2,4
3909,274,Ca|Cu|La|Nd|O,2,4,2,4,4,3,2,1,0,4,2,4
3910,79,Fe|Se|Te,4,3,3,0,1,3,1,4,3,1,1,0
3911,557,As|Ca|Fe|Na,0,1,1,0,0,3,4,0,3,4,0,3
3912,1512,C|Mg|Ni|Ru,1,2,3,2,0,3,4,4,2,1,0,2
3913,1723,Ir|Pd,0,4,2,2,1,1,1,1,4,1,3,2
3914,1340,Ba|Cu|Ga|Nd|O,2,2,3,4,4,2,2,2,1,3,2,1
3915,1469,B|La|Y,0,4,4,2,3,4,3,2,4,3,4,0
3916,1724,Ce|Cu|Nd|O|Sr|Ta,2,2,2,3,3,1,0,2,3,0,0,1
3917,476,Ba|Cu|Ga|O|Y,0,1,1,0,4,0,3,0,2,3,1,1
3918,1725,Al|Th,1,0,2,1,3,0,4,4,3,1,3,4
3919,116,As|F|Fe|La|O|Ru,4,3,4,1,0,1,1,0,1,0,3,0
3920,42,Cu|La|O|Sr|Zn,1,2,4,4,3,1,3,0,1,4,2,1
3921,217,Ce|Cu|O|Sm,3,0,2,1,4,4,0,3,2,1,1,2
3922,1401,Ag|Ba|Cu|O|Y,0,3,1,4,2,4,4,1,4,3,0,1
3923,1726,Ba|Cu|Fe|O|Sr|Y,2,1,0,1,0,0,0,1,4,3,0,1
3924,789,Cd|Mg,1,2,3,3,4,2,3,2,0,0,1,1
3925,1727,Nb|Se|Te,3,3,2,2,0,3,1,1,1,3,3,4
3926,276,Ca|Cu|O|Sr,0,0,3,4,4,0,3,2,1,2,0,0
3927,1728,B|C|La|Ni|Th,4,0,2,1,1,1,1,4,2,4,1,1
3928,542,Bi|Cu|La|O|Sr,1,3,4,1,2,1,1,1,4,2,2,2
3929,906,Nb|Sn,2,1,1,4,2,2,3,0,2,3,2,3
3930,82,Fe|Ni|Zr,3,2,1,0,0,4,1,4,0,2,3,0
3931,160,Ba|Cu|O|Re|Y,2,4,2,2,0,0,0,1,3,0,2,0
3932,1729,I|Mo|Te,0,3,0,1,0,3,0,4,3,1,1,2
3933,541,Ir|Re|Rh,3,3,2,1,4,3,0,0,4,0,3,2
3934,356,Mo|Re,4,3,4,1,0,0,4,3,4,0,0,4
3935,1730,Ir|Sc|Sn,1,3,1,1,1,3,3,2,1,4,2,3
3936,1207,Ce|Co|In|Ru,3,4,4,2,0,2,3,3,1,0,2,2
3937,168,Cu|La|O,0,4,4,4,1,3,2,1,1,0,3,0
3938,211,Mo|U,1,2,2,1,0,3,4,2,0,3,4,0
3939,1731,Cd|Cu|S,2,4,3,3,0,3,2,3,4,4,2,4
3940,726,Ir|La|Si,4,2,2,4,3,2,4,2,3,2,4,0
3941,74,Ba|Cu|La|O|Y,2,3,3,3,3,1,1,2,1,0,2,2
3942,179,Ta|V,4,0,4,3,1,0,2,0,4,2,3,2
3943,1732,O|Sn,3,2,1,1,2,4,0,1,4,3,1,4
3944,1108,Ce|Cu|O|Pr,2,0,2,2,4,1,2,2,0,3,0,0
3945,183,Ba|Ca|Cu|O|Tl,2,3,4,2,0,4,4,2,0,0,2,2
3946,819,As|Co|Fe|O|Pr,4,1,3,2,3,3,4,1,1,2,1,3
3947,1733,Bi|Nb,3,2,3,1,1,4,1,4,1,1,3,0
3948,689,Ba|Bi|K|O|Pb,1,2,1,2,1,3,1,1,0,2,1,0
3949,1356,Ge|Nb|Pb|Sn,3,2,3,1,4,4,3,1,0,4,2,4
3950,35,Bi|Cu|O|Pr|Sr,4,3,1,4,4,0,1,4,2,0,2,3
3951,1310,Ir|Lu|Rh|Si,1,3,2,2,3,1,0,3,0,2,3,1
3952,684,Ba|Ca|Cu|Hg|O,0,1,4,0,4,3,4,2,0,3,3,4
3953,1190,Hf|V|Zr,1,1,3,1,4,1,1,0,1,1,3,2
3954,126,Bi|Ca|Cu|Nd|O|Pb|Sr,2,4,0,2,0,1,1,1,1,3,1,4
3955,1734,Ba|Rh,4,4,2,1,2,1,0,3,2,1,1,1
3956,1735,Nb|Se|Sn,0,2,2,0,0,3,3,0,4,2,0,2
3957,228,Ce|Cu|O|Pr|Zn,2,0,1,4,0,2,2,0,4,2,4,4
3958,1711,Ho|La,1,3,3,3,1,4,4,3,3,3,4,0
3959,1736,Ca|Cu|Ga|O|Sr,1,2,1,3,2,4,0,4,4,0,2,4
3960,1296,Fe|K|Se|Tl,3,3,1,2,2,1,0,3,0,2,1,4
3961,951,Ru|W,2,1,3,2,2,4,3,2,1,2,4,2
3962,1737,Al|Np|Pd,0,2,1,0,1,2,4,4,4,0,2,2
3963,91,Ba|Ca|Co|Cu|Er|O,3,4,1,3,0,4,4,1,3,0,2,1
3964,64,Ba|Cu|O|Y|Zn,1,1,2,4,3,2,0,1,2,3,4,1
3965,54,Nb|Ta,1,2,0,0,3,2,1,4,4,3,1,0
3966,1738,Cr|Ir,0,0,4,4,4,1,4,4,1,2,0,0
3967,62,Al|Ge|Nb,2,3,3,0,1,3,4,4,0,0,0,2
3968,1628,B|C|Ni|Tb|Y,2,0,1,3,4,2,4,4,4,0,3,1
3969,868,Al|Au|In,3,1,3,0,1,3,4,2,3,1,3,1
3970,1,Ba|Ca|Cu|La|O,0,0,1,3,2,4,1,3,3,2,1,0
3971,639,Ca|Cu|O|Sr|Tl|Y,3,4,1,0,3,1,4,0,1,2,4,1
3972,1739,C|Ru|Y,2,2,3,1,0,0,1,0,2,1,3,4
3973,816,As|F|Fe|La|O|P,4,4,0,1,2,2,4,3,0,0,4,0
3974,159,Ba|Cu|Hg|O|Zn,3,2,3,3,3,3,1,3,3,4,3,2
3975,64,Ba|Cu|O|Y|Zn,1,1,2,4,3,2,1,2,3,0,0,1
3976,1740,Mo|Pd,1,4,4,3,2,3,3,3,1,4,4,3
3977,1741,Bi|Cu|Mo|O|Sr|Y,1,3,4,0,1,1,1,1,2,1,0,2
3978,675,Ba|Cu|O|Sm,0,0,0,2,2,0,0,1,1,0,0,0
3979,562,C|W,2,0,4,4,0,4,3,0,2,0,0,2
3980,501,As|Fe|O|Pr|Sr,1,0,1,1,4,0,0,0,2,2,3,3
3981,49,Ba|Cu|La|O,3,0,2,4,3,0,0,4,1,3,4,3
3982,825,Ba|Cu|Dy|Ni|O,3,0,1,1,2,4,2,1,4,3,3,4
3983,418,P|Pd|Pt|Sr,4,0,1,1,4,3,4,1,4,2,3,0
3984,1742,Ge|Rh|U,4,1,1,3,4,4,4,1,3,3,3,1
3985,1743,Hf|Tc,2,3,3,1,2,4,3,0,1,1,2,0
3986,1666,Na|S|Ta,4,2,4,4,4,2,0,0,0,1,2,2
3987,6,Co|Cu|La|O|Sr,1,1,0,1,0,4,1,2,3,2,4,3
3988,937,La|Sn|Tm,3,0,0,3,3,3,4,3,1,4,1,4
3989,733,Re|W,0,2,1,0,2,2,1,0,0,2,2,1
3990,1744,Al|Ca|Cu|O|Sr|Y,3,4,0,0,4,0,1,1,4,3,0,4
3991,410,Co|Sn|Yb,2,0,4,4,0,4,0,0,0,3,2,0
3992,232,C|Ho|Th,4,1,4,1,1,1,0,3,2,4,3,1
3993,351,Ba|Cu|Hg|O,0,1,0,3,3,4,0,1,2,3,0,2
3994,1745,B|Mg|Nb,1,3,4,1,1,2,2,4,3,4,0,0
3995,1746,Pb,4,2,3,1,1,2,4,4,4,0,4,2
3996,0,As|Ba|Fe|K,0,4,2,3,0,4,3,0,4,2,4,1
3997,36,Bi|Ca|Cu|O|Sr|Y,4,2,4,1,1,0,4,4,2,4,1,4
3998,79,Fe|Se|Te,4,3,3,0,1,3,1,1,2,3,2,0
3999,416,As|Ba|Co|Fe,3,2,2,4,2,1,4,3,1,3,0,3
4000,622,C|Mo|Ti,3,3,2,1,4,2,1,4,2,3,4,4
4001,12,Ba|Ca|Cu|O|Y,3,3,3,3,4,4,0,4,2,1,0,3
4002,79,Fe|Se|Te,4,3,3,0,1,3,0,3,3,0,2,0
4003,1747,Mo|S|Sn|W,0,4,1,2,1,4,0,1,3,4,1,3
4004,639,Ca|Cu|O|Sr|Tl|Y,3,4,1,0,3,1,0,3,2,3,2,1
4005,267,Ta|W,2,2,2,0,4,4,4,3,3,2,0,2
4006,65,Ba|Bi|K|O,3,2,0,2,0,0,3,1,0,3,3,3
4007,1294,Bi|F|La|S|Sr,1,2,1,1,2,2,1,3,4,2,1,4
4008,906,Nb|Sn,2,1,1,4,2,2,0,0,1,2,0,3
4009,1748,Ba|Bi|K|O|Y,0,1,2,2,2,3,2,1,2,3,4,4
4010,665,Ba|Ca|Cu|Gd|La|O,4,1,4,1,3,0,3,4,3,2,2,2
4011,1749,As|Co|Fe|O|Pr|Sr,0,1,2,2,4,2,0,4,2,4,1,3
4012,949,Hg|Pb,0,1,4,2,1,3,2,2,2,0,2,4
4013,647,Th|U,1,4,3,1,4,4,2,1,0,4,2,3
4014,1750,As|Cr|Rb,2,4,3,4,1,1,0,3,3,1,1,0
4015,632,Au|Sn,1,2,0,2,0,1,0,0,2,4,2,0
4016,286,Ba|Cu|O|Pr|Y,3,1,2,0,3,0,2,1,1,4,3,3
4017,208,In|Sn,3,3,1,1,0,1,1,1,2,2,4,2
4018,1234,La|Lu|Tb,4,2,0,4,1,2,0,3,2,0,4,2
4019,1751,Ba|Ca|Cu|Hg|O|Re,3,3,3,2,3,4,0,1,3,4,0,1
4020,53,Ga|Si|Sr,1,0,2,4,3,1,4,4,1,2,4,3
4021,290,Ba|Ca|Cu|La|O|Y,2,0,4,0,1,2,3,1,3,4,0,1
4022,34,Os|Pr|Ru|Sb,2,2,2,1,0,0,1,3,2,4,1,1
4023,1752,Mo|Pb|S|Sn,1,1,4,0,1,0,3,2,2,0,2,2
4024,1753,Ba|Ca|Cu|F|Fe|O|Tl,0,2,0,4,2,0,0,4,3,1,0,3
4025,428,Ba|Cu|O|Sr|Yb,1,4,0,4,3,2,0,4,2,3,3,4
4026,1014,Bi|Ce|Pb|Te,0,0,3,2,0,2,3,3,1,0,0,1
4027,750,Pb|Sb,2,2,2,4,1,0,0,3,3,2,1,0
4028,1754,As|F|Fe|Nd|O|Ru,1,1,0,0,2,2,3,2,2,0,0,4
4029,1755,Ga|Nb|V,0,3,3,1,1,4,0,0,1,2,1,3
4030,970,Nb|Sn|Ta|V,4,3,2,4,4,0,0,0,2,4,3,2
4031,1756,As|Fe|Gd|H|O,3,1,4,0,1,2,2,3,2,3,4,4
4032,1757,As|Cd|Ge,4,0,4,0,0,1,2,2,1,3,4,4
4033,1758,Ca|Cr|Cu|O|Sr,3,1,2,4,4,0,1,1,0,3,1,3
4034,79,Fe|Se|Te,4,3,3,0,1,3,2,2,3,4,4,0
4035,1759,B|Ge|Ta,0,0,1,4,4,3,2,2,2,3,0,0
4036,808,Ba|Pd|Si,2,3,0,0,1,2,0,0,1,1,3,4
4037,1097,Er|Pd|Sn|Y,0,2,3,0,0,4,3,4,1,1,4,4
4038,1461,As|Ca|Fe|Nd|Pt,1,4,2,3,3,2,1,1,2,3,1,4
4039,1535,Hf|Re,3,1,0,3,0,3,4,4,3,3,0,2
4040,79,Fe|Se|Te,4,3,3,0,1,3,3,3,4,4,3,0
4041,1760,Fe|Na|S|Se,2,2,2,2,3,4,0,4,2,1,4,4
4042,955,Ir|Ru,2,2,0,0,3,1,4,4,3,1,3,2
4043,956,Ba|Cu|Eu|O|Pr,0,4,4,1,3,3,4,4,3,2,2,3
4044,16,Cu|Mo|S,0,3,1,3,0,4,4,3,4,3,4,3
4045,204,Cu|La|O|Pr|Sr,1,1,2,0,1,0,2,3,2,4,3,0
4046,104,B|Mg|Zn,2,0,2,2,4,1,3,0,2,3,3,1
4047,1,Ba|Ca|Cu|La|O,0,0,1,3,2,4,4,4,2,0,2,0
4048,336,Ba|Cu|O|Pr|Sm,3,3,2,0,3,2,1,2,1,4,4,1
4049,182,La|Y,2,0,1,3,4,0,4,2,0,3,4,1
4050,1761,Ge|Zr,1,0,0,3,4,2,2,0,1,1,4,2
4051,640,As|Ba|Fe|Na,4,4,2,3,1,0,4,3,3,4,4,1
4052,492,Ir|Os|Th,2,3,1,2,1,0,3,1,3,0,3,2
4053,473,Ba|Ca|Cu|O|Sr|Yb,2,2,0,1,4,2,1,2,0,1,2,2
4054,1078,Ga|Nb|Ni|Zr,3,0,3,0,4,4,3,4,4,3,1,3
4055,1762,As|Ca|Fe|La,1,0,4,2,4,3,0,4,0,1,2,4
4056,1387,Cu|La|O|Sr|Tl,3,0,1,1,3,1,1,4,0,4,0,0
4057,216,Cu|La|O|Sr,4,4,1,1,0,1,4,1,1,2,3,4
4058,1359,Au|B|C|La|Pt,0,0,0,0,4,0,3,3,2,0,2,2
4059,1763,Ge|Nd|Pt,2,2,4,0,3,1,2,4,2,4,2,1
4060,826,Pd|Ti,1,0,3,0,4,1,1,1,0,3,1,1
4061,1206,Pd|Sb,0,4,2,3,1,3,2,0,2,2,3,3
4062,251,Mo|Ti,2,1,3,3,4,3,3,3,0,2,0,0
4063,12,Ba|Ca|Cu|O|Y,3,3,3,3,4,4,1,3,2,3,0,3
4064,1082,B|Nb|Si,2,2,2,2,0,4,0,4,0,2,0,2
4065,1764,Ba|Ge|Si,2,1,3,1,0,3,3,3,3,0,3,4
4066,528,C|Hf|Mo,0,1,2,4,1,3,0,3,0,1,1,4
4067,1765,Ru|Si|V,1,0,2,4,3,2,1,0,4,2,4,2
4068,758,B|Fe|Mg,3,1,2,0,2,2,2,2,1,2,1,1
4069,246,Bi|K|O,0,4,4,1,0,3,0,0,3,3,2,3
4070,74,Ba|Cu|La|O|Y,2,3,3,3,3,1,0,3,4,0,2,2
4071,1766,Au|B|Mo,3,1,1,0,4,1,2,1,1,4,3,0
4072,1,Ba|Ca|Cu|La|O,0,0,1,3,2,4,1,2,1,4,2,0
4073,1767,Ag|N|O,4,1,0,0,2,4,4,3,3,0,3,3
4074,364,Th|Zr,1,2,1,1,4,1,2,4,3,3,2,4
4075,1,Ba|Ca|Cu|La|O,0,0,1,3,2,4,0,0,4,0,1,0
4076,1768,Au|C|Y,3,0,0,2,4,1,1,0,3,2,2,4
4077,850,Cu|Fe|La|O|Sr,2,0,4,4,0,2,3,0,1,1,4,0
4078,1769,Mo|Se|Te,4,4,3,4,1,2,4,2,4,2,2,2
4079,153,Ba|Cu|Ni|O|Y,1,4,4,4,2,1,3,0,1,2,0,1
4080,1161,Nb|Tc,4,1,2,1,1,1,4,0,2,3,1,2
4081,1770,Ir|La|P,4,3,2,1,2,2,4,3,2,2,3,1
4082,1771,Mo|Pd|Sb,0,2,4,1,0,4,3,2,0,1,3,2
4083,1251,Os|Zr,2,4,4,3,3,4,3,2,4,2,3,2
4084,506,Bi|Pb|Sn,1,2,4,4,3,3,2,0,4,1,3,4
4085,1772,Ce|Cr|Cu|O|Sr|Y,1,0,2,0,0,0,0,4,4,3,0,3
4086,1533,La|Pr|Tl,0,0,1,4,2,4,2,2,0,1,2,3
4087,320,As|Fe|Ni|O|Sm,4,0,3,4,3,4,0,3,3,3,2,1
4088,617,Ba|Cu|O|Pr|Yb,4,3,4,2,0,1,0,0,4,0,0,1
4089,1773,S|V,2,0,2,1,3,2,1,1,2,0,2,4
4090,1774,Ni|Th,3,0,4,4,2,3,4,0,1,4,3,1
4091,71,Ba|Cu|Li|O|Y,4,2,4,1,4,0,0,3,0,2,4,3
4092,64,Ba|Cu|O|Y|Zn,1,1,2,4,3,2,2,1,4,2,2,1
4093,640,As|Ba|Fe|Na,4,4,2,3,1,0,4,2,4,1,4,1
4094,1535,Hf|Re,3,1,0,3,0,3,3,4,4,1,0,2
4095,1775,Ba|Cu|O|Sr,4,2,3,0,1,3,3,2,0,1,2,0
4096,6,Co|Cu|La|O|Sr,1,1,0,1,0,4,3,1,0,1,3,3
4097,973,Fe|Ga|Nb,3,4,1,2,0,0,0,0,4,0,4,0
4098,1517,Rh|Sn|Y,4,3,0,0,4,3,3,2,3,1,0,2
4099,876,Mo|Pb|Se|Yb,1,1,1,4,1,0,4,3,1,1,2,1
4100,394,Ca|Cl|Cu|K|O,0,3,0,2,3,2,0,2,1,2,4,4
4101,1776,Cu|Gd|La|O|Sr,1,3,0,0,0,2,2,4,4,3,4,1
4102,1260,Ge|Si|V,2,0,1,0,1,3,2,3,3,0,2,3
4103,59,Bi|Ca|Cu|O|Sr,2,1,2,3,0,3,1,3,4,2,1,2
4104,686,Ba|Ca|Cu|O|Pr|Y,1,0,3,3,1,0,0,0,0,4,0,4
4105,734,Ge|Nb,1,3,4,0,2,2,0,4,2,4,4,4
4106,12,Ba|Ca|Cu|O|Y,3,3,3,3,4,4,0,1,0,4,0,3
4107,675,Ba|Cu|O|Sm,0,0,0,2,2,0,0,0,3,0,4,0
4108,1565,As|Fe|H|O|Sm,2,4,0,4,4,3,4,3,3,2,0,1
4109,1165,Nd|Os|Pr|Sb,4,2,1,2,1,4,0,1,4,2,1,0
4110,1358,B|Li|Pt,4,2,3,4,1,3,2,4,2,4,4,3
4111,1777,Bi|F|La|O|S|Y,3,4,2,0,0,2,0,0,0,2,1,1
4112,1778,Ga|Re|V,3,4,0,3,0,3,4,3,1,0,0,0
4113,1150,Bi|S|Ta,3,2,4,2,2,4,3,2,3,2,2,2
4114,1779,Al|Cr|V,2,2,3,4,1,0,3,1,3,1,4,3
4115,1780,Ir|Nb|Rh,2,0,1,0,2,1,1,3,4,4,3,1
4116,1781,C|Hg|K,3,3,0,3,2,4,4,0,1,1,1,0
4117,1089,Ta|Ti,1,3,1,0,1,2,2,0,2,2,2,2
4118,348,B|C|Lu|Ni,1,4,1,3,3,4,3,4,3,2,4,1
4119,366,As|Ba|Fe|Ni,0,1,0,4,4,3,3,1,0,1,0,1
4120,292,Ba|Cu|Fe|O|Y,0,4,0,1,4,3,3,1,3,0,0,4
4121,1782,Co|Cu|Zr,0,3,0,0,4,1,0,3,1,1,1,1
4122,416,As|Ba|Co|Fe,3,2,2,4,2,1,4,3,4,0,3,3
4123,229,B|Li|Pd|Pt,1,1,2,4,0,0,3,4,2,3,0,2
4124,928,Al|Nb|Zr,1,4,4,0,0,2,4,1,4,2,3,1
4125,651,Ir|Os|Rh,0,1,4,2,4,2,2,3,1,3,1,1
4126,216,Cu|La|O|Sr,4,4,1,1,0,1,1,0,0,2,4,4
4127,1783,Bi|O|S|Se,0,0,2,3,0,0,1,3,4,0,3,2
4128,356,Mo|Re,4,3,4,1,0,0,1,3,4,1,4,4
4129,1271,Ba|Ga|Si,0,0,1,4,1,3,0,4,0,2,3,4
4130,665,Ba|Ca|Cu|Gd|La|O,4,1,4,1,3,0,2,2,4,0,1,2
4131,630,B|Lu|Zr,1,3,0,4,0,0,2,4,2,2,3,1
4132,1210,Bi|Ce|F|Nd|O|S,4,2,0,3,1,2,2,4,1,4,2,4
4133,1784,Cd|Mo|Se,4,2,0,1,1,3,1,1,1,1,1,3
4134,79,Fe|Se|Te,4,3,3,0,1,3,1,4,2,3,1,0
4135,1785,Cu|La|O|Sm,3,1,1,4,0,4,0,1,0,1,2,4
4136,74,Ba|Cu|La|O|Y,2,3,3,3,3,1,1,3,0,1,3,2
4137,431,Sn|V,0,3,4,0,3,0,3,0,4,1,4,1
4138,203,Ce|Cu|Gd|O|Pr,3,2,0,3,2,0,0,4,3,1,0,3
4139,685,Ba|Cu|Lu|O|Pr|Sr,4,0,1,3,0,3,0,0,2,4,3,3
4140,610,C|Mo,2,1,0,2,2,3,0,0,2,4,0,1
4141,239,As|Ba|Fe|Ru,0,3,3,1,1,3,0,0,2,1,1,2
4142,1786,Li|Mo|S,4,3,3,0,4,0,0,1,1,3,1,1
4143,36,Bi|Ca|Cu|O|Sr|Y,4,2,4,1,1,0,2,3,1,4,3,4
4144,1787,Ce|Co|In|Ir,1,3,1,1,1,0,0,1,3,2,1,0
4145,706,Ag|F|H|O,0,3,4,3,2,4,0,1,2,4,2,1
4146,86,Ba|Cu|O|Y,4,4,4,2,0,4,3,1,4,3,4,4
4147,416,As|Ba|Co|Fe,3,2,2,4,2,1,4,3,4,3,3,3
4148,1535,Hf|Re,3,1,0,3,0,3,1,1,0,1,1,2
4149,86,Ba|Cu|O|Y,4,4,4,2,0,4,2,3,4,1,3,4
4150,241,Ga|V,4,3,1,0,4,2,3,0,3,4,1,0
4151,49,Ba|Cu|La|O,3,0,2,4,3,0,4,1,1,0,4,3
4152,1788,Si|W,2,3,3,4,3,4,0,0,1,2,2,1
4153,644,Ir|Pt|Te,4,2,1,2,3,2,0,2,1,0,2,0
4154,871,Cu|O|Sr|Ti|Y,3,2,4,2,1,3,3,2,2,3,2,3
4155,1210,Bi|Ce|F|Nd|O|S,4,2,0,3,1,2,0,3,4,3,0,4
4156,171,As|Ca|Co|Fe,3,2,0,0,3,4,2,2,1,3,4,3
4157,218,C|Mo|Ta,1,3,0,0,3,0,2,3,3,3,1,0
4158,243,Cu|O|Re|Sr|Y,0,3,4,1,2,4,4,3,0,0,2,3
4159,1789,Ba|Sn,0,0,0,3,4,2,0,3,2,4,4,3
4160,1790,Au|H|Pd,1,1,2,4,1,2,1,4,4,4,3,4
4161,62,Al|Ge|Nb,2,3,3,0,1,3,4,1,0,2,3,2
4162,1249,Ba|Ca|Cu|La|O|Pr|Sr,0,4,2,3,3,1,0,4,2,4,4,3
4163,327,B|C|Cu|O|Sr,3,4,4,0,2,4,3,4,3,4,3,3
4164,966,As|Co|Fe|La|O,1,1,3,1,0,2,2,2,2,2,1,1
4165,504,Al|Ga|Nb,2,4,3,1,2,0,3,0,1,3,3,3
4166,675,Ba|Cu|O|Sm,0,0,0,2,2,0,1,0,2,3,3,0
4167,92,As|Ba|Co|Fe|Mn,0,0,4,4,2,2,3,2,3,2,1,2
4168,1597,Ca|Cu|Eu|O|Pb|Sr,3,2,2,3,0,0,1,2,2,0,2,0
4169,542,Bi|Cu|La|O|Sr,1,3,4,1,2,1,3,3,1,0,0,2
4170,1791,Pd|Sn|Tm,1,2,1,0,2,1,0,0,1,3,4,4
4171,1284,Pt|W,4,0,4,1,3,0,1,0,3,4,1,0
4172,89,In|Pb|Sn|Te,1,2,1,2,3,2,2,3,1,1,3,1
4173,1792,Na|Pb|Te|Tl,2,4,2,1,4,2,4,1,1,4,2,0
4174,1793,B|Lu|Ru|Tm,4,0,3,4,3,3,0,3,2,1,2,1
4175,74,Ba|Cu|La|O|Y,2,3,3,3,3,1,3,0,2,3,0,2
4176,831,Nb|Pd|S|Se,0,1,3,0,3,3,4,4,3,0,4,4
4177,1794,Mo|Ni|P,4,2,2,0,4,2,3,0,1,4,3,1
4178,153,Ba|Cu|Ni|O|Y,1,4,4,4,2,1,1,0,0,2,0,1
4179,1795,La|P|Rh,2,4,4,1,0,4,2,1,4,1,4,1
4180,816,As|F|Fe|La|O|P,4,4,0,1,2,2,4,0,1,3,4,0
4181,177,C|Cu|N|O|Pb|Sr|Tl,0,2,0,3,3,3,3,0,1,1,3,0
4182,37,C|Mo|W,2,1,2,1,2,2,4,1,2,3,2,2
4183,154,In|Te,2,2,3,2,0,1,2,3,4,2,0,4
4184,1436,B|Er|Lu|Ru,2,1,1,0,3,1,2,0,4,1,0,1
4185,477,Nb|Ti|Zr,0,1,1,1,3,3,2,3,1,4,3,3
4186,43,Fe|K|Se,2,2,3,2,1,3,4,1,4,1,0,0
4187,1796,Be|Mo,3,3,1,1,1,0,4,3,2,3,1,2
4188,1797,Al|C|Mo,3,3,3,0,1,1,0,0,4,1,2,1
4189,593,Nb|Pt,0,3,3,3,2,3,3,1,3,2,0,0
4190,1798,Pd|Sn|Y,3,1,4,2,1,3,3,2,0,0,4,3
4191,139,Al|B|Mg,1,1,3,4,1,1,0,4,2,4,4,1
4192,1799,Fe|Zr,0,3,4,0,1,4,4,2,3,4,1,0
4193,1800,Rh|Ti|V,2,4,3,0,2,0,2,3,3,1,1,2
4194,1167,Bi|F|Nd|O|S,3,4,2,0,1,0,1,0,2,3,3,1
4195,1113,Ca|Cu|O|Sr|Th|Tl,2,4,4,3,0,1,3,0,2,4,4,0
4196,286,Ba|Cu|O|Pr|Y,3,1,2,0,3,0,2,4,1,0,4,3
4197,1801,Nb|Si,1,1,4,1,3,4,1,2,2,4,2,2
4198,366,As|Ba|Fe|Ni,0,1,0,4,4,3,2,2,1,0,0,1
4199,1021,Ca|O|Sr|Ti,2,2,0,1,3,0,4,4,0,3,1,3
4200,326,Ca|Cl|Cu|O,4,0,3,3,4,2,3,2,2,1,4,2
4201,1736,Ca|Cu|Ga|O|Sr,1,2,1,3,2,4,2,4,2,0,4,4
4202,1802,Cu|Te|Zr,4,3,3,4,2,1,0,3,2,4,0,4
4203,1580,Au|Ba|Ge|Pt,4,1,4,2,3,4,1,1,2,4,4,1
4204,403,B|C|Ho|Lu|Ni,4,3,0,2,0,0,2,1,0,0,4,3
4205,1803,Ir|Lu,3,3,4,3,4,0,3,3,0,1,1,1
4206,1618,Ba|Ca|Cu|Hg|O|Tl|Y,4,0,3,0,4,1,3,2,1,2,3,4
4207,327,B|C|Cu|O|Sr,3,4,4,0,2,4,4,0,3,1,0,3
4208,10,Cu|La|O|Pb|Sr,3,0,0,3,2,2,0,4,2,3,2,3
4209,89,In|Pb|Sn|Te,1,2,1,2,3,2,0,1,2,3,2,1
4210,1285,O|Rb|W,4,2,2,3,3,4,4,3,3,3,3,1
4211,1084,Au|In|Pd|Y,3,0,2,3,4,2,1,0,2,0,1,4
4212,1804,C|N|Th,3,2,0,0,3,1,4,4,4,0,0,0
4213,261,Ba|Cu|Nd|O|Pr,3,1,2,4,3,0,3,3,3,2,4,3
4214,1040,Ge|Te,2,4,2,2,1,0,1,3,0,4,0,2
4215,173,Ba|Ge|Ni|P,1,1,1,1,0,4,4,2,3,4,0,0
4216,1805,Sc|V,4,4,2,2,3,3,1,0,4,1,1,1
4217,420,Ce|Cu|Nd|O,0,3,2,4,2,0,3,3,0,0,4,0
4218,638,Ag|Ba|Si,3,0,1,4,3,4,3,3,3,1,1,0
4219,1498,Ba|Cu|La|O|Pr,1,3,0,4,4,0,1,1,3,3,4,2
4220,1518,H|Ni|Pd,3,3,3,4,4,0,2,0,1,0,1,4
4221,0,As|Ba|Fe|K,0,4,2,3,0,4,1,0,4,4,0,1
4222,1025,Ga|Mn|Nb,1,1,4,0,2,4,2,2,4,1,1,2
4223,31,Ba|Cu|O|Pr|Sr|Y,0,2,3,4,1,0,4,0,3,3,3,2
4224,46,As|Ba|Co|Fe|Zn,1,3,3,2,1,3,3,3,4,3,3,3
4225,694,Ba|Cu|Gd|O|Pr,4,4,3,2,3,0,2,4,1,0,4,2
4226,1806,Rh|Sn|Yb,2,0,4,1,0,0,1,1,1,3,3,2
4227,873,Ba|Ca|Cd|Cu|La|O,1,4,4,3,4,3,3,0,0,0,2,1
4228,1807,Ca|Cu|Er|O|Sr|Tl,2,3,2,2,2,3,1,0,1,3,4,0
4229,1165,Nd|Os|Pr|Sb,4,2,1,2,1,4,3,2,1,2,3,0
4230,436,Ba|Cu|Eu|O|Pr|Sr,4,0,2,2,2,1,0,2,1,1,4,3
4231,684,Ba|Ca|Cu|Hg|O,0,1,4,0,4,3,0,4,1,3,2,4
4232,868,Al|Au|In,3,1,3,0,1,3,1,1,2,3,3,1
4233,19,Gd|In|La,1,2,2,4,3,2,2,1,0,3,2,4
4234,60,As|Fe|La|O|Y,0,3,2,0,3,1,2,3,0,2,2,4
4235,1808,O|Ti,0,0,2,4,0,3,1,1,0,0,3,0
4236,1185,Ir|Nb,1,1,1,2,4,4,0,1,1,1,4,0
4237,692,Al|B|Li|Pt,0,0,1,0,0,3,1,1,2,4,3,3
4238,286,Ba|Cu|O|Pr|Y,3,1,2,0,3,0,1,2,1,3,0,3
4239,779,C|Ca|Cu|O|Sr,2,0,2,1,2,1,4,0,1,1,1,3
4240,967,As|F|Fe|Nd|O,3,4,4,3,0,2,0,2,4,0,1,4
4241,361,Ga|Sn|V,3,0,2,2,0,0,2,3,0,4,1,3
4242,1717,B|C|La|Nd|Pt,2,0,4,4,4,4,4,3,0,0,0,3
4243,689,Ba|Bi|K|O|Pb,1,2,1,2,1,3,4,1,3,3,3,0
4244,1364,Ni|Zr,2,1,2,3,2,1,2,0,2,2,4,4
4245,74,Ba|Cu|La|O|Y,2,3,3,3,3,1,3,0,3,2,4,2
4246,1202,Ir|Ru|Th,0,4,4,1,4,2,3,0,4,1,4,1
4247,66,Ba|Ca|Cu|La|O|Sr,3,2,3,2,4,1,0,0,2,4,4,2
4248,1809,Ce|Cu|Fe|Nd|O,1,3,3,1,2,3,4,1,1,0,3,1
4249,684,Ba|Ca|Cu|Hg|O,0,1,4,0,4,3,2,1,4,0,0,4
4250,1810,Co|Rh|Zr,1,3,0,1,4,0,1,1,2,3,2,2
4251,40,Au|Ga,0,0,0,2,1,0,0,4,2,3,4,1
4252,1764,Ba|Ge|Si,2,1,3,1,0,3,0,1,2,0,4,4
4253,1811,C|Na,0,2,3,1,3,4,4,1,3,0,0,0
4254,245,As|Ca|Fe|Pr|Pt,0,0,4,4,1,0,0,4,3,4,1,3
4255,79,Fe|Se|Te,4,3,3,0,1,3,0,4,4,3,3,0
4256,496,In|Pb,4,0,3,1,4,2,0,4,0,3,0,2
4257,1812,Ce|Ru|Tb,4,3,1,2,4,2,2,0,0,4,2,4
4258,59,Bi|Ca|Cu|O|Sr,2,1,2,3,0,3,1,0,2,2,0,2
4259,528,C|Hf|Mo,0,1,2,4,1,3,4,3,4,1,1,4
4260,1813,Ir|Ru|Zr,0,2,0,4,2,3,4,2,0,1,4,3
4261,1074,Ir|Ta,2,1,1,2,2,2,2,2,3,0,1,0
4262,255,Ba|Ca|Ce|Cu|O|Tl,2,2,0,4,2,4,4,4,3,0,1,3
4263,1814,Ge|Pd|Pt|Y,0,3,1,4,2,2,4,3,4,4,4,2
4264,1165,Nd|Os|Pr|Sb,4,2,1,2,1,4,3,0,3,2,4,0
4265,504,Al|Ga|Nb,2,4,3,1,2,0,0,0,1,0,0,3
4266,483,B|C|Lu|Ni|Y,3,0,3,2,4,3,1,2,3,3,1,1
4267,191,Li|O|Ti,0,1,1,4,4,2,4,2,3,4,1,4
4268,694,Ba|Cu|Gd|O|Pr,4,4,3,2,3,0,4,1,2,1,2,2
4269,782,La|Ni|Pt|Si,4,3,3,1,2,2,0,0,3,1,4,3
4270,434,Re|Ta,1,2,2,4,4,0,2,0,4,0,4,1
4271,1815,Sr,4,3,1,0,4,2,2,2,1,0,3,4
4272,49,Ba|Cu|La|O,3,0,2,4,3,0,3,2,0,4,0,3
4273,1816,As|Fe|Gd|Ir|O,1,3,3,0,0,1,2,0,4,3,2,2
4274,369,Hg|In,1,1,2,1,4,3,4,2,2,3,3,3
4275,356,Mo|Re,4,3,4,1,0,0,2,4,1,3,0,4
4276,1817,Bi|Gd|Ni,2,0,2,0,0,1,2,0,3,3,0,0
4277,62,Al|Ge|Nb,2,3,3,0,1,3,1,2,2,0,0,2
4278,7,N|V,0,4,3,2,3,0,2,2,1,1,2,4
4279,286,Ba|Cu|O|Pr|Y,3,1,2,0,3,0,3,4,0,1,4,3
4280,153,Ba|Cu|Ni|O|Y,1,4,4,4,2,1,4,1,0,1,1,1
4281,89,In|Pb|Sn|Te,1,2,1,2,3,2,0,0,1,0,4,1
4282,216,Cu|La|O|Sr,4,4,1,1,0,1,2,0,1,0,1,4
4283,78,Nb|V,0,3,3,4,2,0,0,0,3,3,0,2
4284,789,Cd|Mg,1,2,3,3,4,2,0,2,1,3,1,1
4285,1190,Hf|V|Zr,1,1,3,1,4,1,3,1,3,0,2,2
4286,136,Nb|Zr,0,4,3,4,3,1,3,1,2,0,2,1
4287,1818,Bi|La|Sb,0,0,2,0,1,2,0,1,2,1,3,1
4288,614,Cr|Ru,4,3,1,1,3,0,2,0,2,2,4,3
4289,59,Bi|Ca|Cu|O|Sr,2,1,2,3,0,3,4,1,0,4,4,2
4290,292,Ba|Cu|Fe|O|Y,0,4,0,1,4,3,1,0,4,0,0,4
4291,1819,C|Rb|Tl,1,3,0,2,1,4,2,3,0,2,4,2
4292,79,Fe|Se|Te,4,3,3,0,1,3,3,1,0,1,1,0
4293,1820,P|Ru|Ti,0,3,4,1,3,0,1,4,2,0,3,3
4294,601,As|Sn|Te,3,0,4,1,4,0,2,3,3,0,3,2
4295,1821,Ir|Th,0,3,3,4,0,4,4,1,2,2,0,3
4296,1127,Al|Ti|V,0,1,3,0,0,2,1,2,2,4,4,2
4297,1822,Co|Fe|K|Se,4,4,1,4,4,1,1,1,1,1,3,4
4298,1823,Be|Nb|Zr,2,4,2,2,4,3,2,1,2,0,4,3
4299,1824,C|La|Ni,4,2,4,3,2,4,1,2,3,0,1,4
4300,1249,Ba|Ca|Cu|La|O|Pr|Sr,0,4,2,3,3,1,3,1,2,4,2,3
4301,816,As|F|Fe|La|O|P,4,4,0,1,2,2,0,0,4,2,0,0
4302,694,Ba|Cu|Gd|O|Pr,4,4,3,2,3,0,2,1,1,2,2,2
4303,577,Mo|S|Sn,0,4,0,2,1,2,3,4,0,1,1,2
4304,1825,Os|Rh,2,0,1,3,4,3,0,2,2,0,2,2
4305,128,Cl|Li|N|Zr,1,1,2,3,1,1,4,3,3,0,1,4
4306,1826,Ba|Ca|Cu|Nd|O|Tl,4,0,2,3,1,0,2,2,0,1,0,2
4307,340,B|La|N|Ni,0,2,1,2,2,3,3,3,4,3,1,4
4308,1206,Pd|Sb,0,4,2,3,1,3,3,4,2,3,0,3
4309,391,Bi|Ca|Cu|O|Pb|Sr|Y,1,1,4,1,0,0,0,3,1,4,0,2
4310,139,Al|B|Mg,1,1,3,4,1,1,2,4,4,1,1,1
4311,148,Nb|Ti,4,0,1,0,2,1,0,0,1,1,3,2
4312,216,Cu|La|O|Sr,4,4,1,1,0,1,2,0,2,3,1,4
4313,161,Al|Ge|V,4,1,0,2,4,0,0,2,2,4,2,3
4314,208,In|Sn,3,3,1,1,0,1,3,0,2,4,1,2
4315,1183,B|C|Fe|Ni|Tm,3,1,2,3,0,4,1,1,1,3,0,3
4316,2,Mo|Ru,2,2,3,2,2,2,2,0,1,2,4,0
4317,59,Bi|Ca|Cu|O|Sr,2,1,2,3,0,3,4,2,3,3,3,2
4318,57,Ba|Ca|Co|Cu|O|Y,1,1,3,4,0,1,2,2,4,3,2,2
4319,1616,B|Mg|Mn,1,3,4,3,3,2,2,3,2,4,4,4
4320,396,As|F|Fe|La|O|Zn,3,0,0,4,4,4,1,1,2,0,2,0
4321,231,B|C|Fe|Ni|Y,0,3,0,1,3,2,3,4,0,3,0,3
4322,1827,As|Co|F|Fe|La|O,0,0,0,2,3,2,3,1,3,0,4,2
4323,1207,Ce|Co|In|Ru,3,4,4,2,0,2,0,3,2,3,1,2
4324,659,Ga|Ge|Nb,4,4,3,0,4,1,0,2,1,0,1,0
4325,1828,Cl|K|N|Ti,3,4,1,2,1,2,3,0,3,3,2,0
4326,259,As|Fe|La|O|Rh,2,0,2,0,4,4,4,0,1,3,0,2
4327,651,Ir|Os|Rh,0,1,4,2,4,2,4,1,3,3,1,1
4328,1664,Bi|Ca|Cu|I|O|Sr|Y,3,3,3,2,3,0,2,3,3,1,1,4
4329,62,Al|Ge|Nb,2,3,3,0,1,3,4,1,0,1,3,2
4330,1829,In|Nb|Zr,2,2,1,4,4,4,0,1,4,4,2,0
4331,1830,La|Tl,3,0,4,1,0,4,3,1,2,0,4,0
4332,130,Be|Th|U,2,4,1,0,3,3,4,3,3,0,0,0
4333,1097,Er|Pd|Sn|Y,0,2,3,0,0,4,4,4,4,0,1,4
4334,46,As|Ba|Co|Fe|Zn,1,3,3,2,1,3,3,4,1,4,3,3
4335,403,B|C|Ho|Lu|Ni,4,3,0,2,0,0,3,0,1,4,3,3
4336,746,Co|Ti,3,0,3,4,3,4,1,4,0,0,4,2
4337,1,Ba|Ca|Cu|La|O,0,0,1,3,2,4,2,0,2,2,3,0
4338,816,As|F|Fe|La|O|P,4,4,0,1,2,2,3,4,2,1,4,0
4339,1831,Mo|Nb|Si,3,0,1,4,1,3,0,1,3,0,0,1
4340,84,H|Pd,0,4,3,0,4,4,0,4,1,1,3,2
4341,1832,S|Tl|V,4,2,2,4,0,2,2,3,4,4,1,2
4342,152,Ba|Cu|O|Sr|Y,2,2,4,0,3,2,3,2,1,0,4,0
4343,1395,Ca|Cu|F|O|Sr,0,4,0,0,1,4,1,4,4,4,1,1
4344,1833,Ir|Nb|O,2,3,2,1,1,4,0,2,1,3,2,4
4345,1679,Ba|Cu|O|Pr,1,3,4,4,3,2,0,4,0,0,0,4
4346,1834,As|F|Fe|Nd|O|P,4,4,4,0,1,4,1,2,4,3,0,0
4347,1835,B|Ru|Sc|Y,2,1,4,1,2,3,0,3,1,4,4,1
4348,186,O|Pd|Zr,4,3,1,4,3,0,1,4,4,3,3,0
4349,333,C|Er|Th,4,0,4,2,3,0,3,4,2,2,0,1
4350,1836,Al|Co|Zr,1,1,1,2,2,3,1,3,2,2,1,2
4351,359,Cs|O|W,3,1,3,4,2,4,1,2,2,1,1,2
4352,179,Ta|V,4,0,4,3,1,0,4,0,2,2,0,2
4353,57,Ba|Ca|Co|Cu|O|Y,1,1,3,4,0,1,4,2,1,4,2,2
4354,1837,Dy|Ir|Sc|Si,1,1,1,1,4,0,4,0,2,2,0,1
4355,817,Ce|Cu|Gd|O|Sm,1,1,0,4,3,4,3,0,1,4,1,2
4356,491,Rh|Ti,3,0,3,1,3,0,4,3,3,1,0,2
4357,199,Al|Si|V,4,4,1,1,1,2,3,1,4,1,3,4
4358,651,Ir|Os|Rh,0,1,4,2,4,2,1,3,2,2,0,1
4359,1838,As|Ba|Fe|Rb,1,4,4,3,2,1,2,3,1,3,1,0
4360,816,As|F|Fe|La|O|P,4,4,0,1,2,2,2,0,0,1,1,0
4361,1839,Cu|La|Na|O,0,1,3,4,1,4,4,3,1,1,3,0
4362,22,Ba|Co|Cu|O|Y,3,0,2,2,0,4,3,1,1,3,2,3
4363,89,In|Pb|Sn|Te,1,2,1,2,3,2,4,0,2,4,1,1
4364,292,Ba|Cu|Fe|O|Y,0,4,0,1,4,3,2,0,2,4,0,4
4365,1254,C|Mg|Ni|Zn,3,0,4,0,4,4,2,1,3,2,4,3
4366,930,H|Nb|Pd,1,2,3,3,2,1,4,4,2,2,3,1
4367,191,Li|O|Ti,0,1,1,4,4,2,1,3,2,0,2,4
4368,45,Ca|Cu|La|O,1,2,0,2,3,1,1,2,0,0,4,0
4369,203,Ce|Cu|Gd|O|Pr,3,2,0,3,2,0,3,0,0,1,1,3
4370,987,Ce|Co|In|La,1,2,0,3,3,3,4,0,0,1,4,0
4371,1840,Ca|Cu|O|Pb|Sr,0,0,4,3,1,4,4,0,1,0,2,3
4372,1023,Ce|Pr|Ru,0,0,3,2,4,2,1,4,2,4,1,4
4373,763,Fe|Lu|Si|Y,2,4,1,2,1,4,4,4,1,1,3,3
4374,1084,Au|In|Pd|Y,3,0,2,3,4,2,0,3,0,4,3,4
4375,694,Ba|Cu|Gd|O|Pr,4,4,3,2,3,0,1,3,2,2,0,2
4376,350,Ba|Ca|Cu|La|Nd|O,2,4,3,4,0,4,2,2,2,1,0,1
4377,601,As|Sn|Te,3,0,4,1,4,0,3,4,0,1,3,2
4378,1841,Bi|Ca|Cu|Er|O|Sr,1,2,3,2,3,3,4,3,3,4,3,4
4379,54,Nb|Ta,1,2,0,0,3,2,0,1,0,3,1,0
4380,1074,Ir|Ta,2,1,1,2,2,2,2,2,1,2,4,0
4381,1842,O|Rh|Ti,3,3,1,2,3,2,2,2,1,0,3,1
4382,429,Cu|La|Ni|O|Sr,0,4,1,1,3,1,1,3,1,4,3,0
4383,65,Ba|Bi|K|O,3,2,0,2,0,0,4,2,4,2,4,3
4384,640,As|Ba|Fe|Na,4,4,2,3,1,0,0,4,1,2,4,1
4385,567,Ge|Nb|Sn,1,0,2,3,2,1,3,2,4,0,3,1
4386,1472,Ge|Pd|Pt|Sr,4,4,4,4,3,2,0,0,2,0,3,1
4387,1843,Ce|La|Pt|Si,1,2,3,0,2,0,2,1,4,2,4,1
4388,524,Os|Re,2,3,4,2,4,3,0,0,3,4,4,3
4389,467,Bi|Ca|Cu|O|Pb|Sr|Y|Zn,3,2,4,0,2,1,0,2,4,3,3,0
4390,1068,B|Be|Mg,2,0,0,2,3,3,1,3,3,0,1,2
4391,1844,Fe|Rb|Se,1,4,4,4,2,0,1,2,0,1,0,3
4392,587,Ba|Cu|Hg|O|Re,2,0,1,1,3,2,1,3,1,3,4,0
4393,179,Ta|V,4,0,4,3,1,0,1,3,3,2,2,2
4394,437,Cl|N|Na|Zr,4,4,3,3,0,3,3,4,4,0,2,3
4395,223,B|C|Co|Ni|Y,1,1,2,3,4,2,2,0,0,4,0,4
4396,1845,Ir|Ti,4,1,4,3,3,0,3,2,3,0,2,1
4397,1423,Dy|Fe|Lu|Si,0,0,4,1,0,0,3,0,3,0,1,4
4398,161,Al|Ge|V,4,1,0,2,4,0,0,0,1,3,2,3
4399,956,Ba|Cu|Eu|O|Pr,0,4,4,1,3,3,1,1,4,1,0,3
4400,961,Bi|Ca|Co|Cu|O|Pb|Sr,4,1,1,1,0,3,0,1,3,1,0,1
4401,1,Ba|Ca|Cu|La|O,0,0,1,3,2,4,0,3,2,2,2,0
4402,1308,Pd|Sn|Y|Yb,3,4,0,1,4,3,1,3,1,4,1,2
4403,595,Cu|Ir|S|Zn,2,4,3,0,3,2,4,0,2,3,3,1
4404,1310,Ir|Lu|Rh|Si,1,3,2,2,3,1,2,4,0,2,1,1
4405,632,Au|Sn,1,2,0,2,0,1,2,1,1,1,1,0
4406,1108,Ce|Cu|O|Pr,2,0,2,2,4,1,1,0,4,0,3,0
4407,1525,Rh|Si|Th,3,2,1,4,3,1,2,4,0,1,3,4
4408,1261,Ca|Pb|Tl,3,2,4,0,3,3,2,4,3,0,3,3
4409,1846,B|Pt|Sr,2,0,1,0,4,3,4,4,1,1,0,0
4410,1614,Al|Gd|Pd|U,3,3,2,1,4,0,0,0,2,3,2,4
4411,74,Ba|Cu|La|O|Y,2,3,3,3,3,1,0,1,3,2,1,2
4412,1847,B|Zr,3,4,3,1,2,4,2,1,3,2,2,3
4413,966,As|Co|Fe|La|O,1,1,3,1,0,2,1,0,0,2,0,1
4414,618,H|Nb,4,0,3,3,3,0,0,1,2,3,1,0
4415,460,Ba|Cu|O|Sc|Y,4,4,3,1,1,4,3,4,3,1,2,4
4416,1848,Re|Ru,3,3,0,2,4,0,2,4,3,2,0,0
4417,1008,As|Ba|Fe|Ir,1,2,3,1,1,3,3,2,2,2,0,1
4418,119,As|F|Fe|La|O,3,1,1,1,3,4,1,4,1,0,2,2
4419,1277,As|Ca|Fe|La|Pt,2,0,4,1,0,0,4,4,1,0,2,1
4420,1849,Ba|Ca|Ce|Cu|O|Y,3,4,4,0,2,3,4,4,4,2,4,1
4421,773,Al|Ca|Fe|O|P,3,2,0,0,4,4,3,1,0,0,3,4
4422,64,Ba|Cu|O|Y|Zn,1,1,2,4,3,2,0,0,4,4,4,1
4423,573,La|Pr|Se,0,4,1,2,1,0,1,0,1,1,0,4
4424,1801,Nb|Si,1,1,4,1,3,4,0,2,2,1,1,2
4425,344,As|Fe|Li,2,2,4,1,4,3,0,2,3,3,4,3
4426,714,Ba|K|O|Sb|Ti,3,4,4,4,4,1,1,0,0,1,2,1
4427,581,Ti|V,3,1,3,1,1,2,4,1,4,1,1,0
4428,79,Fe|Se|Te,4,3,3,0,1,3,1,2,2,3,2,0
4429,642,Ba|Cu|Dy|O|Sr,4,3,1,1,2,3,0,1,3,4,3,2
4430,42,Cu|La|O|Sr|Zn,1,2,4,4,3,1,0,4,2,2,4,1
4431,1664,Bi|Ca|Cu|I|O|Sr|Y,3,3,3,2,3,0,0,1,3,3,1,4
4432,829,Mo|Nb,4,1,0,0,2,0,4,0,1,0,1,2
4433,1850,Ce|Co|In|Ni,2,0,1,1,2,2,0,4,2,4,2,4
4434,36,Bi|Ca|Cu|O|Sr|Y,4,2,4,1,1,0,0,0,0,3,3,4
4435,150,B|C|Dy|Ni|Tm,1,3,4,4,2,3,2,2,3,3,0,4
4436,995,Ir|W,2,1,2,4,2,3,0,1,3,0,1,2
4437,286,Ba|Cu|O|Pr|Y,3,1,2,0,3,0,1,0,0,0,4,3
4438,1210,Bi|Ce|F|Nd|O|S,4,2,0,3,1,2,3,4,3,2,4,4
4439,1851,B|Ho|Lu|Rh,4,2,2,2,4,3,0,4,4,0,1,4
4440,236,Ba|Cu|O|Tm,4,3,1,0,0,1,4,4,4,0,1,3
4441,145,Ba|Cu|Dy|O,2,1,4,1,3,4,1,3,4,0,3,2
4442,16,Cu|Mo|S,0,3,1,3,0,4,2,1,4,0,1,3
4443,11,Ba|Cu|Nd|O,4,1,1,2,1,1,2,3,2,3,0,4
4444,51,Cu|La|O|Sm|Sr,4,3,2,4,3,3,4,3,1,1,4,4
4445,587,Ba|Cu|Hg|O|Re,2,0,1,1,3,2,0,0,1,0,1,0
4446,524,Os|Re,2,3,4,2,4,3,0,1,3,1,0,3
4447,1852,B|F|Mg,4,2,0,2,1,4,0,3,4,0,2,1
4448,699,Al|Ni|U,1,4,3,1,2,4,1,2,2,1,3,3
4449,955,Ir|Ru,2,2,0,0,3,1,3,4,2,4,3,2
4450,57,Ba|Ca|Co|Cu|O|Y,1,1,3,4,0,1,4,4,2,4,0,2
4451,45,Ca|Cu|La|O,1,2,0,2,3,1,4,1,3,3,1,0
4452,57,Ba|Ca|Co|Cu|O|Y,1,1,3,4,0,1,4,2,4,0,1,2
4453,128,Cl|Li|N|Zr,1,1,2,3,1,1,3,2,1,3,2,4
4454,1853,Ga|Pu|Rh,0,0,0,2,0,2,2,4,1,3,4,3
4455,876,Mo|Pb|Se|Yb,1,1,1,4,1,0,3,2,0,2,4,1
4456,1613,C|Nb|Y,0,3,1,1,3,3,1,4,2,1,3,0
4457,735,B|Mo|P,1,2,1,0,2,1,3,4,3,3,0,1
4458,876,Mo|Pb|Se|Yb,1,1,1,4,1,0,3,3,3,3,0,1
4459,1854,Mo|Nb|Zr,1,0,0,2,4,2,3,3,0,0,4,0
4460,767,Sn|Ta|V,0,4,1,3,4,2,2,3,3,4,1,3
4461,700,Ba|Cu|Gd|H|O,3,1,0,1,1,4,4,3,3,4,0,3
4462,447,Lu|Mo|S,0,4,1,2,3,2,1,2,3,4,0,4
4463,1159,Be|Os,0,4,1,0,4,3,1,2,4,4,1,4
4464,817,Ce|Cu|Gd|O|Sm,1,1,0,4,3,4,4,1,2,4,3,2
4465,251,Mo|Ti,2,1,3,3,4,3,3,0,1,4,4,0
4466,1579,B|C|Er|Fe|Ni,0,4,1,4,0,2,3,3,0,1,3,0
4467,1063,B|Gd|Rh|Y,2,0,4,1,2,4,0,2,0,0,2,1
4468,868,Al|Au|In,3,1,3,0,1,3,3,1,0,1,4,1
4469,662,B|Ho|Ir|Rh,0,3,2,2,4,1,4,0,4,3,4,4
4470,998,Cu|La|Li|O|Sr,3,0,4,2,4,2,4,4,3,0,0,1
4471,1,Ba|Ca|Cu|La|O,0,0,1,3,2,4,4,1,2,4,0,0
4472,1855,Co|V,0,1,2,2,3,1,2,4,3,0,3,4
4473,419,Li|Mo|Se,4,4,2,3,4,3,3,1,1,1,4,0
4474,564,Mo|S|Se,1,1,4,1,3,3,2,0,3,3,2,4
4475,942,Ce|Cu|O|Sm|Y,3,2,3,1,1,2,0,3,4,0,1,3
4476,369,Hg|In,1,1,2,1,4,3,1,1,4,4,2,3
4477,1839,Cu|La|Na|O,0,1,3,4,1,4,0,1,1,0,4,0
4478,1316,Hf|W,2,4,0,3,4,4,4,3,2,1,0,4
4479,1856,Lu|Re,1,0,1,3,4,1,2,1,4,3,4,2
4480,1857,Pt|U,4,0,0,0,4,4,0,4,1,1,1,4
4481,224,Ce|Cu|La|Nd|O,3,0,0,4,2,0,2,1,0,3,0,2
4482,866,Ba|Cs|Cu|O|Y,3,2,0,0,2,2,0,1,4,2,3,3
4483,888,As|Co|Fe|Sr,1,4,2,2,1,2,3,4,0,0,4,2
4484,1167,Bi|F|Nd|O|S,3,4,2,0,1,0,0,1,1,0,2,1
4485,1844,Fe|Rb|Se,1,4,4,4,2,0,4,0,4,2,2,3
4486,64,Ba|Cu|O|Y|Zn,1,1,2,4,3,2,3,3,4,3,3,1
4487,785,Se|Ta|Te,0,2,0,1,1,0,0,0,2,1,2,1
4488,326,Ca|Cl|Cu|O,4,0,3,3,4,2,1,1,3,3,2,2
4489,1627,Ba|Cu|O|Rb|Y,1,1,4,4,0,4,3,3,4,1,1,2
4490,1858,Cl|N|Rb|Ti,2,3,2,3,4,1,1,1,0,4,1,4
4491,1,Ba|Ca|Cu|La|O,0,0,1,3,2,4,3,4,2,0,0,0
4492,1859,Au|Sb|Te,2,0,2,0,0,1,1,3,4,3,1,3
4493,292,Ba|Cu|Fe|O|Y,0,4,0,1,4,3,3,0,2,4,0,4
4494,1860,Cl|N|Na|Ti,2,3,0,3,1,0,2,0,0,3,3,2
4495,12,Ba|Ca|Cu|O|Y,3,3,3,3,4,4,0,2,2,3,3,3
4496,504,Al|Ga|Nb,2,4,3,1,2,0,4,1,1,4,4,3
4497,1861,La,3,3,2,2,3,1,0,2,3,1,2,3
4498,383,Al|Nb|Sn,3,2,0,2,4,4,2,2,0,2,2,0
4499,351,Ba|Cu|Hg|O,0,1,0,3,3,4,0,0,4,1,0,2
4500,1862,Be|Rh,4,4,0,4,4,0,1,0,1,1,1,2
4501,65,Ba|Bi|K|O,3,2,0,2,0,0,2,4,3,1,2,3
4502,356,Mo|Re,4,3,4,1,0,0,0,3,1,2,1,4
4503,189,Rh|Zr,4,0,1,3,3,1,0,1,0,3,3,4
4504,79,Fe|Se|Te,4,3,3,0,1,3,3,0,3,2,2,0
4505,286,Ba|Cu|O|Pr|Y,3,1,2,0,3,0,3,4,3,3,2,3
4506,647,Th|U,1,4,3,1,4,4,2,0,0,2,1,3
4507,1753,Ba|Ca|Cu|F|Fe|O|Tl,0,2,0,4,2,0,0,2,0,2,1,3
4508,1863,Ce|Ge|Ni,0,4,2,0,2,0,2,4,3,1,0,4
4509,1855,Co|V,0,1,2,2,3,1,3,4,2,2,4,4
4510,557,As|Ca|Fe|Na,0,1,1,0,0,3,3,0,0,2,4,3
4511,1267,Al|Nb|Si,3,0,3,0,3,1,2,2,1,4,2,4
4512,785,Se|Ta|Te,0,2,0,1,1,0,0,1,0,0,2,1
4513,46,As|Ba|Co|Fe|Zn,1,3,3,2,1,3,2,3,1,1,2,3
4514,44,Cu|La|Nd|O|Sr,3,0,2,3,4,2,3,1,0,3,2,0
4515,409,Ni|V,0,3,3,3,0,1,4,2,3,0,1,3
4516,559,B|C|Mg,0,3,1,1,2,2,0,0,2,4,1,3
4517,241,Ga|V,4,3,1,0,4,2,4,1,2,2,1,0
4518,559,B|C|Mg,0,3,1,1,2,2,1,0,3,0,0,3
4519,1864,Co|Ge|Si|U,3,1,2,0,4,4,1,1,0,4,1,3
4520,300,Ge|Ir|Lu|Si,3,1,3,4,1,3,0,0,3,2,0,2
4521,45,Ca|Cu|La|O,1,2,0,2,3,1,2,2,4,3,0,0
4522,1865,Mo|Nb|Re,2,1,2,1,0,3,2,1,0,3,4,1
4523,1866,Al|Ca|Si,0,0,0,2,2,1,0,0,3,4,3,4
4524,570,In|Sn|Te,4,0,3,1,2,1,4,2,3,3,1,4
4525,357,Mo|Zr,4,1,4,3,1,0,0,1,4,2,0,3
4526,166,Ce|La|Ru,3,4,1,1,0,3,1,4,4,4,0,1
4527,1867,As|F|Fe|Mn|Nd|O,0,1,3,3,3,2,1,3,2,4,2,0
4528,86,Ba|Cu|O|Y,4,4,4,2,0,4,2,1,1,2,2,4
4529,168,Cu|La|O,0,4,4,4,1,3,4,4,2,0,4,0
4530,1868,Cu|La|Nd|O|Th,1,4,3,2,0,1,3,1,3,1,2,4
4531,132,Nb|Ti|V,4,1,2,4,3,2,4,2,1,3,4,3
4532,1844,Fe|Rb|Se,1,4,4,4,2,0,2,0,4,3,2,3
4533,1448,Ag|Sn|Te,4,1,1,2,4,0,3,4,3,2,3,0
4534,285,Al|Ge|Nb|Sn,2,1,0,3,1,0,1,2,2,4,3,2
4535,1755,Ga|Nb|V,0,3,3,1,1,4,2,1,4,2,0,3
4536,1869,Rh|Ti|W,0,2,4,3,0,4,3,2,0,1,1,1
4537,24,Cu|La|Mn|O|Sr,4,4,2,4,3,1,2,0,2,0,0,1
4538,618,H|Nb,4,0,3,3,3,0,3,1,1,3,0,0
4539,1557,La|Si|V,3,3,3,3,3,2,2,3,0,1,2,4
4540,343,As|Ca|Fe|Pt,0,4,4,2,2,3,2,1,1,0,2,1
4541,1870,Cr|Re,3,3,1,2,3,3,4,3,3,2,1,3
4542,168,Cu|La|O,0,4,4,4,1,3,0,3,3,3,0,0
4543,442,Nb|Sn|Zr,0,1,0,4,3,3,0,1,4,0,2,0
4544,1871,C|Sn|Y,4,4,4,0,4,4,0,0,4,1,1,4
4545,1241,Br|Fe|Se,0,4,1,4,4,2,4,0,1,0,3,2
4546,300,Ge|Ir|Lu|Si,3,1,3,4,1,3,0,2,0,0,3,2
4547,333,C|Er|Th,4,0,4,2,3,0,4,4,0,1,0,1
4548,12,Ba|Ca|Cu|O|Y,3,3,3,3,4,4,1,2,2,1,3,3
4549,1872,Ba|Na|O|Sb|Ti,0,0,2,2,3,0,2,1,3,3,2,0
4550,370,Mn|Si|V,3,3,1,1,0,0,3,3,3,1,1,4
4551,1697,Co|Cu|S,1,2,1,1,3,0,2,2,1,4,0,4
4552,934,Ag|Bi,2,0,1,0,0,0,2,3,0,1,3,3
4553,1873,Co|Mn|U,3,3,0,2,3,1,3,2,0,4,1,3
4554,933,Mo|S|Yb,0,1,0,4,0,4,1,2,0,2,3,2
4555,624,Ru|Zr,0,4,4,2,3,3,0,2,1,3,1,3
4556,1874,Bi|K|La|O,3,3,4,3,1,3,0,2,0,2,2,2
4557,1546,Rh|Y,1,3,2,2,0,1,3,2,2,0,2,3
4558,1875,H|Nb|Pd|W,1,0,0,3,1,2,1,1,4,4,3,4
4559,54,Nb|Ta,1,2,0,0,3,2,3,4,2,1,1,0
4560,74,Ba|Cu|La|O|Y,2,3,3,3,3,1,4,2,2,1,4,2
4561,1876,Al|Nb|Ni,0,2,4,1,2,2,1,4,4,4,2,1
4562,292,Ba|Cu|Fe|O|Y,0,4,0,1,4,3,4,4,2,4,2,4
4563,1310,Ir|Lu|Rh|Si,1,3,2,2,3,1,1,2,3,0,4,1
4564,242,Ba|Cu|La|O|Sr,2,0,1,1,4,2,4,4,0,2,3,4
4565,575,Os|W,2,0,2,1,2,2,1,4,0,0,0,4
4566,84,H|Pd,0,4,3,0,4,4,4,0,3,3,4,2
4567,1726,Ba|Cu|Fe|O|Sr|Y,2,1,0,1,0,0,1,0,1,1,4,1
4568,675,Ba|Cu|O|Sm,0,0,0,2,2,0,2,4,0,2,3,0
4569,289,Pd|Zr,4,0,3,3,1,0,3,0,3,3,0,1
4570,847,As|Fe|P|Sr,3,0,3,3,3,3,4,3,4,2,1,2
4571,1877,Ho|Ir|Lu|Si,2,4,3,2,3,1,3,0,3,3,2,2
4572,575,Os|W,2,0,2,1,2,2,3,3,2,4,0,4
4573,651,Ir|Os|Rh,0,1,4,2,4,2,4,3,3,4,0,1
4574,1878,Pb|S|Se,3,0,4,0,3,1,0,4,2,3,4,0
4575,564,Mo|S|Se,1,1,4,1,3,3,0,2,0,2,3,4
4576,286,Ba|Cu|O|Pr|Y,3,1,2,0,3,0,1,0,3,4,4,3
4577,1229,As|F|Fe|La|O|Y,3,3,3,1,4,1,3,1,2,1,1,2
4578,1074,Ir|Ta,2,1,1,2,2,2,0,4,4,2,3,0
4579,1209,Mo|Pb|S,4,4,3,2,3,0,2,0,0,0,2,1
4580,987,Ce|Co|In|La,1,2,0,3,3,3,1,3,4,0,0,0
4581,1879,As|Fe|Nd|O|Rh,0,4,4,1,2,1,0,0,4,3,1,0
4582,1108,Ce|Cu|O|Pr,2,0,2,2,4,1,2,1,1,1,2,0
4583,1880,B|Pr|Ru|Th,4,1,4,3,4,1,0,3,4,2,1,1
4584,1237,As|F|Fe|Mn|O|Sm,2,0,0,1,0,4,3,1,2,3,2,0
4585,1881,As|Co|Fe|Mg|O|Sr|Ti,1,0,3,1,4,0,1,1,4,2,4,4
4586,352,Fe|S|Se|Te,4,0,2,2,3,0,3,1,3,3,0,1
4587,1882,Zn,0,3,2,2,2,4,3,3,0,2,1,0
4588,1764,Ba|Ge|Si,2,1,3,1,0,3,2,4,1,2,3,4
4589,243,Cu|O|Re|Sr|Y,0,3,4,1,2,4,0,2,4,2,0,3
4590,1522,Bi|Tl,3,3,4,4,1,3,3,0,2,0,2,0
4591,1883,S|Sr|Ta,1,4,4,4,3,0,4,1,4,4,2,4
4592,742,Si|V,1,3,3,2,3,0,1,0,4,1,2,2
4593,1364,Ni|Zr,2,1,2,3,2,1,4,0,1,1,0,4
4594,685,Ba|Cu|Lu|O|Pr|Sr,4,0,1,3,0,3,4,1,4,0,4,3
4595,1696,Re|V,3,0,1,3,1,3,0,3,1,0,3,2
4596,558,Br|C|Cl|Y,3,1,0,2,0,3,0,4,1,1,0,2
4597,913,Au|Tl,0,1,0,4,2,0,0,1,3,1,3,3
4598,1814,Ge|Pd|Pt|Y,0,3,1,4,2,2,2,2,2,0,4,2
4599,42,Cu|La|O|Sr|Zn,1,2,4,4,3,1,3,0,1,1,0,1
4600,1884,N|Re,1,0,2,1,2,4,4,2,1,4,1,4
4601,416,As|Ba|Co|Fe,3,2,2,4,2,1,2,4,2,2,2,3
4602,268,Fe|Ti|V,2,2,1,0,2,0,0,4,3,3,0,3
4603,947,Bi|Cu|Nd|O|Sr|Y,4,3,4,4,3,0,0,4,4,2,1,0
4604,115,Pb|Tl,4,3,1,2,2,0,0,1,0,4,3,2
4605,1056,Ge|In|Sn|Te,2,1,3,1,3,0,4,3,4,3,2,4
4606,1885,Ge|Ta,0,2,1,3,2,1,0,2,1,2,4,0
4607,49,Ba|Cu|La|O,3,0,2,4,3,0,3,2,0,1,1,3
4608,1886,Cd|O|Re,4,0,3,1,3,3,0,3,3,1,4,2
4609,1887,Ge|Pt,2,0,4,1,3,2,2,4,2,1,4,0
4610,1888,As|Fe|Ni|Sr,3,2,4,0,0,2,0,0,1,4,3,1
4611,1140,As|Co|F|Fe|Nd|O,3,1,0,2,3,2,4,1,1,0,3,3
4612,1336,La|Pd|Si,4,0,1,3,0,4,0,3,2,1,1,3
4613,1889,Lu|Rh|Sn,0,4,3,4,3,3,1,0,4,1,4,3
4614,601,As|Sn|Te,3,0,4,1,4,0,3,1,0,4,3,2
4615,1223,Ba|Cu|Dy|O|Pr,2,3,0,0,0,0,1,3,1,2,4,2
4616,912,Fe|Se,0,0,3,4,0,4,2,3,3,4,2,0
4617,871,Cu|O|Sr|Ti|Y,3,2,4,2,1,3,1,3,0,0,1,3
4618,182,La|Y,2,0,1,3,4,0,4,4,2,0,0,1
4619,606,Al|Sb|V,3,4,4,1,2,4,3,4,0,0,0,1
4620,286,Ba|Cu|O|Pr|Y,3,1,2,0,3,0,4,0,3,0,0,3
4621,1607,Al|La|Tb,2,3,2,4,4,4,4,1,2,4,4,2
4622,1874,Bi|K|La|O,3,3,4,3,1,3,0,0,0,4,3,2
4623,1890,Bi|Pt,3,3,4,0,0,3,2,3,0,3,4,0
4624,1891,As|Nb|Si,4,3,1,3,2,0,0,3,4,2,4,2
4625,1235,Ba|Ca|Cu|Nd|O,0,1,4,1,0,1,2,0,2,2,1,0
4626,1892,Fe|H|Li|O|S|Se,0,3,1,0,2,3,2,2,3,3,4,3
4627,126,Bi|Ca|Cu|Nd|O|Pb|Sr,2,4,0,2,0,1,1,2,2,0,3,4
4628,478,Ba|Ca|Cu|Gd|Mo|O,2,1,2,3,1,4,0,3,1,0,0,0
4629,570,In|Sn|Te,4,0,3,1,2,1,1,3,4,0,3,4
4630,130,Be|Th|U,2,4,1,0,3,3,0,3,3,0,0,0
4631,1469,B|La|Y,0,4,4,2,3,4,0,1,4,3,0,0
4632,726,Ir|La|Si,4,2,2,4,3,2,2,3,2,2,2,0
4633,1893,Ga|Nb|Sn|Tl,0,0,2,1,0,0,3,3,1,2,0,1
4634,1894,Nb|Rh|Ti,1,2,1,0,1,3,1,1,0,2,2,0
4635,12,Ba|Ca|Cu|O|Y,3,3,3,3,4,4,2,4,4,3,0,3
4636,1238,Ti|V|Zr,4,0,0,4,3,1,3,1,3,2,4,4
4637,1137,Ca|Cl|Cu|Na|O,2,2,4,3,3,0,1,2,4,1,2,1
4638,401,Co|Zr,0,3,3,0,2,1,2,2,1,3,2,4
4639,1386,Ba|Cu|Eu|O|Y,0,1,1,3,1,0,0,3,2,4,1,2
4640,733,Re|W,0,2,1,0,2,2,3,1,2,0,4,1
4641,636,Bi|F|La|O|S|Sm,0,1,0,4,0,3,3,0,0,4,2,3
4642,581,Ti|V,3,1,3,1,1,2,3,0,4,1,3,0
4643,1895,La|Ru|Sn,4,0,0,3,3,3,0,0,0,1,1,1
4644,998,Cu|La|Li|O|Sr,3,0,4,2,4,2,1,4,3,4,4,1
4645,172,B|Nb,4,3,2,3,2,0,1,1,1,3,2,1
4646,290,Ba|Ca|Cu|La|O|Y,2,0,4,0,1,2,3,0,0,0,1,1
4647,1896,As|P,0,4,1,1,3,4,1,3,3,3,2,1
4648,931,H|Mo|Nb|Pd,2,4,2,3,2,4,4,0,0,4,0,4
4649,716,Mo|Se|Tl,4,0,4,0,3,0,2,0,2,4,3,3
4650,89,In|Pb|Sn|Te,1,2,1,2,3,2,3,2,0,4,2,1
4651,1518,H|Ni|Pd,3,3,3,4,4,0,2,2,3,4,2,4
4652,1897,Bi|Pd|Se,2,0,1,4,2,4,4,2,0,1,4,0
4653,351,Ba|Cu|Hg|O,0,1,0,3,3,4,2,2,1,1,1,2
4654,42,Cu|La|O|Sr|Zn,1,2,4,4,3,1,0,3,2,0,2,1
4655,491,Rh|Ti,3,0,3,1,3,0,0,2,4,3,4,2
4656,1808,O|Ti,0,0,2,4,0,3,0,2,3,1,1,0
4657,422,Bi|Ca|Cu|O|Pb|Sr,3,0,1,3,0,1,3,2,0,2,2,4
4658,1174,Ir|Sc,1,0,4,0,0,4,2,0,4,3,0,1
4659,1898,As|Te,1,3,4,4,4,1,1,0,3,2,4,3
4660,1899,Pb|Pd|Rh,2,4,0,4,3,4,3,0,2,3,0,4
4661,1256,Ba|Co|Cu|La|O,0,0,3,1,2,1,1,0,2,1,3,1
4662,216,Cu|La|O|Sr,4,4,1,1,0,1,3,2,0,0,2,4
4663,207,Ce|La,4,4,2,3,2,4,2,1,3,2,2,2
4664,1900,Cu|Se,3,0,1,0,4,4,2,4,2,4,4,1
4665,286,Ba|Cu|O|Pr|Y,3,1,2,0,3,0,0,3,4,4,4,3
4666,74,Ba|Cu|La|O|Y,2,3,3,3,3,1,3,4,3,2,2,2
4667,1901,Os|Th,4,1,3,0,1,0,2,1,1,3,2,4
4668,1902,Be,0,1,0,2,0,2,0,2,0,4,4,0
4669,749,C|Ca|Cu|O|Sr|Y,2,4,1,1,1,4,4,0,3,1,0,4
4670,420,Ce|Cu|Nd|O,0,3,2,4,2,0,3,1,3,3,0,0
4671,22,Ba|Co|Cu|O|Y,3,0,2,2,0,4,2,4,4,0,2,3
4672,527,Ir|Rh|Ru,3,0,0,0,1,3,1,3,0,4,4,2
4673,86,Ba|Cu|O|Y,4,4,4,2,0,4,2,1,1,0,4,4
4674,1850,Ce|Co|In|Ni,2,0,1,1,2,2,0,1,2,4,4,4
4675,859,Ge|U,2,4,1,3,2,3,3,1,3,1,2,2
4676,152,Ba|Cu|O|Sr|Y,2,2,4,0,3,2,1,4,0,0,4,0
4677,45,Ca|Cu|La|O,1,2,0,2,3,1,1,2,1,1,2,0
4678,1903,Sn|Ta,2,3,1,0,1,1,1,2,0,2,3,4
4679,1904,F|Fe|O|P|Pr,1,4,3,3,0,0,3,0,0,1,1,1
4680,252,Ce|Cu|La|O|Pr,0,0,4,3,3,0,4,3,1,3,3,3
4681,89,In|Pb|Sn|Te,1,2,1,2,3,2,3,3,1,3,1,1
4682,1905,Ba|Ca|Ce|Cu|Fe|O|Tl,2,4,0,4,3,0,4,2,1,1,4,2
4683,1738,Cr|Ir,0,0,4,4,4,1,3,1,0,4,3,0
4684,49,Ba|Cu|La|O,3,0,2,4,3,0,4,2,4,1,2,3
4685,217,Ce|Cu|O|Sm,3,0,2,1,4,4,3,0,2,4,0,2
4686,285,Al|Ge|Nb|Sn,2,1,0,3,1,0,3,3,1,1,2,2
4687,559,B|C|Mg,0,3,1,1,2,2,0,1,4,0,4,3
4688,1127,Al|Ti|V,0,1,3,0,0,2,1,1,3,3,1,2
4689,211,Mo|U,1,2,2,1,0,3,4,1,3,3,2,0
4690,1512,C|Mg|Ni|Ru,1,2,3,2,0,3,4,3,0,0,2,2
4691,1906,Ir|Sn|Sr,3,2,1,4,4,4,0,0,0,3,3,3
4692,1907,La|Ru|Zn,4,1,0,3,3,3,2,4,0,0,1,4
4693,525,Ba|Cu|O|Pr|Tm,0,4,0,2,4,3,4,4,0,1,2,3
4694,969,Ba|Cu|Er|Fe|O,1,0,3,1,3,3,3,1,0,0,3,2
4695,1332,Bi|Ca|Cu|O|Sr|Tm,0,0,4,1,3,1,2,2,1,0,0,1
4696,469,Ba|Ca|Cu|Gd|Hf|O,4,4,4,3,0,2,0,1,4,2,2,1
4697,1329,Pd|Pt|U,2,4,2,2,3,0,1,3,4,2,2,0
4698,645,C|Ca,2,3,1,1,4,2,4,1,4,1,4,0
4699,216,Cu|La|O|Sr,4,4,1,1,0,1,3,2,1,2,3,4
4700,428,Ba|Cu|O|Sr|Yb,1,4,0,4,3,2,1,4,4,3,2,4
4701,1908,La|Pb|Tl,2,4,0,2,3,2,1,1,3,4,4,2
4702,1792,Na|Pb|Te|Tl,2,4,2,1,4,2,4,1,0,1,4,0
4703,108,As|Ba|Fe|Pd,0,2,0,1,1,4,2,1,0,4,4,4
4704,1551,Bi|Ga|Nb|Sn,4,4,0,1,3,4,4,1,1,2,2,1
4705,1073,Cr|Mo,0,2,1,4,2,4,3,3,4,3,1,1
4706,1085,Bi|Ca|Cu|Ni|O|Sr,3,4,2,4,1,3,0,0,1,1,0,0
4707,686,Ba|Ca|Cu|O|Pr|Y,1,0,3,3,1,0,0,4,0,2,1,4
4708,1519,Cu|Sn,2,0,2,0,4,4,0,2,0,2,3,3
4709,473,Ba|Ca|Cu|O|Sr|Yb,2,2,0,1,4,2,2,0,3,4,4,2
4710,1909,Be|Re|W,0,3,1,4,0,2,2,3,1,3,0,0
4711,1910,Ba|Cu|Fe|O|Sr|Yb,1,4,3,4,3,1,2,3,1,2,3,1
4712,461,Al|Ba|Cu|O|Y,1,0,4,4,3,2,3,3,4,0,1,4
4713,1911,Ga|Ge|U,2,3,2,4,1,4,0,4,0,1,1,1
4714,143,Au|Te,3,2,4,0,3,4,3,2,1,4,0,4
4715,1330,As|Fe|H|La,3,0,1,2,3,3,3,4,0,1,0,0
4716,1154,As|F|Fe|O|Sm,3,2,4,3,2,0,2,3,1,3,2,3
4717,1912,Fe|Mo|S|Sn,3,2,3,2,1,4,2,2,1,4,4,3
4718,1913,Sn|Yb,4,4,2,3,0,3,2,4,0,4,1,2
4719,731,N|Nb|O,1,1,3,2,2,0,0,1,2,3,1,4
4720,866,Ba|Cs|Cu|O|Y,3,2,0,0,2,2,4,4,1,3,4,3
4721,639,Ca|Cu|O|Sr|Tl|Y,3,4,1,0,3,1,0,2,0,4,2,1
4722,1332,Bi|Ca|Cu|O|Sr|Tm,0,0,4,1,3,1,3,3,2,2,2,1
4723,1266,B|C|Gd|Ni|Y,1,0,0,1,3,3,4,3,0,1,0,1
4724,300,Ge|Ir|Lu|Si,3,1,3,4,1,3,3,3,4,2,3,2
4725,570,In|Sn|Te,4,0,3,1,2,1,2,4,2,1,1,4
4726,44,Cu|La|Nd|O|Sr,3,0,2,3,4,2,1,3,3,3,0,0
4727,86,Ba|Cu|O|Y,4,4,4,2,0,4,0,2,1,3,4,4
4728,256,Au|Ga|Pd,3,4,0,1,1,2,4,2,0,3,1,2
4729,136,Nb|Zr,0,4,3,4,3,1,4,1,3,0,1,1
4730,191,Li|O|Ti,0,1,1,4,4,2,0,0,1,4,4,4
4731,287,Bi|Pb,3,2,1,1,1,3,1,3,0,2,4,1
4732,64,Ba|Cu|O|Y|Zn,1,1,2,4,3,2,0,0,4,2,4,1
4733,1436,B|Er|Lu|Ru,2,1,1,0,3,1,3,2,4,0,1,1
4734,1834,As|F|Fe|Nd|O|P,4,4,4,0,1,4,1,4,4,2,1,0
4735,99,Au|In,0,4,0,1,2,3,4,4,3,1,1,3
4736,953,La|Pb|Pr,0,1,2,1,2,0,4,0,0,0,0,1
4737,854,Fe|H|Li|O|Se,3,4,0,4,2,4,1,1,4,1,3,2
4738,42,Cu|La|O|Sr|Zn,1,2,4,4,3,1,4,1,1,1,0,1
4739,1,Ba|Ca|Cu|La|O,0,0,1,3,2,4,3,3,0,3,2,0
4740,1914,Ge|Ir|U,0,0,4,4,3,1,3,0,2,2,1,4
4741,409,Ni|V,0,3,3,3,0,1,0,2,0,0,2,3
4742,290,Ba|Ca|Cu|La|O|Y,2,0,4,0,1,2,0,4,2,3,0,1
4743,1915,Pd|Ta|Te,0,4,1,2,0,3,3,3,0,1,4,0
4744,1916,La|Ni|Si,3,0,0,1,2,0,3,1,2,4,0,0
4745,477,Nb|Ti|Zr,0,1,1,1,3,3,4,4,0,2,3,3
4746,878,Ba|Cu|Ho|O,0,0,4,4,4,0,4,3,3,2,0,1
4747,1712,Br|Ca|Cl|Cu|Na|O,2,0,4,3,4,4,0,1,0,4,1,0
4748,1917,Br|Cl|Li|N|Zr,4,2,3,3,2,4,3,2,1,3,0,3
4749,5,Al|Ga|V,3,2,3,4,0,2,0,3,1,1,4,2
4750,52,Ca|Cu|O|P|Sr|Y,0,1,4,2,4,0,2,4,2,2,1,1
4751,64,Ba|Cu|O|Y|Zn,1,1,2,4,3,2,3,2,1,2,0,1
4752,300,Ge|Ir|Lu|Si,3,1,3,4,1,3,1,4,4,3,2,2
4753,1918,P|Rh,1,2,0,2,3,3,2,4,2,2,3,4
4754,62,Al|Ge|Nb,2,3,3,0,1,3,4,2,2,1,3,2
4755,42,Cu|La|O|Sr|Zn,1,2,4,4,3,1,1,1,0,4,3,1
4756,196,La|Os|Pr|Sb,0,0,1,4,4,4,4,4,3,0,1,3
4757,116,As|F|Fe|La|O|Ru,4,3,4,1,0,1,1,2,0,3,3,0
4758,1919,Au|Sb,2,3,2,0,3,3,2,1,3,2,2,3
4759,1857,Pt|U,4,0,0,0,4,4,3,3,0,3,0,4
4760,252,Ce|Cu|La|O|Pr,0,0,4,3,3,0,2,1,0,1,2,3
4761,1448,Ag|Sn|Te,4,1,1,2,4,0,1,1,0,1,2,0
4762,1578,Ba|Bi|Hg|O|Pb,2,4,2,3,2,3,2,2,2,0,3,4
4763,451,Ir|Os|Y,1,4,4,3,4,4,2,4,3,4,3,4
4764,1920,Lu|Pd|Sn,1,4,4,3,2,4,2,4,0,1,4,3
4765,130,Be|Th|U,2,4,1,0,3,3,4,0,0,4,2,0
4766,86,Ba|Cu|O|Y,4,4,4,2,0,4,0,1,4,3,4,4
4767,285,Al|Ge|Nb|Sn,2,1,0,3,1,0,4,1,1,2,1,2
4768,1921,La|Os,2,3,0,4,1,4,4,3,2,4,0,1
4769,1922,Ba|Br|Cu|O|Y,3,0,1,4,0,0,2,3,4,0,2,2
4770,689,Ba|Bi|K|O|Pb,1,2,1,2,1,3,1,2,4,2,2,0
4771,1,Ba|Ca|Cu|La|O,0,0,1,3,2,4,1,1,0,3,2,0
4772,423,Nb|Pd,1,4,4,2,3,0,0,0,4,2,2,4
4773,621,Ba|Cu|O|Sn|Sr|Y,4,0,4,1,4,4,2,3,2,2,1,0
4774,1923,Bi|Pd,2,2,3,3,0,2,0,0,4,2,0,0
4775,1803,Ir|Lu,3,3,4,3,4,0,1,4,4,4,1,1
4776,1924,Ag|Se|Sn,3,4,1,1,2,0,4,3,2,3,2,4
4777,1628,B|C|Ni|Tb|Y,2,0,1,3,4,2,0,0,2,3,1,1
4778,1277,As|Ca|Fe|La|Pt,2,0,4,1,0,0,2,0,1,2,2,1
4779,1925,Ge|Hf,4,4,1,1,4,2,0,0,2,4,3,1
4780,152,Ba|Cu|O|Sr|Y,2,2,4,0,3,2,2,4,3,4,3,0
4781,1926,Ba|Cu|Lu|O|Yb,4,3,0,3,4,1,3,0,0,1,0,4
4782,1610,Mn|Ti,1,2,0,0,2,3,1,4,3,0,3,1
4783,606,Al|Sb|V,3,4,4,1,2,4,3,1,1,4,2,1
4784,282,B|Cu|Mg,2,4,0,1,4,1,3,0,0,2,2,0
4785,262,Ag|Tl,2,2,0,2,3,0,2,2,3,0,0,1
4786,1764,Ba|Ge|Si,2,1,3,1,0,3,3,3,0,0,2,4
4787,396,As|F|Fe|La|O|Zn,3,0,0,4,4,4,1,4,2,1,1,0
4788,1436,B|Er|Lu|Ru,2,1,1,0,3,1,3,4,3,2,1,1
4789,1513,Mo|P,4,2,0,4,3,1,4,2,2,1,0,3
4790,1615,H|Rh|Zr,0,1,4,4,0,4,4,4,4,1,1,2
4791,594,Cr|Ga|Nb,2,4,3,1,3,0,4,4,2,2,0,4
4792,250,Ce|Co|Ru,4,2,1,3,0,4,0,0,2,1,3,1
4793,647,Th|U,1,4,3,1,4,4,3,1,4,3,3,3
4794,41,In|Tl,1,1,0,3,0,1,0,3,3,4,1,3
4795,504,Al|Ga|Nb,2,4,3,1,2,0,0,4,2,2,2,3
4796,42,Cu|La|O|Sr|Zn,1,2,4,4,3,1,4,2,3,1,4,1
4797,888,As|Co|Fe|Sr,1,4,2,2,1,2,2,3,3,0,1,2
4798,65,Ba|Bi|K|O,3,2,0,2,0,0,2,0,3,4,0,3
4799,800,Cr|V,3,4,2,4,0,3,1,1,4,4,1,2
4800,403,B|C|Ho|Lu|Ni,4,3,0,2,0,0,1,2,1,3,3,3
4801,394,Ca|Cl|Cu|K|O,0,3,0,2,3,2,3,1,2,0,1,4
4802,1927,Co|Ni|Ta,0,1,4,3,1,3,0,2,0,1,4,3
4803,49,Ba|Cu|La|O,3,0,2,4,3,0,4,1,2,0,1,3
4804,925,Ba|Cu|Gd|O|Sr,4,4,0,1,2,0,1,1,4,0,2,4
4805,392,C|Mo|Nb,0,1,3,4,0,0,0,3,0,0,0,1
4806,1137,Ca|Cl|Cu|Na|O,2,2,4,3,3,0,3,1,3,1,3,1
4807,794,La|Ru|Th,1,0,4,1,4,3,1,3,3,2,4,2
4808,1848,Re|Ru,3,3,0,2,4,0,1,4,3,1,1,0
4809,1223,Ba|Cu|Dy|O|Pr,2,3,0,0,0,0,0,2,3,3,1,2
4810,333,C|Er|Th,4,0,4,2,3,0,3,4,3,2,1,1
4811,965,Cu|Ho|La|O|Sr,2,2,0,4,2,0,4,4,2,1,3,3
4812,1928,Rh|Sc|Ti,1,0,2,3,2,1,3,1,3,3,0,0
4813,885,Gd|Mo|S,4,4,1,2,0,1,1,4,2,1,1,0
4814,1404,Nb|Rh|Ta,2,3,0,0,1,0,4,1,1,3,0,3
4815,240,As|Ba|Co|Fe|K,1,2,4,0,0,4,3,1,0,2,0,1
4816,1139,B|Co|Mg,1,0,2,0,2,3,0,2,3,3,1,2
4817,208,In|Sn,3,3,1,1,0,1,3,0,1,0,2,2
4818,569,B|C|Ni|Pd|Y,0,0,1,4,4,4,1,4,4,4,0,1
4819,564,Mo|S|Se,1,1,4,1,3,3,4,1,4,4,4,4
4820,1929,C|H|K,4,1,0,2,4,0,4,2,2,1,4,2
4821,240,As|Ba|Co|Fe|K,1,2,4,0,0,4,1,2,1,2,2,1
4822,16,Cu|Mo|S,0,3,1,3,0,4,4,3,4,4,3,3
4823,756,As|Ca|Fe|Pr,3,4,0,1,2,1,1,4,4,3,0,1
4824,528,C|Hf|Mo,0,1,2,4,1,3,2,1,4,3,2,4
4825,1190,Hf|V|Zr,1,1,3,1,4,1,4,2,2,0,4,2
4826,1930,Pb|Pd|Tm,2,4,1,0,1,3,2,1,0,2,4,1
4827,1792,Na|Pb|Te|Tl,2,4,2,1,4,2,0,3,4,1,1,0
4828,118,Ir|Mo,3,0,4,2,3,3,3,1,2,0,3,0
4829,565,Ce|Cu|Mn|Nd|O,3,0,4,2,1,1,4,2,3,2,2,1
4830,748,Fe|Se|Te|Zn,4,1,0,2,1,4,2,4,2,3,1,2
4831,294,Al|As|Ca|Fe|O|Ti,1,2,2,1,3,3,0,3,3,3,1,1
4832,171,As|Ca|Co|Fe,3,2,0,0,3,4,1,4,3,1,2,3
4833,1931,B|Rh|Sr,3,1,0,3,1,3,2,4,2,2,2,2
4834,882,Mo|Si,2,1,4,2,4,4,2,0,2,4,2,0
4835,374,Ba|Bi|O|Pb,1,3,3,2,1,2,4,3,0,1,2,0
4836,616,Ba|Ca|Cu|O|Tl|Y,1,0,1,2,2,3,3,1,3,3,3,4
4837,422,Bi|Ca|Cu|O|Pb|Sr,3,0,1,3,0,1,0,0,1,1,1,4
4838,1932,Bi|Cd|Sn,4,3,1,0,4,1,3,0,1,0,3,2
4839,86,Ba|Cu|O|Y,4,4,4,2,0,4,3,1,3,2,4,4
4840,872,Ba|Si|Sr,3,4,2,4,3,2,0,4,1,2,3,2
4841,1933,Cu|Ir|Te,0,4,2,0,4,3,0,1,3,1,4,1
4842,1597,Ca|Cu|Eu|O|Pb|Sr,3,2,2,3,0,0,0,4,4,4,1,0
4843,1182,Ba|Cu|Er|O|Pr,3,1,4,2,0,1,4,1,2,0,2,2
4844,229,B|Li|Pd|Pt,1,1,2,4,0,0,3,1,2,0,3,2
4845,504,Al|Ga|Nb,2,4,3,1,2,0,4,0,1,2,0,3
4846,1934,Pb|Sr,0,2,0,0,2,4,2,3,4,0,3,3
4847,1935,As|Ba|Fe|K|Mn,2,1,2,1,3,4,1,1,4,1,3,4
4848,79,Fe|Se|Te,4,3,3,0,1,3,2,2,2,4,4,0
4849,1025,Ga|Mn|Nb,1,1,4,0,2,4,2,3,4,0,1,2
4850,156,Pd|Se,3,0,3,1,0,4,4,2,0,1,4,2
4851,506,Bi|Pb|Sn,1,2,4,4,3,3,4,2,3,0,2,4
4852,924,Ag|Al,2,0,0,3,3,1,2,1,2,0,3,0
4853,1062,Ce|Co|In|Yb,3,1,4,2,4,3,1,3,3,3,0,4
4854,361,Ga|Sn|V,3,0,2,2,0,0,3,1,0,2,4,3
4855,1936,As|Fe|La|O|Sm|Sr,4,2,4,1,4,2,1,4,4,0,0,1
4856,992,Bi|F|La|O|S,2,2,2,4,4,1,3,2,4,1,1,3
4857,767,Sn|Ta|V,0,4,1,3,4,2,2,2,3,4,0,3
4858,1769,Mo|Se|Te,4,4,3,4,1,2,1,3,3,4,3,2
4859,11,Ba|Cu|Nd|O,4,1,1,2,1,1,4,0,0,4,4,4
4860,1151,Cu|Eu|La|O|Sr,2,0,0,4,2,3,0,4,4,0,4,0
4861,1395,Ca|Cu|F|O|Sr,0,4,0,0,1,4,1,4,3,2,2,1
4862,1329,Pd|Pt|U,2,4,2,2,3,0,4,1,3,1,4,0
4863,1073,Cr|Mo,0,2,1,4,2,4,4,4,2,3,0,1
4864,71,Ba|Cu|Li|O|Y,4,2,4,1,4,0,2,1,2,2,4,3
4865,353,C|Hg|Rb,0,0,1,3,3,2,3,2,3,1,1,0
4866,64,Ba|Cu|O|Y|Zn,1,1,2,4,3,2,1,3,0,1,4,1
4867,1937,Tc|Ti,0,3,2,4,0,1,4,1,0,1,0,4
4868,1938,Ga|Tb,1,4,2,3,0,0,4,3,1,1,1,4
4869,1939,Fe|Si|Y,1,2,4,2,3,4,2,1,3,4,0,0
4870,715,Cu|Gd|O|Rh|Ru|Sr,0,1,4,3,2,3,4,3,1,3,0,1
4871,818,Ba|Cu|Er|Ga|O,3,2,4,4,3,1,2,4,0,3,4,0
4872,1316,Hf|W,2,4,0,3,4,4,1,0,0,4,4,4
4873,292,Ba|Cu|Fe|O|Y,0,4,0,1,4,3,2,1,4,4,0,4
4874,1940,Ga|V|Zn,2,4,3,0,3,2,1,3,4,4,2,0
4875,839,B|Mo,3,2,0,0,3,2,3,2,4,2,1,3
4876,1210,Bi|Ce|F|Nd|O|S,4,2,0,3,1,2,4,0,3,3,0,4
4877,912,Fe|Se,0,0,3,4,0,4,3,3,1,1,0,0
4878,476,Ba|Cu|Ga|O|Y,0,1,1,0,4,0,4,4,2,0,3,1
4879,1941,Co|Nb|Rh,4,4,1,2,1,1,3,0,4,3,1,2
4880,1942,As|Ba|F|Fe|Nd|O,3,0,4,4,2,1,2,2,3,3,2,1
4881,1677,Bi|F|Nd|O|S|Sm,0,2,2,0,1,4,2,1,4,0,3,3
4882,390,Ce|Cu|Nd|O|Y,3,1,2,4,4,2,4,0,3,2,1,3
4883,1306,Ti|Zr,0,4,4,3,3,3,3,1,0,2,4,2
4884,153,Ba|Cu|Ni|O|Y,1,4,4,4,2,1,3,0,3,4,4,1
4885,42,Cu|La|O|Sr|Zn,1,2,4,4,3,1,3,4,1,0,0,1
4886,22,Ba|Co|Cu|O|Y,3,0,2,2,0,4,3,3,0,4,3,3
4887,1251,Os|Zr,2,4,4,3,3,4,3,2,1,1,3,2
4888,411,Bi|Ca|Cu|I|O|Sr,4,0,4,2,2,1,4,2,2,1,4,1
4889,11,Ba|Cu|Nd|O,4,1,1,2,1,1,3,4,4,4,3,4
4890,66,Ba|Ca|Cu|La|O|Sr,3,2,3,2,4,1,1,4,3,3,1,2
4891,1147,Co|Ru,2,1,1,4,3,1,0,4,4,4,4,3
4892,50,Ba|Ca|Cu|Er|La|O,3,3,0,3,1,3,1,3,1,0,2,2
4893,1943,Fe|Mn|Se,0,3,3,4,0,4,4,1,2,2,4,1
4894,351,Ba|Cu|Hg|O,0,1,0,3,3,4,1,1,2,4,3,2
4895,204,Cu|La|O|Pr|Sr,1,1,2,0,1,0,3,1,2,4,3,0
4896,300,Ge|Ir|Lu|Si,3,1,3,4,1,3,1,2,4,2,4,2
4897,242,Ba|Cu|La|O|Sr,2,0,1,1,4,2,2,2,0,1,4,4
4898,1944,Co|Fe|Se,4,1,1,0,1,3,1,3,3,2,2,4
4899,1074,Ir|Ta,2,1,1,2,2,2,2,1,2,2,4,0
4900,402,Ce|Co|In|Rh,2,1,4,2,1,3,1,2,0,3,4,3
4901,490,B|Dy|Ir|Rh,1,2,0,3,1,1,1,0,4,2,1,4
4902,167,Ir|Lu|Sc|Si,0,3,2,4,4,3,2,3,4,3,0,2
4903,1945,Bi|Ca|Cu|Nd|O|Pb|Sr|Tb,2,0,2,0,0,4,4,2,3,1,0,2
4904,31,Ba|Cu|O|Pr|Sr|Y,0,2,3,4,1,0,3,1,1,1,0,2
4905,1946,As|Ce|F|Fe|O,4,3,0,0,3,0,0,2,2,4,0,2
4906,42,Cu|La|O|Sr|Zn,1,2,4,4,3,1,1,1,0,3,1,1
4907,139,Al|B|Mg,1,1,3,4,1,1,2,1,2,3,3,1
4908,1277,As|Ca|Fe|La|Pt,2,0,4,1,0,0,2,0,2,4,4,1
4909,74,Ba|Cu|La|O|Y,2,3,3,3,3,1,4,0,3,2,2,2
4910,1947,Cd|Zn,4,1,2,4,2,1,0,4,1,2,3,2
4911,211,Mo|U,1,2,2,1,0,3,1,2,3,0,4,0
4912,461,Al|Ba|Cu|O|Y,1,0,4,4,3,2,2,2,3,0,0,4
4913,1100,As|Ba|Fe|P,1,0,1,4,3,0,2,0,4,0,1,3
4914,86,Ba|Cu|O|Y,4,4,4,2,0,4,4,3,3,3,2,4
4915,581,Ti|V,3,1,3,1,1,2,0,0,0,1,1,0
4916,840,Ba|Cu|Nd|O|Sr,2,1,1,1,2,2,3,4,2,2,1,3
4917,1554,B|C|Li|Mg,3,1,0,3,3,1,1,2,4,1,1,0
4918,1948,As|Fe|Gd|La|O|Sr,4,2,3,2,0,3,3,4,1,2,1,2
4919,65,Ba|Bi|K|O,3,2,0,2,0,0,1,2,3,3,0,3
4920,1949,Au|Si|Sr,0,2,4,4,4,1,2,1,3,2,1,3
4921,882,Mo|Si,2,1,4,2,4,4,2,1,3,3,4,0
4922,1950,Mo|S|Sr,0,1,0,2,4,4,3,4,2,1,3,3
4923,656,Al|Ba|Ca|Cu|O|Y,0,3,4,3,2,0,3,4,0,2,3,3
4924,1951,Cu|La|O|Pb,3,0,1,2,3,2,2,0,0,3,1,2
4925,152,Ba|Cu|O|Sr|Y,2,2,4,0,3,2,3,3,0,3,0,0
4926,1952,Al|Cu|Nb|Ni|Zr,1,0,3,4,0,4,4,3,3,4,3,3
4927,416,As|Ba|Co|Fe,3,2,2,4,2,1,0,4,1,1,4,3
4928,1953,Ga|Y,4,0,2,3,4,1,3,1,4,4,1,2
4929,588,In|Se|Sn|Te,4,1,0,4,1,3,1,4,0,3,0,2
4930,444,Mo|Pt,4,1,1,4,3,2,4,0,1,4,3,0
4931,42,Cu|La|O|Sr|Zn,1,2,4,4,3,1,3,3,4,1,2,1
4932,172,B|Nb,4,3,2,3,2,0,3,3,4,4,1,1
4933,1372,Ba|Cu|Gd|Mo|O,1,2,4,3,4,2,4,1,4,3,3,1
4934,924,Ag|Al,2,0,0,3,3,1,1,3,1,2,1,0
4935,506,Bi|Pb|Sn,1,2,4,4,3,3,4,2,2,4,3,4
4936,684,Ba|Ca|Cu|Hg|O,0,1,4,0,4,3,1,1,4,2,3,4
4937,11,Ba|Cu|Nd|O,4,1,1,2,1,1,0,3,0,0,0,4
4938,66,Ba|Ca|Cu|La|O|Sr,3,2,3,2,4,1,1,2,1,3,3,2
4939,49,Ba|Cu|La|O,3,0,2,4,3,0,4,1,0,1,3,3
4940,897,Ag|Sn,3,1,4,0,3,1,4,0,0,3,1,4
4941,1954,B|Th,4,4,3,4,0,1,0,1,0,2,0,0
4942,912,Fe|Se,0,0,3,4,0,4,1,2,1,2,4,0
4943,1955,Ga|Pt,2,2,2,0,2,4,1,4,2,1,4,2
4944,1220,Al|Ba|Si,0,2,2,2,3,1,1,4,2,0,4,4
4945,1511,As|Ca|Ce|Fe|Sb,2,0,2,4,1,0,2,2,0,0,0,4
4946,1491,N|Nb|V,4,1,4,3,1,1,1,4,3,1,4,4
4947,59,Bi|Ca|Cu|O|Sr,2,1,2,3,0,3,2,2,3,0,3,2
4948,46,As|Ba|Co|Fe|Zn,1,3,3,2,1,3,1,2,0,3,0,3
4949,1956,As|Ca|Fe|Sr,3,4,0,3,0,3,3,1,2,2,3,1
4950,1366,Pr|Th,0,0,4,3,4,0,4,2,4,4,1,0
4951,1957,Ge|Ni|Y,0,2,3,4,1,0,1,1,4,4,1,1
4952,1866,Al|Ca|Si,0,0,0,2,2,1,3,1,1,2,1,4
4953,1958,As|Ca|Fe|Gd,2,0,2,3,1,2,2,0,1,3,2,2
4954,239,As|Ba|Fe|Ru,0,3,3,1,1,3,0,1,3,0,1,2
4955,1712,Br|Ca|Cl|Cu|Na|O,2,0,4,3,4,4,2,4,1,4,2,0
4956,647,Th|U,1,4,3,1,4,4,2,0,4,4,2,3
4957,967,As|F|Fe|Nd|O,3,4,4,3,0,2,2,4,0,4,1,4
4958,139,Al|B|Mg,1,1,3,4,1,1,2,2,2,0,1,1
4959,739,Ca|Cu|O|Pb|Sr|Y,1,4,3,0,4,2,2,4,3,4,2,3
4960,78,Nb|V,0,3,3,4,2,0,1,0,4,3,2,2
4961,1229,As|F|Fe|La|O|Y,3,3,3,1,4,1,3,2,2,2,1,2
4962,1959,Sb|V,1,2,0,3,2,4,3,2,0,2,4,1
4963,595,Cu|Ir|S|Zn,2,4,3,0,3,2,2,1,2,2,1,1
4964,1163,Au|Nb|V,3,4,1,3,2,2,2,1,2,1,4,0
4965,74,Ba|Cu|La|O|Y,2,3,3,3,3,1,1,2,4,3,4,2
4966,1452,S|Sn|Ta,3,1,1,3,2,3,4,2,0,0,0,4
4967,86,Ba|Cu|O|Y,4,4,4,2,0,4,2,0,3,1,4,4
4968,131,Ba|O|Sb|Sn|Ti,2,3,3,0,0,1,2,1,1,2,1,0
4969,108,As|Ba|Fe|Pd,0,2,0,1,1,4,2,4,4,4,4,4
4970,153,Ba|Cu|Ni|O|Y,1,4,4,4,2,1,3,0,2,3,3,1
4971,125,Nb|Sn|Ti,2,1,2,3,4,1,4,0,0,0,2,1
4972,1844,Fe|Rb|Se,1,4,4,4,2,0,0,3,1,1,2,3
4973,252,Ce|Cu|La|O|Pr,0,0,4,3,3,0,3,3,0,1,4,3
4974,1889,Lu|Rh|Sn,0,4,3,4,3,3,0,1,1,1,1,3
4975,1960,Mo|Pa,4,3,0,2,4,0,2,4,0,2,2,3
4976,953,La|Pb|Pr,0,1,2,1,2,0,2,3,3,2,2,1
4977,263,Ga|Nb,3,0,4,0,0,4,1,2,4,4,0,4
4978,1533,La|Pr|Tl,0,0,1,4,2,4,0,4,1,4,2,3
4979,251,Mo|Ti,2,1,3,3,4,3,3,4,3,2,1,0
4980,1961,Cu|O|Pr|Sr|Tl,3,1,0,3,2,4,4,1,1,0,4,4
4981,681,Ir|Rh|Te,1,3,0,0,4,0,0,2,1,2,3,2
4982,1,Ba|Ca|Cu|La|O,0,0,1,3,2,4,1,1,0,4,4,0
4983,64,Ba|Cu|O|Y|Zn,1,1,2,4,3,2,4,3,0,1,2,1
4984,1149,Co|Ni|Zr,2,4,0,4,3,0,4,0,4,3,2,2
4985,172,B|Nb,4,3,2,3,2,0,4,2,4,3,3,1
4986,1962,B,2,1,2,2,3,0,0,3,0,1,2,3
4987,1963,Co|Ge|Pd|Sr,2,4,3,4,4,4,2,3,1,1,4,0
4988,1964,Cu|Ni|Zr,1,2,2,0,4,3,3,4,4,2,2,1
4989,640,As|Ba|Fe|Na,4,4,2,3,1,0,4,2,4,1,2,1
4990,239,As|Ba|Fe|Ru,0,3,3,1,1,3,3,4,2,1,4,2
4991,1686,Bi|Ca|Cu|Eu|O|Sr,2,1,4,1,2,1,1,1,2,2,2,0
4992,148,Nb|Ti,4,0,1,0,2,1,3,3,4,2,4,2
4993,573,La|Pr|Se,0,4,1,2,1,0,0,1,1,4,2,4
4994,1965,Fe|O|P|Sc|Sr,4,1,3,0,3,4,2,1,4,1,1,2
4995,1966,Pb|Se|Ta,0,4,2,2,1,4,1,2,4,1,0,2
4996,494,Ba|Cu|Si,0,3,3,0,4,3,3,2,1,4,4,0
4997,1293,C|Cs|Rb,1,0,2,0,0,2,4,0,3,0,0,3
4998,1265,In|Sb|Sn,4,3,0,0,4,2,4,3,0,0,2,1
4999,1967,Co|Ga|H|Na|O,0,4,2,3,3,1,2,1,0,3,0,2
5000,300,Ge|Ir|Lu|Si,3,1,3,4,1,3,4,0,0,2,1,2
5001,292,Ba|Cu|Fe|O|Y,0,4,0,1,4,3,1,1,1,4,1,4
5002,739,Ca|Cu|O|Pb|Sr|Y,1,4,3,0,4,2,1,0,1,2,1,3
5003,1968,Cd|Ga|V,4,3,4,3,3,3,1,1,3,1,3,3
5004,995,Ir|W,2,1,2,4,2,3,0,4,4,3,1,2
5005,0,As|Ba|Fe|K,0,4,2,3,0,4,3,2,0,2,3,1
5006,356,Mo|Re,4,3,4,1,0,0,0,4,3,4,0,4
5007,272,B|C|La|Lu|Ni,2,2,4,1,0,4,2,3,3,1,2,3
5008,57,Ba|Ca|Co|Cu|O|Y,1,1,3,4,0,1,3,2,3,2,4,2
5009,157,Cu|Ge,2,1,0,0,0,1,4,2,4,4,1,2
5010,655,Cu|La|O|Ru|Sr,2,1,1,0,4,3,1,4,3,1,0,4
5011,908,Ru|Ti|V,3,4,4,3,1,2,4,3,4,1,2,4
5012,183,Ba|Ca|Cu|O|Tl,2,3,4,2,0,4,4,1,1,0,1,2
5013,1866,Al|Ca|Si,0,0,0,2,2,1,1,2,0,4,0,4
5014,1969,Si|Ta,3,0,3,4,1,3,2,0,1,2,2,2
5015,44,Cu|La|Nd|O|Sr,3,0,2,3,4,2,4,0,0,0,0,0
5016,461,Al|Ba|Cu|O|Y,1,0,4,4,3,2,3,1,3,1,4,4
5017,1881,As|Co|Fe|Mg|O|Sr|Ti,1,0,3,1,4,0,3,3,0,1,0,4
5018,514,Bi|In,3,0,1,2,2,2,1,0,2,0,1,0
5019,1970,Ir|Zn,2,4,3,1,2,1,0,4,0,0,4,4
5020,510,Ba|Cu|O|Yb,2,3,1,1,1,1,3,3,2,4,3,1
5021,496,In|Pb,4,0,3,1,4,2,4,3,0,3,1,2
5022,64,Ba|Cu|O|Y|Zn,1,1,2,4,3,2,2,0,2,3,2,1
5023,248,C|Hf|Nb,3,0,0,2,1,0,0,1,1,0,4,2
5024,62,Al|Ge|Nb,2,3,3,0,1,3,3,4,3,3,4,2
5025,1971,Pb|Te,0,4,3,3,2,1,0,2,2,0,2,1
5026,1972,Pd|U,1,1,3,2,2,4,4,3,2,2,0,2
5027,86,Ba|Cu|O|Y,4,4,4,2,0,4,4,2,1,4,1,4
5028,878,Ba|Cu|Ho|O,0,0,4,4,4,0,4,2,4,3,4,1
5029,699,Al|Ni|U,1,4,3,1,2,4,3,0,2,0,4,3
5030,507,Ba|Cu|H|O|Y,2,1,2,4,1,2,0,4,0,2,2,2
5031,1973,Os|Ta,0,4,0,4,4,0,1,0,3,0,1,3
5032,511,Al|Ca|Ga|Si,3,2,3,0,0,0,2,3,4,2,1,0
5033,1974,As|Ca|Fe|Pt|Tb,4,2,3,0,3,4,1,1,4,4,0,3
5034,241,Ga|V,4,3,1,0,4,2,0,4,4,0,2,0
5035,140,Cu|S|Ta,4,2,1,0,0,4,0,3,0,4,2,3
5036,1975,Mo|Nb|Ti,3,4,3,1,0,2,3,2,1,1,0,3
5037,455,Ba|Cu|O|Tl,1,1,3,2,4,3,4,1,1,4,4,2
5038,684,Ba|Ca|Cu|Hg|O,0,1,4,0,4,3,3,4,4,3,4,4
5039,1976,In|Rh,3,0,3,1,4,4,3,2,3,1,1,2
5040,581,Ti|V,3,1,3,1,1,2,1,4,3,3,4,0
5041,1977,As|Fe|Nd|O,4,1,0,2,3,4,4,0,2,4,2,4
5042,970,Nb|Sn|Ta|V,4,3,2,4,4,0,4,1,1,4,4,2
5043,203,Ce|Cu|Gd|O|Pr,3,2,0,3,2,0,4,0,2,0,3,3
5044,721,Ga|Nb|Sn,0,2,4,2,3,2,1,1,1,3,3,1
5045,1978,Au|La,0,4,2,0,1,3,2,1,1,1,4,2
5046,99,Au|In,0,4,0,1,2,3,4,4,4,2,1,3
5047,1434,Ba|Ca|Cu|Dy|La|O,3,4,4,3,3,2,1,1,2,1,3,1
5048,1979,Ca|Li,2,2,4,4,3,0,0,2,1,0,1,4
5049,152,Ba|Cu|O|Sr|Y,2,2,4,0,3,2,2,1,2,1,3,0
5050,194,B|C|Co|Ni|Tm,3,1,1,1,0,1,3,3,2,3,4,0
5051,64,Ba|Cu|O|Y|Zn,1,1,2,4,3,2,3,1,2,2,3,1
5052,650,Fe|S|Te,4,4,1,4,3,3,2,4,0,3,2,4
5053,59,Bi|Ca|Cu|O|Sr,2,1,2,3,0,3,0,2,2,2,3,2
5054,356,Mo|Re,4,3,4,1,0,0,1,0,2,1,2,4
5055,732,S|Se|Ta,4,4,4,0,4,1,1,3,4,2,3,1
5056,1888,As|Fe|Ni|Sr,3,2,4,0,0,2,2,4,3,1,4,1
5057,792,C|K|Rb,2,2,3,2,1,4,1,4,3,2,2,2
5058,1843,Ce|La|Pt|Si,1,2,3,0,2,0,2,2,4,4,2,1
5059,145,Ba|Cu|Dy|O,2,1,4,1,3,4,3,4,4,4,0,2
5060,1980,La|S,0,1,3,2,4,3,3,4,1,3,1,1
5061,192,Nb|Ta|Ti,2,0,0,2,0,4,2,3,0,2,2,0
5062,269,Ba|Cu|La|Nd|O,3,1,4,1,0,3,1,3,0,2,3,1
5063,32,Ce|Cu|Gd|Nd|O,4,3,1,4,4,4,0,0,4,1,2,4
5064,1190,Hf|V|Zr,1,1,3,1,4,1,2,2,0,3,2,2
5065,1981,Bi|La|O|S|Th,1,1,4,1,4,2,0,0,1,2,3,4
5066,1982,C|La|Th,2,2,4,4,3,4,3,3,3,4,1,3
5067,54,Nb|Ta,1,2,0,0,3,2,2,1,2,0,4,0
5068,1175,Au|Ga|In,4,2,4,4,2,0,0,3,3,0,4,1
5069,1687,N|S,1,0,0,2,1,1,2,3,4,2,2,0
5070,1983,Fe|Si|V,1,0,4,0,4,0,4,3,4,2,4,1
5071,204,Cu|La|O|Pr|Sr,1,1,2,0,1,0,0,3,3,3,1,0
5072,728,C|Th|Y,4,0,4,1,4,1,4,4,2,2,4,4
5073,1984,Au|Ta,0,3,3,3,4,2,0,0,4,2,4,0
5074,515,Ba|Ca|Cu|O|Pb|Sr|Y,1,3,4,0,1,3,4,4,4,2,3,0
5075,64,Ba|Cu|O|Y|Zn,1,1,2,4,3,2,0,0,4,2,1,1
5076,1985,C|N|Nb|V,1,2,3,3,4,0,1,2,1,3,1,0
5077,1986,Hg|Pb|Sm,3,3,1,0,3,0,3,4,0,1,1,0
5078,1118,Ce|Cu|Nd|O|Zn,3,0,2,0,3,2,0,0,0,1,3,2
5079,351,Ba|Cu|Hg|O,0,1,0,3,3,4,0,4,4,0,2,2
5080,139,Al|B|Mg,1,1,3,4,1,1,3,0,1,0,3,1
5081,287,Bi|Pb,3,2,1,1,1,3,2,3,0,2,3,1
5082,1987,C|O|W,2,4,0,1,3,4,0,1,3,4,4,0
5083,1336,La|Pd|Si,4,0,1,3,0,4,1,3,1,2,0,3
5084,1386,Ba|Cu|Eu|O|Y,0,1,1,3,1,0,3,2,2,0,0,2
5085,68,Bi|Sn,2,3,2,0,3,1,3,4,3,0,0,1
5086,1988,Ce|Cu|O|Pr|Sr,3,0,0,3,4,2,0,2,0,0,1,4
5087,1989,In|La|Tl,0,1,3,4,1,0,2,3,1,0,0,3
5088,895,B|Dy|Lu|Ru,0,0,0,4,1,0,4,4,4,4,1,3
5089,1572,Os|Ru,4,0,4,1,1,0,4,1,3,4,1,2
5090,172,B|Nb,4,3,2,3,2,0,1,0,1,0,4,1
5091,1977,As|Fe|Nd|O,4,1,0,2,3,4,0,4,2,4,4,4
5092,1990,B|C|Cu|Y,3,3,1,2,1,1,3,2,1,0,3,1
5093,79,Fe|Se|Te,4,3,3,0,1,3,0,4,4,0,2,0
5094,1991,Bi|Ni|Pr,4,2,1,3,0,2,0,4,3,2,3,2
5095,893,Mo|Nb|Pd,4,2,0,4,2,0,0,4,0,4,3,1
5096,177,C|Cu|N|O|Pb|Sr|Tl,0,2,0,3,3,3,4,0,4,1,2,0
5097,1992,Cu|Fe|H|La|O|Sr,2,0,0,3,0,1,2,3,2,0,4,0
5098,1377,Ga|Nb|Zn,1,0,1,4,2,2,3,3,2,0,2,0
5099,401,Co|Zr,0,3,3,0,2,1,0,3,0,3,1,4
5100,1993,Cs|Mo|S,0,4,1,0,1,1,4,3,2,0,4,3
5101,473,Ba|Ca|Cu|O|Sr|Yb,2,2,0,1,4,2,0,4,2,4,3,2
5102,1680,Cd|Tl,3,2,1,3,0,4,4,1,3,3,1,4
5103,538,Cl|Hf|Li|N,1,0,3,2,4,3,4,2,4,1,0,3
5104,567,Ge|Nb|Sn,1,0,2,3,2,1,4,1,4,1,3,1
5105,153,Ba|Cu|Ni|O|Y,1,4,4,4,2,1,0,4,4,1,0,1
5106,1476,C|Mo|Re,4,0,3,0,1,2,4,3,1,4,0,2
5107,1994,Ba|Cu|Nd|O|Pr|Sr,1,0,3,3,4,2,0,2,3,1,0,4
5108,43,Fe|K|Se,2,2,3,2,1,3,2,3,0,2,2,0
5109,1955,Ga|Pt,2,2,2,0,2,4,2,3,3,3,1,2
5110,273,Bi|Cu|La|O|Pb|Sr,4,4,0,0,0,1,2,4,1,3,2,2
5111,84,H|Pd,0,4,3,0,4,4,3,1,2,2,2,2
5112,1995,As|Ba|Fe|K|O,2,3,2,2,4,4,0,1,3,4,2,0
5113,1996,Ga|Mo|V,3,3,4,4,0,0,4,1,2,0,0,1
5114,1076,Pb|Sn,3,2,4,1,4,2,0,0,3,1,0,0
5115,84,H|Pd,0,4,3,0,4,4,3,4,4,2,3,2
5116,1669,Cu|Gd|O|Ru|Sr,2,2,3,0,2,1,4,1,4,3,4,2
5117,57,Ba|Ca|Co|Cu|O|Y,1,1,3,4,0,1,3,3,3,2,1,2
5118,28,Al|Ba|Cu|O|Sr|Y,3,3,0,3,1,0,0,1,1,4,2,0
5119,1992,Cu|Fe|H|La|O|Sr,2,0,0,3,0,1,1,1,3,2,1,0
5120,1332,Bi|Ca|Cu|O|Sr|Tm,0,0,4,1,3,1,0,4,4,1,0,1
5121,61,Ge|La|Pt,2,2,3,1,1,4,0,4,1,0,4,3
5122,289,Pd|Zr,4,0,3,3,1,0,0,0,4,3,3,1
5123,1997,Cu|Nb|Ta,4,0,3,3,3,0,4,2,3,1,3,2
5124,86,Ba|Cu|O|Y,4,4,4,2,0,4,1,1,0,1,1,4
5125,366,As|Ba|Fe|Ni,0,1,0,4,4,3,0,2,4,1,3,1
5126,1998,B|Li|Mg,2,0,3,1,1,1,1,1,3,4,4,3
5127,1068,B|Be|Mg,2,0,0,2,3,3,4,1,1,3,2,2
5128,1999,H|S|Ta,0,3,0,1,2,2,2,2,4,0,1,1
5129,179,Ta|V,4,0,4,3,1,0,3,1,0,4,1,2
5130,621,Ba|Cu|O|Sn|Sr|Y,4,0,4,1,4,4,4,2,0,1,4,0
5131,64,Ba|Cu|O|Y|Zn,1,1,2,4,3,2,4,1,4,0,3,1
5132,1068,B|Be|Mg,2,0,0,2,3,3,3,2,1,1,3,2
5133,331,As|Co|Fe|Na,0,3,1,4,4,0,2,3,4,3,1,3
5134,449,B|C|Co|Ho|Ni,4,4,3,4,3,0,0,0,0,3,2,3
5135,331,As|Co|Fe|Na,0,3,1,4,4,0,1,2,3,4,2,3
5136,1749,As|Co|Fe|O|Pr|Sr,0,1,2,2,4,2,0,3,4,1,0,3
5137,2000,Re|Rh,0,2,0,3,3,2,4,1,2,0,2,3
5138,2001,Ir|La|Zn,1,3,0,0,1,2,0,4,2,2,3,4
5139,183,Ba|Ca|Cu|O|Tl,2,3,4,2,0,4,2,2,3,0,2,2
5140,165,Cu|La|O|Zn,2,3,0,2,2,4,0,2,3,0,0,2
5141,611,Ce|Cu|Eu|O|Ru|Sr,3,3,4,0,1,2,2,3,0,3,3,4
5142,1769,Mo|Se|Te,4,4,3,4,1,2,3,1,3,1,2,2
5143,2002,Ga|Nb|Se,1,3,3,0,0,1,0,2,0,1,3,4
5144,199,Al|Si|V,4,4,1,1,1,2,3,2,4,0,2,4
5145,242,Ba|Cu|La|O|Sr,2,0,1,1,4,2,4,4,3,2,0,4
5146,290,Ba|Ca|Cu|La|O|Y,2,0,4,0,1,2,4,1,0,3,1,1
5147,58,Co|H|Na|O,1,1,0,1,1,1,1,0,1,2,4,3
5148,1209,Mo|Pb|S,4,4,3,2,3,0,0,4,2,3,1,1
5149,74,Ba|Cu|La|O|Y,2,3,3,3,3,1,4,0,1,2,4,2
5150,1371,Ca|Cu|Ge|O|Sr|Y,4,0,3,2,3,1,0,0,1,0,1,0
5151,10,Cu|La|O|Pb|Sr,3,0,0,3,2,2,2,0,1,3,0,3
5152,64,Ba|Cu|O|Y|Zn,1,1,2,4,3,2,2,0,1,2,3,1
5153,1553,La|Pt|Si,4,1,3,0,2,3,2,3,2,2,2,2
5154,1117,Cd|Hg,0,2,0,4,0,2,3,3,0,1,3,4
5155,473,Ba|Ca|Cu|O|Sr|Yb,2,2,0,1,4,2,0,1,1,1,2,2
5156,2003,Co|La|Ru|Sn,2,4,3,1,3,1,4,1,3,0,4,1
5157,166,Ce|La|Ru,3,4,1,1,0,3,2,0,0,3,1,1
5158,217,Ce|Cu|O|Sm,3,0,2,1,4,4,0,4,0,4,4,2
5159,1644,Ag|In,2,2,0,3,1,2,1,4,1,0,1,4
5160,455,Ba|Cu|O|Tl,1,1,3,2,4,3,0,1,1,1,3,2
5161,2004,H|Li|Nb|O,1,0,1,1,1,0,2,3,2,1,0,0
5162,1608,Ce|In|Pt,0,4,0,4,3,1,4,4,4,2,1,2
5163,74,Ba|Cu|La|O|Y,2,3,3,3,3,1,3,0,2,2,0,2
5164,1126,Nb|Si|Ti,2,2,1,4,2,2,0,0,4,4,0,2
5165,44,Cu|La|Nd|O|Sr,3,0,2,3,4,2,2,4,1,3,4,0
5166,739,Ca|Cu|O|Pb|Sr|Y,1,4,3,0,4,2,0,0,3,1,0,3
5167,286,Ba|Cu|O|Pr|Y,3,1,2,0,3,0,1,0,4,1,2,3
5168,507,Ba|Cu|H|O|Y,2,1,2,4,1,2,0,4,3,2,4,2
5169,97,As|Co|Eu|Fe|Sr,2,1,3,4,1,3,3,0,0,1,1,0
5170,1304,Rh|Ru|Se,2,4,3,1,4,0,3,3,1,0,4,0
5171,2005,As|F|Fe|O|Sm|Zn,4,3,0,2,3,3,3,4,2,3,2,0
5172,701,B|C|Mo,2,1,2,2,2,3,1,4,0,1,3,1
5173,1195,Ba|Ca|Cu|F|O,4,2,2,3,2,3,2,2,1,2,2,3
5174,292,Ba|Cu|Fe|O|Y,0,4,0,1,4,3,2,2,3,4,3,4
5175,42,Cu|La|O|Sr|Zn,1,2,4,4,3,1,0,4,2,2,0,1
5176,1311,As|Ba|Fe|K|Ru,1,1,4,2,0,0,0,0,0,0,1,4
5177,2006,Ca|Cu|Dy|O|Sr|Tl,2,4,2,0,3,3,3,2,1,1,4,1
5178,59,Bi|Ca|Cu|O|Sr,2,1,2,3,0,3,1,2,2,2,0,2
5179,428,Ba|Cu|O|Sr|Yb,1,4,0,4,3,2,1,0,1,0,3,4
5180,351,Ba|Cu|Hg|O,0,1,0,3,3,4,3,1,4,1,2,2
5181,970,Nb|Sn|Ta|V,4,3,2,4,4,0,4,2,3,2,1,2
5182,1249,Ba|Ca|Cu|La|O|Pr|Sr,0,4,2,3,3,1,4,2,3,2,1,3
5183,336,Ba|Cu|O|Pr|Sm,3,3,2,0,3,2,1,2,3,2,4,1
5184,348,B|C|Lu|Ni,1,4,1,3,3,4,4,2,4,2,1,1
5185,587,Ba|Cu|Hg|O|Re,2,0,1,1,3,2,2,1,1,1,1,0
5186,1013,Al|Nb,1,0,2,4,2,3,2,4,0,1,1,0
5187,64,Ba|Cu|O|Y|Zn,1,1,2,4,3,2,1,4,4,0,0,1
5188,152,Ba|Cu|O|Sr|Y,2,2,4,0,3,2,2,4,2,3,3,0
5189,153,Ba|Cu|Ni|O|Y,1,4,4,4,2,1,0,0,1,3,1,1
5190,2007,Al|In|La,3,3,3,3,1,0,3,0,4,2,0,2
5191,436,Ba|Cu|Eu|O|Pr|Sr,4,0,2,2,2,1,2,2,1,3,4,3
5192,2008,Co|In|La|Sn,1,4,3,2,1,1,4,4,0,3,3,3
5193,604,Ga|Si|V,3,4,2,4,0,1,0,1,1,3,4,3
5194,64,Ba|Cu|O|Y|Zn,1,1,2,4,3,2,1,1,4,3,1,1
5195,64,Ba|Cu|O|Y|Zn,1,1,2,4,3,2,4,4,2,2,4,1
5196,2009,Nb|Re|Ta,4,4,1,0,3,1,3,3,0,4,3,2
5197,924,Ag|Al,2,0,0,3,3,1,3,0,3,1,0,0
5198,292,Ba|Cu|Fe|O|Y,0,4,0,1,4,3,2,1,0,0,2,4
5199,1556,C|H|N|Na|Rb,2,4,0,0,3,3,4,1,1,0,1,2
5200,840,Ba|Cu|Nd|O|Sr,2,1,1,1,2,2,2,3,1,4,2,3
5201,89,In|Pb|Sn|Te,1,2,1,2,3,2,2,2,3,0,1,1
5202,642,Ba|Cu|Dy|O|Sr,4,3,1,1,2,3,4,0,0,1,0,2
5203,970,Nb|Sn|Ta|V,4,3,2,4,4,0,4,3,2,2,3,2
5204,426,Ce|Cu|Nd|Ni|O,4,1,3,1,4,4,2,0,2,2,3,3
5205,2010,K|S|V,4,0,1,1,0,1,0,3,0,2,0,3
5206,2011,As|Dy|Fe|La|O|Sr,0,4,1,3,1,4,1,0,0,4,2,4
5207,51,Cu|La|O|Sm|Sr,4,3,2,4,3,3,1,0,2,1,3,4
5208,470,Hf|Rh,1,4,1,2,4,4,4,3,4,2,2,2
5209,331,As|Co|Fe|Na,0,3,1,4,4,0,4,3,2,1,3,3
5210,1019,Ce|Cu|La|O,0,3,4,3,4,1,1,2,2,4,4,0
5211,420,Ce|Cu|Nd|O,0,3,2,4,2,0,1,2,1,1,0,0
5212,2012,Ga|Si|Yb,0,1,4,1,1,1,2,2,0,0,2,0
5213,383,Al|Nb|Sn,3,2,0,2,4,4,3,0,1,2,1,0
5214,168,Cu|La|O,0,4,4,4,1,3,2,3,0,3,2,0
5215,1616,B|Mg|Mn,1,3,4,3,3,2,0,2,1,0,2,4
5216,2013,Be|Zr,4,2,0,0,0,4,2,0,4,1,1,3
5217,684,Ba|Ca|Cu|Hg|O,0,1,4,0,4,3,4,4,0,4,2,4
5218,182,La|Y,2,0,1,3,4,0,0,0,2,1,4,1
5219,1253,Cu|Hg|Mo|O|Sr,4,4,4,1,1,4,4,1,2,2,1,4
5220,718,La|Ni|Sn,2,2,3,4,1,3,3,1,3,4,0,2
5221,1664,Bi|Ca|Cu|I|O|Sr|Y,3,3,3,2,3,0,0,1,2,2,1,4
5222,1306,Ti|Zr,0,4,4,3,3,3,4,0,3,2,4,2
5223,1644,Ag|In,2,2,0,3,1,2,3,4,0,1,4,4
5224,286,Ba|Cu|O|Pr|Y,3,1,2,0,3,0,2,3,1,4,0,3
5225,2014,Ba|P|Rh,1,1,3,3,2,1,1,4,4,2,0,4
5226,2015,Ge|Os|Y,1,3,2,1,3,1,0,1,2,3,0,4
5227,732,S|Se|Ta,4,4,4,0,4,1,3,1,1,0,0,1
5228,395,Ba|Bi|K|O|Pr,3,3,3,4,4,3,1,0,3,0,4,4
5229,2016,Ca|Cu|O|Pb|Sr|Tm,1,1,0,2,0,1,1,0,1,2,0,1
5230,49,Ba|Cu|La|O,3,0,2,4,3,0,3,4,2,1,1,3
5231,1981,Bi|La|O|S|Th,1,1,4,1,4,2,1,0,4,0,1,4
5232,239,As|Ba|Fe|Ru,0,3,3,1,1,3,2,3,2,0,3,2
5233,2017,Fe|Ru,3,3,0,4,2,0,1,2,4,4,0,1
5234,21,Cu|O|Ru|Sr|Y,3,4,3,3,0,3,3,3,4,0,1,3
5235,1219,C|Cs|Na,1,4,3,4,3,0,1,0,1,4,4,3
5236,733,Re|W,0,2,1,0,2,2,3,3,2,0,3,1
5237,89,In|Pb|Sn|Te,1,2,1,2,3,2,3,3,1,1,3,1
5238,496,In|Pb,4,0,3,1,4,2,4,2,1,0,2,2
5239,2018,Ba|Bi|Ca|Cu|O|Tl,2,2,1,3,2,0,4,0,1,4,2,2
5240,2019,In|La|Sn,4,2,0,2,1,0,4,2,3,3,1,3
5241,241,Ga|V,4,3,1,0,4,2,4,0,1,1,4,0
5242,62,Al|Ge|Nb,2,3,3,0,1,3,1,2,0,2,0,2
5243,216,Cu|La|O|Sr,4,4,1,1,0,1,0,2,0,3,0,4
5244,604,Ga|Si|V,3,4,2,4,0,1,0,2,1,4,0,3
5245,473,Ba|Ca|Cu|O|Sr|Yb,2,2,0,1,4,2,4,0,4,1,0,2
5246,1738,Cr|Ir,0,0,4,4,4,1,3,1,0,3,4,0
5247,2020,B|Re|W,2,3,1,2,3,2,3,3,4,0,2,2
5248,422,Bi|Ca|Cu|O|Pb|Sr,3,0,1,3,0,1,3,0,2,0,1,4
5249,1330,As|Fe|H|La,3,0,1,2,3,3,4,4,4,3,2,0
5250,650,Fe|S|Te,4,4,1,4,3,3,4,3,4,1,0,4
5251,244,As|F|Fe|La|Mn|O|Y,3,1,3,4,2,3,4,4,1,2,1,0
5252,76,Ge|V,1,0,1,0,2,0,1,1,0,0,4,3
5253,794,La|Ru|Th,1,0,4,1,4,3,1,1,1,0,1,2
5254,473,Ba|Ca|Cu|O|Sr|Yb,2,2,0,1,4,2,2,3,3,4,0,2
5255,1781,C|Hg|K,3,3,0,3,2,4,0,0,3,2,2,0
5256,725,Ba|Co|Cu|Eu|O,4,3,1,4,0,0,2,4,2,3,1,2
5257,473,Ba|Ca|Cu|O|Sr|Yb,2,2,0,1,4,2,0,2,3,3,1,2
5258,24,Cu|La|Mn|O|Sr,4,4,2,4,3,1,1,1,1,0,0,1
5259,701,B|C|Mo,2,1,2,2,2,3,4,2,4,3,3,1
5260,943,Ir|Os,0,1,1,2,3,2,1,0,3,4,3,2
5261,5,Al|Ga|V,3,2,3,4,0,2,3,0,3,0,4,2
5262,358,N|Nb,1,3,3,2,3,1,4,1,1,4,1,1
5263,1209,Mo|Pb|S,4,4,3,2,3,0,3,3,0,1,0,1
5264,22,Ba|Co|Cu|O|Y,3,0,2,2,0,4,4,0,4,2,1,3
5265,308,Bi|Ca|Cu|La|O|Sr|Y,0,2,2,1,2,1,4,2,3,2,0,1
5266,1210,Bi|Ce|F|Nd|O|S,4,2,0,3,1,2,2,2,0,2,0,4
5267,476,Ba|Cu|Ga|O|Y,0,1,1,0,4,0,2,3,3,2,2,1
5268,2021,Au|Ba|Si,3,4,3,4,3,0,1,4,2,1,3,3
5269,239,As|Ba|Fe|Ru,0,3,3,1,1,3,3,3,0,4,2,2
5270,966,As|Co|Fe|La|O,1,1,3,1,0,2,1,2,2,3,0,1
5271,373,Ba|Cu|Hg|Mo|O,2,4,4,4,1,4,0,4,0,1,4,4
5272,1382,Cu|O|Sr|Tm,3,2,0,2,1,2,4,3,1,1,2,0
5273,641,Ir|Si|Th,0,0,2,3,4,2,3,1,3,1,3,0
5274,1040,Ge|Te,2,4,2,2,1,0,0,4,0,4,1,2
5275,242,Ba|Cu|La|O|Sr,2,0,1,1,4,2,0,3,4,2,1,4
5276,992,Bi|F|La|O|S,2,2,2,4,4,1,0,4,4,4,0,3
5277,2022,B|Ce|La|N|Ni,3,4,1,2,3,2,4,4,3,2,2,2
5278,2023,Ba|Cu|Fe|O|Sm,4,4,3,0,3,3,1,4,1,0,2,2
5279,1386,Ba|Cu|Eu|O|Y,0,1,1,3,1,0,2,3,3,0,4,2
5280,2024,B|Os|Y,0,4,2,2,4,3,0,4,0,3,1,0
5281,99,Au|In,0,4,0,1,2,3,2,0,1,1,4,3
5282,912,Fe|Se,0,0,3,4,0,4,3,1,4,3,3,0
5283,2025,Ba|Cu|Fe|Ho|O|Sr,2,1,4,0,4,1,0,1,2,1,4,4
5284,2026,Ce|Cu|O|Pr|V,4,2,3,3,4,4,2,1,3,0,3,3
5285,86,Ba|Cu|O|Y,4,4,4,2,0,4,2,1,3,2,0,4
5286,1,Ba|Ca|Cu|La|O,0,0,1,3,2,4,0,3,1,0,3,0
5287,79,Fe|Se|Te,4,3,3,0,1,3,0,1,4,1,0,0
5288,696,Ba|C,2,4,4,2,2,3,4,3,4,0,4,3
5289,2027,Ca|Cu|F|O|Pb|Sr|Y,1,1,1,2,2,2,4,0,4,0,2,2
5290,611,Ce|Cu|Eu|O|Ru|Sr,3,3,4,0,1,2,4,0,2,1,0,4
5291,326,Ca|Cl|Cu|O,4,0,3,3,4,2,0,0,1,2,0,2
5292,675,Ba|Cu|O|Sm,0,0,0,2,2,0,1,0,3,2,2,0
5293,621,Ba|Cu|O|Sn|Sr|Y,4,0,4,1,4,4,3,0,0,0,3,0
5294,2028,As|Ba|Ni|P,4,0,3,4,4,2,4,4,0,1,4,1
5295,2029,Si|Sr,4,2,1,4,2,3,2,4,4,3,2,0
5296,12,Ba|Ca|Cu|O|Y,3,3,3,3,4,4,1,3,2,3,2,3
5297,33,C|N|Nb,1,0,3,0,2,3,2,2,0,1,2,3
5298,1664,Bi|Ca|Cu|I|O|Sr|Y,3,3,3,2,3,0,3,3,1,0,1,4
5299,1120,Cr|Rh,4,2,0,3,0,0,3,0,3,0,3,0
5300,354,B|Ho|Rh|Ru,0,2,3,1,3,0,2,2,0,0,1,1
5301,427,La|Nd,2,0,3,3,2,1,2,2,1,2,2,1
5302,929,Be|Ga,1,4,1,1,3,1,4,1,2,2,1,4
5303,482,Nb|V|Zr,1,0,3,3,1,3,1,1,3,1,1,0
5304,736,B|Li|Ni|Pd,2,4,1,0,3,1,3,0,0,2,2,4
5305,817,Ce|Cu|Gd|O|Sm,1,1,0,4,3,4,4,1,1,0,2,2
5306,221,As|Fe|Ru|Sr,3,4,1,0,1,0,0,1,4,3,1,2
5307,1788,Si|W,2,3,3,4,3,4,1,1,0,2,0,1
5308,2030,Co|Rh|Ti,4,1,2,1,0,2,4,0,0,3,3,0
5309,1494,Co|Ga|Nb,2,0,1,1,0,4,4,0,4,3,4,2
5310,86,Ba|Cu|O|Y,4,4,4,2,0,4,4,1,3,0,1,4
5311,1491,N|Nb|V,4,1,4,3,1,1,4,3,0,3,0,4
5312,1568,Ba|Fe|Se,3,2,3,1,0,2,4,1,0,4,1,4
5313,328,Ca|Si,2,2,3,0,0,0,2,2,0,2,1,4
5314,2031,Cu|Ho|O|Ru|Sr,0,2,0,3,1,3,3,4,0,1,2,1
5315,2032,Hf|V,2,3,1,0,1,3,1,3,4,2,1,4
5316,366,As|Ba|Fe|Ni,0,1,0,4,4,3,0,3,4,1,2,1
5317,33,C|N|Nb,1,0,3,0,2,3,3,3,0,2,0,3
5318,1933,Cu|Ir|Te,0,4,2,0,4,3,0,2,1,2,2,1
5319,109,Ba|Cu|Er|Fe|O|Zn,0,1,4,3,3,2,3,3,3,4,3,4
5320,1195,Ba|Ca|Cu|F|O,4,2,2,3,2,3,2,4,4,1,0,3
5321,2033,Ba|Ca|Cu|Eu|O|Sr,0,2,4,3,1,1,3,1,4,0,1,0
5322,152,Ba|Cu|O|Sr|Y,2,2,4,0,3,2,1,1,0,1,4,0
5323,1630,Ba|Cu|O|Sr|Ti|Y,3,3,4,1,0,3,4,2,1,1,3,2
5324,2034,Al|Mo|Nb,4,0,0,2,1,4,3,2,1,2,4,2
5325,241,Ga|V,4,3,1,0,4,2,2,4,3,4,3,0
5326,1616,B|Mg|Mn,1,3,4,3,3,2,2,2,4,4,2,4
5327,1969,Si|Ta,3,0,3,4,1,3,4,3,3,3,0,2
5328,1597,Ca|Cu|Eu|O|Pb|Sr,3,2,2,3,0,0,3,0,3,1,4,0
5329,4,Bi|F|Nd|O|Pb|S,1,1,0,0,2,3,2,0,1,0,4,3
5330,887,Be|Re,2,3,3,2,4,2,4,0,4,1,1,1
5331,57,Ba|Ca|Co|Cu|O|Y,1,1,3,4,0,1,3,4,0,0,0,2
5332,1677,Bi|F|Nd|O|S|Sm,0,2,2,0,1,4,3,0,3,0,3,3
5333,356,Mo|Re,4,3,4,1,0,0,2,3,0,4,4,4
5334,2035,O|Ru|Sr|Ti,1,0,0,0,0,0,0,2,4,3,4,2
5335,2036,Be|U,1,4,1,2,0,1,2,1,0,3,4,2
5336,152,Ba|Cu|O|Sr|Y,2,2,4,0,3,2,3,2,2,1,3,0
5337,2037,B|Rh|Th,2,3,1,2,0,3,3,2,3,4,1,3
5338,570,In|Sn|Te,4,0,3,1,2,1,1,0,2,4,4,4
5339,2038,Fe|Ga|Mo,0,2,0,1,1,2,4,1,4,1,0,0
5340,2039,Rh|Th,3,2,2,2,1,2,3,2,3,1,2,1
5341,68,Bi|Sn,2,3,2,0,3,1,0,1,4,2,1,1
5342,2040,Ba|Cd|Cu|O|Tl,1,4,2,2,2,1,0,0,4,2,3,4
5343,897,Ag|Sn,3,1,4,0,3,1,4,2,3,1,3,4
5344,2041,B|Re,3,0,3,2,4,1,0,3,2,3,3,3
5345,32,Ce|Cu|Gd|Nd|O,4,3,1,4,4,4,4,1,3,4,3,4
5346,904,Ba|Cd|Cu|O|Y,0,2,2,1,3,3,4,4,3,1,2,3
5347,175,K|O|W,0,1,3,3,0,0,4,2,2,2,3,4
5348,65,Ba|Bi|K|O,3,2,0,2,0,0,1,4,4,3,0,3
5349,1980,La|S,0,1,3,2,4,3,3,4,3,1,1,1
5350,1426,As|F|La|Ni|O,0,1,3,3,4,3,1,1,1,2,4,4
5351,2042,Bi|Ce|Cu|Dy|O|Sr,3,4,3,0,1,1,3,3,3,4,3,4
5352,750,Pb|Sb,2,2,2,4,1,0,0,2,2,1,0,0
5353,2043,Ce|Co|Cu|Eu|O|Sr,4,2,0,2,0,1,3,4,3,4,2,2
5354,1487,As|Ce|Fe|O,4,1,0,2,2,3,0,4,4,2,2,4
5355,315,Al|B|Li|Mg,0,2,2,1,2,0,0,1,4,0,1,0
5356,2044,As|Fe|O|P|Pr|Sr,0,0,3,1,2,2,0,0,1,2,2,0
5357,31,Ba|Cu|O|Pr|Sr|Y,0,2,3,4,1,0,1,2,3,2,0,2
5358,604,Ga|Si|V,3,4,2,4,0,1,2,1,3,0,4,3
5359,62,Al|Ge|Nb,2,3,3,0,1,3,0,2,1,1,0,2
5360,461,Al|Ba|Cu|O|Y,1,0,4,4,3,2,1,0,0,1,1,4
5361,604,Ga|Si|V,3,4,2,4,0,1,0,3,3,0,0,3
5362,795,C|Sr,1,1,4,1,4,4,0,1,1,1,0,3
5363,5,Al|Ga|V,3,2,3,4,0,2,2,0,3,3,0,2
5364,749,C|Ca|Cu|O|Sr|Y,2,4,1,1,1,4,2,2,2,4,4,4
5365,708,C|Cu|N|O|Sr,4,1,1,2,1,0,0,3,3,2,4,1
5366,2045,As|Ba|Fe|Yb,1,3,0,0,2,0,0,3,4,4,2,1
5367,2046,B|Mo|Re,3,4,1,0,0,3,2,0,3,2,0,2
5368,1150,Bi|S|Ta,3,2,4,2,2,4,4,0,0,4,2,2
5369,2047,N|Nb|Zr,1,2,0,4,1,3,0,1,4,3,4,1
5370,1137,Ca|Cl|Cu|Na|O,2,2,4,3,3,0,4,4,2,1,0,1
5371,955,Ir|Ru,2,2,0,0,3,1,3,4,2,2,2,2
5372,290,Ba|Ca|Cu|La|O|Y,2,0,4,0,1,2,3,2,1,3,2,1
5373,2048,C|Ge|Sc,2,0,1,0,3,4,0,4,2,0,0,3
5374,153,Ba|Cu|Ni|O|Y,1,4,4,4,2,1,4,4,2,4,3,1
5375,528,C|Hf|Mo,0,1,2,4,1,3,1,0,4,2,1,4
5376,1025,Ga|Mn|Nb,1,1,4,0,2,4,3,1,1,0,2,2
5377,496,In|Pb,4,0,3,1,4,2,2,0,0,1,4,2
5378,575,Os|W,2,0,2,1,2,2,1,4,0,2,1,4
5379,1463,Tc|V,0,1,0,1,3,0,3,3,3,0,4,2
5380,1070,As|Fe|Gd|O,4,0,0,4,0,4,1,4,2,4,0,1
5381,49,Ba|Cu|La|O,3,0,2,4,3,0,0,4,2,0,4,3
5382,383,Al|Nb|Sn,3,2,0,2,4,4,4,2,2,0,2,0
5383,1393,As|La|Ni|O|Sr,3,0,4,2,4,3,3,4,3,3,2,1
5384,152,Ba|Cu|O|Sr|Y,2,2,4,0,3,2,1,3,0,2,3,0
5385,1981,Bi|La|O|S|Th,1,1,4,1,4,2,1,1,1,4,1,4
5386,928,Al|Nb|Zr,1,4,4,0,0,2,1,0,0,0,1,1
5387,2049,Cl|Cu|O|Sr,3,2,2,3,2,0,2,2,2,0,0,2
5388,733,Re|W,0,2,1,0,2,2,3,1,0,1,4,1
5389,524,Os|Re,2,3,4,2,4,3,0,3,3,2,4,3
5390,644,Ir|Pt|Te,4,2,1,2,3,2,4,1,1,1,4,0
5391,64,Ba|Cu|O|Y|Zn,1,1,2,4,3,2,4,3,3,4,4,1
5392,1662,Bi|Ca|Cu|Dy|O|Sr,4,1,3,3,3,4,2,3,1,0,2,2
5393,922,Mo|Os,1,3,3,2,0,0,4,1,3,2,3,3
5394,603,Ba|Ca|Cu|Fe|La|O|Y,1,4,3,0,0,4,4,4,2,0,3,1
5395,434,Re|Ta,1,2,2,4,4,0,3,0,4,2,0,1
5396,568,Ba|Bi|Sb,3,1,3,1,1,2,2,4,3,1,3,4
5397,2050,Ir|Rh|S,0,0,3,1,4,1,2,2,4,0,1,3
5398,1192,Hg|Mg,3,2,4,3,0,4,1,1,1,4,1,3
5399,77,Cu|O|Sr|W|Y,1,2,4,3,4,1,3,3,0,0,1,3
5400,1019,Ce|Cu|La|O,0,3,4,3,4,1,4,4,2,1,2,0
5401,559,B|C|Mg,0,3,1,1,2,2,3,2,3,4,4,3
5402,59,Bi|Ca|Cu|O|Sr,2,1,2,3,0,3,4,0,1,3,4,2
5403,1738,Cr|Ir,0,0,4,4,4,1,3,4,3,4,2,0
5404,930,H|Nb|Pd,1,2,3,3,2,1,0,4,1,4,1,1
5405,2051,Ba|Cu|Hg|Mn|O,4,4,3,0,3,4,4,4,1,3,4,3
5406,1103,P|Rh|Ru,1,1,3,2,4,4,1,4,3,0,0,2
5407,2052,Cr,0,2,4,2,1,3,1,3,1,1,1,4
5408,2053,Ir|Te,0,2,2,4,1,2,2,1,1,1,2,3
5409,59,Bi|Ca|Cu|O|Sr,2,1,2,3,0,3,2,4,3,3,4,2
5410,1999,H|S|Ta,0,3,0,1,2,2,4,4,3,2,0,1
5411,333,C|Er|Th,4,0,4,2,3,0,3,0,1,2,2,1
5412,1723,Ir|Pd,0,4,2,2,1,1,1,3,1,1,0,2
5413,801,Ba|Ge,1,2,2,3,3,4,3,4,2,3,3,0
5414,2054,Hf|Ir|Si,1,1,2,2,0,1,3,0,4,3,1,3
5415,2055,K|O|Re,4,2,4,0,1,4,1,3,2,4,4,2
5416,84,H|Pd,0,4,3,0,4,4,0,4,4,0,4,2
5417,2056,Mo|Sb,0,3,1,4,3,2,2,0,2,4,1,1
5418,1768,Au|C|Y,3,0,0,2,4,1,3,3,2,2,0,4
5419,553,Ba|O|Rb|Sb|Ti,3,0,1,3,4,2,0,4,4,4,4,4
5420,1182,Ba|Cu|Er|O|Pr,3,1,4,2,0,1,1,2,1,4,1,2
5421,2027,Ca|Cu|F|O|Pb|Sr|Y,1,1,1,2,2,2,2,3,4,2,2,2
5422,503,C|Sc|Th,1,0,1,1,4,3,1,2,0,2,0,2
5423,956,Ba|Cu|Eu|O|Pr,0,4,4,1,3,3,0,4,2,0,0,3
5424,2057,Fe|Rb|Se|Te,4,1,3,1,3,0,2,1,4,1,4,3
5425,33,C|N|Nb,1,0,3,0,2,3,3,0,2,2,2,3
5426,1519,Cu|Sn,2,0,2,0,4,4,1,3,0,3,0,3
5427,455,Ba|Cu|O|Tl,1,1,3,2,4,3,3,4,4,4,1,2
5428,64,Ba|Cu|O|Y|Zn,1,1,2,4,3,2,0,4,4,4,1,1
5429,469,Ba|Ca|Cu|Gd|Hf|O,4,4,4,3,0,2,1,2,4,0,4,1
5430,2058,As|Ba|Fe,2,2,3,1,3,1,3,2,4,0,0,2
5431,2059,Cu|Rh|S,1,4,3,3,4,1,1,1,4,4,1,2
5432,2060,Ba|Cu|Er|Fe|O|Sr,3,1,0,3,3,0,2,3,3,1,0,3
5433,507,Ba|Cu|H|O|Y,2,1,2,4,1,2,0,3,3,2,3,2
5434,1078,Ga|Nb|Ni|Zr,3,0,3,0,4,4,3,3,4,3,2,3
5435,685,Ba|Cu|Lu|O|Pr|Sr,4,0,1,3,0,3,3,2,4,3,2,3
5436,2061,B|C|La|Pr|Pt,3,0,3,3,4,1,2,1,4,0,2,4
5437,36,Bi|Ca|Cu|O|Sr|Y,4,2,4,1,1,0,2,2,2,0,1,4
5438,691,Ba|O|Sr|Ti,2,4,4,1,2,1,0,2,3,3,0,3
5439,145,Ba|Cu|Dy|O,2,1,4,1,3,4,2,4,2,1,4,2
5440,12,Ba|Ca|Cu|O|Y,3,3,3,3,4,4,4,1,2,1,3,3
5441,2062,Pt|Th,1,1,1,3,2,3,0,1,4,0,4,1
5442,6,Co|Cu|La|O|Sr,1,1,0,1,0,4,4,2,1,4,1,3
5443,2063,C|K|Na,0,1,1,0,4,2,1,0,0,4,3,0
5444,2064,In|Sb|Te,4,0,1,2,1,2,4,1,0,3,0,4
5445,2065,Cu|Ir|Pt|Se,3,1,0,0,1,0,3,3,2,0,0,4
5446,461,Al|Ba|Cu|O|Y,1,0,4,4,3,2,4,2,4,1,0,4
5447,1444,Br|Ca|Cu|Na|O,3,3,3,4,1,3,2,2,0,3,4,3
5448,277,Al|Nb|W,3,4,3,2,4,1,2,2,1,0,2,4
5449,243,Cu|O|Re|Sr|Y,0,3,4,1,2,4,1,3,2,3,4,3
5450,286,Ba|Cu|O|Pr|Y,3,1,2,0,3,0,3,0,3,0,3,3
5451,2066,Ba|Cu|La|O|Tl,1,1,1,0,4,2,3,2,0,1,1,0
5452,2067,Cl|Hf|N|Sr,2,2,0,4,0,2,0,4,2,4,1,1
5453,2068,Ga|Ni|Zr,3,3,0,1,4,1,1,0,4,0,0,2
5454,140,Cu|S|Ta,4,2,1,0,0,4,2,4,4,1,2,3
5455,2069,In|Pb|Y,1,3,4,1,4,0,0,3,3,1,1,0
5456,32,Ce|Cu|Gd|Nd|O,4,3,1,4,4,4,2,4,2,0,2,4
5457,482,Nb|V|Zr,1,0,3,3,1,3,2,3,3,3,0,0
5458,1242,Bi|Cu|Mo|O|Pb|Sr|Y,2,1,3,0,2,4,2,1,3,4,3,0
5459,411,Bi|Ca|Cu|I|O|Sr,4,0,4,2,2,1,1,0,2,2,0,1
5460,581,Ti|V,3,1,3,1,1,2,0,3,1,2,3,0
5461,1801,Nb|Si,1,1,4,1,3,4,2,0,1,0,0,2
5462,597,Ce|Cu|Ge|Si,1,1,3,1,0,1,3,2,4,2,1,0
5463,240,As|Ba|Co|Fe|K,1,2,4,0,0,4,0,4,1,0,2,1
5464,1494,Co|Ga|Nb,2,0,1,1,0,4,1,3,2,1,3,2
5465,290,Ba|Ca|Cu|La|O|Y,2,0,4,0,1,2,4,0,2,0,3,1
5466,42,Cu|La|O|Sr|Zn,1,2,4,4,3,1,1,1,3,2,3,1
5467,359,Cs|O|W,3,1,3,4,2,4,2,2,4,1,0,2
5468,6,Co|Cu|La|O|Sr,1,1,0,1,0,4,1,0,4,2,0,3
5469,66,Ba|Ca|Cu|La|O|Sr,3,2,3,2,4,1,3,1,4,0,4,2
5470,2070,As|Hf|Zr,4,1,0,3,3,3,0,1,4,1,3,3
5471,945,Bi|F|La|O|S|Se,3,4,0,3,3,3,4,3,3,4,4,4
5472,999,B|C|Mo|Ta,0,0,4,3,2,1,0,0,1,1,1,4
5473,152,Ba|Cu|O|Sr|Y,2,2,4,0,3,2,2,1,4,0,0,0
5474,74,Ba|Cu|La|O|Y,2,3,3,3,3,1,1,3,2,0,0,2
5475,1685,Ce|Pt|Si,0,3,0,0,2,1,0,0,2,0,4,3
5476,338,As|Ce|Fe|H|O,3,0,1,0,2,1,2,1,1,2,2,0
5477,2071,Ca|Cu|O|Sm|Sr|Tl,1,4,3,3,4,4,3,1,3,2,3,1
5478,2072,Al|Ca|Cu|Ho|O|Sr,3,1,4,1,2,4,3,2,3,4,0,1
5479,1892,Fe|H|Li|O|S|Se,0,3,1,0,2,3,4,4,1,4,1,3
5480,1978,Au|La,0,4,2,0,1,3,0,4,4,3,2,2
5481,2073,Ba|Cu|O,0,1,0,3,1,2,1,0,0,4,4,4
5482,31,Ba|Cu|O|Pr|Sr|Y,0,2,3,4,1,0,2,2,1,3,2,2
5483,570,In|Sn|Te,4,0,3,1,2,1,2,3,2,2,2,4
5484,64,Ba|Cu|O|Y|Zn,1,1,2,4,3,2,3,1,0,4,2,1
5485,2074,As|Eu|Fe|Na,1,2,1,1,4,2,2,0,2,0,1,0
5486,1469,B|La|Y,0,4,4,2,3,4,3,0,2,0,2,0
5487,1670,Ca|Li|Nb|O|Rb,3,0,1,0,0,0,4,0,4,4,3,2
5488,675,Ba|Cu|O|Sm,0,0,0,2,2,0,1,1,4,3,0,0
5489,536,Pd|Sb|V,3,0,2,3,0,3,1,0,2,2,4,0
5490,886,Ba|Si,1,0,4,0,3,1,1,4,0,2,2,3
5491,86,Ba|Cu|O|Y,4,4,4,2,0,4,4,0,0,0,0,4
5492,192,Nb|Ta|Ti,2,0,0,2,0,4,2,2,4,2,3,0
5493,252,Ce|Cu|La|O|Pr,0,0,4,3,3,0,0,0,1,2,2,3
5494,1843,Ce|La|Pt|Si,1,2,3,0,2,0,2,2,1,3,2,1
5495,1108,Ce|Cu|O|Pr,2,0,2,2,4,1,0,2,3,3,0,0
5496,54,Nb|Ta,1,2,0,0,3,2,0,1,0,1,1,0
5497,648,Ta|Zr,3,0,4,1,2,2,4,3,4,4,3,4
5498,1632,B|Mg|Zr,4,0,4,1,4,3,2,3,4,0,1,0
5499,813,Ru|V,4,2,0,1,3,1,0,0,1,3,4,2
5500,1632,B|Mg|Zr,4,0,4,1,4,3,2,2,3,2,1,0
5501,1556,C|H|N|Na|Rb,2,4,0,0,3,3,1,4,3,3,2,2
5502,721,Ga|Nb|Sn,0,2,4,2,3,2,1,1,4,3,4,1
5503,62,Al|Ge|Nb,2,3,3,0,1,3,4,0,2,2,1,2
5504,499,Mo|Tc,2,3,0,0,0,1,3,2,2,3,1,1
5505,901,Al|Nb|Se,2,3,4,3,0,2,1,1,0,1,2,4
5506,1762,As|Ca|Fe|La,1,0,4,2,4,3,2,1,4,1,1,4
5507,269,Ba|Cu|La|Nd|O,3,1,4,1,0,3,0,4,3,3,3,1
5508,788,Bi|Ca|Cu|O|Sr|Yb,4,3,1,0,4,1,1,0,0,3,3,0
5509,1808,O|Ti,0,0,2,4,0,3,4,3,1,0,2,0
5510,253,Fe|K|Mn|Se,2,0,4,0,4,1,0,1,2,1,2,3
5511,1607,Al|La|Tb,2,3,2,4,4,4,3,0,3,2,1,2
5512,2075,As|Eu|Fe|K|Ni,4,1,0,4,2,4,3,2,0,1,3,3
5513,2076,Ag|S|Se|Sn,0,4,3,1,0,4,2,2,4,1,0,2
5514,1723,Ir|Pd,0,4,2,2,1,1,3,0,2,4,0,2
5515,148,Nb|Ti,4,0,1,0,2,1,3,2,2,1,4,2
5516,1,Ba|Ca|Cu|La|O,0,0,1,3,2,4,3,4,3,0,1,0
5517,2077,Ir|Pd|Te,2,2,4,3,4,2,4,3,4,1,0,4
5518,1234,La|Lu|Tb,4,2,0,4,1,2,1,2,1,1,0,2
5519,1693,Bi|O|Rb,4,1,4,2,2,3,0,0,3,1,2,4
5520,416,As|Ba|Co|Fe,3,2,2,4,2,1,3,2,4,3,4,3
5521,268,Fe|Ti|V,2,2,1,0,2,0,1,2,1,2,4,3
5522,496,In|Pb,4,0,3,1,4,2,4,3,1,1,1,2
5523,887,Be|Re,2,3,3,2,4,2,2,1,1,0,2,1
5524,130,Be|Th|U,2,4,1,0,3,3,3,2,4,1,3,0
5525,286,Ba|Cu|O|Pr|Y,3,1,2,0,3,0,1,3,4,4,1,3
5526,2078,Ir|Si|Tm,2,3,0,3,1,1,3,1,4,0,2,1
5527,1062,Ce|Co|In|Yb,3,1,4,2,4,3,3,1,0,0,1,4
5528,1892,Fe|H|Li|O|S|Se,0,3,1,0,2,3,2,0,0,1,0,3
5529,97,As|Co|Eu|Fe|Sr,2,1,3,4,1,3,2,2,2,0,0,0
5530,1377,Ga|Nb|Zn,1,0,1,4,2,2,1,4,4,2,2,0
5531,2079,Bi|Eu|F|S,3,0,3,0,3,1,4,2,3,4,2,2
5532,2080,Ce|Co,4,4,3,2,1,0,3,3,2,0,3,2
5533,216,Cu|La|O|Sr,4,4,1,1,0,1,4,3,0,0,2,4
5534,2081,Ba|Cu|O|Tb|Y,0,4,3,0,4,1,4,3,0,0,4,3
5535,2082,Pb|Sn|Te,4,1,0,4,1,0,4,3,3,3,0,2
5536,2083,Ce|In|Ir,0,2,0,2,4,0,2,4,0,0,1,3
5537,829,Mo|Nb,4,1,0,0,2,0,3,3,0,1,3,2
5538,2084,Ba|Cu|Eu|O|Sr,4,4,0,0,4,3,4,4,2,1,3,0
5539,1505,B|Ho|Ir,0,0,2,1,4,2,3,0,1,0,1,3
5540,182,La|Y,2,0,1,3,4,0,1,2,3,2,0,1
5541,476,Ba|Cu|Ga|O|Y,0,1,1,0,4,0,2,4,0,0,3,1
5542,44,Cu|La|Nd|O|Sr,3,0,2,3,4,2,2,0,4,2,3,0
5543,6,Co|Cu|La|O|Sr,1,1,0,1,0,4,0,0,2,0,1,3
5544,649,Ba|Ca|Cu|Er|Hf|O,3,3,3,0,1,1,2,0,4,0,1,4
5545,86,Ba|Cu|O|Y,4,4,4,2,0,4,2,4,3,0,3,4
5546,1126,Nb|Si|Ti,2,2,1,4,2,2,2,2,3,4,4,2
5547,199,Al|Si|V,4,4,1,1,1,2,2,2,0,0,2,4
5548,758,B|Fe|Mg,3,1,2,0,2,2,1,3,1,4,3,1
5549,79,Fe|Se|Te,4,3,3,0,1,3,4,2,4,1,2,0
5550,523,Re|Zr,2,3,2,0,3,2,3,2,2,0,4,3
5551,829,Mo|Nb,4,1,0,0,2,0,4,2,3,2,3,2
5552,2085,Lu|Pt|Si,1,3,0,2,0,4,1,1,0,1,2,4
5553,2086,Nb|Pb|S|Ta,2,3,3,4,1,3,2,2,0,4,4,0
5554,2087,Co|Rh|Si,3,1,2,4,3,4,1,3,0,3,2,1
5555,49,Ba|Cu|La|O,3,0,2,4,3,0,3,3,2,2,4,3
5556,2088,As|Ba|Fe|K|Ni,2,0,0,0,1,1,2,2,2,0,0,0
5557,1482,As|Fe|La|O|Sr,4,2,1,3,2,2,1,3,3,3,1,1
5558,2089,Bi|Ce|Cu|Ho|O|Sr,4,4,3,2,3,2,3,0,3,0,2,2
5559,694,Ba|Cu|Gd|O|Pr,4,4,3,2,3,0,0,1,2,4,1,2
5560,894,As|F|Fe|La|O|Sb,1,4,2,4,0,4,0,4,2,1,4,4
5561,36,Bi|Ca|Cu|O|Sr|Y,4,2,4,1,1,0,1,4,4,3,4,4
5562,1475,As|Fe|O|Tb,1,2,1,1,2,0,3,1,3,0,2,2
5563,86,Ba|Cu|O|Y,4,4,4,2,0,4,0,1,4,0,4,4
5564,2090,Ru|Si|Th,3,0,3,2,3,2,1,4,0,0,0,1
5565,2091,Ge|Lu|Sn,1,4,4,4,4,4,2,4,1,4,3,2
5566,1406,Sn|Te,4,3,2,4,0,4,0,4,3,2,4,0
5567,416,As|Ba|Co|Fe,3,2,2,4,2,1,0,1,1,0,2,3
5568,2092,Mg|Zn,1,3,4,4,4,1,2,0,3,4,3,1
5569,71,Ba|Cu|Li|O|Y,4,2,4,1,4,0,1,3,3,4,3,3
5570,814,Bi|Ca|Cu|Gd|O|Sr,4,3,4,2,0,1,2,1,4,0,0,2
5571,142,Br|C|I|Y,2,2,2,0,2,4,1,1,1,2,4,0
5572,2093,Ce|Ge|Pr|Pt,1,3,2,2,2,3,4,4,2,2,0,0
5573,1597,Ca|Cu|Eu|O|Pb|Sr,3,2,2,3,0,0,0,3,4,2,4,0
5574,1691,Bi|Ca|Cu|O|Pr|Sr,2,1,2,2,0,4,3,4,4,1,1,0
5575,263,Ga|Nb,3,0,4,0,0,4,0,3,1,4,3,4
5576,152,Ba|Cu|O|Sr|Y,2,2,4,0,3,2,4,2,2,0,0,0
5577,357,Mo|Zr,4,1,4,3,1,0,2,2,1,0,2,3
5578,2094,Ge|Pt|Sr,4,2,3,1,1,1,1,4,1,1,1,1
5579,457,Ca|Cu|La|O|Sr,0,0,1,2,2,2,1,4,4,2,1,1
5580,2095,O|Sr|W,0,1,3,2,2,0,4,4,2,1,0,4
5581,2096,La|Sb|Y,0,0,1,4,2,2,1,1,1,1,4,0
5582,2097,C|Nb|Ta,3,3,0,3,4,0,1,4,0,2,3,2
5583,1497,La|Ru|Si,4,4,0,3,3,1,0,0,1,4,2,3
5584,2098,O|Rh|Zr,4,3,2,1,3,0,3,3,1,4,1,0
5585,350,Ba|Ca|Cu|La|Nd|O,2,4,3,4,0,4,1,1,3,0,2,1
5586,514,Bi|In,3,0,1,2,2,2,0,3,4,1,0,0
5587,36,Bi|Ca|Cu|O|Sr|Y,4,2,4,1,1,0,1,4,4,1,0,4
5588,417,Ca|Cu|O|Sr|Tl,2,3,4,2,3,0,3,4,2,2,4,4
5589,2099,Au|Zr,2,0,2,4,2,4,1,1,0,1,0,1
5590,1662,Bi|Ca|Cu|Dy|O|Sr,4,1,3,3,3,4,1,1,0,0,0,2
5591,570,In|Sn|Te,4,0,3,1,2,1,2,1,0,0,3,4
5592,932,As|F|Fe|Ni|O|Sm,3,4,0,3,0,2,1,1,0,1,2,2
5593,2100,C|Ta|W,1,0,0,2,3,4,4,2,4,1,1,2
5594,905,Cu|La|Nd|O,0,1,4,3,2,3,4,2,4,4,3,1
5595,72,B|C|Mg|Ni,4,2,0,0,0,0,0,4,4,2,0,2
5596,57,Ba|Ca|Co|Cu|O|Y,1,1,3,4,0,1,4,2,0,0,0,2
5597,597,Ce|Cu|Ge|Si,1,1,3,1,0,1,3,2,4,1,4,0
5598,1234,La|Lu|Tb,4,2,0,4,1,2,3,3,4,4,2,2
5599,642,Ba|Cu|Dy|O|Sr,4,3,1,1,2,3,2,3,4,3,2,2
5600,65,Ba|Bi|K|O,3,2,0,2,0,0,3,2,2,0,4,3
5601,956,Ba|Cu|Eu|O|Pr,0,4,4,1,3,3,0,0,0,2,0,3
5602,938,As|Fe|La|O|Zn,2,0,3,4,1,4,0,3,3,0,0,4
5603,1364,Ni|Zr,2,1,2,3,2,1,3,1,3,4,4,4
5604,98,B|C|Ni|Pr|Y,0,0,0,0,3,1,4,0,0,3,3,2
5605,774,Ca|Cu|O|Pr|Sr|Tl,3,4,0,4,3,0,3,4,1,4,4,0
5606,145,Ba|Cu|Dy|O,2,1,4,1,3,4,0,3,1,3,4,2
5607,2101,Cs|Fe|Se|Tl,0,3,2,4,0,1,3,1,4,1,3,3
5608,1199,Cu|Nd|O|Sr,1,0,3,2,0,0,2,0,3,0,2,2
5609,680,Al|Pd|U,0,4,1,4,1,4,1,1,1,4,0,3
5610,2102,N|Pt,1,3,1,4,2,4,4,4,2,0,1,4
5611,2103,Ga,2,2,4,4,2,2,0,4,4,1,3,0
5612,189,Rh|Zr,4,0,1,3,3,1,4,3,1,3,1,4
5613,766,Ta|Ti|V,3,1,2,4,3,3,1,2,0,4,0,1
5614,495,Nb|Se,0,3,0,4,4,0,0,2,4,0,2,3
5615,261,Ba|Cu|Nd|O|Pr,3,1,2,4,3,0,3,2,0,4,4,3
5616,216,Cu|La|O|Sr,4,4,1,1,0,1,4,0,3,3,3,4
5617,261,Ba|Cu|Nd|O|Pr,3,1,2,4,3,0,0,4,0,4,3,3
5618,2104,Ba|Ca|Cu|O,1,0,3,3,4,3,4,3,4,3,0,4
5619,2105,As|Co|Fe|Li,1,4,1,0,2,3,1,1,2,3,3,3
5620,2106,Cr|Os,2,1,1,2,2,1,4,0,0,4,3,4
5621,1489,La|Lu,0,1,0,2,1,2,2,3,4,2,1,4
5622,684,Ba|Ca|Cu|Hg|O,0,1,4,0,4,3,1,3,1,3,0,4
5623,354,B|Ho|Rh|Ru,0,2,3,1,3,0,3,0,2,0,4,1
5624,1634,Ce|Co|In|Zn,0,4,3,1,0,4,2,4,3,1,4,1
5625,946,As|Ca|Co|F|Fe,4,2,2,2,2,4,1,1,1,2,2,1
5626,144,B|C|Dy|Ho|Ni,3,1,4,4,2,0,3,4,2,1,4,1
5627,1783,Bi|O|S|Se,0,0,2,3,0,0,4,4,1,4,3,2
5628,1248,Fe|Ti,3,3,0,0,3,3,2,4,1,1,4,4
5629,2107,Mo|O|Pb|S,3,4,2,4,0,1,1,3,4,3,3,1
5630,993,Mo|Si|V,2,0,0,0,1,0,4,1,4,0,1,4
5631,1072,Nb|Si|V,0,3,4,1,1,3,2,3,4,2,2,2
5632,1039,B|C|Ni|Ru|Y,4,2,1,3,4,2,2,3,3,3,1,3
5633,1574,Ca|Cu|Ga|O|Sr|Y,2,4,2,3,0,4,1,1,3,0,2,0
5634,2108,Ce|Co|Hg|In,3,1,3,3,4,4,2,3,0,4,4,2
5635,189,Rh|Zr,4,0,1,3,3,1,3,0,4,1,2,4
5636,734,Ge|Nb,1,3,4,0,2,2,2,0,2,1,4,4
5637,1924,Ag|Se|Sn,3,4,1,1,2,0,4,0,0,4,3,4
5638,1266,B|C|Gd|Ni|Y,1,0,0,1,3,3,4,0,3,4,2,1
5639,2109,Mg|Pb,3,2,2,2,2,2,2,3,2,2,1,1
5640,2110,Ru|Y,4,1,0,1,4,1,1,2,1,3,0,4
5641,2111,P|Rh|Ta,0,3,0,4,4,2,4,3,1,2,0,2
5642,2112,B|C|Pd|Th,0,2,3,0,0,0,2,1,1,1,3,1
5643,54,Nb|Ta,1,2,0,0,3,2,0,3,4,0,4,0
5644,2113,B|C|Cu|Ni|Y,3,2,2,1,0,2,1,2,4,2,3,0
5645,2114,Cl|Li|N|Ti,1,2,1,2,0,2,3,1,3,4,0,3
5646,210,B|Mg,3,2,2,2,0,0,1,0,0,4,1,4
5647,401,Co|Zr,0,3,3,0,2,1,0,2,0,4,1,4
5648,1094,Be|Ru,2,0,1,3,2,1,3,2,4,2,2,0
5649,1498,Ba|Cu|La|O|Pr,1,3,0,4,4,0,3,0,2,4,3,2
5650,1172,Bi|La|Ni,2,4,2,4,4,0,2,0,4,2,0,3
5651,68,Bi|Sn,2,3,2,0,3,1,1,4,1,1,1,1
5652,1782,Co|Cu|Zr,0,3,0,0,4,1,4,2,3,1,2,1
5653,1795,La|P|Rh,2,4,4,1,0,4,1,0,0,0,3,1
5654,254,Cu|Fe|O|Sr|Y,4,1,1,3,3,2,2,4,1,0,4,0
5655,1210,Bi|Ce|F|Nd|O|S,4,2,0,3,1,2,2,1,3,4,4,4
5656,723,Nb|Sn|Ta,3,1,3,4,3,1,0,4,2,4,3,0
5657,2115,Bi|Ca|Cu|O|Pb|Sb|Sr,2,2,1,2,1,1,1,1,0,0,3,4
5658,699,Al|Ni|U,1,4,3,1,2,4,2,2,3,1,4,3
5659,1767,Ag|N|O,4,1,0,0,2,4,0,1,3,0,4,3
5660,1314,Ba|Cu|La|O|Sr|Tl,4,4,3,0,2,3,0,0,0,4,4,4
5661,71,Ba|Cu|Li|O|Y,4,2,4,1,4,0,4,3,4,2,1,3
5662,2116,O,3,3,3,0,1,0,4,3,4,4,1,0
5663,1701,Pb|Pt,4,4,2,2,2,0,2,1,2,0,0,4
5664,2117,Re|Si,4,4,0,1,0,4,2,2,3,4,1,1
5665,543,Nb|Pt|Rh,4,0,1,2,3,4,3,1,1,4,4,3
5666,2118,Fe|Li|Se,0,3,2,0,1,0,4,4,1,3,4,2
5667,2119,Ga|In|La,0,3,3,0,2,3,2,3,2,1,3,0
5668,146,Ba|Cu|Er|O,0,4,2,1,2,2,2,3,3,3,1,0
5669,617,Ba|Cu|O|Pr|Yb,4,3,4,2,0,1,2,0,4,3,3,1
5670,216,Cu|La|O|Sr,4,4,1,1,0,1,2,0,3,3,0,4
5671,555,Ba|Cu|La|Ni|O,0,4,1,3,3,1,3,2,1,3,4,4
5672,65,Ba|Bi|K|O,3,2,0,2,0,0,4,4,2,2,3,3
5673,527,Ir|Rh|Ru,3,0,0,0,1,3,3,2,2,2,0,2
5674,54,Nb|Ta,1,2,0,0,3,2,4,2,2,2,0,0
5675,286,Ba|Cu|O|Pr|Y,3,1,2,0,3,0,4,2,4,2,0,3
5676,455,Ba|Cu|O|Tl,1,1,3,2,4,3,1,2,3,2,0,2
5677,2120,C|Mo|Pt,1,4,3,3,2,2,2,4,2,0,4,3
5678,1364,Ni|Zr,2,1,2,3,2,1,3,1,3,3,2,4
5679,350,Ba|Ca|Cu|La|Nd|O,2,4,3,4,0,4,3,2,0,4,0,1
5680,59,Bi|Ca|Cu|O|Sr,2,1,2,3,0,3,3,1,4,1,2,2
5681,2121,As|Fe|Gd|O|Th,2,4,1,3,1,2,4,4,1,0,2,1
5682,2122,C|Li|N|Na,3,0,3,1,3,1,1,0,3,1,4,0
5683,992,Bi|F|La|O|S,2,2,2,4,4,1,4,0,1,2,1,3
5684,2123,Sb|Zr,1,1,1,3,0,2,4,0,1,1,3,4
5685,2124,Ca|Ir|Si,4,2,2,1,4,2,2,3,0,2,4,4
5686,1062,Ce|Co|In|Yb,3,1,4,2,4,3,0,0,1,4,2,4
5687,2125,Pb|Se|Ti,4,1,4,1,2,3,1,2,1,1,4,1
5688,450,Ba|Cu|F|O|Y,1,3,4,2,1,2,2,3,0,2,0,0
5689,115,Pb|Tl,4,3,1,2,2,0,2,1,2,4,0,2
5690,1977,As|Fe|Nd|O,4,1,0,2,3,4,1,0,4,4,0,4
5691,600,Bi|Cu|La|O|Pb|Sr|Y,2,0,0,1,1,1,4,2,1,4,2,2
5692,1565,As|Fe|H|O|Sm,2,4,0,4,4,3,0,0,3,0,4,1
5693,64,Ba|Cu|O|Y|Zn,1,1,2,4,3,2,2,3,0,3,3,1
5694,159,Ba|Cu|Hg|O|Zn,3,2,3,3,3,3,2,4,4,3,1,2
5695,1,Ba|Ca|Cu|La|O,0,0,1,3,2,4,3,3,1,1,3,0
5696,2126,Ca|Ge|Rh,1,1,3,2,0,0,4,2,4,3,2,0
5697,1159,Be|Os,0,4,1,0,4,3,2,4,3,3,2,4
5698,2127,As|Ca|Er|Fe|Pt,2,3,4,4,3,0,3,4,1,0,4,4
5699,543,Nb|Pt|Rh,4,0,1,2,3,4,3,0,4,3,4,3
5700,850,Cu|Fe|La|O|Sr,2,0,4,4,0,2,1,3,1,3,2,0
5701,71,Ba|Cu|Li|O|Y,4,2,4,1,4,0,4,0,1,2,3,3
5702,2128,As|Fe|O|Tb|Th,2,2,1,1,0,2,2,0,0,4,2,1
5703,2129,Mo|V,2,3,3,4,3,4,4,3,0,4,1,4
5704,789,Cd|Mg,1,2,3,3,4,2,0,2,4,3,1,1
5705,973,Fe|Ga|Nb,3,4,1,2,0,0,2,0,2,3,2,0
5706,1627,Ba|Cu|O|Rb|Y,1,1,4,4,0,4,1,3,0,1,0,2
5707,1965,Fe|O|P|Sc|Sr,4,1,3,0,3,4,2,1,4,2,0,2
5708,1195,Ba|Ca|Cu|F|O,4,2,2,3,2,3,3,3,4,1,3,3
5709,461,Al|Ba|Cu|O|Y,1,0,4,4,3,2,4,0,1,2,0,4
5710,2130,C|Ir|O,3,3,2,1,4,1,2,2,0,0,3,3
5711,64,Ba|Cu|O|Y|Zn,1,1,2,4,3,2,1,4,1,1,4,1
5712,43,Fe|K|Se,2,2,3,2,1,3,1,2,2,3,2,0
5713,59,Bi|Ca|Cu|O|Sr,2,1,2,3,0,3,4,4,3,3,0,2
5714,79,Fe|Se|Te,4,3,3,0,1,3,3,2,1,4,1,0
5715,1,Ba|Ca|Cu|La|O,0,0,1,3,2,4,4,1,2,4,2,0
5716,286,Ba|Cu|O|Pr|Y,3,1,2,0,3,0,0,4,0,1,1,3
5717,1267,Al|Nb|Si,3,0,3,0,3,1,1,3,2,2,4,4
5718,370,Mn|Si|V,3,3,1,1,0,0,4,3,4,2,1,4
5719,972,Al|Gd|La,2,4,1,0,0,4,4,4,2,0,0,1
5720,486,Ba|Ca|Cu|Nd|O|Pr,1,1,1,2,1,0,1,1,1,2,4,2
5721,5,Al|Ga|V,3,2,3,4,0,2,2,0,0,0,3,2
5722,2131,Pt|Sn,0,1,0,1,2,2,0,2,0,3,2,1
5723,2132,Na|Nb|S,4,1,0,2,2,3,3,0,0,1,1,2
5724,928,Al|Nb|Zr,1,4,4,0,0,2,1,4,0,4,3,1
5725,401,Co|Zr,0,3,3,0,2,1,2,0,3,3,4,4
5726,165,Cu|La|O|Zn,2,3,0,2,2,4,4,4,1,0,4,2
5727,211,Mo|U,1,2,2,1,0,3,4,1,2,3,1,0
5728,1310,Ir|Lu|Rh|Si,1,3,2,2,3,1,0,0,1,2,2,1
5729,1442,Ir|Se,4,3,0,1,2,1,4,0,1,3,1,0
5730,1331,Sb|Tl,3,4,2,4,2,1,3,2,3,4,4,2
5731,86,Ba|Cu|O|Y,4,4,4,2,0,4,2,4,1,1,1,4
5732,2097,C|Nb|Ta,3,3,0,3,4,0,3,0,0,3,0,2
5733,228,Ce|Cu|O|Pr|Zn,2,0,1,4,0,2,3,2,1,3,2,4
5734,293,B|C|Er|Ni|Tb,0,2,2,3,0,2,3,0,2,1,1,3
5735,1920,Lu|Pd|Sn,1,4,4,3,2,4,4,2,3,0,4,3
5736,767,Sn|Ta|V,0,4,1,3,4,2,4,1,1,3,0,3
5737,65,Ba|Bi|K|O,3,2,0,2,0,0,3,3,2,2,0,3
5738,343,As|Ca|Fe|Pt,0,4,4,2,2,3,0,2,4,1,1,1
5739,641,Ir|Si|Th,0,0,2,3,4,2,1,1,4,1,3,0
5740,2133,P|Zr,1,3,1,2,2,1,0,3,1,0,1,1
5741,519,Bi|Cu|O|Sr|Yb,4,2,4,3,2,4,1,3,1,4,3,1
5742,2134,Hf|Ti|V,4,2,3,1,1,4,2,4,2,1,3,3
5743,1387,Cu|La|O|Sr|Tl,3,0,1,1,3,1,0,0,3,3,4,0
5744,2135,Gd|Mo|Pb|S,0,4,3,4,1,0,1,0,4,4,0,1
5745,543,Nb|Pt|Rh,4,0,1,2,3,4,1,3,0,4,0,3
5746,12,Ba|Ca|Cu|O|Y,3,3,3,3,4,4,4,1,1,4,3,3
5747,65,Ba|Bi|K|O,3,2,0,2,0,0,0,1,4,0,0,3
5748,1226,As|Co|Fe|O|Sm,1,2,0,1,3,0,3,2,0,2,1,0
5749,2136,Bi|Ca|Cu|Nd|O|Sr,4,3,2,0,4,2,4,0,1,1,0,2
5750,755,As|Ba|Fe|Rh,0,4,3,0,3,3,0,4,1,3,3,0
5751,241,Ga|V,4,3,1,0,4,2,3,4,4,0,3,0
5752,1168,Ba|Ca|Cu|Er|O,4,2,4,3,1,1,3,1,3,3,3,1
5753,64,Ba|Cu|O|Y|Zn,1,1,2,4,3,2,1,1,1,2,2,1
5754,2137,Ir|Pd|Pt,1,0,3,2,1,2,3,3,4,4,4,4
5755,42,Cu|La|O|Sr|Zn,1,2,4,4,3,1,0,0,3,3,2,1
5756,1736,Ca|Cu|Ga|O|Sr,1,2,1,3,2,4,2,0,1,1,4,4
5757,616,Ba|Ca|Cu|O|Tl|Y,1,0,1,2,2,3,2,1,3,0,0,4
5758,399,Hf|Nb|Zr,0,0,2,3,2,3,2,2,4,2,1,2
5759,1134,Ba|Ca|Cu|Ga|O|Sr|Y,4,4,2,0,3,2,1,3,4,4,4,4
5760,115,Pb|Tl,4,3,1,2,2,0,2,0,1,4,1,2
5761,993,Mo|Si|V,2,0,0,0,1,0,1,2,3,4,4,4
5762,1137,Ca|Cl|Cu|Na|O,2,2,4,3,3,0,2,3,4,1,0,1
5763,290,Ba|Ca|Cu|La|O|Y,2,0,4,0,1,2,4,1,0,1,4,1
5764,216,Cu|La|O|Sr,4,4,1,1,0,1,2,0,3,1,2,4
5765,2034,Al|Mo|Nb,4,0,0,2,1,4,2,0,1,4,1,2
5766,930,H|Nb|Pd,1,2,3,3,2,1,2,2,0,2,0,1
5767,183,Ba|Ca|Cu|O|Tl,2,3,4,2,0,4,1,1,4,1,1,2
5768,2138,C|S|Ta,2,3,1,0,3,2,2,1,0,3,0,2
5769,33,C|N|Nb,1,0,3,0,2,3,4,2,0,0,1,3
5770,21,Cu|O|Ru|Sr|Y,3,4,3,3,0,3,1,3,0,4,2,3
5771,1477,Ca|Cu|F|Nd|O|Sr,2,1,0,1,0,4,0,3,4,0,2,0
5772,559,B|C|Mg,0,3,1,1,2,2,1,1,4,0,0,3
5773,630,B|Lu|Zr,1,3,0,4,0,0,1,1,2,4,2,1
5774,1486,C|Pd|Si|Y,3,0,4,0,4,2,4,2,2,4,2,4
5775,1383,B|C|Dy|Lu|Ni,3,3,4,2,3,3,1,1,2,3,3,0
5776,593,Nb|Pt,0,3,3,3,2,3,2,0,3,0,3,0
5777,2139,Pd|W,1,4,2,3,1,2,2,4,1,1,2,3
5778,840,Ba|Cu|Nd|O|Sr,2,1,1,1,2,2,4,4,2,4,1,3
5779,2140,Lu|Si,2,1,2,0,0,1,4,0,3,4,2,2
5780,414,Se|Ta,0,1,1,2,0,2,0,1,3,0,2,1
5781,569,B|C|Ni|Pd|Y,0,0,1,4,4,4,4,2,1,2,0,1
5782,1,Ba|Ca|Cu|La|O,0,0,1,3,2,4,0,4,1,0,3,0
5783,633,La|Sn|Tl,3,2,4,2,2,3,0,2,0,3,3,2
5784,229,B|Li|Pd|Pt,1,1,2,4,0,0,1,3,3,4,2,2
5785,5,Al|Ga|V,3,2,3,4,0,2,4,4,3,4,0,2
5786,24,Cu|La|Mn|O|Sr,4,4,2,4,3,1,1,3,2,0,2,1
5787,391,Bi|Ca|Cu|O|Pb|Sr|Y,1,1,4,1,0,0,3,1,1,2,2,2
5788,285,Al|Ge|Nb|Sn,2,1,0,3,1,0,0,4,4,1,0,2
5789,161,Al|Ge|V,4,1,0,2,4,0,3,0,0,0,2,3
5790,152,Ba|Cu|O|Sr|Y,2,2,4,0,3,2,2,1,2,1,0,0
5791,109,Ba|Cu|Er|Fe|O|Zn,0,1,4,3,3,2,3,4,0,4,3,4
5792,1782,Co|Cu|Zr,0,3,0,0,4,1,2,2,3,4,2,1
5793,819,As|Co|Fe|O|Pr,4,1,3,2,3,3,0,0,3,1,0,3
5794,651,Ir|Os|Rh,0,1,4,2,4,2,0,3,4,1,2,1
5795,5,Al|Ga|V,3,2,3,4,0,2,4,2,3,2,2,2
5796,0,As|Ba|Fe|K,0,4,2,3,0,4,2,1,4,0,3,1
5797,192,Nb|Ta|Ti,2,0,0,2,0,4,1,1,2,4,1,0
5798,42,Cu|La|O|Sr|Zn,1,2,4,4,3,1,0,1,4,1,3,1
5799,2141,Fe|Se|Yb,3,4,4,1,0,3,1,2,2,3,3,3
5800,2142,B|C|Mo|Rh,4,2,0,4,4,4,2,2,4,4,2,2
5801,2143,La|Ni|O|P,2,1,3,4,1,4,4,3,2,3,2,3
5802,2144,Ge|Ru|Zr,0,0,4,1,2,3,4,2,3,0,1,1
5803,287,Bi|Pb,3,2,1,1,1,3,3,3,0,0,2,1
5804,1745,B|Mg|Nb,1,3,4,1,1,2,0,3,1,2,3,0
5805,228,Ce|Cu|O|Pr|Zn,2,0,1,4,0,2,1,4,1,3,3,4
5806,2145,Er|Fe|Si,1,3,1,3,0,4,0,2,2,0,1,0
5807,1569,Bi|Se|Sr,1,1,2,3,4,3,0,4,0,1,4,3
5808,172,B|Nb,4,3,2,3,2,0,0,2,3,3,2,1
5809,1125,Al|Au|Ga,1,3,2,1,1,0,0,2,0,3,2,3
5810,1443,Hf|In|Pd,4,4,0,3,2,0,3,1,3,3,0,3
5811,785,Se|Ta|Te,0,2,0,1,1,0,2,2,2,4,1,1
5812,216,Cu|La|O|Sr,4,4,1,1,0,1,3,2,1,2,1,4
5813,492,Ir|Os|Th,2,3,1,2,1,0,1,4,1,4,3,2
5814,2146,In|Nb,2,4,0,4,4,1,1,1,0,0,0,4
5815,2147,Co|Mo|Re,3,2,3,3,1,0,1,2,2,3,2,3
5816,286,Ba|Cu|O|Pr|Y,3,1,2,0,3,0,1,2,3,4,2,3
5817,1618,Ba|Ca|Cu|Hg|O|Tl|Y,4,0,3,0,4,1,3,3,4,2,1,4
5818,1293,C|Cs|Rb,1,0,2,0,0,2,0,0,3,4,3,3
5819,2148,Ga|Lu,4,3,4,0,4,3,4,2,2,3,2,2
5820,1,Ba|Ca|Cu|La|O,0,0,1,3,2,4,1,0,4,4,1,0
5821,416,As|Ba|Co|Fe,3,2,2,4,2,1,3,1,4,3,0,3
5822,1019,Ce|Cu|La|O,0,3,4,3,4,1,1,2,1,2,3,0
5823,555,Ba|Cu|La|Ni|O,0,4,1,3,3,1,4,0,2,0,2,4
5824,654,B|Mo|Ta,2,0,1,3,0,0,1,3,2,1,0,3
5825,2149,C|Fe,3,3,0,2,0,3,1,2,4,0,3,3
5826,2150,La|Si,2,4,2,0,1,2,3,3,4,3,4,1
5827,43,Fe|K|Se,2,2,3,2,1,3,0,4,4,0,2,0
5828,553,Ba|O|Rb|Sb|Ti,3,0,1,3,4,2,0,4,0,0,0,4
5829,161,Al|Ge|V,4,1,0,2,4,0,3,2,1,4,3,3
5830,1691,Bi|Ca|Cu|O|Pr|Sr,2,1,2,2,0,4,4,2,3,0,2,0
5831,1049,C|Cu|La|Ni,2,1,4,4,1,1,2,0,4,0,2,4
5832,2151,Al|Pd|Th|U,4,0,3,4,2,4,2,2,1,0,4,2
5833,523,Re|Zr,2,3,2,0,3,2,2,2,0,4,2,3
5834,42,Cu|La|O|Sr|Zn,1,2,4,4,3,1,3,0,0,1,1,1
5835,461,Al|Ba|Cu|O|Y,1,0,4,4,3,2,3,3,0,2,2,4
5836,194,B|C|Co|Ni|Tm,3,1,1,1,0,1,3,0,4,2,3,0
5837,537,In|Pd|Zr,1,4,2,0,2,2,4,0,0,0,2,4
5838,1015,As|F|Fe|O|P|Sm,3,0,1,2,2,1,1,2,4,4,4,1
5839,1,Ba|Ca|Cu|La|O,0,0,1,3,2,4,4,4,1,1,0,0
5840,86,Ba|Cu|O|Y,4,4,4,2,0,4,0,0,1,4,3,4
5841,2152,Nb|Te,3,4,0,0,1,0,0,4,1,0,2,4
5842,1606,As|Ni|Pd,0,0,2,2,0,3,1,4,0,1,4,4
5843,1780,Ir|Nb|Rh,2,0,1,0,2,1,2,4,2,1,1,1
5844,2153,Au|B|C|Pr|Pt,4,3,3,4,0,3,0,2,2,2,2,1
5845,1935,As|Ba|Fe|K|Mn,2,1,2,1,3,4,0,1,0,4,0,4
5846,434,Re|Ta,1,2,2,4,4,0,4,0,2,1,1,1
5847,108,As|Ba|Fe|Pd,0,2,0,1,1,4,1,3,4,2,4,4
5848,2154,Ba|Cu|O|Sn|Y,4,4,3,3,4,3,3,4,2,2,3,0
5849,132,Nb|Ti|V,4,1,2,4,3,2,2,1,4,2,0,3
5850,711,Rh|Ru,1,0,1,1,2,4,3,2,2,3,0,1
5851,2155,As,3,2,1,3,0,2,4,0,3,2,1,1
5852,831,Nb|Pd|S|Se,0,1,3,0,3,3,2,3,0,2,3,4
5853,482,Nb|V|Zr,1,0,3,3,1,3,2,0,3,2,1,0
5854,1137,Ca|Cl|Cu|Na|O,2,2,4,3,3,0,4,0,2,4,4,1
5855,1183,B|C|Fe|Ni|Tm,3,1,2,3,0,4,0,1,3,3,1,3
5856,767,Sn|Ta|V,0,4,1,3,4,2,0,0,1,4,2,3
5857,2156,O|Re|Ti,2,1,1,1,3,3,1,0,1,3,2,0
5858,492,Ir|Os|Th,2,3,1,2,1,0,1,4,3,4,1,2
5859,1202,Ir|Ru|Th,0,4,4,1,4,2,3,3,1,4,4,1
5860,2157,Cu|Ga|O|Sr|Y,0,3,2,1,2,4,3,3,0,4,0,2
5861,22,Ba|Co|Cu|O|Y,3,0,2,2,0,4,3,3,1,1,1,3
5862,2158,Cu|Gd|Li|O|Ru|Sr,2,2,2,4,2,0,1,2,3,2,4,2
5863,1379,Cu|O|Pr|Re|Sr|Y,0,1,2,0,1,3,1,2,3,0,4,3
5864,136,Nb|Zr,0,4,3,4,3,1,0,2,0,4,3,1
5865,675,Ba|Cu|O|Sm,0,0,0,2,2,0,2,4,0,3,3,0
5866,1677,Bi|F|Nd|O|S|Sm,0,2,2,0,1,4,1,4,1,2,3,3
5867,567,Ge|Nb|Sn,1,0,2,3,2,1,2,4,2,1,4,1
5868,2159,Co|Mo|U,3,4,2,0,0,3,3,0,1,2,1,3
5869,482,Nb|V|Zr,1,0,3,3,1,3,3,0,3,4,1,0
5870,195,Cd|Ce|Co|In,1,0,0,2,1,4,3,4,3,0,1,4
5871,39,B|Er|Gd|Rh,2,1,2,2,3,2,3,0,0,2,3,3
5872,972,Al|Gd|La,2,4,1,0,0,4,3,4,2,1,1,1
5873,1965,Fe|O|P|Sc|Sr,4,1,3,0,3,4,1,2,2,3,2,2
5874,758,B|Fe|Mg,3,1,2,0,2,2,4,2,4,4,2,1
5875,699,Al|Ni|U,1,4,3,1,2,4,2,4,4,3,1,3
5876,739,Ca|Cu|O|Pb|Sr|Y,1,4,3,0,4,2,3,2,0,1,0,3
5877,286,Ba|Cu|O|Pr|Y,3,1,2,0,3,0,1,0,0,4,4,3
5878,49,Ba|Cu|La|O,3,0,2,4,3,0,3,0,1,1,3,3
5879,571,B|C|Pd|Y,0,3,2,0,1,0,1,0,1,3,4,0
5880,689,Ba|Bi|K|O|Pb,1,2,1,2,1,3,0,3,2,0,4,0
5881,420,Ce|Cu|Nd|O,0,3,2,4,2,0,4,2,3,2,4,0
5882,1310,Ir|Lu|Rh|Si,1,3,2,2,3,1,1,0,2,4,0,1
5883,495,Nb|Se,0,3,0,4,4,0,2,1,0,1,0,3
5884,503,C|Sc|Th,1,0,1,1,4,3,4,0,4,2,0,2
5885,942,Ce|Cu|O|Sm|Y,3,2,3,1,1,2,3,3,4,0,3,3
5886,153,Ba|Cu|Ni|O|Y,1,4,4,4,2,1,2,4,0,2,2,1
5887,1118,Ce|Cu|Nd|O|Zn,3,0,2,0,3,2,3,0,0,0,1,2
5888,936,Nb|Pd|Rh,4,1,0,4,4,1,0,3,2,4,2,0
5889,569,B|C|Ni|Pd|Y,0,0,1,4,4,4,1,0,1,0,2,1
5890,2160,Am|Si|Th,4,3,2,1,0,2,2,1,1,4,2,4
5891,1056,Ge|In|Sn|Te,2,1,3,1,3,0,1,2,1,4,3,4
5892,513,Ir|Y,4,2,2,2,1,1,3,0,2,0,1,4
5893,566,B|P|Ru|Zr,1,1,4,2,1,2,0,3,1,4,2,0
5894,1557,La|Si|V,3,3,3,3,3,2,1,1,3,1,2,4
5895,62,Al|Ge|Nb,2,3,3,0,1,3,2,4,3,3,2,2
5896,1080,Al|Mo|Pd,3,2,1,1,4,4,4,2,0,0,1,0
5897,49,Ba|Cu|La|O,3,0,2,4,3,0,0,1,2,4,0,3
5898,728,C|Th|Y,4,0,4,1,4,1,4,3,4,4,1,4
5899,2099,Au|Zr,2,0,2,4,2,4,2,3,4,2,3,1
5900,687,Ba|Ca|Cu|Hg|O|Pb,2,0,4,4,1,2,3,0,2,0,0,4
5901,1206,Pd|Sb,0,4,2,3,1,3,1,3,2,3,2,3
5902,276,Ca|Cu|O|Sr,0,0,3,4,4,0,4,0,0,3,0,0
5903,286,Ba|Cu|O|Pr|Y,3,1,2,0,3,0,3,0,4,3,4,3
5904,487,Ba|Cu|Eu|O,3,1,0,1,2,0,3,2,4,1,4,2
5905,1677,Bi|F|Nd|O|S|Sm,0,2,2,0,1,4,0,2,3,3,3,3
5906,2065,Cu|Ir|Pt|Se,3,1,0,0,1,0,1,1,3,3,3,4
5907,2015,Ge|Os|Y,1,3,2,1,3,1,1,3,0,1,3,4
5908,709,Be|Mo|Re,1,4,1,3,1,4,4,4,3,2,3,4
5909,1185,Ir|Nb,1,1,1,2,4,4,1,4,3,0,4,0
5910,2161,Cr|Cu|La|O|Sr,0,0,0,2,4,2,2,0,4,4,3,1
5911,216,Cu|La|O|Sr,4,4,1,1,0,1,0,0,3,2,4,4
5912,1559,Mo|Pb|S|Se,2,3,0,0,2,3,4,1,3,2,2,3
5913,1838,As|Ba|Fe|Rb,1,4,4,3,2,1,4,0,2,4,2,0
5914,74,Ba|Cu|La|O|Y,2,3,3,3,3,1,3,0,0,0,1,2
5915,601,As|Sn|Te,3,0,4,1,4,0,0,4,1,3,3,2
5916,12,Ba|Ca|Cu|O|Y,3,3,3,3,4,4,0,3,4,1,2,3
5917,2162,Eu|Nd|S,1,0,0,0,2,4,1,4,4,2,0,2
5918,794,La|Ru|Th,1,0,4,1,4,3,4,1,0,4,1,2
5919,53,Ga|Si|Sr,1,0,2,4,3,1,2,0,2,4,0,3
5920,2163,B|C|Ho|Ni,3,4,1,4,2,0,0,4,3,3,4,0
5921,2164,Ag|Rh|Ti,2,0,3,3,3,4,1,0,4,0,2,3
5922,713,Au|Nb|Rh,2,0,0,2,1,3,3,4,1,0,1,2
5923,401,Co|Zr,0,3,3,0,2,1,1,0,3,1,4,4
5924,830,Ba|Cu|Er|O|Zn,4,4,3,4,4,1,2,0,1,2,2,3
5925,2165,As|Mo,3,0,3,3,1,0,0,4,1,4,4,4
5926,74,Ba|Cu|La|O|Y,2,3,3,3,3,1,0,1,3,1,1,2
5927,330,Pb|S|Ta,0,1,0,2,0,0,0,4,2,1,0,4
5928,1677,Bi|F|Nd|O|S|Sm,0,2,2,0,1,4,2,1,3,4,2,3
5929,290,Ba|Ca|Cu|La|O|Y,2,0,4,0,1,2,0,1,3,2,2,1
5930,490,B|Dy|Ir|Rh,1,2,0,3,1,1,4,2,0,0,4,4
5931,1301,Bi|La,4,0,1,4,0,3,1,1,1,3,4,2
5932,1775,Ba|Cu|O|Sr,4,2,3,0,1,3,3,1,0,2,2,0
5933,54,Nb|Ta,1,2,0,0,3,2,1,1,0,2,3,0
5934,384,Cu|Sb,1,1,2,2,4,2,0,3,4,1,1,1
5935,965,Cu|Ho|La|O|Sr,2,2,0,4,2,0,3,4,0,2,3,3
5936,2166,Cu|Y,4,2,2,4,3,2,4,4,3,3,0,0
5937,717,Ce|Cu|O|Pr|Y,4,2,4,2,3,0,1,1,3,4,0,4
5938,2167,As|Cs|Eu|Fe,0,3,3,3,1,2,0,2,3,2,1,1
5939,2168,Ca|Pt|Si,1,2,2,2,4,3,0,2,3,0,2,0
5940,146,Ba|Cu|Er|O,0,4,2,1,2,2,4,4,4,1,2,0
5941,28,Al|Ba|Cu|O|Sr|Y,3,3,0,3,1,0,1,3,1,4,4,0
5942,566,B|P|Ru|Zr,1,1,4,2,1,2,0,4,4,2,0,0
5943,579,As|Fe|La|O|P,4,1,1,2,2,1,1,3,0,3,2,0
5944,1185,Ir|Nb,1,1,1,2,4,4,4,2,1,2,3,0
5945,31,Ba|Cu|O|Pr|Sr|Y,0,2,3,4,1,0,4,1,1,2,1,2
5946,254,Cu|Fe|O|Sr|Y,4,1,1,3,3,2,2,1,0,4,0,0
5947,235,Co|Mo,2,0,4,2,2,3,4,0,0,3,4,0
5948,2169,Pb|Rh,3,4,2,4,0,3,1,0,2,1,2,4
5949,723,Nb|Sn|Ta,3,1,3,4,3,1,2,3,4,3,3,0
5950,86,Ba|Cu|O|Y,4,4,4,2,0,4,0,0,2,0,2,4
5951,78,Nb|V,0,3,3,4,2,0,2,4,1,2,2,2
5952,366,As|Ba|Fe|Ni,0,1,0,4,4,3,2,3,0,3,2,1
5953,1946,As|Ce|F|Fe|O,4,3,0,0,3,0,1,1,0,1,3,2
5954,286,Ba|Cu|O|Pr|Y,3,1,2,0,3,0,3,3,4,2,0,3
5955,243,Cu|O|Re|Sr|Y,0,3,4,1,2,4,4,3,4,0,0,3
5956,1978,Au|La,0,4,2,0,1,3,3,4,4,2,3,2
5957,1185,Ir|Nb,1,1,1,2,4,4,0,3,3,4,3,0
5958,906,Nb|Sn,2,1,1,4,2,2,4,3,1,2,0,3
5959,995,Ir|W,2,1,2,4,2,3,3,1,3,0,0,2
5960,1339,Au|V,2,2,2,2,4,4,4,2,3,4,3,3
5961,2170,Ba|Ca|Cu|Hg|O|Ti,0,0,1,4,0,4,1,2,3,1,2,3
5962,460,Ba|Cu|O|Sc|Y,4,4,3,1,1,4,1,3,2,0,2,4
5963,947,Bi|Cu|Nd|O|Sr|Y,4,3,4,4,3,0,0,4,4,2,0,0
5964,2056,Mo|Sb,0,3,1,4,3,2,0,4,4,2,1,1
5965,86,Ba|Cu|O|Y,4,4,4,2,0,4,0,3,1,4,3,4
5966,66,Ba|Ca|Cu|La|O|Sr,3,2,3,2,4,1,4,0,2,1,2,2
5967,1832,S|Tl|V,4,2,2,4,0,2,1,4,0,1,1,2
5968,362,As|Ca|Fe|Nd,1,3,4,0,0,0,2,4,1,2,2,3
5969,1978,Au|La,0,4,2,0,1,3,2,1,1,1,2,2
5970,1300,B|V|Zr,0,1,4,0,0,1,2,4,2,4,4,0
5971,152,Ba|Cu|O|Sr|Y,2,2,4,0,3,2,3,2,3,1,3,0
5972,689,Ba|Bi|K|O|Pb,1,2,1,2,1,3,2,4,2,3,2,0
5973,1434,Ba|Ca|Cu|Dy|La|O,3,4,4,3,3,2,2,4,0,2,0,1
5974,1353,Ba|Cu|O|Ti|Y,3,4,0,0,2,4,3,3,3,4,3,1
5975,979,Mo|S|Zn,0,0,0,4,0,0,2,0,1,0,1,4
5976,2171,Ir|O|Ti,4,4,4,2,2,0,0,3,3,1,4,4
5977,507,Ba|Cu|H|O|Y,2,1,2,4,1,2,1,1,2,4,1,2
5978,138,Ir|V,0,0,2,3,3,2,1,1,4,3,0,1
5979,984,Nb|Os|Rh,2,3,0,0,3,2,2,4,0,0,1,0
5980,278,P|Rh|Ru|Zr,0,2,3,0,4,2,2,0,1,3,0,0
5981,1769,Mo|Se|Te,4,4,3,4,1,2,2,0,1,3,1,2
5982,2172,C|Ni|Th,1,1,4,1,1,0,0,3,3,4,3,3
5983,701,B|C|Mo,2,1,2,2,2,3,3,4,2,2,2,1
5984,1204,Au|Nb,1,4,2,3,0,2,1,4,2,4,0,4
5985,79,Fe|Se|Te,4,3,3,0,1,3,4,1,0,0,1,0
5986,1798,Pd|Sn|Y,3,1,4,2,1,3,2,4,0,0,4,3
5987,1616,B|Mg|Mn,1,3,4,3,3,2,1,3,0,1,3,4
5988,1666,Na|S|Ta,4,2,4,4,4,2,1,1,2,2,3,2
5989,85,Rh|Ta,3,2,3,2,1,4,2,3,4,1,0,2
5990,2173,Nb|Pb|Sn,2,4,0,1,0,0,2,0,0,2,4,3
5991,749,C|Ca|Cu|O|Sr|Y,2,4,1,1,1,4,2,3,3,0,4,4
5992,1,Ba|Ca|Cu|La|O,0,0,1,3,2,4,1,3,1,3,4,0
5993,227,Pd|Te,4,0,0,0,2,0,4,2,4,4,0,3
5994,1924,Ag|Se|Sn,3,4,1,1,2,0,3,0,4,4,2,4
5995,2174,Th|Y,1,3,0,0,1,1,4,0,4,1,4,0
5996,242,Ba|Cu|La|O|Sr,2,0,1,1,4,2,1,1,0,4,0,4
5997,1267,Al|Nb|Si,3,0,3,0,3,1,1,2,3,3,0,4
5998,1139,B|Co|Mg,1,0,2,0,2,3,1,2,0,2,1,2
5999,605,Ba|Cu|O|Pr|Sr|Yb,1,4,0,3,1,2,4,3,2,0,3,4
6000,189,Rh|Zr,4,0,1,3,3,1,3,0,4,1,4,4
6001,1149,Co|Ni|Zr,2,4,0,4,3,0,4,1,0,0,1,2
6002,1097,Er|Pd|Sn|Y,0,2,3,0,0,4,2,1,4,4,1,4
6003,2175,Lu|Rh|Si,3,1,2,2,1,1,1,1,1,4,4,0
6004,44,Cu|La|Nd|O|Sr,3,0,2,3,4,2,4,0,2,3,1,0
6005,62,Al|Ge|Nb,2,3,3,0,1,3,1,0,0,0,2,2
6006,2176,B|Lu|Rh|Th,4,4,4,1,0,3,3,4,4,4,3,4
6007,743,Nb|Sb|Sn,4,0,1,1,3,3,4,0,4,3,4,3
6008,831,Nb|Pd|S|Se,0,1,3,0,3,3,3,1,0,0,4,4
6009,2177,I|Li|N|Zr,0,4,0,2,3,0,3,0,0,4,4,4
6010,86,Ba|Cu|O|Y,4,4,4,2,0,4,1,4,3,3,1,4
6011,2178,Ba|Ca|Cu|La|O|Tl,0,3,4,3,0,4,4,2,1,4,0,4
6012,2179,Pd|Sn|Yb,2,3,2,4,1,3,2,3,1,3,4,1
6013,273,Bi|Cu|La|O|Pb|Sr,4,4,0,0,0,1,3,1,4,1,3,2
6014,2057,Fe|Rb|Se|Te,4,1,3,1,3,0,2,0,0,0,2,3
6015,53,Ga|Si|Sr,1,0,2,4,3,1,4,3,3,3,3,3
6016,2180,Bi|Ce|Ni,1,3,4,1,0,0,3,3,4,3,4,0
6017,2181,Cl|N|Zr,2,1,3,4,3,2,1,2,2,1,4,1
6018,148,Nb|Ti,4,0,1,0,2,1,2,0,4,2,0,2
6019,2182,Ag|Mo|Se,3,4,0,1,3,4,2,4,0,2,2,0
6020,1456,Mo|Rh,4,2,1,3,1,1,2,0,2,1,2,1
6021,263,Ga|Nb,3,0,4,0,0,4,4,3,2,4,2,4
6022,1192,Hg|Mg,3,2,4,3,0,4,2,2,1,4,0,3
6023,732,S|Se|Ta,4,4,4,0,4,1,0,0,4,4,2,1
6024,2183,Bi|C|Y,4,3,1,2,3,3,1,1,0,0,4,2
6025,1190,Hf|V|Zr,1,1,3,1,4,1,2,0,0,2,0,2
6026,349,Co|Ga|V,4,0,0,1,1,3,3,2,1,3,0,1
6027,621,Ba|Cu|O|Sn|Sr|Y,4,0,4,1,4,4,3,1,3,1,4,0
6028,2184,As|Ba|Fe|Nd,1,2,0,2,3,0,2,4,2,1,1,2
6029,2185,Hf,2,4,1,3,2,1,4,2,3,1,2,3
6030,289,Pd|Zr,4,0,3,3,1,0,0,3,4,1,3,1
6031,1152,Cu|F|Nd|O,1,4,2,2,3,0,0,4,1,1,2,2
6032,171,As|Ca|Co|Fe,3,2,0,0,3,4,0,0,4,3,0,3
6033,1266,B|C|Gd|Ni|Y,1,0,0,1,3,3,0,3,4,4,0,1
6034,1677,Bi|F|Nd|O|S|Sm,0,2,2,0,1,4,4,1,2,0,3,3
6035,2186,Ba|Cu|O|Sr|Tm,2,4,4,4,2,3,2,4,2,3,4,4
6036,351,Ba|Cu|Hg|O,0,1,0,3,3,4,4,0,1,2,0,2
6037,1857,Pt|U,4,0,0,0,4,4,4,2,3,2,4,4
6038,2187,Rh|V,2,4,3,0,0,2,0,4,4,0,4,4
6039,42,Cu|La|O|Sr|Zn,1,2,4,4,3,1,2,0,4,0,0,1
6040,42,Cu|La|O|Sr|Zn,1,2,4,4,3,1,3,0,1,0,4,1
6041,961,Bi|Ca|Co|Cu|O|Pb|Sr,4,1,1,1,0,3,0,4,1,3,4,1
6042,541,Ir|Re|Rh,3,3,2,1,4,3,1,2,2,0,3,2
6043,456,C|Nb,3,3,2,0,1,4,1,0,4,2,2,4
6044,2188,Ce|Cu|Gd|O|Sr|Ti,4,3,1,4,1,0,2,4,2,2,4,0
6045,1887,Ge|Pt,2,0,4,1,3,2,2,4,3,4,1,0
6046,2189,As|Ba|Fe|La,0,1,4,1,2,1,1,3,1,4,1,0
6047,2190,Bi|Ge|Nb|Sn,0,2,3,0,1,4,3,1,3,3,1,1
6048,651,Ir|Os|Rh,0,1,4,2,4,2,2,3,1,0,1,1
6049,2191,Ge|Pr|Pt,3,3,0,2,2,2,2,2,2,2,3,3
6050,460,Ba|Cu|O|Sc|Y,4,4,3,1,1,4,2,4,4,0,3,4
6051,2192,In|O|Zn,1,2,3,4,0,1,3,4,4,3,2,2
6052,428,Ba|Cu|O|Sr|Yb,1,4,0,4,3,2,2,0,0,2,4,4
6053,1872,Ba|Na|O|Sb|Ti,0,0,2,2,3,0,0,0,4,1,3,0
6054,1288,Bi|Cu|O|Sr,3,1,4,0,1,4,2,1,0,4,3,2
6055,86,Ba|Cu|O|Y,4,4,4,2,0,4,4,0,3,0,0,4
6056,1888,As|Fe|Ni|Sr,3,2,4,0,0,2,4,3,2,1,1,1
6057,934,Ag|Bi,2,0,1,0,0,0,0,2,3,3,0,3
6058,293,B|C|Er|Ni|Tb,0,2,2,3,0,2,0,0,3,4,2,3
6059,450,Ba|Cu|F|O|Y,1,3,4,2,1,2,2,4,2,2,4,0
6060,2193,Ge|Ir|Th,2,1,2,2,0,0,1,3,4,1,1,3
6061,2194,P,3,2,1,2,0,1,1,1,1,1,0,4
6062,57,Ba|Ca|Co|Cu|O|Y,1,1,3,4,0,1,2,3,2,3,4,2
6063,495,Nb|Se,0,3,0,4,4,0,2,1,0,3,1,3
6064,286,Ba|Cu|O|Pr|Y,3,1,2,0,3,0,4,3,2,4,4,3
6065,263,Ga|Nb,3,0,4,0,0,4,1,4,1,1,4,4
6066,2195,Ce|Co|In|Nd,1,4,4,2,1,1,4,1,3,1,1,4
6067,1879,As|Fe|Nd|O|Rh,0,4,4,1,2,1,1,4,1,1,0,0
6068,2196,Co|Sc|Zr,4,1,1,3,1,4,0,4,2,4,2,0
6069,2197,As|Ca|Fe|Rb,0,4,4,4,4,1,2,3,1,1,0,1
6070,293,B|C|Er|Ni|Tb,0,2,2,3,0,2,2,0,2,3,1,3
6071,338,As|Ce|Fe|H|O,3,0,1,0,2,1,1,1,3,2,3,0
6072,171,As|Ca|Co|Fe,3,2,0,0,3,4,4,3,3,2,4,3
6073,1941,Co|Nb|Rh,4,4,1,2,1,1,0,3,1,4,1,2
6074,221,As|Fe|Ru|Sr,3,4,1,0,1,0,4,2,1,2,3,2
6075,642,Ba|Cu|Dy|O|Sr,4,3,1,1,2,3,0,1,4,1,1,2
6076,1736,Ca|Cu|Ga|O|Sr,1,2,1,3,2,4,4,4,0,1,3,4
6077,67,La|Nd|Pt|Si,0,4,2,3,3,0,3,2,2,3,0,0
6078,1892,Fe|H|Li|O|S|Se,0,3,1,0,2,3,1,4,0,3,4,3
6079,2198,Bi|Rb,1,2,3,0,1,0,0,3,2,3,4,2
6080,139,Al|B|Mg,1,1,3,4,1,1,1,2,1,2,0,1
6081,1228,Cu|H|La|O|Sr,4,2,0,2,1,4,4,4,4,4,3,2
6082,784,Nb|Re,2,1,0,0,3,1,0,0,0,3,3,4
6083,2199,B|Cr|Mg,4,3,3,2,2,4,2,2,0,4,2,0
6084,91,Ba|Ca|Co|Cu|Er|O,3,4,1,3,0,4,0,0,2,0,2,1
6085,436,Ba|Cu|Eu|O|Pr|Sr,4,0,2,2,2,1,1,4,4,2,2,3
6086,669,Cu|Se|Ti,1,3,2,3,1,1,2,1,0,1,1,1
6087,236,Ba|Cu|O|Tm,4,3,1,0,0,1,0,0,2,1,4,3
6088,216,Cu|La|O|Sr,4,4,1,1,0,1,2,3,0,3,0,4
6089,2200,Ni|Pd|Y,2,3,3,3,2,3,4,1,2,2,0,3
6090,2201,Ba|Cu|Ga|La|O,1,2,2,4,3,1,3,3,1,3,1,0
6091,2202,C|N|Nb|Ti,3,2,2,1,2,0,4,1,3,4,3,4
6092,1056,Ge|In|Sn|Te,2,1,3,1,3,0,1,3,0,1,2,4
6093,66,Ba|Ca|Cu|La|O|Sr,3,2,3,2,4,1,3,0,2,4,1,2
6094,12,Ba|Ca|Cu|O|Y,3,3,3,3,4,4,3,4,2,1,0,3
6095,985,Fe|Nb|Ti,1,2,1,2,2,4,3,1,4,0,1,4
6096,763,Fe|Lu|Si|Y,2,4,1,2,1,4,3,0,3,3,2,3
6097,906,Nb|Sn,2,1,1,4,2,2,4,2,1,2,3,3
6098,1152,Cu|F|Nd|O,1,4,2,2,3,0,0,0,0,3,0,2
6099,12,Ba|Ca|Cu|O|Y,3,3,3,3,4,4,2,2,3,1,2,3
6100,1429,Bi|La|O|S|Ti,4,4,3,4,4,2,3,3,0,3,0,3
6101,12,Ba|Ca|Cu|O|Y,3,3,3,3,4,4,2,3,4,4,1,3
6102,261,Ba|Cu|Nd|O|Pr,3,1,2,4,3,0,4,1,4,4,4,3
6103,1679,Ba|Cu|O|Pr,1,3,4,4,3,2,4,3,0,1,1,4
6104,1992,Cu|Fe|H|La|O|Sr,2,0,0,3,0,1,0,3,4,3,3,0
6105,236,Ba|Cu|O|Tm,4,3,1,0,0,1,2,2,4,0,0,3
6106,438,Cu|Nd|O,4,1,0,3,4,2,1,3,2,2,2,2
6107,1919,Au|Sb,2,3,2,0,3,3,2,1,4,3,0,3
6108,1749,As|Co|Fe|O|Pr|Sr,0,1,2,2,4,2,2,4,2,1,0,3
6109,33,C|N|Nb,1,0,3,0,2,3,3,3,1,0,1,3
6110,64,Ba|Cu|O|Y|Zn,1,1,2,4,3,2,4,4,3,4,1,1
6111,12,Ba|Ca|Cu|O|Y,3,3,3,3,4,4,2,2,1,3,3,3
6112,142,Br|C|I|Y,2,2,2,0,2,4,3,1,1,0,0,0
6113,2203,H|Ta,1,1,3,0,3,2,0,1,3,0,3,4
6114,2204,Ga|Rh,4,2,3,2,4,1,2,0,3,4,2,0
6115,2205,B|C|Nd|Pt,0,0,4,1,1,0,3,1,1,2,1,1
6116,2206,C|Fe|Y,1,3,3,1,0,2,0,0,2,1,0,1
6117,1522,Bi|Tl,3,3,4,4,1,3,4,2,4,1,2,0
6118,11,Ba|Cu|Nd|O,4,1,1,2,1,1,4,3,3,4,3,4
6119,443,Bi|Cu|O|Pb|Sr|Y,2,1,1,4,0,4,4,4,4,1,0,0
6120,2207,Ce|Ru,0,3,1,4,0,1,3,0,0,4,3,2
6121,949,Hg|Pb,0,1,4,2,1,3,1,4,2,2,2,4
6122,939,B|Li|Pd,1,2,4,4,4,2,0,0,4,1,4,4
6123,154,In|Te,2,2,3,2,0,1,1,3,3,4,2,4
6124,573,La|Pr|Se,0,4,1,2,1,0,3,2,4,4,0,4
6125,477,Nb|Ti|Zr,0,1,1,1,3,3,0,3,0,1,1,3
6126,232,C|Ho|Th,4,1,4,1,1,1,2,0,2,0,4,1
6127,11,Ba|Cu|Nd|O,4,1,1,2,1,1,3,1,3,4,3,4
6128,74,Ba|Cu|La|O|Y,2,3,3,3,3,1,4,0,1,1,1,2
6129,1190,Hf|V|Zr,1,1,3,1,4,1,2,2,4,1,2,2
6130,1331,Sb|Tl,3,4,2,4,2,1,3,0,1,4,1,2
6131,2208,Fe|S|Ta,2,1,3,1,1,4,2,3,3,1,3,3
6132,455,Ba|Cu|O|Tl,1,1,3,2,4,3,0,2,4,4,1,2
6133,2062,Pt|Th,1,1,1,3,2,3,2,2,3,2,3,1
6134,2209,Ni|O|P|Sc|Sr,3,1,2,2,4,2,0,1,0,3,3,4
6135,12,Ba|Ca|Cu|O|Y,3,3,3,3,4,4,2,3,3,3,3,3
6136,138,Ir|V,0,0,2,3,3,2,1,0,3,1,0,1
6137,723,Nb|Sn|Ta,3,1,3,4,3,1,1,1,1,3,0,0
6138,1533,La|Pr|Tl,0,0,1,4,2,4,2,2,3,4,4,3
6139,407,Ca|Cu|Fe|Hg|O|Sr|Y,2,4,2,2,0,3,2,0,2,1,3,4
6140,1,Ba|Ca|Cu|La|O,0,0,1,3,2,4,3,3,3,4,0,0
6141,183,Ba|Ca|Cu|O|Tl,2,3,4,2,0,4,2,1,1,0,0,2
6142,1801,Nb|Si,1,1,4,1,3,4,3,0,0,2,0,2
6143,2210,Al|Nb|O,1,2,4,4,2,3,3,2,4,3,0,1
6144,2211,Ce|Cu|Ge,1,2,1,3,3,2,2,3,3,3,0,0
6145,216,Cu|La|O|Sr,4,4,1,1,0,1,0,4,0,3,1,4
6146,57,Ba|Ca|Co|Cu|O|Y,1,1,3,4,0,1,0,3,0,4,2,2
6147,955,Ir|Ru,2,2,0,0,3,1,2,3,1,1,0,2
6148,356,Mo|Re,4,3,4,1,0,0,0,0,1,0,4,4
6149,2212,Bi|Ca|Cu|Fe|O|Sr,1,2,3,1,2,2,4,3,2,2,4,0
6150,496,In|Pb,4,0,3,1,4,2,2,2,2,3,4,2
6151,159,Ba|Cu|Hg|O|Zn,3,2,3,3,3,3,4,4,2,3,4,2
6152,1992,Cu|Fe|H|La|O|Sr,2,0,0,3,0,1,0,2,1,4,0,0
6153,1284,Pt|W,4,0,4,1,3,0,2,1,2,2,2,0
6154,473,Ba|Ca|Cu|O|Sr|Yb,2,2,0,1,4,2,2,0,4,4,1,2
6155,2213,Fe|La|P,0,0,1,4,4,2,1,1,4,3,3,1
6156,139,Al|B|Mg,1,1,3,4,1,1,0,4,1,0,1,1
6157,12,Ba|Ca|Cu|O|Y,3,3,3,3,4,4,0,2,4,4,2,3
6158,32,Ce|Cu|Gd|Nd|O,4,3,1,4,4,4,0,1,0,2,0,4
6159,2214,Fe|Mn|U,4,4,4,4,3,1,3,3,1,4,3,0
6160,2215,As|H|La|Ni|O,3,0,1,1,0,1,4,1,1,3,2,1
6161,596,Al|Nb|Ti,3,1,2,1,1,2,1,0,3,1,1,3
6162,748,Fe|Se|Te|Zn,4,1,0,2,1,4,0,4,0,4,3,2
6163,2216,Bi|Co|O|S,1,0,4,3,3,3,1,4,2,3,0,2
6164,62,Al|Ge|Nb,2,3,3,0,1,3,2,3,4,4,1,2
6165,559,B|C|Mg,0,3,1,1,2,2,0,4,2,0,0,3
6166,617,Ba|Cu|O|Pr|Yb,4,3,4,2,0,1,0,3,1,0,3,1
6167,570,In|Sn|Te,4,0,3,1,2,1,4,2,4,0,2,4
6168,152,Ba|Cu|O|Sr|Y,2,2,4,0,3,2,2,3,1,1,2,0
6169,634,C|Ni|Th|Y,3,0,2,3,1,2,0,2,4,3,3,1
6170,236,Ba|Cu|O|Tm,4,3,1,0,0,1,3,1,1,4,0,3
6171,1262,Ag|Ga,4,0,2,3,3,3,2,4,0,0,1,3
6172,241,Ga|V,4,3,1,0,4,2,4,4,4,0,4,0
6173,1482,As|Fe|La|O|Sr,4,2,1,3,2,2,4,3,2,2,2,1
6174,1,Ba|Ca|Cu|La|O,0,0,1,3,2,4,0,1,2,1,3,0
6175,68,Bi|Sn,2,3,2,0,3,1,4,3,2,3,3,1
6176,204,Cu|La|O|Pr|Sr,1,1,2,0,1,0,4,4,2,2,2,0
6177,638,Ag|Ba|Si,3,0,1,4,3,4,4,4,3,2,2,0
6178,525,Ba|Cu|O|Pr|Tm,0,4,0,2,4,3,1,3,3,2,2,3
6179,1628,B|C|Ni|Tb|Y,2,0,1,3,4,2,2,4,2,3,4,1
6180,222,Pb|Te|Tl,4,3,4,4,1,0,4,1,3,4,3,0
6181,417,Ca|Cu|O|Sr|Tl,2,3,4,2,3,0,3,2,1,0,4,4
6182,2217,Ti,4,4,0,1,1,1,4,2,4,3,4,2
6183,1679,Ba|Cu|O|Pr,1,3,4,4,3,2,1,1,1,2,3,4
6184,302,H|Hf|V,2,0,1,3,0,4,1,0,1,2,2,2
6185,758,B|Fe|Mg,3,1,2,0,2,2,4,0,3,3,0,1
6186,2218,Cu|Li|O|Ti,1,0,4,1,3,1,4,4,3,4,4,3
6187,2033,Ba|Ca|Cu|Eu|O|Sr,0,2,4,3,1,1,4,1,4,3,3,0
6188,392,C|Mo|Nb,0,1,3,4,0,0,4,4,4,4,4,1
6189,2081,Ba|Cu|O|Tb|Y,0,4,3,0,4,1,1,2,4,3,4,3
6190,1725,Al|Th,1,0,2,1,3,0,0,4,1,4,3,4
6191,2219,Bi|La|Pd,4,0,4,1,4,4,1,3,4,4,0,3
6192,721,Ga|Nb|Sn,0,2,4,2,3,2,1,0,4,0,3,1
6193,559,B|C|Mg,0,3,1,1,2,2,1,2,0,0,0,3
6194,1062,Ce|Co|In|Yb,3,1,4,2,4,3,4,2,4,0,1,4
6195,1852,B|F|Mg,4,2,0,2,1,4,4,2,4,2,4,1
6196,2220,Bi|O|Rb|Sr,0,3,3,3,4,1,2,4,3,0,4,4
6197,402,Ce|Co|In|Rh,2,1,4,2,1,3,1,0,4,2,4,3
6198,163,Ge|La,4,4,2,2,2,1,3,3,0,1,1,4
6199,416,As|Ba|Co|Fe,3,2,2,4,2,1,0,4,4,2,1,3
6200,391,Bi|Ca|Cu|O|Pb|Sr|Y,1,1,4,1,0,0,3,3,3,0,2,2
6201,413,B|Ba|Cu|O|Sr|Y,0,1,4,4,2,2,3,3,0,2,4,4
6202,273,Bi|Cu|La|O|Pb|Sr,4,4,0,0,0,1,1,0,2,1,2,2
6203,528,C|Hf|Mo,0,1,2,4,1,3,0,0,4,0,3,4
6204,2189,As|Ba|Fe|La,0,1,4,1,2,1,1,3,3,4,0,0
6205,1559,Mo|Pb|S|Se,2,3,0,0,2,3,2,2,4,2,1,3
6206,65,Ba|Bi|K|O,3,2,0,2,0,0,2,2,0,4,0,3
6207,884,Ce|Co|Cu|Nd|O,1,3,4,1,2,4,1,2,0,4,2,0
6208,75,Pd|S,4,3,0,1,3,2,1,1,0,2,2,2
6209,33,C|N|Nb,1,0,3,0,2,3,2,2,3,3,2,3
6210,153,Ba|Cu|Ni|O|Y,1,4,4,4,2,1,1,3,3,3,0,1
6211,1700,Cr|Cu|Rh|S,4,0,4,4,1,1,4,3,2,1,2,0
6212,2221,Ba|Nb|O,4,4,4,2,2,0,4,4,2,3,0,2
6213,742,Si|V,1,3,3,2,3,0,4,3,0,3,2,2
6214,2222,Al|Bi|Ca|Cu|O|Pb|Sr|Y,3,4,4,0,3,1,3,0,2,0,3,0
6215,2223,Br|Cu|Li|O|Sr,2,1,1,1,3,1,1,0,3,0,2,1
6216,1167,Bi|F|Nd|O|S,3,4,2,0,1,0,4,4,4,3,2,1
6217,119,As|F|Fe|La|O,3,1,1,1,3,4,3,3,2,3,2,2
6218,84,H|Pd,0,4,3,0,4,4,4,0,4,2,2,2
6219,1168,Ba|Ca|Cu|Er|O,4,2,4,3,1,1,2,3,4,3,2,1
6220,1224,B|Mo|Nb,1,1,0,3,0,1,1,2,0,4,3,2
6221,496,In|Pb,4,0,3,1,4,2,1,4,2,2,3,2
6222,1072,Nb|Si|V,0,3,4,1,1,3,4,3,0,0,0,2
6223,2224,Rh|Sc,1,2,4,1,4,0,2,4,1,2,3,1
6224,1419,Bi|F|O|S,3,2,1,1,3,3,0,2,0,2,3,3
6225,2225,As|Ba|O|Sb|Ti,4,2,0,0,2,4,1,3,4,3,4,0
6226,351,Ba|Cu|Hg|O,0,1,0,3,3,4,0,4,1,2,2,2
6227,1371,Ca|Cu|Ge|O|Sr|Y,4,0,3,2,3,1,1,3,2,3,1,0
6228,1821,Ir|Th,0,3,3,4,0,4,3,2,2,3,4,3
6229,67,La|Nd|Pt|Si,0,4,2,3,3,0,4,1,4,3,0,0
6230,2226,Tc|Zr,3,1,2,3,0,2,0,1,1,0,1,2
6231,1055,Co|Ga|Zr,1,1,3,2,0,1,4,3,4,3,3,1
6232,2227,Pb|Pd|Sc,2,3,3,0,3,2,4,3,0,3,2,2
6233,1791,Pd|Sn|Tm,1,2,1,0,2,1,2,0,1,0,4,4
6234,144,B|C|Dy|Ho|Ni,3,1,4,4,2,0,4,4,1,4,0,1
6235,1234,La|Lu|Tb,4,2,0,4,1,2,4,0,1,2,0,2
6236,31,Ba|Cu|O|Pr|Sr|Y,0,2,3,4,1,0,3,4,0,3,1,2
6237,617,Ba|Cu|O|Pr|Yb,4,3,4,2,0,1,4,1,1,0,2,1
6238,86,Ba|Cu|O|Y,4,4,4,2,0,4,4,0,1,1,2,4
6239,1935,As|Ba|Fe|K|Mn,2,1,2,1,3,4,1,0,2,3,2,4
6240,528,C|Hf|Mo,0,1,2,4,1,3,3,0,4,3,0,4
6241,1234,La|Lu|Tb,4,2,0,4,1,2,4,2,0,4,0,2
6242,1,Ba|Ca|Cu|La|O,0,0,1,3,2,4,4,2,3,0,4,0
6243,476,Ba|Cu|Ga|O|Y,0,1,1,0,4,0,4,1,4,0,2,1
6244,330,Pb|S|Ta,0,1,0,2,0,0,0,2,4,2,1,4
6245,2228,Ca|Cu|Ga|O|Sr|Tm,4,3,2,1,1,1,4,3,2,2,3,3
6246,826,Pd|Ti,1,0,3,0,4,1,4,2,2,0,3,1
6247,1152,Cu|F|Nd|O,1,4,2,2,3,0,3,1,4,3,1,2
6248,64,Ba|Cu|O|Y|Zn,1,1,2,4,3,2,0,1,0,1,1,1
6249,1579,B|C|Er|Fe|Ni,0,4,1,4,0,2,0,2,1,2,4,0
6250,643,Al|V,1,0,2,0,4,4,4,4,3,2,2,4
6251,203,Ce|Cu|Gd|O|Pr,3,2,0,3,2,0,3,2,2,0,3,3
6252,1533,La|Pr|Tl,0,0,1,4,2,4,2,3,1,3,2,3
6253,2229,Al|N|Nb,3,3,1,3,1,3,4,2,3,4,0,3
6254,1228,Cu|H|La|O|Sr,4,2,0,2,1,4,1,3,0,2,2,2
6255,246,Bi|K|O,0,4,4,1,0,3,3,2,2,2,1,3
6256,2230,Bi|Pb|Sb,2,0,4,1,0,4,1,1,2,1,4,4
6257,168,Cu|La|O,0,4,4,4,1,3,3,1,1,1,1,0
6258,643,Al|V,1,0,2,0,4,4,0,2,4,4,4,4
6259,2231,Ge|Lu,1,1,1,1,4,1,0,3,0,1,2,0
6260,241,Ga|V,4,3,1,0,4,2,0,1,2,2,3,0
6261,1235,Ba|Ca|Cu|Nd|O,0,1,4,1,0,1,2,1,0,0,1,0
6262,2232,Co|Ge|La,0,0,3,4,4,0,3,1,2,0,4,1
6263,792,C|K|Rb,2,2,3,2,1,4,2,4,2,2,2,2
6264,1372,Ba|Cu|Gd|Mo|O,1,2,4,3,4,2,1,3,3,1,0,1
6265,2140,Lu|Si,2,1,2,0,0,1,4,2,4,1,4,2
6266,2233,Pd|Rh|Te,4,3,3,3,1,4,2,3,1,4,4,2
6267,315,Al|B|Li|Mg,0,2,2,1,2,0,3,1,1,3,3,0
6268,503,C|Sc|Th,1,0,1,1,4,3,1,1,1,3,4,2
6269,1504,Ba|Cu|F|O|Sr,3,2,1,0,1,2,4,4,0,4,4,3
6270,1285,O|Rb|W,4,2,2,3,3,4,0,0,1,1,0,1
6271,953,La|Pb|Pr,0,1,2,1,2,0,1,0,2,1,2,1
6272,58,Co|H|Na|O,1,1,0,1,1,1,3,4,0,1,2,3
6273,59,Bi|Ca|Cu|O|Sr,2,1,2,3,0,3,4,1,0,1,1,2
6274,241,Ga|V,4,3,1,0,4,2,2,4,3,1,4,0
6275,49,Ba|Cu|La|O,3,0,2,4,3,0,2,2,1,1,1,3
6276,1626,Bi|Ca|Cu|Lu|O|Sr,1,0,2,0,4,3,3,3,4,2,3,3
6277,2113,B|C|Cu|Ni|Y,3,2,2,1,0,2,0,1,1,1,1,0
6278,1762,As|Ca|Fe|La,1,0,4,2,4,3,0,3,1,0,2,4
6279,2234,As|Ca|Fe|La|Sb,1,2,3,1,1,2,3,0,0,3,0,0
6280,1866,Al|Ca|Si,0,0,0,2,2,1,3,2,2,1,1,4
6281,36,Bi|Ca|Cu|O|Sr|Y,4,2,4,1,1,0,2,3,0,2,1,4
6282,841,Mo|Ti|V,1,0,3,2,0,3,4,0,1,2,2,0
6283,68,Bi|Sn,2,3,2,0,3,1,1,2,0,0,1,1
6284,868,Al|Au|In,3,1,3,0,1,3,1,0,4,3,0,1
6285,347,Ba|Cu|Dy|O|Zn,0,2,2,0,0,1,2,4,0,3,4,2
6286,813,Ru|V,4,2,0,1,3,1,4,3,1,3,0,2
6287,2026,Ce|Cu|O|Pr|V,4,2,3,3,4,4,0,3,3,0,0,3
6288,57,Ba|Ca|Co|Cu|O|Y,1,1,3,4,0,1,1,4,2,4,0,2
6289,1642,La|Pb|Sn,4,2,2,0,4,2,1,0,3,0,2,0
6290,1154,As|F|Fe|O|Sm,3,2,4,3,2,0,1,4,2,3,0,3
6291,203,Ce|Cu|Gd|O|Pr,3,2,0,3,2,0,1,2,0,0,2,3
6292,344,As|Fe|Li,2,2,4,1,4,3,1,2,2,2,3,3
6293,898,Ba|Ca|Cu|Ni|O|Y,0,0,0,4,0,0,2,3,0,4,2,4
6294,450,Ba|Cu|F|O|Y,1,3,4,2,1,2,1,1,2,0,0,0
6295,528,C|Hf|Mo,0,1,2,4,1,3,2,1,4,1,4,4
6296,665,Ba|Ca|Cu|Gd|La|O,4,1,4,1,3,0,1,3,4,3,1,2
6297,413,B|Ba|Cu|O|Sr|Y,0,1,4,4,2,2,3,3,4,2,0,4
6298,1830,La|Tl,3,0,4,1,0,4,1,3,2,2,1,0
6299,392,C|Mo|Nb,0,1,3,4,0,0,3,4,4,1,0,1
6300,1433,Hf|Mo,2,3,1,3,0,1,3,2,0,4,4,0
6301,1199,Cu|Nd|O|Sr,1,0,3,2,0,0,2,3,3,2,0,2
6302,1519,Cu|Sn,2,0,2,0,4,4,3,4,2,1,1,3
6303,67,La|Nd|Pt|Si,0,4,2,3,3,0,0,2,1,3,2,0
6304,1260,Ge|Si|V,2,0,1,0,1,3,1,1,4,2,1,3
6305,798,Ga|Nb|Ni,4,3,3,0,4,1,0,1,4,4,3,2
6306,233,Er|Rh|Sn,3,2,1,2,4,0,4,1,4,3,1,2
6307,714,Ba|K|O|Sb|Ti,3,4,4,4,4,1,0,0,4,2,0,1
6308,79,Fe|Se|Te,4,3,3,0,1,3,0,4,1,0,2,0
6309,2235,Ge|Sn|V,3,0,0,4,1,2,3,0,4,2,2,4
6310,1028,Fe|K|S|Se,2,4,1,1,0,0,4,3,2,0,2,0
6311,2236,Ce|Cu|Nd|O|Tb,1,3,1,3,0,2,0,3,4,0,4,4
6312,802,La|Pr,2,4,0,2,1,1,2,0,1,2,0,3
6313,114,Cu|O|Sr|Y,4,3,4,2,2,3,1,1,0,4,1,4
6314,358,N|Nb,1,3,3,2,3,1,1,3,2,3,4,1
6315,55,Fe|S|Se,2,2,3,4,3,2,1,3,2,4,1,2
6316,939,B|Li|Pd,1,2,4,4,4,2,1,2,2,4,0,4
6317,428,Ba|Cu|O|Sr|Yb,1,4,0,4,3,2,0,3,3,2,2,4
6318,1565,As|Fe|H|O|Sm,2,4,0,4,4,3,3,1,4,3,1,1
6319,286,Ba|Cu|O|Pr|Y,3,1,2,0,3,0,1,3,2,3,0,3
6320,1579,B|C|Er|Fe|Ni,0,4,1,4,0,2,2,1,2,0,0,0
6321,2237,Ba|La|Nd|O,2,4,0,4,0,3,0,0,2,1,3,0
6322,2238,B|Ca|N|Ni,3,0,3,2,0,2,1,3,3,2,2,4
6323,1883,S|Sr|Ta,1,4,4,4,3,0,1,0,1,4,2,4
6324,2093,Ce|Ge|Pr|Pt,1,3,2,2,2,3,4,2,0,3,3,0
6325,139,Al|B|Mg,1,1,3,4,1,1,4,2,3,0,1,1
6326,2239,Bi|F|O|S|Yb,4,3,2,4,1,0,2,3,1,2,3,3
6327,636,Bi|F|La|O|S|Sm,0,1,0,4,0,3,2,0,2,2,0,3
6328,1208,Ba|Ca|Cu|Hg|O|W,2,4,1,1,1,1,0,4,3,0,3,1
6329,1951,Cu|La|O|Pb,3,0,1,2,3,2,3,4,3,1,0,2
6330,1319,Al|Nb|Zn,0,3,3,3,3,0,0,2,1,3,2,2
6331,62,Al|Ge|Nb,2,3,3,0,1,3,4,1,3,2,1,2
6332,1014,Bi|Ce|Pb|Te,0,0,3,2,0,2,3,2,3,3,0,1
6333,840,Ba|Cu|Nd|O|Sr,2,1,1,1,2,2,2,3,4,4,0,3
6334,90,As|Fe|H|La|O,2,3,1,3,4,0,4,4,1,3,4,2
6335,350,Ba|Ca|Cu|La|Nd|O,2,4,3,4,0,4,1,2,4,1,4,1
6336,1210,Bi|Ce|F|Nd|O|S,4,2,0,3,1,2,0,2,4,2,4,4
6337,1103,P|Rh|Ru,1,1,3,2,4,4,4,0,4,0,4,2
6338,1812,Ce|Ru|Tb,4,3,1,2,4,2,2,0,1,1,0,4
6339,1489,La|Lu,0,1,0,2,1,2,1,2,1,4,0,4
6340,456,C|Nb,3,3,2,0,1,4,3,1,3,3,2,4
6341,191,Li|O|Ti,0,1,1,4,4,2,4,0,3,1,0,4
6342,82,Fe|Ni|Zr,3,2,1,0,0,4,1,4,0,1,2,0
6343,2059,Cu|Rh|S,1,4,3,3,4,1,2,3,1,1,2,2
6344,348,B|C|Lu|Ni,1,4,1,3,3,4,4,0,2,4,4,1
6345,682,Ba|Ce|Cu|Eu|O,0,0,3,3,3,0,4,3,4,2,0,0
6346,995,Ir|W,2,1,2,4,2,3,2,1,3,0,3,2
6347,417,Ca|Cu|O|Sr|Tl,2,3,4,2,3,0,4,3,4,2,4,4
6348,1249,Ba|Ca|Cu|La|O|Pr|Sr,0,4,2,3,3,1,4,0,0,2,1,3
6349,987,Ce|Co|In|La,1,2,0,3,3,3,2,2,2,0,1,0
6350,579,As|Fe|La|O|P,4,1,1,2,2,1,3,4,2,4,1,0
6351,59,Bi|Ca|Cu|O|Sr,2,1,2,3,0,3,1,0,1,3,2,2
6352,2240,Ga|H|V,0,0,3,2,3,0,2,3,3,1,4,0
6353,204,Cu|La|O|Pr|Sr,1,1,2,0,1,0,0,4,4,3,1,0
6354,59,Bi|Ca|Cu|O|Sr,2,1,2,3,0,3,1,3,0,1,1,2
6355,126,Bi|Ca|Cu|Nd|O|Pb|Sr,2,4,0,2,0,1,2,3,1,0,0,4
6356,1251,Os|Zr,2,4,4,3,3,4,4,4,4,3,2,2
6357,929,Be|Ga,1,4,1,1,3,1,1,4,1,0,0,4
6358,74,Ba|Cu|La|O|Y,2,3,3,3,3,1,1,4,4,0,1,2
6359,1998,B|Li|Mg,2,0,3,1,1,1,3,0,4,2,3,3
6360,1048,C|Rb,3,4,3,2,1,1,2,3,0,3,2,1
6361,1253,Cu|Hg|Mo|O|Sr,4,4,4,1,1,4,0,4,1,4,1,4
6362,687,Ba|Ca|Cu|Hg|O|Pb,2,0,4,4,1,2,4,4,1,4,0,4
6363,1302,B|C|Er|Ni,3,1,3,1,4,0,4,0,4,3,2,4
6364,1289,In|Nb|Sn,3,4,2,2,3,2,4,3,0,4,4,4
6365,2241,As|Ca|Ce|Fe|Pt,4,2,0,2,3,2,3,3,2,1,1,1
6366,429,Cu|La|Ni|O|Sr,0,4,1,1,3,1,2,2,3,1,1,0
6367,356,Mo|Re,4,3,4,1,0,0,0,2,0,3,3,4
6368,2242,Re|Ti,0,0,2,2,2,3,0,3,1,3,3,1
6369,126,Bi|Ca|Cu|Nd|O|Pb|Sr,2,4,0,2,0,1,3,3,2,4,2,4
6370,1943,Fe|Mn|Se,0,3,3,4,0,4,3,0,1,1,4,1
6371,657,Al|Cu|La|O|Sr,4,1,4,4,4,2,2,1,2,4,0,1
6372,2243,As|Sn,1,2,2,4,3,3,3,3,2,3,2,2
6373,1,Ba|Ca|Cu|La|O,0,0,1,3,2,4,3,4,0,2,0,0
6374,845,Ce|Cu|Ni|O|Pr,3,4,2,2,1,2,2,3,0,0,0,2
6375,648,Ta|Zr,3,0,4,1,2,2,2,1,4,0,0,4
6376,829,Mo|Nb,4,1,0,0,2,0,0,3,1,2,3,2
6377,415,N|Nb|Ti,2,2,0,4,3,0,2,1,1,1,0,4
6378,2244,Ba|Ca|Cu|O|S|Sr|Y,2,3,4,0,3,1,1,3,0,1,3,4
6379,1762,As|Ca|Fe|La,1,0,4,2,4,3,0,3,1,1,3,4
6380,90,As|Fe|H|La|O,2,3,1,3,4,0,2,2,0,2,0,2
6381,353,C|Hg|Rb,0,0,1,3,3,2,1,1,4,3,0,0
6382,984,Nb|Os|Rh,2,3,0,0,3,2,4,1,2,2,3,0
6383,978,B|Ba|Ca|Cu|O|Sr|Y,3,2,3,3,3,4,3,4,2,1,1,2
6384,133,La|Te,1,1,0,0,4,2,2,3,2,1,4,3
6385,632,Au|Sn,1,2,0,2,0,1,4,3,3,2,2,0
6386,644,Ir|Pt|Te,4,2,1,2,3,2,2,1,4,4,1,0
6387,414,Se|Ta,0,1,1,2,0,2,3,4,3,2,2,1
6388,733,Re|W,0,2,1,0,2,2,4,4,3,2,1,1
6389,514,Bi|In,3,0,1,2,2,2,2,3,4,3,2,0
6390,440,Ba|Cu|Gd|O,2,1,0,3,0,2,1,3,0,3,0,4
6391,143,Au|Te,3,2,4,0,3,4,2,2,0,2,3,4
6392,2245,Al|Ba|Ge,1,1,3,1,1,4,0,3,0,0,0,3
6393,429,Cu|La|Ni|O|Sr,0,4,1,1,3,1,3,4,1,0,2,0
6394,40,Au|Ga,0,0,0,2,1,0,2,1,2,3,4,1
6395,813,Ru|V,4,2,0,1,3,1,3,1,0,4,1,2
6396,59,Bi|Ca|Cu|O|Sr,2,1,2,3,0,3,2,2,0,1,1,2
6397,987,Ce|Co|In|La,1,2,0,3,3,3,3,3,1,3,0,0
6398,2246,Eu|Pb|S|Se,2,2,3,0,0,4,0,0,4,0,4,2
6399,1831,Mo|Nb|Si,3,0,1,4,1,3,0,0,1,4,2,1
6400,2247,Nb|S|Sn,3,4,4,0,1,4,3,2,0,4,0,2
6401,1888,As|Fe|Ni|Sr,3,2,4,0,0,2,3,4,1,1,0,1
6402,1161,Nb|Tc,4,1,2,1,1,1,2,1,2,1,3,2
6403,594,Cr|Ga|Nb,2,4,3,1,3,0,1,4,2,3,1,4
6404,490,B|Dy|Ir|Rh,1,2,0,3,1,1,1,3,0,2,2,4
6405,810,Cu|La|O|Sr|Ti,2,2,3,0,2,0,3,0,2,4,1,3
6406,2248,Fe|Nb|S|Se,0,0,2,2,4,3,0,3,4,2,1,2
6407,831,Nb|Pd|S|Se,0,1,3,0,3,3,4,4,3,0,2,4
6408,1100,As|Ba|Fe|P,1,0,1,4,3,0,2,1,1,1,0,3
6409,2249,B|Nd|Rh,4,2,0,3,1,2,0,1,2,2,3,2
6410,1176,Pt|Ru,0,4,2,1,3,1,4,1,0,0,4,3
6411,810,Cu|La|O|Sr|Ti,2,2,3,0,2,0,0,2,4,4,2,3
6412,263,Ga|Nb,3,0,4,0,0,4,3,3,2,0,3,4
6413,950,Bi|Ca|Cu|Nd|O|Pb|S|Sr,0,4,3,4,3,4,0,3,4,3,4,0
6414,2250,Ba|Bi|O|Rb,3,2,3,1,3,3,1,1,0,1,1,1
6415,2251,As|Ce|Co|F|Fe|O,1,4,4,1,3,4,1,4,3,1,3,1
6416,1693,Bi|O|Rb,4,1,4,2,2,3,2,0,0,4,1,4
6417,239,As|Ba|Fe|Ru,0,3,3,1,1,3,4,3,3,2,1,2
6418,32,Ce|Cu|Gd|Nd|O,4,3,1,4,4,4,1,4,1,0,4,4
6419,856,C|Fe|Mg|Ni,1,2,4,0,0,3,2,1,4,4,1,0
6420,611,Ce|Cu|Eu|O|Ru|Sr,3,3,4,0,1,2,3,1,1,3,2,4
6421,51,Cu|La|O|Sm|Sr,4,3,2,4,3,3,4,3,1,1,0,4
6422,2252,Cu|Fe|Se,4,1,3,2,0,1,0,4,2,2,1,1
6423,1317,As|Fe|O|Pr,2,2,2,1,1,2,1,4,1,4,4,3
6424,64,Ba|Cu|O|Y|Zn,1,1,2,4,3,2,4,1,0,3,3,1
6425,2253,Ba|Cu|La|O|Pr|Sr,2,1,0,2,3,0,1,3,2,4,1,1
6426,2254,C|Mo|Y,0,1,4,1,0,3,0,3,0,1,4,0
6427,1108,Ce|Cu|O|Pr,2,0,2,2,4,1,2,4,2,2,2,0
6428,734,Ge|Nb,1,3,4,0,2,2,2,2,3,1,4,4
6429,45,Ca|Cu|La|O,1,2,0,2,3,1,4,3,4,4,2,0
6430,579,As|Fe|La|O|P,4,1,1,2,2,1,4,2,0,4,1,0
6431,79,Fe|Se|Te,4,3,3,0,1,3,3,2,0,0,1,0
6432,2255,Au|Pb,3,2,2,4,4,1,4,3,4,1,3,3
6433,181,Bi|Ca|Cu|O|Pb|Sr|V,4,3,0,1,2,3,2,2,0,2,3,1
6434,286,Ba|Cu|O|Pr|Y,3,1,2,0,3,0,2,1,1,0,2,3
6435,1574,Ca|Cu|Ga|O|Sr|Y,2,4,2,3,0,4,3,1,3,3,4,0
6436,1671,B|Er|Ir|Rh,1,4,2,4,0,1,0,2,0,4,0,2
6437,10,Cu|La|O|Pb|Sr,3,0,0,3,2,2,4,4,0,0,1,3
6438,2256,B|Lu|Ru,3,3,0,3,1,3,4,1,0,4,0,4
6439,456,C|Nb,3,3,2,0,1,4,3,1,1,2,0,4
6440,64,Ba|Cu|O|Y|Zn,1,1,2,4,3,2,3,4,1,4,1,1
6441,7,N|V,0,4,3,2,3,0,2,0,3,2,4,4
6442,2257,Cu|Dy|O|Pb|Sr,4,4,4,0,1,1,2,1,3,4,3,0
6443,82,Fe|Ni|Zr,3,2,1,0,0,4,2,2,2,2,3,0
6444,417,Ca|Cu|O|Sr|Tl,2,3,4,2,3,0,3,0,1,1,1,4
6445,969,Ba|Cu|Er|Fe|O,1,0,3,1,3,3,4,0,2,2,1,2
6446,328,Ca|Si,2,2,3,0,0,0,1,3,4,3,3,4
6447,2258,Sn,0,2,4,4,3,4,3,2,3,1,3,3
6448,647,Th|U,1,4,3,1,4,4,4,3,3,3,1,3
6449,1865,Mo|Nb|Re,2,1,2,1,0,3,3,4,0,0,3,1
6450,44,Cu|La|Nd|O|Sr,3,0,2,3,4,2,2,2,0,3,3,0
6451,199,Al|Si|V,4,4,1,1,1,2,1,4,4,3,3,4
6452,1697,Co|Cu|S,1,2,1,1,3,0,2,0,3,0,3,4
6453,139,Al|B|Mg,1,1,3,4,1,1,3,1,3,2,4,1
6454,2259,Th,1,0,0,4,0,3,1,1,0,4,4,1
6455,2260,Be|Nb|Ta,2,4,4,3,4,2,1,3,3,1,0,2
6456,1108,Ce|Cu|O|Pr,2,0,2,2,4,1,0,0,3,3,3,0
6457,216,Cu|La|O|Sr,4,4,1,1,0,1,3,0,1,1,3,4
6458,2133,P|Zr,1,3,1,2,2,1,0,0,4,4,1,1
6459,1371,Ca|Cu|Ge|O|Sr|Y,4,0,3,2,3,1,2,4,0,4,0,0
6460,2261,Ce|Cu|Nd|O|Sr,3,4,4,2,2,2,4,4,4,1,3,1
6461,1712,Br|Ca|Cl|Cu|Na|O,2,0,4,3,4,4,1,4,1,0,2,0
6462,2053,Ir|Te,0,2,2,4,1,2,4,0,2,2,1,3
6463,251,Mo|Ti,2,1,3,3,4,3,3,0,3,2,4,0
6464,1163,Au|Nb|V,3,4,1,3,2,2,2,0,1,4,2,0
6465,1037,As|Ce|Co|Fe|H,1,1,2,3,0,2,3,3,4,4,3,3
6466,62,Al|Ge|Nb,2,3,3,0,1,3,3,1,4,0,0,2
6467,597,Ce|Cu|Ge|Si,1,1,3,1,0,1,4,3,2,4,3,0
6468,10,Cu|La|O|Pb|Sr,3,0,0,3,2,2,2,3,3,0,3,3
6469,2262,B|Ir|Tm,4,1,2,2,2,3,0,2,2,4,1,2
6470,74,Ba|Cu|La|O|Y,2,3,3,3,3,1,2,3,2,2,1,2
6471,1249,Ba|Ca|Cu|La|O|Pr|Sr,0,4,2,3,3,1,4,3,3,1,1,3
6472,334,Er|La,0,4,4,1,0,3,0,4,3,3,4,4
6473,1226,As|Co|Fe|O|Sm,1,2,0,1,3,0,0,1,2,0,1,0
6474,1098,As|Eu|Fe|P,4,0,1,2,3,2,2,0,4,3,2,2
6475,643,Al|V,1,0,2,0,4,4,3,2,1,2,0,4
6476,12,Ba|Ca|Cu|O|Y,3,3,3,3,4,4,0,2,0,2,2,3
6477,816,As|F|Fe|La|O|P,4,4,0,1,2,2,1,0,0,3,2,0
6478,2263,Co|U,4,0,2,1,1,0,1,4,0,1,2,3
6479,1364,Ni|Zr,2,1,2,3,2,1,0,2,3,2,3,4
6480,12,Ba|Ca|Cu|O|Y,3,3,3,3,4,4,3,0,2,1,0,3
6481,656,Al|Ba|Ca|Cu|O|Y,0,3,4,3,2,0,2,2,4,4,2,3
6482,130,Be|Th|U,2,4,1,0,3,3,3,0,1,3,4,0
6483,336,Ba|Cu|O|Pr|Sm,3,3,2,0,3,2,2,3,1,1,4,1
6484,2264,As|F|Fe|O|Ru|Sm,4,1,2,4,3,4,3,0,4,3,2,2
6485,2265,Cu|Rh|Se,0,1,4,4,3,2,2,1,1,3,4,0
6486,62,Al|Ge|Nb,2,3,3,0,1,3,2,2,0,4,3,2
6487,71,Ba|Cu|Li|O|Y,4,2,4,1,4,0,0,0,3,2,4,3
6488,2266,C|Hf|Ti,1,0,3,4,4,1,1,3,0,0,4,4
6489,1433,Hf|Mo,2,3,1,3,0,1,4,4,0,3,0,0
6490,16,Cu|Mo|S,0,3,1,3,0,4,4,1,3,2,2,3
6491,261,Ba|Cu|Nd|O|Pr,3,1,2,4,3,0,0,2,1,0,2,3
6492,54,Nb|Ta,1,2,0,0,3,2,1,0,4,3,0,0
6493,352,Fe|S|Se|Te,4,0,2,2,3,0,1,4,4,0,3,1
6494,892,C|Ti|Y,2,2,3,4,0,2,3,1,3,1,2,3
6495,343,As|Ca|Fe|Pt,0,4,4,2,2,3,3,2,0,2,4,1
6496,89,In|Pb|Sn|Te,1,2,1,2,3,2,1,1,3,0,1,1
6497,2267,B|C|Co|Er|Ni,4,1,4,3,3,1,0,3,3,0,4,3
6498,1023,Ce|Pr|Ru,0,0,3,2,4,2,4,0,3,4,1,4
6499,1304,Rh|Ru|Se,2,4,3,1,4,0,3,0,0,1,1,0
6500,143,Au|Te,3,2,4,0,3,4,2,1,1,2,2,4
6501,65,Ba|Bi|K|O,3,2,0,2,0,0,1,1,4,4,1,3
6502,1578,Ba|Bi|Hg|O|Pb,2,4,2,3,2,3,0,4,4,0,2,4
6503,1159,Be|Os,0,4,1,0,4,3,2,1,3,4,3,4
6504,1317,As|Fe|O|Pr,2,2,2,1,1,2,4,2,3,3,1,3
6505,391,Bi|Ca|Cu|O|Pb|Sr|Y,1,1,4,1,0,0,1,1,1,1,4,2
6506,639,Ca|Cu|O|Sr|Tl|Y,3,4,1,0,3,1,3,2,4,2,0,1
6507,158,Ga|Mo,1,1,2,0,3,1,3,4,1,1,0,2
6508,2268,Ba|Ca|Cu|La|Ni|O,0,2,3,4,4,3,3,1,0,0,4,0
6509,1389,B|Lu|Os,0,4,4,1,1,0,4,4,1,0,4,1
6510,542,Bi|Cu|La|O|Sr,1,3,4,1,2,1,2,2,1,3,4,2
6511,1989,In|La|Tl,0,1,3,4,1,0,2,3,0,2,4,3
6512,614,Cr|Ru,4,3,1,1,3,0,2,3,2,4,1,3
6513,57,Ba|Ca|Co|Cu|O|Y,1,1,3,4,0,1,3,0,2,4,1,2
6514,74,Ba|Cu|La|O|Y,2,3,3,3,3,1,4,1,0,2,4,2
6515,533,Ge|La|Ni,4,0,1,4,1,3,4,4,0,0,0,1
6516,766,Ta|Ti|V,3,1,2,4,3,3,4,2,2,0,3,1
6517,79,Fe|Se|Te,4,3,3,0,1,3,4,3,4,1,1,0
6518,57,Ba|Ca|Co|Cu|O|Y,1,1,3,4,0,1,2,3,4,0,4,2
6519,344,As|Fe|Li,2,2,4,1,4,3,1,1,3,2,1,3
6520,622,C|Mo|Ti,3,3,2,1,4,2,0,0,3,0,2,4
6521,1126,Nb|Si|Ti,2,2,1,4,2,2,4,4,4,0,4,2
6522,2269,N|Zr,2,4,4,2,2,2,2,3,4,1,1,2
6523,640,As|Ba|Fe|Na,4,4,2,3,1,0,0,3,3,4,2,1
6524,1538,Os|Re|Y,3,0,4,3,1,4,1,4,2,3,2,1
6525,1304,Rh|Ru|Se,2,4,3,1,4,0,2,0,3,3,2,0
6526,2270,Ga|Sb,0,2,3,2,3,1,1,2,0,2,0,0
6527,2271,As|Ca|Fe|O|Sc|Ti,1,2,2,1,4,2,4,1,4,4,2,3
6528,189,Rh|Zr,4,0,1,3,3,1,2,2,2,0,2,4
6529,89,In|Pb|Sn|Te,1,2,1,2,3,2,2,3,1,2,1,1
6530,2272,La|Pb,2,1,3,4,3,2,0,0,0,3,0,2
6531,242,Ba|Cu|La|O|Sr,2,0,1,1,4,2,3,0,4,3,4,4
6532,1294,Bi|F|La|S|Sr,1,2,1,1,2,2,3,4,2,3,1,4
6533,1827,As|Co|F|Fe|La|O,0,0,0,2,3,2,2,4,2,3,4,2
6534,747,Cr|N|Nb,2,3,2,2,3,3,4,2,0,2,1,0
6535,2273,Ni|Rh|Ti,3,3,2,2,4,2,3,4,1,2,2,1
6536,1844,Fe|Rb|Se,1,4,4,4,2,0,2,0,4,4,2,3
6537,2274,As|Ce|Co|Fe|O,4,4,1,2,4,0,3,1,0,1,1,1
6538,429,Cu|La|Ni|O|Sr,0,4,1,1,3,1,4,4,2,4,0,0
6539,293,B|C|Er|Ni|Tb,0,2,2,3,0,2,3,3,3,2,3,3
6540,59,Bi|Ca|Cu|O|Sr,2,1,2,3,0,3,4,2,0,4,1,2
6541,403,B|C|Ho|Lu|Ni,4,3,0,2,0,0,1,4,4,1,4,3
6542,2275,Ce|Cu|Ga|O|Sr|Y,3,3,1,3,0,0,2,4,0,4,0,2
6543,1185,Ir|Nb,1,1,1,2,4,4,2,4,2,0,0,0
6544,247,As|Ca|Fe|La|P,0,3,4,4,2,0,2,3,4,1,1,4
6545,290,Ba|Ca|Cu|La|O|Y,2,0,4,0,1,2,4,0,3,4,3,1
6546,2276,Mo|Nb|Se,0,3,0,3,3,0,1,0,1,3,3,3
6547,436,Ba|Cu|Eu|O|Pr|Sr,4,0,2,2,2,1,0,0,2,3,3,3
6548,7,N|V,0,4,3,2,3,0,3,4,4,1,0,4
6549,889,As|Ca|Fe|O|Sr|V,3,2,4,4,3,0,0,0,4,0,2,3
6550,850,Cu|Fe|La|O|Sr,2,0,4,4,0,2,1,4,0,0,1,0
6551,58,Co|H|Na|O,1,1,0,1,1,1,0,1,0,1,1,3
6552,768,B|C|Ho|La|Ni,1,1,1,1,0,3,1,3,2,3,1,1
6553,819,As|Co|Fe|O|Pr,4,1,3,2,3,3,1,3,0,0,1,3
6554,82,Fe|Ni|Zr,3,2,1,0,0,4,2,0,3,2,3,0
6555,2277,Pb|Pd,4,0,4,2,2,3,3,3,3,1,0,0
6556,785,Se|Ta|Te,0,2,0,1,1,0,1,3,2,0,3,1
6557,327,B|C|Cu|O|Sr,3,4,4,0,2,4,4,1,4,4,3,3
6558,238,Bi|Pd|Te,1,1,3,3,2,2,3,0,0,1,2,0
6559,495,Nb|Se,0,3,0,4,4,0,4,2,3,2,3,3
6560,12,Ba|Ca|Cu|O|Y,3,3,3,3,4,4,3,0,1,3,0,3
6561,776,Cu|Zr,1,0,3,0,4,4,1,3,3,2,3,2
6562,2278,Mo|Se|Sr,4,3,4,0,2,2,3,1,0,1,0,0
6563,97,As|Co|Eu|Fe|Sr,2,1,3,4,1,3,0,4,1,4,1,0
6564,4,Bi|F|Nd|O|Pb|S,1,1,0,0,2,3,4,4,0,3,1,3
6565,2279,Au|Pb|Pd,2,3,0,2,3,0,3,2,3,2,1,1
6566,477,Nb|Ti|Zr,0,1,1,1,3,3,3,2,4,1,4,3
6567,1353,Ba|Cu|O|Ti|Y,3,4,0,0,2,4,4,0,2,2,1,1
6568,114,Cu|O|Sr|Y,4,3,4,2,2,3,3,2,1,0,3,4
6569,618,H|Nb,4,0,3,3,3,0,3,2,3,3,4,0
6570,248,C|Hf|Nb,3,0,0,2,1,0,3,1,0,3,2,2
6571,86,Ba|Cu|O|Y,4,4,4,2,0,4,0,1,0,1,3,4
6572,1167,Bi|F|Nd|O|S,3,4,2,0,1,0,3,0,3,0,0,1
6573,290,Ba|Ca|Cu|La|O|Y,2,0,4,0,1,2,4,0,1,0,0,1
6574,684,Ba|Ca|Cu|Hg|O,0,1,4,0,4,3,1,0,2,1,0,4
6575,1472,Ge|Pd|Pt|Sr,4,4,4,4,3,2,0,2,0,3,0,1
6576,2280,C|Cs|H|N|Na,3,4,0,2,1,4,0,2,0,3,2,2
6577,868,Al|Au|In,3,1,3,0,1,3,2,0,1,2,3,1
6578,2281,Nb|Y,3,1,1,4,2,3,2,3,2,2,0,3
6579,528,C|Hf|Mo,0,1,2,4,1,3,2,0,4,4,1,4
6580,1033,As|Fe|O|Pr|Sb|Sr,2,4,4,4,4,1,3,3,1,4,3,1
6581,2282,Mo|Re|Te,4,4,0,4,4,0,1,4,0,4,4,3
6582,1489,La|Lu,0,1,0,2,1,2,1,1,3,4,2,4
6583,1022,F|Li|O|Rb|W,1,4,4,1,3,0,3,0,2,2,0,2
6584,1346,Ba|Co|Cu|Er|O,0,4,3,1,4,3,4,1,2,1,4,2
6585,5,Al|Ga|V,3,2,3,4,0,2,0,4,2,2,4,2
6586,2090,Ru|Si|Th,3,0,3,2,3,2,2,2,4,2,0,1
6587,2174,Th|Y,1,3,0,0,1,1,3,3,4,3,2,0
6588,19,Gd|In|La,1,2,2,4,3,2,4,1,1,3,1,4
6589,2283,B|Nb|Th,0,3,4,2,2,4,2,4,2,4,0,4
6590,1611,Cl|Mo|Se,2,0,2,3,1,4,1,3,1,4,0,3
6591,384,Cu|Sb,1,1,2,2,4,2,1,2,2,4,3,1
6592,292,Ba|Cu|Fe|O|Y,0,4,0,1,4,3,4,0,3,3,4,4
6593,1519,Cu|Sn,2,0,2,0,4,4,2,2,1,0,3,3
6594,1127,Al|Ti|V,0,1,3,0,0,2,4,4,4,4,2,2
6595,1832,S|Tl|V,4,2,2,4,0,2,0,0,2,1,3,2
6596,65,Ba|Bi|K|O,3,2,0,2,0,0,0,2,4,0,0,3
6597,252,Ce|Cu|La|O|Pr,0,0,4,3,3,0,1,1,1,4,2,3
6598,2284,Cu|Se|Zn,1,2,0,3,1,3,4,1,0,1,1,1
6599,814,Bi|Ca|Cu|Gd|O|Sr,4,3,4,2,0,1,4,1,4,1,0,2
6600,734,Ge|Nb,1,3,4,0,2,2,0,0,1,1,2,4
6601,1108,Ce|Cu|O|Pr,2,0,2,2,4,1,3,4,3,2,4,0
6602,643,Al|V,1,0,2,0,4,4,3,4,4,2,1,4
6603,86,Ba|Cu|O|Y,4,4,4,2,0,4,2,1,2,4,4,4
6604,510,Ba|Cu|O|Yb,2,3,1,1,1,1,0,4,1,3,2,1
6605,61,Ge|La|Pt,2,2,3,1,1,4,1,3,0,2,4,3
6606,45,Ca|Cu|La|O,1,2,0,2,3,1,0,3,2,1,4,0
6607,871,Cu|O|Sr|Ti|Y,3,2,4,2,1,3,2,3,4,4,1,3
6608,686,Ba|Ca|Cu|O|Pr|Y,1,0,3,3,1,0,2,0,4,0,1,4
6609,450,Ba|Cu|F|O|Y,1,3,4,2,1,2,1,2,3,1,4,0
6610,1641,Ga|Mn|Mo,0,4,1,0,3,3,1,2,4,2,2,3
6611,366,As|Ba|Fe|Ni,0,1,0,4,4,3,0,2,3,4,1,1
6612,2285,C|I|Y,1,1,0,3,0,2,0,2,3,4,3,2
6613,539,B|Mg|Pb,1,2,4,1,3,1,4,3,0,2,4,4
6614,2286,Cu|O|Pr|Th,2,2,0,4,3,3,3,2,0,4,3,2
6615,2253,Ba|Cu|La|O|Pr|Sr,2,1,0,2,3,0,1,3,4,2,4,1
6616,286,Ba|Cu|O|Pr|Y,3,1,2,0,3,0,2,0,0,1,4,3
6617,292,Ba|Cu|Fe|O|Y,0,4,0,1,4,3,0,1,1,1,1,4
6618,109,Ba|Cu|Er|Fe|O|Zn,0,1,4,3,3,2,1,3,2,4,4,4
6619,2287,O|V,3,2,2,1,1,2,0,1,2,0,4,4
6620,1233,N|Ti,3,3,2,3,1,1,1,0,1,1,1,0
6621,1099,Ba|Ca|Co|Cu|Er|O|Sr,4,0,4,4,0,1,1,3,0,2,2,2
6622,879,Al|Be|Nb,1,0,4,4,2,0,2,3,3,2,3,2
6623,651,Ir|Os|Rh,0,1,4,2,4,2,2,3,1,4,4,1
6624,58,Co|H|Na|O,1,1,0,1,1,1,3,0,0,1,0,3
6625,1313,B|C,2,1,4,1,4,2,0,1,1,3,3,3
6626,123,B|C|Co|Lu|Ni,4,3,0,1,0,4,3,0,2,3,0,0
6627,876,Mo|Pb|Se|Yb,1,1,1,4,1,0,1,2,4,0,3,1
6628,61,Ge|La|Pt,2,2,3,1,1,4,2,3,2,3,2,3
6629,2288,Br|Li|N|Zr,4,1,4,0,4,4,2,4,1,1,2,3
6630,516,Ba|Cu|Ho|O|Sr,1,2,0,1,3,1,3,2,0,4,1,0
6631,1673,Cu|O|Sm|Sr,4,2,0,4,0,0,2,0,3,2,3,2
6632,273,Bi|Cu|La|O|Pb|Sr,4,4,0,0,0,1,1,3,1,3,2,2
6633,1288,Bi|Cu|O|Sr,3,1,4,0,1,4,1,1,0,0,4,2
6634,1278,In|La,4,4,4,3,3,0,4,0,0,0,4,0
6635,2289,Er|Pd|Sn,0,2,2,2,4,4,1,2,0,2,3,4
6636,269,Ba|Cu|La|Nd|O,3,1,4,1,0,3,3,0,2,4,3,1
6637,315,Al|B|Li|Mg,0,2,2,1,2,0,0,0,4,2,1,0
6638,1895,La|Ru|Sn,4,0,0,3,3,3,1,2,2,4,0,1
6639,2290,Al|B|Li|Pd,1,3,0,4,1,4,0,0,3,2,1,1
6640,168,Cu|La|O,0,4,4,4,1,3,1,0,0,2,3,0
6641,485,B|Li|Rh,0,0,1,4,2,0,3,3,2,3,1,0
6642,1946,As|Ce|F|Fe|O,4,3,0,0,3,0,3,4,1,3,3,2
6643,242,Ba|Cu|La|O|Sr,2,0,1,1,4,2,1,0,0,2,3,4
6644,2291,Ru|Si|Zr,0,2,2,4,0,1,4,4,1,0,3,0
6645,236,Ba|Cu|O|Tm,4,3,1,0,0,1,2,4,0,1,2,3
6646,1469,B|La|Y,0,4,4,2,3,4,0,0,1,2,3,0
6647,339,Ir|Zr,1,3,3,2,0,4,0,0,4,2,3,4
6648,290,Ba|Ca|Cu|La|O|Y,2,0,4,0,1,2,0,4,1,4,3,1
6649,657,Al|Cu|La|O|Sr,4,1,4,4,4,2,2,4,0,2,4,1
6650,1801,Nb|Si,1,1,4,1,3,4,4,0,3,4,3,2
6651,293,B|C|Er|Ni|Tb,0,2,2,3,0,2,1,2,1,3,4,3
6652,2292,Bi|La|Pb,3,4,0,2,2,0,0,3,2,1,2,3
6653,1152,Cu|F|Nd|O,1,4,2,2,3,0,4,3,2,3,3,2
6654,86,Ba|Cu|O|Y,4,4,4,2,0,4,3,1,0,4,1,4
6655,887,Be|Re,2,3,3,2,4,2,0,3,2,4,3,1
6656,840,Ba|Cu|Nd|O|Sr,2,1,1,1,2,2,4,0,1,3,2,3
6657,2293,Cu|O|Y|Zn,4,0,1,4,4,0,3,3,4,4,3,4
6658,723,Nb|Sn|Ta,3,1,3,4,3,1,2,3,4,0,4,0
6659,22,Ba|Co|Cu|O|Y,3,0,2,2,0,4,1,4,3,3,2,3
6660,2294,Rh|Sn|Sr,1,2,0,1,2,3,3,3,1,2,2,0
6661,684,Ba|Ca|Cu|Hg|O,0,1,4,0,4,3,1,0,4,1,1,4
6662,351,Ba|Cu|Hg|O,0,1,0,3,3,4,3,1,3,3,2,2
6663,2236,Ce|Cu|Nd|O|Tb,1,3,1,3,0,2,4,2,4,0,1,4
6664,906,Nb|Sn,2,1,1,4,2,2,0,4,1,4,4,3
6665,2295,Nb|Os,3,1,3,1,1,3,0,3,0,4,0,0
6666,2296,As|Fe|O|P|Sm,2,4,3,2,2,1,4,0,2,3,3,1
6667,465,As|Ba|Fe|K|Zn,2,0,4,2,3,1,3,3,2,0,4,4
6668,1591,B|Mg|Ti,0,3,3,2,4,3,4,2,1,1,4,3
6669,732,S|Se|Ta,4,4,4,0,4,1,1,3,4,0,4,1
6670,242,Ba|Cu|La|O|Sr,2,0,1,1,4,2,3,1,3,1,2,4
6671,1637,Al|B|Mg|Zn,4,1,1,0,0,3,2,1,2,3,3,2
6672,64,Ba|Cu|O|Y|Zn,1,1,2,4,3,2,2,2,0,0,4,1
6673,290,Ba|Ca|Cu|La|O|Y,2,0,4,0,1,2,0,3,2,1,4,1
6674,2297,P|Ru|Zr,2,0,0,2,3,3,1,4,0,0,3,2
6675,232,C|Ho|Th,4,1,4,1,1,1,4,2,0,4,2,1
6676,2062,Pt|Th,1,1,1,3,2,3,0,4,2,0,4,1
6677,2298,In|N|Ti,3,4,3,3,3,0,0,4,2,2,4,2
6678,2003,Co|La|Ru|Sn,2,4,3,1,3,1,2,0,3,2,1,1
6679,86,Ba|Cu|O|Y,4,4,4,2,0,4,3,3,2,3,1,4
6680,1696,Re|V,3,0,1,3,1,3,0,0,2,3,0,2
6681,77,Cu|O|Sr|W|Y,1,2,4,3,4,1,2,2,1,4,0,3
6682,1754,As|F|Fe|Nd|O|Ru,1,1,0,0,2,2,1,1,0,3,4,4
6683,153,Ba|Cu|Ni|O|Y,1,4,4,4,2,1,0,3,1,2,3,1
6684,501,As|Fe|O|Pr|Sr,1,0,1,1,4,0,4,4,3,4,1,3
6685,152,Ba|Cu|O|Sr|Y,2,2,4,0,3,2,1,1,2,0,3,0
6686,139,Al|B|Mg,1,1,3,4,1,1,0,1,3,1,2,1
6687,2299,Ga|Ge,0,2,0,1,1,0,4,4,1,1,4,4
6688,2300,C|Cs|Li,4,1,2,3,1,1,1,0,0,4,1,3
6689,1357,Si|Zr,0,1,1,1,2,1,3,4,0,4,3,3
6690,22,Ba|Co|Cu|O|Y,3,0,2,2,0,4,2,0,2,0,3,3
6691,1126,Nb|Si|Ti,2,2,1,4,2,2,1,2,1,2,3,2
6692,62,Al|Ge|Nb,2,3,3,0,1,3,0,1,4,4,2,2
6693,115,Pb|Tl,4,3,1,2,2,0,1,1,0,1,3,2
6694,1,Ba|Ca|Cu|La|O,0,0,1,3,2,4,2,4,0,1,0,0
6695,204,Cu|La|O|Pr|Sr,1,1,2,0,1,0,3,0,3,3,0,0
6696,1291,Al|Nb|Ta,2,3,0,1,4,3,3,1,2,2,0,2
6697,732,S|Se|Ta,4,4,4,0,4,1,1,3,1,2,4,1
6698,800,Cr|V,3,4,2,4,0,3,2,2,2,3,3,2
6699,684,Ba|Ca|Cu|Hg|O,0,1,4,0,4,3,1,0,1,3,2,4
6700,285,Al|Ge|Nb|Sn,2,1,0,3,1,0,1,1,1,3,0,2
6701,357,Mo|Zr,4,1,4,3,1,0,2,2,0,1,1,3
6702,734,Ge|Nb,1,3,4,0,2,2,3,0,1,4,2,4
6703,286,Ba|Cu|O|Pr|Y,3,1,2,0,3,0,4,3,3,1,4,3
6704,369,Hg|In,1,1,2,1,4,3,4,0,1,3,1,3
6705,2301,Ce|Cu|O|Re|Sr|Y,0,0,1,4,4,3,0,1,3,1,2,4
6706,224,Ce|Cu|La|Nd|O,3,0,0,4,2,0,1,2,2,1,1,2
6707,1025,Ga|Mn|Nb,1,1,4,0,2,4,0,3,4,1,0,2
6708,2302,Mn|Pd|Sb,1,0,4,4,3,0,3,0,0,4,3,2
6709,1050,Ba|Ca|Cu|Ho|O,2,2,0,1,2,4,3,1,4,0,4,4
6710,473,Ba|Ca|Cu|O|Sr|Yb,2,2,0,1,4,2,2,2,4,1,3,2
6711,2303,Os|V,4,2,0,2,1,0,2,1,3,4,3,3
6712,494,Ba|Cu|Si,0,3,3,0,4,3,1,2,4,3,1,0
6713,1139,B|Co|Mg,1,0,2,0,2,3,2,4,1,2,2,2
6714,1285,O|Rb|W,4,2,2,3,3,4,3,3,4,4,1,1
6715,12,Ba|Ca|Cu|O|Y,3,3,3,3,4,4,2,1,0,1,0,3
6716,1101,Cr|Fe|K|Se,0,1,3,0,3,0,3,3,1,4,2,1
6717,929,Be|Ga,1,4,1,1,3,1,3,2,0,0,3,4
6718,1406,Sn|Te,4,3,2,4,0,4,0,2,4,0,1,0
6719,286,Ba|Cu|O|Pr|Y,3,1,2,0,3,0,2,4,2,1,0,3
6720,57,Ba|Ca|Co|Cu|O|Y,1,1,3,4,0,1,4,2,2,0,3,2
6721,749,C|Ca|Cu|O|Sr|Y,2,4,1,1,1,4,2,3,2,2,3,4
6722,351,Ba|Cu|Hg|O,0,1,0,3,3,4,2,0,4,0,1,2
6723,1821,Ir|Th,0,3,3,4,0,4,3,2,0,3,3,3
6724,112,Pt|V,1,4,4,0,1,3,4,4,2,1,3,3
6725,756,As|Ca|Fe|Pr,3,4,0,1,2,1,0,0,0,0,4,1
6726,2304,Te|Zr,1,4,1,2,4,1,1,1,1,3,0,3
6727,1628,B|C|Ni|Tb|Y,2,0,1,3,4,2,1,4,1,3,2,1
6728,1058,Tc|W,1,2,1,3,4,2,4,4,3,3,2,4
6729,2305,Ba|Cu|Eu|Ga|O,1,3,2,3,1,2,4,2,2,1,1,3
6730,2306,Nb|Pt|Si,3,3,1,1,4,3,0,3,2,1,2,4
6731,2307,Ca|Cs|Li|Nb|O,3,1,1,0,0,1,1,0,0,0,0,2
6732,286,Ba|Cu|O|Pr|Y,3,1,2,0,3,0,4,3,1,3,3,3
6733,343,As|Ca|Fe|Pt,0,4,4,2,2,3,2,2,2,2,1,1
6734,286,Ba|Cu|O|Pr|Y,3,1,2,0,3,0,2,4,4,4,0,3
6735,1284,Pt|W,4,0,4,1,3,0,3,4,1,1,1,0
6736,401,Co|Zr,0,3,3,0,2,1,0,2,3,2,4,4
6737,2308,Pd|Rh|Ti,4,1,2,4,4,2,0,0,4,0,0,0
6738,84,H|Pd,0,4,3,0,4,4,4,4,4,2,2,2
6739,86,Ba|Cu|O|Y,4,4,4,2,0,4,2,0,4,3,4,4
6740,2309,Bi|Ca|Cu|O|Sr|V,0,0,4,3,3,2,2,2,4,2,3,1
6741,1374,Fe|V|Zr,3,0,2,4,0,0,3,1,4,0,2,2
6742,2310,Be|Cu|Ni|Ti|Zr,4,2,2,3,1,3,3,3,2,0,4,4
6743,292,Ba|Cu|Fe|O|Y,0,4,0,1,4,3,4,4,3,0,4,4
6744,2311,As|Ba|Fe|Rb|Sn,1,0,4,1,2,1,4,1,1,1,3,2
6745,2207,Ce|Ru,0,3,1,4,0,1,2,4,2,3,1,2
6746,224,Ce|Cu|La|Nd|O,3,0,0,4,2,0,1,2,4,0,1,2
6747,394,Ca|Cl|Cu|K|O,0,3,0,2,3,2,1,4,0,0,2,4
6748,1220,Al|Ba|Si,0,2,2,2,3,1,2,1,0,0,0,4
6749,2312,Ce|Cu|Eu|O|Sr|Ti,2,1,3,3,2,4,0,2,3,2,3,3
6750,10,Cu|La|O|Pb|Sr,3,0,0,3,2,2,1,4,3,4,1,3
6751,1981,Bi|La|O|S|Th,1,1,4,1,4,2,2,3,4,3,0,4
6752,1381,Ge|Sb|V,3,4,0,2,2,0,2,4,2,1,3,2
6753,1,Ba|Ca|Cu|La|O,0,0,1,3,2,4,0,0,1,0,3,0
6754,411,Bi|Ca|Cu|I|O|Sr,4,0,4,2,2,1,1,0,1,1,0,1
6755,1,Ba|Ca|Cu|La|O,0,0,1,3,2,4,0,2,1,2,1,0
6756,1408,Al|Nb|V,4,3,2,3,4,1,1,3,2,4,4,3
6757,1459,Cl|K|N|Zr,1,3,1,1,0,4,3,2,1,4,4,3
6758,2254,C|Mo|Y,0,1,4,1,0,3,4,3,4,0,4,0
6759,2119,Ga|In|La,0,3,3,0,2,3,1,2,1,4,3,0
6760,2313,Pt|Rh|Ti,3,0,0,2,3,0,0,2,4,2,0,4
6761,1149,Co|Ni|Zr,2,4,0,4,3,0,4,3,2,1,4,2
6762,632,Au|Sn,1,2,0,2,0,1,1,4,3,3,1,0
6763,216,Cu|La|O|Sr,4,4,1,1,0,1,4,2,0,1,3,4
6764,0,As|Ba|Fe|K,0,4,2,3,0,4,0,2,1,4,3,1
6765,1736,Ca|Cu|Ga|O|Sr,1,2,1,3,2,4,3,3,4,4,4,4
6766,1959,Sb|V,1,2,0,3,2,4,1,3,4,2,4,1
6767,2270,Ga|Sb,0,2,3,2,3,1,4,2,3,2,4,0
6768,65,Ba|Bi|K|O,3,2,0,2,0,0,2,4,1,1,0,3
6769,2314,As|F|Fe|O|P|Pr,1,3,3,2,2,4,4,4,2,3,0,1
6770,53,Ga|Si|Sr,1,0,2,4,3,1,4,2,1,2,0,3
6771,2210,Al|Nb|O,1,2,4,4,2,3,1,4,1,4,3,1
6772,136,Nb|Zr,0,4,3,4,3,1,4,2,1,4,1,1
6773,109,Ba|Cu|Er|Fe|O|Zn,0,1,4,3,3,2,4,3,4,0,1,4
6774,2315,Bi|Cu|O|Sr|Y,4,0,1,1,2,3,3,4,3,1,3,4
6775,62,Al|Ge|Nb,2,3,3,0,1,3,2,0,3,3,3,2
6776,351,Ba|Cu|Hg|O,0,1,0,3,3,4,3,1,4,3,3,2
6777,2316,Cd|Cu|Se,0,1,1,1,2,4,0,0,1,2,1,0
6778,640,As|Ba|Fe|Na,4,4,2,3,1,0,0,3,1,1,1,1
6779,800,Cr|V,3,4,2,4,0,3,3,3,2,1,0,2
6780,2317,Os,3,0,3,4,3,4,1,1,3,4,1,3
6781,648,Ta|Zr,3,0,4,1,2,2,4,2,4,0,3,4
6782,1591,B|Mg|Ti,0,3,3,2,4,3,2,2,3,3,2,3
6783,1725,Al|Th,1,0,2,1,3,0,1,3,3,1,0,4
6784,1195,Ba|Ca|Cu|F|O,4,2,2,3,2,3,1,4,1,3,2,3
6785,524,Os|Re,2,3,4,2,4,3,1,0,1,2,3,3
6786,678,C|La,2,0,0,3,3,2,4,4,0,1,4,0
6787,139,Al|B|Mg,1,1,3,4,1,1,2,3,1,4,0,1
6788,717,Ce|Cu|O|Pr|Y,4,2,4,2,3,0,3,2,0,4,4,4
6789,1137,Ca|Cl|Cu|Na|O,2,2,4,3,3,0,1,1,0,2,3,1
6790,2318,O|Sr|Ti|Zr,1,3,1,3,0,1,4,1,4,2,0,1
6791,1739,C|Ru|Y,2,2,3,1,0,0,2,4,4,3,4,4
6792,1752,Mo|Pb|S|Sn,1,1,4,0,1,0,2,4,4,4,1,2
6793,577,Mo|S|Sn,0,4,0,2,1,2,4,2,3,3,3,2
6794,1677,Bi|F|Nd|O|S|Sm,0,2,2,0,1,4,1,1,3,0,1,3
6795,24,Cu|La|Mn|O|Sr,4,4,2,4,3,1,2,1,2,4,3,1
6796,944,Cu|Se|Te,4,1,4,0,3,3,0,1,1,0,2,1
6797,1149,Co|Ni|Zr,2,4,0,4,3,0,4,3,1,2,3,2
6798,36,Bi|Ca|Cu|O|Sr|Y,4,2,4,1,1,0,2,0,0,0,1,4
6799,1868,Cu|La|Nd|O|Th,1,4,3,2,0,1,4,1,4,3,3,4
6800,2319,Fe|La,2,1,3,0,3,3,1,1,4,3,1,2
6801,1671,B|Er|Ir|Rh,1,4,2,4,0,1,4,3,0,3,4,2
6802,853,C|Lu|Th,0,3,2,2,1,0,3,0,1,3,0,3
6803,784,Nb|Re,2,1,0,0,3,1,1,3,0,2,1,4
6804,723,Nb|Sn|Ta,3,1,3,4,3,1,0,3,0,0,4,0
6805,1540,As|Rh,0,2,2,0,2,4,0,1,1,3,3,2
6806,287,Bi|Pb,3,2,1,1,1,3,3,1,1,3,3,1
6807,2320,W|Zr,2,0,1,1,3,4,0,1,2,3,2,4
6808,2321,As|F|Fe|Ho|O,3,3,4,0,4,2,1,0,0,0,0,3
6809,774,Ca|Cu|O|Pr|Sr|Tl,3,4,0,4,3,0,3,2,0,0,0,0
6810,2322,Nb,4,4,3,3,4,4,1,4,2,0,4,4
6811,290,Ba|Ca|Cu|La|O|Y,2,0,4,0,1,2,3,2,0,1,3,1
6812,2323,Ru|Sn|Y,0,1,3,1,4,2,2,2,1,0,3,0
6813,1137,Ca|Cl|Cu|Na|O,2,2,4,3,3,0,3,2,0,2,2,1
6814,2189,As|Ba|Fe|La,0,1,4,1,2,1,2,4,0,0,0,0
6815,402,Ce|Co|In|Rh,2,1,4,2,1,3,3,1,1,1,0,3
6816,246,Bi|K|O,0,4,4,1,0,3,3,3,3,0,1,3
6817,1,Ba|Ca|Cu|La|O,0,0,1,3,2,4,3,2,0,2,1,0
6818,1226,As|Co|Fe|O|Sm,1,2,0,1,3,0,3,2,2,0,0,0
6819,434,Re|Ta,1,2,2,4,4,0,4,0,1,4,1,1
6820,1888,As|Fe|Ni|Sr,3,2,4,0,0,2,1,4,0,3,0,1
6821,670,Nb|S,1,1,1,4,2,2,1,2,2,0,4,1
6822,227,Pd|Te,4,0,0,0,2,0,4,1,1,1,2,3
6823,1764,Ba|Ge|Si,2,1,3,1,0,3,1,1,3,2,4,4
6824,2324,Ca|Cu|Gd|O|Sr|Tl,2,0,3,3,0,3,3,1,3,4,0,3
6825,166,Ce|La|Ru,3,4,1,1,0,3,2,4,2,1,3,1
6826,351,Ba|Cu|Hg|O,0,1,0,3,3,4,3,2,3,0,2,2
6827,74,Ba|Cu|La|O|Y,2,3,3,3,3,1,4,1,0,1,1,2
6828,2325,As|Fe|Na,2,2,3,3,2,0,0,0,2,3,1,4
6829,2093,Ce|Ge|Pr|Pt,1,3,2,2,2,3,2,3,4,2,0,0
6830,1073,Cr|Mo,0,2,1,4,2,4,2,3,0,3,2,1
6831,90,As|Fe|H|La|O,2,3,1,3,4,0,3,3,4,4,4,2
6832,571,B|C|Pd|Y,0,3,2,0,1,0,2,4,3,0,2,0
6833,282,B|Cu|Mg,2,4,0,1,4,1,3,4,4,0,2,0
6834,1221,C|Mo|Zr,0,4,1,2,2,1,4,2,2,1,0,1
6835,1,Ba|Ca|Cu|La|O,0,0,1,3,2,4,4,1,0,4,0,0
6836,19,Gd|In|La,1,2,2,4,3,2,3,0,1,3,1,4
6837,333,C|Er|Th,4,0,4,2,3,0,1,3,4,0,1,1
6838,581,Ti|V,3,1,3,1,1,2,4,1,2,4,2,0
6839,457,Ca|Cu|La|O|Sr,0,0,1,2,2,2,2,0,2,0,0,1
6840,1383,B|C|Dy|Lu|Ni,3,3,4,2,3,3,1,0,2,0,0,0
6841,871,Cu|O|Sr|Ti|Y,3,2,4,2,1,3,1,4,4,4,4,3
6842,661,Nb|Ta|Zr,0,0,2,3,1,2,2,4,2,1,2,0
6843,1225,B|Mo|Zr,0,1,1,4,3,2,0,3,2,1,1,4
6844,106,Nb|Ru,2,2,3,4,1,3,4,1,2,4,0,0
6845,2326,B|C|Lu|Pd,1,2,4,2,0,1,3,0,4,4,4,2
6846,292,Ba|Cu|Fe|O|Y,0,4,0,1,4,3,1,0,3,3,1,4
6847,2327,Ag|Cd|Sn,2,1,4,1,3,1,1,1,3,4,2,3
6848,422,Bi|Ca|Cu|O|Pb|Sr,3,0,1,3,0,1,2,4,1,4,1,4
6849,59,Bi|Ca|Cu|O|Sr,2,1,2,3,0,3,2,3,4,3,3,2
6850,1209,Mo|Pb|S,4,4,3,2,3,0,2,1,0,1,2,1
6851,1559,Mo|Pb|S|Se,2,3,0,0,2,3,2,3,3,3,2,3
6852,2328,B|Ca|Cu|O|Sr,1,0,1,2,3,1,4,0,4,0,1,0
6853,2329,Bi|La|Pt,0,2,1,3,4,0,0,4,4,2,2,3
6854,90,As|Fe|H|La|O,2,3,1,3,4,0,4,4,0,4,2,2
6855,687,Ba|Ca|Cu|Hg|O|Pb,2,0,4,4,1,2,0,2,1,4,3,4
6856,473,Ba|Ca|Cu|O|Sr|Yb,2,2,0,1,4,2,2,1,0,1,3,2
6857,79,Fe|Se|Te,4,3,3,0,1,3,2,2,4,3,3,0
6858,535,Hf|Ta,0,2,0,3,2,0,3,3,1,0,3,2
6859,473,Ba|Ca|Cu|O|Sr|Yb,2,2,0,1,4,2,1,2,3,2,3,2
6860,1385,Nb|Si|Sn,1,1,0,4,4,4,0,3,4,2,1,4
6861,440,Ba|Cu|Gd|O,2,1,0,3,0,2,1,4,4,2,3,4
6862,624,Ru|Zr,0,4,4,2,3,3,4,4,4,2,3,3
6863,1206,Pd|Sb,0,4,2,3,1,3,0,1,2,2,0,3
6864,2228,Ca|Cu|Ga|O|Sr|Tm,4,3,2,1,1,1,1,4,3,2,4,3
6865,2330,Au|B|C|Nd|Pt,4,3,3,4,0,2,2,1,4,0,4,0
6866,651,Ir|Os|Rh,0,1,4,2,4,2,2,1,0,2,2,1
6867,2331,Co|Th,0,1,1,1,0,1,3,3,1,2,3,3
6868,1288,Bi|Cu|O|Sr,3,1,4,0,1,4,3,0,1,4,3,2
6869,2332,Ca|Cu|O|Sr|Tl|Yb,3,2,3,0,1,4,3,1,0,1,0,1
6870,426,Ce|Cu|Nd|Ni|O,4,1,3,1,4,4,4,4,0,0,4,3
6871,2333,Cl|Mg|N|Zr,3,0,3,0,4,2,0,3,1,2,1,1
6872,514,Bi|In,3,0,1,2,2,2,2,0,1,2,3,0
6873,2334,Si|V|Zr,4,4,2,0,4,0,0,1,3,2,2,4
6874,1456,Mo|Rh,4,2,1,3,1,1,4,0,0,1,1,1
6875,2335,Hf|V|Y,4,4,4,0,1,2,0,1,0,2,2,0
6876,504,Al|Ga|Nb,2,4,3,1,2,0,1,3,0,4,3,3
6877,2336,Ir|Mo|Nb,0,3,0,3,2,0,1,1,2,1,3,2
6878,64,Ba|Cu|O|Y|Zn,1,1,2,4,3,2,0,0,0,2,2,1
6879,112,Pt|V,1,4,4,0,1,3,2,4,0,4,2,3
6880,840,Ba|Cu|Nd|O|Sr,2,1,1,1,2,2,0,3,0,1,3,3
6881,64,Ba|Cu|O|Y|Zn,1,1,2,4,3,2,1,2,4,0,3,1
6882,1387,Cu|La|O|Sr|Tl,3,0,1,1,3,1,0,1,4,2,3,0
6883,123,B|C|Co|Lu|Ni,4,3,0,1,0,4,1,4,2,4,1,0
6884,204,Cu|La|O|Pr|Sr,1,1,2,0,1,0,0,4,0,4,1,0
6885,1288,Bi|Cu|O|Sr,3,1,4,0,1,4,3,3,3,1,1,2
6886,242,Ba|Cu|La|O|Sr,2,0,1,1,4,2,1,2,3,0,0,4
6887,2337,As|Fe|K,4,2,0,4,1,3,1,2,4,0,2,3
6888,153,Ba|Cu|Ni|O|Y,1,4,4,4,2,1,1,0,2,4,4,1
6889,686,Ba|Ca|Cu|O|Pr|Y,1,0,3,3,1,0,2,1,1,2,4,4
6890,912,Fe|Se,0,0,3,4,0,4,1,2,3,2,2,0
6891,2338,Rh|U,3,4,3,0,1,0,1,3,4,3,0,0
6892,2228,Ca|Cu|Ga|O|Sr|Tm,4,3,2,1,1,1,2,0,4,2,1,3
6893,199,Al|Si|V,4,4,1,1,1,2,0,1,4,0,2,4
6894,2339,Bi|Ca|Co|Cu|O|Sr,2,4,3,3,1,0,2,3,4,3,3,4
6895,1618,Ba|Ca|Cu|Hg|O|Tl|Y,4,0,3,0,4,1,4,0,0,3,2,4
6896,216,Cu|La|O|Sr,4,4,1,1,0,1,0,1,4,2,2,4
6897,274,Ca|Cu|La|Nd|O,2,4,2,4,4,3,2,4,1,0,3,4
6898,352,Fe|S|Se|Te,4,0,2,2,3,0,2,4,3,3,3,1
6899,922,Mo|Os,1,3,3,2,0,0,3,3,0,0,3,3
6900,564,Mo|S|Se,1,1,4,1,3,3,1,2,1,3,3,4
6901,292,Ba|Cu|Fe|O|Y,0,4,0,1,4,3,0,2,1,0,1,4
6902,680,Al|Pd|U,0,4,1,4,1,4,0,2,4,4,0,3
6903,1210,Bi|Ce|F|Nd|O|S,4,2,0,3,1,2,0,3,1,3,0,4
6904,581,Ti|V,3,1,3,1,1,2,3,3,1,0,2,0
6905,138,Ir|V,0,0,2,3,3,2,4,3,4,1,3,1
6906,743,Nb|Sb|Sn,4,0,1,1,3,3,1,2,4,1,3,3
6907,2340,C|Tb,1,1,3,4,3,3,2,2,0,2,2,3
6908,229,B|Li|Pd|Pt,1,1,2,4,0,0,0,0,2,2,3,2
6909,416,As|Ba|Co|Fe,3,2,2,4,2,1,1,0,3,4,2,3
6910,739,Ca|Cu|O|Pb|Sr|Y,1,4,3,0,4,2,4,1,4,3,0,3
6911,2341,Cu|La|O|Rb,0,3,2,2,1,2,4,0,2,4,2,0
6912,2342,Bi|Lu|Pt,3,1,3,2,2,1,1,3,3,1,4,1
6913,492,Ir|Os|Th,2,3,1,2,1,0,1,3,4,4,4,2
6914,72,B|C|Mg|Ni,4,2,0,0,0,0,0,0,4,0,3,2
6915,1967,Co|Ga|H|Na|O,0,4,2,3,3,1,4,2,4,1,3,2
6916,288,Nb|U,3,3,1,1,2,1,1,2,4,0,1,1
6917,2168,Ca|Pt|Si,1,2,2,2,4,3,1,1,4,4,1,0
6918,154,In|Te,2,2,3,2,0,1,1,3,1,2,3,4
6919,1120,Cr|Rh,4,2,0,3,0,0,0,3,4,0,4,0
6920,728,C|Th|Y,4,0,4,1,4,1,1,0,2,0,2,4
6921,260,Ba|Bi|O|Sb|Ti,1,2,0,0,4,0,4,2,4,3,0,3
6922,156,Pd|Se,3,0,3,1,0,4,4,2,3,3,4,2
6923,1627,Ba|Cu|O|Rb|Y,1,1,4,4,0,4,2,4,0,4,4,2
6924,246,Bi|K|O,0,4,4,1,0,3,0,4,3,4,2,3
6925,1202,Ir|Ru|Th,0,4,4,1,4,2,0,3,2,3,0,1
6926,1235,Ba|Ca|Cu|Nd|O,0,1,4,1,0,1,4,0,2,4,0,0
6927,1504,Ba|Cu|F|O|Sr,3,2,1,0,1,2,4,1,3,0,3,3
6928,856,C|Fe|Mg|Ni,1,2,4,0,0,3,2,3,2,0,3,0
6929,684,Ba|Ca|Cu|Hg|O,0,1,4,0,4,3,0,4,3,4,4,4
6930,0,As|Ba|Fe|K,0,4,2,3,0,4,4,1,1,0,0,1
6931,2023,Ba|Cu|Fe|O|Sm,4,4,3,0,3,3,2,3,0,0,3,2
6932,511,Al|Ca|Ga|Si,3,2,3,0,0,0,4,4,2,2,0,0
6933,1908,La|Pb|Tl,2,4,0,2,3,2,0,0,0,4,1,2
6934,1805,Sc|V,4,4,2,2,3,3,1,3,2,4,2,1
6935,263,Ga|Nb,3,0,4,0,0,4,2,3,4,0,2,4
6936,1863,Ce|Ge|Ni,0,4,2,0,2,0,3,2,4,3,2,4
6937,2343,Ag|B,1,3,1,0,1,1,1,1,0,4,3,2
6938,600,Bi|Cu|La|O|Pb|Sr|Y,2,0,0,1,1,1,1,0,2,3,2,2
6939,1383,B|C|Dy|Lu|Ni,3,3,4,2,3,3,1,4,2,3,1,0
6940,2344,P|W,2,4,2,0,0,3,1,1,2,1,3,3
6941,684,Ba|Ca|Cu|Hg|O,0,1,4,0,4,3,4,2,1,1,1,4
6942,229,B|Li|Pd|Pt,1,1,2,4,0,0,1,4,0,0,4,2
6943,2345,Ba|Ca|Cu|La|O|Zn,1,2,0,2,3,4,0,0,0,0,3,1
6944,984,Nb|Os|Rh,2,3,0,0,3,2,0,3,1,2,0,0
6945,350,Ba|Ca|Cu|La|Nd|O,2,4,3,4,0,4,1,1,4,1,1,1
6946,1917,Br|Cl|Li|N|Zr,4,2,3,3,2,4,2,1,4,4,2,3
6947,2088,As|Ba|Fe|K|Ni,2,0,0,0,1,1,4,2,4,1,3,0
6948,343,As|Ca|Fe|Pt,0,4,4,2,2,3,2,1,0,1,2,1
6949,1152,Cu|F|Nd|O,1,4,2,2,3,0,4,3,4,0,4,2
6950,1132,B|Mg|Sc,0,2,0,3,1,2,4,0,0,1,0,4
6951,2346,Bi|Pt|Se,1,3,2,0,4,4,3,1,3,0,3,4
6952,2034,Al|Mo|Nb,4,0,0,2,1,4,2,1,1,2,4,2
6953,2347,As|Ba|Fe|Pt,3,0,2,4,4,1,1,4,1,3,0,3
6954,610,C|Mo,2,1,0,2,2,3,1,2,3,4,0,1
6955,262,Ag|Tl,2,2,0,2,3,0,3,2,4,2,2,1
6956,2348,B|La|Rh|Y,0,1,0,1,0,2,4,2,2,2,2,0
6957,2349,As|Pt|Sr,1,3,0,2,0,0,4,3,4,0,4,2
6958,2350,Au|Rh|Ti,4,2,1,4,4,0,1,0,0,1,0,1
6959,881,Al|Li,2,3,1,3,2,2,4,4,2,0,0,3
6960,774,Ca|Cu|O|Pr|Sr|Tl,3,4,0,4,3,0,0,1,2,1,2,0
6961,909,Cu|La|Nd|O|Zn,1,0,0,1,3,2,1,4,3,2,2,0
6962,115,Pb|Tl,4,3,1,2,2,0,3,4,4,0,4,2
6963,151,Cu|Th,0,4,0,4,4,4,3,4,3,2,4,0
6964,829,Mo|Nb,4,1,0,0,2,0,0,0,4,0,4,2
6965,33,C|N|Nb,1,0,3,0,2,3,3,0,3,3,3,3
6966,351,Ba|Cu|Hg|O,0,1,0,3,3,4,1,4,3,4,4,2
6967,2351,Eu|Fe|Se,3,3,3,3,3,0,1,3,3,0,3,2
6968,477,Nb|Ti|Zr,0,1,1,1,3,3,2,0,0,3,3,3
6969,461,Al|Ba|Cu|O|Y,1,0,4,4,3,2,1,2,3,1,4,4
6970,227,Pd|Te,4,0,0,0,2,0,3,2,0,1,2,3
6971,850,Cu|Fe|La|O|Sr,2,0,4,4,0,2,0,2,1,4,3,0
6972,1494,Co|Ga|Nb,2,0,1,1,0,4,0,4,0,4,0,2
6973,1616,B|Mg|Mn,1,3,4,3,3,2,2,2,0,3,3,4
6974,1364,Ni|Zr,2,1,2,3,2,1,0,1,3,1,0,4
6975,2352,C|Yb,0,3,0,1,3,1,1,4,3,2,4,1
6976,2353,Ba|Ca|Cu|Fe|La|O,1,4,1,1,3,2,0,4,1,2,1,0
6977,912,Fe|Se,0,0,3,4,0,4,1,3,2,1,1,0
6978,1546,Rh|Y,1,3,2,2,0,1,2,0,0,2,1,3
6979,2150,La|Si,2,4,2,0,1,2,4,4,3,4,1,1
6980,558,Br|C|Cl|Y,3,1,0,2,0,3,4,0,3,0,2,2
6981,625,Nb|W,4,3,2,2,4,3,1,3,2,1,0,4
6982,42,Cu|La|O|Sr|Zn,1,2,4,4,3,1,0,2,0,1,1,1
6983,595,Cu|Ir|S|Zn,2,4,3,0,3,2,0,3,2,1,2,1
6984,10,Cu|La|O|Pb|Sr,3,0,0,3,2,2,0,3,3,4,3,3
6985,441,Ba|Ca|Cu|La|O|Yb,1,2,1,2,1,1,3,3,2,0,2,2
6986,923,Mo|Pt|Re,2,0,3,1,2,3,1,1,2,3,4,1
6987,542,Bi|Cu|La|O|Sr,1,3,4,1,2,1,2,3,2,3,0,2
6988,1753,Ba|Ca|Cu|F|Fe|O|Tl,0,2,0,4,2,0,1,2,0,2,0,3
6989,2354,Co|Ir|Lu|Si,2,3,1,4,0,2,3,4,2,3,4,3
6990,1149,Co|Ni|Zr,2,4,0,4,3,0,4,1,1,0,4,2
6991,1866,Al|Ca|Si,0,0,0,2,2,1,3,4,0,1,2,4
6992,1,Ba|Ca|Cu|La|O,0,0,1,3,2,4,4,0,2,4,4,0
6993,178,Bi|Hf|La|O|S,3,2,3,4,2,1,3,1,4,4,1,3
6994,1437,Fe|Se|Sm,3,3,3,0,1,2,3,4,1,0,2,4
6995,64,Ba|Cu|O|Y|Zn,1,1,2,4,3,2,4,1,1,2,3,1
6996,587,Ba|Cu|Hg|O|Re,2,0,1,1,3,2,4,3,1,0,4,0
6997,2355,Ca|Cu|Mo|O|Sr|Y,1,2,1,3,4,0,0,4,2,4,2,2
6998,1147,Co|Ru,2,1,1,4,3,1,1,3,4,1,3,3
6999,2356,B|C|Hf|Mo,3,1,1,2,4,4,1,3,4,1,3,4
7000,1514,Ho|Os|Sn,1,4,3,0,4,0,4,4,1,2,4,3
7001,1137,Ca|Cl|Cu|Na|O,2,2,4,3,3,0,3,0,3,0,4,1
7002,1167,Bi|F|Nd|O|S,3,4,2,0,1,0,2,0,1,1,1,1
7003,128,Cl|Li|N|Zr,1,1,2,3,1,1,0,2,2,2,2,4
7004,899,Bi|Cu|O|S,3,1,1,4,1,2,2,1,4,1,0,0
7005,74,Ba|Cu|La|O|Y,2,3,3,3,3,1,0,0,3,0,4,2
7006,1176,Pt|Ru,0,4,2,1,3,1,0,4,0,3,1,3
7007,1,Ba|Ca|Cu|La|O,0,0,1,3,2,4,3,3,3,0,3,0
7008,970,Nb|Sn|Ta|V,4,3,2,4,4,0,4,0,4,1,1,2
7009,1967,Co|Ga|H|Na|O,0,4,2,3,3,1,1,4,1,4,4,2
7010,110,Au|Ge|Yb,2,3,0,0,4,0,1,1,0,1,4,0
7011,507,Ba|Cu|H|O|Y,2,1,2,4,1,2,4,2,2,3,1,2
7012,1277,As|Ca|Fe|La|Pt,2,0,4,1,0,0,4,0,3,4,4,1
7013,1998,B|Li|Mg,2,0,3,1,1,1,3,4,0,3,0,3
7014,429,Cu|La|Ni|O|Sr,0,4,1,1,3,1,0,2,4,1,1,0
7015,504,Al|Ga|Nb,2,4,3,1,2,0,2,4,3,0,1,3
7016,62,Al|Ge|Nb,2,3,3,0,1,3,1,3,1,4,1,2
7017,1618,Ba|Ca|Cu|Hg|O|Tl|Y,4,0,3,0,4,1,1,2,3,2,1,4
7018,163,Ge|La,4,4,2,2,2,1,4,3,3,2,4,4
7019,1384,C|Nb|W,3,4,1,4,3,3,1,4,2,2,2,4
7020,1195,Ba|Ca|Cu|F|O,4,2,2,3,2,3,1,3,3,3,3,3
7021,2357,Cu|O|Sr|V|Y,2,1,2,2,4,2,4,3,2,3,1,2
7022,1266,B|C|Gd|Ni|Y,1,0,0,1,3,3,0,0,3,0,1,1
7023,601,As|Sn|Te,3,0,4,1,4,0,3,0,1,2,2,2
7024,53,Ga|Si|Sr,1,0,2,4,3,1,0,0,3,3,1,3
7025,2358,Mo|Se|Yb,3,1,2,0,4,2,2,2,1,4,4,1
7026,239,As|Ba|Fe|Ru,0,3,3,1,1,3,4,3,3,1,2,2
7027,1267,Al|Nb|Si,3,0,3,0,3,1,1,4,0,3,3,4
7028,286,Ba|Cu|O|Pr|Y,3,1,2,0,3,0,0,0,4,0,0,3
7029,351,Ba|Cu|Hg|O,0,1,0,3,3,4,1,3,1,0,3,2
7030,2359,As|Co|Fe|Sr|Zn,3,1,2,3,2,0,1,0,3,0,1,0
7031,516,Ba|Cu|Ho|O|Sr,1,2,0,1,3,1,1,4,4,2,4,0
7032,1808,O|Ti,0,0,2,4,0,3,3,2,1,2,4,0
7033,1364,Ni|Zr,2,1,2,3,2,1,4,4,1,3,3,4
7034,350,Ba|Ca|Cu|La|Nd|O,2,4,3,4,0,4,4,1,0,0,1,1
7035,2360,As|Ru|Zr,4,2,0,1,1,2,3,4,3,3,3,0
7036,2361,F|K|O|W,0,0,1,3,4,1,3,2,4,3,3,2
7037,1565,As|Fe|H|O|Sm,2,4,0,4,4,3,1,3,0,0,0,1
7038,1364,Ni|Zr,2,1,2,3,2,1,1,3,0,1,3,4
7039,1380,Al|Ti,3,0,1,0,0,2,1,2,0,3,2,3
7040,605,Ba|Cu|O|Pr|Sr|Yb,1,4,0,3,1,2,0,0,1,0,2,4
7041,694,Ba|Cu|Gd|O|Pr,4,4,3,2,3,0,0,3,0,3,2,2
7042,358,N|Nb,1,3,3,2,3,1,3,0,2,1,1,1
7043,2362,Ce|Ru|Sc,1,4,2,3,2,4,2,0,1,4,2,0
7044,1154,As|F|Fe|O|Sm,3,2,4,3,2,0,1,3,0,1,3,3
7045,2057,Fe|Rb|Se|Te,4,1,3,1,3,0,2,4,0,3,4,3
7046,1775,Ba|Cu|O|Sr,4,2,3,0,1,3,2,2,4,1,4,0
7047,2363,As|Ba|Pt,2,3,1,2,4,1,3,4,4,1,2,4
7048,154,In|Te,2,2,3,2,0,1,2,0,4,4,1,4
7049,373,Ba|Cu|Hg|Mo|O,2,4,4,4,1,4,0,1,0,1,0,4
7050,810,Cu|La|O|Sr|Ti,2,2,3,0,2,0,2,3,4,3,4,3
7051,267,Ta|W,2,2,2,0,4,4,0,3,1,4,0,2
7052,39,B|Er|Gd|Rh,2,1,2,2,3,2,2,2,2,1,4,3
7053,1340,Ba|Cu|Ga|Nd|O,2,2,3,4,4,2,1,2,2,3,4,1
7054,286,Ba|Cu|O|Pr|Y,3,1,2,0,3,0,1,4,0,2,4,3
7055,331,As|Co|Fe|Na,0,3,1,4,4,0,0,4,0,1,0,3
7056,2364,Nb|O,1,1,1,1,1,0,3,3,0,4,2,1
7057,2365,Ru|U,3,0,4,0,2,1,2,3,4,3,4,3
7058,1029,Ce|La|Sn,3,2,3,4,3,0,1,4,1,0,1,3
7059,11,Ba|Cu|Nd|O,4,1,1,2,1,1,1,1,4,2,1,4
7060,2347,As|Ba|Fe|Pt,3,0,2,4,4,1,0,3,0,1,0,3
7061,595,Cu|Ir|S|Zn,2,4,3,0,3,2,3,4,0,4,2,1
7062,191,Li|O|Ti,0,1,1,4,4,2,0,3,2,4,3,4
7063,89,In|Pb|Sn|Te,1,2,1,2,3,2,4,4,4,1,2,1
7064,2366,La|Sb|Zn,4,1,1,0,0,3,0,1,3,2,1,2
7065,476,Ba|Cu|Ga|O|Y,0,1,1,0,4,0,2,1,3,2,1,1
7066,261,Ba|Cu|Nd|O|Pr,3,1,2,4,3,0,1,4,0,3,1,3
7067,135,Gd|Th,4,1,2,4,3,2,2,1,0,3,4,2
7068,428,Ba|Cu|O|Sr|Yb,1,4,0,4,3,2,1,1,3,0,4,4
7069,96,B|Ir|Lu|Y,2,2,4,4,4,4,3,0,0,1,0,3
7070,2367,As|Eu|Fe|Na|P,0,0,2,3,2,1,2,0,2,0,3,0
7071,1306,Ti|Zr,0,4,4,3,3,3,0,3,2,4,3,2
7072,127,Cd|In,3,3,3,1,3,1,0,3,2,1,2,2
7073,717,Ce|Cu|O|Pr|Y,4,2,4,2,3,0,4,4,3,1,1,4
7074,1691,Bi|Ca|Cu|O|Pr|Sr,2,1,2,2,0,4,0,4,4,3,3,0
7075,67,La|Nd|Pt|Si,0,4,2,3,3,0,4,0,1,0,3,0
7076,2368,Bi|Ni|S,1,2,3,4,4,1,2,1,2,2,1,3
7077,2369,Cu|H|Pd,2,0,3,3,0,0,1,2,0,2,3,4
7078,549,Dy|Ge|Os|Y,0,3,1,0,0,0,4,4,4,1,1,0
7079,1370,Fe|La|Ru|Si,0,1,3,4,1,0,1,2,3,1,3,1
7080,1123,Cr|Ti,1,3,2,0,1,1,2,2,0,4,4,1
7081,2370,Ir|Pt|Rh,3,0,0,3,1,1,0,0,3,2,0,2
7082,1403,Si|Sn|V,3,1,1,2,0,3,0,1,0,4,2,4
7083,2371,Cr|Sc,3,4,0,1,3,3,4,1,0,1,0,3
7084,64,Ba|Cu|O|Y|Zn,1,1,2,4,3,2,0,3,3,4,3,1
7085,400,As|Fe|K|Sr,3,4,2,2,1,4,0,4,3,4,0,1
7086,832,B|C|La|Pt,3,2,4,4,4,0,0,4,2,1,1,2
7087,2314,As|F|Fe|O|P|Pr,1,3,3,2,2,4,4,2,3,2,0,1
7088,2372,Au|Ca,4,0,3,2,2,0,1,0,0,3,0,2
7089,415,N|Nb|Ti,2,2,0,4,3,0,0,4,2,4,0,4
7090,2373,Ba|Cu|Hg|O|V,0,0,2,2,4,0,1,4,0,4,4,1
7091,62,Al|Ge|Nb,2,3,3,0,1,3,1,0,3,3,2,2
7092,2374,Co|Ga|Pu|Rh,0,1,1,0,2,1,1,2,2,0,3,3
7093,651,Ir|Os|Rh,0,1,4,2,4,2,0,0,2,0,0,1
7094,2375,Ir|Lu|Si|Yb,2,4,3,2,2,2,1,3,1,2,3,2
7095,2376,Ba|Cu|Eu|O|S,1,0,4,2,1,2,0,3,4,2,3,0
7096,2377,Ce|Cu|O|Sr|W|Y,2,3,2,4,2,2,4,0,2,0,3,4
7097,675,Ba|Cu|O|Sm,0,0,0,2,2,0,3,4,2,1,1,0
7098,1037,As|Ce|Co|Fe|H,1,1,2,3,0,2,4,3,2,3,0,3
7099,1385,Nb|Si|Sn,1,1,0,4,4,4,2,2,1,3,3,4
7100,534,Ba|Cu|Fe|Gd|O,1,2,0,4,4,0,0,4,4,0,1,0
7101,2378,Rb|S|V,3,3,1,3,0,0,1,1,2,0,1,3
7102,2379,Cu|Pd|Sb,0,2,2,1,0,1,3,2,0,4,3,4
7103,1923,Bi|Pd,2,2,3,3,0,2,0,3,2,1,4,0
7104,1335,Bi|Fe|Ni,4,2,0,2,3,3,0,3,1,0,2,0
7105,426,Ce|Cu|Nd|Ni|O,4,1,3,1,4,4,0,0,3,4,1,3
7106,351,Ba|Cu|Hg|O,0,1,0,3,3,4,0,0,1,1,3,2
7107,851,Ca|Cu|Si,2,4,2,2,3,4,0,2,1,2,4,1
7108,1384,C|Nb|W,3,4,1,4,3,3,4,4,2,0,2,4
7109,1600,Ca|Cu|O|Pb|Sr|Tl,2,3,3,3,3,2,1,1,4,0,3,2
7110,1383,B|C|Dy|Lu|Ni,3,3,4,2,3,3,4,1,1,4,0,0
7111,43,Fe|K|Se,2,2,3,2,1,3,4,4,2,2,4,0
7112,1839,Cu|La|Na|O,0,1,3,4,1,4,1,3,4,3,0,0
7113,647,Th|U,1,4,3,1,4,4,1,1,2,1,2,3
7114,2380,Nb|Sb|Sn|Tl,4,2,0,2,2,3,4,3,2,3,3,0
7115,44,Cu|La|Nd|O|Sr,3,0,2,3,4,2,0,3,0,1,1,0
7116,971,As|Fe|O|Sm,0,1,4,3,3,1,4,3,1,1,4,3
7117,79,Fe|Se|Te,4,3,3,0,1,3,0,2,4,1,2,0
7118,482,Nb|V|Zr,1,0,3,3,1,3,1,2,4,0,3,0
7119,64,Ba|Cu|O|Y|Zn,1,1,2,4,3,2,0,1,4,1,3,1
7120,1788,Si|W,2,3,3,4,3,4,3,0,4,4,4,1
7121,669,Cu|Se|Ti,1,3,2,3,1,1,2,0,3,0,4,1
7122,455,Ba|Cu|O|Tl,1,1,3,2,4,3,0,2,3,2,3,2
7123,1892,Fe|H|Li|O|S|Se,0,3,1,0,2,3,1,1,2,2,4,3
7124,2381,Cu|In,3,2,0,2,3,3,4,1,2,1,4,1
7125,1497,La|Ru|Si,4,4,0,3,3,1,3,4,1,4,0,3
7126,1814,Ge|Pd|Pt|Y,0,3,1,4,2,2,2,2,0,4,3,2
7127,2382,Ce|Hg|In|Ir,3,2,4,3,3,3,2,3,2,4,0,3
7128,241,Ga|V,4,3,1,0,4,2,4,0,1,2,0,0
7129,1299,Hf|P|Ru,0,3,0,3,4,1,2,3,4,3,3,1
7130,2383,Ca|Fe|Se,3,4,1,0,3,4,3,0,2,3,1,2
7131,189,Rh|Zr,4,0,1,3,3,1,0,4,4,1,4,4
7132,416,As|Ba|Co|Fe,3,2,2,4,2,1,3,0,0,4,3,3
7133,290,Ba|Ca|Cu|La|O|Y,2,0,4,0,1,2,1,4,0,4,3,1
7134,256,Au|Ga|Pd,3,4,0,1,1,2,0,0,3,4,1,2
7135,2384,O|P|W,4,4,0,1,2,0,2,1,1,2,2,3
7136,956,Ba|Cu|Eu|O|Pr,0,4,4,1,3,3,1,1,3,2,4,3
7137,1455,Nb|Pb|Se,0,0,4,2,1,1,4,0,0,3,1,1
7138,2385,Al|Ge|Th,0,0,0,4,0,3,4,1,3,3,1,4
7139,1240,Cl|Hf|Li|N|Zr,3,0,3,4,2,4,0,4,4,4,1,4
7140,884,Ce|Co|Cu|Nd|O,1,3,4,1,2,4,4,0,4,3,3,0
7141,962,H|Th,2,0,3,4,2,3,0,3,0,2,3,0
7142,1264,Mo|Ru|Se,4,0,1,0,1,2,3,2,3,4,2,1
7143,893,Mo|Nb|Pd,4,2,0,4,2,0,2,3,4,3,3,1
7144,153,Ba|Cu|Ni|O|Y,1,4,4,4,2,1,3,3,4,3,3,1
7145,79,Fe|Se|Te,4,3,3,0,1,3,0,4,2,4,3,0
7146,329,Hg|Tl,0,4,1,1,4,4,0,2,1,4,0,3
7147,2386,Dy|Fe|Si|Y,1,0,4,1,2,4,3,2,2,3,0,0
7148,1838,As|Ba|Fe|Rb,1,4,4,3,2,1,4,2,2,3,3,0
7149,142,Br|C|I|Y,2,2,2,0,2,4,0,3,4,4,1,0
7150,753,C|Cu|K|O|Sr,1,3,4,1,4,1,0,2,1,3,1,1
7151,1491,N|Nb|V,4,1,4,3,1,1,2,3,1,3,4,4
7152,2099,Au|Zr,2,0,2,4,2,4,4,0,3,0,4,1
7153,2109,Mg|Pb,3,2,2,2,2,2,2,1,1,1,1,1
7154,2293,Cu|O|Y|Zn,4,0,1,4,4,0,0,0,1,3,1,4
7155,899,Bi|Cu|O|S,3,1,1,4,1,2,4,0,4,1,4,0
7156,140,Cu|S|Ta,4,2,1,0,0,4,4,1,3,3,2,3
7157,45,Ca|Cu|La|O,1,2,0,2,3,1,2,1,3,4,4,0
7158,2387,Cd|Ge,2,4,2,4,0,3,2,3,2,3,4,1
7159,59,Bi|Ca|Cu|O|Sr,2,1,2,3,0,3,0,2,4,1,4,2
7160,567,Ge|Nb|Sn,1,0,2,3,2,1,4,2,0,0,0,1
7161,2320,W|Zr,2,0,1,1,3,4,0,3,4,4,3,4
7162,2388,B|Br|C|La,3,4,3,4,4,3,4,0,2,4,1,2
7163,1395,Ca|Cu|F|O|Sr,0,4,0,0,1,4,3,2,4,4,1,1
7164,579,As|Fe|La|O|P,4,1,1,2,2,1,3,3,2,2,2,0
7165,1149,Co|Ni|Zr,2,4,0,4,3,0,0,4,4,0,0,2
7166,74,Ba|Cu|La|O|Y,2,3,3,3,3,1,2,2,0,1,2,2
7167,337,As|Ce|F|Fe|O|P,4,3,4,2,4,0,0,2,0,2,3,4
7168,199,Al|Si|V,4,4,1,1,1,2,1,2,1,3,2,4
7169,2389,Al|Ni|Zr,4,4,3,0,4,0,0,2,3,4,1,3
7170,868,Al|Au|In,3,1,3,0,1,3,2,1,2,4,1,1
7171,2390,B|Nb|Rh,0,2,0,0,2,2,1,1,4,0,3,4
7172,98,B|C|Ni|Pr|Y,0,0,0,0,3,1,4,3,3,1,4,2
7173,2391,B|Cr|Re,1,4,1,0,1,4,3,3,2,0,4,0
7174,1185,Ir|Nb,1,1,1,2,4,4,2,4,4,4,3,0
7175,227,Pd|Te,4,0,0,0,2,0,0,0,3,0,4,3
7176,403,B|C|Ho|Lu|Ni,4,3,0,2,0,0,3,0,4,2,3,3
7177,2268,Ba|Ca|Cu|La|Ni|O,0,2,3,4,4,3,0,4,1,4,3,0
7178,525,Ba|Cu|O|Pr|Tm,0,4,0,2,4,3,1,0,4,3,4,3
7179,1424,Cr|Cu|O|Sr|Tl,0,1,4,1,0,3,4,4,3,3,2,1
7180,2392,Co|Fe|Ga|Pu,2,3,1,0,4,4,2,1,0,1,0,2
7181,1463,Tc|V,0,1,0,1,3,0,0,0,3,3,1,2
7182,2199,B|Cr|Mg,4,3,3,2,2,4,3,1,4,2,1,0
7183,455,Ba|Cu|O|Tl,1,1,3,2,4,3,2,4,2,4,1,2
7184,596,Al|Nb|Ti,3,1,2,1,1,2,1,4,4,2,4,3
7185,2393,Cs|S|V,2,2,3,2,2,2,4,2,1,4,4,1
7186,52,Ca|Cu|O|P|Sr|Y,0,1,4,2,4,0,2,3,4,3,0,1
7187,2053,Ir|Te,0,2,2,4,1,2,3,0,4,3,4,3
7188,223,B|C|Co|Ni|Y,1,1,2,3,4,2,2,0,0,4,4,4
7189,720,C|Y,2,0,1,2,3,4,4,2,3,4,2,0
7190,1182,Ba|Cu|Er|O|Pr,3,1,4,2,0,1,1,4,3,4,2,2
7191,2307,Ca|Cs|Li|Nb|O,3,1,1,0,0,1,3,1,3,2,4,2
7192,2394,Al|As|Ca|Fe|O,3,3,4,3,4,1,3,0,2,0,1,4
7193,923,Mo|Pt|Re,2,0,3,1,2,3,3,4,3,3,1,1
7194,837,Fe|Ni|Se,3,4,4,2,0,2,3,4,0,4,1,4
7195,948,Al|Os,3,3,2,3,1,1,2,3,4,2,1,1
7196,422,Bi|Ca|Cu|O|Pb|Sr,3,0,1,3,0,1,1,4,1,2,3,4
7197,2395,Ba|Bi|O|Ti,3,3,3,2,0,1,4,3,3,1,2,2
7198,992,Bi|F|La|O|S,2,2,2,4,4,1,1,2,0,2,3,3
7199,1563,Hf|N|Nb,4,4,1,2,0,3,1,4,2,3,2,3
7200,64,Ba|Cu|O|Y|Zn,1,1,2,4,3,2,4,1,2,4,3,1
7201,1006,Cu|Rh|Se|Sn,0,4,2,1,2,3,3,4,2,4,1,1
7202,343,As|Ca|Fe|Pt,0,4,4,2,2,3,3,0,0,3,4,1
7203,724,Au|Pd|Te,3,2,0,2,1,2,3,4,4,2,2,4
7204,1611,Cl|Mo|Se,2,0,2,3,1,4,4,0,2,0,0,3
7205,1414,Ce|In|La,2,1,1,3,1,0,1,2,1,1,1,2
7206,31,Ba|Cu|O|Pr|Sr|Y,0,2,3,4,1,0,4,3,3,1,2,2
7207,2396,Al|In|Nb,2,1,0,4,4,2,3,4,2,2,1,1
7208,840,Ba|Cu|Nd|O|Sr,2,1,1,1,2,2,4,4,1,0,0,3
7209,1234,La|Lu|Tb,4,2,0,4,1,2,4,0,4,0,4,2
7210,286,Ba|Cu|O|Pr|Y,3,1,2,0,3,0,4,0,2,4,4,3
7211,1127,Al|Ti|V,0,1,3,0,0,2,4,3,3,3,1,2
7212,86,Ba|Cu|O|Y,4,4,4,2,0,4,0,0,2,3,4,4
7213,570,In|Sn|Te,4,0,3,1,2,1,4,4,2,1,4,4
7214,2397,Ba|C|Cu|O|Sr|Tl,0,2,0,1,3,3,0,2,3,0,0,1
7215,2398,La|Ni,4,2,3,1,0,3,1,3,1,0,1,2
7216,2182,Ag|Mo|Se,3,4,0,1,3,4,0,3,1,3,3,0
7217,2017,Fe|Ru,3,3,0,4,2,0,3,0,2,0,3,1
7218,449,B|C|Co|Ho|Ni,4,4,3,4,3,0,0,4,2,3,3,3
7219,521,Nb|Rh,4,2,0,0,1,0,1,1,1,3,4,0
7220,1334,Bi|Mg,2,1,0,3,4,2,0,3,1,2,3,2
7221,1691,Bi|Ca|Cu|O|Pr|Sr,2,1,2,2,0,4,4,3,4,3,0,0
7222,194,B|C|Co|Ni|Tm,3,1,1,1,0,1,2,0,1,1,4,0
7223,166,Ce|La|Ru,3,4,1,1,0,3,0,1,0,4,0,1
7224,156,Pd|Se,3,0,3,1,0,4,2,0,0,0,1,2
7225,1387,Cu|La|O|Sr|Tl,3,0,1,1,3,1,0,3,1,4,3,0
7226,2399,Mo|S|Sc,4,3,2,1,0,4,3,2,1,1,1,3
7227,510,Ba|Cu|O|Yb,2,3,1,1,1,1,0,4,4,3,2,1
7228,525,Ba|Cu|O|Pr|Tm,0,4,0,2,4,3,4,3,2,2,2,3
7229,473,Ba|Ca|Cu|O|Sr|Yb,2,2,0,1,4,2,2,4,2,1,0,2
7230,559,B|C|Mg,0,3,1,1,2,2,2,3,1,2,2,3
7231,2400,Fe|Li|O|Se,0,0,4,0,3,1,2,2,0,0,3,4
7232,1977,As|Fe|Nd|O,4,1,0,2,3,4,4,0,1,2,4,4
7233,782,La|Ni|Pt|Si,4,3,3,1,2,2,3,2,1,1,2,3
7234,663,Rh|Se,4,0,3,0,1,0,3,3,2,4,4,2
7235,2401,Ge|Rh,2,0,2,3,1,0,2,4,3,1,1,2
7236,587,Ba|Cu|Hg|O|Re,2,0,1,1,3,2,2,4,1,3,1,0
7237,356,Mo|Re,4,3,4,1,0,0,0,4,3,1,4,4
7238,1696,Re|V,3,0,1,3,1,3,1,4,1,0,2,2
7239,2402,Ba|Cu|Lu|O|Sr,1,0,0,1,2,2,4,1,0,0,3,4
7240,252,Ce|Cu|La|O|Pr,0,0,4,3,3,0,1,0,2,4,4,3
7241,1049,C|Cu|La|Ni,2,1,4,4,1,1,1,4,0,1,3,4
7242,941,B|Er|Rh|Y,2,4,3,3,4,4,2,0,2,2,2,1
7243,2403,C|Li,2,4,2,2,0,0,2,2,4,4,1,1
7244,554,Ce|Cu|Eu|La|O,4,3,3,4,1,0,1,3,3,2,3,3
7245,65,Ba|Bi|K|O,3,2,0,2,0,0,3,1,3,3,4,3
7246,1017,Ba|Ca|Cu|Lu|O,1,0,2,3,3,0,4,2,4,3,4,4
7247,1185,Ir|Nb,1,1,1,2,4,4,1,3,4,2,3,0
7248,728,C|Th|Y,4,0,4,1,4,1,0,2,0,3,2,4
7249,379,Ce|In|Ir|Rh,0,1,4,3,1,0,0,4,2,0,3,4
7250,395,Ba|Bi|K|O|Pr,3,3,3,4,4,3,4,3,1,1,4,4
7251,74,Ba|Cu|La|O|Y,2,3,3,3,3,1,1,2,1,1,4,2
7252,341,Ce|Co|In|Sn,4,2,1,0,1,3,2,2,3,1,4,3
7253,286,Ba|Cu|O|Pr|Y,3,1,2,0,3,0,2,3,4,3,3,3
7254,2404,As|Ba|Fe|O|Ti,2,1,1,2,3,0,1,1,4,2,2,0
7255,49,Ba|Cu|La|O,3,0,2,4,3,0,4,4,1,3,0,3
7256,1,Ba|Ca|Cu|La|O,0,0,1,3,2,4,0,3,0,0,3,0
7257,14,Cu|La|O|V,3,0,4,1,3,3,3,4,4,0,1,3
7258,1019,Ce|Cu|La|O,0,3,4,3,4,1,1,0,4,0,1,0
7259,290,Ba|Ca|Cu|La|O|Y,2,0,4,0,1,2,1,1,2,3,1,1
7260,2405,La|Pt,1,4,4,4,1,3,1,2,1,4,3,1
7261,808,Ba|Pd|Si,2,3,0,0,1,2,2,4,0,0,4,4
7262,1058,Tc|W,1,2,1,3,4,2,0,3,3,4,4,4
7263,115,Pb|Tl,4,3,1,2,2,0,4,3,1,2,4,2
7264,416,As|Ba|Co|Fe,3,2,2,4,2,1,3,4,2,0,2,3
7265,863,Bi|Ca|Cu|F|O|Pb|Sr,3,2,3,3,2,1,0,1,1,4,1,3
7266,1040,Ge|Te,2,4,2,2,1,0,0,1,3,2,0,2
7267,289,Pd|Zr,4,0,3,3,1,0,2,1,1,1,2,1
7268,1736,Ca|Cu|Ga|O|Sr,1,2,1,3,2,4,3,2,2,1,3,4
7269,420,Ce|Cu|Nd|O,0,3,2,4,2,0,2,3,2,2,4,0
7270,86,Ba|Cu|O|Y,4,4,4,2,0,4,3,1,1,1,3,4
7271,679,Cu|Ga|La|O|Sr,3,3,0,3,2,3,3,0,2,3,1,3
7272,2406,Ge|Nb|Si,4,1,2,4,1,0,0,0,2,3,3,0
7273,610,C|Mo,2,1,0,2,2,3,3,3,4,2,0,1
7274,391,Bi|Ca|Cu|O|Pb|Sr|Y,1,1,4,1,0,0,1,0,0,0,0,2
7275,1238,Ti|V|Zr,4,0,0,4,3,1,3,0,3,0,1,4
7276,559,B|C|Mg,0,3,1,1,2,2,1,0,4,4,1,3
7277,728,C|Th|Y,4,0,4,1,4,1,1,4,2,0,3,4
7278,1297,As|Fe|Ir|La|O,4,4,1,2,0,1,4,3,0,2,1,3
7279,2407,Bi|In|Nb|Sn,0,3,3,4,1,4,1,3,2,2,1,3
7280,2408,Mo|S|Tm,1,3,4,4,3,4,0,4,1,1,1,4
7281,899,Bi|Cu|O|S,3,1,1,4,1,2,0,2,1,2,3,0
7282,871,Cu|O|Sr|Ti|Y,3,2,4,2,1,3,4,4,3,4,4,3
7283,829,Mo|Nb,4,1,0,0,2,0,2,3,0,1,1,2
7284,2409,B|C|Gd|Re,2,1,0,1,1,4,0,1,0,1,3,0
7285,79,Fe|Se|Te,4,3,3,0,1,3,1,2,4,0,2,0
7286,57,Ba|Ca|Co|Cu|O|Y,1,1,3,4,0,1,1,4,1,1,2,2
7287,1026,Bi|Nd|Ni,1,2,0,2,0,4,1,2,1,4,2,0
7288,54,Nb|Ta,1,2,0,0,3,2,4,3,4,3,1,0
7289,2019,In|La|Sn,4,2,0,2,1,0,0,1,2,0,1,3
7290,1247,La|Rh|Si,0,4,1,1,3,4,3,3,1,1,2,1
7291,2345,Ba|Ca|Cu|La|O|Zn,1,2,0,2,3,4,1,2,3,1,4,1
7292,2295,Nb|Os,3,1,3,1,1,3,0,1,2,2,2,0
7293,299,Co|Cu|Rh|S,0,1,0,4,4,0,2,0,0,3,4,3
7294,216,Cu|La|O|Sr,4,4,1,1,0,1,2,3,0,0,3,4
7295,1677,Bi|F|Nd|O|S|Sm,0,2,2,0,1,4,3,4,4,2,4,3
7296,2410,Co|Ga|Pu|U,3,3,1,4,0,2,4,0,4,2,1,1
7297,51,Cu|La|O|Sm|Sr,4,3,2,4,3,3,0,4,2,0,3,4
7298,2411,Ba|Ge|Ir,3,0,2,1,0,1,2,2,3,1,0,2
7299,1908,La|Pb|Tl,2,4,0,2,3,2,4,0,2,1,4,2
7300,5,Al|Ga|V,3,2,3,4,0,2,4,3,0,3,2,2
7301,86,Ba|Cu|O|Y,4,4,4,2,0,4,2,1,4,0,1,4
7302,1089,Ta|Ti,1,3,1,0,1,2,1,4,2,4,2,2
7303,57,Ba|Ca|Co|Cu|O|Y,1,1,3,4,0,1,4,2,4,0,4,2
7304,82,Fe|Ni|Zr,3,2,1,0,0,4,1,1,4,2,1,0
7305,2412,Fe|Nb|Si,4,1,3,4,4,0,1,1,0,3,1,2
7306,587,Ba|Cu|Hg|O|Re,2,0,1,1,3,2,2,0,4,4,1,0
7307,42,Cu|La|O|Sr|Zn,1,2,4,4,3,1,3,3,3,0,1,1
7308,357,Mo|Zr,4,1,4,3,1,0,2,3,2,3,0,3
7309,784,Nb|Re,2,1,0,0,3,1,0,4,1,4,4,4
7310,867,V|Zr,3,0,3,3,0,0,2,3,3,0,3,0
7311,1568,Ba|Fe|Se,3,2,3,1,0,2,0,2,0,3,2,4
7312,605,Ba|Cu|O|Pr|Sr|Yb,1,4,0,3,1,2,0,1,2,3,4,4
7313,680,Al|Pd|U,0,4,1,4,1,4,2,1,2,0,2,3
7314,1677,Bi|F|Nd|O|S|Sm,0,2,2,0,1,4,2,0,3,0,4,3
7315,593,Nb|Pt,0,3,3,3,2,3,4,3,2,2,1,0
7316,2413,Er|Ir|Lu|Si,0,0,4,1,0,4,4,1,2,1,2,3
7317,870,Al|Mg,0,3,0,3,0,1,2,2,4,3,1,2
7318,1167,Bi|F|Nd|O|S,3,4,2,0,1,0,3,1,0,3,3,1
7319,2299,Ga|Ge,0,2,0,1,1,0,3,2,3,4,3,4
7320,22,Ba|Co|Cu|O|Y,3,0,2,2,0,4,4,3,0,1,4,3
7321,1424,Cr|Cu|O|Sr|Tl,0,1,4,1,0,3,1,3,1,0,4,1
7322,1484,Al|Hf|Pd,1,3,4,3,4,4,4,1,0,4,1,0
7323,836,Ir|Pt,3,0,0,1,4,0,3,1,1,2,1,3
7324,2314,As|F|Fe|O|P|Pr,1,3,3,2,2,4,2,2,3,1,2,1
7325,71,Ba|Cu|Li|O|Y,4,2,4,1,4,0,1,4,0,2,2,3
7326,2414,Co|La,1,2,3,3,2,2,4,0,4,1,2,4
7327,648,Ta|Zr,3,0,4,1,2,2,1,3,2,3,2,4
7328,2314,As|F|Fe|O|P|Pr,1,3,3,2,2,4,2,0,4,4,2,1
7329,825,Ba|Cu|Dy|Ni|O,3,0,1,1,2,4,2,4,0,2,3,4
7330,728,C|Th|Y,4,0,4,1,4,1,2,2,4,0,0,4
7331,561,Ba|Cu|Fe|O|Pr|Y,3,2,1,4,1,4,1,1,4,2,2,1
7332,2415,Rh|Te,2,1,2,0,1,1,3,2,1,2,0,3
7333,2242,Re|Ti,0,0,2,2,2,3,2,4,0,0,2,1
7334,12,Ba|Ca|Cu|O|Y,3,3,3,3,4,4,4,4,0,3,2,3
7335,1569,Bi|Se|Sr,1,1,2,3,4,3,4,3,2,0,4,3
7336,542,Bi|Cu|La|O|Sr,1,3,4,1,2,1,1,3,4,4,0,2
7337,473,Ba|Ca|Cu|O|Sr|Yb,2,2,0,1,4,2,2,4,1,4,2,2
7338,1675,C|Cs|Na|Rb,4,1,1,4,0,2,4,1,0,1,0,4
7339,566,B|P|Ru|Zr,1,1,4,2,1,2,4,2,2,4,2,0
7340,10,Cu|La|O|Pb|Sr,3,0,0,3,2,2,4,3,0,4,3,3
7341,2416,Co|Nb|Si,2,2,0,3,0,0,1,4,1,4,1,0
7342,521,Nb|Rh,4,2,0,0,1,0,0,0,3,0,2,0
7343,42,Cu|La|O|Sr|Zn,1,2,4,4,3,1,0,4,3,1,2,1
7344,33,C|N|Nb,1,0,3,0,2,3,0,3,4,3,4,3
7345,1784,Cd|Mo|Se,4,2,0,1,1,3,0,1,3,4,3,3
7346,826,Pd|Ti,1,0,3,0,4,1,0,0,4,4,2,1
7347,2077,Ir|Pd|Te,2,2,4,3,4,2,0,1,0,0,3,4
7348,1353,Ba|Cu|O|Ti|Y,3,4,0,0,2,4,0,2,3,1,4,1
7349,542,Bi|Cu|La|O|Sr,1,3,4,1,2,1,0,3,3,3,0,2
7350,1370,Fe|La|Ru|Si,0,1,3,4,1,0,0,0,2,3,1,1
7351,2417,Al|Ca|O,3,4,4,2,4,2,1,1,2,2,4,1
7352,22,Ba|Co|Cu|O|Y,3,0,2,2,0,4,1,3,0,1,1,3
7353,713,Au|Nb|Rh,2,0,0,2,1,3,2,2,4,4,3,2
7354,1117,Cd|Hg,0,2,0,4,0,2,2,1,4,3,1,4
7355,126,Bi|Ca|Cu|Nd|O|Pb|Sr,2,4,0,2,0,1,4,4,3,2,0,4
7356,904,Ba|Cd|Cu|O|Y,0,2,2,1,3,3,1,1,3,2,4,3
7357,1892,Fe|H|Li|O|S|Se,0,3,1,0,2,3,1,1,3,1,0,3
7358,1387,Cu|La|O|Sr|Tl,3,0,1,1,3,1,2,4,1,2,4,0
7359,953,La|Pb|Pr,0,1,2,1,2,0,3,0,3,4,0,1
7360,2418,As|Ca|Fe|Ho|Pt,4,4,3,1,2,1,0,4,1,1,1,2
7361,617,Ba|Cu|O|Pr|Yb,4,3,4,2,0,1,3,0,2,1,0,1
7362,1919,Au|Sb,2,3,2,0,3,3,3,0,4,2,4,3
7363,136,Nb|Zr,0,4,3,4,3,1,4,4,2,2,2,1
7364,1805,Sc|V,4,4,2,2,3,3,2,2,3,0,0,1
7365,136,Nb|Zr,0,4,3,4,3,1,4,3,0,4,1,1
7366,1185,Ir|Nb,1,1,1,2,4,4,0,1,2,3,3,0
7367,906,Nb|Sn,2,1,1,4,2,2,0,3,3,3,1,3
7368,2364,Nb|O,1,1,1,1,1,0,2,4,2,2,0,1
7369,1923,Bi|Pd,2,2,3,3,0,2,0,2,2,0,3,0
7370,45,Ca|Cu|La|O,1,2,0,2,3,1,3,0,4,4,0,0
7371,1699,La|Rh|Sn,2,4,2,1,1,1,3,0,2,4,0,3
7372,1866,Al|Ca|Si,0,0,0,2,2,1,3,1,4,0,4,4
7373,998,Cu|La|Li|O|Sr,3,0,4,2,4,2,4,0,0,2,3,1
7374,2305,Ba|Cu|Eu|Ga|O,1,3,2,3,1,2,4,1,2,2,0,3
7375,2419,Al|Re,4,1,4,3,3,0,2,4,4,1,0,2
7376,478,Ba|Ca|Cu|Gd|Mo|O,2,1,2,3,1,4,1,2,2,2,3,0
7377,617,Ba|Cu|O|Pr|Yb,4,3,4,2,0,1,4,1,2,0,3,1
7378,2401,Ge|Rh,2,0,2,3,1,0,3,1,2,3,1,2
7379,59,Bi|Ca|Cu|O|Sr,2,1,2,3,0,3,4,0,0,0,0,2
7380,570,In|Sn|Te,4,0,3,1,2,1,0,1,3,0,1,4
7381,1019,Ce|Cu|La|O,0,3,4,3,4,1,2,0,3,0,3,0
7382,926,As|Ca|Fe|Nd|Sb,4,1,2,3,4,1,0,4,1,3,1,1
7383,5,Al|Ga|V,3,2,3,4,0,2,1,1,4,1,4,2
7384,2228,Ca|Cu|Ga|O|Sr|Tm,4,3,2,1,1,1,2,1,3,0,1,3
7385,2420,Ce|In|Rh,2,2,0,0,4,1,4,0,4,3,4,1
7386,68,Bi|Sn,2,3,2,0,3,1,2,1,4,2,4,1
7387,521,Nb|Rh,4,2,0,0,1,0,4,3,2,4,0,0
7388,686,Ba|Ca|Cu|O|Pr|Y,1,0,3,3,1,0,0,0,4,3,3,4
7389,1317,As|Fe|O|Pr,2,2,2,1,1,2,3,4,3,4,4,3
7390,2421,Hf|N,1,1,2,4,0,2,0,0,1,2,2,3
7391,627,Al|Ca|Cu|O|Sr,0,4,1,0,2,4,4,0,2,4,2,0
7392,195,Cd|Ce|Co|In,1,0,0,2,1,4,4,1,2,3,2,4
7393,920,Ce|Ge|Pt|Si,0,3,2,0,1,4,4,4,4,0,4,2
7394,1,Ba|Ca|Cu|La|O,0,0,1,3,2,4,1,3,1,4,4,0
7395,311,Ba|Cu|Ga|O|Sr|Y,2,0,3,2,1,4,2,1,4,1,2,0
7396,2422,Mg|Mo|S,1,3,2,0,3,0,4,1,4,2,3,0
7397,146,Ba|Cu|Er|O,0,4,2,1,2,2,3,0,2,0,0,0
7398,543,Nb|Pt|Rh,4,0,1,2,3,4,0,3,0,3,1,3
7399,890,Hf|Ta|V,1,0,3,4,0,1,4,4,4,2,1,0
7400,713,Au|Nb|Rh,2,0,0,2,1,3,0,1,0,0,4,2
7401,2423,Os|Si|Th,0,0,0,1,2,3,0,0,1,2,1,3
7402,810,Cu|La|O|Sr|Ti,2,2,3,0,2,0,1,3,0,3,0,3
7403,199,Al|Si|V,4,4,1,1,1,2,0,0,4,1,1,4
7404,43,Fe|K|Se,2,2,3,2,1,3,2,0,4,0,0,0
7405,1717,B|C|La|Nd|Pt,2,0,4,4,4,4,0,2,2,1,4,3
7406,261,Ba|Cu|Nd|O|Pr,3,1,2,4,3,0,4,4,4,3,3,3
7407,2424,Hf|Zr,3,0,1,3,3,1,0,4,2,2,3,3
7408,2425,P|Sn,3,4,1,0,1,3,1,3,0,1,4,3
7409,64,Ba|Cu|O|Y|Zn,1,1,2,4,3,2,2,2,3,0,3,1
7410,465,As|Ba|Fe|K|Zn,2,0,4,2,3,1,3,3,2,3,3,4
7411,756,As|Ca|Fe|Pr,3,4,0,1,2,1,2,3,1,3,2,1
7412,2426,Cu|S,2,0,1,1,2,3,1,3,0,4,4,1
7413,484,Bi|O|S,4,2,1,2,4,3,4,0,2,1,4,1
7414,2427,C|Lu|Sn,1,1,3,3,4,1,3,1,3,2,0,4
7415,1061,Ba|Ca|Cu|La|O|Pr,0,0,4,1,0,1,2,2,3,3,4,4
7416,12,Ba|Ca|Cu|O|Y,3,3,3,3,4,4,3,2,3,3,4,3
7417,1100,As|Ba|Fe|P,1,0,1,4,3,0,2,2,1,3,3,3
7418,1249,Ba|Ca|Cu|La|O|Pr|Sr,0,4,2,3,3,1,1,4,2,1,0,3
7419,1639,Fe|Sb|Se,3,0,4,2,1,2,2,2,4,3,1,4
7420,2428,As|Fe|Pd|Sr,2,0,1,4,0,0,2,3,3,0,3,0
7421,1518,H|Ni|Pd,3,3,3,4,4,0,4,3,3,2,0,4
7422,947,Bi|Cu|Nd|O|Sr|Y,4,3,4,4,3,0,1,1,3,2,3,0
7423,211,Mo|U,1,2,2,1,0,3,0,0,1,4,4,0
7424,139,Al|B|Mg,1,1,3,4,1,1,3,4,1,1,3,1
7425,1037,As|Ce|Co|Fe|H,1,1,2,3,0,2,1,3,0,1,1,3
7426,2345,Ba|Ca|Cu|La|O|Zn,1,2,0,2,3,4,4,3,4,1,0,1
7427,49,Ba|Cu|La|O,3,0,2,4,3,0,3,2,1,4,3,3
7428,2429,Ba|Bi|Ca|Cu|O|Pb|Sr|Tl,3,0,0,4,2,1,3,4,4,1,2,1
7429,79,Fe|Se|Te,4,3,3,0,1,3,3,0,0,1,3,0
7430,350,Ba|Ca|Cu|La|Nd|O,2,4,3,4,0,4,1,4,3,2,1,1
7431,118,Ir|Mo,3,0,4,2,3,3,1,4,0,0,0,0
7432,492,Ir|Os|Th,2,3,1,2,1,0,3,1,4,0,4,2
7433,2264,As|F|Fe|O|Ru|Sm,4,1,2,4,3,4,0,2,1,1,0,2
7434,153,Ba|Cu|Ni|O|Y,1,4,4,4,2,1,4,0,1,2,4,1
7435,742,Si|V,1,3,3,2,3,0,0,2,3,0,4,2
7436,59,Bi|Ca|Cu|O|Sr,2,1,2,3,0,3,2,1,0,4,2,2
7437,2430,Bi|Ca|Cu|Fe|O|Pb|Sr,0,2,2,0,1,4,3,2,4,3,2,1
7438,1332,Bi|Ca|Cu|O|Sr|Tm,0,0,4,1,3,1,0,0,4,4,0,1
7439,2431,O|Os|Rb,3,4,2,4,3,0,2,1,3,2,1,1
7440,2432,Ge|Ni|Sr,1,3,4,1,0,4,1,2,4,4,1,2
7441,2433,Cr|U,0,3,2,2,3,3,4,3,0,1,4,2
7442,487,Ba|Cu|Eu|O,3,1,0,1,2,0,3,2,0,3,0,2
7443,74,Ba|Cu|La|O|Y,2,3,3,3,3,1,2,1,4,1,4,2
7444,689,Ba|Bi|K|O|Pb,1,2,1,2,1,3,4,4,1,0,0,0
7445,91,Ba|Ca|Co|Cu|Er|O,3,4,1,3,0,4,4,2,0,3,1,1
7446,993,Mo|Si|V,2,0,0,0,1,0,3,0,1,0,3,4
7447,286,Ba|Cu|O|Pr|Y,3,1,2,0,3,0,3,4,1,4,2,3
7448,501,As|Fe|O|Pr|Sr,1,0,1,1,4,0,2,4,2,1,2,3
7449,16,Cu|Mo|S,0,3,1,3,0,4,3,0,1,3,3,3
7450,906,Nb|Sn,2,1,1,4,2,2,2,0,0,3,1,3
7451,196,La|Os|Pr|Sb,0,0,1,4,4,4,1,0,4,0,3,3
7452,86,Ba|Cu|O|Y,4,4,4,2,0,4,4,3,4,2,1,4
7453,1136,Mo|Se,2,1,1,1,0,1,1,3,4,1,1,3
7454,2434,C|Cu|O|Pb|Sr|Tl,0,1,2,1,3,0,4,3,0,3,0,4
7455,416,As|Ba|Co|Fe,3,2,2,4,2,1,3,2,1,0,3,3
7456,504,Al|Ga|Nb,2,4,3,1,2,0,4,4,3,2,0,3
7457,642,Ba|Cu|Dy|O|Sr,4,3,1,1,2,3,0,0,4,4,3,2
7458,2113,B|C|Cu|Ni|Y,3,2,2,1,0,2,4,1,2,2,3,0
7459,2435,Tc|Y,4,4,2,0,1,3,4,1,0,4,3,4
7460,350,Ba|Ca|Cu|La|Nd|O,2,4,3,4,0,4,0,0,0,4,4,1
7461,1795,La|P|Rh,2,4,4,1,0,4,4,4,1,1,4,1
7462,1235,Ba|Ca|Cu|Nd|O,0,1,4,1,0,1,3,1,3,2,1,0
7463,277,Al|Nb|W,3,4,3,2,4,1,4,4,2,1,1,4
7464,239,As|Ba|Fe|Ru,0,3,3,1,1,3,3,2,3,3,0,2
7465,1519,Cu|Sn,2,0,2,0,4,4,3,1,2,4,1,3
7466,351,Ba|Cu|Hg|O,0,1,0,3,3,4,1,1,3,2,3,2
7467,153,Ba|Cu|Ni|O|Y,1,4,4,4,2,1,2,1,4,2,0,1
7468,65,Ba|Bi|K|O,3,2,0,2,0,0,4,4,3,3,3,3
7469,2436,Al|La|Pd|U,1,0,1,2,4,2,3,3,0,4,3,4
7470,2310,Be|Cu|Ni|Ti|Zr,4,2,2,3,1,3,2,4,4,0,1,4
7471,651,Ir|Os|Rh,0,1,4,2,4,2,1,1,4,2,0,1
7472,1965,Fe|O|P|Sc|Sr,4,1,3,0,3,4,1,0,4,3,3,2
7473,1897,Bi|Pd|Se,2,0,1,4,2,4,2,1,4,4,2,0
7474,90,As|Fe|H|La|O,2,3,1,3,4,0,1,2,2,2,1,2
7475,524,Os|Re,2,3,4,2,4,3,1,3,1,2,3,3
7476,286,Ba|Cu|O|Pr|Y,3,1,2,0,3,0,1,4,1,0,2,3
7477,422,Bi|Ca|Cu|O|Pb|Sr,3,0,1,3,0,1,3,1,2,3,0,4
7478,2080,Ce|Co,4,4,3,2,1,0,4,3,4,1,1,2
7479,2437,Lu|Se,1,0,3,4,0,4,1,2,1,3,4,0
7480,112,Pt|V,1,4,4,0,1,3,3,2,0,1,0,3
7481,2035,O|Ru|Sr|Ti,1,0,0,0,0,0,0,4,4,2,4,2
7482,1161,Nb|Tc,4,1,2,1,1,1,2,1,4,1,0,2
7483,731,N|Nb|O,1,1,3,2,2,0,2,4,1,3,1,4
7484,2438,Pd|Ru|Zr,0,0,0,2,0,2,4,3,0,3,3,1
7485,1315,C|La|Ni|Y,1,3,3,2,3,2,3,0,3,2,4,2
7486,416,As|Ba|Co|Fe,3,2,2,4,2,1,4,4,4,0,3,3
7487,2439,Pb|Yb,4,0,2,3,3,3,0,1,1,2,2,2
7488,153,Ba|Cu|Ni|O|Y,1,4,4,4,2,1,1,0,0,1,3,1
7489,2440,Ba|S|Ta,3,4,1,4,2,0,0,2,0,2,1,3
7490,2441,Fe|Sc|Zr,2,2,0,4,2,2,1,0,1,1,4,4
7491,1134,Ba|Ca|Cu|Ga|O|Sr|Y,4,4,2,0,3,2,2,0,4,2,4,4
7492,1803,Ir|Lu,3,3,4,3,4,0,0,2,0,0,2,1
7493,2442,La|Pb|Th,1,3,4,2,4,1,3,4,3,2,3,2
7494,2100,C|Ta|W,1,0,0,2,3,4,3,0,3,1,3,2
7495,290,Ba|Ca|Cu|La|O|Y,2,0,4,0,1,2,3,2,3,0,2,1
7496,491,Rh|Ti,3,0,3,1,3,0,0,4,2,2,0,2
7497,337,As|Ce|F|Fe|O|P,4,3,4,2,4,0,1,0,4,3,3,4
7498,191,Li|O|Ti,0,1,1,4,4,2,4,4,3,4,4,4
7499,614,Cr|Ru,4,3,1,1,3,0,3,3,0,0,1,3
7500,486,Ba|Ca|Cu|Nd|O|Pr,1,1,1,2,1,0,4,4,4,3,0,2
7501,1226,As|Co|Fe|O|Sm,1,2,0,1,3,0,0,1,4,4,0,0
7502,341,Ce|Co|In|Sn,4,2,1,0,1,3,0,1,2,4,0,3
7503,59,Bi|Ca|Cu|O|Sr,2,1,2,3,0,3,0,1,1,1,3,2
7504,293,B|C|Er|Ni|Tb,0,2,2,3,0,2,1,1,2,3,2,3
7505,216,Cu|La|O|Sr,4,4,1,1,0,1,4,2,4,2,3,4
7506,153,Ba|Cu|Ni|O|Y,1,4,4,4,2,1,1,0,3,4,3,1
7507,64,Ba|Cu|O|Y|Zn,1,1,2,4,3,2,2,1,3,1,1,1
7508,229,B|Li|Pd|Pt,1,1,2,4,0,0,3,1,1,3,0,2
7509,11,Ba|Cu|Nd|O,4,1,1,2,1,1,3,0,0,3,4,4
7510,2143,La|Ni|O|P,2,1,3,4,1,4,0,1,2,3,4,3
7511,950,Bi|Ca|Cu|Nd|O|Pb|S|Sr,0,4,3,4,3,4,1,0,4,1,3,0
7512,873,Ba|Ca|Cd|Cu|La|O,1,4,4,3,4,3,2,3,2,4,3,1
7513,172,B|Nb,4,3,2,3,2,0,0,0,1,4,2,1
7514,2071,Ca|Cu|O|Sm|Sr|Tl,1,4,3,3,4,4,3,3,2,1,1,1
7515,2431,O|Os|Rb,3,4,2,4,3,0,3,1,4,2,4,1
7516,241,Ga|V,4,3,1,0,4,2,2,1,4,2,2,0
7517,84,H|Pd,0,4,3,0,4,4,3,0,1,4,1,2
7518,851,Ca|Cu|Si,2,4,2,2,3,4,1,3,0,1,1,1
7519,44,Cu|La|Nd|O|Sr,3,0,2,3,4,2,0,4,1,1,3,0
7520,2443,As|Fe|Rh|Sr,1,1,1,4,0,0,2,0,4,3,3,0
7521,86,Ba|Cu|O|Y,4,4,4,2,0,4,4,3,1,1,2,4
7522,1463,Tc|V,0,1,0,1,3,0,3,3,1,1,1,2
7523,128,Cl|Li|N|Zr,1,1,2,3,1,1,2,4,0,2,0,4
7524,429,Cu|La|Ni|O|Sr,0,4,1,1,3,1,3,0,3,4,3,0
7525,622,C|Mo|Ti,3,3,2,1,4,2,0,1,3,0,2,4
7526,22,Ba|Co|Cu|O|Y,3,0,2,2,0,4,4,2,4,3,1,3
7527,665,Ba|Ca|Cu|Gd|La|O,4,1,4,1,3,0,2,2,3,0,3,2
7528,343,As|Ca|Fe|Pt,0,4,4,2,2,3,4,4,1,1,4,1
7529,2005,As|F|Fe|O|Sm|Zn,4,3,0,2,3,3,2,2,2,1,3,0
7530,2444,Bi|Nb|S,4,4,3,1,3,0,1,3,4,0,0,1
7531,86,Ba|Cu|O|Y,4,4,4,2,0,4,4,1,3,1,2,4
7532,732,S|Se|Ta,4,4,4,0,4,1,3,2,0,2,1,1
7533,1,Ba|Ca|Cu|La|O,0,0,1,3,2,4,4,0,2,1,3,0
7534,407,Ca|Cu|Fe|Hg|O|Sr|Y,2,4,2,2,0,3,2,3,2,2,2,4
7535,2445,C|Ru,2,2,4,0,2,4,0,3,0,4,0,2
7536,728,C|Th|Y,4,0,4,1,4,1,1,0,4,0,2,4
7537,269,Ba|Cu|La|Nd|O,3,1,4,1,0,3,0,1,3,3,4,1
7538,1722,Fe|Ga|V,4,4,4,2,2,1,2,2,2,4,3,2
7539,800,Cr|V,3,4,2,4,0,3,1,1,3,1,2,2
7540,2446,In|Sb,0,4,4,2,4,0,1,3,1,3,4,4
7541,1559,Mo|Pb|S|Se,2,3,0,0,2,3,2,1,3,3,2,3
7542,1359,Au|B|C|La|Pt,0,0,0,0,4,0,0,3,3,2,0,2
7543,2447,S|Zr,3,3,0,0,4,0,4,0,4,0,3,3
7544,494,Ba|Cu|Si,0,3,3,0,4,3,0,4,4,3,0,0
7545,1202,Ir|Ru|Th,0,4,4,1,4,2,1,4,2,1,2,1
7546,657,Al|Cu|La|O|Sr,4,1,4,4,4,2,0,0,0,2,3,1
7547,2251,As|Ce|Co|F|Fe|O,1,4,4,1,3,4,3,3,4,4,2,1
7548,2448,Re|Si|Y,2,1,0,3,0,4,4,1,3,4,3,0
7549,1,Ba|Ca|Cu|La|O,0,0,1,3,2,4,0,1,1,1,0,0
7550,304,Ga|La,1,2,0,3,1,3,2,1,0,4,4,1
7551,269,Ba|Cu|La|Nd|O,3,1,4,1,0,3,2,3,4,3,1,1
7552,1924,Ag|Se|Sn,3,4,1,1,2,0,1,0,0,1,0,4
7553,1195,Ba|Ca|Cu|F|O,4,2,2,3,2,3,2,4,4,2,3,3
7554,156,Pd|Se,3,0,3,1,0,4,2,3,4,3,0,2
7555,1539,Si,2,1,0,3,4,3,3,2,2,4,2,1
7556,429,Cu|La|Ni|O|Sr,0,4,1,1,3,1,0,1,1,2,1,0
7557,11,Ba|Cu|Nd|O,4,1,1,2,1,1,4,3,0,0,1,4
7558,525,Ba|Cu|O|Pr|Tm,0,4,0,2,4,3,2,4,1,2,1,3
7559,321,Ba|Cu|K|O|Y,1,4,0,1,2,3,1,4,4,3,0,0
7560,888,As|Co|Fe|Sr,1,4,2,2,1,2,3,4,4,3,4,2
7561,1181,Be|Si|V,1,3,2,1,1,1,2,3,0,1,4,1
7562,314,Al|La,0,1,0,4,1,0,0,0,4,4,0,4
7563,2401,Ge|Rh,2,0,2,3,1,0,1,3,2,4,3,2
7564,2449,Ag|Mo|S,4,2,1,1,1,1,1,2,3,1,2,1
7565,2450,Cu|Fe|Gd|O|Sr,1,0,4,3,0,3,1,1,1,3,2,1
7566,1366,Pr|Th,0,0,4,3,4,0,1,4,0,2,0,0
7567,315,Al|B|Li|Mg,0,2,2,1,2,0,2,3,4,1,4,0
7568,1826,Ba|Ca|Cu|Nd|O|Tl,4,0,2,3,1,0,2,2,1,3,4,2
7569,876,Mo|Pb|Se|Yb,1,1,1,4,1,0,0,1,3,1,4,1
7570,1013,Al|Nb,1,0,2,4,2,3,0,4,3,4,1,0
7571,2055,K|O|Re,4,2,4,0,1,4,2,3,3,4,4,2
7572,57,Ba|Ca|Co|Cu|O|Y,1,1,3,4,0,1,1,0,0,0,0,2
7573,624,Ru|Zr,0,4,4,2,3,3,3,4,2,2,2,3
7574,64,Ba|Cu|O|Y|Zn,1,1,2,4,3,2,2,4,1,0,1,1
7575,938,As|Fe|La|O|Zn,2,0,3,4,1,4,1,2,0,3,1,4
7576,945,Bi|F|La|O|S|Se,3,4,0,3,3,3,2,0,1,2,2,4
7577,819,As|Co|Fe|O|Pr,4,1,3,2,3,3,2,3,1,3,0,3
7578,1414,Ce|In|La,2,1,1,3,1,0,2,2,1,3,1,2
7579,492,Ir|Os|Th,2,3,1,2,1,0,4,0,2,4,3,2
7580,429,Cu|La|Ni|O|Sr,0,4,1,1,3,1,1,0,0,2,0,0
7581,1285,O|Rb|W,4,2,2,3,3,4,4,3,3,4,4,1
7582,642,Ba|Cu|Dy|O|Sr,4,3,1,1,2,3,3,3,4,4,0,2
7583,992,Bi|F|La|O|S,2,2,2,4,4,1,0,1,4,4,3,3
7584,273,Bi|Cu|La|O|Pb|Sr,4,4,0,0,0,1,0,2,0,1,4,2
7585,978,B|Ba|Ca|Cu|O|Sr|Y,3,2,3,3,3,4,2,4,3,2,4,2
7586,241,Ga|V,4,3,1,0,4,2,0,4,2,0,4,0
7587,2451,Cr|Rh|Ti,0,3,1,2,4,4,2,0,2,3,2,2
7588,1992,Cu|Fe|H|La|O|Sr,2,0,0,3,0,1,2,0,2,1,3,0
7589,1147,Co|Ru,2,1,1,4,3,1,0,3,2,3,0,3
7590,1226,As|Co|Fe|O|Sm,1,2,0,1,3,0,3,0,3,4,0,0
7591,713,Au|Nb|Rh,2,0,0,2,1,3,1,0,0,1,2,2
7592,444,Mo|Pt,4,1,1,4,3,2,4,2,0,1,2,0
7593,588,In|Se|Sn|Te,4,1,0,4,1,3,3,0,1,4,2,2
7594,41,In|Tl,1,1,0,3,0,1,4,3,1,4,2,3
7595,542,Bi|Cu|La|O|Sr,1,3,4,1,2,1,3,4,4,4,1,2
7596,2152,Nb|Te,3,4,0,0,1,0,4,0,4,2,0,4
7597,2328,B|Ca|Cu|O|Sr,1,0,1,2,3,1,0,1,4,2,4,0
7598,684,Ba|Ca|Cu|Hg|O,0,1,4,0,4,3,3,3,4,1,2,4
7599,2244,Ba|Ca|Cu|O|S|Sr|Y,2,3,4,0,3,1,4,0,1,1,3,4
7600,788,Bi|Ca|Cu|O|Sr|Yb,4,3,1,0,4,1,3,0,1,2,0,0
7601,292,Ba|Cu|Fe|O|Y,0,4,0,1,4,3,4,0,3,1,2,4
7602,713,Au|Nb|Rh,2,0,0,2,1,3,2,2,4,0,1,2
7603,189,Rh|Zr,4,0,1,3,3,1,2,0,0,2,1,4
7604,2069,In|Pb|Y,1,3,4,1,4,0,1,3,0,2,1,0
7605,749,C|Ca|Cu|O|Sr|Y,2,4,1,1,1,4,2,4,1,4,1,4
7606,2452,La|Pd|Sb,2,0,1,4,4,0,1,2,2,1,4,3
7607,723,Nb|Sn|Ta,3,1,3,4,3,1,2,4,4,2,2,0
7608,1946,As|Ce|F|Fe|O,4,3,0,0,3,0,3,2,4,4,2,2
7609,269,Ba|Cu|La|Nd|O,3,1,4,1,0,3,1,1,1,4,0,1
7610,524,Os|Re,2,3,4,2,4,3,1,4,1,1,4,3
7611,156,Pd|Se,3,0,3,1,0,4,2,2,4,2,1,2
7612,1277,As|Ca|Fe|La|Pt,2,0,4,1,0,0,0,0,2,2,3,1
7613,2113,B|C|Cu|Ni|Y,3,2,2,1,0,2,2,4,0,2,1,0
7614,1874,Bi|K|La|O,3,3,4,3,1,3,0,4,2,0,1,2
7615,1649,Ce|Co|In,2,1,1,0,4,0,4,2,0,2,3,1
7616,678,C|La,2,0,0,3,3,2,2,1,3,0,4,0
7617,624,Ru|Zr,0,4,4,2,3,3,3,1,0,0,4,3
7618,321,Ba|Cu|K|O|Y,1,4,0,1,2,3,0,3,2,1,4,0
7619,1260,Ge|Si|V,2,0,1,0,1,3,2,3,2,4,0,3
7620,2453,H|S,4,2,1,3,2,1,0,4,0,1,4,3
7621,574,Ir|La|Pr|Zn,2,1,1,3,3,0,0,4,1,0,1,4
7622,2454,Cu|O|Pr|Sr,4,1,2,0,1,3,1,0,4,1,1,0
7623,64,Ba|Cu|O|Y|Zn,1,1,2,4,3,2,4,2,0,0,2,1
7624,1998,B|Li|Mg,2,0,3,1,1,1,0,1,0,1,1,3
7625,1879,As|Fe|Nd|O|Rh,0,4,4,1,2,1,3,0,0,3,1,0
7626,2199,B|Cr|Mg,4,3,3,2,2,4,0,3,3,2,2,0
7627,2455,Ce|Pt|Si|Th,3,1,2,0,2,4,4,1,1,2,1,2
7628,1223,Ba|Cu|Dy|O|Pr,2,3,0,0,0,0,1,3,1,1,0,2
7629,51,Cu|La|O|Sm|Sr,4,3,2,4,3,3,3,0,0,2,0,4
7630,1460,Bi|Cu|La|O|Sr|Y,1,1,4,0,0,1,3,0,4,3,3,1
7631,1686,Bi|Ca|Cu|Eu|O|Sr,2,1,4,1,2,1,3,4,2,2,2,0
7632,504,Al|Ga|Nb,2,4,3,1,2,0,4,0,3,4,4,3
7633,845,Ce|Cu|Ni|O|Pr,3,4,2,2,1,2,1,4,3,0,4,2
7634,515,Ba|Ca|Cu|O|Pb|Sr|Y,1,3,4,0,1,3,0,0,0,1,0,0
7635,941,B|Er|Rh|Y,2,4,3,3,4,4,1,0,3,4,2,1
7636,1879,As|Fe|Nd|O|Rh,0,4,4,1,2,1,1,2,0,3,1,0
7637,2456,Co|Ge|U,2,0,3,4,4,0,0,3,4,0,3,1
7638,293,B|C|Er|Ni|Tb,0,2,2,3,0,2,3,2,2,0,4,3
7639,850,Cu|Fe|La|O|Sr,2,0,4,4,0,2,0,2,2,3,3,0
7640,383,Al|Nb|Sn,3,2,0,2,4,4,4,0,3,2,1,0
7641,2457,H|N|O|W,3,2,1,1,0,0,4,1,4,4,3,0
7642,10,Cu|La|O|Pb|Sr,3,0,0,3,2,2,2,4,2,3,3,3
7643,14,Cu|La|O|V,3,0,4,1,3,3,0,4,0,3,2,3
7644,2458,Ir|Rh|Se,0,2,3,0,3,0,4,4,2,1,2,0
7645,195,Cd|Ce|Co|In,1,0,0,2,1,4,0,0,4,3,4,4
7646,142,Br|C|I|Y,2,2,2,0,2,4,3,3,1,3,0,0
7647,2459,Ba|Cl|Cu|O|Y,4,2,3,3,2,3,3,1,3,1,3,4
7648,337,As|Ce|F|Fe|O|P,4,3,4,2,4,0,1,2,1,4,3,4
7649,292,Ba|Cu|Fe|O|Y,0,4,0,1,4,3,2,3,0,3,0,4
7650,108,As|Ba|Fe|Pd,0,2,0,1,1,4,0,4,0,3,2,4
7651,272,B|C|La|Lu|Ni,2,2,4,1,0,4,4,0,0,1,4,3
7652,1574,Ca|Cu|Ga|O|Sr|Y,2,4,2,3,0,4,3,0,4,4,4,0
7653,351,Ba|Cu|Hg|O,0,1,0,3,3,4,2,0,2,1,2,2
7654,319,Ba|Ca|Cu|O|Sr|Y,0,2,4,3,1,3,1,2,1,4,1,3
7655,1610,Mn|Ti,1,2,0,0,2,3,0,1,1,2,0,1
7656,1565,As|Fe|H|O|Sm,2,4,0,4,4,3,1,4,4,4,3,1
7657,2449,Ag|Mo|S,4,2,1,1,1,1,1,1,4,4,0,1
7658,36,Bi|Ca|Cu|O|Sr|Y,4,2,4,1,1,0,3,0,3,1,2,4
7659,2460,Ba|Mo|S,0,0,1,2,2,4,4,1,4,4,0,1
7660,742,Si|V,1,3,3,2,3,0,2,3,1,3,4,2
7661,1082,B|Nb|Si,2,2,2,2,0,4,3,3,3,4,4,2
7662,514,Bi|In,3,0,1,2,2,2,2,1,1,0,4,0
7663,2305,Ba|Cu|Eu|Ga|O,1,3,2,3,1,2,1,2,0,2,0,3
7664,41,In|Tl,1,1,0,3,0,1,2,3,4,4,3,3
7665,675,Ba|Cu|O|Sm,0,0,0,2,2,0,3,4,0,2,0,0
7666,58,Co|H|Na|O,1,1,0,1,1,1,4,2,2,1,3,3
7667,1053,Li|Nb|O,0,4,2,3,2,4,1,1,0,0,0,2
7668,568,Ba|Bi|Sb,3,1,3,1,1,2,0,1,0,0,3,4
7669,534,Ba|Cu|Fe|Gd|O,1,2,0,4,4,0,3,0,0,2,4,0
7670,86,Ba|Cu|O|Y,4,4,4,2,0,4,3,0,0,3,4,4
7671,84,H|Pd,0,4,3,0,4,4,4,1,4,3,4,2
7672,42,Cu|La|O|Sr|Zn,1,2,4,4,3,1,1,4,0,4,1,1
7673,88,La|Sn|Th,3,2,2,4,4,0,3,3,0,4,4,0
7674,311,Ba|Cu|Ga|O|Sr|Y,2,0,3,2,1,4,2,1,1,0,3,0
7675,491,Rh|Ti,3,0,3,1,3,0,1,4,1,3,2,2
7676,356,Mo|Re,4,3,4,1,0,0,4,4,4,2,0,4
7677,1212,Ba|Cu|Lu|O,3,1,2,2,1,2,1,2,1,1,4,1
7678,11,Ba|Cu|Nd|O,4,1,1,2,1,1,0,4,3,0,4,4
7679,292,Ba|Cu|Fe|O|Y,0,4,0,1,4,3,0,1,4,3,4,4
7680,211,Mo|U,1,2,2,1,0,3,1,4,0,4,3,0
7681,2461,Ge|Os|Th,3,3,3,1,4,3,3,3,1,1,4,3
7682,681,Ir|Rh|Te,1,3,0,0,4,0,1,1,4,0,4,2
7683,2462,Ba|Cu|O|Pt|Y,1,0,3,3,3,0,2,3,2,2,4,0
7684,2463,Co|H|Mn|Na|O,2,4,2,2,1,4,3,1,0,1,1,3
7685,616,Ba|Ca|Cu|O|Tl|Y,1,0,1,2,2,3,2,3,4,0,2,4
7686,2464,Ca|Cd|Cu|O|Pb|Sr|Tb,1,1,4,1,0,0,1,0,4,3,0,0
7687,119,As|F|Fe|La|O,3,1,1,1,3,4,4,1,2,4,2,2
7688,804,As|Ca|Co|Fe|H,4,4,1,2,2,3,2,0,0,1,2,0
7689,97,As|Co|Eu|Fe|Sr,2,1,3,4,1,3,3,0,3,4,1,0
7690,327,B|C|Cu|O|Sr,3,4,4,0,2,4,0,2,0,3,1,3
7691,429,Cu|La|Ni|O|Sr,0,4,1,1,3,1,1,2,0,4,0,0
7692,789,Cd|Mg,1,2,3,3,4,2,4,1,3,2,0,1
7693,1774,Ni|Th,3,0,4,4,2,3,0,3,1,4,3,1
7694,244,As|F|Fe|La|Mn|O|Y,3,1,3,4,2,3,2,1,1,4,0,0
7695,2465,Ag|Pd|S,2,2,4,0,4,2,0,3,0,0,4,4
7696,2466,Sb|Te,3,3,3,1,1,1,4,3,2,2,3,3
7697,2467,Ba|O|Pb|Sb,1,4,3,3,0,3,4,3,2,4,3,2
7698,1738,Cr|Ir,0,0,4,4,4,1,2,4,1,2,3,0
7699,1401,Ag|Ba|Cu|O|Y,0,3,1,4,2,4,1,1,3,1,3,1
7700,109,Ba|Cu|Er|Fe|O|Zn,0,1,4,3,3,2,2,0,2,0,3,4
7701,2468,Co|Hf,4,3,4,0,1,3,0,2,3,3,2,2
7702,167,Ir|Lu|Sc|Si,0,3,2,4,4,3,1,1,2,0,3,2
7703,40,Au|Ga,0,0,0,2,1,0,3,0,0,0,0,1
7704,686,Ba|Ca|Cu|O|Pr|Y,1,0,3,3,1,0,4,1,1,3,0,4
7705,1,Ba|Ca|Cu|La|O,0,0,1,3,2,4,0,1,3,0,3,0
7706,503,C|Sc|Th,1,0,1,1,4,3,2,2,2,0,1,2
7707,2469,Pd|Si|V,0,3,0,1,0,4,1,0,0,1,0,1
7708,166,Ce|La|Ru,3,4,1,1,0,3,4,0,2,1,4,1
7709,1637,Al|B|Mg|Zn,4,1,1,0,0,3,2,1,0,4,1,2
7710,1776,Cu|Gd|La|O|Sr,1,3,0,0,0,2,0,4,4,0,0,1
7711,436,Ba|Cu|Eu|O|Pr|Sr,4,0,2,2,2,1,1,4,0,0,1,3
7712,216,Cu|La|O|Sr,4,4,1,1,0,1,1,4,1,3,1,4
7713,651,Ir|Os|Rh,0,1,4,2,4,2,4,4,1,4,0,1
7714,2470,Cu|In|Nb,1,0,2,4,3,4,1,2,1,0,4,4
7715,2467,Ba|O|Pb|Sb,1,4,3,3,0,3,3,1,4,1,4,2
7716,144,B|C|Dy|Ho|Ni,3,1,4,4,2,0,1,3,2,2,0,1
7717,336,Ba|Cu|O|Pr|Sm,3,3,2,0,3,2,3,4,3,1,4,1
7718,1277,As|Ca|Fe|La|Pt,2,0,4,1,0,0,3,0,0,1,3,1
7719,287,Bi|Pb,3,2,1,1,1,3,4,1,2,4,4,1
7720,487,Ba|Cu|Eu|O,3,1,0,1,2,0,2,3,3,0,4,2
7721,240,As|Ba|Co|Fe|K,1,2,4,0,0,4,1,1,4,1,1,1
7722,967,As|F|Fe|Nd|O,3,4,4,3,0,2,0,1,2,1,0,4
7723,1207,Ce|Co|In|Ru,3,4,4,2,0,2,1,4,2,0,3,2
7724,1178,Ge|Pr|Pt|Sb,0,3,0,3,4,3,2,3,0,1,2,0
7725,245,As|Ca|Fe|Pr|Pt,0,0,4,4,1,0,3,4,1,1,0,3
7726,1364,Ni|Zr,2,1,2,3,2,1,4,1,1,1,1,4
7727,42,Cu|La|O|Sr|Zn,1,2,4,4,3,1,3,1,4,3,0,1
7728,2471,Pt|Si|Th,2,4,3,2,1,4,3,4,4,3,3,2
7729,2472,Ba|Cu|Fe|O|Yb,3,3,2,4,2,2,0,4,4,2,4,3
7730,862,Hg|K,3,3,3,3,2,0,2,3,3,3,3,4
7731,1351,Sn|Tl,3,2,0,3,0,3,1,4,1,0,3,2
7732,286,Ba|Cu|O|Pr|Y,3,1,2,0,3,0,1,1,0,0,0,3
7733,2174,Th|Y,1,3,0,0,1,1,2,3,1,0,1,0
7734,1285,O|Rb|W,4,2,2,3,3,4,4,2,2,0,4,1
7735,898,Ba|Ca|Cu|Ni|O|Y,0,0,0,4,0,0,0,1,3,2,4,4
7736,544,As|Ba|Co|Cu|Fe,2,4,1,3,0,1,3,2,4,2,1,1
7737,862,Hg|K,3,3,3,3,2,0,1,3,4,2,3,4
7738,2473,As|Cr,4,1,1,0,1,0,4,4,4,4,3,2
7739,559,B|C|Mg,0,3,1,1,2,2,2,3,1,0,3,3
7740,2382,Ce|Hg|In|Ir,3,2,4,3,3,3,3,4,4,4,3,3
7741,286,Ba|Cu|O|Pr|Y,3,1,2,0,3,0,2,4,0,4,4,3
7742,2474,S|Sc,0,3,3,3,1,4,4,2,3,1,2,2
7743,74,Ba|Cu|La|O|Y,2,3,3,3,3,1,3,4,0,1,0,2
7744,167,Ir|Lu|Sc|Si,0,3,2,4,4,3,3,4,1,4,3,2
7745,331,As|Co|Fe|Na,0,3,1,4,4,0,2,3,3,2,2,3
7746,649,Ba|Ca|Cu|Er|Hf|O,3,3,3,0,1,1,1,2,4,3,2,4
7747,477,Nb|Ti|Zr,0,1,1,1,3,3,0,3,0,0,0,3
7748,196,La|Os|Pr|Sb,0,0,1,4,4,4,3,4,2,2,4,3
7749,152,Ba|Cu|O|Sr|Y,2,2,4,0,3,2,2,2,4,4,2,0
7750,1624,Bi|Ca|Cu|La|O|Sr,3,3,2,0,3,1,2,1,3,0,0,0
7751,521,Nb|Rh,4,2,0,0,1,0,3,4,0,3,0,0
7752,521,Nb|Rh,4,2,0,0,1,0,4,2,3,4,4,0
7753,2034,Al|Mo|Nb,4,0,0,2,1,4,2,4,3,2,3,2
7754,47,Al|Au,4,1,0,3,4,1,3,0,2,3,1,4
7755,1206,Pd|Sb,0,4,2,3,1,3,1,0,2,0,1,3
7756,429,Cu|La|Ni|O|Sr,0,4,1,1,3,1,3,2,2,4,2,0
7757,2024,B|Os|Y,0,4,2,2,4,3,1,3,4,0,4,0
7758,486,Ba|Ca|Cu|Nd|O|Pr,1,1,1,2,1,0,4,4,4,0,3,2
7759,476,Ba|Cu|Ga|O|Y,0,1,1,0,4,0,1,1,4,0,0,1
7760,1533,La|Pr|Tl,0,0,1,4,2,4,2,1,4,1,4,3
7761,86,Ba|Cu|O|Y,4,4,4,2,0,4,2,4,0,0,3,4
7762,1459,Cl|K|N|Zr,1,3,1,1,0,4,4,4,0,0,2,3
7763,2475,Bi|Na,1,2,2,3,2,3,2,1,1,2,2,1
7764,152,Ba|Cu|O|Sr|Y,2,2,4,0,3,2,4,4,2,1,3,0
7765,2050,Ir|Rh|S,0,0,3,1,4,1,2,3,2,3,2,3
7766,2476,Co|Fe|Ti,2,2,0,3,0,3,0,1,2,4,0,1
7767,57,Ba|Ca|Co|Cu|O|Y,1,1,3,4,0,1,2,0,0,1,3,2
7768,632,Au|Sn,1,2,0,2,0,1,4,2,1,1,2,0
7769,263,Ga|Nb,3,0,4,0,0,4,4,0,2,1,2,4
7770,728,C|Th|Y,4,0,4,1,4,1,1,1,1,3,3,4
7771,723,Nb|Sn|Ta,3,1,3,4,3,1,3,1,4,0,2,0
7772,1318,Ir|Re,3,0,2,4,2,0,1,3,4,1,0,4
7773,44,Cu|La|Nd|O|Sr,3,0,2,3,4,2,1,1,3,1,3,0
7774,422,Bi|Ca|Cu|O|Pb|Sr,3,0,1,3,0,1,4,1,4,2,4,4
7775,273,Bi|Cu|La|O|Pb|Sr,4,4,0,0,0,1,4,2,3,1,4,2
7776,1157,Ir|Mo|Nb|Pt,3,1,2,0,1,1,0,2,0,2,4,0
7777,1476,C|Mo|Re,4,0,3,0,1,2,4,0,2,4,0,2
7778,0,As|Ba|Fe|K,0,4,2,3,0,4,3,0,4,0,3,1
7779,1,Ba|Ca|Cu|La|O,0,0,1,3,2,4,3,1,0,3,3,0
7780,567,Ge|Nb|Sn,1,0,2,3,2,1,3,3,4,0,4,1
7781,53,Ga|Si|Sr,1,0,2,4,3,1,4,0,2,4,4,3
7782,733,Re|W,0,2,1,0,2,2,4,1,0,0,2,1
7783,911,Ba|Cu|Lu|O|Pr,2,3,0,2,0,3,0,0,1,3,0,3
7784,1844,Fe|Rb|Se,1,4,4,4,2,0,3,1,4,4,0,3
7785,2477,As|Ce|Fe|O|P,3,4,0,1,3,1,2,4,4,3,1,0
7786,937,La|Sn|Tm,3,0,0,3,3,3,2,2,0,1,3,4
7787,216,Cu|La|O|Sr,4,4,1,1,0,1,2,0,1,2,2,4
7788,2136,Bi|Ca|Cu|Nd|O|Sr,4,3,2,0,4,2,4,4,4,2,3,2
7789,786,B|Ir|Mg,2,4,2,0,3,2,3,3,2,0,1,1
7790,915,Sb|Sn,1,2,4,3,0,3,2,4,1,2,3,1
7791,2478,Br|Hf|Li|N|Zr,4,3,4,2,4,3,3,4,4,2,4,2
7792,1,Ba|Ca|Cu|La|O,0,0,1,3,2,4,3,4,1,0,1,0
7793,216,Cu|La|O|Sr,4,4,1,1,0,1,2,1,4,0,1,4
7794,19,Gd|In|La,1,2,2,4,3,2,4,4,0,4,4,4
7795,1723,Ir|Pd,0,4,2,2,1,1,2,4,1,0,4,2
7796,415,N|Nb|Ti,2,2,0,4,3,0,2,4,2,1,1,4
7797,1634,Ce|Co|In|Zn,0,4,3,1,0,4,3,4,2,4,4,1
7798,708,C|Cu|N|O|Sr,4,1,1,2,1,0,0,4,0,0,2,1
7799,595,Cu|Ir|S|Zn,2,4,3,0,3,2,1,4,2,1,2,1
7800,2041,B|Re,3,0,3,2,4,1,2,0,3,4,1,3
7801,274,Ca|Cu|La|Nd|O,2,4,2,4,4,3,1,2,0,0,3,4
7802,2097,C|Nb|Ta,3,3,0,3,4,0,4,4,4,3,0,2
7803,74,Ba|Cu|La|O|Y,2,3,3,3,3,1,3,1,2,0,2,2
7804,643,Al|V,1,0,2,0,4,4,2,4,2,2,0,4
7805,128,Cl|Li|N|Zr,1,1,2,3,1,1,0,2,0,3,1,4
7806,21,Cu|O|Ru|Sr|Y,3,4,3,3,0,3,3,1,2,0,2,3
7807,594,Cr|Ga|Nb,2,4,3,1,3,0,1,4,3,0,4,4
7808,1916,La|Ni|Si,3,0,0,1,2,0,1,3,1,0,4,0
7809,1679,Ba|Cu|O|Pr,1,3,4,4,3,2,2,3,1,2,4,4
7810,534,Ba|Cu|Fe|Gd|O,1,2,0,4,4,0,0,3,2,3,1,0
7811,2479,In|Sn|Th,2,3,0,0,1,1,1,2,3,0,3,3
7812,1050,Ba|Ca|Cu|Ho|O,2,2,0,1,2,4,4,3,3,0,4,4
7813,2480,C|Pt|W,3,3,0,1,3,4,3,4,1,2,3,0
7814,2003,Co|La|Ru|Sn,2,4,3,1,3,1,0,2,2,3,3,1
7815,347,Ba|Cu|Dy|O|Zn,0,2,2,0,0,1,0,3,1,1,4,2
7816,2481,Fe|Rh|Ti,0,3,0,4,4,0,3,0,1,1,2,4
7817,2183,Bi|C|Y,4,3,1,2,3,3,4,3,2,4,0,2
7818,544,As|Ba|Co|Cu|Fe,2,4,1,3,0,1,2,4,3,4,1,1
7819,2482,Al|Cu,0,0,2,1,2,4,2,0,1,4,2,4
7820,1992,Cu|Fe|H|La|O|Sr,2,0,0,3,0,1,4,3,2,2,2,0
7821,1558,Co|Fe|Se|Te,0,4,2,1,3,0,1,0,0,1,1,0
7822,1760,Fe|Na|S|Se,2,2,2,2,3,4,0,0,0,1,3,4
7823,1,Ba|Ca|Cu|La|O,0,0,1,3,2,4,1,4,3,0,2,0
7824,2483,Al|Rh|Y,4,0,3,3,1,0,4,3,4,0,0,3
7825,391,Bi|Ca|Cu|O|Pb|Sr|Y,1,1,4,1,0,0,1,1,3,3,2,2
7826,242,Ba|Cu|La|O|Sr,2,0,1,1,4,2,2,4,4,0,1,4
7827,1264,Mo|Ru|Se,4,0,1,0,1,2,1,0,2,2,4,1
7828,2484,As|Ca|Fe|Pr|Sb,2,1,2,1,4,3,4,3,3,2,1,2
7829,669,Cu|Se|Ti,1,3,2,3,1,1,0,0,4,0,2,1
7830,86,Ba|Cu|O|Y,4,4,4,2,0,4,3,4,3,2,3,4
7831,1320,Cs|F|Li|O|W,2,3,3,2,3,4,4,0,1,0,1,2
7832,1287,Ba|Ca|Cu|Hg|Mo|O,2,1,1,1,0,0,3,3,1,2,3,4
7833,2485,Ba|K|Si,4,2,1,3,3,3,4,1,4,2,1,2
7834,167,Ir|Lu|Sc|Si,0,3,2,4,4,3,1,0,3,1,0,2
7835,168,Cu|La|O,0,4,4,4,1,3,3,3,4,0,4,0
7836,2486,As|F|Fe|La|Sr,0,1,4,2,1,2,0,3,4,0,0,1
7837,1406,Sn|Te,4,3,2,4,0,4,4,2,2,4,2,0
7838,343,As|Ca|Fe|Pt,0,4,4,2,2,3,1,1,1,1,4,1
7839,2487,Bi|Cu|O|Sm|Sr,2,1,2,0,1,4,2,0,1,4,1,3
7840,1225,B|Mo|Zr,0,1,1,4,3,2,0,2,3,4,4,4
7841,0,As|Ba|Fe|K,0,4,2,3,0,4,3,2,3,3,2,1
7842,248,C|Hf|Nb,3,0,0,2,1,0,3,2,2,1,0,2
7843,2488,Ge|Pd|Si|Y,1,2,4,0,2,0,0,1,4,0,2,4
7844,12,Ba|Ca|Cu|O|Y,3,3,3,3,4,4,4,1,3,3,4,3
7845,1982,C|La|Th,2,2,4,4,3,4,4,4,2,0,3,3
7846,947,Bi|Cu|Nd|O|Sr|Y,4,3,4,4,3,0,3,4,4,2,1,0
7847,1834,As|F|Fe|Nd|O|P,4,4,4,0,1,4,1,1,3,0,1,0
7848,1337,Nd|Ru|Th,1,4,4,3,0,4,2,4,3,2,0,4
7849,286,Ba|Cu|O|Pr|Y,3,1,2,0,3,0,1,2,2,1,3,3
7850,557,As|Ca|Fe|Na,0,1,1,0,0,3,1,4,1,1,4,3
7851,1190,Hf|V|Zr,1,1,3,1,4,1,1,2,0,3,3,2
7852,289,Pd|Zr,4,0,3,3,1,0,1,1,1,4,4,1
7853,444,Mo|Pt,4,1,1,4,3,2,4,0,3,1,4,0
7854,440,Ba|Cu|Gd|O,2,1,0,3,0,2,0,1,0,2,1,4
7855,1314,Ba|Cu|La|O|Sr|Tl,4,4,3,0,2,3,2,3,4,1,2,4
7856,2,Mo|Ru,2,2,3,2,2,2,0,2,3,3,2,0
7857,624,Ru|Zr,0,4,4,2,3,3,0,2,4,0,1,3
7858,640,As|Ba|Fe|Na,4,4,2,3,1,0,3,0,1,0,2,1
7859,636,Bi|F|La|O|S|Sm,0,1,0,4,0,3,1,4,4,2,0,3
7860,1425,Al|Ce|La,4,4,4,4,4,2,0,0,1,0,0,0
7861,665,Ba|Ca|Cu|Gd|La|O,4,1,4,1,3,0,1,2,4,1,0,2
7862,542,Bi|Cu|La|O|Sr,1,3,4,1,2,1,0,4,0,2,3,2
7863,438,Cu|Nd|O,4,1,0,3,4,2,2,2,3,2,0,2
7864,1063,B|Gd|Rh|Y,2,0,4,1,2,4,2,1,1,1,0,1
7865,1814,Ge|Pd|Pt|Y,0,3,1,4,2,2,3,3,1,3,3,2
7866,1,Ba|Ca|Cu|La|O,0,0,1,3,2,4,3,1,1,4,0,0
7867,74,Ba|Cu|La|O|Y,2,3,3,3,3,1,0,0,0,0,0,2
7868,681,Ir|Rh|Te,1,3,0,0,4,0,2,2,0,2,3,2
7869,401,Co|Zr,0,3,3,0,2,1,3,3,2,0,0,4
7870,358,N|Nb,1,3,3,2,3,1,3,1,0,2,1,1
7871,241,Ga|V,4,3,1,0,4,2,3,4,3,3,3,0
7872,118,Ir|Mo,3,0,4,2,3,3,0,1,4,1,3,0
7873,289,Pd|Zr,4,0,3,3,1,0,2,2,2,2,3,1
7874,370,Mn|Si|V,3,3,1,1,0,0,4,2,0,2,2,4
7875,132,Nb|Ti|V,4,1,2,4,3,2,1,4,2,3,1,3
7876,856,C|Fe|Mg|Ni,1,2,4,0,0,3,1,1,4,3,0,0
7877,994,Pt|Y,3,3,0,0,4,2,4,2,3,1,1,1
7878,44,Cu|La|Nd|O|Sr,3,0,2,3,4,2,3,1,2,4,3,0
7879,581,Ti|V,3,1,3,1,1,2,4,1,3,0,0,0
7880,2489,Ir|Si|Zr,0,0,2,2,4,3,0,4,3,0,2,1
7881,293,B|C|Er|Ni|Tb,0,2,2,3,0,2,1,3,4,0,0,3
7882,2490,Ba|Ca|Cu|O|Sm|Zn,3,3,3,4,0,2,3,0,4,4,2,3
7883,785,Se|Ta|Te,0,2,0,1,1,0,3,0,1,1,1,1
7884,2491,Bi|La|O|S|Zr,2,3,0,3,2,0,0,4,1,4,2,3
7885,64,Ba|Cu|O|Y|Zn,1,1,2,4,3,2,1,2,4,3,1,1
7886,542,Bi|Cu|La|O|Sr,1,3,4,1,2,1,0,0,1,1,3,2
7887,243,Cu|O|Re|Sr|Y,0,3,4,1,2,4,2,1,3,0,1,3
7888,1206,Pd|Sb,0,4,2,3,1,3,4,4,2,3,1,3
7889,2492,Pb|S|Yb,3,4,4,3,4,4,0,3,0,1,2,4
7890,1754,As|F|Fe|Nd|O|Ru,1,1,0,0,2,2,2,0,4,1,2,4
7891,351,Ba|Cu|Hg|O,0,1,0,3,3,4,4,4,1,4,4,2
7892,292,Ba|Cu|Fe|O|Y,0,4,0,1,4,3,2,1,0,2,1,4
7893,1006,Cu|Rh|Se|Sn,0,4,2,1,2,3,4,1,3,4,0,1
7894,148,Nb|Ti,4,0,1,0,2,1,2,3,3,4,3,2
7895,256,Au|Ga|Pd,3,4,0,1,1,2,3,2,0,4,4,2
7896,2493,Re|Ru|Si|U,4,0,2,2,2,0,0,4,2,1,1,0
7897,1787,Ce|Co|In|Ir,1,3,1,1,1,0,1,4,3,1,3,0
7898,1903,Sn|Ta,2,3,1,0,1,1,0,2,2,3,1,4
7899,1826,Ba|Ca|Cu|Nd|O|Tl,4,0,2,3,1,0,0,1,0,0,2,2
7900,269,Ba|Cu|La|Nd|O,3,1,4,1,0,3,0,0,1,0,4,1
7901,1213,Cu|Mo|O|Sr|Y,3,2,2,3,1,3,2,4,0,1,0,0
7902,207,Ce|La,4,4,2,3,2,4,0,1,4,0,3,2
7903,597,Ce|Cu|Ge|Si,1,1,3,1,0,1,3,2,2,0,1,0
7904,2494,Br|C|La,0,1,1,4,0,1,1,3,4,1,4,1
7905,674,Cu|Nd|O|Th,1,0,1,4,3,0,0,1,4,0,1,1
7906,655,Cu|La|O|Ru|Sr,2,1,1,0,4,3,2,4,0,4,2,4
7907,395,Ba|Bi|K|O|Pr,3,3,3,4,4,3,2,4,0,2,2,4
7908,2267,B|C|Co|Er|Ni,4,1,4,3,3,1,0,0,0,2,3,3
7909,1691,Bi|Ca|Cu|O|Pr|Sr,2,1,2,2,0,4,4,1,0,0,1,0
7910,250,Ce|Co|Ru,4,2,1,3,0,4,3,0,3,1,2,1
7911,2495,Ag|F,1,1,0,2,3,0,3,1,2,2,1,2
7912,2398,La|Ni,4,2,3,1,0,3,1,2,0,0,2,2
7913,632,Au|Sn,1,2,0,2,0,1,2,4,1,0,3,0
7914,183,Ba|Ca|Cu|O|Tl,2,3,4,2,0,4,3,2,4,4,2,2
7915,1838,As|Ba|Fe|Rb,1,4,4,3,2,1,4,1,3,4,0,0
7916,287,Bi|Pb,3,2,1,1,1,3,3,0,2,4,0,1
7917,2496,La|Sb,0,4,2,1,3,4,0,1,0,2,4,2
7918,904,Ba|Cd|Cu|O|Y,0,2,2,1,3,3,2,0,4,1,2,3
7919,1627,Ba|Cu|O|Rb|Y,1,1,4,4,0,4,1,4,2,3,0,2
7920,450,Ba|Cu|F|O|Y,1,3,4,2,1,2,0,0,4,3,1,0
7921,1179,Ba|Cu|Mn|O|Y,1,4,1,3,2,3,3,1,0,0,4,4
7922,473,Ba|Ca|Cu|O|Sr|Yb,2,2,0,1,4,2,4,0,3,2,2,2
7923,998,Cu|La|Li|O|Sr,3,0,4,2,4,2,0,3,2,3,2,1
7924,2497,Cu|Gd|O|Ru|Sr|Ti,3,3,1,1,3,3,1,4,1,3,0,2
7925,496,In|Pb,4,0,3,1,4,2,3,0,3,1,4,2
7926,241,Ga|V,4,3,1,0,4,2,3,4,0,4,3,0
7927,1096,Cs|Fe|Se,4,2,4,3,2,2,1,2,3,0,2,2
7928,168,Cu|La|O,0,4,4,4,1,3,2,2,3,3,4,0
7929,758,B|Fe|Mg,3,1,2,0,2,2,3,0,0,1,1,1
7930,11,Ba|Cu|Nd|O,4,1,1,2,1,1,4,0,3,1,2,4
7931,2359,As|Co|Fe|Sr|Zn,3,1,2,3,2,0,3,1,2,3,2,0
7932,2498,B|Si,2,4,4,4,0,2,3,4,3,4,0,3
7933,2295,Nb|Os,3,1,3,1,1,3,0,0,4,3,1,0
7934,49,Ba|Cu|La|O,3,0,2,4,3,0,4,1,3,4,2,3
7935,96,B|Ir|Lu|Y,2,2,4,4,4,4,4,2,4,4,2,3
7936,1463,Tc|V,0,1,0,1,3,0,3,3,2,2,0,2
7937,581,Ti|V,3,1,3,1,1,2,0,4,3,3,1,0
7938,1936,As|Fe|La|O|Sm|Sr,4,2,4,1,4,2,3,3,3,2,1,1
7939,736,B|Li|Ni|Pd,2,4,1,0,3,1,4,1,0,3,0,4
7940,2499,C|Cu|Nb|S,3,3,4,1,0,0,1,1,3,0,3,4
7941,851,Ca|Cu|Si,2,4,2,2,3,4,0,2,2,4,4,1
7942,2181,Cl|N|Zr,2,1,3,4,3,2,4,1,4,3,2,1
7943,640,As|Ba|Fe|Na,4,4,2,3,1,0,0,2,0,2,1,1
7944,1277,As|Ca|Fe|La|Pt,2,0,4,1,0,0,2,3,1,3,1,1
7945,830,Ba|Cu|Er|O|Zn,4,4,3,4,4,1,0,1,2,4,3,3
7946,2364,Nb|O,1,1,1,1,1,0,2,4,4,1,1,1
7947,2317,Os,3,0,3,4,3,4,1,4,0,0,0,3
7948,2180,Bi|Ce|Ni,1,3,4,1,0,0,0,3,1,0,4,0
7949,1453,Eu|La,4,2,1,2,2,2,4,1,1,1,3,0
7950,1,Ba|Ca|Cu|La|O,0,0,1,3,2,4,1,1,4,1,1,0
7951,2201,Ba|Cu|Ga|La|O,1,2,2,4,3,1,4,1,2,0,0,0
7952,1587,As|Ca|Fe|Mg|O|Ti,2,2,0,4,3,1,1,2,1,1,0,2
7953,411,Bi|Ca|Cu|I|O|Sr,4,0,4,2,2,1,0,4,1,2,1,1
7954,2500,Al|B|Mo,4,2,2,0,3,1,3,0,0,3,0,0
7955,143,Au|Te,3,2,4,0,3,4,2,4,0,0,4,4
7956,2501,S,0,3,2,1,4,2,1,2,2,3,3,1
7957,2502,Fe|Re,2,4,4,4,3,4,3,1,4,1,4,0
7958,2027,Ca|Cu|F|O|Pb|Sr|Y,1,1,1,2,2,2,0,1,3,3,3,2
7959,870,Al|Mg,0,3,0,3,0,1,2,3,0,1,3,2
7960,850,Cu|Fe|La|O|Sr,2,0,4,4,0,2,2,4,1,3,4,0
7961,2503,B|C|Lu|Re,1,4,0,3,2,1,1,4,0,0,4,2
7962,189,Rh|Zr,4,0,1,3,3,1,3,2,4,0,4,4
7963,1696,Re|V,3,0,1,3,1,3,4,3,0,0,2,2
7964,662,B|Ho|Ir|Rh,0,3,2,2,4,1,3,2,0,1,1,4
7965,10,Cu|La|O|Pb|Sr,3,0,0,3,2,2,2,1,0,2,0,3
7966,1669,Cu|Gd|O|Ru|Sr,2,2,3,0,2,1,3,1,2,1,1,2
7967,1183,B|C|Fe|Ni|Tm,3,1,2,3,0,4,2,1,0,2,2,3
7968,1435,Co|Cu|Ir|S,2,4,1,2,1,0,0,2,2,1,3,4
7969,1073,Cr|Mo,0,2,1,4,2,4,1,1,2,3,2,1
7970,2504,Ru|Th,2,1,4,0,2,3,4,1,3,3,3,3
7971,1058,Tc|W,1,2,1,3,4,2,3,3,4,4,2,4
7972,171,As|Ca|Co|Fe,3,2,0,0,3,4,0,3,1,0,2,3
7973,860,C|Hf|Ta,4,4,3,2,4,2,2,3,0,0,2,2
7974,2505,Ga|Hf|Ni,3,2,3,1,2,3,1,3,2,2,0,4
7975,929,Be|Ga,1,4,1,1,3,1,2,3,1,0,1,4
7976,2113,B|C|Cu|Ni|Y,3,2,2,1,0,2,1,0,4,3,1,0
7977,1223,Ba|Cu|Dy|O|Pr,2,3,0,0,0,0,1,2,3,4,2,2
7978,678,C|La,2,0,0,3,3,2,3,3,4,0,3,0
7979,683,Co|Cr|Cu|S,0,0,0,1,4,1,3,0,2,3,4,4
7980,489,Ge|Y,3,0,4,4,4,3,3,1,1,4,2,1
7981,583,Cu|Eu|O|Ru|Sn|Sr,3,2,2,2,0,3,4,1,0,4,3,1
7982,955,Ir|Ru,2,2,0,0,3,1,1,4,4,2,2,2
7983,2106,Cr|Os,2,1,1,2,2,1,0,2,0,0,3,4
7984,1165,Nd|Os|Pr|Sb,4,2,1,2,1,4,1,3,4,1,4,0
7985,882,Mo|Si,2,1,4,2,4,4,2,0,1,1,0,0
7986,74,Ba|Cu|La|O|Y,2,3,3,3,3,1,2,1,2,4,4,2
7987,2100,C|Ta|W,1,0,0,2,3,4,3,3,3,0,1,2
7988,2506,Ga|Nb|Sb|Sn,4,3,4,3,2,1,0,4,4,4,2,0
7989,153,Ba|Cu|Ni|O|Y,1,4,4,4,2,1,1,0,4,4,3,1
7990,756,As|Ca|Fe|Pr,3,4,0,1,2,1,2,2,2,2,2,1
7991,290,Ba|Ca|Cu|La|O|Y,2,0,4,0,1,2,3,1,2,1,3,1
7992,742,Si|V,1,3,3,2,3,0,4,2,2,1,0,2
7993,1155,Ge|Pt|Y,2,4,4,1,1,3,1,3,3,1,3,0
7994,2458,Ir|Rh|Se,0,2,3,0,3,0,0,2,0,3,2,0
7995,2507,Ba|C|Ca|Cu|N|O|Y,0,4,2,3,2,3,0,3,4,3,4,1
7996,321,Ba|Cu|K|O|Y,1,4,0,1,2,3,3,2,1,2,2,0
7997,703,C|Mg|Ni,3,1,1,4,1,0,4,3,0,0,2,2
7998,2508,Bi|Cs,1,1,0,0,2,0,4,1,1,1,4,0
7999,595,Cu|Ir|S|Zn,2,4,3,0,3,2,0,2,0,2,1,1
8000,1610,Mn|Ti,1,2,0,0,2,3,2,3,0,2,1,1
8001,2509,B|N|Nb,1,1,1,3,1,2,2,1,0,1,1,2
8002,2510,Cs|Nb|S,3,2,1,1,2,3,3,4,4,2,0,3
8003,2511,B|C|Re|Y,4,4,1,1,4,0,2,3,1,1,3,1
8004,74,Ba|Cu|La|O|Y,2,3,3,3,3,1,4,3,2,2,0,2
8005,59,Bi|Ca|Cu|O|Sr,2,1,2,3,0,3,2,2,2,4,1,2
8006,183,Ba|Ca|Cu|O|Tl,2,3,4,2,0,4,1,3,4,0,2,2
8007,65,Ba|Bi|K|O,3,2,0,2,0,0,4,4,2,4,4,3
8008,2305,Ba|Cu|Eu|Ga|O,1,3,2,3,1,2,4,3,4,0,0,3
8009,425,Cr|Ga|V,4,1,1,3,1,2,1,1,4,0,1,0
8010,166,Ce|La|Ru,3,4,1,1,0,3,4,4,1,3,4,1
8011,542,Bi|Cu|La|O|Sr,1,3,4,1,2,1,2,0,3,4,4,2
8012,351,Ba|Cu|Hg|O,0,1,0,3,3,4,2,4,0,1,1,2
8013,2512,B|C|Ni|Tm,0,0,2,3,2,3,2,4,0,0,2,1
8014,2513,Pd|Se|Te,1,3,3,3,2,3,0,3,4,3,2,3
8015,487,Ba|Cu|Eu|O,3,1,0,1,2,0,4,0,0,3,1,2
8016,1108,Ce|Cu|O|Pr,2,0,2,2,4,1,0,3,4,4,1,0
8017,456,C|Nb,3,3,2,0,1,4,1,1,0,3,4,4
8018,893,Mo|Nb|Pd,4,2,0,4,2,0,2,3,0,4,0,1
8019,161,Al|Ge|V,4,1,0,2,4,0,4,3,1,3,0,3
8020,36,Bi|Ca|Cu|O|Sr|Y,4,2,4,1,1,0,4,4,3,2,2,4
8021,455,Ba|Cu|O|Tl,1,1,3,2,4,3,4,4,2,4,2,2
8022,695,Ba|Ca|Cu|Hg|O|Re|Sr,1,3,4,1,0,2,0,3,0,3,4,2
8023,1414,Ce|In|La,2,1,1,3,1,0,1,4,1,3,4,2
8024,2514,Hf|Ni,2,3,1,4,0,4,0,1,3,0,4,0
8025,654,B|Mo|Ta,2,0,1,3,0,0,4,4,2,2,3,3
8026,886,Ba|Si,1,0,4,0,3,1,1,2,2,1,1,3
8027,1782,Co|Cu|Zr,0,3,0,0,4,1,3,0,1,2,3,1
8028,2515,Ga|La|Sb,3,0,0,4,4,2,3,3,4,0,3,1
8029,1310,Ir|Lu|Rh|Si,1,3,2,2,3,1,2,1,1,3,0,1
8030,882,Mo|Si,2,1,4,2,4,4,4,0,4,3,3,0
8031,2009,Nb|Re|Ta,4,4,1,0,3,1,2,4,3,0,3,2
8032,2516,Ge|La|Pd,2,4,4,3,0,2,4,1,1,0,1,1
8033,239,As|Ba|Fe|Ru,0,3,3,1,1,3,4,1,4,3,2,2
8034,511,Al|Ca|Ga|Si,3,2,3,0,0,0,3,3,4,4,1,0
8035,2517,B|Co|La|Y,4,1,2,0,0,4,4,1,3,3,3,2
8036,800,Cr|V,3,4,2,4,0,3,1,4,1,1,0,2
8037,11,Ba|Cu|Nd|O,4,1,1,2,1,1,1,2,4,3,2,4
8038,63,As|F|Fe|La|Mn|O,2,4,4,0,3,1,2,0,4,0,1,2
8039,89,In|Pb|Sn|Te,1,2,1,2,3,2,4,0,4,3,4,1
8040,652,Ba|Cu|Fe|H|O|Y,2,0,4,0,0,1,0,0,3,1,3,2
8041,227,Pd|Te,4,0,0,0,2,0,0,1,4,0,0,3
8042,582,C|Si|W,0,0,0,2,4,1,2,2,1,1,2,3
8043,2181,Cl|N|Zr,2,1,3,4,3,2,4,3,1,2,1,1
8044,473,Ba|Ca|Cu|O|Sr|Yb,2,2,0,1,4,2,0,3,1,4,1,2
8045,504,Al|Ga|Nb,2,4,3,1,2,0,3,0,1,3,1,3
8046,544,As|Ba|Co|Cu|Fe,2,4,1,3,0,1,3,2,4,4,2,1
8047,1406,Sn|Te,4,3,2,4,0,4,3,1,4,0,4,0
8048,816,As|F|Fe|La|O|P,4,4,0,1,2,2,3,2,1,0,4,0
8049,86,Ba|Cu|O|Y,4,4,4,2,0,4,0,4,1,2,3,4
8050,2518,Nb|Rb|S,0,2,4,3,2,4,2,0,0,4,3,3
8051,429,Cu|La|Ni|O|Sr,0,4,1,1,3,1,1,1,3,2,0,0
8052,1380,Al|Ti,3,0,1,0,0,2,1,0,3,0,1,3
8053,969,Ba|Cu|Er|Fe|O,1,0,3,1,3,3,4,0,0,3,0,2
8054,58,Co|H|Na|O,1,1,0,1,1,1,4,0,1,4,2,3
8055,482,Nb|V|Zr,1,0,3,3,1,3,0,4,3,4,1,0
8056,1056,Ge|In|Sn|Te,2,1,3,1,3,0,1,1,4,4,2,4
8057,116,As|F|Fe|La|O|Ru,4,3,4,1,0,1,0,0,1,1,1,0
8058,1288,Bi|Cu|O|Sr,3,1,4,0,1,4,4,3,3,1,3,2
8059,1100,As|Ba|Fe|P,1,0,1,4,3,0,3,0,4,0,0,3
8060,139,Al|B|Mg,1,1,3,4,1,1,0,2,2,4,2,1
8061,826,Pd|Ti,1,0,3,0,4,1,4,4,1,1,3,1
8062,1387,Cu|La|O|Sr|Tl,3,0,1,1,3,1,0,3,1,3,0,0
8063,1285,O|Rb|W,4,2,2,3,3,4,4,0,2,3,1,1
8064,286,Ba|Cu|O|Pr|Y,3,1,2,0,3,0,0,3,2,0,3,3
8065,86,Ba|Cu|O|Y,4,4,4,2,0,4,2,2,3,2,3,4
8066,286,Ba|Cu|O|Pr|Y,3,1,2,0,3,0,2,4,2,0,1,3
8067,2331,Co|Th,0,1,1,1,0,1,4,2,4,4,2,3
8068,57,Ba|Ca|Co|Cu|O|Y,1,1,3,4,0,1,3,4,0,3,4,2
8069,2519,Br|K|N|Ti,1,1,2,3,1,2,3,1,0,4,1,1
8070,392,C|Mo|Nb,0,1,3,4,0,0,3,3,2,2,2,1
8071,5,Al|Ga|V,3,2,3,4,0,2,4,3,1,3,4,2
8072,1220,Al|Ba|Si,0,2,2,2,3,1,2,1,2,3,4,4
8073,64,Ba|Cu|O|Y|Zn,1,1,2,4,3,2,0,3,0,4,4,1
8074,2255,Au|Pb,3,2,2,4,4,1,1,1,1,3,1,3
8075,364,Th|Zr,1,2,1,1,4,1,4,0,3,1,0,4
8076,857,As|Fe|Pt|Sr,3,3,0,0,2,3,0,0,3,4,0,3
8077,316,Co|Cu|Gd|O|Ru|Sr,2,0,4,1,3,1,0,0,2,1,2,3
8078,269,Ba|Cu|La|Nd|O,3,1,4,1,0,3,0,1,3,1,4,1
8079,49,Ba|Cu|La|O,3,0,2,4,3,0,0,1,1,3,0,3
8080,1464,Cl|Hf|N|Na,4,1,3,2,1,4,3,2,3,3,3,2
8081,1951,Cu|La|O|Pb,3,0,1,2,3,2,1,1,1,3,1,2
8082,2520,Co|Sc|Si,1,3,1,3,3,2,3,3,4,1,1,4
8083,286,Ba|Cu|O|Pr|Y,3,1,2,0,3,0,0,3,2,1,2,3
8084,153,Ba|Cu|Ni|O|Y,1,4,4,4,2,1,3,3,3,3,1,1
8085,1018,La|Mo|Se,2,1,4,2,3,3,1,3,2,1,0,4
8086,2521,Bi|Ni|Sm,2,3,2,3,3,2,4,4,1,0,3,0
8087,1408,Al|Nb|V,4,3,2,3,4,1,4,1,1,4,3,3
8088,33,C|N|Nb,1,0,3,0,2,3,2,3,2,4,1,3
8089,1533,La|Pr|Tl,0,0,1,4,2,4,1,2,1,4,4,3
8090,850,Cu|Fe|La|O|Sr,2,0,4,4,0,2,2,4,1,2,3,0
8091,2522,Mo|Se|Y,3,0,0,0,4,1,3,2,4,3,4,1
8092,292,Ba|Cu|Fe|O|Y,0,4,0,1,4,3,4,1,4,4,4,4
8093,16,Cu|Mo|S,0,3,1,3,0,4,3,4,1,2,3,3
8094,1736,Ca|Cu|Ga|O|Sr,1,2,1,3,2,4,1,1,4,2,4,4
8095,930,H|Nb|Pd,1,2,3,3,2,1,3,2,4,1,3,1
8096,146,Ba|Cu|Er|O,0,4,2,1,2,2,3,1,4,4,4,0
8097,2267,B|C|Co|Er|Ni,4,1,4,3,3,1,2,2,0,0,1,3
8098,542,Bi|Cu|La|O|Sr,1,3,4,1,2,1,1,2,2,1,2,2
8099,1816,As|Fe|Gd|Ir|O,1,3,3,0,0,1,2,3,1,2,0,2
8100,2523,I|Mo|Se,4,2,4,1,3,1,2,1,3,1,0,2
8101,1644,Ag|In,2,2,0,3,1,2,0,1,4,4,4,4
8102,204,Cu|La|O|Pr|Sr,1,1,2,0,1,0,1,1,2,4,1,0
8103,411,Bi|Ca|Cu|I|O|Sr,4,0,4,2,2,1,0,2,3,3,4,1
8104,254,Cu|Fe|O|Sr|Y,4,1,1,3,3,2,0,3,1,0,0,0
8105,1104,Ca|Cu|Ho|O|Pb|Sr,1,4,1,1,2,4,1,1,4,4,0,0
8106,270,C|K,3,2,1,0,0,3,4,1,3,4,4,2
8107,2053,Ir|Te,0,2,2,4,1,2,2,0,0,4,1,3
8108,1855,Co|V,0,1,2,2,3,1,0,2,0,4,2,4
8109,728,C|Th|Y,4,0,4,1,4,1,1,1,0,2,4,4
8110,609,Co|Mg|Ni,4,1,4,4,2,1,2,1,0,4,0,0
8111,339,Ir|Zr,1,3,3,2,0,4,0,3,2,4,1,4
8112,2524,Bi|Re,0,1,4,1,4,0,1,3,2,3,2,3
8113,643,Al|V,1,0,2,0,4,4,1,0,0,1,4,4
8114,182,La|Y,2,0,1,3,4,0,0,2,2,3,1,1
8115,1210,Bi|Ce|F|Nd|O|S,4,2,0,3,1,2,2,3,1,1,3,4
8116,2525,As|Fe|O|Pr|Sr|Zn,4,2,4,0,0,3,3,4,1,3,0,2
8117,923,Mo|Pt|Re,2,0,3,1,2,3,0,2,3,1,4,1
8118,362,As|Ca|Fe|Nd,1,3,4,0,0,0,1,4,1,2,2,3
8119,1513,Mo|P,4,2,0,4,3,1,1,1,3,3,0,3
8120,2526,B|C|Lu|Ni|Sc,1,0,4,4,0,4,3,0,0,4,2,4
8121,2527,Bi|La|Rh,2,3,3,0,1,1,4,4,0,3,3,0
8122,203,Ce|Cu|Gd|O|Pr,3,2,0,3,2,0,0,2,4,3,3,3
8123,1,Ba|Ca|Cu|La|O,0,0,1,3,2,4,1,1,4,0,3,0
8124,728,C|Th|Y,4,0,4,1,4,1,0,4,4,4,0,4
8125,491,Rh|Ti,3,0,3,1,3,0,4,4,1,1,1,2
8126,2528,Bi|Cs|O|Pb|Sr,0,4,1,1,4,4,3,3,1,4,3,1
8127,1129,B|C|Gd|Lu|Ni,1,0,1,3,3,3,1,0,0,4,1,3
8128,1139,B|Co|Mg,1,0,2,0,2,3,3,3,4,2,3,2
8129,2529,As|Ca|Fe|Gd|Pt,4,2,1,2,4,0,0,0,3,3,1,2
8130,42,Cu|La|O|Sr|Zn,1,2,4,4,3,1,0,2,2,3,2,1
8131,24,Cu|La|Mn|O|Sr,4,4,2,4,3,1,4,3,0,3,4,1
8132,1615,H|Rh|Zr,0,1,4,4,0,4,0,1,3,0,4,2
8133,96,B|Ir|Lu|Y,2,2,4,4,4,4,2,3,4,4,3,3
8134,24,Cu|La|Mn|O|Sr,4,4,2,4,3,1,0,2,3,0,3,1
8135,2530,C|Lu,3,3,2,1,1,2,0,3,1,2,0,3
8136,335,B|Ru|Y,3,2,0,1,2,2,0,0,3,4,3,4
8137,2531,As|Fe|Nd|O|Sr,0,0,3,2,1,0,2,0,0,2,0,1
8138,54,Nb|Ta,1,2,0,0,3,2,1,2,2,4,4,0
8139,1088,Ga|In|V,4,2,4,2,1,4,1,3,4,0,2,2
8140,74,Ba|Cu|La|O|Y,2,3,3,3,3,1,3,3,4,2,4,2
8141,1554,B|C|Li|Mg,3,1,0,3,3,1,1,0,4,2,1,0
8142,2532,As|Bi|Pb,4,1,0,0,3,3,4,4,3,3,2,4
8143,1701,Pb|Pt,4,4,2,2,2,0,3,1,0,0,0,4
8144,1895,La|Ru|Sn,4,0,0,3,3,3,4,4,2,4,2,1
8145,1346,Ba|Co|Cu|Er|O,0,4,3,1,4,3,2,2,1,4,4,2
8146,139,Al|B|Mg,1,1,3,4,1,1,4,0,0,1,3,1
8147,1061,Ba|Ca|Cu|La|O|Pr,0,0,4,1,0,1,1,4,2,3,4,4
8148,2487,Bi|Cu|O|Sm|Sr,2,1,2,0,1,4,0,3,4,2,3,3
8149,1814,Ge|Pd|Pt|Y,0,3,1,4,2,2,4,0,3,2,2,2
8150,1366,Pr|Th,0,0,4,3,4,0,4,3,1,0,1,0
8151,1822,Co|Fe|K|Se,4,4,1,4,4,1,3,4,3,2,1,4
8152,766,Ta|Ti|V,3,1,2,4,3,3,0,4,3,4,1,1
8153,1402,Al|Ga|Pd|U,4,3,2,4,0,4,4,0,3,0,4,0
8154,521,Nb|Rh,4,2,0,0,1,0,2,0,1,0,1,0
8155,687,Ba|Ca|Cu|Hg|O|Pb,2,0,4,4,1,2,3,0,0,3,2,4
8156,1099,Ba|Ca|Co|Cu|Er|O|Sr,4,0,4,4,0,1,4,1,3,3,4,2
8157,44,Cu|La|Nd|O|Sr,3,0,2,3,4,2,0,0,1,2,2,0
8158,535,Hf|Ta,0,2,0,3,2,0,4,1,4,0,0,2
8159,273,Bi|Cu|La|O|Pb|Sr,4,4,0,0,0,1,3,4,3,3,3,2
8160,535,Hf|Ta,0,2,0,3,2,0,2,1,4,0,4,2
8161,99,Au|In,0,4,0,1,2,3,1,3,3,2,2,3
8162,1685,Ce|Pt|Si,0,3,0,0,2,1,1,0,4,3,3,3
8163,986,Gd|Ru|Y,1,2,3,0,3,2,2,2,2,0,1,3
8164,2533,C|H|K|N|Na,3,2,4,0,0,4,2,2,2,2,1,0
8165,1872,Ba|Na|O|Sb|Ti,0,0,2,2,3,0,1,3,3,1,4,0
8166,1,Ba|Ca|Cu|La|O,0,0,1,3,2,4,1,4,2,3,3,0
8167,12,Ba|Ca|Cu|O|Y,3,3,3,3,4,4,0,1,1,4,1,3
8168,12,Ba|Ca|Cu|O|Y,3,3,3,3,4,4,1,1,2,2,1,3
8169,507,Ba|Cu|H|O|Y,2,1,2,4,1,2,4,3,1,1,0,2
8170,1074,Ir|Ta,2,1,1,2,2,2,3,2,4,3,4,0
8171,343,As|Ca|Fe|Pt,0,4,4,2,2,3,2,1,1,0,3,1
8172,23,Nb|Sn|V,0,0,1,0,2,4,1,3,3,3,2,4
8173,79,Fe|Se|Te,4,3,3,0,1,3,3,1,1,1,2,0
8174,685,Ba|Cu|Lu|O|Pr|Sr,4,0,1,3,0,3,0,2,4,4,4,3
8175,525,Ba|Cu|O|Pr|Tm,0,4,0,2,4,3,3,0,0,1,3,3
8176,1489,La|Lu,0,1,0,2,1,2,0,0,2,3,3,4
8177,422,Bi|Ca|Cu|O|Pb|Sr,3,0,1,3,0,1,4,3,4,3,0,4
8178,570,In|Sn|Te,4,0,3,1,2,1,4,1,3,4,0,4
8179,2534,Ce|Cu|Eu|Nb|O|Ru|Sr,0,3,1,0,4,0,1,2,2,1,1,4
8180,429,Cu|La|Ni|O|Sr,0,4,1,1,3,1,2,2,4,0,1,0
8181,172,B|Nb,4,3,2,3,2,0,4,2,4,0,2,1
8182,1504,Ba|Cu|F|O|Sr,3,2,1,0,1,2,0,4,3,2,2,3
8183,68,Bi|Sn,2,3,2,0,3,1,3,2,1,3,4,1
8184,2170,Ba|Ca|Cu|Hg|O|Ti,0,0,1,4,0,4,2,4,2,4,4,3
8185,2535,Se,3,1,0,0,0,2,4,4,4,0,2,0
8186,168,Cu|La|O,0,4,4,4,1,3,3,4,3,0,4,0
8187,1579,B|C|Er|Fe|Ni,0,4,1,4,0,2,2,4,2,0,4,0
8188,286,Ba|Cu|O|Pr|Y,3,1,2,0,3,0,2,3,2,3,2,3
8189,1805,Sc|V,4,4,2,2,3,3,3,2,1,3,1,1
8190,31,Ba|Cu|O|Pr|Sr|Y,0,2,3,4,1,0,3,0,0,4,1,2
8191,2502,Fe|Re,2,4,4,4,3,4,3,2,4,2,2,0
8192,2092,Mg|Zn,1,3,4,4,4,1,4,4,4,0,4,1
8193,569,B|C|Ni|Pd|Y,0,0,1,4,4,4,1,3,3,4,2,1
8194,272,B|C|La|Lu|Ni,2,2,4,1,0,4,3,4,2,4,1,3
8195,1267,Al|Nb|Si,3,0,3,0,3,1,3,2,0,1,1,4
8196,292,Ba|Cu|Fe|O|Y,0,4,0,1,4,3,2,0,0,2,0,4
8197,1383,B|C|Dy|Lu|Ni,3,3,4,2,3,3,3,2,3,1,1,0
8198,884,Ce|Co|Cu|Nd|O,1,3,4,1,2,4,1,2,4,1,1,0
8199,1593,Cu|K|La|O,1,0,0,3,1,4,4,0,1,3,3,4
8200,1185,Ir|Nb,1,1,1,2,4,4,2,4,4,1,2,0
8201,274,Ca|Cu|La|Nd|O,2,4,2,4,4,3,1,1,3,0,4,4
8202,2536,B|Nd,2,4,4,0,1,4,0,3,4,0,4,0
8203,336,Ba|Cu|O|Pr|Sm,3,3,2,0,3,2,3,2,2,2,3,1
8204,876,Mo|Pb|Se|Yb,1,1,1,4,1,0,0,0,2,1,3,1
8205,59,Bi|Ca|Cu|O|Sr,2,1,2,3,0,3,3,2,1,4,2,2
8206,86,Ba|Cu|O|Y,4,4,4,2,0,4,1,4,2,4,4,4
8207,1482,As|Fe|La|O|Sr,4,2,1,3,2,2,3,1,0,3,0,1
8208,263,Ga|Nb,3,0,4,0,0,4,3,0,4,0,4,4
8209,1037,As|Ce|Co|Fe|H,1,1,2,3,0,2,2,3,0,2,4,3
8210,1,Ba|Ca|Cu|La|O,0,0,1,3,2,4,1,0,1,1,4,0
8211,129,Ba|Ca|Cu|O|Y|Zn,0,2,4,0,4,4,4,3,4,1,1,4
8212,2537,Bi|Cs|Te,4,3,4,4,2,3,1,2,3,2,2,3
8213,1228,Cu|H|La|O|Sr,4,2,0,2,1,4,2,0,3,1,4,2
8214,473,Ba|Ca|Cu|O|Sr|Yb,2,2,0,1,4,2,0,0,1,2,4,2
8215,1574,Ca|Cu|Ga|O|Sr|Y,2,4,2,3,0,4,0,1,3,2,4,0
8216,941,B|Er|Rh|Y,2,4,3,3,4,4,4,4,3,3,3,1
8217,2538,Fe|Sc|Si,3,2,0,4,0,2,0,0,2,1,1,2
8218,1013,Al|Nb,1,0,2,4,2,3,1,2,1,1,0,0
8219,2539,Ba|Nb|Se,1,1,2,4,0,4,3,3,1,0,4,2
8220,1284,Pt|W,4,0,4,1,3,0,3,2,1,3,3,0
8221,49,Ba|Cu|La|O,3,0,2,4,3,0,3,2,1,2,2,3
8222,2540,As|Ca|Fe|P,0,3,2,1,1,3,0,2,0,1,0,3
8223,2541,Ce|Ir,2,1,3,4,1,3,1,4,3,2,1,0
8224,651,Ir|Os|Rh,0,1,4,2,4,2,2,0,2,1,1,1
8225,72,B|C|Mg|Ni,4,2,0,0,0,0,2,2,0,0,1,2
8226,1296,Fe|K|Se|Tl,3,3,1,2,2,1,3,2,1,1,3,4
8227,62,Al|Ge|Nb,2,3,3,0,1,3,0,3,0,4,2,2
8228,372,Ce|Rh|Si,4,2,2,1,4,1,1,2,4,0,1,0
8229,800,Cr|V,3,4,2,4,0,3,3,0,1,3,2,2
8230,655,Cu|La|O|Ru|Sr,2,1,1,0,4,3,0,4,3,1,0,4
8231,665,Ba|Ca|Cu|Gd|La|O,4,1,4,1,3,0,1,0,4,4,4,2
8232,1400,C|N|Ta,4,4,2,0,1,0,3,1,1,2,3,0
8233,286,Ba|Cu|O|Pr|Y,3,1,2,0,3,0,3,3,4,1,0,3
8234,647,Th|U,1,4,3,1,4,4,1,2,4,3,0,3
8235,422,Bi|Ca|Cu|O|Pb|Sr,3,0,1,3,0,1,3,4,0,3,2,4
8236,64,Ba|Cu|O|Y|Zn,1,1,2,4,3,2,2,3,3,2,2,1
8237,980,Ba|Cu|Er|Hf|O,2,1,4,3,0,2,3,2,0,3,4,3
8238,669,Cu|Se|Ti,1,3,2,3,1,1,3,4,4,4,3,1
8239,893,Mo|Nb|Pd,4,2,0,4,2,0,3,0,0,4,4,1
8240,1217,B|Ir|Rh|Sc|Y,2,1,0,3,2,3,0,4,3,4,4,3
8241,755,As|Ba|Fe|Rh,0,4,3,0,3,3,0,4,2,4,3,0
8242,59,Bi|Ca|Cu|O|Sr,2,1,2,3,0,3,2,3,4,2,3,2
8243,42,Cu|La|O|Sr|Zn,1,2,4,4,3,1,2,3,4,4,1,1
8244,2542,Cu|Rh|Ti,3,1,3,1,3,4,1,2,1,1,3,4
8245,2543,Ca|Pb|Rh,1,2,0,3,2,1,0,3,4,0,0,0
8246,867,V|Zr,3,0,3,3,0,0,4,0,3,2,1,0
8247,1,Ba|Ca|Cu|La|O,0,0,1,3,2,4,0,3,0,4,2,0
8248,2544,Ca|Tl,2,2,2,2,2,1,4,1,1,4,4,1
8249,2252,Cu|Fe|Se,4,1,3,2,0,1,3,2,0,2,0,1
8250,931,H|Mo|Nb|Pd,2,4,2,3,2,4,4,2,4,1,3,4
8251,2545,Mo|S|Sm,1,1,2,2,4,2,0,3,4,2,2,2
8252,2546,Am,0,4,0,1,0,2,1,3,2,4,4,3
8253,42,Cu|La|O|Sr|Zn,1,2,4,4,3,1,3,0,1,2,4,1
8254,86,Ba|Cu|O|Y,4,4,4,2,0,4,4,0,0,0,4,4
8255,2547,F|K|Li|O|W,4,4,4,4,2,4,4,4,1,4,2,4
8256,168,Cu|La|O,0,4,4,4,1,3,1,0,1,2,4,0
8257,287,Bi|Pb,3,2,1,1,1,3,0,3,4,3,3,1
8258,932,As|F|Fe|Ni|O|Sm,3,4,0,3,0,2,0,4,4,3,2,2
8259,240,As|Ba|Co|Fe|K,1,2,4,0,0,4,2,0,4,4,3,1
8260,172,B|Nb,4,3,2,3,2,0,2,2,1,4,2,1
8261,2548,Mo|O,3,0,2,0,3,4,3,2,2,0,0,2
8262,840,Ba|Cu|Nd|O|Sr,2,1,1,1,2,2,2,4,4,1,0,3
8263,543,Nb|Pt|Rh,4,0,1,2,3,4,1,4,0,3,3,3
8264,326,Ca|Cl|Cu|O,4,0,3,3,4,2,0,0,2,1,2,2
8265,130,Be|Th|U,2,4,1,0,3,3,1,3,2,3,0,0
8266,1276,Na|O|W,2,0,2,4,4,4,4,0,4,3,3,1
8267,595,Cu|Ir|S|Zn,2,4,3,0,3,2,3,3,2,4,3,1
8268,64,Ba|Cu|O|Y|Zn,1,1,2,4,3,2,2,2,2,3,0,1
8269,675,Ba|Cu|O|Sm,0,0,0,2,2,0,0,1,2,0,1,0
8270,1565,As|Fe|H|O|Sm,2,4,0,4,4,3,2,3,1,3,3,1
8271,2549,C|Cu|Hg|O|Pb|Sr,2,2,4,1,4,2,1,2,1,3,3,0
8272,1249,Ba|Ca|Cu|La|O|Pr|Sr,0,4,2,3,3,1,2,1,0,3,4,3
8273,2550,Mg|Tl,1,4,1,2,2,2,2,3,1,0,1,1
8274,2551,Rh,2,2,3,1,4,2,3,1,3,1,3,1
8275,870,Al|Mg,0,3,0,3,0,1,4,3,0,1,0,2
8276,1373,F|Fe|La|O|P,0,0,2,4,0,4,0,2,2,2,1,0
8277,2039,Rh|Th,3,2,2,2,1,2,2,4,3,0,4,1
8278,1758,Ca|Cr|Cu|O|Sr,3,1,2,4,4,0,2,2,3,1,0,3
8279,0,As|Ba|Fe|K,0,4,2,3,0,4,3,3,1,0,0,1
8280,2552,C|Cs|Tl,3,1,0,0,1,4,2,0,2,0,3,2
8281,482,Nb|V|Zr,1,0,3,3,1,3,4,0,3,4,4,0
8282,74,Ba|Cu|La|O|Y,2,3,3,3,3,1,1,0,3,4,1,2
8283,12,Ba|Ca|Cu|O|Y,3,3,3,3,4,4,2,2,1,3,4,3
8284,286,Ba|Cu|O|Pr|Y,3,1,2,0,3,0,3,3,0,3,2,3
8285,2263,Co|U,4,0,2,1,1,0,1,0,0,3,4,3
8286,2553,C|Ir|Mo,3,0,0,1,0,0,4,1,4,0,3,1
8287,2554,As|Co|Eu|Fe,2,1,1,4,1,1,1,4,1,0,1,0
8288,79,Fe|Se|Te,4,3,3,0,1,3,1,1,2,0,3,0
8289,1793,B|Lu|Ru|Tm,4,0,3,4,3,3,0,4,4,3,1,1
8290,183,Ba|Ca|Cu|O|Tl,2,3,4,2,0,4,1,0,3,2,3,2
8291,2108,Ce|Co|Hg|In,3,1,3,3,4,4,4,0,2,2,3,2
8292,800,Cr|V,3,4,2,4,0,3,4,0,4,4,2,2
8293,1149,Co|Ni|Zr,2,4,0,4,3,0,3,0,1,3,3,2
8294,42,Cu|La|O|Sr|Zn,1,2,4,4,3,1,4,0,1,4,3,1
8295,2555,Ba|Ca|Cu|Hg|Mn|O,4,1,3,1,4,4,4,2,2,3,2,3
8296,84,H|Pd,0,4,3,0,4,4,0,2,4,4,1,2
8297,124,B|Er|Ho|Rh,1,0,1,4,0,2,0,3,1,3,0,0
8298,781,Ca|Cu|O|Sr|V,2,1,0,0,0,3,2,4,2,2,0,0
8299,1850,Ce|Co|In|Ni,2,0,1,1,2,2,0,3,0,0,0,4
8300,2035,O|Ru|Sr|Ti,1,0,0,0,0,0,2,0,3,1,2,2
8301,2556,Au|B|C|Pt|Y,0,2,4,2,3,0,3,2,1,1,3,4
8302,1154,As|F|Fe|O|Sm,3,2,4,3,2,0,1,3,0,4,3,3
8303,2169,Pb|Rh,3,4,2,4,0,3,2,3,1,0,1,4
8304,288,Nb|U,3,3,1,1,2,1,2,4,2,3,2,1
8305,428,Ba|Cu|O|Sr|Yb,1,4,0,4,3,2,3,1,2,4,0,4
8306,358,N|Nb,1,3,3,2,3,1,2,4,3,0,2,1
8307,700,Ba|Cu|Gd|H|O,3,1,0,1,1,4,2,3,4,3,3,3
8308,915,Sb|Sn,1,2,4,3,0,3,0,1,3,0,1,1
8309,956,Ba|Cu|Eu|O|Pr,0,4,4,1,3,3,1,4,0,3,1,3
8310,1285,O|Rb|W,4,2,2,3,3,4,3,4,0,0,4,1
8311,2557,Ce|Pd|Si,1,4,0,0,1,3,0,2,3,2,1,1
8312,2558,B|Si|V,2,4,1,2,4,4,2,3,2,2,3,0
8313,571,B|C|Pd|Y,0,3,2,0,1,0,1,4,1,3,4,0
8314,109,Ba|Cu|Er|Fe|O|Zn,0,1,4,3,3,2,3,3,1,3,1,4
8315,2163,B|C|Ho|Ni,3,4,1,4,2,0,2,0,2,2,4,0
8316,871,Cu|O|Sr|Ti|Y,3,2,4,2,1,3,0,2,4,3,1,3
8317,2178,Ba|Ca|Cu|La|O|Tl,0,3,4,3,0,4,0,1,0,1,0,4
8318,577,Mo|S|Sn,0,4,0,2,1,2,4,1,0,3,4,2
8319,1052,Cu|Mn|Zr,1,0,4,4,0,3,4,0,2,2,3,3
8320,292,Ba|Cu|Fe|O|Y,0,4,0,1,4,3,3,3,1,2,0,4
8321,635,As|Ba|Fe|Mo,4,3,1,4,3,4,3,4,2,4,1,4
8322,292,Ba|Cu|Fe|O|Y,0,4,0,1,4,3,1,1,2,4,4,4
8323,114,Cu|O|Sr|Y,4,3,4,2,2,3,3,3,2,3,2,4
8324,2482,Al|Cu,0,0,2,1,2,4,3,0,3,2,0,4
8325,1373,F|Fe|La|O|P,0,0,2,4,0,4,1,2,2,3,3,0
8326,2559,Pt|Sb|Sr,3,2,4,1,4,1,2,0,4,3,4,1
8327,443,Bi|Cu|O|Pb|Sr|Y,2,1,1,4,0,4,1,4,4,0,3,0
8328,140,Cu|S|Ta,4,2,1,0,0,4,1,1,4,4,4,3
8329,2560,Bi|Mo,4,1,3,3,2,1,0,1,1,3,1,4
8330,2561,Cd|Sn,4,3,4,1,4,2,1,0,4,1,3,4
8331,1098,As|Eu|Fe|P,4,0,1,2,3,2,2,3,3,1,4,2
8332,1267,Al|Nb|Si,3,0,3,0,3,1,2,4,3,1,4,4
8333,396,As|F|Fe|La|O|Zn,3,0,0,4,4,4,3,1,2,3,1,0
8334,321,Ba|Cu|K|O|Y,1,4,0,1,2,3,3,3,1,3,4,0
8335,2562,Ag|Zn,3,4,4,3,2,4,2,4,0,4,0,2
8336,2563,Pb|S|Te,0,0,0,1,1,1,2,4,4,2,3,3
8337,2564,Nb|Pd|Sb,1,1,3,4,1,3,3,4,1,1,4,2
8338,30,Bi|Ca|Cu|Ga|O|Sr,4,0,1,2,0,3,4,0,0,1,2,0
8339,2093,Ce|Ge|Pr|Pt,1,3,2,2,2,3,0,2,2,4,2,0
8340,2565,Fe,2,0,4,4,3,1,0,3,0,1,3,4
8341,2566,La|Rh,4,1,4,3,3,3,3,1,0,1,4,1
8342,2567,Cr|Pd|Sb,3,4,3,0,4,3,4,4,3,2,2,3
8343,1,Ba|Ca|Cu|La|O,0,0,1,3,2,4,4,3,4,1,1,0
8344,2568,Ce,4,1,2,4,4,0,1,1,3,2,0,2
8345,362,As|Ca|Fe|Nd,1,3,4,0,0,0,4,4,1,4,4,3
8346,2569,Li|S|Ti,0,0,3,0,2,1,1,2,0,3,3,1
8347,143,Au|Te,3,2,4,0,3,4,4,2,1,0,2,4
8348,570,In|Sn|Te,4,0,3,1,2,1,2,3,3,3,0,4
8349,43,Fe|K|Se,2,2,3,2,1,3,3,2,0,1,2,0
8350,2570,C|Os|W,1,1,1,0,2,4,1,2,2,1,0,0
8351,1463,Tc|V,0,1,0,1,3,0,2,1,3,0,2,2
8352,1222,Fe|Se|Sn,3,0,3,3,0,0,4,0,3,2,2,4
8353,1256,Ba|Co|Cu|La|O,0,0,3,1,2,1,1,0,3,2,1,1
8354,721,Ga|Nb|Sn,0,2,4,2,3,2,2,4,4,1,0,1
8355,2255,Au|Pb,3,2,2,4,4,1,2,2,3,2,4,3
8356,1456,Mo|Rh,4,2,1,3,1,1,4,1,4,0,0,1
8357,2347,As|Ba|Fe|Pt,3,0,2,4,4,1,0,0,2,4,0,3
8358,2571,Ga|Se|Ta,2,3,3,3,2,0,0,0,3,1,1,4
8359,2572,Fe|K|Na|Se,0,1,1,1,0,1,2,0,3,1,0,2
8360,423,Nb|Pd,1,4,4,2,3,0,1,3,4,2,2,4
8361,1518,H|Ni|Pd,3,3,3,4,4,0,3,2,4,4,1,4
8362,1676,Ni|S|Ta,1,3,3,4,4,2,1,3,4,2,0,0
8363,1152,Cu|F|Nd|O,1,4,2,2,3,0,4,0,0,1,0,2
8364,2203,H|Ta,1,1,3,0,3,2,0,2,2,4,1,4
8365,648,Ta|Zr,3,0,4,1,2,2,2,2,4,3,2,4
8366,1,Ba|Ca|Cu|La|O,0,0,1,3,2,4,4,2,4,4,4,0
8367,59,Bi|Ca|Cu|O|Sr,2,1,2,3,0,3,3,1,4,2,2,2
8368,1863,Ce|Ge|Ni,0,4,2,0,2,0,0,3,2,3,4,4
8369,534,Ba|Cu|Fe|Gd|O,1,2,0,4,4,0,2,2,3,1,2,0
8370,1806,Rh|Sn|Yb,2,0,4,1,0,0,2,0,2,2,0,2
8371,1370,Fe|La|Ru|Si,0,1,3,4,1,0,3,1,1,1,1,1
8372,2573,Ag|Pb|S,0,1,0,0,1,2,4,1,0,3,0,0
8373,1625,La|Yb,1,0,3,0,1,2,4,1,4,3,4,1
8374,559,B|C|Mg,0,3,1,1,2,2,3,0,4,4,0,3
8375,350,Ba|Ca|Cu|La|Nd|O,2,4,3,4,0,4,2,0,3,1,3,1
8376,1741,Bi|Cu|Mo|O|Sr|Y,1,3,4,0,1,1,2,3,2,3,4,2
8377,2065,Cu|Ir|Pt|Se,3,1,0,0,1,0,2,4,2,0,2,4
8378,503,C|Sc|Th,1,0,1,1,4,3,4,0,0,0,1,2
8379,1998,B|Li|Mg,2,0,3,1,1,1,2,3,4,2,2,3
8380,2113,B|C|Cu|Ni|Y,3,2,2,1,0,2,0,1,3,3,2,0
8381,310,S|Sb|Ta,1,2,3,1,1,1,1,2,4,0,4,4
8382,224,Ce|Cu|La|Nd|O,3,0,0,4,2,0,2,1,1,0,4,2
8383,1709,As|Fe|O|Sc|Sr|Ti,0,1,3,0,4,3,1,1,4,2,2,2
8384,832,B|C|La|Pt,3,2,4,4,4,0,0,0,2,1,4,2
8385,816,As|F|Fe|La|O|P,4,4,0,1,2,2,4,3,1,4,2,0
8386,1204,Au|Nb,1,4,2,3,0,2,3,2,1,2,0,4
8387,798,Ga|Nb|Ni,4,3,3,0,4,1,2,0,3,1,3,2
8388,1525,Rh|Si|Th,3,2,1,4,3,1,1,0,3,4,1,4
8389,74,Ba|Cu|La|O|Y,2,3,3,3,3,1,4,2,0,0,4,2
8390,723,Nb|Sn|Ta,3,1,3,4,3,1,4,4,0,1,1,0
8391,86,Ba|Cu|O|Y,4,4,4,2,0,4,1,2,1,2,4,4
8392,1946,As|Ce|F|Fe|O,4,3,0,0,3,0,1,0,3,0,3,2
8393,396,As|F|Fe|La|O|Zn,3,0,0,4,4,4,4,1,2,4,3,0
8394,1670,Ca|Li|Nb|O|Rb,3,0,1,0,0,0,0,4,1,2,4,2
8395,2364,Nb|O,1,1,1,1,1,0,1,1,4,2,1,1
8396,2574,C|Ca|H,2,1,4,2,3,0,3,1,0,3,0,1
8397,451,Ir|Os|Y,1,4,4,3,4,4,4,1,4,2,4,4
8398,2134,Hf|Ti|V,4,2,3,1,1,4,0,2,4,1,3,3
8399,1842,O|Rh|Ti,3,3,1,2,3,2,0,3,2,3,3,1
8400,2575,Cu|Mg|Ni,4,3,0,4,1,2,1,2,1,3,3,0
8401,535,Hf|Ta,0,2,0,3,2,0,4,4,1,1,2,2
8402,2576,Pt|Ta,3,0,2,3,3,4,1,1,3,2,3,4
8403,1456,Mo|Rh,4,2,1,3,1,1,2,4,0,0,3,1
8404,2430,Bi|Ca|Cu|Fe|O|Pb|Sr,0,2,2,0,1,4,4,4,3,1,0,1
8405,2577,Ca|Co|Sn,0,3,1,0,3,1,1,4,2,0,3,4
8406,440,Ba|Cu|Gd|O,2,1,0,3,0,2,1,0,3,3,1,4
8407,643,Al|V,1,0,2,0,4,4,0,4,1,2,4,4
8408,33,C|N|Nb,1,0,3,0,2,3,4,1,0,3,3,3
8409,2578,Cu|F|O|Sr,1,2,3,3,4,3,0,2,1,4,3,2
8410,291,Ba|Ca|Cu|Hg|O|Tl,4,4,0,1,4,4,2,1,1,3,3,3
8411,636,Bi|F|La|O|S|Sm,0,1,0,4,0,3,1,2,3,4,2,3
8412,694,Ba|Cu|Gd|O|Pr,4,4,3,2,3,0,2,0,1,1,2,2
8413,1185,Ir|Nb,1,1,1,2,4,4,0,2,0,2,0,0
8414,937,La|Sn|Tm,3,0,0,3,3,3,3,2,1,1,2,4
8415,2579,Pb|Y,1,1,1,4,3,4,0,3,4,2,3,3
8416,80,Ge|Ir,1,2,2,1,2,4,1,2,4,2,1,4
8417,473,Ba|Ca|Cu|O|Sr|Yb,2,2,0,1,4,2,4,0,4,0,0,2
8418,1210,Bi|Ce|F|Nd|O|S,4,2,0,3,1,2,3,4,3,0,2,4
8419,1482,As|Fe|La|O|Sr,4,2,1,3,2,2,0,0,3,2,1,1
8420,440,Ba|Cu|Gd|O,2,1,0,3,0,2,0,3,3,0,0,4
8421,2580,Ca|Co|Rh|Sn,0,3,3,2,0,4,2,1,4,1,0,4
8422,31,Ba|Cu|O|Pr|Sr|Y,0,2,3,4,1,0,1,0,0,4,3,2
8423,168,Cu|La|O,0,4,4,4,1,3,3,3,3,2,1,0
8424,222,Pb|Te|Tl,4,3,4,4,1,0,3,0,2,1,2,0
8425,1422,Cu|Mo|Se,4,2,0,0,2,3,0,1,4,1,1,2
8426,54,Nb|Ta,1,2,0,0,3,2,2,0,3,1,4,0
8427,507,Ba|Cu|H|O|Y,2,1,2,4,1,2,1,0,3,3,3,2
8428,152,Ba|Cu|O|Sr|Y,2,2,4,0,3,2,4,1,2,3,1,0
8429,2581,Fe|Na|Se,4,3,3,4,3,4,4,1,2,4,3,1
8430,473,Ba|Ca|Cu|O|Sr|Yb,2,2,0,1,4,2,1,1,3,0,1,2
8431,247,As|Ca|Fe|La|P,0,3,4,4,2,0,0,3,1,1,3,4
8432,1691,Bi|Ca|Cu|O|Pr|Sr,2,1,2,2,0,4,2,4,2,0,2,0
8433,357,Mo|Zr,4,1,4,3,1,0,2,1,0,1,4,3
8434,210,B|Mg,3,2,2,2,0,0,2,2,0,4,0,4
8435,168,Cu|La|O,0,4,4,4,1,3,3,0,4,3,3,0
8436,2553,C|Ir|Mo,3,0,0,1,0,0,2,0,2,3,2,1
8437,1385,Nb|Si|Sn,1,1,0,4,4,4,0,4,0,2,3,4
8438,2562,Ag|Zn,3,4,4,3,2,4,2,0,1,3,3,2
8439,2113,B|C|Cu|Ni|Y,3,2,2,1,0,2,3,0,3,2,2,0
8440,120,As|Co|Fe|O|P|Pr,0,3,0,3,0,1,3,3,0,4,3,2
8441,1210,Bi|Ce|F|Nd|O|S,4,2,0,3,1,2,3,4,1,0,0,4
8442,12,Ba|Ca|Cu|O|Y,3,3,3,3,4,4,4,0,3,0,2,3
8443,286,Ba|Cu|O|Pr|Y,3,1,2,0,3,0,4,0,4,0,4,3
8444,132,Nb|Ti|V,4,1,2,4,3,2,1,4,2,3,3,3
8445,292,Ba|Cu|Fe|O|Y,0,4,0,1,4,3,2,4,2,4,2,4
8446,23,Nb|Sn|V,0,0,1,0,2,4,3,2,4,1,2,4
8447,1025,Ga|Mn|Nb,1,1,4,0,2,4,1,0,1,2,1,2
8448,705,C,4,4,0,3,4,2,4,1,2,2,4,0
8449,966,As|Co|Fe|La|O,1,1,3,1,0,2,0,3,0,0,2,1
8450,2033,Ba|Ca|Cu|Eu|O|Sr,0,2,4,3,1,1,3,3,2,4,2,0
8451,675,Ba|Cu|O|Sm,0,0,0,2,2,0,1,1,1,4,0,0
8452,2582,Bi|Cd,2,4,1,4,1,1,0,2,0,4,1,1
8453,1656,Gd|La,4,2,3,1,0,2,0,1,3,2,3,2
8454,2583,Ca|In|N,3,2,2,2,4,0,4,3,3,2,1,1
8455,74,Ba|Cu|La|O|Y,2,3,3,3,3,1,1,4,2,2,3,2
8456,483,B|C|Lu|Ni|Y,3,0,3,2,4,3,2,1,4,3,3,1
8457,507,Ba|Cu|H|O|Y,2,1,2,4,1,2,0,2,1,0,3,2
8458,352,Fe|S|Se|Te,4,0,2,2,3,0,2,3,1,0,1,1
8459,68,Bi|Sn,2,3,2,0,3,1,4,3,1,3,3,1
8460,1554,B|C|Li|Mg,3,1,0,3,3,1,2,0,3,4,2,0
8461,993,Mo|Si|V,2,0,0,0,1,0,0,4,0,3,2,4
8462,528,C|Hf|Mo,0,1,2,4,1,3,2,0,0,3,2,4
8463,2584,Bi|Ce|O|S,4,2,3,0,1,2,3,3,3,4,1,0
8464,59,Bi|Ca|Cu|O|Sr,2,1,2,3,0,3,1,3,1,3,3,2
8465,86,Ba|Cu|O|Y,4,4,4,2,0,4,2,1,2,3,3,4
8466,2585,Co|Ir,0,3,1,4,0,2,0,4,3,4,1,1
8467,2586,Pt|Tl,1,0,3,2,3,1,4,0,1,4,1,2
8468,167,Ir|Lu|Sc|Si,0,3,2,4,4,3,2,2,4,0,0,2
8469,542,Bi|Cu|La|O|Sr,1,3,4,1,2,1,1,1,1,4,2,2
8470,621,Ba|Cu|O|Sn|Sr|Y,4,0,4,1,4,4,4,0,0,3,4,0
8471,2587,Ge|Re,2,2,0,4,0,2,1,0,0,2,0,3
8472,222,Pb|Te|Tl,4,3,4,4,1,0,4,1,1,4,1,0
8473,1126,Nb|Si|Ti,2,2,1,4,2,2,4,1,4,1,1,2
8474,681,Ir|Rh|Te,1,3,0,0,4,0,1,2,3,4,0,2
8475,477,Nb|Ti|Zr,0,1,1,1,3,3,2,3,2,2,1,3
8476,440,Ba|Cu|Gd|O,2,1,0,3,0,2,4,3,2,0,4,4
8477,976,B|Be|U,1,4,3,2,2,2,0,0,4,2,2,3
8478,429,Cu|La|Ni|O|Sr,0,4,1,1,3,1,2,4,0,4,3,0
8479,2588,Fe|Nd|O|P,3,0,4,1,1,3,1,2,3,2,4,4
8480,129,Ba|Ca|Cu|O|Y|Zn,0,2,4,0,4,4,0,1,2,2,1,4
8481,573,La|Pr|Se,0,4,1,2,1,0,0,1,1,4,0,4
8482,244,As|F|Fe|La|Mn|O|Y,3,1,3,4,2,3,0,0,1,2,4,0
8483,416,As|Ba|Co|Fe,3,2,2,4,2,1,2,0,3,4,2,3
8484,587,Ba|Cu|Hg|O|Re,2,0,1,1,3,2,2,0,2,2,3,0
8485,1213,Cu|Mo|O|Sr|Y,3,2,2,3,1,3,2,4,2,3,4,0
8486,418,P|Pd|Pt|Sr,4,0,1,1,4,3,2,2,1,3,3,0
8487,2589,Al|La|Si,4,1,2,1,3,1,2,0,4,4,3,4
8488,43,Fe|K|Se,2,2,3,2,1,3,0,4,0,0,1,0
8489,350,Ba|Ca|Cu|La|Nd|O,2,4,3,4,0,4,3,3,2,4,3,1
8490,579,As|Fe|La|O|P,4,1,1,2,2,1,1,4,1,3,1,0
8491,731,N|Nb|O,1,1,3,2,2,0,2,1,4,4,3,4
8492,1245,B|Y,1,1,2,4,4,3,2,4,4,1,4,0
8493,856,C|Fe|Mg|Ni,1,2,4,0,0,3,0,0,0,1,3,0
8494,166,Ce|La|Ru,3,4,1,1,0,3,0,3,4,3,4,1
8495,2590,Ga|Ti|V,0,2,2,3,3,1,0,3,2,0,3,0
8496,2591,Be|Tc,1,4,0,3,0,4,0,0,2,4,1,1
8497,390,Ce|Cu|Nd|O|Y,3,1,2,4,4,2,3,2,0,4,3,3
8498,2191,Ge|Pr|Pt,3,3,0,2,2,2,3,1,2,4,3,3
8499,1967,Co|Ga|H|Na|O,0,4,2,3,3,1,2,2,3,0,1,2
8500,441,Ba|Ca|Cu|La|O|Yb,1,2,1,2,1,1,3,2,0,2,1,2
8501,337,As|Ce|F|Fe|O|P,4,3,4,2,4,0,4,3,0,4,1,4
8502,64,Ba|Cu|O|Y|Zn,1,1,2,4,3,2,3,1,0,3,3,1
8503,86,Ba|Cu|O|Y,4,4,4,2,0,4,1,2,4,1,4,4
8504,1004,Ge|Ni|Pd|Sr,1,4,0,0,2,4,4,1,0,2,1,1
8505,662,B|Ho|Ir|Rh,0,3,2,2,4,1,0,2,2,4,0,4
8506,423,Nb|Pd,1,4,4,2,3,0,2,2,3,2,0,4
8507,89,In|Pb|Sn|Te,1,2,1,2,3,2,4,0,2,2,0,1
8508,2592,Ca|Cu|Hg|O|Pr|Sr,3,2,4,2,4,3,3,0,0,4,1,4
8509,1533,La|Pr|Tl,0,0,1,4,2,4,0,2,0,2,3,3
8510,1406,Sn|Te,4,3,2,4,0,4,2,2,3,3,1,0
8511,86,Ba|Cu|O|Y,4,4,4,2,0,4,3,4,0,4,0,4
8512,2593,B|Ca|Pd,0,0,0,2,0,1,0,3,4,4,4,4
8513,242,Ba|Cu|La|O|Sr,2,0,1,1,4,2,2,0,0,1,4,4
8514,910,Bi|Cu|Se,4,1,4,4,1,3,2,2,0,1,4,2
8515,1559,Mo|Pb|S|Se,2,3,0,0,2,3,1,2,2,3,3,3
8516,1803,Ir|Lu,3,3,4,3,4,0,1,2,0,3,1,1
8517,261,Ba|Cu|Nd|O|Pr,3,1,2,4,3,0,0,1,4,2,0,3
8518,524,Os|Re,2,3,4,2,4,3,2,4,1,4,3,3
8519,74,Ba|Cu|La|O|Y,2,3,3,3,3,1,4,4,1,1,3,2
8520,764,As|Ca|F|Fe|Ni,0,1,0,4,1,3,0,3,2,2,2,4
8521,350,Ba|Ca|Cu|La|Nd|O,2,4,3,4,0,4,0,1,1,4,2,1
8522,2594,Rh|Sc|Si,2,2,4,0,0,4,2,2,3,0,1,2
8523,2595,Mo|Rb|S,3,4,0,0,4,0,0,0,1,1,3,3
8524,651,Ir|Os|Rh,0,1,4,2,4,2,3,3,3,3,4,1
8525,146,Ba|Cu|Er|O,0,4,2,1,2,2,0,4,3,2,2,0
8526,82,Fe|Ni|Zr,3,2,1,0,0,4,4,4,2,1,3,0
8527,669,Cu|Se|Ti,1,3,2,3,1,1,4,2,1,3,1,1
8528,64,Ba|Cu|O|Y|Zn,1,1,2,4,3,2,3,0,0,0,4,1
8529,2596,Ba|Ca|Cu|O|Sr|Tl,4,3,1,4,4,2,4,3,2,0,1,4
8530,1365,Ca|Cu|Fe|O|Sr|Y,1,3,0,3,0,2,3,1,3,4,2,4
8531,2597,Ga|Mo|Ru,4,0,2,0,2,4,2,4,2,0,4,0
8532,729,Cu|La,0,3,2,0,0,4,3,2,2,3,1,0
8533,494,Ba|Cu|Si,0,3,3,0,4,3,3,3,0,3,3,0
8534,816,As|F|Fe|La|O|P,4,4,0,1,2,2,0,2,0,0,4,0
8535,49,Ba|Cu|La|O,3,0,2,4,3,0,4,1,2,1,2,3
8536,333,C|Er|Th,4,0,4,2,3,0,3,0,2,4,3,1
8537,290,Ba|Ca|Cu|La|O|Y,2,0,4,0,1,2,1,1,1,1,4,1
8538,523,Re|Zr,2,3,2,0,3,2,3,3,2,2,0,3
8539,1,Ba|Ca|Cu|La|O,0,0,1,3,2,4,2,1,3,3,2,0
8540,1319,Al|Nb|Zn,0,3,3,3,3,0,2,3,4,4,3,2
8541,2019,In|La|Sn,4,2,0,2,1,0,0,3,0,2,4,3
8542,2598,La|Os|Sb,1,2,2,1,1,1,3,4,2,2,4,1
8543,1332,Bi|Ca|Cu|O|Sr|Tm,0,0,4,1,3,1,3,3,2,4,4,1
8544,115,Pb|Tl,4,3,1,2,2,0,2,4,3,1,3,2
8545,286,Ba|Cu|O|Pr|Y,3,1,2,0,3,0,1,3,2,3,0,3
8546,573,La|Pr|Se,0,4,1,2,1,0,1,1,3,4,0,4
8547,2599,As|Cu|Fe|Li,2,4,4,2,4,4,3,1,2,4,0,2
8548,1,Ba|Ca|Cu|La|O,0,0,1,3,2,4,3,2,0,2,0,0
8549,1,Ba|Ca|Cu|La|O,0,0,1,3,2,4,1,3,3,2,3,0
8550,1137,Ca|Cl|Cu|Na|O,2,2,4,3,3,0,1,2,3,3,1,1
8551,114,Cu|O|Sr|Y,4,3,4,2,2,3,0,3,1,4,2,4
8552,675,Ba|Cu|O|Sm,0,0,0,2,2,0,4,1,2,2,0,0
8553,2600,As|Fe|Rb|Sr,3,1,0,0,3,1,1,0,3,0,3,3
8554,1854,Mo|Nb|Zr,1,0,0,2,4,2,0,1,0,1,0,0
8555,21,Cu|O|Ru|Sr|Y,3,4,3,3,0,3,1,1,2,2,0,3
8556,74,Ba|Cu|La|O|Y,2,3,3,3,3,1,3,0,3,4,3,2
8557,1216,Ba|Cu|La|O|Y|Zn,2,2,0,3,3,4,3,4,4,2,0,2
8558,2420,Ce|In|Rh,2,2,0,0,4,1,3,2,0,3,3,1
8559,249,Gd|La|Ru,0,1,4,2,3,3,3,2,2,0,2,3
8560,49,Ba|Cu|La|O,3,0,2,4,3,0,1,0,0,0,0,3
8561,22,Ba|Co|Cu|O|Y,3,0,2,2,0,4,2,0,3,4,3,3
8562,743,Nb|Sb|Sn,4,0,1,1,3,3,2,2,0,1,1,3
8563,906,Nb|Sn,2,1,1,4,2,2,3,4,0,3,3,3
8564,153,Ba|Cu|Ni|O|Y,1,4,4,4,2,1,1,2,3,4,0,1
8565,570,In|Sn|Te,4,0,3,1,2,1,4,3,4,0,2,4
8566,784,Nb|Re,2,1,0,0,3,1,0,4,1,2,1,4
8567,2601,Au|B|Mg,4,3,0,0,0,4,2,3,0,0,0,2
8568,199,Al|Si|V,4,4,1,1,1,2,1,3,1,4,3,4
8569,2602,Pd|Se|Ti,2,2,2,3,2,3,4,4,1,3,1,3
8570,1563,Hf|N|Nb,4,4,1,2,0,3,0,4,1,4,1,3
8571,2603,Rh|Sn|Tm|Y,1,4,2,4,2,4,0,3,3,0,2,4
8572,286,Ba|Cu|O|Pr|Y,3,1,2,0,3,0,1,2,1,0,4,3
8573,601,As|Sn|Te,3,0,4,1,4,0,1,2,4,4,4,2
8574,409,Ni|V,0,3,3,3,0,1,3,3,3,0,3,3
8575,143,Au|Te,3,2,4,0,3,4,1,1,2,4,4,4
8576,471,Mo|Pb|Se,0,3,3,2,0,4,0,4,3,4,3,0
8577,703,C|Mg|Ni,3,1,1,4,1,0,3,1,0,1,3,2
8578,2604,Bi|K|O|Sr,4,3,2,2,0,1,0,1,0,2,4,4
8579,1383,B|C|Dy|Lu|Ni,3,3,4,2,3,3,4,3,1,2,2,0
8580,2605,Cs|F|O|W,0,2,1,1,1,1,2,4,3,0,3,0
8581,5,Al|Ga|V,3,2,3,4,0,2,0,2,4,3,3,2
8582,58,Co|H|Na|O,1,1,0,1,1,1,0,4,2,4,4,3
8583,152,Ba|Cu|O|Sr|Y,2,2,4,0,3,2,4,4,1,1,1,0
8584,2241,As|Ca|Ce|Fe|Pt,4,2,0,2,3,2,1,0,0,0,0,1
8585,883,Ag|F|N|O,4,0,4,3,1,4,0,0,1,2,0,0
8586,62,Al|Ge|Nb,2,3,3,0,1,3,2,2,4,4,2,2
8587,478,Ba|Ca|Cu|Gd|Mo|O,2,1,2,3,1,4,4,2,3,4,2,0
8588,446,Eu|Mo|S|Sn,3,0,1,2,0,1,2,2,0,0,0,2
8589,2104,Ba|Ca|Cu|O,1,0,3,3,4,3,4,2,1,2,0,4
8590,185,C|S,0,2,3,1,4,4,2,3,3,1,0,3
8591,817,Ce|Cu|Gd|O|Sm,1,1,0,4,3,4,3,3,0,3,2,2
8592,411,Bi|Ca|Cu|I|O|Sr,4,0,4,2,2,1,4,2,4,1,2,1
8593,2216,Bi|Co|O|S,1,0,4,3,3,3,1,4,3,3,2,2
8594,273,Bi|Cu|La|O|Pb|Sr,4,4,0,0,0,1,3,3,0,3,4,2
8595,2606,As|Ca|Pd,1,2,0,1,3,2,4,2,3,2,3,1
8596,640,As|Ba|Fe|Na,4,4,2,3,1,0,3,4,3,1,1,1
8597,1168,Ba|Ca|Cu|Er|O,4,2,4,3,1,1,1,4,1,4,0,1
8598,216,Cu|La|O|Sr,4,4,1,1,0,1,0,4,0,2,3,4
8599,1250,B|Ce|La|Rh,4,4,3,2,3,2,4,1,1,0,1,0
8600,1601,Fe|La|Rh,2,2,0,3,0,0,1,4,4,1,3,2
8601,941,B|Er|Rh|Y,2,4,3,3,4,4,0,4,1,1,3,1
8602,153,Ba|Cu|Ni|O|Y,1,4,4,4,2,1,0,4,4,0,4,1
8603,231,B|C|Fe|Ni|Y,0,3,0,1,3,2,3,4,2,3,2,3
8604,2607,Ir|Os|Ru,0,4,4,4,4,0,4,4,1,2,1,1
8605,1267,Al|Nb|Si,3,0,3,0,3,1,0,0,4,1,2,4
8606,524,Os|Re,2,3,4,2,4,3,1,3,3,1,3,3
8607,2608,As|La|Os,2,1,4,4,0,2,2,3,3,4,2,1
8608,2609,Bi|Li,3,1,0,1,4,1,4,0,1,3,3,3
8609,98,B|C|Ni|Pr|Y,0,0,0,0,3,1,4,4,0,1,1,2
8610,685,Ba|Cu|Lu|O|Pr|Sr,4,0,1,3,0,3,1,3,3,1,4,3
8611,1843,Ce|La|Pt|Si,1,2,3,0,2,0,1,4,2,4,4,1
8612,1864,Co|Ge|Si|U,3,1,2,0,4,4,1,3,2,0,1,3
8613,2610,Fe|Ge|Y,4,4,0,0,4,3,1,3,2,3,4,3
8614,2611,Cu|La|O|Sr|V,0,0,2,4,3,3,0,2,0,2,0,2
8615,1185,Ir|Nb,1,1,1,2,4,4,4,4,2,4,1,0
8616,314,Al|La,0,1,0,4,1,0,4,4,2,2,1,4
8617,216,Cu|La|O|Sr,4,4,1,1,0,1,3,0,4,1,1,4
8618,1289,In|Nb|Sn,3,4,2,2,3,2,3,2,1,3,3,4
8619,2612,Dy|Ga,1,3,3,1,4,4,0,2,4,1,3,2
8620,171,As|Ca|Co|Fe,3,2,0,0,3,4,1,0,3,2,2,3
8621,2613,In|Sn|Y,0,3,2,1,0,4,2,2,1,2,3,4
8622,618,H|Nb,4,0,3,3,3,0,4,3,2,4,2,0
8623,142,Br|C|I|Y,2,2,2,0,2,4,4,0,1,4,0,0
8624,1195,Ba|Ca|Cu|F|O,4,2,2,3,2,3,0,0,1,0,0,3
8625,142,Br|C|I|Y,2,2,2,0,2,4,1,1,2,1,3,0
8626,2614,C|Ti|W,4,0,2,4,3,1,0,0,0,0,3,0
8627,163,Ge|La,4,4,2,2,2,1,0,0,3,4,1,4
8628,876,Mo|Pb|Se|Yb,1,1,1,4,1,0,3,3,3,0,3,1
8629,2615,B|Mo|Ti,2,1,3,1,3,0,4,0,4,1,2,0
8630,240,As|Ba|Co|Fe|K,1,2,4,0,0,4,1,2,0,4,4,1
8631,422,Bi|Ca|Cu|O|Pb|Sr,3,0,1,3,0,1,0,1,4,0,0,4
8632,2616,Bi|Rh|S,3,1,1,2,0,1,3,1,4,4,2,1
8633,1365,Ca|Cu|Fe|O|Sr|Y,1,3,0,3,0,2,2,3,0,0,3,4
8634,1,Ba|Ca|Cu|La|O,0,0,1,3,2,4,2,2,2,2,3,0
8635,402,Ce|Co|In|Rh,2,1,4,2,1,3,2,0,4,1,4,3
8636,2002,Ga|Nb|Se,1,3,3,0,0,1,1,2,4,4,0,4
8637,1097,Er|Pd|Sn|Y,0,2,3,0,0,4,4,1,2,2,4,4
8638,450,Ba|Cu|F|O|Y,1,3,4,2,1,2,0,3,1,2,1,0
8639,600,Bi|Cu|La|O|Pb|Sr|Y,2,0,0,1,1,1,4,3,2,0,4,2
8640,831,Nb|Pd|S|Se,0,1,3,0,3,3,2,1,3,3,0,4
8641,76,Ge|V,1,0,1,0,2,0,4,3,4,4,0,3
8642,1312,Ru|Ti,0,3,4,1,1,1,1,4,1,3,4,1
8643,199,Al|Si|V,4,4,1,1,1,2,0,4,2,1,4,4
8644,1661,B|Ru,3,2,0,1,3,2,1,4,0,3,3,3
8645,79,Fe|Se|Te,4,3,3,0,1,3,1,2,0,4,3,0
8646,687,Ba|Ca|Cu|Hg|O|Pb,2,0,4,4,1,2,2,4,1,2,0,4
8647,782,La|Ni|Pt|Si,4,3,3,1,2,2,4,1,2,2,4,3
8648,436,Ba|Cu|Eu|O|Pr|Sr,4,0,2,2,2,1,3,0,3,3,3,3
8649,59,Bi|Ca|Cu|O|Sr,2,1,2,3,0,3,3,2,1,3,0,2
8650,1,Ba|Ca|Cu|La|O,0,0,1,3,2,4,0,4,2,3,1,0
8651,785,Se|Ta|Te,0,2,0,1,1,0,3,4,1,3,3,1
8652,1064,Ba|Ca|Cu|Li|O|Si|Tl,1,3,0,4,4,2,4,0,1,2,3,0
8653,2617,Pd|Pt|Te,2,0,4,1,1,2,3,3,4,4,0,3
8654,465,As|Ba|Fe|K|Zn,2,0,4,2,3,1,2,2,1,3,0,4
8655,1094,Be|Ru,2,0,1,3,2,1,0,2,2,2,0,0
8656,1089,Ta|Ti,1,3,1,0,1,2,3,1,2,0,2,2
8657,74,Ba|Cu|La|O|Y,2,3,3,3,3,1,0,3,3,0,1,2
8658,1494,Co|Ga|Nb,2,0,1,1,0,4,3,4,0,3,4,2
8659,2618,Co|Ga|Mo,4,3,2,0,0,3,1,1,2,3,3,2
8660,1749,As|Co|Fe|O|Pr|Sr,0,1,2,2,4,2,1,1,2,4,3,3
8661,2619,Cu|Nd|O|Sr|Tl,0,0,2,0,1,1,1,4,1,2,0,3
8662,411,Bi|Ca|Cu|I|O|Sr,4,0,4,2,2,1,0,1,3,4,3,1
8663,290,Ba|Ca|Cu|La|O|Y,2,0,4,0,1,2,3,0,3,0,3,1
8664,703,C|Mg|Ni,3,1,1,4,1,0,0,1,2,1,2,2
8665,2620,Ca|Cu|Hg|Nd|O|Pb|Sr,3,1,2,4,2,1,3,2,2,1,0,4
8666,289,Pd|Zr,4,0,3,3,1,0,2,3,4,0,4,1
8667,64,Ba|Cu|O|Y|Zn,1,1,2,4,3,2,1,4,1,2,4,1
8668,2621,As|H|Ni|O|Pr,2,2,2,1,1,3,0,3,1,4,1,0
8669,128,Cl|Li|N|Zr,1,1,2,3,1,1,3,2,3,2,3,4
8670,130,Be|Th|U,2,4,1,0,3,3,4,0,4,0,1,0
8671,1193,Bi|Te,4,2,1,3,2,0,0,4,0,4,1,2
8672,729,Cu|La,0,3,2,0,0,4,0,0,1,4,0,0
8673,187,C|La|Ni|Th,1,2,0,4,3,4,2,2,4,1,0,3
8674,1868,Cu|La|Nd|O|Th,1,4,3,2,0,1,0,3,3,4,1,4
8675,31,Ba|Cu|O|Pr|Sr|Y,0,2,3,4,1,0,2,4,4,4,1,2
8676,2105,As|Co|Fe|Li,1,4,1,0,2,3,4,2,3,4,1,3
8677,1097,Er|Pd|Sn|Y,0,2,3,0,0,4,3,3,0,4,0,4
8678,1167,Bi|F|Nd|O|S,3,4,2,0,1,0,4,3,3,1,3,1
8679,483,B|C|Lu|Ni|Y,3,0,3,2,4,3,3,1,1,4,3,1
8680,2479,In|Sn|Th,2,3,0,0,1,1,1,4,0,1,4,3
8681,65,Ba|Bi|K|O,3,2,0,2,0,0,0,1,2,2,3,3
8682,1874,Bi|K|La|O,3,3,4,3,1,3,2,3,2,1,3,2
8683,2297,P|Ru|Zr,2,0,0,2,3,3,2,4,2,1,3,2
8684,2622,Ce|Cu|Eu|O|Pb|Sr|Tl,1,1,1,0,2,0,4,1,0,0,0,1
8685,1254,C|Mg|Ni|Zn,3,0,4,0,4,4,2,0,3,1,0,3
8686,66,Ba|Ca|Cu|La|O|Sr,3,2,3,2,4,1,4,2,0,3,2,2
8687,456,C|Nb,3,3,2,0,1,4,1,0,3,2,2,4
8688,476,Ba|Cu|Ga|O|Y,0,1,1,0,4,0,2,2,3,4,3,1
8689,192,Nb|Ta|Ti,2,0,0,2,0,4,3,4,2,4,1,0
8690,527,Ir|Rh|Ru,3,0,0,0,1,3,1,0,2,0,0,2
8691,2623,In|V,3,0,3,1,4,0,0,3,2,2,1,2
8692,2624,As|Ir|La,2,2,3,0,3,2,2,2,2,0,0,3
8693,2625,Ba|Cu|O|Sm|Sr,1,0,0,1,1,0,3,0,3,2,0,4
8694,2271,As|Ca|Fe|O|Sc|Ti,1,2,2,1,4,2,2,4,1,1,1,3
8695,1017,Ba|Ca|Cu|Lu|O,1,0,2,3,3,0,3,0,2,4,4,4
8696,930,H|Nb|Pd,1,2,3,3,2,1,4,2,3,2,2,1
8697,669,Cu|Se|Ti,1,3,2,3,1,1,3,3,3,1,2,1
8698,1100,As|Ba|Fe|P,1,0,1,4,3,0,3,0,4,0,1,3
8699,1762,As|Ca|Fe|La,1,0,4,2,4,3,1,0,1,1,3,4
8700,152,Ba|Cu|O|Sr|Y,2,2,4,0,3,2,4,3,4,0,0,0
8701,731,N|Nb|O,1,1,3,2,2,0,2,2,4,0,0,4
8702,2538,Fe|Sc|Si,3,2,0,4,0,2,4,3,2,2,1,2
8703,299,Co|Cu|Rh|S,0,1,0,4,4,0,2,1,3,1,3,3
8704,1563,Hf|N|Nb,4,4,1,2,0,3,2,4,0,4,2,3
8705,1558,Co|Fe|Se|Te,0,4,2,1,3,0,4,3,4,2,3,0
8706,547,Be|Nb,0,0,0,1,3,3,3,4,3,1,4,0
8707,244,As|F|Fe|La|Mn|O|Y,3,1,3,4,2,3,0,2,2,1,2,0
8708,2626,Cu|Gd|O|Ru|Sn|Sr,3,3,4,1,1,1,1,3,1,4,3,3
8709,524,Os|Re,2,3,4,2,4,3,0,3,3,1,2,3
8710,1630,Ba|Cu|O|Sr|Ti|Y,3,3,4,1,0,3,1,1,3,0,1,2
8711,2627,Ag|Bi|Pb|Se,0,2,4,2,3,4,3,0,4,2,1,4
8712,1163,Au|Nb|V,3,4,1,3,2,2,3,0,3,1,1,0
8713,2628,Lu|Pd|Si,0,0,4,3,0,1,1,2,1,1,0,0
8714,816,As|F|Fe|La|O|P,4,4,0,1,2,2,3,2,1,4,4,0
8715,74,Ba|Cu|La|O|Y,2,3,3,3,3,1,4,2,2,4,2,2
8716,813,Ru|V,4,2,0,1,3,1,0,1,1,4,3,2
8717,482,Nb|V|Zr,1,0,3,3,1,3,4,3,1,0,0,0
8718,468,Co|Fe|Th,3,2,1,0,2,1,1,2,3,3,2,1
8719,420,Ce|Cu|Nd|O,0,3,2,4,2,0,2,2,3,2,0,0
8720,261,Ba|Cu|Nd|O|Pr,3,1,2,4,3,0,3,1,2,0,1,3
8721,2040,Ba|Cd|Cu|O|Tl,1,4,2,2,2,1,3,4,3,0,1,4
8722,521,Nb|Rh,4,2,0,0,1,0,1,3,3,0,1,0
8723,2629,Mo|Rh|Ti,4,3,3,1,0,2,1,1,4,2,1,1
8724,1489,La|Lu,0,1,0,2,1,2,0,1,3,1,2,4
8725,1432,Al|Mn,2,1,1,4,0,2,1,3,1,0,2,4
8726,2630,Bi|Cu|Hg|O|Sr|Y,3,1,0,3,4,0,0,1,0,2,2,2
8727,2461,Ge|Os|Th,3,3,3,1,4,3,3,3,3,0,3,3
8728,1696,Re|V,3,0,1,3,1,3,1,1,2,3,1,2
8729,514,Bi|In,3,0,1,2,2,2,0,2,2,2,2,0
8730,2434,C|Cu|O|Pb|Sr|Tl,0,1,2,1,3,0,1,1,3,1,4,4
8731,542,Bi|Cu|La|O|Sr,1,3,4,1,2,1,2,3,2,2,2,2
8732,336,Ba|Cu|O|Pr|Sm,3,3,2,0,3,2,1,2,0,0,4,1
8733,577,Mo|S|Sn,0,4,0,2,1,2,2,2,0,0,4,2
8734,116,As|F|Fe|La|O|Ru,4,3,4,1,0,1,1,4,2,0,1,0
8735,635,As|Ba|Fe|Mo,4,3,1,4,3,4,0,1,2,0,4,4
8736,1462,As|Fe|O|Sm|Th,2,1,2,1,1,4,4,2,0,2,4,2
8737,2631,Ca|K|Nb|O,1,3,4,4,3,0,0,1,0,0,3,3
8738,992,Bi|F|La|O|S,2,2,2,4,4,1,1,3,0,3,1,3
8739,515,Ba|Ca|Cu|O|Pb|Sr|Y,1,3,4,0,1,3,3,3,3,1,3,0
8740,1808,O|Ti,0,0,2,4,0,3,3,2,1,4,0,0
8741,1157,Ir|Mo|Nb|Pt,3,1,2,0,1,1,0,2,3,2,3,0
8742,2632,Ca|Ge,4,4,3,0,0,3,4,4,0,1,3,0
8743,2027,Ca|Cu|F|O|Pb|Sr|Y,1,1,1,2,2,2,4,3,0,2,1,2
8744,675,Ba|Cu|O|Sm,0,0,0,2,2,0,2,0,0,2,4,0
8745,2633,K|Mo|Se,0,2,2,0,2,1,3,3,3,4,0,4
8746,21,Cu|O|Ru|Sr|Y,3,4,3,3,0,3,0,1,4,2,3,3
8747,123,B|C|Co|Lu|Ni,4,3,0,1,0,4,2,1,4,0,0,0
8748,2174,Th|Y,1,3,0,0,1,1,0,1,3,1,4,0
8749,2634,B|Ru|Th,4,2,4,0,1,3,2,2,3,1,2,4
8750,604,Ga|Si|V,3,4,2,4,0,1,3,2,0,3,1,3
8751,514,Bi|In,3,0,1,2,2,2,1,2,0,2,3,0
8752,2635,Co|Fe|Zr,3,2,3,4,2,4,4,0,4,4,0,4
8753,205,Ba|Ca|Cu|Gd|In|La|O|Sr,3,2,0,3,1,4,0,0,2,1,4,4
8754,600,Bi|Cu|La|O|Pb|Sr|Y,2,0,0,1,1,1,2,2,1,1,4,2
8755,1277,As|Ca|Fe|La|Pt,2,0,4,1,0,0,3,3,0,1,3,1
8756,90,As|Fe|H|La|O,2,3,1,3,4,0,2,3,1,3,0,2
8757,788,Bi|Ca|Cu|O|Sr|Yb,4,3,1,0,4,1,0,4,1,1,2,0
8758,2636,As|Fe|O|Pr|Te,2,1,0,0,0,4,3,1,4,1,4,1
8759,1235,Ba|Ca|Cu|Nd|O,0,1,4,1,0,1,1,4,0,0,1,0
8760,58,Co|H|Na|O,1,1,0,1,1,1,4,1,3,1,2,3
8761,62,Al|Ge|Nb,2,3,3,0,1,3,0,0,4,1,4,2
8762,2637,Rh|Si|Ti,1,2,2,3,2,1,2,4,1,4,2,2
8763,1185,Ir|Nb,1,1,1,2,4,4,1,1,3,0,2,0
8764,22,Ba|Co|Cu|O|Y,3,0,2,2,0,4,1,1,4,4,0,3
8765,1444,Br|Ca|Cu|Na|O,3,3,3,4,1,3,3,0,1,2,0,3
8766,61,Ge|La|Pt,2,2,3,1,1,4,2,2,0,2,3,3
8767,286,Ba|Cu|O|Pr|Y,3,1,2,0,3,0,3,0,2,1,2,3
8768,1061,Ba|Ca|Cu|La|O|Pr,0,0,4,1,0,1,3,3,2,4,2,4
8769,721,Ga|Nb|Sn,0,2,4,2,3,2,4,1,2,2,1,1
8770,1500,Dy|Mo|S,2,3,0,1,2,4,1,0,3,1,1,0
8771,455,Ba|Cu|O|Tl,1,1,3,2,4,3,1,1,4,4,4,2
8772,236,Ba|Cu|O|Tm,4,3,1,0,0,1,4,0,0,4,1,3
8773,50,Ba|Ca|Cu|Er|La|O,3,3,0,3,1,3,0,1,1,0,0,2
8774,1383,B|C|Dy|Lu|Ni,3,3,4,2,3,3,1,2,1,4,3,0
8775,74,Ba|Cu|La|O|Y,2,3,3,3,3,1,3,3,1,3,4,2
8776,62,Al|Ge|Nb,2,3,3,0,1,3,1,3,1,0,3,2
8777,875,Ru|Sc,2,2,3,4,1,0,4,3,3,2,2,3
8778,2136,Bi|Ca|Cu|Nd|O|Sr,4,3,2,0,4,2,4,3,3,0,4,2
8779,441,Ba|Ca|Cu|La|O|Yb,1,2,1,2,1,1,0,2,0,1,4,2
8780,1926,Ba|Cu|Lu|O|Yb,4,3,0,3,4,1,1,3,0,1,2,4
8781,1937,Tc|Ti,0,3,2,4,0,1,3,0,4,3,1,4
8782,136,Nb|Zr,0,4,3,4,3,1,3,1,3,1,0,1
8783,51,Cu|La|O|Sm|Sr,4,3,2,4,3,3,3,2,3,2,0,4
8784,1210,Bi|Ce|F|Nd|O|S,4,2,0,3,1,2,0,3,3,2,0,4
8785,2638,Be|Si,0,4,1,0,2,4,0,1,4,3,4,3
8786,58,Co|H|Na|O,1,1,0,1,1,1,3,4,2,3,2,3
8787,746,Co|Ti,3,0,3,4,3,4,4,3,2,4,1,2
8788,2430,Bi|Ca|Cu|Fe|O|Pb|Sr,0,2,2,0,1,4,1,1,1,4,0,1
8789,581,Ti|V,3,1,3,1,1,2,2,0,2,0,3,0
8790,1866,Al|Ca|Si,0,0,0,2,2,1,2,0,2,3,2,4
8791,2639,B|Co|Fe|La,4,2,3,4,2,4,1,1,0,0,1,4
8792,2640,Rh|S,0,2,2,2,1,2,3,1,1,4,1,0
8793,1517,Rh|Sn|Y,4,3,0,0,4,3,2,1,2,1,2,2
8794,2490,Ba|Ca|Cu|O|Sm|Zn,3,3,3,4,0,2,1,1,1,1,2,3
8795,2641,Ba|Bi|K|Pb,1,2,2,1,2,3,3,4,2,1,3,1
8796,1642,La|Pb|Sn,4,2,2,0,4,2,1,3,0,1,1,0
8797,1185,Ir|Nb,1,1,1,2,4,4,4,1,4,2,0,0
8798,504,Al|Ga|Nb,2,4,3,1,2,0,4,4,1,0,1,3
8799,2642,Re,2,4,4,4,3,0,3,0,4,3,2,2
8800,241,Ga|V,4,3,1,0,4,2,1,1,3,3,1,0
8801,2195,Ce|Co|In|Nd,1,4,4,2,1,1,0,1,3,0,3,4
8802,786,B|Ir|Mg,2,4,2,0,3,2,4,0,4,1,4,1
8803,857,As|Fe|Pt|Sr,3,3,0,0,2,3,1,0,2,1,4,3
8804,440,Ba|Cu|Gd|O,2,1,0,3,0,2,4,4,1,3,3,4
8805,2643,Ba|Hg,3,2,4,0,0,0,3,0,0,2,2,3
8806,2644,Bi|Ni|Se,4,2,3,2,2,2,4,0,0,3,0,4
8807,1512,C|Mg|Ni|Ru,1,2,3,2,0,3,3,3,4,0,0,2
8808,686,Ba|Ca|Cu|O|Pr|Y,1,0,3,3,1,0,2,1,2,3,1,4
8809,1137,Ca|Cl|Cu|Na|O,2,2,4,3,3,0,4,4,1,2,4,1
8810,2023,Ba|Cu|Fe|O|Sm,4,4,3,0,3,3,3,4,1,2,2,2
8811,129,Ba|Ca|Cu|O|Y|Zn,0,2,4,0,4,4,0,2,0,0,3,4
8812,2645,Ir|Lu|Si|Th,0,1,2,0,2,0,2,2,4,0,0,0
8813,189,Rh|Zr,4,0,1,3,3,1,0,4,3,3,1,4
8814,2017,Fe|Ru,3,3,0,4,2,0,3,0,1,4,2,1
8815,86,Ba|Cu|O|Y,4,4,4,2,0,4,0,0,4,2,4,4
8816,647,Th|U,1,4,3,1,4,4,2,1,1,4,2,3
8817,1274,Ba|Ca|Cu|O|Tm,1,3,2,3,4,2,3,4,1,1,3,1
8818,22,Ba|Co|Cu|O|Y,3,0,2,2,0,4,1,4,2,3,1,3
8819,2646,Co|Ta,1,4,0,3,4,2,4,0,3,3,1,1
8820,331,As|Co|Fe|Na,0,3,1,4,4,0,3,4,2,2,4,3
8821,2251,As|Ce|Co|F|Fe|O,1,4,4,1,3,4,2,3,3,2,1,1
8822,2647,Ce|In|La|Rh,2,4,3,1,1,4,2,0,2,0,2,2
8823,2013,Be|Zr,4,2,0,0,0,4,4,0,1,3,1,3
8824,1300,B|V|Zr,0,1,4,0,0,1,4,3,2,2,1,0
8825,657,Al|Cu|La|O|Sr,4,1,4,4,4,2,2,3,1,3,4,1
8826,840,Ba|Cu|Nd|O|Sr,2,1,1,1,2,2,0,0,4,2,0,3
8827,556,C|Nb|S,1,4,2,0,4,2,2,3,4,4,3,4
8828,210,B|Mg,3,2,2,2,0,0,3,0,3,2,4,4
8829,2088,As|Ba|Fe|K|Ni,2,0,0,0,1,1,4,4,0,0,3,0
8830,128,Cl|Li|N|Zr,1,1,2,3,1,1,1,1,2,4,4,4
8831,1307,Sc|Zr,3,3,1,3,3,0,3,0,1,1,0,4
8832,356,Mo|Re,4,3,4,1,0,0,4,3,2,1,1,4
8833,1866,Al|Ca|Si,0,0,0,2,2,1,3,1,2,2,2,4
8834,1519,Cu|Sn,2,0,2,0,4,4,2,1,2,0,4,3
8835,473,Ba|Ca|Cu|O|Sr|Yb,2,2,0,1,4,2,2,2,1,0,2,2
8836,651,Ir|Os|Rh,0,1,4,2,4,2,4,1,1,4,3,1
8837,241,Ga|V,4,3,1,0,4,2,3,0,0,3,2,0
8838,2648,Ba|Cr|Cu|O|Y,0,4,3,3,1,2,0,1,3,0,4,2
8839,1680,Cd|Tl,3,2,1,3,0,4,3,4,2,4,2,4
8840,84,H|Pd,0,4,3,0,4,4,0,1,1,4,4,2
8841,904,Ba|Cd|Cu|O|Y,0,2,2,1,3,3,1,3,3,3,0,3
8842,2649,Ca|Cu|La|O|Y,3,2,2,0,0,2,0,2,2,2,1,3
8843,870,Al|Mg,0,3,0,3,0,1,0,4,2,4,3,2
8844,507,Ba|Cu|H|O|Y,2,1,2,4,1,2,2,4,4,2,1,2
8845,1108,Ce|Cu|O|Pr,2,0,2,2,4,1,3,3,4,4,4,0
8846,189,Rh|Zr,4,0,1,3,3,1,3,2,4,1,1,4
8847,12,Ba|Ca|Cu|O|Y,3,3,3,3,4,4,2,4,1,0,0,3
8848,2650,Re|Si|Ta,4,1,4,4,4,4,1,4,2,3,1,4
8849,923,Mo|Pt|Re,2,0,3,1,2,3,3,0,1,4,1,1
8850,227,Pd|Te,4,0,0,0,2,0,0,0,3,3,0,3
8851,54,Nb|Ta,1,2,0,0,3,2,0,0,1,4,2,0
8852,276,Ca|Cu|O|Sr,0,0,3,4,4,0,3,1,0,2,3,0
8853,2651,Ba|Bi|Cu|Hg|O,0,0,2,0,3,2,0,2,2,1,2,0
8854,79,Fe|Se|Te,4,3,3,0,1,3,4,3,3,4,0,0
8855,784,Nb|Re,2,1,0,0,3,1,3,1,1,4,2,4
8856,1448,Ag|Sn|Te,4,1,1,2,4,0,4,3,3,2,3,0
8857,208,In|Sn,3,3,1,1,0,1,4,4,4,1,3,2
8858,2652,Br|C|Y,2,3,0,3,4,3,1,2,0,2,2,3
8859,1722,Fe|Ga|V,4,4,4,2,2,1,2,0,2,2,3,2
8860,2653,As|Fe|O|Y,1,3,2,4,4,1,2,2,4,2,1,3
8861,703,C|Mg|Ni,3,1,1,4,1,0,1,1,4,3,0,2
8862,0,As|Ba|Fe|K,0,4,2,3,0,4,2,0,2,1,1,1
8863,461,Al|Ba|Cu|O|Y,1,0,4,4,3,2,4,0,3,0,0,4
8864,2212,Bi|Ca|Cu|Fe|O|Sr,1,2,3,1,2,2,3,4,4,4,3,0
8865,1459,Cl|K|N|Zr,1,3,1,1,0,4,1,4,3,4,0,3
8866,2028,As|Ba|Ni|P,4,0,3,4,4,2,0,1,2,0,0,1
8867,227,Pd|Te,4,0,0,0,2,0,1,3,3,3,1,3
8868,2654,Bi|Ca|Cu|Hg|O|Sr|Y,2,0,1,0,0,0,3,4,1,1,4,2
8869,973,Fe|Ga|Nb,3,4,1,2,0,0,1,4,1,4,3,0
8870,11,Ba|Cu|Nd|O,4,1,1,2,1,1,2,2,4,2,1,4
8871,1074,Ir|Ta,2,1,1,2,2,2,4,1,2,2,4,0
8872,930,H|Nb|Pd,1,2,3,3,2,1,0,2,2,2,4,1
8873,415,N|Nb|Ti,2,2,0,4,3,0,3,1,1,2,0,4
8874,152,Ba|Cu|O|Sr|Y,2,2,4,0,3,2,0,4,4,2,3,0
8875,2655,As|Ga|Nb|Sn,3,1,0,4,1,2,2,4,3,2,0,1
8876,470,Hf|Rh,1,4,1,2,4,4,1,1,2,2,2,2
8877,742,Si|V,1,3,3,2,3,0,0,1,4,3,4,2
8878,233,Er|Rh|Sn,3,2,1,2,4,0,2,3,3,0,2,2
8879,150,B|C|Dy|Ni|Tm,1,3,4,4,2,3,3,1,1,2,1,4
8880,640,As|Ba|Fe|Na,4,4,2,3,1,0,3,1,2,4,1,1
8881,64,Ba|Cu|O|Y|Zn,1,1,2,4,3,2,2,2,2,3,4,1
8882,1050,Ba|Ca|Cu|Ho|O,2,2,0,1,2,4,2,0,4,4,3,4
8883,64,Ba|Cu|O|Y|Zn,1,1,2,4,3,2,1,2,3,3,3,1
8884,570,In|Sn|Te,4,0,3,1,2,1,2,0,0,1,4,4
8885,2656,Ba|C|K,4,2,0,1,0,1,0,3,2,1,2,3
8886,2100,C|Ta|W,1,0,0,2,3,4,3,0,2,4,0,2
8887,12,Ba|Ca|Cu|O|Y,3,3,3,3,4,4,2,3,2,0,4,3
8888,436,Ba|Cu|Eu|O|Pr|Sr,4,0,2,2,2,1,4,1,3,2,0,3
8889,1651,Al|Nb|Sb,3,0,2,4,2,2,4,4,3,2,2,1
8890,1127,Al|Ti|V,0,1,3,0,0,2,4,4,4,1,2,2
8891,484,Bi|O|S,4,2,1,2,4,3,1,0,3,4,4,1
8892,154,In|Te,2,2,3,2,0,1,3,2,0,3,1,4
8893,161,Al|Ge|V,4,1,0,2,4,0,3,2,3,0,0,3
8894,1947,Cd|Zn,4,1,2,4,2,1,2,3,3,2,1,2
8895,1175,Au|Ga|In,4,2,4,4,2,0,3,0,3,0,1,1
8896,2657,Ce|Cu|Eu|O|Y,0,2,3,0,0,2,0,4,4,4,4,4
8897,97,As|Co|Eu|Fe|Sr,2,1,3,4,1,3,0,1,0,1,4,0
8898,337,As|Ce|F|Fe|O|P,4,3,4,2,4,0,1,3,4,0,1,4
8899,1002,Fe|Lu|Sc|Si,0,0,1,3,2,1,2,1,0,4,0,3
8900,1837,Dy|Ir|Sc|Si,1,1,1,1,4,0,3,0,3,4,2,1
8901,428,Ba|Cu|O|Sr|Yb,1,4,0,4,3,2,4,3,4,3,1,4
8902,12,Ba|Ca|Cu|O|Y,3,3,3,3,4,4,0,2,3,1,2,3
8903,2658,Al|N|Nb|O,3,0,4,2,1,4,3,3,4,3,3,2
8904,33,C|N|Nb,1,0,3,0,2,3,0,1,2,3,2,3
8905,383,Al|Nb|Sn,3,2,0,2,4,4,2,3,0,4,4,0
8906,64,Ba|Cu|O|Y|Zn,1,1,2,4,3,2,2,2,4,2,3,1
8907,2659,B|C|Mo|W,0,4,2,1,4,1,3,4,2,0,3,2
8908,274,Ca|Cu|La|Nd|O,2,4,2,4,4,3,0,1,3,2,3,4
8909,879,Al|Be|Nb,1,0,4,4,2,0,1,1,3,0,2,2
8910,1260,Ge|Si|V,2,0,1,0,1,3,0,2,4,2,4,3
8911,2660,Co|Cu|K|S,0,4,3,3,2,2,3,3,2,1,2,1
8912,1,Ba|Ca|Cu|La|O,0,0,1,3,2,4,1,2,0,4,3,0
8913,1609,La|Ru|Si|Tm,1,3,1,0,2,0,4,0,3,4,4,1
8914,443,Bi|Cu|O|Pb|Sr|Y,2,1,1,4,0,4,3,2,4,4,4,0
8915,923,Mo|Pt|Re,2,0,3,1,2,3,2,3,1,1,1,1
8916,2648,Ba|Cr|Cu|O|Y,0,4,3,3,1,2,1,0,0,3,1,2
8917,241,Ga|V,4,3,1,0,4,2,2,1,2,2,0,0
8918,278,P|Rh|Ru|Zr,0,2,3,0,4,2,2,1,1,3,3,0
8919,285,Al|Ge|Nb|Sn,2,1,0,3,1,0,2,2,1,4,1,2
8920,1168,Ba|Ca|Cu|Er|O,4,2,4,3,1,1,0,4,2,1,0,1
8921,153,Ba|Cu|Ni|O|Y,1,4,4,4,2,1,0,0,1,3,0,1
8922,192,Nb|Ta|Ti,2,0,0,2,0,4,4,2,1,1,1,0
8923,59,Bi|Ca|Cu|O|Sr,2,1,2,3,0,3,2,0,1,3,1,2
8924,384,Cu|Sb,1,1,2,2,4,2,3,4,3,4,0,1
8925,651,Ir|Os|Rh,0,1,4,2,4,2,3,1,0,2,3,1
8926,45,Ca|Cu|La|O,1,2,0,2,3,1,4,3,2,1,4,0
8927,562,C|W,2,0,4,4,0,4,3,3,2,1,2,2
8928,2661,Al|Pt,2,2,0,4,4,1,1,2,3,4,1,2
8929,2662,La|Pr|Ru,1,2,1,0,0,4,3,2,3,0,3,0
8930,179,Ta|V,4,0,4,3,1,0,4,4,0,0,0,2
8931,11,Ba|Cu|Nd|O,4,1,1,2,1,1,1,3,1,2,3,4
8932,86,Ba|Cu|O|Y,4,4,4,2,0,4,2,4,1,0,3,4
8933,89,In|Pb|Sn|Te,1,2,1,2,3,2,4,4,2,1,1,1
8934,449,B|C|Co|Ho|Ni,4,4,3,4,3,0,4,2,2,4,3,3
8935,2663,Al|Mo|Y,1,3,4,3,3,0,1,1,0,2,3,4
8936,292,Ba|Cu|Fe|O|Y,0,4,0,1,4,3,2,3,1,2,2,4
8937,243,Cu|O|Re|Sr|Y,0,3,4,1,2,4,0,2,2,0,3,3
8938,535,Hf|Ta,0,2,0,3,2,0,2,4,3,1,4,2
8939,1039,B|C|Ni|Ru|Y,4,2,1,3,4,2,0,3,4,3,4,3
8940,36,Bi|Ca|Cu|O|Sr|Y,4,2,4,1,1,0,2,2,1,0,3,4
8941,1868,Cu|La|Nd|O|Th,1,4,3,2,0,1,1,0,2,2,0,4
8942,524,Os|Re,2,3,4,2,4,3,4,4,3,1,0,3
8943,925,Ba|Cu|Gd|O|Sr,4,4,0,1,2,0,1,0,2,3,2,4
8944,2356,B|C|Hf|Mo,3,1,1,2,4,4,4,3,2,0,4,4
8945,286,Ba|Cu|O|Pr|Y,3,1,2,0,3,0,4,3,2,3,2,3
8946,86,Ba|Cu|O|Y,4,4,4,2,0,4,1,4,4,2,2,4
8947,11,Ba|Cu|Nd|O,4,1,1,2,1,1,4,1,1,1,2,4
8948,358,N|Nb,1,3,3,2,3,1,4,0,2,4,4,1
8949,496,In|Pb,4,0,3,1,4,2,3,2,4,4,0,2
8950,348,B|C|Lu|Ni,1,4,1,3,3,4,1,0,4,3,1,1
8951,701,B|C|Mo,2,1,2,2,2,3,1,0,1,4,0,1
8952,2664,Cu|Ga,4,0,3,4,2,2,1,1,0,0,4,0
8953,241,Ga|V,4,3,1,0,4,2,0,3,0,1,0,0
8954,2665,Pt|Zr,0,4,1,1,0,0,2,2,1,0,4,3
8955,723,Nb|Sn|Ta,3,1,3,4,3,1,0,1,3,3,2,0
8956,850,Cu|Fe|La|O|Sr,2,0,4,4,0,2,3,3,1,1,3,0
8957,11,Ba|Cu|Nd|O,4,1,1,2,1,1,4,3,3,1,0,4
8958,2666,Al|Zn,1,2,4,2,1,1,3,4,4,2,0,1
8959,2093,Ce|Ge|Pr|Pt,1,3,2,2,2,3,3,2,3,2,2,0
8960,784,Nb|Re,2,1,0,0,3,1,1,0,1,2,0,4
8961,1018,La|Mo|Se,2,1,4,2,3,3,3,0,4,3,3,4
8962,1672,P|Se|Zr,3,4,1,2,1,1,4,2,0,0,3,0
8963,2667,In|Y,0,4,0,1,0,2,3,2,2,1,4,1
8964,244,As|F|Fe|La|Mn|O|Y,3,1,3,4,2,3,4,2,1,3,2,0
8965,655,Cu|La|O|Ru|Sr,2,1,1,0,4,3,1,3,3,4,4,4
8966,286,Ba|Cu|O|Pr|Y,3,1,2,0,3,0,2,3,4,2,1,3
8967,1448,Ag|Sn|Te,4,1,1,2,4,0,1,1,4,4,1,0
8968,824,Re|Sc,3,3,3,0,1,0,0,4,3,4,2,0
8969,1,Ba|Ca|Cu|La|O,0,0,1,3,2,4,4,1,0,1,4,0
8970,1025,Ga|Mn|Nb,1,1,4,0,2,4,3,2,1,1,2,2
8971,980,Ba|Cu|Er|Hf|O,2,1,4,3,0,2,1,3,1,0,1,3
8972,686,Ba|Ca|Cu|O|Pr|Y,1,0,3,3,1,0,1,3,2,4,2,4
8973,23,Nb|Sn|V,0,0,1,0,2,4,4,1,2,0,1,4
8974,1,Ba|Ca|Cu|La|O,0,0,1,3,2,4,3,1,2,4,4,0
8975,1049,C|Cu|La|Ni,2,1,4,4,1,1,1,0,2,1,4,4
8976,477,Nb|Ti|Zr,0,1,1,1,3,3,3,2,3,3,1,3
8977,1225,B|Mo|Zr,0,1,1,4,3,2,4,2,4,3,1,4
8978,400,As|Fe|K|Sr,3,4,2,2,1,4,3,0,0,4,1,1
8979,1986,Hg|Pb|Sm,3,3,1,0,3,0,1,3,1,1,2,0
8980,2489,Ir|Si|Zr,0,0,2,2,4,3,2,1,0,1,2,1
8981,2247,Nb|S|Sn,3,4,4,0,1,4,0,0,4,4,1,2
8982,43,Fe|K|Se,2,2,3,2,1,3,4,3,3,1,2,0
8983,2668,Cr|Cu|Hg|O|Sr,4,1,3,0,1,2,3,0,4,2,2,3
8984,2669,Cd|Mn,2,2,4,2,1,0,3,0,1,4,3,4
8985,2670,C|Pd,3,1,2,4,3,4,2,2,1,1,2,0
8986,316,Co|Cu|Gd|O|Ru|Sr,2,0,4,1,3,1,2,1,2,0,2,3
8987,632,Au|Sn,1,2,0,2,0,1,2,1,2,0,1,0
8988,331,As|Co|Fe|Na,0,3,1,4,4,0,3,0,1,1,4,3
8989,261,Ba|Cu|Nd|O|Pr,3,1,2,4,3,0,4,3,4,1,3,3
8990,2020,B|Re|W,2,3,1,2,3,2,4,3,0,4,3,2
8991,912,Fe|Se,0,0,3,4,0,4,3,2,3,2,3,0
8992,800,Cr|V,3,4,2,4,0,3,2,2,1,1,4,2
8993,423,Nb|Pd,1,4,4,2,3,0,4,4,3,2,4,4
8994,126,Bi|Ca|Cu|Nd|O|Pb|Sr,2,4,0,2,0,1,4,2,4,1,3,4
8995,153,Ba|Cu|Ni|O|Y,1,4,4,4,2,1,0,4,0,4,3,1
8996,1859,Au|Sb|Te,2,0,2,0,0,1,2,2,0,1,2,3
8997,115,Pb|Tl,4,3,1,2,2,0,3,0,2,3,3,2
8998,203,Ce|Cu|Gd|O|Pr,3,2,0,3,2,0,0,4,1,4,0,3
8999,1998,B|Li|Mg,2,0,3,1,1,1,2,1,0,0,2,3
9000,1044,Fe|Rb|Se|Tl,4,0,0,2,1,3,4,2,3,2,4,4
9001,581,Ti|V,3,1,3,1,1,2,3,4,0,2,2,0
9002,588,In|Se|Sn|Te,4,1,0,4,1,3,3,4,1,3,1,2
9003,1113,Ca|Cu|O|Sr|Th|Tl,2,4,4,3,0,1,2,4,3,2,4,0
9004,109,Ba|Cu|Er|Fe|O|Zn,0,1,4,3,3,2,1,3,4,0,3,4
9005,2046,B|Mo|Re,3,4,1,0,0,3,1,0,0,0,1,2
9006,2671,Ca|Cu|Ni|O|Pb|Sr|Tl,4,3,3,1,2,1,4,3,3,2,3,4
9007,174,Mo|P|Ru,0,4,4,3,3,4,1,1,2,3,0,1
9008,86,Ba|Cu|O|Y,4,4,4,2,0,4,4,0,3,4,3,4
9009,923,Mo|Pt|Re,2,0,3,1,2,3,0,2,4,3,1,1
9010,33,C|N|Nb,1,0,3,0,2,3,0,0,2,2,3,3
9011,153,Ba|Cu|Ni|O|Y,1,4,4,4,2,1,2,4,0,4,3,1
9012,2672,C|Cl|I|Y,3,1,2,3,3,3,3,0,3,1,4,0
9013,1951,Cu|La|O|Pb,3,0,1,2,3,2,4,2,0,0,1,2
9014,163,Ge|La,4,4,2,2,2,1,0,0,3,2,4,4
9015,2673,Ba|Ni|P,4,0,3,0,3,4,4,1,4,4,1,4
9016,504,Al|Ga|Nb,2,4,3,1,2,0,1,4,0,0,1,3
9017,286,Ba|Cu|O|Pr|Y,3,1,2,0,3,0,0,0,1,4,1,3
9018,6,Co|Cu|La|O|Sr,1,1,0,1,0,4,0,2,2,4,0,3
9019,442,Nb|Sn|Zr,0,1,0,4,3,3,3,1,3,0,0,0
9020,216,Cu|La|O|Sr,4,4,1,1,0,1,2,3,2,3,0,4
9021,216,Cu|La|O|Sr,4,4,1,1,0,1,0,3,0,2,1,4
9022,685,Ba|Cu|Lu|O|Pr|Sr,4,0,1,3,0,3,4,4,4,4,2,3
9023,574,Ir|La|Pr|Zn,2,1,1,3,3,0,2,0,2,4,3,4
9024,2674,La|Ni|Sb,0,3,4,4,4,4,3,1,0,1,1,3
9025,2675,Rh|Si|Y,1,2,4,0,4,3,4,4,2,4,4,0
9026,443,Bi|Cu|O|Pb|Sr|Y,2,1,1,4,0,4,1,2,2,4,0,0
9027,2676,Bi|Ni|Y,1,4,2,4,0,1,1,4,1,3,2,2
9028,1251,Os|Zr,2,4,4,3,3,4,3,3,1,0,3,2
9029,2008,Co|In|La|Sn,1,4,3,2,1,1,4,4,1,2,1,3
9030,1100,As|Ba|Fe|P,1,0,1,4,3,0,0,4,3,2,3,3
9031,587,Ba|Cu|Hg|O|Re,2,0,1,1,3,2,0,1,2,2,0,0
9032,1456,Mo|Rh,4,2,1,3,1,1,2,0,3,3,0,1
9033,89,In|Pb|Sn|Te,1,2,1,2,3,2,0,4,2,3,0,1
9034,154,In|Te,2,2,3,2,0,1,3,1,0,4,0,4
9035,64,Ba|Cu|O|Y|Zn,1,1,2,4,3,2,1,2,4,4,0,1
9036,788,Bi|Ca|Cu|O|Sr|Yb,4,3,1,0,4,1,2,4,2,4,3,0
9037,86,Ba|Cu|O|Y,4,4,4,2,0,4,4,3,3,3,2,4
9038,528,C|Hf|Mo,0,1,2,4,1,3,1,1,1,1,4,4
9039,2677,Bi|Ca|Cu|Gd|O,2,1,3,2,2,0,2,2,0,4,4,1
9040,251,Mo|Ti,2,1,3,3,4,3,4,2,2,2,4,0
9041,2678,Zr,3,2,4,2,4,1,2,4,0,2,3,0
9042,1472,Ge|Pd|Pt|Sr,4,4,4,4,3,2,3,3,4,1,2,1
9043,1937,Tc|Ti,0,3,2,4,0,1,1,2,2,3,4,4
9044,614,Cr|Ru,4,3,1,1,3,0,1,0,2,1,2,3
9045,1402,Al|Ga|Pd|U,4,3,2,4,0,4,1,0,0,1,2,0
9046,679,Cu|Ga|La|O|Sr,3,3,0,3,2,3,3,2,4,1,4,3
9047,2679,B|Nb|Ti,4,2,1,2,4,0,4,2,0,4,0,4
9048,12,Ba|Ca|Cu|O|Y,3,3,3,3,4,4,2,1,0,3,2,3
9049,2247,Nb|S|Sn,3,4,4,0,1,4,0,0,0,2,3,2
9050,1447,Bi|C|Cu|O|Sr|Tl,2,4,0,1,4,4,4,2,4,4,3,4
9051,292,Ba|Cu|Fe|O|Y,0,4,0,1,4,3,4,1,4,3,3,4
9052,2370,Ir|Pt|Rh,3,0,0,3,1,1,4,3,2,4,1,2
9053,1578,Ba|Bi|Hg|O|Pb,2,4,2,3,2,3,1,2,3,4,1,4
9054,2680,Co|H|Ir|Na|O,2,1,2,3,1,1,1,4,2,0,3,2
9055,74,Ba|Cu|La|O|Y,2,3,3,3,3,1,2,2,2,1,3,2
9056,1760,Fe|Na|S|Se,2,2,2,2,3,4,1,4,2,4,1,4
9057,511,Al|Ca|Ga|Si,3,2,3,0,0,0,0,4,3,4,4,0
9058,687,Ba|Ca|Cu|Hg|O|Pb,2,0,4,4,1,2,3,1,0,1,3,4
9059,157,Cu|Ge,2,1,0,0,0,1,2,0,1,3,0,2
9060,18,B|C|Ce|Ni|Y,0,1,4,0,1,3,3,2,3,4,0,2
9061,636,Bi|F|La|O|S|Sm,0,1,0,4,0,3,4,3,1,2,1,3
9062,2285,C|I|Y,1,1,0,3,0,2,2,1,3,3,1,2
9063,89,In|Pb|Sn|Te,1,2,1,2,3,2,3,1,3,1,1,1
9064,1076,Pb|Sn,3,2,4,1,4,2,3,3,4,3,1,0
9065,1,Ba|Ca|Cu|La|O,0,0,1,3,2,4,2,4,1,3,2,0
9066,81,Ba|Cu|O|Yb|Zn,4,3,0,2,1,2,1,0,2,4,1,2
9067,2019,In|La|Sn,4,2,0,2,1,0,2,3,0,3,3,3
9068,568,Ba|Bi|Sb,3,1,3,1,1,2,2,0,4,3,1,4
9069,604,Ga|Si|V,3,4,2,4,0,1,0,0,2,3,3,3
9070,153,Ba|Cu|Ni|O|Y,1,4,4,4,2,1,0,0,2,4,1,1
9071,1098,As|Eu|Fe|P,4,0,1,2,3,2,1,4,4,0,0,2
9072,42,Cu|La|O|Sr|Zn,1,2,4,4,3,1,3,1,2,1,3,1
9073,1866,Al|Ca|Si,0,0,0,2,2,1,1,1,4,2,0,4
9074,366,As|Ba|Fe|Ni,0,1,0,4,4,3,3,3,2,4,0,1
9075,850,Cu|Fe|La|O|Sr,2,0,4,4,0,2,1,0,1,1,4,0
9076,542,Bi|Cu|La|O|Sr,1,3,4,1,2,1,0,4,0,3,4,2
9077,2264,As|F|Fe|O|Ru|Sm,4,1,2,4,3,4,4,2,2,0,4,2
9078,239,As|Ba|Fe|Ru,0,3,3,1,1,3,0,4,2,3,1,2
9079,332,As|Fe|Ir|O|Sm,4,0,3,0,0,3,4,4,1,4,4,1
9080,286,Ba|Cu|O|Pr|Y,3,1,2,0,3,0,2,3,4,3,3,3
9081,241,Ga|V,4,3,1,0,4,2,2,2,0,2,1,0
9082,761,B|Be,0,3,0,0,3,2,2,3,0,4,1,4
9083,1574,Ca|Cu|Ga|O|Sr|Y,2,4,2,3,0,4,1,3,2,1,4,0
9084,1029,Ce|La|Sn,3,2,3,4,3,0,1,0,0,3,0,3
9085,1597,Ca|Cu|Eu|O|Pb|Sr,3,2,2,3,0,0,3,2,1,2,2,0
9086,154,In|Te,2,2,3,2,0,1,0,1,4,0,0,4
9087,777,Cr|Nb,4,3,0,1,3,3,2,0,1,0,0,4
9088,611,Ce|Cu|Eu|O|Ru|Sr,3,3,4,0,1,2,3,0,4,4,1,4
9089,1126,Nb|Si|Ti,2,2,1,4,2,2,1,4,3,4,1,2
9090,2681,In|Si|V,0,4,1,0,1,4,3,1,3,1,3,0
9091,720,C|Y,2,0,1,2,3,4,0,0,1,0,4,0
9092,2112,B|C|Pd|Th,0,2,3,0,0,0,1,1,4,0,3,1
9093,429,Cu|La|Ni|O|Sr,0,4,1,1,3,1,0,2,2,2,2,0
9094,387,Bi|Ce|F|O|S,4,4,3,2,2,4,4,2,0,1,4,3
9095,290,Ba|Ca|Cu|La|O|Y,2,0,4,0,1,2,0,4,3,4,4,1
9096,941,B|Er|Rh|Y,2,4,3,3,4,4,0,4,1,0,0,1
9097,1288,Bi|Cu|O|Sr,3,1,4,0,1,4,1,1,1,1,3,2
9098,1491,N|Nb|V,4,1,4,3,1,1,2,2,4,4,0,4
9099,914,Ca|Rh|Sn,0,0,3,1,0,1,1,4,1,4,0,4
9100,1679,Ba|Cu|O|Pr,1,3,4,4,3,2,4,4,3,1,0,4
9101,64,Ba|Cu|O|Y|Zn,1,1,2,4,3,2,1,2,1,0,2,1
9102,34,Os|Pr|Ru|Sb,2,2,2,1,0,0,3,3,1,2,3,1
9103,416,As|Ba|Co|Fe,3,2,2,4,2,1,4,2,0,1,2,3
9104,2682,Th|Tm,0,2,4,4,4,1,1,2,4,3,3,1
9105,1535,Hf|Re,3,1,0,3,0,3,3,3,2,4,1,2
9106,582,C|Si|W,0,0,0,2,4,1,0,3,3,1,1,3
9107,1364,Ni|Zr,2,1,2,3,2,1,4,4,2,0,4,4
9108,554,Ce|Cu|Eu|La|O,4,3,3,4,1,0,3,4,2,0,1,3
9109,1332,Bi|Ca|Cu|O|Sr|Tm,0,0,4,1,3,1,3,1,4,0,4,1
9110,2683,Ge|La|Pd|Sn,1,1,0,1,1,2,0,3,3,4,2,3
9111,156,Pd|Se,3,0,3,1,0,4,2,0,3,4,2,2
9112,1520,Co|La|Sn,3,2,0,3,4,0,4,0,0,2,2,1
9113,1056,Ge|In|Sn|Te,2,1,3,1,3,0,3,1,1,2,0,4
9114,1671,B|Er|Ir|Rh,1,4,2,4,0,1,4,4,1,3,0,2
9115,684,Ba|Ca|Cu|Hg|O,0,1,4,0,4,3,1,4,1,0,3,4
9116,1123,Cr|Ti,1,3,2,0,1,1,0,3,2,0,4,1
9117,930,H|Nb|Pd,1,2,3,3,2,1,1,1,2,4,4,1
9118,713,Au|Nb|Rh,2,0,0,2,1,3,2,2,3,0,3,2
9119,1006,Cu|Rh|Se|Sn,0,4,2,1,2,3,0,0,4,2,2,1
9120,1236,Bi|Nb|Se,0,1,1,1,3,0,4,4,1,1,2,1
9121,33,C|N|Nb,1,0,3,0,2,3,0,3,1,2,1,3
9122,19,Gd|In|La,1,2,2,4,3,2,0,3,1,4,3,4
9123,10,Cu|La|O|Pb|Sr,3,0,0,3,2,2,4,3,1,1,4,3
9124,79,Fe|Se|Te,4,3,3,0,1,3,4,3,0,0,0,0
9125,42,Cu|La|O|Sr|Zn,1,2,4,4,3,1,3,1,4,1,1,1
9126,64,Ba|Cu|O|Y|Zn,1,1,2,4,3,2,2,3,0,1,1,1
9127,156,Pd|Se,3,0,3,1,0,4,3,2,3,2,3,2
9128,2684,Bi|Zn,0,3,0,1,0,0,0,2,2,4,0,0
9129,2685,Cu|La|Na|O|Sr,1,3,2,0,0,1,0,2,4,4,4,1
9130,157,Cu|Ge,2,1,0,0,0,1,3,1,2,0,3,2
9131,1780,Ir|Nb|Rh,2,0,1,0,2,1,0,4,4,3,4,1
9132,22,Ba|Co|Cu|O|Y,3,0,2,2,0,4,1,0,3,1,4,3
9133,2686,Ir|Lu|Sn,1,1,3,0,1,4,0,3,3,4,4,1
9134,169,La|Sn,0,0,0,2,2,1,3,4,3,1,0,3
9135,1313,B|C,2,1,4,1,4,2,1,0,2,3,1,3
9136,334,Er|La,0,4,4,1,0,3,3,1,3,0,1,4
9137,2687,As|Hf|Os,2,3,1,4,0,4,2,0,2,3,2,2
9138,2688,C|K|Tl,1,2,0,0,4,0,0,2,3,3,4,3
9139,10,Cu|La|O|Pb|Sr,3,0,0,3,2,2,4,0,4,2,0,3
9140,1599,Ni|Pd|Te,4,1,3,0,0,2,1,4,1,1,1,3
9141,89,In|Pb|Sn|Te,1,2,1,2,3,2,3,2,4,0,1,1
9142,487,Ba|Cu|Eu|O,3,1,0,1,2,0,3,1,3,4,4,2
9143,244,As|F|Fe|La|Mn|O|Y,3,1,3,4,2,3,1,1,4,3,2,0
9144,655,Cu|La|O|Ru|Sr,2,1,1,0,4,3,4,0,0,3,4,4
9145,1532,Nb|Pd|S,1,4,0,2,1,2,2,2,2,0,4,2
9146,2689,B|Ru|Sc,3,1,0,2,3,2,3,0,1,3,0,3
9147,1661,B|Ru,3,2,0,1,3,2,2,1,1,0,0,3
9148,2690,C|Ta|Zr,3,3,4,0,1,0,4,4,2,2,4,4
9149,2691,Nb|Ru|Si,0,0,2,4,1,3,2,2,3,1,0,0
9150,2364,Nb|O,1,1,1,1,1,0,1,3,1,0,1,1
9151,239,As|Ba|Fe|Ru,0,3,3,1,1,3,3,1,3,4,1,2
9152,426,Ce|Cu|Nd|Ni|O,4,1,3,1,4,4,0,3,2,1,1,3
9153,292,Ba|Cu|Fe|O|Y,0,4,0,1,4,3,0,3,2,3,4,4
9154,227,Pd|Te,4,0,0,0,2,0,0,4,4,4,3,3
9155,1379,Cu|O|Pr|Re|Sr|Y,0,1,2,0,1,3,0,0,1,1,0,3
9156,1414,Ce|In|La,2,1,1,3,1,0,0,4,2,2,0,2
9157,350,Ba|Ca|Cu|La|Nd|O,2,4,3,4,0,4,1,0,4,4,2,1
9158,2692,Cu|O|Pr|Re|Y,1,1,2,1,2,3,2,4,1,3,3,1
9159,1185,Ir|Nb,1,1,1,2,4,4,1,4,4,3,2,0
9160,1221,C|Mo|Zr,0,4,1,2,2,1,4,0,0,4,3,1
9161,119,As|F|Fe|La|O,3,1,1,1,3,4,1,4,0,4,4,2
9162,1329,Pd|Pt|U,2,4,2,2,3,0,3,3,3,3,0,0
9163,216,Cu|La|O|Sr,4,4,1,1,0,1,2,0,4,3,3,4
9164,2693,Br|N|Rb|Ti,2,4,3,1,1,3,1,2,1,1,2,2
9165,54,Nb|Ta,1,2,0,0,3,2,0,2,0,0,2,0
9166,2694,Al|Ce|Pd,3,4,1,2,1,4,4,4,0,1,0,0
9167,455,Ba|Cu|O|Tl,1,1,3,2,4,3,3,0,3,3,4,2
9168,1950,Mo|S|Sr,0,1,0,2,4,4,0,2,1,1,0,3
9169,782,La|Ni|Pt|Si,4,3,3,1,2,2,1,4,1,1,0,3
9170,74,Ba|Cu|La|O|Y,2,3,3,3,3,1,0,4,1,3,4,2
9171,1664,Bi|Ca|Cu|I|O|Sr|Y,3,3,3,2,3,0,2,3,4,1,0,4
9172,967,As|F|Fe|Nd|O,3,4,4,3,0,2,1,4,4,0,0,4
9173,1058,Tc|W,1,2,1,3,4,2,1,1,1,2,4,4
9174,569,B|C|Ni|Pd|Y,0,0,1,4,4,4,2,1,1,0,4,1
9175,2695,Al|Ge|Y,4,1,1,4,0,4,0,3,4,2,3,3
9176,199,Al|Si|V,4,4,1,1,1,2,3,2,0,3,1,4
9177,2672,C|Cl|I|Y,3,1,2,3,3,3,2,1,4,0,4,0
9178,2696,Cu|S|V,2,0,1,4,0,4,0,3,3,0,3,0
9179,857,As|Fe|Pt|Sr,3,3,0,0,2,3,2,0,4,4,4,3
9180,2697,Ni|Se|Ta,0,1,0,3,1,4,0,0,4,4,4,4
9181,2270,Ga|Sb,0,2,3,2,3,1,0,4,0,3,1,0
9182,2038,Fe|Ga|Mo,0,2,0,1,1,2,2,0,3,0,0,0
9183,1092,Ce|Gd|Ru,2,3,3,1,1,4,2,4,4,3,3,0
9184,146,Ba|Cu|Er|O,0,4,2,1,2,2,1,3,1,2,3,0
9185,1596,C|Si,0,4,0,0,4,4,0,0,2,1,0,0
9186,1472,Ge|Pd|Pt|Sr,4,4,4,4,3,2,1,1,3,1,2,1
9187,152,Ba|Cu|O|Sr|Y,2,2,4,0,3,2,0,1,1,4,4,0
9188,1016,Ba|Cu|Mo|O|Sr|Y,0,3,1,4,3,0,1,0,1,2,4,3
9189,1062,Ce|Co|In|Yb,3,1,4,2,4,3,3,0,3,0,2,4
9190,1823,Be|Nb|Zr,2,4,2,2,4,3,2,3,2,4,0,3
9191,1189,Rh|Sn|Tm,0,3,0,1,4,1,2,0,1,0,0,1
9192,703,C|Mg|Ni,3,1,1,4,1,0,0,4,3,3,4,2
9193,2698,Al|As|Ga|Nb,1,3,0,2,2,3,2,0,4,3,1,0
9194,2699,Ca|Cu|Hg|O|Pb|Sr|Y,2,0,2,2,4,1,0,1,1,4,3,1
9195,728,C|Th|Y,4,0,4,1,4,1,2,0,2,0,3,4
9196,965,Cu|Ho|La|O|Sr,2,2,0,4,2,0,0,0,2,3,3,3
9197,218,C|Mo|Ta,1,3,0,0,3,0,3,1,4,2,0,0
9198,1448,Ag|Sn|Te,4,1,1,2,4,0,4,3,1,0,3,0
9199,2700,Cd,3,3,3,2,4,3,2,4,3,4,1,3
9200,1672,P|Se|Zr,3,4,1,2,1,1,1,1,2,3,1,0
9201,856,C|Fe|Mg|Ni,1,2,4,0,0,3,2,3,3,2,1,0
9202,2701,As|Ca|Fe|Lu|Pt,4,4,0,2,2,3,1,1,4,3,0,4
9203,61,Ge|La|Pt,2,2,3,1,1,4,1,1,3,1,0,3
9204,2482,Al|Cu,0,0,2,1,2,4,1,3,3,2,1,4
9205,139,Al|B|Mg,1,1,3,4,1,1,2,0,3,1,4,1
9206,559,B|C|Mg,0,3,1,1,2,2,0,2,0,0,0,3
9207,2325,As|Fe|Na,2,2,3,3,2,0,3,1,3,2,1,4
9208,2702,Ge|La|Pt|Sn,0,2,0,4,3,0,4,0,4,4,0,0
9209,0,As|Ba|Fe|K,0,4,2,3,0,4,4,2,2,3,2,1
9210,263,Ga|Nb,3,0,4,0,0,4,3,4,2,3,3,4
9211,287,Bi|Pb,3,2,1,1,1,3,2,0,1,3,1,1
9212,2703,Pt,1,4,1,4,3,3,1,1,3,2,0,3
9213,1384,C|Nb|W,3,4,1,4,3,3,3,3,3,2,0,4
9214,1395,Ca|Cu|F|O|Sr,0,4,0,0,1,4,3,4,1,3,2,1
9215,1120,Cr|Rh,4,2,0,3,0,0,3,3,0,2,0,0
9216,2269,N|Zr,2,4,4,2,2,2,2,3,3,3,4,2
9217,559,B|C|Mg,0,3,1,1,2,2,3,2,0,0,4,3
9218,558,Br|C|Cl|Y,3,1,0,2,0,3,4,0,3,2,1,2
9219,345,Nb|Pd|Se,2,2,2,3,4,2,1,4,4,2,3,4
9220,1430,Si|Th,0,1,0,3,3,1,4,1,0,3,2,2
9221,994,Pt|Y,3,3,0,0,4,2,2,4,3,4,2,1
9222,2704,Rh|Si|U,2,1,0,3,0,3,4,0,0,2,2,4
9223,945,Bi|F|La|O|S|Se,3,4,0,3,3,3,0,1,3,1,2,4
9224,1167,Bi|F|Nd|O|S,3,4,2,0,1,0,3,1,2,2,2,1
9225,2705,Ce|Co|Cu|O|Sr|Y,3,4,4,3,3,1,4,1,4,4,3,1
9226,2706,Ba|K|O|Pb,4,3,3,2,1,2,0,1,3,4,3,0
9227,491,Rh|Ti,3,0,3,1,3,0,3,2,4,1,3,2
9228,85,Rh|Ta,3,2,3,2,1,4,2,0,1,1,0,2
9229,711,Rh|Ru,1,0,1,1,2,4,1,0,4,1,1,1
9230,2707,Ba|Ca|Cu|Eu|O,2,1,1,2,4,0,3,1,3,3,3,4
9231,74,Ba|Cu|La|O|Y,2,3,3,3,3,1,4,1,4,4,1,2
9232,357,Mo|Zr,4,1,4,3,1,0,4,1,1,4,3,3
9233,784,Nb|Re,2,1,0,0,3,1,0,1,2,2,3,4
9234,668,C|Ca|Cu|O,3,0,4,4,2,2,2,3,2,2,3,0
9235,473,Ba|Ca|Cu|O|Sr|Yb,2,2,0,1,4,2,0,3,4,4,3,2
9236,314,Al|La,0,1,0,4,1,0,3,0,0,0,1,4
9237,2708,Bi|Zr,0,2,0,1,0,3,2,3,4,4,1,1
9238,2709,Cu|F|La|O,1,4,3,4,0,2,3,4,2,0,2,0
9239,227,Pd|Te,4,0,0,0,2,0,1,3,4,0,3,3
9240,12,Ba|Ca|Cu|O|Y,3,3,3,3,4,4,3,2,1,0,0,3
9241,1400,C|N|Ta,4,4,2,0,1,0,3,2,4,3,4,0
9242,1342,Ca|Ga|Si,4,3,1,2,4,0,0,1,0,1,1,1
9243,976,B|Be|U,1,4,3,2,2,2,0,1,4,1,0,3
9244,724,Au|Pd|Te,3,2,0,2,1,2,3,3,4,3,0,4
9245,1235,Ba|Ca|Cu|Nd|O,0,1,4,1,0,1,1,2,4,1,2,0
9246,2710,B|C|Cu|Lu|Ni,3,2,1,2,4,2,1,4,1,0,0,0
9247,60,As|Fe|La|O|Y,0,3,2,0,3,1,4,0,3,0,0,4
9248,947,Bi|Cu|Nd|O|Sr|Y,4,3,4,4,3,0,1,2,3,0,2,0
9249,850,Cu|Fe|La|O|Sr,2,0,4,4,0,2,1,2,3,0,3,0
9250,1387,Cu|La|O|Sr|Tl,3,0,1,1,3,1,0,2,2,1,2,0
9251,53,Ga|Si|Sr,1,0,2,4,3,1,0,2,3,3,2,3
9252,1,Ba|Ca|Cu|La|O,0,0,1,3,2,4,0,2,4,2,3,0
9253,68,Bi|Sn,2,3,2,0,3,1,3,0,2,2,2,1
9254,1,Ba|Ca|Cu|La|O,0,0,1,3,2,4,2,4,0,4,3,0
9255,79,Fe|Se|Te,4,3,3,0,1,3,1,2,2,0,4,0
9256,2711,As|F|Fe|Gd|O,0,4,0,3,3,4,1,0,0,2,0,4
9257,65,Ba|Bi|K|O,3,2,0,2,0,0,2,2,3,3,0,3
9258,2712,Ir|Lu|Si|Y,0,2,0,3,2,4,1,4,3,4,3,1
9259,906,Nb|Sn,2,1,1,4,2,2,2,4,0,4,2,3
9260,598,C|Ca|Y,1,2,0,1,3,2,1,1,0,1,2,3
9261,348,B|C|Lu|Ni,1,4,1,3,3,4,1,3,2,0,0,1
9262,2713,Os|Sn|Y,2,1,2,1,3,2,3,1,2,2,3,2
9263,30,Bi|Ca|Cu|Ga|O|Sr,4,0,1,2,0,3,3,3,1,3,0,0
9264,2714,B|C|La,1,1,4,2,4,0,4,1,1,0,3,2
9265,490,B|Dy|Ir|Rh,1,2,0,3,1,1,0,2,4,2,1,4
9266,244,As|F|Fe|La|Mn|O|Y,3,1,3,4,2,3,3,3,2,2,1,0
9267,972,Al|Gd|La,2,4,1,0,0,4,2,2,1,2,2,1
9268,74,Ba|Cu|La|O|Y,2,3,3,3,3,1,4,4,4,1,2,2
9269,216,Cu|La|O|Sr,4,4,1,1,0,1,3,2,2,4,1,4
9270,1845,Ir|Ti,4,1,4,3,3,0,3,1,2,4,4,1
9271,1364,Ni|Zr,2,1,2,3,2,1,1,3,3,2,1,4
9272,39,B|Er|Gd|Rh,2,1,2,2,3,2,3,1,1,0,1,3
9273,240,As|Ba|Co|Fe|K,1,2,4,0,0,4,2,3,3,2,3,1
9274,1285,O|Rb|W,4,2,2,3,3,4,3,2,1,2,4,1
9275,1945,Bi|Ca|Cu|Nd|O|Pb|Sr|Tb,2,0,2,0,0,4,0,4,0,0,2,2
9276,1336,La|Pd|Si,4,0,1,3,0,4,0,4,0,1,3,3
9277,249,Gd|La|Ru,0,1,4,2,3,3,1,4,4,4,4,3
9278,2059,Cu|Rh|S,1,4,3,3,4,1,1,4,4,4,4,2
9279,387,Bi|Ce|F|O|S,4,4,3,2,2,4,0,1,3,3,1,3
9280,290,Ba|Ca|Cu|La|O|Y,2,0,4,0,1,2,3,0,3,1,4,1
9281,2715,Fe|Hf|V,3,3,4,0,4,4,0,0,2,3,1,3
9282,597,Ce|Cu|Ge|Si,1,1,3,1,0,1,4,3,1,3,2,0
9283,2064,In|Sb|Te,4,0,1,2,1,2,3,2,3,2,0,4
9284,59,Bi|Ca|Cu|O|Sr,2,1,2,3,0,3,4,3,0,2,0,2
9285,1127,Al|Ti|V,0,1,3,0,0,2,2,1,1,4,4,2
9286,2013,Be|Zr,4,2,0,0,0,4,3,2,4,3,3,3
9287,351,Ba|Cu|Hg|O,0,1,0,3,3,4,1,4,2,1,3,2
9288,2497,Cu|Gd|O|Ru|Sr|Ti,3,3,1,1,3,3,2,1,0,4,2,2
9289,62,Al|Ge|Nb,2,3,3,0,1,3,1,4,0,3,3,2
9290,1855,Co|V,0,1,2,2,3,1,0,2,0,0,4,4
9291,2467,Ba|O|Pb|Sb,1,4,3,3,0,3,1,3,3,2,2,2
9292,604,Ga|Si|V,3,4,2,4,0,1,3,1,0,1,2,3
9293,1545,As|Pd,2,3,3,3,0,3,0,2,0,2,0,4
9294,2307,Ca|Cs|Li|Nb|O,3,1,1,0,0,1,4,2,2,2,0,2
9295,1738,Cr|Ir,0,0,4,4,4,1,0,0,4,3,3,0
9296,223,B|C|Co|Ni|Y,1,1,2,3,4,2,2,1,0,2,0,4
9297,2716,Ce|Ru|Si,0,1,2,0,1,0,3,0,4,0,3,3
9298,339,Ir|Zr,1,3,3,2,0,4,0,3,3,0,1,4
9299,1406,Sn|Te,4,3,2,4,0,4,4,1,1,4,3,0
9300,1732,O|Sn,3,2,1,1,2,4,1,1,3,3,2,4
9301,2685,Cu|La|Na|O|Sr,1,3,2,0,0,1,2,4,0,3,1,1
9302,1977,As|Fe|Nd|O,4,1,0,2,3,4,3,2,4,3,0,4
9303,59,Bi|Ca|Cu|O|Sr,2,1,2,3,0,3,4,4,2,3,4,2
9304,351,Ba|Cu|Hg|O,0,1,0,3,3,4,2,1,0,1,2,2
9305,64,Ba|Cu|O|Y|Zn,1,1,2,4,3,2,1,1,0,0,2,1
9306,2295,Nb|Os,3,1,3,1,1,3,1,1,1,4,4,0
9307,2446,In|Sb,0,4,4,2,4,0,2,4,4,1,2,4
9308,1865,Mo|Nb|Re,2,1,2,1,0,3,0,4,0,0,3,1
9309,2601,Au|B|Mg,4,3,0,0,0,4,1,0,4,3,2,2
9310,2717,Ce|Co|Ni,4,4,1,0,0,0,1,3,3,4,0,4
9311,395,Ba|Bi|K|O|Pr,3,3,3,4,4,3,0,2,4,0,4,4
9312,2234,As|Ca|Fe|La|Sb,1,2,3,1,1,2,2,2,3,3,0,0
9313,1844,Fe|Rb|Se,1,4,4,4,2,0,1,1,2,3,1,3
9314,2533,C|H|K|N|Na,3,2,4,0,0,4,2,1,0,0,0,0
9315,156,Pd|Se,3,0,3,1,0,4,3,1,0,1,3,2
9316,2718,Zn|Zr,3,2,1,2,1,0,4,4,0,3,1,4
9317,1988,Ce|Cu|O|Pr|Sr,3,0,0,3,4,2,4,3,3,3,0,4
9318,2719,C|Cs,2,1,1,1,0,1,3,2,1,0,0,3
9319,2195,Ce|Co|In|Nd,1,4,4,2,1,1,1,3,0,1,4,4
9320,1281,Bi|Ce|F|S|Sr,1,0,0,1,0,4,0,2,3,3,2,0
9321,817,Ce|Cu|Gd|O|Sm,1,1,0,4,3,4,3,0,3,1,0,2
9322,555,Ba|Cu|La|Ni|O,0,4,1,3,3,1,1,4,2,1,3,4
9323,2359,As|Co|Fe|Sr|Zn,3,1,2,3,2,0,4,3,1,0,1,0
9324,782,La|Ni|Pt|Si,4,3,3,1,2,2,2,1,4,1,1,3
9325,290,Ba|Ca|Cu|La|O|Y,2,0,4,0,1,2,4,1,1,4,2,1
9326,292,Ba|Cu|Fe|O|Y,0,4,0,1,4,3,0,2,3,1,3,4
9327,62,Al|Ge|Nb,2,3,3,0,1,3,3,3,2,3,4,2
9328,2720,Ba|Cu|Fe|O|Tm,0,3,1,4,2,2,3,0,2,0,0,0
9329,382,Bi|Ca|Cu|Hg|O|Sr,1,3,0,1,2,0,3,4,3,1,4,0
9330,200,Ir|Rh,1,1,1,1,4,4,3,2,1,4,3,3
9331,2721,B|Mg|Sn,3,4,2,2,1,4,2,0,1,1,2,1
9332,1382,Cu|O|Sr|Tm,3,2,0,2,1,2,2,0,4,2,2,0
9333,486,Ba|Ca|Cu|Nd|O|Pr,1,1,1,2,1,0,2,1,4,3,0,2
9334,11,Ba|Cu|Nd|O,4,1,1,2,1,1,3,3,2,3,1,4
9335,1249,Ba|Ca|Cu|La|O|Pr|Sr,0,4,2,3,3,1,3,1,0,2,1,3
9336,64,Ba|Cu|O|Y|Zn,1,1,2,4,3,2,1,0,3,0,2,1
9337,679,Cu|Ga|La|O|Sr,3,3,0,3,2,3,1,2,3,4,3,3
9338,74,Ba|Cu|La|O|Y,2,3,3,3,3,1,4,4,3,4,3,2
9339,2722,In|N,4,1,1,0,1,0,4,0,4,4,3,2
9340,725,Ba|Co|Cu|Eu|O,4,3,1,4,0,0,0,4,3,2,4,2
9341,733,Re|W,0,2,1,0,2,2,2,3,0,4,1,1
9342,285,Al|Ge|Nb|Sn,2,1,0,3,1,0,0,1,1,3,4,2
9343,624,Ru|Zr,0,4,4,2,3,3,2,1,1,0,1,3
9344,2352,C|Yb,0,3,0,1,3,1,0,4,4,2,3,1
9345,2723,Ge|Pd,3,4,2,4,1,3,4,2,0,3,3,4
9346,12,Ba|Ca|Cu|O|Y,3,3,3,3,4,4,3,4,0,4,2,3
9347,2724,La|Mo|Pb|S,2,4,3,3,1,0,0,2,3,0,4,3
9348,946,As|Ca|Co|F|Fe,4,2,2,2,2,4,1,0,1,3,4,1
9349,636,Bi|F|La|O|S|Sm,0,1,0,4,0,3,3,4,0,2,2,3
9350,2725,Bi|Pt|Y,1,3,1,3,2,1,4,2,1,3,1,4
9351,84,H|Pd,0,4,3,0,4,4,4,0,3,4,4,2
9352,239,As|Ba|Fe|Ru,0,3,3,1,1,3,1,0,0,4,0,2
9353,490,B|Dy|Ir|Rh,1,2,0,3,1,1,3,4,1,0,3,4
9354,2726,Cl|N|Zn|Zr,0,2,3,1,3,4,4,1,2,0,1,0
9355,2727,H|Na|O|S|Sn|Ta,4,2,4,4,1,3,2,3,2,3,3,1
9356,2332,Ca|Cu|O|Sr|Tl|Yb,3,2,3,0,1,4,4,2,0,0,3,1
9357,2263,Co|U,4,0,2,1,1,0,2,2,3,2,2,3
9358,1917,Br|Cl|Li|N|Zr,4,2,3,3,2,4,4,2,1,0,0,3
9359,1182,Ba|Cu|Er|O|Pr,3,1,4,2,0,1,4,2,3,2,0,2
9360,961,Bi|Ca|Co|Cu|O|Pb|Sr,4,1,1,1,0,3,3,4,0,2,2,1
9361,2658,Al|N|Nb|O,3,0,4,2,1,4,1,2,4,0,1,2
9362,892,C|Ti|Y,2,2,3,4,0,2,1,4,4,3,3,3
9363,684,Ba|Ca|Cu|Hg|O,0,1,4,0,4,3,1,0,1,1,2,4
9364,2728,Be|Re|Ru,3,1,3,0,0,4,2,2,2,4,2,2
9365,685,Ba|Cu|Lu|O|Pr|Sr,4,0,1,3,0,3,3,2,0,1,4,3
9366,59,Bi|Ca|Cu|O|Sr,2,1,2,3,0,3,3,0,1,2,3,2
9367,1285,O|Rb|W,4,2,2,3,3,4,0,4,1,4,3,1
9368,450,Ba|Cu|F|O|Y,1,3,4,2,1,2,1,0,3,1,1,0
9369,1108,Ce|Cu|O|Pr,2,0,2,2,4,1,0,0,0,3,1,0
9370,2729,Ir|P|Sc,4,3,4,1,3,2,4,2,2,1,4,3
9371,79,Fe|Se|Te,4,3,3,0,1,3,4,1,3,4,1,0
9372,144,B|C|Dy|Ho|Ni,3,1,4,4,2,0,1,0,2,1,2,1
9373,1433,Hf|Mo,2,3,1,3,0,1,4,4,3,2,1,0
9374,49,Ba|Cu|La|O,3,0,2,4,3,0,0,1,1,3,4,3
9375,71,Ba|Cu|Li|O|Y,4,2,4,1,4,0,0,0,3,4,2,3
9376,2463,Co|H|Mn|Na|O,2,4,2,2,1,4,1,4,0,4,1,3
9377,1217,B|Ir|Rh|Sc|Y,2,1,0,3,2,3,2,3,4,1,0,3
9378,2730,Sn|Zn,0,0,0,3,2,3,4,4,0,4,2,4
9379,58,Co|H|Na|O,1,1,0,1,1,1,4,3,0,1,2,3
9380,2479,In|Sn|Th,2,3,0,0,1,1,0,3,2,2,2,3
9381,734,Ge|Nb,1,3,4,0,2,2,0,0,3,0,2,4
9382,273,Bi|Cu|La|O|Pb|Sr,4,4,0,0,0,1,3,0,1,0,4,2
9383,1204,Au|Nb,1,4,2,3,0,2,1,3,4,1,3,4
9384,2731,Ag|Pb|Sn,1,2,1,3,1,0,2,0,2,0,3,4
9385,2732,C|H|Na,2,4,0,3,2,2,2,3,0,3,0,1
9386,1294,Bi|F|La|S|Sr,1,2,1,1,2,2,1,1,1,2,2,4
9387,286,Ba|Cu|O|Pr|Y,3,1,2,0,3,0,3,0,2,3,0,3
9388,477,Nb|Ti|Zr,0,1,1,1,3,3,2,3,2,0,1,3
9389,695,Ba|Ca|Cu|Hg|O|Re|Sr,1,3,4,1,0,2,1,3,2,3,1,2
9390,58,Co|H|Na|O,1,1,0,1,1,1,0,0,1,1,4,3
9391,905,Cu|La|Nd|O,0,1,4,3,2,3,0,3,3,0,0,1
9392,194,B|C|Co|Ni|Tm,3,1,1,1,0,1,4,2,2,0,1,0
9393,114,Cu|O|Sr|Y,4,3,4,2,2,3,4,3,4,1,0,4
9394,1866,Al|Ca|Si,0,0,0,2,2,1,2,4,0,4,3,4
9395,1310,Ir|Lu|Rh|Si,1,3,2,2,3,1,1,1,0,0,2,1
9396,89,In|Pb|Sn|Te,1,2,1,2,3,2,4,4,4,1,1,1
9397,722,Pb|Se|Sn|Ti,3,1,3,4,4,0,0,1,1,4,3,3
9398,675,Ba|Cu|O|Sm,0,0,0,2,2,0,0,0,0,3,0,0
9399,684,Ba|Ca|Cu|Hg|O,0,1,4,0,4,3,1,0,1,2,3,4
9400,57,Ba|Ca|Co|Cu|O|Y,1,1,3,4,0,1,1,0,1,3,3,2
9401,172,B|Nb,4,3,2,3,2,0,4,4,3,2,2,1
9402,2733,Bi|Cu,3,3,3,1,3,3,4,3,4,3,4,3
9403,2734,Pd|Sb|Se,4,4,2,4,1,4,1,4,3,0,2,2
9404,1741,Bi|Cu|Mo|O|Sr|Y,1,3,4,0,1,1,1,3,0,0,4,2
9405,2735,B|C|Pr|Pt,1,1,0,1,1,2,3,0,2,0,2,2
9406,1433,Hf|Mo,2,3,1,3,0,1,1,1,4,4,0,0
9407,684,Ba|Ca|Cu|Hg|O,0,1,4,0,4,3,4,3,3,3,3,4
9408,153,Ba|Cu|Ni|O|Y,1,4,4,4,2,1,1,3,2,0,4,1
9409,168,Cu|La|O,0,4,4,4,1,3,4,1,2,0,4,0
9410,1616,B|Mg|Mn,1,3,4,3,3,2,4,1,1,1,1,4
9411,2736,In|Na|Pb,0,1,4,0,2,4,4,2,1,4,3,3
9412,152,Ba|Cu|O|Sr|Y,2,2,4,0,3,2,2,3,3,0,1,0
9413,10,Cu|La|O|Pb|Sr,3,0,0,3,2,2,3,1,1,0,0,3
9414,29,Ca|Hg,3,3,3,4,4,0,4,1,0,3,1,2
9415,64,Ba|Cu|O|Y|Zn,1,1,2,4,3,2,0,1,0,0,3,1
9416,2737,As|Os|Zr,1,2,4,4,0,4,3,2,0,2,0,4
9417,2738,Bi|Ce|Cu|O|Sr|Y,2,0,0,4,0,2,0,3,2,4,3,0
9418,86,Ba|Cu|O|Y,4,4,4,2,0,4,1,1,3,4,1,4
9419,2534,Ce|Cu|Eu|Nb|O|Ru|Sr,0,3,1,0,4,0,0,2,0,2,3,4
9420,152,Ba|Cu|O|Sr|Y,2,2,4,0,3,2,0,1,2,1,3,0
9421,1,Ba|Ca|Cu|La|O,0,0,1,3,2,4,1,2,0,0,1,0
9422,1256,Ba|Co|Cu|La|O,0,0,3,1,2,1,1,2,3,3,4,1
9423,507,Ba|Cu|H|O|Y,2,1,2,4,1,2,2,2,0,3,3,2
9424,188,Ba|Ca|Cu|La|O|Sm,2,1,1,2,2,1,1,0,4,4,1,3
9425,1457,Fe|Lu|Si|Tm,4,0,1,1,1,4,4,0,4,2,2,1
9426,1866,Al|Ca|Si,0,0,0,2,2,1,0,4,4,1,3,4
9427,1044,Fe|Rb|Se|Tl,4,0,0,2,1,3,3,2,2,0,4,4
9428,434,Re|Ta,1,2,2,4,4,0,1,2,0,0,4,1
9429,1,Ba|Ca|Cu|La|O,0,0,1,3,2,4,0,2,2,3,0,0
9430,74,Ba|Cu|La|O|Y,2,3,3,3,3,1,3,2,2,0,1,2
9431,74,Ba|Cu|La|O|Y,2,3,3,3,3,1,1,1,0,2,2,2
9432,1657,Ba|Cu|O|S|Y,4,0,0,4,2,0,1,1,4,3,0,4
9433,1090,Al|B|Nb,3,4,3,2,2,0,4,2,3,2,0,0
9434,215,Ir|Nb|Ta,1,1,3,1,1,1,3,3,2,1,2,1
9435,351,Ba|Cu|Hg|O,0,1,0,3,3,4,4,1,4,2,3,2
9436,74,Ba|Cu|La|O|Y,2,3,3,3,3,1,4,2,0,1,1,2
9437,396,As|F|Fe|La|O|Zn,3,0,0,4,4,4,2,4,4,4,0,0
9438,74,Ba|Cu|La|O|Y,2,3,3,3,3,1,2,2,4,4,2,2
9439,263,Ga|Nb,3,0,4,0,0,4,0,0,2,3,3,4
9440,1607,Al|La|Tb,2,3,2,4,4,4,0,0,1,2,4,2
9441,2053,Ir|Te,0,2,2,4,1,2,4,2,0,2,0,3
9442,64,Ba|Cu|O|Y|Zn,1,1,2,4,3,2,2,0,0,4,3,1
9443,2739,P|Pd|Y,3,0,3,2,4,4,0,4,1,0,1,1
9444,2740,As|Ni|Sr,4,0,2,1,4,0,4,2,3,3,2,2
9445,476,Ba|Cu|Ga|O|Y,0,1,1,0,4,0,1,0,0,0,1,1
9446,1870,Cr|Re,3,3,1,2,3,3,3,0,0,3,3,3
9447,216,Cu|La|O|Sr,4,4,1,1,0,1,0,2,0,2,0,4
9448,1579,B|C|Er|Fe|Ni,0,4,1,4,0,2,3,0,3,2,2,0
9449,42,Cu|La|O|Sr|Zn,1,2,4,4,3,1,4,4,0,1,4,1
9450,2741,Pb|Pd|Yb,0,0,0,3,2,3,3,0,1,3,4,3
9451,190,La|Th,4,2,1,4,3,4,0,3,0,0,2,1
9452,2742,As|Pr|Ru,1,2,2,1,1,2,0,4,0,1,4,4
9453,64,Ba|Cu|O|Y|Zn,1,1,2,4,3,2,2,0,1,0,4,1
9454,947,Bi|Cu|Nd|O|Sr|Y,4,3,4,4,3,0,1,2,4,2,2,0
9455,838,Ce|Cu|Si,2,0,4,4,1,2,0,1,2,1,0,1
9456,1433,Hf|Mo,2,3,1,3,0,1,0,3,1,0,2,0
9457,1867,As|F|Fe|Mn|Nd|O,0,1,3,3,3,2,2,4,2,4,0,0
9458,286,Ba|Cu|O|Pr|Y,3,1,2,0,3,0,3,3,3,4,4,3
9459,2743,Ca|Cu|Dy|O|Pb|Sr,2,4,0,1,4,1,1,4,3,1,3,0
9460,570,In|Sn|Te,4,0,3,1,2,1,0,0,0,2,0,4
9461,2744,C|Cs|Hg,3,4,4,0,0,3,2,4,1,2,3,1
9462,152,Ba|Cu|O|Sr|Y,2,2,4,0,3,2,0,3,0,0,4,0
9463,910,Bi|Cu|Se,4,1,4,4,1,3,2,3,3,2,1,2
9464,1962,B,2,1,2,2,3,0,1,3,2,2,1,3
9465,2268,Ba|Ca|Cu|La|Ni|O,0,2,3,4,4,3,0,0,3,2,4,0
9466,46,As|Ba|Co|Fe|Zn,1,3,3,2,1,3,0,4,4,3,3,3
9467,436,Ba|Cu|Eu|O|Pr|Sr,4,0,2,2,2,1,3,3,1,0,3,3
9468,1,Ba|Ca|Cu|La|O,0,0,1,3,2,4,0,1,4,4,2,0
9469,379,Ce|In|Ir|Rh,0,1,4,3,1,0,0,2,0,2,1,4
9470,429,Cu|La|Ni|O|Sr,0,4,1,1,3,1,1,4,0,2,1,0
9471,810,Cu|La|O|Sr|Ti,2,2,3,0,2,0,2,4,0,3,3,3
9472,798,Ga|Nb|Ni,4,3,3,0,4,1,0,0,1,0,3,2
9473,1195,Ba|Ca|Cu|F|O,4,2,2,3,2,3,1,3,1,3,1,3
9474,1068,B|Be|Mg,2,0,0,2,3,3,1,2,4,0,3,2
9475,605,Ba|Cu|O|Pr|Sr|Yb,1,4,0,3,1,2,1,4,3,1,2,4
9476,395,Ba|Bi|K|O|Pr,3,3,3,4,4,3,2,4,0,4,1,4
9477,216,Cu|La|O|Sr,4,4,1,1,0,1,3,1,4,1,1,4
9478,991,C|W|Y,1,0,3,2,0,0,4,1,1,1,2,0
9479,79,Fe|Se|Te,4,3,3,0,1,3,3,1,3,3,2,0
9480,617,Ba|Cu|O|Pr|Yb,4,3,4,2,0,1,1,2,1,0,0,1
9481,888,As|Co|Fe|Sr,1,4,2,2,1,2,4,2,1,1,4,2
9482,59,Bi|Ca|Cu|O|Sr,2,1,2,3,0,3,3,3,3,0,1,2
9483,1298,Ba|Ca|Ce|Cu|La|O,1,4,3,1,4,3,4,3,3,3,4,0
9484,2533,C|H|K|N|Na,3,2,4,0,0,4,1,4,3,3,0,0
9485,65,Ba|Bi|K|O,3,2,0,2,0,0,1,0,3,0,3,3
9486,630,B|Lu|Zr,1,3,0,4,0,0,3,3,0,1,2,1
9487,23,Nb|Sn|V,0,0,1,0,2,4,0,4,1,1,2,4
9488,2039,Rh|Th,3,2,2,2,1,2,3,3,1,4,2,1
9489,872,Ba|Si|Sr,3,4,2,4,3,2,4,3,4,3,2,2
9490,684,Ba|Ca|Cu|Hg|O,0,1,4,0,4,3,2,0,1,0,4,4
9491,1055,Co|Ga|Zr,1,1,3,2,0,1,1,0,3,1,1,1
9492,1982,C|La|Th,2,2,4,4,3,4,1,1,2,2,1,3
9493,1022,F|Li|O|Rb|W,1,4,4,1,3,0,0,1,3,0,2,2
9494,675,Ba|Cu|O|Sm,0,0,0,2,2,0,0,4,1,0,0,0
9495,1147,Co|Ru,2,1,1,4,3,1,2,4,3,2,4,3
9496,1100,As|Ba|Fe|P,1,0,1,4,3,0,1,1,3,3,1,3
9497,507,Ba|Cu|H|O|Y,2,1,2,4,1,2,4,0,0,2,0,2
9498,822,Ba|C|Ca|Cu|O,0,1,4,4,0,3,3,0,3,2,0,2
9499,2436,Al|La|Pd|U,1,0,1,2,4,2,0,2,4,2,3,4
9500,64,Ba|Cu|O|Y|Zn,1,1,2,4,3,2,4,2,3,1,3,1
9501,292,Ba|Cu|Fe|O|Y,0,4,0,1,4,3,3,0,0,4,2,4
9502,2745,B|Ba|C|Ca|Cu|O|Sr,4,4,0,1,1,4,3,1,4,3,3,2
9503,2746,As|Ba|Fe|Pr,2,3,0,1,2,0,3,1,0,3,3,3
9504,1419,Bi|F|O|S,3,2,1,1,3,3,4,4,4,1,0,3
9505,2747,B|Mo|V,1,0,1,3,4,3,1,3,0,4,3,4
9506,450,Ba|Cu|F|O|Y,1,3,4,2,1,2,0,0,3,0,1,0
9507,49,Ba|Cu|La|O,3,0,2,4,3,0,0,4,1,2,1,3
9508,962,H|Th,2,0,3,4,2,3,0,3,4,2,1,0
9509,173,Ba|Ge|Ni|P,1,1,1,1,0,4,3,0,2,1,0,0
9510,2748,Bi|Cu|Te,3,2,3,1,2,1,2,3,2,1,0,0
9511,2057,Fe|Rb|Se|Te,4,1,3,1,3,0,2,4,4,3,3,3
9512,12,Ba|Ca|Cu|O|Y,3,3,3,3,4,4,2,4,2,3,0,3
9513,2711,As|F|Fe|Gd|O,0,4,0,3,3,4,3,2,2,4,1,4
9514,216,Cu|La|O|Sr,4,4,1,1,0,1,4,1,2,0,0,4
9515,1860,Cl|N|Na|Ti,2,3,0,3,1,0,4,2,2,4,2,2
9516,2375,Ir|Lu|Si|Yb,2,4,3,2,2,2,2,4,1,1,4,2
9517,496,In|Pb,4,0,3,1,4,2,0,0,2,3,0,2
9518,2749,Cu|Nd|O|Y,2,4,3,0,1,3,3,2,4,3,2,3
9519,152,Ba|Cu|O|Sr|Y,2,2,4,0,3,2,0,3,4,1,1,0
9520,191,Li|O|Ti,0,1,1,4,4,2,0,1,0,2,0,4
9521,499,Mo|Tc,2,3,0,0,0,1,1,0,3,4,3,1
9522,2750,La|Sc,4,0,3,1,0,0,1,2,0,4,2,2
9523,1676,Ni|S|Ta,1,3,3,4,4,2,4,2,3,1,3,0
9524,31,Ba|Cu|O|Pr|Sr|Y,0,2,3,4,1,0,0,0,4,1,3,2
9525,1674,Ba|Ca|Cu|Nd|O|Sr,3,3,0,0,1,0,4,2,1,2,3,1
9526,2226,Tc|Zr,3,1,2,3,0,2,0,3,3,4,0,2
9527,1116,Ge|Pd|Si|Sr,2,2,3,0,3,1,4,2,0,4,3,0
9528,239,As|Ba|Fe|Ru,0,3,3,1,1,3,2,1,1,3,3,2
9529,2751,Cu|O|S|Sr|Y,0,2,1,0,3,4,2,4,1,3,1,1
9530,86,Ba|Cu|O|Y,4,4,4,2,0,4,1,2,2,0,2,4
9531,1,Ba|Ca|Cu|La|O,0,0,1,3,2,4,1,1,2,4,4,0
9532,2113,B|C|Cu|Ni|Y,3,2,2,1,0,2,2,2,4,1,1,0
9533,981,Si|Ti|V,1,1,2,1,0,2,2,3,4,1,1,4
9534,438,Cu|Nd|O,4,1,0,3,4,2,0,2,2,3,0,2
9535,923,Mo|Pt|Re,2,0,3,1,2,3,1,1,3,0,1,1
9536,68,Bi|Sn,2,3,2,0,3,1,1,3,3,0,2,1
9537,84,H|Pd,0,4,3,0,4,4,2,4,2,4,2,2
9538,124,B|Er|Ho|Rh,1,0,1,4,0,2,0,4,2,4,3,0
9539,394,Ca|Cl|Cu|K|O,0,3,0,2,3,2,3,0,2,2,2,4
9540,42,Cu|La|O|Sr|Zn,1,2,4,4,3,1,0,2,4,1,4,1
9541,2752,Ce|Cu|Eu|Nd|O|Pb|Sr,1,4,3,0,2,1,1,0,4,1,2,3
9542,1661,B|Ru,3,2,0,1,3,2,4,4,1,0,3,3
9543,2753,As|Pd|Sr,2,4,0,1,3,2,1,2,4,1,3,2
9544,924,Ag|Al,2,0,0,3,3,1,1,0,3,3,0,0
9545,65,Ba|Bi|K|O,3,2,0,2,0,0,4,2,0,4,2,3
9546,2497,Cu|Gd|O|Ru|Sr|Ti,3,3,1,1,3,3,1,1,3,1,2,2
9547,2754,Al|La|Rh,3,4,4,2,3,2,1,0,4,4,4,1
9548,1439,Pd|Rh|Zr,4,3,4,0,2,2,2,2,4,4,0,1
9549,992,Bi|F|La|O|S,2,2,2,4,4,1,3,2,1,0,0,3
9550,544,As|Ba|Co|Cu|Fe,2,4,1,3,0,1,1,2,4,0,0,1
9551,390,Ce|Cu|Nd|O|Y,3,1,2,4,4,2,3,2,0,3,4,3
9552,292,Ba|Cu|Fe|O|Y,0,4,0,1,4,3,1,4,2,0,4,4
9553,586,Bi|Ca|Cu|Ga|O|Pb|Sr,2,4,0,0,0,4,1,3,4,3,1,0
9554,43,Fe|K|Se,2,2,3,2,1,3,1,4,3,3,4,0
9555,2755,Ca|Rh,4,3,1,0,2,0,0,2,2,4,3,0
9556,1375,Fe|Ni|U,4,3,1,4,4,4,0,2,0,1,0,1
9557,1888,As|Fe|Ni|Sr,3,2,4,0,0,2,4,0,3,0,3,1
9558,106,Nb|Ru,2,2,3,4,1,3,0,1,4,4,4,0
9559,86,Ba|Cu|O|Y,4,4,4,2,0,4,3,3,0,2,0,4
9560,644,Ir|Pt|Te,4,2,1,2,3,2,2,3,1,1,2,0
9561,241,Ga|V,4,3,1,0,4,2,1,0,3,0,2,0
9562,1793,B|Lu|Ru|Tm,4,0,3,4,3,3,1,2,4,2,0,1
9563,1546,Rh|Y,1,3,2,2,0,1,0,4,1,3,0,3
9564,2756,Ba|Ce|Cu|Dy|O,0,2,4,0,1,0,3,3,4,0,3,4
9565,144,B|C|Dy|Ho|Ni,3,1,4,4,2,0,3,3,4,0,4,1
9566,2094,Ge|Pt|Sr,4,2,3,1,1,1,4,0,2,3,3,1
9567,915,Sb|Sn,1,2,4,3,0,3,2,1,3,3,1,1
9568,153,Ba|Cu|Ni|O|Y,1,4,4,4,2,1,1,0,4,1,4,1
9569,1946,As|Ce|F|Fe|O,4,3,0,0,3,0,2,1,4,2,1,2
9570,1591,B|Mg|Ti,0,3,3,2,4,3,3,4,0,4,1,3
9571,2757,Br|N|Zn|Zr,1,2,0,4,2,2,0,2,2,1,3,3
9572,1017,Ba|Ca|Cu|Lu|O,1,0,2,3,3,0,3,1,3,3,0,4
9573,224,Ce|Cu|La|Nd|O,3,0,0,4,2,0,3,1,2,4,1,2
9574,46,As|Ba|Co|Fe|Zn,1,3,3,2,1,3,2,4,2,0,0,3
9575,1,Ba|Ca|Cu|La|O,0,0,1,3,2,4,0,4,1,3,4,0
9576,1118,Ce|Cu|Nd|O|Zn,3,0,2,0,3,2,4,1,4,2,1,2
9577,16,Cu|Mo|S,0,3,1,3,0,4,2,0,2,3,3,3
9578,455,Ba|Cu|O|Tl,1,1,3,2,4,3,2,1,3,2,2,2
9579,1163,Au|Nb|V,3,4,1,3,2,2,1,1,3,3,0,0
9580,728,C|Th|Y,4,0,4,1,4,1,1,4,4,1,3,4
9581,62,Al|Ge|Nb,2,3,3,0,1,3,2,3,1,3,0,2
9582,216,Cu|La|O|Sr,4,4,1,1,0,1,3,4,4,0,1,4
9583,331,As|Co|Fe|Na,0,3,1,4,4,0,3,2,0,3,1,3
9584,1559,Mo|Pb|S|Se,2,3,0,0,2,3,4,0,3,2,0,3
9585,59,Bi|Ca|Cu|O|Sr,2,1,2,3,0,3,0,4,0,4,0,2
9586,2758,Li|Mo|O,2,4,1,1,1,0,2,3,2,2,3,1
9587,183,Ba|Ca|Cu|O|Tl,2,3,4,2,0,4,0,2,0,0,4,2
9588,2759,Ga|Ni|V,3,1,1,2,2,0,3,2,1,0,0,4
9589,86,Ba|Cu|O|Y,4,4,4,2,0,4,3,3,1,2,1,4
9590,741,Cu|Mo|O|Sr|Tb,1,4,3,3,0,1,2,2,3,2,4,0
9591,2760,Al|Er,4,3,4,1,1,0,2,3,3,4,2,0
9592,813,Ru|V,4,2,0,1,3,1,4,3,3,2,2,2
9593,413,B|Ba|Cu|O|Sr|Y,0,1,4,4,2,2,4,1,4,1,4,4
9594,570,In|Sn|Te,4,0,3,1,2,1,4,0,2,3,4,4
9595,581,Ti|V,3,1,3,1,1,2,4,1,2,0,4,0
9596,1419,Bi|F|O|S,3,2,1,1,3,3,1,1,2,0,3,3
9597,543,Nb|Pt|Rh,4,0,1,2,3,4,2,0,1,3,1,3
9598,1671,B|Er|Ir|Rh,1,4,2,4,0,1,0,1,0,0,3,2
9599,10,Cu|La|O|Pb|Sr,3,0,0,3,2,2,4,4,4,3,0,3
9600,2041,B|Re,3,0,3,2,4,1,2,3,2,1,2,3
9601,2171,Ir|O|Ti,4,4,4,2,2,0,0,3,2,0,2,4
9602,1137,Ca|Cl|Cu|Na|O,2,2,4,3,3,0,1,2,3,2,1,1
9603,1693,Bi|O|Rb,4,1,4,2,2,3,0,4,0,3,4,4
9604,554,Ce|Cu|Eu|La|O,4,3,3,4,1,0,2,0,3,2,4,3
9605,192,Nb|Ta|Ti,2,0,0,2,0,4,3,2,0,4,3,0
9606,1945,Bi|Ca|Cu|Nd|O|Pb|Sr|Tb,2,0,2,0,0,4,3,1,1,2,0,2
9607,1270,La|Se,3,0,0,4,3,4,2,2,2,4,0,0
9608,871,Cu|O|Sr|Ti|Y,3,2,4,2,1,3,1,2,3,0,0,3
9609,502,Al|Mg|Si,1,0,3,0,3,2,3,0,4,1,4,3
9610,245,As|Ca|Fe|Pr|Pt,0,0,4,4,1,0,0,4,1,4,2,3
9611,2761,Al|Cr|Nb,0,2,2,2,1,4,1,0,4,4,1,4
9612,12,Ba|Ca|Cu|O|Y,3,3,3,3,4,4,2,3,1,0,2,3
9613,1933,Cu|Ir|Te,0,4,2,0,4,3,3,0,0,3,0,1
9614,1594,La|P|Ru,3,3,4,2,3,1,0,2,4,4,4,0
9615,2762,As|Ca|Fe|H|La,1,1,3,0,4,2,2,4,3,3,0,2
9616,294,Al|As|Ca|Fe|O|Ti,1,2,2,1,3,3,0,2,3,0,2,1
9617,2195,Ce|Co|In|Nd,1,4,4,2,1,1,1,1,4,2,2,4
9618,2763,Bi|Ce|Cu|Gd|O|Sr,1,1,4,2,0,0,1,3,2,0,4,3
9619,2375,Ir|Lu|Si|Yb,2,4,3,2,2,2,0,1,0,4,4,2
9620,1419,Bi|F|O|S,3,2,1,1,3,3,0,4,3,0,0,3
9621,476,Ba|Cu|Ga|O|Y,0,1,1,0,4,0,4,4,1,1,2,1
9622,450,Ba|Cu|F|O|Y,1,3,4,2,1,2,3,0,1,4,1,0
9623,208,In|Sn,3,3,1,1,0,1,2,0,4,4,0,2
9624,1591,B|Mg|Ti,0,3,3,2,4,3,2,2,4,1,1,3
9625,662,B|Ho|Ir|Rh,0,3,2,2,4,1,1,1,3,4,4,4
9626,866,Ba|Cs|Cu|O|Y,3,2,0,0,2,2,0,3,2,4,3,3
9627,2614,C|Ti|W,4,0,2,4,3,1,2,1,2,4,4,0
9628,82,Fe|Ni|Zr,3,2,1,0,0,4,2,0,4,4,3,0
9629,375,Ba|Be|Ca|Cu|O|Tl,2,4,1,0,4,1,3,0,4,1,2,0
9630,2764,Bi|Cu|O|Pb|Pr|Sr,3,2,0,0,1,2,4,0,4,4,0,2
9631,1024,C|Mo|Ru,3,3,3,4,4,4,0,1,0,0,1,1
9632,2765,Ag|I,2,0,1,0,3,4,0,4,1,2,1,2
9633,118,Ir|Mo,3,0,4,2,3,3,1,3,1,2,4,0
9634,2243,As|Sn,1,2,2,4,3,3,3,1,3,2,2,2
9635,1799,Fe|Zr,0,3,4,0,1,4,4,4,1,1,0,0
9636,1498,Ba|Cu|La|O|Pr,1,3,0,4,4,0,2,2,0,2,4,2
9637,74,Ba|Cu|La|O|Y,2,3,3,3,3,1,0,2,2,4,3,2
9638,197,In|Mo|Se,2,4,4,2,1,3,3,1,1,4,4,1
9639,2592,Ca|Cu|Hg|O|Pr|Sr,3,2,4,2,4,3,4,1,2,1,4,4
9640,292,Ba|Cu|Fe|O|Y,0,4,0,1,4,3,3,0,3,3,1,4
9641,338,As|Ce|Fe|H|O,3,0,1,0,2,1,1,4,2,4,0,0
9642,2766,Ce|Cu|O|Sr|V|Y,3,0,2,0,2,2,3,4,4,0,0,1
9643,1712,Br|Ca|Cl|Cu|Na|O,2,0,4,3,4,4,1,0,0,4,2,0
9644,369,Hg|In,1,1,2,1,4,3,3,3,3,1,2,3
9645,817,Ce|Cu|Gd|O|Sm,1,1,0,4,3,4,3,1,0,2,4,2
9646,292,Ba|Cu|Fe|O|Y,0,4,0,1,4,3,1,3,2,2,3,4
9647,127,Cd|In,3,3,3,1,3,1,1,0,1,2,0,2
9648,204,Cu|La|O|Pr|Sr,1,1,2,0,1,0,3,3,0,3,1,0
9649,2767,Bi|Ca|Cu|Eu|O,3,4,2,3,3,3,2,1,0,2,0,0
9650,2768,As|Bi|Pb|Sb,0,0,2,1,3,4,2,1,2,0,1,4
9651,119,As|F|Fe|La|O,3,1,1,1,3,4,3,2,2,3,4,2
9652,1712,Br|Ca|Cl|Cu|Na|O,2,0,4,3,4,4,0,3,3,3,0,0
9653,2189,As|Ba|Fe|La,0,1,4,1,2,1,3,4,3,2,1,0
9654,1779,Al|Cr|V,2,2,3,4,1,0,3,4,2,3,4,3
9655,1924,Ag|Se|Sn,3,4,1,1,2,0,4,2,0,0,1,4
9656,216,Cu|La|O|Sr,4,4,1,1,0,1,0,4,4,1,3,4
9657,216,Cu|La|O|Sr,4,4,1,1,0,1,1,4,2,0,0,4
9658,6,Co|Cu|La|O|Sr,1,1,0,1,0,4,4,2,2,1,1,3
9659,495,Nb|Se,0,3,0,4,4,0,2,4,0,1,2,3
9660,721,Ga|Nb|Sn,0,2,4,2,3,2,4,2,4,0,3,1
9661,1453,Eu|La,4,2,1,2,2,2,4,2,2,2,2,0
9662,535,Hf|Ta,0,2,0,3,2,0,3,0,1,0,3,2
9663,1543,Ag|Ge,3,2,3,2,2,1,0,1,2,4,0,2
9664,351,Ba|Cu|Hg|O,0,1,0,3,3,4,0,0,2,0,0,2
9665,1677,Bi|F|Nd|O|S|Sm,0,2,2,0,1,4,1,4,1,0,3,3
9666,59,Bi|Ca|Cu|O|Sr,2,1,2,3,0,3,1,4,4,1,4,2
9667,2047,N|Nb|Zr,1,2,0,4,1,3,3,1,0,4,1,1
9668,709,Be|Mo|Re,1,4,1,3,1,4,0,0,2,0,0,4
9669,126,Bi|Ca|Cu|Nd|O|Pb|Sr,2,4,0,2,0,1,2,3,3,3,4,4
9670,32,Ce|Cu|Gd|Nd|O,4,3,1,4,4,4,2,1,3,1,4,4
9671,1606,As|Ni|Pd,0,0,2,2,0,3,4,2,0,0,0,4
9672,2769,C|Pt|Rh|U,3,3,0,4,0,3,3,4,3,3,0,2
9673,160,Ba|Cu|O|Re|Y,2,4,2,2,0,0,4,4,2,2,3,0
9674,925,Ba|Cu|Gd|O|Sr,4,4,0,1,2,0,0,0,4,0,1,4
9675,2179,Pd|Sn|Yb,2,3,2,4,1,3,3,3,4,2,2,1
9676,157,Cu|Ge,2,1,0,0,0,1,3,4,4,2,1,2
9677,62,Al|Ge|Nb,2,3,3,0,1,3,0,4,2,4,1,2
9678,216,Cu|La|O|Sr,4,4,1,1,0,1,1,3,0,4,4,4
9679,292,Ba|Cu|Fe|O|Y,0,4,0,1,4,3,3,1,1,2,3,4
9680,1,Ba|Ca|Cu|La|O,0,0,1,3,2,4,4,3,0,0,3,0
9681,2100,C|Ta|W,1,0,0,2,3,4,2,2,2,2,0,2
9682,2764,Bi|Cu|O|Pb|Pr|Sr,3,2,0,0,1,2,3,2,2,4,1,2
9683,192,Nb|Ta|Ti,2,0,0,2,0,4,2,2,4,0,3,0
9684,513,Ir|Y,4,2,2,2,1,1,4,1,1,1,0,4
9685,2201,Ba|Cu|Ga|La|O,1,2,2,4,3,1,1,2,2,1,3,0
9686,1754,As|F|Fe|Nd|O|Ru,1,1,0,0,2,2,2,1,2,2,0,4
9687,1113,Ca|Cu|O|Sr|Th|Tl,2,4,4,3,0,1,2,1,1,0,2,0
9688,928,Al|Nb|Zr,1,4,4,0,0,2,3,1,3,2,2,1
9689,528,C|Hf|Mo,0,1,2,4,1,3,0,2,2,2,1,4
9690,153,Ba|Cu|Ni|O|Y,1,4,4,4,2,1,4,3,4,3,0,1
9691,495,Nb|Se,0,3,0,4,4,0,1,0,2,1,2,3
9692,44,Cu|La|Nd|O|Sr,3,0,2,3,4,2,2,1,0,2,4,0
9693,2353,Ba|Ca|Cu|Fe|La|O,1,4,1,1,3,2,2,3,1,2,3,0
9694,487,Ba|Cu|Eu|O,3,1,0,1,2,0,4,0,3,0,3,2
9695,1016,Ba|Cu|Mo|O|Sr|Y,0,3,1,4,3,0,0,0,3,3,3,3
9696,886,Ba|Si,1,0,4,0,3,1,2,2,0,0,3,3
9697,1155,Ge|Pt|Y,2,4,4,1,1,3,3,4,1,1,4,0
9698,128,Cl|Li|N|Zr,1,1,2,3,1,1,0,0,1,1,4,4
9699,396,As|F|Fe|La|O|Zn,3,0,0,4,4,4,0,0,3,2,4,0
9700,152,Ba|Cu|O|Sr|Y,2,2,4,0,3,2,0,3,1,0,1,0
9701,1012,Ba|C|Cu|N|O|Sr|Tl,2,1,1,0,3,3,0,1,1,0,0,3
9702,2762,As|Ca|Fe|H|La,1,1,3,0,4,2,0,4,3,0,4,2
9703,61,Ge|La|Pt,2,2,3,1,1,4,1,4,2,0,0,3
9704,273,Bi|Cu|La|O|Pb|Sr,4,4,0,0,0,1,0,1,1,3,3,2
9705,374,Ba|Bi|O|Pb,1,3,3,2,1,2,2,2,4,2,3,0
9706,1167,Bi|F|Nd|O|S,3,4,2,0,1,0,2,2,0,4,0,1
9707,59,Bi|Ca|Cu|O|Sr,2,1,2,3,0,3,1,2,4,3,0,2
9708,2106,Cr|Os,2,1,1,2,2,1,0,4,3,1,4,4
9709,2105,As|Co|Fe|Li,1,4,1,0,2,3,4,0,3,4,3,3
9710,64,Ba|Cu|O|Y|Zn,1,1,2,4,3,2,4,2,2,1,3,1
9711,542,Bi|Cu|La|O|Sr,1,3,4,1,2,1,1,2,3,4,1,2
9712,1821,Ir|Th,0,3,3,4,0,4,2,1,1,2,0,3
9713,79,Fe|Se|Te,4,3,3,0,1,3,2,0,0,1,3,0
9714,4,Bi|F|Nd|O|Pb|S,1,1,0,0,2,3,2,4,1,1,4,3
9715,282,B|Cu|Mg,2,4,0,1,4,1,0,1,4,1,0,0
9716,383,Al|Nb|Sn,3,2,0,2,4,4,0,2,4,3,0,0
9717,1,Ba|Ca|Cu|La|O,0,0,1,3,2,4,2,3,0,4,2,0
9718,606,Al|Sb|V,3,4,4,1,2,4,1,0,1,2,3,1
9719,84,H|Pd,0,4,3,0,4,4,3,4,1,4,4,2
9720,2267,B|C|Co|Er|Ni,4,1,4,3,3,1,1,2,4,4,4,3
9721,1402,Al|Ga|Pd|U,4,3,2,4,0,4,3,3,3,1,2,0
9722,586,Bi|Ca|Cu|Ga|O|Pb|Sr,2,4,0,0,0,4,3,2,0,3,4,0
9723,1564,Ca|Cu|La|O|Sr|Tl,1,1,0,2,4,3,0,0,4,1,0,2
9724,878,Ba|Cu|Ho|O,0,0,4,4,4,0,4,2,4,2,2,1
9725,817,Ce|Cu|Gd|O|Sm,1,1,0,4,3,4,1,2,0,3,1,2
9726,2566,La|Rh,4,1,4,3,3,3,4,2,0,2,1,1
9727,74,Ba|Cu|La|O|Y,2,3,3,3,3,1,0,3,4,2,4,2
9728,1276,Na|O|W,2,0,2,4,4,4,1,1,0,0,1,1
9729,820,B|C|Si,0,1,1,2,1,4,0,1,0,0,3,3
9730,478,Ba|Ca|Cu|Gd|Mo|O,2,1,2,3,1,4,4,0,2,3,4,0
9731,336,Ba|Cu|O|Pr|Sm,3,3,2,0,3,2,4,4,3,2,1,1
9732,2401,Ge|Rh,2,0,2,3,1,0,3,0,2,3,2,2
9733,2770,I,1,0,4,4,3,3,4,4,4,2,0,0
9734,407,Ca|Cu|Fe|Hg|O|Sr|Y,2,4,2,2,0,3,1,0,4,1,1,4
9735,728,C|Th|Y,4,0,4,1,4,1,4,4,2,2,1,4
9736,478,Ba|Ca|Cu|Gd|Mo|O,2,1,2,3,1,4,2,2,0,0,2,0
9737,2771,Ce|Cu|Eu|O|Sr,2,1,3,2,0,2,3,0,4,1,4,1
9738,74,Ba|Cu|La|O|Y,2,3,3,3,3,1,4,2,4,0,3,2
9739,0,As|Ba|Fe|K,0,4,2,3,0,4,0,3,0,0,0,1
9740,1,Ba|Ca|Cu|La|O,0,0,1,3,2,4,1,1,3,0,2,0
9741,1844,Fe|Rb|Se,1,4,4,4,2,0,3,3,3,1,0,3
9742,64,Ba|Cu|O|Y|Zn,1,1,2,4,3,2,4,0,0,4,2,1
9743,431,Sn|V,0,3,4,0,3,0,2,3,4,3,0,1
9744,298,As|Fe|H|O|P|Sm,3,0,2,4,1,2,4,0,2,3,0,4
9745,684,Ba|Ca|Cu|Hg|O,0,1,4,0,4,3,0,3,2,2,0,4
9746,2293,Cu|O|Y|Zn,4,0,1,4,4,0,1,1,0,1,1,4
9747,68,Bi|Sn,2,3,2,0,3,1,0,0,3,1,3,1
9748,2772,Bi|Sr,3,2,1,2,0,2,0,1,1,1,0,2
9749,39,B|Er|Gd|Rh,2,1,2,2,3,2,3,4,3,4,3,3
9750,2773,Co|Ga|Ni|Pu,4,1,2,4,3,2,1,0,3,1,1,3
9751,1213,Cu|Mo|O|Sr|Y,3,2,2,3,1,3,0,2,0,1,3,0
9752,2774,Os|Y,0,0,2,3,0,0,2,1,3,4,1,4
9753,416,As|Ba|Co|Fe,3,2,2,4,2,1,4,3,2,0,4,3
9754,2421,Hf|N,1,1,2,4,0,2,0,0,0,3,2,3
9755,959,Mn|Ni|U,4,3,0,3,2,4,1,0,3,0,0,3
9756,2683,Ge|La|Pd|Sn,1,1,0,1,1,2,2,3,4,1,1,3
9757,417,Ca|Cu|O|Sr|Tl,2,3,4,2,3,0,0,2,1,1,4,4
9758,774,Ca|Cu|O|Pr|Sr|Tl,3,4,0,4,3,0,2,3,2,4,3,0
9759,1717,B|C|La|Nd|Pt,2,0,4,4,4,4,3,4,3,0,1,3
9760,1628,B|C|Ni|Tb|Y,2,0,1,3,4,2,0,2,2,1,2,1
9761,2419,Al|Re,4,1,4,3,3,0,1,3,0,1,0,2
9762,2775,Cu|Ho|Mo|O|Sr,1,4,2,0,1,3,2,2,4,4,4,0
9763,2776,La|S|Y,2,2,3,3,0,1,2,1,2,3,4,1
9764,470,Hf|Rh,1,4,1,2,4,4,0,4,2,0,0,2
9765,455,Ba|Cu|O|Tl,1,1,3,2,4,3,0,3,0,4,2,2
9766,31,Ba|Cu|O|Pr|Sr|Y,0,2,3,4,1,0,2,4,3,3,4,2
9767,383,Al|Nb|Sn,3,2,0,2,4,4,0,4,1,1,0,0
9768,476,Ba|Cu|Ga|O|Y,0,1,1,0,4,0,4,0,0,4,1,1
9769,1033,As|Fe|O|Pr|Sb|Sr,2,4,4,4,4,1,2,1,1,0,1,1
9770,290,Ba|Ca|Cu|La|O|Y,2,0,4,0,1,2,0,0,4,2,4,1
9771,735,B|Mo|P,1,2,1,0,2,1,2,2,1,1,2,1
9772,240,As|Ba|Co|Fe|K,1,2,4,0,0,4,2,3,1,4,1,1
9773,236,Ba|Cu|O|Tm,4,3,1,0,0,1,0,4,3,4,3,3
9774,739,Ca|Cu|O|Pb|Sr|Y,1,4,3,0,4,2,4,1,1,2,2,3
9775,587,Ba|Cu|Hg|O|Re,2,0,1,1,3,2,0,4,0,1,3,0
9776,2777,B|Lu|Ru|Th,3,0,2,1,0,0,4,2,4,0,4,2
9777,1538,Os|Re|Y,3,0,4,3,1,4,3,1,1,0,1,1
9778,216,Cu|La|O|Sr,4,4,1,1,0,1,0,3,4,2,0,4
9779,555,Ba|Cu|La|Ni|O,0,4,1,3,3,1,3,1,4,4,1,4
9780,216,Cu|La|O|Sr,4,4,1,1,0,1,0,0,0,4,1,4
9781,1712,Br|Ca|Cl|Cu|Na|O,2,0,4,3,4,4,4,4,1,4,0,0
9782,2778,B|Ir|Mo,4,3,1,4,4,3,3,2,0,3,2,3
9783,1710,As|Ca|F|Fe|Rh,0,2,2,2,0,2,0,2,2,2,2,4
9784,428,Ba|Cu|O|Sr|Yb,1,4,0,4,3,2,4,0,2,0,3,4
9785,1805,Sc|V,4,4,2,2,3,3,2,2,4,2,3,1
9786,1402,Al|Ga|Pd|U,4,3,2,4,0,4,4,4,1,3,3,0
9787,1385,Nb|Si|Sn,1,1,0,4,4,4,0,4,2,2,1,4
9788,74,Ba|Cu|La|O|Y,2,3,3,3,3,1,3,3,2,4,4,2
9789,1808,O|Ti,0,0,2,4,0,3,1,1,0,0,2,0
9790,167,Ir|Lu|Sc|Si,0,3,2,4,4,3,4,4,1,1,0,2
9791,71,Ba|Cu|Li|O|Y,4,2,4,1,4,0,4,3,2,3,0,3
9792,889,As|Ca|Fe|O|Sr|V,3,2,4,4,3,0,1,0,4,4,3,3
9793,1485,La|Sm,0,0,4,0,4,0,0,0,3,0,4,4
9794,1279,Ba|Cu|Nd|O|S,0,2,2,2,2,0,1,3,2,3,1,4
9795,356,Mo|Re,4,3,4,1,0,0,4,1,4,4,1,4
9796,52,Ca|Cu|O|P|Sr|Y,0,1,4,2,4,0,0,0,1,1,3,1
9797,1252,Cu|Gd|Ir|O|Ru|Sr,2,3,2,2,4,0,4,0,1,0,4,0
9798,595,Cu|Ir|S|Zn,2,4,3,0,3,2,3,2,3,2,4,1
9799,665,Ba|Ca|Cu|Gd|La|O,4,1,4,1,3,0,0,0,3,3,4,2
9800,1061,Ba|Ca|Cu|La|O|Pr,0,0,4,1,0,1,4,3,3,4,4,4
9801,1061,Ba|Ca|Cu|La|O|Pr,0,0,4,1,0,1,0,4,0,2,1,4
9802,86,Ba|Cu|O|Y,4,4,4,2,0,4,3,3,1,0,4,4
9803,569,B|C|Ni|Pd|Y,0,0,1,4,4,4,4,4,4,2,3,1
9804,2028,As|Ba|Ni|P,4,0,3,4,4,2,4,3,3,4,0,1
9805,211,Mo|U,1,2,2,1,0,3,2,2,3,3,0,0
9806,478,Ba|Ca|Cu|Gd|Mo|O,2,1,2,3,1,4,0,0,0,1,0,0
9807,671,Ge|Mo,3,4,0,0,1,1,1,2,3,0,4,1
9808,59,Bi|Ca|Cu|O|Sr,2,1,2,3,0,3,1,4,4,2,0,2
9809,1890,Bi|Pt,3,3,4,0,0,3,4,1,0,1,2,0
9810,176,B|C|Mo|Zr,4,4,2,1,4,4,2,3,4,1,3,4
9811,2688,C|K|Tl,1,2,0,0,4,0,3,4,1,1,1,3
9812,487,Ba|Cu|Eu|O,3,1,0,1,2,0,1,0,3,0,3,2
9813,2779,Cr|Fe|U,0,3,1,1,4,2,2,2,3,1,4,4
9814,2780,O|V|Zr,2,1,4,0,4,3,0,4,3,0,1,1
9815,1056,Ge|In|Sn|Te,2,1,3,1,3,0,2,1,0,3,4,4
9816,1459,Cl|K|N|Zr,1,3,1,1,0,4,0,3,2,3,0,3
9817,1406,Sn|Te,4,3,2,4,0,4,3,3,0,1,3,0
9818,1247,La|Rh|Si,0,4,1,1,3,4,4,1,4,1,1,1
9819,74,Ba|Cu|La|O|Y,2,3,3,3,3,1,3,4,4,2,4,2
9820,2781,N|Ni|Zn,1,4,0,3,3,3,4,3,3,4,2,0
9821,12,Ba|Ca|Cu|O|Y,3,3,3,3,4,4,3,2,4,2,4,3
9822,356,Mo|Re,4,3,4,1,0,0,4,2,2,4,2,4
9823,358,N|Nb,1,3,3,2,3,1,3,4,2,0,0,1
9824,1137,Ca|Cl|Cu|Na|O,2,2,4,3,3,0,3,4,0,4,4,1
9825,104,B|Mg|Zn,2,0,2,2,4,1,1,4,2,1,3,1
9826,237,B|C|Ni|Sc|Y,0,4,3,1,3,2,3,1,2,3,1,1
9827,1210,Bi|Ce|F|Nd|O|S,4,2,0,3,1,2,3,0,1,4,0,4
9828,1675,C|Cs|Na|Rb,4,1,1,4,0,2,0,2,2,2,4,4
9829,1844,Fe|Rb|Se,1,4,4,4,2,0,4,3,0,2,1,3
9830,2782,Ba,2,4,0,1,4,0,4,4,0,1,2,1
9831,1195,Ba|Ca|Cu|F|O,4,2,2,3,2,3,0,3,4,2,2,3
9832,59,Bi|Ca|Cu|O|Sr,2,1,2,3,0,3,0,4,1,4,1,2
9833,351,Ba|Cu|Hg|O,0,1,0,3,3,4,4,1,2,4,3,2
9834,826,Pd|Ti,1,0,3,0,4,1,0,3,2,4,2,1
9835,650,Fe|S|Te,4,4,1,4,3,3,2,3,3,4,1,4
9836,655,Cu|La|O|Ru|Sr,2,1,1,0,4,3,1,0,4,2,3,4
9837,669,Cu|Se|Ti,1,3,2,3,1,1,4,4,2,3,2,1
9838,2335,Hf|V|Y,4,4,4,0,1,2,0,1,0,1,2,0
9839,1091,As|Nb|Sn,0,2,2,3,2,1,0,1,0,2,3,1
9840,1953,Ga|Y,4,0,2,3,4,1,0,1,0,1,0,2
9841,670,Nb|S,1,1,1,4,2,2,1,1,3,2,0,1
9842,276,Ca|Cu|O|Sr,0,0,3,4,4,0,4,3,0,2,4,0
9843,2561,Cd|Sn,4,3,4,1,4,2,3,3,3,0,1,4
9844,1863,Ce|Ge|Ni,0,4,2,0,2,0,2,0,4,2,1,4
9845,136,Nb|Zr,0,4,3,4,3,1,4,1,4,4,1,1
9846,291,Ba|Ca|Cu|Hg|O|Tl,4,4,0,1,4,4,1,4,3,2,0,3
9847,1242,Bi|Cu|Mo|O|Pb|Sr|Y,2,1,3,0,2,4,3,0,4,1,2,0
9848,1867,As|F|Fe|Mn|Nd|O,0,1,3,3,3,2,2,0,2,3,1,0
9849,1762,As|Ca|Fe|La,1,0,4,2,4,3,2,3,4,0,1,4
9850,2783,Ce|Co|Ir|Si,2,4,2,1,2,3,0,3,0,3,0,1
9851,822,Ba|C|Ca|Cu|O,0,1,4,4,0,3,1,3,4,1,0,2
9852,2784,Na|S|Sn|Ta,3,2,4,0,2,0,3,1,0,2,3,2
9853,1383,B|C|Dy|Lu|Ni,3,3,4,2,3,3,4,3,2,0,3,0
9854,12,Ba|Ca|Cu|O|Y,3,3,3,3,4,4,3,3,0,4,1,3
9855,1318,Ir|Re,3,0,2,4,2,0,2,2,4,3,4,4
9856,2785,Pr|Ru|Sb,4,3,0,2,0,2,3,0,1,2,0,3
9857,36,Bi|Ca|Cu|O|Sr|Y,4,2,4,1,1,0,3,4,3,4,3,4
9858,243,Cu|O|Re|Sr|Y,0,3,4,1,2,4,0,1,0,4,3,3
9859,1332,Bi|Ca|Cu|O|Sr|Tm,0,0,4,1,3,1,1,4,3,4,0,1
9860,1,Ba|Ca|Cu|La|O,0,0,1,3,2,4,0,4,0,0,4,0
9861,1210,Bi|Ce|F|Nd|O|S,4,2,0,3,1,2,3,2,2,3,3,4
9862,1464,Cl|Hf|N|Na,4,1,3,2,1,4,3,2,1,3,3,2
9863,64,Ba|Cu|O|Y|Zn,1,1,2,4,3,2,3,4,2,4,1,1
9864,586,Bi|Ca|Cu|Ga|O|Pb|Sr,2,4,0,0,0,4,4,0,0,0,0,0
9865,12,Ba|Ca|Cu|O|Y,3,3,3,3,4,4,1,1,1,0,1,3
9866,124,B|Er|Ho|Rh,1,0,1,4,0,2,3,3,4,0,2,0
9867,417,Ca|Cu|O|Sr|Tl,2,3,4,2,3,0,3,2,3,1,1,4
9868,152,Ba|Cu|O|Sr|Y,2,2,4,0,3,2,2,1,1,4,4,0
9869,890,Hf|Ta|V,1,0,3,4,0,1,2,1,1,1,2,0
9870,697,Ga|Ge|V,0,3,1,3,0,4,3,0,0,2,1,4
9871,2093,Ce|Ge|Pr|Pt,1,3,2,2,2,3,4,2,2,0,1,0
9872,58,Co|H|Na|O,1,1,0,1,1,1,0,2,2,0,4,3
9873,2216,Bi|Co|O|S,1,0,4,3,3,3,4,0,4,2,2,2
9874,146,Ba|Cu|Er|O,0,4,2,1,2,2,2,1,4,0,0,0
9875,387,Bi|Ce|F|O|S,4,4,3,2,2,4,0,1,1,1,0,3
9876,273,Bi|Cu|La|O|Pb|Sr,4,4,0,0,0,1,1,2,1,4,4,2
9877,1825,Os|Rh,2,0,1,3,4,3,4,0,3,2,3,2
9878,679,Cu|Ga|La|O|Sr,3,3,0,3,2,3,0,3,3,3,1,3
9879,1297,As|Fe|Ir|La|O,4,4,1,2,0,1,3,1,2,1,3,3
9880,12,Ba|Ca|Cu|O|Y,3,3,3,3,4,4,2,1,4,0,2,3
9881,1306,Ti|Zr,0,4,4,3,3,3,4,4,3,4,0,2
9882,996,Ba|Ga|Ge,3,1,1,1,4,3,4,1,3,0,1,1
9883,655,Cu|La|O|Ru|Sr,2,1,1,0,4,3,3,0,1,3,2,4
9884,349,Co|Ga|V,4,0,0,1,1,3,3,3,3,0,3,1
9885,1404,Nb|Rh|Ta,2,3,0,0,1,0,0,2,1,4,2,3
9886,1769,Mo|Se|Te,4,4,3,4,1,2,4,0,1,1,4,2
9887,2786,B|Nb|Sc,2,1,2,2,0,1,2,3,2,4,2,4
9888,2787,Ce|Ge|Ir,1,4,4,0,0,2,2,1,3,1,1,0
9889,2788,Al|Si|Sr,0,0,4,3,2,2,2,2,2,1,4,0
9890,694,Ba|Cu|Gd|O|Pr,4,4,3,2,3,0,3,1,2,2,1,2
9891,817,Ce|Cu|Gd|O|Sm,1,1,0,4,3,4,1,2,2,3,4,2
9892,1056,Ge|In|Sn|Te,2,1,3,1,3,0,1,4,0,1,3,4
9893,49,Ba|Cu|La|O,3,0,2,4,3,0,4,4,2,1,3,3
9894,114,Cu|O|Sr|Y,4,3,4,2,2,3,0,0,0,3,3,4
9895,473,Ba|Ca|Cu|O|Sr|Yb,2,2,0,1,4,2,0,3,3,1,0,2
9896,1238,Ti|V|Zr,4,0,0,4,3,1,3,3,2,0,4,4
9897,801,Ba|Ge,1,2,2,3,3,4,2,4,4,4,3,0
9898,43,Fe|K|Se,2,2,3,2,1,3,0,4,1,2,1,0
9899,274,Ca|Cu|La|Nd|O,2,4,2,4,4,3,3,1,4,3,2,4
9900,513,Ir|Y,4,2,2,2,1,1,2,0,3,2,3,4
9901,51,Cu|La|O|Sm|Sr,4,3,2,4,3,3,2,1,0,3,2,4
9902,1371,Ca|Cu|Ge|O|Sr|Y,4,0,3,2,3,1,1,3,4,3,2,0
9903,2789,P|Pt|Sr,2,4,2,0,3,2,3,3,2,2,0,0
9904,79,Fe|Se|Te,4,3,3,0,1,3,1,4,4,3,4,0
9905,840,Ba|Cu|Nd|O|Sr,2,1,1,1,2,2,3,1,1,4,1,3
9906,12,Ba|Ca|Cu|O|Y,3,3,3,3,4,4,4,2,2,4,0,3
9907,1029,Ce|La|Sn,3,2,3,4,3,0,3,3,1,3,3,3
9908,2458,Ir|Rh|Se,0,2,3,0,3,0,2,4,2,4,4,0
9909,440,Ba|Cu|Gd|O,2,1,0,3,0,2,1,0,4,2,4,4
9910,1453,Eu|La,4,2,1,2,2,2,0,2,1,4,1,0
9911,1234,La|Lu|Tb,4,2,0,4,1,2,1,0,0,1,2,2
9912,54,Nb|Ta,1,2,0,0,3,2,3,0,0,2,4,0
9913,420,Ce|Cu|Nd|O,0,3,2,4,2,0,1,0,4,3,4,0
9914,240,As|Ba|Co|Fe|K,1,2,4,0,0,4,3,1,3,1,4,1
9915,1453,Eu|La,4,2,1,2,2,2,3,3,0,2,0,0
9916,89,In|Pb|Sn|Te,1,2,1,2,3,2,3,0,4,1,4,1
9917,214,Ce|Ni|Pt|Si,4,2,4,4,3,1,3,1,3,1,0,4
9918,470,Hf|Rh,1,4,1,2,4,4,2,3,0,1,0,2
9919,153,Ba|Cu|Ni|O|Y,1,4,4,4,2,1,0,3,4,2,4,1
9920,2790,Br|Mo|Se,2,0,3,4,3,4,3,4,2,3,4,3
9921,1387,Cu|La|O|Sr|Tl,3,0,1,1,3,1,0,1,4,2,3,0
9922,276,Ca|Cu|O|Sr,0,0,3,4,4,0,4,3,2,2,4,0
9923,74,Ba|Cu|La|O|Y,2,3,3,3,3,1,2,2,3,0,4,2
9924,1291,Al|Nb|Ta,2,3,0,1,4,3,1,2,4,2,4,2
9925,1656,Gd|La,4,2,3,1,0,2,3,0,3,1,3,2
9926,74,Ba|Cu|La|O|Y,2,3,3,3,3,1,4,0,3,3,3,2
9927,209,Ni|V|Zr,0,4,2,0,0,1,4,3,2,3,1,4
9928,1310,Ir|Lu|Rh|Si,1,3,2,2,3,1,0,1,2,2,1,1
9929,694,Ba|Cu|Gd|O|Pr,4,4,3,2,3,0,2,2,0,0,2,2
9930,1845,Ir|Ti,4,1,4,3,3,0,3,4,2,2,0,1
9931,1014,Bi|Ce|Pb|Te,0,0,3,2,0,2,3,1,2,1,0,1
9932,350,Ba|Ca|Cu|La|Nd|O,2,4,3,4,0,4,1,2,1,2,2,1
9933,1152,Cu|F|Nd|O,1,4,2,2,3,0,3,1,2,0,1,2
9934,332,As|Fe|Ir|O|Sm,4,0,3,0,0,3,0,3,2,2,0,1
9935,476,Ba|Cu|Ga|O|Y,0,1,1,0,4,0,4,1,0,3,4,1
9936,2791,As|Ba|Fe|O|Sc,1,1,4,2,1,1,1,4,2,4,0,2
9937,2792,Ba|Cu|Ge|O|Sr|Y,0,1,0,0,3,2,0,1,2,1,1,1
9938,2097,C|Nb|Ta,3,3,0,3,4,0,3,0,2,1,0,2
9939,581,Ti|V,3,1,3,1,1,2,2,0,3,1,3,0
9940,2793,Ir|Si|Ti,4,3,2,0,3,4,0,1,0,2,4,2
9941,130,Be|Th|U,2,4,1,0,3,3,0,3,0,2,4,0
9942,694,Ba|Cu|Gd|O|Pr,4,4,3,2,3,0,2,1,4,4,1,2
9943,640,As|Ba|Fe|Na,4,4,2,3,1,0,3,1,1,4,3,1
9944,1584,As|Fe|Li|Ni,1,3,1,4,0,3,0,0,2,0,0,4
9945,513,Ir|Y,4,2,2,2,1,1,2,2,4,1,4,4
9946,650,Fe|S|Te,4,4,1,4,3,3,0,1,0,0,1,4
9947,0,As|Ba|Fe|K,0,4,2,3,0,4,2,4,0,3,3,1
9948,40,Au|Ga,0,0,0,2,1,0,4,4,4,1,3,1
9949,2794,Cs|O|Os,4,2,0,4,2,3,3,4,1,0,1,1
9950,392,C|Mo|Nb,0,1,3,4,0,0,2,0,3,2,2,1
9951,2762,As|Ca|Fe|H|La,1,1,3,0,4,2,0,1,1,4,1,2
9952,905,Cu|La|Nd|O,0,1,4,3,2,3,0,0,2,3,1,1
9953,42,Cu|La|O|Sr|Zn,1,2,4,4,3,1,2,4,3,1,2,1
9954,172,B|Nb,4,3,2,3,2,0,1,4,4,3,0,1
9955,655,Cu|La|O|Ru|Sr,2,1,1,0,4,3,1,0,0,3,1,4
9956,2098,O|Rh|Zr,4,3,2,1,3,0,1,3,0,4,1,0
9957,605,Ba|Cu|O|Pr|Sr|Yb,1,4,0,3,1,2,1,2,2,4,4,4
9958,817,Ce|Cu|Gd|O|Sm,1,1,0,4,3,4,2,3,0,3,0,2
9959,49,Ba|Cu|La|O,3,0,2,4,3,0,0,1,4,3,4,3
9960,286,Ba|Cu|O|Pr|Y,3,1,2,0,3,0,3,3,2,0,3,3
9961,1118,Ce|Cu|Nd|O|Zn,3,0,2,0,3,2,4,2,0,2,0,2
9962,252,Ce|Cu|La|O|Pr,0,0,4,3,3,0,0,2,3,4,2,3
9963,1229,As|F|Fe|La|O|Y,3,3,3,1,4,1,2,2,3,1,2,2
9964,463,As|Eu|Fe|K,3,0,3,0,1,2,1,1,1,4,1,4
9965,64,Ba|Cu|O|Y|Zn,1,1,2,4,3,2,4,2,0,0,0,1
9966,286,Ba|Cu|O|Pr|Y,3,1,2,0,3,0,2,3,4,0,1,3
9967,49,Ba|Cu|La|O,3,0,2,4,3,0,1,3,2,4,3,3
9968,1553,La|Pt|Si,4,1,3,0,2,3,0,1,0,0,1,2
9969,420,Ce|Cu|Nd|O,0,3,2,4,2,0,2,1,1,0,1,0
9970,769,Ba|Ca|Cu|Gd|O|Sr,4,3,3,1,2,1,1,0,3,1,2,4
9971,66,Ba|Ca|Cu|La|O|Sr,3,2,3,2,4,1,2,0,3,3,0,2
9972,684,Ba|Ca|Cu|Hg|O,0,1,4,0,4,3,2,2,1,0,3,4
9973,11,Ba|Cu|Nd|O,4,1,1,2,1,1,3,0,2,0,2,4
9974,2795,Pd|Sc|Sn,0,4,2,3,0,0,4,1,0,2,0,2
9975,1076,Pb|Sn,3,2,4,1,4,2,0,3,2,2,2,0
9976,2796,B|Ce|Y,3,0,3,3,2,4,1,2,0,3,2,4
9977,359,Cs|O|W,3,1,3,4,2,4,2,1,4,0,3,2
9978,1363,C|Si|Y,4,1,1,4,2,3,3,1,3,1,2,3
9979,1808,O|Ti,0,0,2,4,0,3,2,0,0,2,1,0
9980,2797,As|Ca|F|Fe|Pr,2,1,4,3,3,2,1,4,0,4,4,1
9981,36,Bi|Ca|Cu|O|Sr|Y,4,2,4,1,1,0,0,1,0,4,2,4
9982,816,As|F|Fe|La|O|P,4,4,0,1,2,2,3,1,4,2,3,0
9983,1943,Fe|Mn|Se,0,3,3,4,0,4,0,3,0,3,1,1
9984,287,Bi|Pb,3,2,1,1,1,3,4,3,0,2,1,1
9985,1266,B|C|Gd|Ni|Y,1,0,0,1,3,3,3,0,4,3,3,1
9986,675,Ba|Cu|O|Sm,0,0,0,2,2,0,2,0,2,1,2,0
9987,1521,F|O|W,0,2,4,1,1,1,4,4,2,1,4,4
9988,1939,Fe|Si|Y,1,2,4,2,3,4,4,3,0,0,4,0
9989,189,Rh|Zr,4,0,1,3,3,1,4,2,2,3,3,4
9990,1814,Ge|Pd|Pt|Y,0,3,1,4,2,2,1,2,2,0,3,2
9991,1607,Al|La|Tb,2,3,2,4,4,4,3,4,0,1,0,2
9992,89,In|Pb|Sn|Te,1,2,1,2,3,2,2,4,2,4,1,1
9993,2794,Cs|O|Os,4,2,0,4,2,3,4,1,2,1,0,1
9994,1301,Bi|La,4,0,1,4,0,3,4,3,2,3,2,2
9995,356,Mo|Re,4,3,4,1,0,0,0,0,2,4,0,4
9996,2798,V,0,3,1,2,0,0,3,4,3,4,0,3
9997,740,C|Mo|Si,2,2,3,2,3,1,1,0,0,4,0,1
9998,74,Ba|Cu|La|O|Y,2,3,3,3,3,1,2,4,3,2,0,2
9999,1691,Bi|Ca|Cu|O|Pr|Sr,2,1,2,2,0,4,0,3,2,2,0,0
10000,1564,Ca|Cu|La|O|Sr|Tl,1,1,0,2,4,3,4,3,0,2,3,2
10001,1217,B|Ir|Rh|Sc|Y,2,1,0,3,2,3,4,4,1,2,4,3
10002,826,Pd|Ti,1,0,3,0,4,1,1,2,4,4,4,1
10003,924,Ag|Al,2,0,0,3,3,1,3,3,1,3,4,0
10004,73,Bi|Rh,2,2,2,4,0,3,3,2,1,2,2,3
10005,90,As|Fe|H|La|O,2,3,1,3,4,0,2,0,0,3,4,2
10006,429,Cu|La|Ni|O|Sr,0,4,1,1,3,1,2,1,2,0,0,0
10007,202,Bi|Sb,0,0,2,1,0,3,2,0,3,1,0,4
10008,423,Nb|Pd,1,4,4,2,3,0,3,2,2,3,0,4
10009,344,As|Fe|Li,2,2,4,1,4,3,0,2,0,1,2,3
10010,341,Ce|Co|In|Sn,4,2,1,0,1,3,3,0,1,1,3,3
10011,39,B|Er|Gd|Rh,2,1,2,2,3,2,1,0,1,3,4,3
10012,22,Ba|Co|Cu|O|Y,3,0,2,2,0,4,0,4,2,0,2,3
10013,139,Al|B|Mg,1,1,3,4,1,1,4,1,1,1,3,1
10014,400,As|Fe|K|Sr,3,4,2,2,1,4,4,0,4,3,4,1
10015,2216,Bi|Co|O|S,1,0,4,3,3,3,0,1,2,3,1,2
10016,64,Ba|Cu|O|Y|Zn,1,1,2,4,3,2,3,4,2,1,4,1
10017,73,Bi|Rh,2,2,2,4,0,3,2,3,2,1,0,3
10018,173,Ba|Ge|Ni|P,1,1,1,1,0,4,2,2,0,1,4,0
10019,2022,B|Ce|La|N|Ni,3,4,1,2,3,2,3,3,0,3,1,2
10020,2244,Ba|Ca|Cu|O|S|Sr|Y,2,3,4,0,3,1,0,2,1,3,0,4
10021,1403,Si|Sn|V,3,1,1,2,0,3,1,0,0,4,3,4
10022,1221,C|Mo|Zr,0,4,1,2,2,1,0,4,0,3,1,1
10023,2452,La|Pd|Sb,2,0,1,4,4,0,1,1,3,3,1,3
10024,2626,Cu|Gd|O|Ru|Sn|Sr,3,3,4,1,1,1,0,0,4,2,1,3
10025,218,C|Mo|Ta,1,3,0,0,3,0,1,0,2,4,4,0
10026,1017,Ba|Ca|Cu|Lu|O,1,0,2,3,3,0,3,1,3,2,4,4
10027,924,Ag|Al,2,0,0,3,3,1,2,4,3,0,1,0
10028,473,Ba|Ca|Cu|O|Sr|Yb,2,2,0,1,4,2,1,3,2,4,0,2
10029,343,As|Ca|Fe|Pt,0,4,4,2,2,3,1,1,1,0,0,1
10030,110,Au|Ge|Yb,2,3,0,0,4,0,4,4,0,4,0,0
10031,428,Ba|Cu|O|Sr|Yb,1,4,0,4,3,2,2,1,4,1,3,4
10032,1263,Ce|Cu|Eu|O,4,0,3,2,2,0,2,3,2,4,4,4
10033,1627,Ba|Cu|O|Rb|Y,1,1,4,4,0,4,4,1,4,2,0,2
10034,1,Ba|Ca|Cu|La|O,0,0,1,3,2,4,4,4,3,1,0,0
10035,1118,Ce|Cu|Nd|O|Zn,3,0,2,0,3,2,0,1,2,3,2,2
10036,356,Mo|Re,4,3,4,1,0,0,1,0,4,2,3,4
10037,739,Ca|Cu|O|Pb|Sr|Y,1,4,3,0,4,2,3,2,4,0,3,3
10038,1210,Bi|Ce|F|Nd|O|S,4,2,0,3,1,2,3,1,0,2,0,4
10039,460,Ba|Cu|O|Sc|Y,4,4,3,1,1,4,0,0,2,3,4,4
10040,2799,Ba|Ir|P,3,1,4,4,2,4,3,3,2,3,2,4
10041,1137,Ca|Cl|Cu|Na|O,2,2,4,3,3,0,4,4,4,1,0,1
10042,2178,Ba|Ca|Cu|La|O|Tl,0,3,4,3,0,4,1,0,4,2,1,4
10043,642,Ba|Cu|Dy|O|Sr,4,3,1,1,2,3,3,1,1,1,1,2
10044,146,Ba|Cu|Er|O,0,4,2,1,2,2,2,2,2,0,1,0
10045,1209,Mo|Pb|S,4,4,3,2,3,0,1,2,1,3,3,1
10046,2800,In|Pd|Y,4,4,1,0,1,1,2,3,1,1,2,0
10047,1888,As|Fe|Ni|Sr,3,2,4,0,0,2,0,0,2,0,2,1
10048,1522,Bi|Tl,3,3,4,4,1,3,1,0,4,4,1,0
10049,1723,Ir|Pd,0,4,2,2,1,1,4,1,0,4,3,2
10050,669,Cu|Se|Ti,1,3,2,3,1,1,4,1,4,4,3,1
10051,544,As|Ba|Co|Cu|Fe,2,4,1,3,0,1,0,1,1,1,1,1
10052,301,Ba|Ca|Cr|Cu|O|Sr|Y,4,3,0,2,0,0,2,2,4,2,3,4
10053,287,Bi|Pb,3,2,1,1,1,3,3,3,0,3,4,1
10054,2422,Mg|Mo|S,1,3,2,0,3,0,1,2,4,2,0,0
10055,774,Ca|Cu|O|Pr|Sr|Tl,3,4,0,4,3,0,1,3,0,3,0,0
10056,2801,As|F|Fe|Sm|Sr,3,1,3,4,2,1,3,2,0,0,3,4
10057,1346,Ba|Co|Cu|Er|O,0,4,3,1,4,3,1,2,0,0,3,2
10058,675,Ba|Cu|O|Sm,0,0,0,2,2,0,4,4,3,2,0,0
10059,800,Cr|V,3,4,2,4,0,3,1,3,4,3,2,2
10060,2267,B|C|Co|Er|Ni,4,1,4,3,3,1,4,4,3,2,4,3
10061,2215,As|H|La|Ni|O,3,0,1,1,0,1,1,4,4,0,4,1
10062,911,Ba|Cu|Lu|O|Pr,2,3,0,2,0,3,1,0,3,3,4,3
10063,616,Ba|Ca|Cu|O|Tl|Y,1,0,1,2,2,3,2,4,2,3,2,4
10064,128,Cl|Li|N|Zr,1,1,2,3,1,1,1,1,1,2,2,4
10065,2802,C|H|Rb,2,2,3,4,3,3,4,2,0,0,4,1
10066,343,As|Ca|Fe|Pt,0,4,4,2,2,3,4,4,3,3,1,1
10067,1149,Co|Ni|Zr,2,4,0,4,3,0,2,1,0,3,1,2
10068,1210,Bi|Ce|F|Nd|O|S,4,2,0,3,1,2,2,0,3,1,0,4
10069,596,Al|Nb|Ti,3,1,2,1,1,2,0,3,1,1,0,3
10070,995,Ir|W,2,1,2,4,2,3,1,4,3,2,3,2
10071,1056,Ge|In|Sn|Te,2,1,3,1,3,0,2,4,2,0,3,4
10072,2803,Pt|Te,1,1,0,0,0,0,0,4,4,4,0,1
10073,89,In|Pb|Sn|Te,1,2,1,2,3,2,1,1,1,1,1,1
10074,2189,As|Ba|Fe|La,0,1,4,1,2,1,3,2,2,2,2,0
10075,2668,Cr|Cu|Hg|O|Sr,4,1,3,0,1,2,4,4,4,0,1,3
10076,487,Ba|Cu|Eu|O,3,1,0,1,2,0,4,2,1,1,2,2
10077,44,Cu|La|Nd|O|Sr,3,0,2,3,4,2,2,3,0,0,1,0
10078,2002,Ga|Nb|Se,1,3,3,0,0,1,3,3,1,3,4,4
10079,2804,K|Ni|S,0,1,1,3,1,2,0,0,1,4,3,2
10080,130,Be|Th|U,2,4,1,0,3,3,3,3,2,3,2,0
10081,2805,Ca|Co|Ge,4,1,0,2,4,2,1,4,1,1,0,3
10082,473,Ba|Ca|Cu|O|Sr|Yb,2,2,0,1,4,2,0,4,4,1,4,2
10083,307,Cu|La|Mg|O|Sr,4,4,3,2,4,3,0,0,4,2,2,0
10084,2430,Bi|Ca|Cu|Fe|O|Pb|Sr,0,2,2,0,1,4,2,1,2,0,1,1
10085,2806,Ag|Nb,3,2,2,4,2,3,2,1,0,1,1,4
10086,1667,Ir|Si|Y,4,4,4,1,4,2,1,4,1,0,3,1
10087,686,Ba|Ca|Cu|O|Pr|Y,1,0,3,3,1,0,2,0,1,4,2,4
10088,2807,Co|Sn|Ta,4,3,3,4,2,1,4,3,2,3,1,0
10089,1618,Ba|Ca|Cu|Hg|O|Tl|Y,4,0,3,0,4,1,2,1,0,1,4,4
10090,2808,Cr|Si|V,2,0,4,0,1,3,3,4,0,1,0,2
10091,216,Cu|La|O|Sr,4,4,1,1,0,1,0,0,4,4,1,4
10092,2458,Ir|Rh|Se,0,2,3,0,3,0,2,0,0,0,4,0
10093,106,Nb|Ru,2,2,3,4,1,3,1,0,0,2,2,0
10094,553,Ba|O|Rb|Sb|Ti,3,0,1,3,4,2,2,4,2,2,3,4
10095,742,Si|V,1,3,3,2,3,0,1,3,1,2,0,2
10096,723,Nb|Sn|Ta,3,1,3,4,3,1,4,4,4,3,3,0
10097,2809,Fe|Si|Tm,0,0,1,1,1,2,0,4,4,1,0,1
10098,336,Ba|Cu|O|Pr|Sm,3,3,2,0,3,2,0,0,3,0,0,1
10099,2364,Nb|O,1,1,1,1,1,0,3,2,3,1,0,1
10100,2810,Al|Pd|Zr,0,1,1,4,0,2,4,4,2,4,3,2
10101,2072,Al|Ca|Cu|Ho|O|Sr,3,1,4,1,2,4,4,1,4,1,0,1
10102,733,Re|W,0,2,1,0,2,2,4,4,4,2,1,1
10103,2486,As|F|Fe|La|Sr,0,1,4,2,1,2,2,0,0,4,4,1
10104,704,B|Ta,3,1,4,3,4,2,2,4,1,1,4,2
10105,1017,Ba|Ca|Cu|Lu|O,1,0,2,3,3,0,1,3,4,1,4,4
10106,2516,Ge|La|Pd,2,4,4,3,0,2,3,2,0,1,0,1
10107,2811,Lu|Ru,1,4,3,0,4,3,4,2,2,2,0,3
10108,649,Ba|Ca|Cu|Er|Hf|O,3,3,3,0,1,1,2,3,0,4,1,4
10109,85,Rh|Ta,3,2,3,2,1,4,2,3,1,1,4,2
10110,1559,Mo|Pb|S|Se,2,3,0,0,2,3,3,3,0,3,2,3
10111,2812,Nb|Sb|Ti,0,3,0,4,4,4,2,0,3,2,4,3
10112,422,Bi|Ca|Cu|O|Pb|Sr,3,0,1,3,0,1,4,2,3,3,0,4
10113,91,Ba|Ca|Co|Cu|Er|O,3,4,1,3,0,4,1,0,4,4,3,1
10114,2813,O|Sr|Ti,2,1,0,3,3,1,0,0,2,1,0,3
10115,1801,Nb|Si,1,1,4,1,3,4,3,0,1,2,0,2
10116,309,Ba|Cu|Hg|O|W,4,2,2,2,3,2,4,1,4,3,1,3
10117,1685,Ce|Pt|Si,0,3,0,0,2,1,2,0,2,0,1,3
10118,36,Bi|Ca|Cu|O|Sr|Y,4,2,4,1,1,0,0,0,3,0,3,4
10119,1557,La|Si|V,3,3,3,3,3,2,3,4,1,1,3,4
10120,0,As|Ba|Fe|K,0,4,2,3,0,4,2,1,0,1,0,1
10121,1639,Fe|Sb|Se,3,0,4,2,1,2,1,3,4,0,3,4
10122,292,Ba|Cu|Fe|O|Y,0,4,0,1,4,3,0,1,1,2,2,4
10123,559,B|C|Mg,0,3,1,1,2,2,3,1,4,1,0,3
10124,470,Hf|Rh,1,4,1,2,4,4,2,1,0,4,1,2
10125,357,Mo|Zr,4,1,4,3,1,0,1,1,2,4,0,3
10126,1494,Co|Ga|Nb,2,0,1,1,0,4,2,2,0,0,4,2
10127,460,Ba|Cu|O|Sc|Y,4,4,3,1,1,4,3,3,1,0,4,4
10128,1076,Pb|Sn,3,2,4,1,4,2,2,3,2,2,3,0
10129,1677,Bi|F|Nd|O|S|Sm,0,2,2,0,1,4,4,3,4,0,3,3
10130,581,Ti|V,3,1,3,1,1,2,4,3,4,0,0,0
10131,2814,As|F|Fe|O|Tb,2,2,2,1,4,4,1,0,3,1,2,4
10132,2815,Mg|N|Nb|O,3,2,4,4,1,3,2,3,2,4,0,0
10133,2519,Br|K|N|Ti,1,1,2,3,1,2,0,0,2,3,1,1
10134,55,Fe|S|Se,2,2,3,4,3,2,4,3,4,0,3,2
10135,2100,C|Ta|W,1,0,0,2,3,4,0,0,0,1,4,2
10136,86,Ba|Cu|O|Y,4,4,4,2,0,4,3,4,4,0,4,4
10137,431,Sn|V,0,3,4,0,3,0,1,0,1,0,0,1
10138,213,As|Ba|Ce|Fe,2,3,4,3,4,0,0,1,3,2,0,3
10139,2816,Ca|Mo|S,2,0,1,3,0,4,1,2,3,1,4,0
10140,446,Eu|Mo|S|Sn,3,0,1,2,0,1,1,4,0,3,2,2
10141,243,Cu|O|Re|Sr|Y,0,3,4,1,2,4,0,0,1,1,1,3
10142,1323,Ca|Pb,3,1,2,4,3,3,2,0,1,0,4,3
10143,6,Co|Cu|La|O|Sr,1,1,0,1,0,4,1,3,3,0,4,3
10144,6,Co|Cu|La|O|Sr,1,1,0,1,0,4,3,4,4,0,4,3
10145,132,Nb|Ti|V,4,1,2,4,3,2,0,1,3,0,4,3
10146,89,In|Pb|Sn|Te,1,2,1,2,3,2,4,1,2,0,0,1
10147,2156,O|Re|Ti,2,1,1,1,3,3,1,2,1,3,4,0
10148,396,As|F|Fe|La|O|Zn,3,0,0,4,4,4,4,0,1,1,3,0
10149,2392,Co|Fe|Ga|Pu,2,3,1,0,4,4,3,3,1,4,4,2
10150,2320,W|Zr,2,0,1,1,3,4,2,2,4,2,1,4
10151,524,Os|Re,2,3,4,2,4,3,4,3,1,2,1,3
10152,122,La|Os|P|Ru,3,2,4,0,2,3,2,2,4,1,4,4
10153,2817,As|Fe|Ho|O,4,2,4,4,0,0,1,1,3,0,2,1
10154,731,N|Nb|O,1,1,3,2,2,0,0,3,2,3,0,4
10155,2818,Pa|Zr,0,4,0,2,2,1,2,1,4,4,3,2
10156,2684,Bi|Zn,0,3,0,1,0,0,0,0,4,1,2,0
10157,42,Cu|La|O|Sr|Zn,1,2,4,4,3,1,1,1,0,2,4,1
10158,728,C|Th|Y,4,0,4,1,4,1,1,2,2,3,4,4
10159,2658,Al|N|Nb|O,3,0,4,2,1,4,0,2,4,0,0,2
10160,71,Ba|Cu|Li|O|Y,4,2,4,1,4,0,0,0,4,3,4,3
10161,1620,B|C|Y,2,1,4,3,0,1,0,2,4,1,4,1
10162,74,Ba|Cu|La|O|Y,2,3,3,3,3,1,1,4,0,3,0,2
10163,814,Bi|Ca|Cu|Gd|O|Sr,4,3,4,2,0,1,4,1,0,0,0,2
10164,497,Au|Nb|Pt,4,4,4,4,4,0,3,0,1,3,1,2
10165,800,Cr|V,3,4,2,4,0,3,4,0,3,3,2,2
10166,669,Cu|Se|Ti,1,3,2,3,1,1,1,4,3,4,0,1
10167,1401,Ag|Ba|Cu|O|Y,0,3,1,4,2,4,4,4,2,3,3,1
10168,12,Ba|Ca|Cu|O|Y,3,3,3,3,4,4,0,0,2,0,3,3
10169,2819,Ag|H|Pd,1,3,3,3,1,2,0,3,0,2,4,3
10170,183,Ba|Ca|Cu|O|Tl,2,3,4,2,0,4,1,1,1,3,4,2
10171,2274,As|Ce|Co|Fe|O,4,4,1,2,4,0,3,2,2,0,2,1
10172,44,Cu|La|Nd|O|Sr,3,0,2,3,4,2,2,2,1,2,4,0
10173,146,Ba|Cu|Er|O,0,4,2,1,2,2,4,4,3,4,2,0
10174,2028,As|Ba|Ni|P,4,0,3,4,4,2,1,1,4,1,0,1
10175,1453,Eu|La,4,2,1,2,2,2,1,0,2,0,2,0
10176,1400,C|N|Ta,4,4,2,0,1,0,1,4,0,1,0,0
10177,1998,B|Li|Mg,2,0,3,1,1,1,3,4,1,3,3,3
10178,1547,Ca|Cu|O|Sr|Tb|Tl,3,1,4,4,2,3,2,2,0,1,1,3
10179,1821,Ir|Th,0,3,3,4,0,4,4,1,1,2,4,3
10180,53,Ga|Si|Sr,1,0,2,4,3,1,4,1,2,4,0,3
10181,504,Al|Ga|Nb,2,4,3,1,2,0,2,0,1,3,3,3
10182,717,Ce|Cu|O|Pr|Y,4,2,4,2,3,0,3,3,2,4,3,4
10183,261,Ba|Cu|Nd|O|Pr,3,1,2,4,3,0,0,0,2,4,2,3
10184,2029,Si|Sr,4,2,1,4,2,3,1,2,0,0,2,0
10185,86,Ba|Cu|O|Y,4,4,4,2,0,4,2,0,3,0,2,4
10186,1,Ba|Ca|Cu|La|O,0,0,1,3,2,4,2,4,4,4,2,0
10187,2820,Au|Bi,1,0,0,4,3,3,2,0,4,4,4,2
10188,109,Ba|Cu|Er|Fe|O|Zn,0,1,4,3,3,2,0,1,3,2,4,4
10189,2454,Cu|O|Pr|Sr,4,1,2,0,1,3,0,0,4,1,2,0
10190,2,Mo|Ru,2,2,3,2,2,2,4,3,3,3,3,0
10191,2256,B|Lu|Ru,3,3,0,3,1,3,1,1,3,2,1,4
10192,503,C|Sc|Th,1,0,1,1,4,3,2,3,1,1,1,2
10193,2821,Br|Cl|Hf|Li|N,2,0,0,0,1,0,2,2,3,3,0,0
10194,475,S|Ta,2,2,4,0,2,4,4,4,1,1,1,0
10195,138,Ir|V,0,0,2,3,3,2,1,4,0,1,2,1
10196,0,As|Ba|Fe|K,0,4,2,3,0,4,3,2,3,0,3,1
10197,1346,Ba|Co|Cu|Er|O,0,4,3,1,4,3,4,1,0,1,1,2
10198,753,C|Cu|K|O|Sr,1,3,4,1,4,1,0,0,2,3,0,1
10199,289,Pd|Zr,4,0,3,3,1,0,4,2,0,3,3,1
10200,487,Ba|Cu|Eu|O,3,1,0,1,2,0,4,0,2,3,1,2
10201,5,Al|Ga|V,3,2,3,4,0,2,3,2,0,3,0,2
10202,1319,Al|Nb|Zn,0,3,3,3,3,0,3,3,4,4,2,2
10203,244,As|F|Fe|La|Mn|O|Y,3,1,3,4,2,3,1,3,1,1,1,0
10204,119,As|F|Fe|La|O,3,1,1,1,3,4,2,1,3,1,0,2
10205,1998,B|Li|Mg,2,0,3,1,1,1,0,0,3,2,1,3
10206,1579,B|C|Er|Fe|Ni,0,4,1,4,0,2,3,3,4,3,1,0
10207,136,Nb|Zr,0,4,3,4,3,1,1,0,1,2,2,1
10208,569,B|C|Ni|Pd|Y,0,0,1,4,4,4,1,0,1,0,3,1
10209,1873,Co|Mn|U,3,3,0,2,3,1,0,2,4,4,0,3
10210,153,Ba|Cu|Ni|O|Y,1,4,4,4,2,1,4,2,3,4,1,1
10211,2822,Ir|Rh|Ti,2,2,1,0,3,1,4,2,0,1,1,4
10212,570,In|Sn|Te,4,0,3,1,2,1,4,0,4,4,0,4
10213,1,Ba|Ca|Cu|La|O,0,0,1,3,2,4,4,4,4,3,1,0
10214,351,Ba|Cu|Hg|O,0,1,0,3,3,4,3,4,1,3,2,2
10215,1705,C|Pt|U,1,4,0,4,4,2,4,2,1,1,3,3
10216,2823,Rh|Ti|Zr,3,4,1,2,3,2,0,3,4,4,3,0
10217,728,C|Th|Y,4,0,4,1,4,1,0,2,4,2,2,4
10218,2824,Bi|Ca|Cu|O|Sr|Tl,4,3,1,3,3,1,2,3,1,4,4,1
10219,36,Bi|Ca|Cu|O|Sr|Y,4,2,4,1,1,0,0,1,3,1,0,4
10220,129,Ba|Ca|Cu|O|Y|Zn,0,2,4,0,4,4,4,2,1,4,4,4
10221,257,As|Ca|Co|Fe|La,1,4,1,3,4,1,1,0,2,1,4,0
10222,2825,In|O,0,4,0,3,3,0,0,3,0,2,1,2
10223,2826,Sn|Zr,3,4,3,2,4,4,2,1,1,3,1,3
10224,713,Au|Nb|Rh,2,0,0,2,1,3,0,2,0,2,4,2
10225,483,B|C|Lu|Ni|Y,3,0,3,2,4,3,2,1,0,2,0,1
10226,643,Al|V,1,0,2,0,4,4,1,4,4,4,4,4
10227,501,As|Fe|O|Pr|Sr,1,0,1,1,4,0,4,0,2,4,3,3
10228,2827,B|C|Ni|Pt|Y,0,4,1,2,4,0,0,1,2,3,1,0
10229,370,Mn|Si|V,3,3,1,1,0,0,4,1,2,3,4,4
10230,593,Nb|Pt,0,3,3,3,2,3,1,0,1,4,4,0
10231,2828,B|C|Lu,1,0,3,0,4,1,1,3,2,4,0,3
10232,302,H|Hf|V,2,0,1,3,0,4,0,0,0,1,1,2
10233,216,Cu|La|O|Sr,4,4,1,1,0,1,0,4,2,1,2,4
10234,204,Cu|La|O|Pr|Sr,1,1,2,0,1,0,0,4,3,1,1,0
10235,23,Nb|Sn|V,0,0,1,0,2,4,0,1,0,1,1,4
10236,2829,Ni|P|Sr,2,0,1,4,2,2,3,2,0,4,3,4
10237,1435,Co|Cu|Ir|S,2,4,1,2,1,0,4,3,0,2,2,4
10238,1235,Ba|Ca|Cu|Nd|O,0,1,4,1,0,1,3,1,0,1,4,0
10239,1711,Ho|La,1,3,3,3,1,4,2,2,4,2,1,0
10240,1811,C|Na,0,2,3,1,3,4,1,3,2,0,2,0
10241,497,Au|Nb|Pt,4,4,4,4,4,0,2,3,2,1,2,2
10242,660,Ho|Pd|Te,0,3,1,1,0,2,4,4,0,1,1,1
10243,2830,As|La|Ru,3,4,0,1,2,0,2,2,2,3,4,0
10244,130,Be|Th|U,2,4,1,0,3,3,1,4,3,2,4,0
10245,2831,Al|Cu|Ni|Zr,4,2,0,2,2,1,2,1,4,1,2,1
10246,292,Ba|Cu|Fe|O|Y,0,4,0,1,4,3,4,1,2,0,3,4
10247,1085,Bi|Ca|Cu|Ni|O|Sr,3,4,2,4,1,3,3,4,4,3,3,0
10248,2295,Nb|Os,3,1,3,1,1,3,4,3,4,4,2,0
10249,364,Th|Zr,1,2,1,1,4,1,2,4,2,1,1,4
10250,610,C|Mo,2,1,0,2,2,3,0,1,3,0,2,1
10251,2790,Br|Mo|Se,2,0,3,4,3,4,4,3,3,3,1,3
10252,286,Ba|Cu|O|Pr|Y,3,1,2,0,3,0,0,1,4,3,0,3
10253,250,Ce|Co|Ru,4,2,1,3,0,4,4,4,1,3,1,1
10254,65,Ba|Bi|K|O,3,2,0,2,0,0,4,3,1,0,0,3
10255,286,Ba|Cu|O|Pr|Y,3,1,2,0,3,0,2,4,2,2,4,3
10256,49,Ba|Cu|La|O,3,0,2,4,3,0,4,1,0,0,2,3
10257,2832,B|Ho|Lu|Ru,1,1,3,0,0,2,2,1,3,2,2,1
10258,216,Cu|La|O|Sr,4,4,1,1,0,1,0,2,1,1,0,4
10259,1182,Ba|Cu|Er|O|Pr,3,1,4,2,0,1,0,0,4,4,2,2
10260,2833,Be|W,3,3,1,4,3,4,3,1,1,4,1,0
10261,2430,Bi|Ca|Cu|Fe|O|Pb|Sr,0,2,2,0,1,4,2,4,2,0,2,1
10262,179,Ta|V,4,0,4,3,1,0,1,2,4,3,1,2
10263,2834,Bi|Cu|La|O|Zn,1,2,0,1,1,0,3,1,2,4,1,0
10264,675,Ba|Cu|O|Sm,0,0,0,2,2,0,2,4,3,3,0,0
10265,59,Bi|Ca|Cu|O|Sr,2,1,2,3,0,3,3,1,3,1,1,2
10266,1558,Co|Fe|Se|Te,0,4,2,1,3,0,0,3,4,4,1,0
10267,1123,Cr|Ti,1,3,2,0,1,1,0,3,2,1,4,1
10268,1756,As|Fe|Gd|H|O,3,1,4,0,1,2,1,0,0,3,0,4
10269,93,La|Ru,1,4,1,0,3,4,3,4,4,1,2,3
10270,34,Os|Pr|Ru|Sb,2,2,2,1,0,0,0,0,2,3,2,1
10271,64,Ba|Cu|O|Y|Zn,1,1,2,4,3,2,0,0,3,0,0,1
10272,2214,Fe|Mn|U,4,4,4,4,3,1,1,0,3,2,0,0
10273,356,Mo|Re,4,3,4,1,0,0,0,1,1,1,4,4
10274,544,As|Ba|Co|Cu|Fe,2,4,1,3,0,1,4,4,1,2,4,1
10275,89,In|Pb|Sn|Te,1,2,1,2,3,2,2,1,2,4,2,1
10276,487,Ba|Cu|Eu|O,3,1,0,1,2,0,3,2,1,3,0,2
10277,1677,Bi|F|Nd|O|S|Sm,0,2,2,0,1,4,0,2,2,1,4,3
10278,429,Cu|La|Ni|O|Sr,0,4,1,1,3,1,3,0,0,0,0,0
10279,2835,B|La|Rh,4,2,3,2,0,3,1,3,3,3,2,2
10280,2836,As|In|Te,4,0,4,3,0,4,3,3,4,2,0,2
10281,161,Al|Ge|V,4,1,0,2,4,0,3,3,4,3,3,3
10282,166,Ce|La|Ru,3,4,1,1,0,3,3,2,2,2,3,1
10283,259,As|Fe|La|O|Rh,2,0,2,0,4,4,3,1,0,0,2,2
10284,605,Ba|Cu|O|Pr|Sr|Yb,1,4,0,3,1,2,1,2,4,4,3,4
10285,2613,In|Sn|Y,0,3,2,1,0,4,1,1,3,0,3,4
10286,333,C|Er|Th,4,0,4,2,3,0,0,4,3,1,1,1
10287,273,Bi|Cu|La|O|Pb|Sr,4,4,0,0,0,1,1,1,3,1,3,2
10288,1929,C|H|K,4,1,0,2,4,0,1,3,2,2,0,2
10289,354,B|Ho|Rh|Ru,0,2,3,1,3,0,4,2,2,0,0,1
10290,434,Re|Ta,1,2,2,4,4,0,1,2,0,3,1,1
10291,413,B|Ba|Cu|O|Sr|Y,0,1,4,4,2,2,4,0,4,3,2,4
10292,1929,C|H|K,4,1,0,2,4,0,1,2,1,1,0,2
10293,455,Ba|Cu|O|Tl,1,1,3,2,4,3,1,1,3,0,0,2
10294,168,Cu|La|O,0,4,4,4,1,3,0,0,3,3,4,0
10295,671,Ge|Mo,3,4,0,0,1,1,1,2,0,4,2,1
10296,2837,Ce|Cu|Eu|Mo|O|Sr,1,4,1,0,3,2,1,1,0,3,1,3
10297,2838,Nb|Rh|Ru,4,1,0,3,2,3,4,1,4,3,1,3
10298,229,B|Li|Pd|Pt,1,1,2,4,0,0,1,2,1,0,1,2
10299,11,Ba|Cu|Nd|O,4,1,1,2,1,1,2,1,1,2,0,4
10300,2839,Cr|Cu|Fe|O,1,4,2,2,2,0,0,4,2,0,4,4
10301,987,Ce|Co|In|La,1,2,0,3,3,3,4,3,3,2,3,0
10302,79,Fe|Se|Te,4,3,3,0,1,3,1,4,3,4,3,0
10303,1829,In|Nb|Zr,2,2,1,4,4,4,2,3,4,2,1,0
10304,2464,Ca|Cd|Cu|O|Pb|Sr|Tb,1,1,4,1,0,0,1,3,0,3,1,0
10305,570,In|Sn|Te,4,0,3,1,2,1,4,1,4,1,3,4
10306,559,B|C|Mg,0,3,1,1,2,2,1,0,2,3,0,3
10307,1137,Ca|Cl|Cu|Na|O,2,2,4,3,3,0,3,1,2,2,1,1
10308,261,Ba|Cu|Nd|O|Pr,3,1,2,4,3,0,3,3,0,2,1,3
10309,149,Rh|W,1,0,2,2,1,4,1,4,2,2,2,2
10310,1522,Bi|Tl,3,3,4,4,1,3,0,0,0,2,0,0
10311,276,Ca|Cu|O|Sr,0,0,3,4,4,0,4,1,0,3,3,0
10312,535,Hf|Ta,0,2,0,3,2,0,4,1,0,3,1,2
10313,86,Ba|Cu|O|Y,4,4,4,2,0,4,1,2,3,2,2,4
10314,74,Ba|Cu|La|O|Y,2,3,3,3,3,1,2,4,1,0,3,2
10315,179,Ta|V,4,0,4,3,1,0,4,3,0,2,0,2
10316,1061,Ba|Ca|Cu|La|O|Pr,0,0,4,1,0,1,0,2,0,4,0,4
10317,12,Ba|Ca|Cu|O|Y,3,3,3,3,4,4,2,4,0,1,4,3
10318,1238,Ti|V|Zr,4,0,0,4,3,1,3,2,2,2,3,4
10319,2374,Co|Ga|Pu|Rh,0,1,1,0,2,1,4,4,3,4,1,3
10320,55,Fe|S|Se,2,2,3,4,3,2,4,2,0,4,0,2
10321,1694,B|C|Dy|Ni|Tb,2,3,4,3,4,4,3,2,4,2,4,0
10322,49,Ba|Cu|La|O,3,0,2,4,3,0,1,2,3,4,0,3
10323,924,Ag|Al,2,0,0,3,3,1,2,4,2,0,4,0
10324,86,Ba|Cu|O|Y,4,4,4,2,0,4,2,2,0,2,3,4
10325,2840,C|I|O,0,4,4,3,2,0,3,2,1,0,1,4
10326,64,Ba|Cu|O|Y|Zn,1,1,2,4,3,2,0,2,2,1,3,1
10327,2267,B|C|Co|Er|Ni,4,1,4,3,3,1,4,3,4,3,2,3
10328,2026,Ce|Cu|O|Pr|V,4,2,3,3,4,4,4,1,1,4,0,3
10329,1019,Ce|Cu|La|O,0,3,4,3,4,1,1,0,1,2,3,0
10330,350,Ba|Ca|Cu|La|Nd|O,2,4,3,4,0,4,0,4,3,0,0,1
10331,2841,Ba|Co|Cu|Gd|O,0,2,3,2,4,2,2,0,4,0,3,2
10332,2842,Ga|Hf,3,2,0,2,2,4,2,3,3,4,4,0
10333,1624,Bi|Ca|Cu|La|O|Sr,3,3,2,0,3,1,4,4,2,2,2,0
10334,763,Fe|Lu|Si|Y,2,4,1,2,1,4,3,0,4,1,3,3
10335,123,B|C|Co|Lu|Ni,4,3,0,1,0,4,0,4,1,2,2,0
10336,2696,Cu|S|V,2,0,1,4,0,4,4,4,1,1,4,0
10337,1775,Ba|Cu|O|Sr,4,2,3,0,1,3,4,4,3,2,2,0
10338,5,Al|Ga|V,3,2,3,4,0,2,2,2,1,2,1,2
10339,366,As|Ba|Fe|Ni,0,1,0,4,4,3,0,2,4,2,2,1
10340,38,Ga|Sn,4,3,2,1,0,1,0,0,4,4,0,1
10341,1098,As|Eu|Fe|P,4,0,1,2,3,2,2,4,2,0,4,2
10342,189,Rh|Zr,4,0,1,3,3,1,0,3,1,2,2,4
10343,308,Bi|Ca|Cu|La|O|Sr|Y,0,2,2,1,2,1,0,4,0,2,4,1
10344,943,Ir|Os,0,1,1,2,3,2,3,4,1,0,3,2
10345,955,Ir|Ru,2,2,0,0,3,1,4,4,4,2,4,2
10346,34,Os|Pr|Ru|Sb,2,2,2,1,0,0,0,1,1,4,3,1
10347,1415,C|V|Y,4,3,0,0,2,3,4,0,3,3,2,1
10348,191,Li|O|Ti,0,1,1,4,4,2,4,3,0,4,1,4
10349,57,Ba|Ca|Co|Cu|O|Y,1,1,3,4,0,1,1,1,4,3,3,2
10350,97,As|Co|Eu|Fe|Sr,2,1,3,4,1,3,4,4,1,4,0,0
10351,1371,Ca|Cu|Ge|O|Sr|Y,4,0,3,2,3,1,4,0,1,3,1,0
10352,565,Ce|Cu|Mn|Nd|O,3,0,4,2,1,1,0,3,0,2,3,1
10353,74,Ba|Cu|La|O|Y,2,3,3,3,3,1,1,2,3,2,3,2
10354,469,Ba|Ca|Cu|Gd|Hf|O,4,4,4,3,0,2,1,1,4,4,4,1
10355,1684,Ce|Cu|Gd|O|Ru|Sr,0,4,0,3,4,4,0,2,2,2,0,0
10356,2843,As|Fe|Mg|O|Sr|V,4,2,3,3,1,2,0,2,2,1,4,1
10357,143,Au|Te,3,2,4,0,3,4,3,3,2,0,3,4
10358,242,Ba|Cu|La|O|Sr,2,0,1,1,4,2,3,2,4,4,1,4
10359,366,As|Ba|Fe|Ni,0,1,0,4,4,3,4,1,3,4,1,1
10360,199,Al|Si|V,4,4,1,1,1,2,4,3,0,4,2,4
10361,1489,La|Lu,0,1,0,2,1,2,2,2,1,3,0,4
10362,350,Ba|Ca|Cu|La|Nd|O,2,4,3,4,0,4,3,4,0,3,4,1
10363,1249,Ba|Ca|Cu|La|O|Pr|Sr,0,4,2,3,3,1,2,1,3,4,3,3
10364,491,Rh|Ti,3,0,3,1,3,0,0,3,4,3,2,2
10365,218,C|Mo|Ta,1,3,0,0,3,0,0,0,0,4,3,0
10366,2844,Bi|Ce|Cu|Nd|O|Sr,0,1,2,1,3,1,0,2,0,1,1,2
10367,2845,Bi|Ir,1,2,1,1,3,4,3,0,3,4,1,1
10368,128,Cl|Li|N|Zr,1,1,2,3,1,1,4,3,4,2,1,4
10369,99,Au|In,0,4,0,1,2,3,2,0,0,4,0,3
10370,74,Ba|Cu|La|O|Y,2,3,3,3,3,1,3,2,4,4,4,2
10371,1876,Al|Nb|Ni,0,2,4,1,2,2,1,1,4,1,0,1
10372,74,Ba|Cu|La|O|Y,2,3,3,3,3,1,2,2,0,0,1,2
10373,1738,Cr|Ir,0,0,4,4,4,1,0,3,3,1,4,0
10374,1556,C|H|N|Na|Rb,2,4,0,0,3,3,1,2,2,2,4,2
10375,429,Cu|La|Ni|O|Sr,0,4,1,1,3,1,0,2,3,4,3,0
10376,357,Mo|Zr,4,1,4,3,1,0,1,4,1,4,3,3
10377,74,Ba|Cu|La|O|Y,2,3,3,3,3,1,2,2,3,4,3,2
10378,1244,Be|Ni,4,0,2,3,0,0,4,3,4,2,0,1
10379,2846,Bi|Ni|Tb,2,0,1,0,3,3,4,4,1,0,2,3
10380,166,Ce|La|Ru,3,4,1,1,0,3,3,2,1,4,1,1
10381,2092,Mg|Zn,1,3,4,4,4,1,3,4,0,0,0,1
10382,241,Ga|V,4,3,1,0,4,2,0,0,3,3,1,0
10383,473,Ba|Ca|Cu|O|Sr|Yb,2,2,0,1,4,2,4,1,2,3,3,2
10384,933,Mo|S|Yb,0,1,0,4,0,4,1,1,2,4,2,2
10385,655,Cu|La|O|Ru|Sr,2,1,1,0,4,3,1,1,0,0,0,4
10386,2847,As|Ca|Fe|Pt|Yb,3,3,1,1,4,2,3,0,1,0,1,0
10387,675,Ba|Cu|O|Sm,0,0,0,2,2,0,4,4,1,3,1,0
10388,513,Ir|Y,4,2,2,2,1,1,0,0,1,1,2,4
10389,351,Ba|Cu|Hg|O,0,1,0,3,3,4,4,2,4,1,1,2
10390,581,Ti|V,3,1,3,1,1,2,4,0,4,0,4,0
10391,112,Pt|V,1,4,4,0,1,3,4,4,2,0,3,3
10392,1050,Ba|Ca|Cu|Ho|O,2,2,0,1,2,4,3,4,1,0,4,4
10393,292,Ba|Cu|Fe|O|Y,0,4,0,1,4,3,3,3,4,2,0,4
10394,1376,Ca|Co|Cu|O|Pb|Sr|Tl,3,0,4,1,3,4,0,1,1,1,3,1
10395,351,Ba|Cu|Hg|O,0,1,0,3,3,4,3,3,3,4,3,2
10396,222,Pb|Te|Tl,4,3,4,4,1,0,3,2,2,1,2,0
10397,814,Bi|Ca|Cu|Gd|O|Sr,4,3,4,2,0,1,3,4,4,1,1,2
10398,402,Ce|Co|In|Rh,2,1,4,2,1,3,4,2,3,4,2,3
10399,483,B|C|Lu|Ni|Y,3,0,3,2,4,3,3,4,4,2,0,1
10400,714,Ba|K|O|Sb|Ti,3,4,4,4,4,1,4,4,0,0,3,1
10401,2848,As|F|Fe|Gd|O|Te,4,0,2,4,1,4,3,3,1,0,2,4
10402,728,C|Th|Y,4,0,4,1,4,1,3,4,3,2,0,4
10403,813,Ru|V,4,2,0,1,3,1,1,4,4,4,4,2
10404,972,Al|Gd|La,2,4,1,0,0,4,3,4,2,3,3,1
10405,64,Ba|Cu|O|Y|Zn,1,1,2,4,3,2,2,0,2,4,4,1
10406,1073,Cr|Mo,0,2,1,4,2,4,0,2,1,1,2,1
10407,473,Ba|Ca|Cu|O|Sr|Yb,2,2,0,1,4,2,0,2,0,3,1,2
10408,2077,Ir|Pd|Te,2,2,4,3,4,2,3,2,1,3,0,4
10409,2458,Ir|Rh|Se,0,2,3,0,3,0,1,2,1,3,3,0
10410,1077,Ba|Cu|La|O|Zn,0,0,1,0,4,3,4,4,2,1,1,0
10411,1132,B|Mg|Sc,0,2,0,3,1,2,3,3,3,3,0,4
10412,1457,Fe|Lu|Si|Tm,4,0,1,1,1,4,4,4,0,1,4,1
10413,1163,Au|Nb|V,3,4,1,3,2,2,4,4,3,3,3,0
10414,1074,Ir|Ta,2,1,1,2,2,2,2,2,4,4,3,0
10415,2207,Ce|Ru,0,3,1,4,0,1,1,2,1,3,3,2
10416,2849,Lu|S,0,2,2,0,2,2,0,4,0,3,0,4
10417,293,B|C|Er|Ni|Tb,0,2,2,3,0,2,4,2,1,0,3,3
10418,6,Co|Cu|La|O|Sr,1,1,0,1,0,4,0,2,4,3,0,3
10419,781,Ca|Cu|O|Sr|V,2,1,0,0,0,3,4,1,1,3,2,0
10420,54,Nb|Ta,1,2,0,0,3,2,1,2,1,1,4,0
10421,199,Al|Si|V,4,4,1,1,1,2,3,2,2,1,2,4
10422,1296,Fe|K|Se|Tl,3,3,1,2,2,1,4,4,4,4,3,4
10423,390,Ce|Cu|Nd|O|Y,3,1,2,4,4,2,0,4,4,1,0,3
10424,814,Bi|Ca|Cu|Gd|O|Sr,4,3,4,2,0,1,3,0,4,0,3,2
10425,542,Bi|Cu|La|O|Sr,1,3,4,1,2,1,2,3,2,4,3,2
10426,2850,Ba|C|H,1,2,1,2,0,1,3,3,0,3,4,4
10427,1341,As|F|Fe|La|Na|O,3,0,3,3,0,2,0,4,1,0,2,2
10428,1055,Co|Ga|Zr,1,1,3,2,0,1,4,3,4,1,2,1
10429,183,Ba|Ca|Cu|O|Tl,2,3,4,2,0,4,4,2,4,0,0,2
10430,1266,B|C|Gd|Ni|Y,1,0,0,1,3,3,4,0,0,1,2,1
10431,644,Ir|Pt|Te,4,2,1,2,3,2,0,4,3,2,0,0
10432,216,Cu|La|O|Sr,4,4,1,1,0,1,0,2,1,2,2,4
10433,2352,C|Yb,0,3,0,1,3,1,2,3,4,3,1,1
10434,286,Ba|Cu|O|Pr|Y,3,1,2,0,3,0,0,3,3,3,3,3
10435,167,Ir|Lu|Sc|Si,0,3,2,4,4,3,3,0,3,2,3,2
10436,246,Bi|K|O,0,4,4,1,0,3,2,2,4,3,1,3
10437,12,Ba|Ca|Cu|O|Y,3,3,3,3,4,4,3,2,2,2,1,3
10438,1025,Ga|Mn|Nb,1,1,4,0,2,4,2,0,1,0,4,2
10439,2496,La|Sb,0,4,2,1,3,4,1,0,1,4,4,2
10440,2241,As|Ca|Ce|Fe|Pt,4,2,0,2,3,2,3,4,0,2,4,1
10441,476,Ba|Cu|Ga|O|Y,0,1,1,0,4,0,1,2,1,3,3,1
10442,154,In|Te,2,2,3,2,0,1,3,0,1,3,3,4
10443,1626,Bi|Ca|Cu|Lu|O|Sr,1,0,2,0,4,3,2,1,2,0,4,3
10444,23,Nb|Sn|V,0,0,1,0,2,4,4,0,0,3,0,4
10445,2812,Nb|Sb|Ti,0,3,0,4,4,4,4,2,2,4,1,3
10446,27,Ni|Ti|Zr,0,1,3,0,1,3,3,2,1,3,4,2
10447,289,Pd|Zr,4,0,3,3,1,0,3,1,4,4,3,1
10448,1419,Bi|F|O|S,3,2,1,1,3,3,4,3,0,1,4,3
10449,1769,Mo|Se|Te,4,4,3,4,1,2,4,1,0,2,2,2
10450,2281,Nb|Y,3,1,1,4,2,3,0,2,4,1,2,3
10451,411,Bi|Ca|Cu|I|O|Sr,4,0,4,2,2,1,3,4,4,1,4,1
10452,1464,Cl|Hf|N|Na,4,1,3,2,1,4,4,0,2,0,4,2
10453,1344,Dy|Pd|Sn|Y,2,3,2,1,1,2,4,4,1,3,1,2
10454,136,Nb|Zr,0,4,3,4,3,1,2,2,3,4,3,1
10455,984,Nb|Os|Rh,2,3,0,0,3,2,2,2,2,3,2,0
10456,77,Cu|O|Sr|W|Y,1,2,4,3,4,1,4,1,1,1,2,3
10457,1154,As|F|Fe|O|Sm,3,2,4,3,2,0,2,1,4,1,0,3
10458,74,Ba|Cu|La|O|Y,2,3,3,3,3,1,0,0,4,4,4,2
10459,2851,Cu|Na|S,2,1,2,3,3,3,1,4,3,1,3,0
10460,12,Ba|Ca|Cu|O|Y,3,3,3,3,4,4,0,1,0,1,2,3
10461,261,Ba|Cu|Nd|O|Pr,3,1,2,4,3,0,4,4,1,3,2,3
10462,391,Bi|Ca|Cu|O|Pb|Sr|Y,1,1,4,1,0,0,2,1,0,1,1,2
10463,2852,Ir|O|Zr,3,3,1,4,2,3,2,2,3,1,0,1
10464,1414,Ce|In|La,2,1,1,3,1,0,3,4,3,4,3,2
10465,1829,In|Nb|Zr,2,2,1,4,4,4,4,1,4,3,4,0
10466,446,Eu|Mo|S|Sn,3,0,1,2,0,1,4,0,2,3,1,2
10467,187,C|La|Ni|Th,1,2,0,4,3,4,0,1,4,1,3,3
10468,415,N|Nb|Ti,2,2,0,4,3,0,0,2,3,1,2,4
10469,65,Ba|Bi|K|O,3,2,0,2,0,0,3,4,3,2,3,3
10470,267,Ta|W,2,2,2,0,4,4,3,1,3,2,0,2
10471,282,B|Cu|Mg,2,4,0,1,4,1,0,2,3,1,3,0
10472,2077,Ir|Pd|Te,2,2,4,3,4,2,3,1,0,0,2,4
10473,163,Ge|La,4,4,2,2,2,1,1,0,4,0,3,4
10474,326,Ca|Cl|Cu|O,4,0,3,3,4,2,0,3,4,1,4,2
10475,2853,Au|Cu|La,4,0,2,4,4,0,3,4,0,2,4,2
10476,742,Si|V,1,3,3,2,3,0,0,2,0,2,4,2
10477,1679,Ba|Cu|O|Pr,1,3,4,4,3,2,2,3,4,2,3,4
10478,1834,As|F|Fe|Nd|O|P,4,4,4,0,1,4,1,2,4,2,4,0
10479,1959,Sb|V,1,2,0,3,2,4,3,2,3,1,3,1
10480,2212,Bi|Ca|Cu|Fe|O|Sr,1,2,3,1,2,2,4,2,4,4,0,0
10481,1016,Ba|Cu|Mo|O|Sr|Y,0,3,1,4,3,0,4,1,2,2,4,3
10482,1923,Bi|Pd,2,2,3,3,0,2,3,2,0,3,4,0
10483,2252,Cu|Fe|Se,4,1,3,2,0,1,4,4,1,4,4,1
10484,567,Ge|Nb|Sn,1,0,2,3,2,1,3,3,0,3,2,1
10485,1219,C|Cs|Na,1,4,3,4,3,0,0,0,3,3,0,3
10486,118,Ir|Mo,3,0,4,2,3,3,2,2,1,0,2,0
10487,418,P|Pd|Pt|Sr,4,0,1,1,4,3,1,3,2,1,2,0
10488,1742,Ge|Rh|U,4,1,1,3,4,4,4,0,3,0,2,1
10489,2034,Al|Mo|Nb,4,0,0,2,1,4,3,2,1,4,4,2
10490,2290,Al|B|Li|Pd,1,3,0,4,1,4,4,0,0,2,1,1
10491,518,As|Fe|La|O,4,1,2,3,1,0,1,2,1,1,0,3
10492,41,In|Tl,1,1,0,3,0,1,3,2,3,3,4,3
10493,1762,As|Ca|Fe|La,1,0,4,2,4,3,3,0,4,4,2,4
10494,429,Cu|La|Ni|O|Sr,0,4,1,1,3,1,1,4,1,0,3,0
10495,285,Al|Ge|Nb|Sn,2,1,0,3,1,0,1,1,0,0,1,2
10496,12,Ba|Ca|Cu|O|Y,3,3,3,3,4,4,1,0,1,4,0,3
10497,1672,P|Se|Zr,3,4,1,2,1,1,4,0,0,3,4,0
10498,386,B|Ir|Rh|Tm,2,1,2,2,3,4,3,3,3,2,1,4
10499,449,B|C|Co|Ho|Ni,4,4,3,4,3,0,3,3,1,0,4,3
10500,514,Bi|In,3,0,1,2,2,2,1,3,4,2,0,0
10501,256,Au|Ga|Pd,3,4,0,1,1,2,4,4,4,3,0,2
10502,2854,Al|Hf|Ni,0,4,2,0,1,0,0,1,2,0,2,3
10503,88,La|Sn|Th,3,2,2,4,4,0,2,2,1,3,0,0
10504,2855,Ge|Rh|Th,1,3,0,1,3,0,2,2,3,0,1,4
10505,1383,B|C|Dy|Lu|Ni,3,3,4,2,3,3,0,0,0,0,2,0
10506,1482,As|Fe|La|O|Sr,4,2,1,3,2,2,3,4,3,1,4,1
10507,61,Ge|La|Pt,2,2,3,1,1,4,2,1,3,2,3,3
10508,686,Ba|Ca|Cu|O|Pr|Y,1,0,3,3,1,0,2,0,2,2,2,4
10509,1637,Al|B|Mg|Zn,4,1,1,0,0,3,0,3,4,2,2,2
10510,36,Bi|Ca|Cu|O|Sr|Y,4,2,4,1,1,0,2,2,0,3,1,4
10511,2856,Ag|Al|Th,2,3,1,4,1,4,4,2,0,4,4,0
10512,292,Ba|Cu|Fe|O|Y,0,4,0,1,4,3,1,3,3,3,4,4
10513,1669,Cu|Gd|O|Ru|Sr,2,2,3,0,2,1,3,3,1,4,2,2
10514,630,B|Lu|Zr,1,3,0,4,0,0,3,0,4,4,2,1
10515,1041,Ce|Si|V,4,0,0,0,1,3,3,2,2,1,3,4
10516,216,Cu|La|O|Sr,4,4,1,1,0,1,1,2,1,4,1,4
10517,755,As|Ba|Fe|Rh,0,4,3,0,3,3,1,3,0,3,2,0
10518,54,Nb|Ta,1,2,0,0,3,2,3,0,3,0,1,0
10519,2857,Pt|Sr,2,0,1,3,3,4,2,1,2,4,3,1
10520,73,Bi|Rh,2,2,2,4,0,3,1,1,0,2,1,3
10521,298,As|Fe|H|O|P|Sm,3,0,2,4,1,2,0,1,4,3,4,4
10522,2858,Ge|Rh|Sc,4,2,0,0,2,2,3,2,4,4,4,2
10523,1892,Fe|H|Li|O|S|Se,0,3,1,0,2,3,4,3,1,0,0,3
10524,323,B|Mg|Na,0,4,2,1,3,0,1,3,2,1,4,3
10525,1463,Tc|V,0,1,0,1,3,0,4,2,1,4,3,2
10526,2094,Ge|Pt|Sr,4,2,3,1,1,1,1,3,0,1,3,1
10527,82,Fe|Ni|Zr,3,2,1,0,0,4,4,4,0,1,4,0
10528,515,Ba|Ca|Cu|O|Pb|Sr|Y,1,3,4,0,1,3,3,0,2,4,2,0
10529,223,B|C|Co|Ni|Y,1,1,2,3,4,2,1,1,0,3,3,4
10530,1694,B|C|Dy|Ni|Tb,2,3,4,3,4,4,4,1,2,0,1,0
10531,116,As|F|Fe|La|O|Ru,4,3,4,1,0,1,1,4,1,1,1,0
10532,502,Al|Mg|Si,1,0,3,0,3,2,2,2,3,0,4,3
10533,44,Cu|La|Nd|O|Sr,3,0,2,3,4,2,2,2,1,1,3,0
10534,892,C|Ti|Y,2,2,3,4,0,2,4,4,2,1,3,3
10535,2859,B|Ir|Lu|Rh,0,4,4,0,2,2,1,1,4,3,2,1
10536,152,Ba|Cu|O|Sr|Y,2,2,4,0,3,2,1,2,0,4,2,0
10537,45,Ca|Cu|La|O,1,2,0,2,3,1,2,1,2,1,1,0
10538,838,Ce|Cu|Si,2,0,4,4,1,2,2,3,2,3,4,1
10539,1236,Bi|Nb|Se,0,1,1,1,3,0,3,3,4,1,1,1
10540,956,Ba|Cu|Eu|O|Pr,0,4,4,1,3,3,1,4,2,1,2,3
10541,2024,B|Os|Y,0,4,2,2,4,3,4,0,3,3,1,0
10542,621,Ba|Cu|O|Sn|Sr|Y,4,0,4,1,4,4,1,2,1,4,0,0
10543,2860,La|Zn,0,1,1,0,0,2,0,2,2,2,3,3
10544,492,Ir|Os|Th,2,3,1,2,1,0,0,2,2,1,1,2
10545,249,Gd|La|Ru,0,1,4,2,3,3,3,4,2,2,4,3
10546,642,Ba|Cu|Dy|O|Sr,4,3,1,1,2,3,3,3,4,1,2,2
10547,380,Ag|Sb,0,0,2,4,3,3,4,0,1,0,1,1
10548,1364,Ni|Zr,2,1,2,3,2,1,4,1,3,4,3,4
10549,977,Nb|Sb,2,0,2,1,0,1,2,2,3,1,2,1
10550,139,Al|B|Mg,1,1,3,4,1,1,2,3,3,4,2,1
10551,45,Ca|Cu|La|O,1,2,0,2,3,1,1,3,0,2,0,0
10552,379,Ce|In|Ir|Rh,0,1,4,3,1,0,4,0,0,1,2,4
10553,2271,As|Ca|Fe|O|Sc|Ti,1,2,2,1,4,2,3,1,2,4,0,3
10554,2861,Al|Na|Si,1,3,3,3,0,1,2,3,3,3,3,4
10555,86,Ba|Cu|O|Y,4,4,4,2,0,4,4,1,1,1,4,4
10556,1844,Fe|Rb|Se,1,4,4,4,2,0,1,2,3,0,3,3
10557,1537,Ir|Lu|Si,0,2,1,1,4,2,2,3,4,1,0,1
10558,1182,Ba|Cu|Er|O|Pr,3,1,4,2,0,1,1,2,1,1,0,2
10559,5,Al|Ga|V,3,2,3,4,0,2,1,3,1,3,3,2
10560,190,La|Th,4,2,1,4,3,4,3,3,1,0,1,1
10561,1450,C|Mo|V,1,1,1,3,2,2,1,1,1,0,4,3
10562,2862,C|In|Ti,2,2,1,3,0,2,0,4,3,1,4,0
10563,1919,Au|Sb,2,3,2,0,3,3,4,2,3,4,0,3
10564,1028,Fe|K|S|Se,2,4,1,1,0,0,1,2,4,1,4,0
10565,0,As|Ba|Fe|K,0,4,2,3,0,4,2,2,4,4,2,1
10566,57,Ba|Ca|Co|Cu|O|Y,1,1,3,4,0,1,1,0,1,2,1,2
10567,594,Cr|Ga|Nb,2,4,3,1,3,0,4,0,4,2,1,4
10568,1493,B|Ru|Th|Y,3,3,4,3,1,1,4,4,4,2,3,0
10569,65,Ba|Bi|K|O,3,2,0,2,0,0,2,1,1,0,0,3
10570,2863,Pd|Sb|Te,3,0,2,0,1,3,1,1,2,3,3,1
10571,2174,Th|Y,1,3,0,0,1,1,3,3,3,0,4,0
10572,595,Cu|Ir|S|Zn,2,4,3,0,3,2,4,4,0,3,0,1
10573,267,Ta|W,2,2,2,0,4,4,0,0,1,1,3,2
10574,57,Ba|Ca|Co|Cu|O|Y,1,1,3,4,0,1,1,3,0,0,4,2
10575,216,Cu|La|O|Sr,4,4,1,1,0,1,1,3,0,2,4,4
10576,2602,Pd|Se|Ti,2,2,2,3,2,3,3,2,1,1,2,3
10577,10,Cu|La|O|Pb|Sr,3,0,0,3,2,2,2,3,3,1,0,3
10578,578,Rh|Sc|Sn,0,0,2,1,1,2,2,4,0,3,0,3
10579,1364,Ni|Zr,2,1,2,3,2,1,2,3,1,2,0,4
10580,504,Al|Ga|Nb,2,4,3,1,2,0,1,1,0,4,1,3
10581,152,Ba|Cu|O|Sr|Y,2,2,4,0,3,2,4,3,2,2,2,0
10582,1677,Bi|F|Nd|O|S|Sm,0,2,2,0,1,4,2,4,1,4,0,3
10583,343,As|Ca|Fe|Pt,0,4,4,2,2,3,4,0,2,0,0,1
10584,1859,Au|Sb|Te,2,0,2,0,0,1,4,4,2,2,1,3
10585,189,Rh|Zr,4,0,1,3,3,1,1,4,4,0,0,4
10586,379,Ce|In|Ir|Rh,0,1,4,3,1,0,2,3,2,4,4,4
10587,561,Ba|Cu|Fe|O|Pr|Y,3,2,1,4,1,4,4,2,1,0,3,1
10588,2864,Bi|C|Cu|O|Pb|Sr,2,1,2,0,3,2,3,0,4,0,1,2
10589,456,C|Nb,3,3,2,0,1,4,2,1,3,2,4,4
10590,2405,La|Pt,1,4,4,4,1,3,4,3,0,2,2,1
10591,1,Ba|Ca|Cu|La|O,0,0,1,3,2,4,1,0,3,3,0,0
10592,98,B|C|Ni|Pr|Y,0,0,0,0,3,1,1,4,3,4,4,2
10593,99,Au|In,0,4,0,1,2,3,2,2,3,3,2,3
10594,2865,B|C|Er|Lu|Ni,4,3,1,1,4,4,1,3,2,1,0,2
10595,1082,B|Nb|Si,2,2,2,2,0,4,0,3,1,3,4,2
10596,949,Hg|Pb,0,1,4,2,1,3,3,0,1,3,0,4
10597,0,As|Ba|Fe|K,0,4,2,3,0,4,4,4,1,2,3,1
10598,2866,Nb|Ni|Si,0,3,3,3,3,4,0,0,4,4,3,3
10599,429,Cu|La|Ni|O|Sr,0,4,1,1,3,1,0,3,2,4,3,0
10600,2867,In|Mg,4,3,4,1,0,2,4,1,3,1,4,0
10601,805,Cd|Mo|S,4,1,2,2,1,2,3,2,1,3,3,4
10602,455,Ba|Cu|O|Tl,1,1,3,2,4,3,4,2,1,2,3,2
10603,2868,B|Lu|Os|Th,1,3,3,4,3,2,3,1,3,0,3,3
10604,79,Fe|Se|Te,4,3,3,0,1,3,0,3,0,3,0,0
10605,2834,Bi|Cu|La|O|Zn,1,2,0,1,1,0,3,4,3,1,2,0
10606,327,B|C|Cu|O|Sr,3,4,4,0,2,4,4,0,1,1,0,3
10607,1684,Ce|Cu|Gd|O|Ru|Sr,0,4,0,3,4,4,0,0,1,3,1,0
10608,2869,Ge|Sb,2,2,3,2,0,1,4,0,3,1,3,0
10609,987,Ce|Co|In|La,1,2,0,3,3,3,0,4,0,2,2,0
10610,648,Ta|Zr,3,0,4,1,2,2,3,1,3,2,1,4
10611,2870,As|Ca|Fe|O|Pr,3,2,0,0,2,1,1,4,4,3,3,4
10612,1696,Re|V,3,0,1,3,1,3,1,3,0,1,3,2
10613,1933,Cu|Ir|Te,0,4,2,0,4,3,1,1,4,0,3,1
10614,2871,Cd|Pb|Sn,4,3,3,2,1,4,2,3,2,1,2,1
10615,2872,Dy|Ir|Lu|Si,0,1,3,1,2,0,1,0,4,2,2,2
10616,564,Mo|S|Se,1,1,4,1,3,3,4,4,1,1,2,4
10617,1108,Ce|Cu|O|Pr,2,0,2,2,4,1,2,0,2,0,0,0
10618,1193,Bi|Te,4,2,1,3,2,0,3,1,1,1,4,2
10619,160,Ba|Cu|O|Re|Y,2,4,2,2,0,0,3,3,4,2,0,0
10620,89,In|Pb|Sn|Te,1,2,1,2,3,2,4,2,4,2,3,1
10621,416,As|Ba|Co|Fe,3,2,2,4,2,1,2,1,3,2,1,3
10622,536,Pd|Sb|V,3,0,2,3,0,3,2,3,4,2,2,0
10623,649,Ba|Ca|Cu|Er|Hf|O,3,3,3,0,1,1,4,0,2,4,2,4
10624,142,Br|C|I|Y,2,2,2,0,2,4,1,4,4,2,1,0
10625,292,Ba|Cu|Fe|O|Y,0,4,0,1,4,3,4,3,2,0,4,4
10626,1798,Pd|Sn|Y,3,1,4,2,1,3,1,0,2,1,2,3
10627,2873,Al|V|Y,1,4,3,0,3,1,3,0,3,3,3,3
10628,1267,Al|Nb|Si,3,0,3,0,3,1,1,0,1,2,0,4
10629,12,Ba|Ca|Cu|O|Y,3,3,3,3,4,4,0,2,1,0,4,3
10630,2446,In|Sb,0,4,4,2,4,0,3,0,0,3,1,4
10631,0,As|Ba|Fe|K,0,4,2,3,0,4,3,3,3,0,3,1
10632,699,Al|Ni|U,1,4,3,1,2,4,3,2,4,3,0,3
10633,1488,Ir|Sn,0,4,0,0,0,2,0,2,4,0,2,2
10634,59,Bi|Ca|Cu|O|Sr,2,1,2,3,0,3,4,2,3,3,3,2
10635,1260,Ge|Si|V,2,0,1,0,1,3,3,2,0,3,3,3
10636,216,Cu|La|O|Sr,4,4,1,1,0,1,4,1,4,1,3,4
10637,2764,Bi|Cu|O|Pb|Pr|Sr,3,2,0,0,1,2,4,1,4,0,4,2
10638,2867,In|Mg,4,3,4,1,0,2,4,3,3,4,2,0
10639,74,Ba|Cu|La|O|Y,2,3,3,3,3,1,0,4,3,4,4,2
10640,2267,B|C|Co|Er|Ni,4,1,4,3,3,1,3,1,1,3,0,3
10641,2874,Ni|Ru,0,3,1,3,0,1,1,2,0,1,0,1
10642,52,Ca|Cu|O|P|Sr|Y,0,1,4,2,4,0,3,3,2,0,2,1
10643,2652,Br|C|Y,2,3,0,3,4,3,3,2,0,4,4,3
10644,115,Pb|Tl,4,3,1,2,2,0,1,1,3,1,2,2
10645,1450,C|Mo|V,1,1,1,3,2,2,4,1,2,2,2,3
10646,2875,Ge|P,2,0,3,2,1,0,4,0,0,3,1,4
10647,853,C|Lu|Th,0,3,2,2,1,0,0,4,3,0,1,3
10648,2876,Ta|V|Zr,3,0,4,1,4,3,3,1,1,3,3,0
10649,1762,As|Ca|Fe|La,1,0,4,2,4,3,1,1,0,1,2,4
10650,1780,Ir|Nb|Rh,2,0,1,0,2,1,4,2,0,1,4,1
10651,216,Cu|La|O|Sr,4,4,1,1,0,1,2,2,4,2,3,4
10652,24,Cu|La|Mn|O|Sr,4,4,2,4,3,1,2,0,4,4,0,1
10653,2334,Si|V|Zr,4,4,2,0,4,0,1,3,1,4,1,4
10654,1,Ba|Ca|Cu|La|O,0,0,1,3,2,4,2,1,2,2,3,0
10655,1839,Cu|La|Na|O,0,1,3,4,1,4,4,2,1,1,2,0
10656,302,H|Hf|V,2,0,1,3,0,4,3,4,1,4,1,2
10657,11,Ba|Cu|Nd|O,4,1,1,2,1,1,2,4,3,3,2,4
10658,251,Mo|Ti,2,1,3,3,4,3,3,0,0,3,4,0
10659,1175,Au|Ga|In,4,2,4,4,2,0,1,2,0,2,4,1
10660,286,Ba|Cu|O|Pr|Y,3,1,2,0,3,0,2,2,0,4,3,3
10661,1585,Bi|Nb|Sn,2,3,2,4,0,3,4,3,4,0,3,0
10662,63,As|F|Fe|La|Mn|O,2,4,4,0,3,1,1,1,0,3,4,2
10663,2877,Ba|Cu|Ho|O|Pr,1,2,4,3,1,2,0,0,4,3,4,0
10664,269,Ba|Cu|La|Nd|O,3,1,4,1,0,3,3,1,3,2,1,1
10665,2878,B|Rh|Sc|Th,0,0,3,2,4,3,0,0,1,2,1,1
10666,600,Bi|Cu|La|O|Pb|Sr|Y,2,0,0,1,1,1,0,3,1,0,1,2
10667,286,Ba|Cu|O|Pr|Y,3,1,2,0,3,0,2,4,0,3,2,3
10668,2879,B|Nb|Si|Ti,2,0,1,4,0,1,2,1,3,2,1,0
10669,163,Ge|La,4,4,2,2,2,1,2,4,0,1,0,4
10670,601,As|Sn|Te,3,0,4,1,4,0,0,3,2,4,2,2
10671,1611,Cl|Mo|Se,2,0,2,3,1,4,2,0,2,1,4,3
10672,216,Cu|La|O|Sr,4,4,1,1,0,1,2,2,0,3,1,4
10673,86,Ba|Cu|O|Y,4,4,4,2,0,4,1,3,3,3,1,4
10674,286,Ba|Cu|O|Pr|Y,3,1,2,0,3,0,1,4,4,3,3,3
10675,64,Ba|Cu|O|Y|Zn,1,1,2,4,3,2,1,4,2,4,2,1
10676,312,Ce|La|P|Ru,2,2,4,0,0,3,3,4,2,4,4,0
10677,401,Co|Zr,0,3,3,0,2,1,0,4,0,3,4,4
10678,49,Ba|Cu|La|O,3,0,2,4,3,0,3,4,4,3,2,3
10679,329,Hg|Tl,0,4,1,1,4,4,3,2,1,3,4,3
10680,2303,Os|V,4,2,0,2,1,0,1,2,2,2,1,3
10681,2880,Ca|Cu|O|P|Sr,4,2,2,0,0,1,4,1,1,0,4,2
10682,890,Hf|Ta|V,1,0,3,4,0,1,1,3,0,2,1,0
10683,1587,As|Ca|Fe|Mg|O|Ti,2,2,0,4,3,1,4,3,1,2,0,2
10684,2881,B|Lu,1,3,4,2,0,0,1,4,2,2,4,3
10685,2882,Al|Pr|Ti,0,1,3,3,0,4,2,3,3,4,2,4
10686,407,Ca|Cu|Fe|Hg|O|Sr|Y,2,4,2,2,0,3,2,2,1,2,0,4
10687,1672,P|Se|Zr,3,4,1,2,1,1,4,3,1,1,4,0
10688,440,Ba|Cu|Gd|O,2,1,0,3,0,2,0,0,0,0,2,4
10689,6,Co|Cu|La|O|Sr,1,1,0,1,0,4,2,1,3,0,4,3
10690,2780,O|V|Zr,2,1,4,0,4,3,0,2,4,0,3,1
10691,183,Ba|Ca|Cu|O|Tl,2,3,4,2,0,4,4,3,2,0,2,2
10692,5,Al|Ga|V,3,2,3,4,0,2,2,3,0,4,0,2
10693,1526,C|Re|W,0,0,1,2,4,2,1,3,1,0,0,2
10694,1424,Cr|Cu|O|Sr|Tl,0,1,4,1,0,3,0,1,1,3,4,1
10695,2084,Ba|Cu|Eu|O|Sr,4,4,0,0,4,3,4,2,0,3,3,0
10696,2883,As|Ge,4,2,2,1,0,2,4,1,2,3,2,0
10697,36,Bi|Ca|Cu|O|Sr|Y,4,2,4,1,1,0,0,1,1,1,0,4
10698,64,Ba|Cu|O|Y|Zn,1,1,2,4,3,2,2,4,3,4,4,1
10699,210,B|Mg,3,2,2,2,0,0,4,2,0,2,0,4
10700,1864,Co|Ge|Si|U,3,1,2,0,4,4,3,2,3,2,3,3
10701,171,As|Ca|Co|Fe,3,2,0,0,3,4,0,1,3,0,3,3
10702,2685,Cu|La|Na|O|Sr,1,3,2,0,0,1,0,4,1,1,3,1
10703,2884,Ga|La|V,3,3,3,3,2,3,4,1,0,0,3,1
10704,2885,C|Hf|Zr,2,0,4,0,2,1,3,2,1,3,3,1
10705,244,As|F|Fe|La|Mn|O|Y,3,1,3,4,2,3,1,2,0,2,2,0
10706,36,Bi|Ca|Cu|O|Sr|Y,4,2,4,1,1,0,4,0,0,0,0,4
10707,450,Ba|Cu|F|O|Y,1,3,4,2,1,2,4,0,2,2,3,0
10708,1195,Ba|Ca|Cu|F|O,4,2,2,3,2,3,1,1,1,2,0,3
10709,2109,Mg|Pb,3,2,2,2,2,2,3,3,3,3,3,1
10710,2886,O|Tl|W,0,3,3,2,2,3,2,0,3,3,0,3
10711,775,Ga|Mn|V,0,0,4,2,4,3,1,4,1,0,4,3
10712,1574,Ca|Cu|Ga|O|Sr|Y,2,4,2,3,0,4,4,1,3,0,4,0
10713,400,As|Fe|K|Sr,3,4,2,2,1,4,3,4,1,3,1,1
10714,12,Ba|Ca|Cu|O|Y,3,3,3,3,4,4,2,4,3,2,1,3
10715,1167,Bi|F|Nd|O|S,3,4,2,0,1,0,1,4,3,2,2,1
10716,1282,Ce|Cu|Nd|O|Sm,1,0,1,3,2,1,4,4,3,1,0,1
10717,1847,B|Zr,3,4,3,1,2,4,0,2,2,1,2,3
10718,457,Ca|Cu|La|O|Sr,0,0,1,2,2,2,0,0,0,0,2,1
10719,2887,Ir|La|Sn,1,1,1,2,1,2,0,4,4,3,1,2
10720,62,Al|Ge|Nb,2,3,3,0,1,3,1,1,4,4,4,2
10721,1207,Ce|Co|In|Ru,3,4,4,2,0,2,3,3,0,0,0,2
10722,971,As|Fe|O|Sm,0,1,4,3,3,1,2,2,0,2,2,3
10723,1854,Mo|Nb|Zr,1,0,0,2,4,2,0,4,1,4,4,0
10724,925,Ba|Cu|Gd|O|Sr,4,4,0,1,2,0,2,0,2,1,1,4
10725,1277,As|Ca|Fe|La|Pt,2,0,4,1,0,0,2,0,1,0,0,1
10726,888,As|Co|Fe|Sr,1,4,2,2,1,2,1,2,0,4,2,2
10727,2607,Ir|Os|Ru,0,4,4,4,4,0,0,0,4,3,1,1
10728,993,Mo|Si|V,2,0,0,0,1,0,4,1,2,2,4,4
10729,528,C|Hf|Mo,0,1,2,4,1,3,0,3,3,3,1,4
10730,171,As|Ca|Co|Fe,3,2,0,0,3,4,4,2,2,3,0,3
10731,594,Cr|Ga|Nb,2,4,3,1,3,0,1,3,2,1,0,4
10732,644,Ir|Pt|Te,4,2,1,2,3,2,3,4,4,1,1,0
10733,745,Nb|Pb|S,4,0,1,2,2,2,4,0,2,3,3,3
10734,2888,Te|Y,4,4,2,2,3,0,1,3,3,4,4,3
10735,203,Ce|Cu|Gd|O|Pr,3,2,0,3,2,0,2,2,4,2,1,3
10736,17,La|Tb,0,1,0,3,4,1,1,3,2,3,3,0
10737,1870,Cr|Re,3,3,1,2,3,3,1,0,2,4,2,3
10738,396,As|F|Fe|La|O|Zn,3,0,0,4,4,4,4,4,4,2,1,0
10739,2889,Au|Ge,4,2,2,4,1,0,0,2,4,2,4,0
10740,915,Sb|Sn,1,2,4,3,0,3,4,4,3,0,2,1
10741,2886,O|Tl|W,0,3,3,2,2,3,3,3,1,3,4,3
10742,380,Ag|Sb,0,0,2,4,3,3,2,0,3,3,2,1
10743,343,As|Ca|Fe|Pt,0,4,4,2,2,3,3,2,2,2,0,1
10744,2890,B|Rh|Si|Y,2,2,4,2,1,4,1,4,3,3,4,2
10745,152,Ba|Cu|O|Sr|Y,2,2,4,0,3,2,0,2,3,0,2,0
10746,1805,Sc|V,4,4,2,2,3,3,3,4,0,1,1,1
10747,2891,Se|Y,3,1,3,1,2,2,1,0,0,0,1,4
10748,387,Bi|Ce|F|O|S,4,4,3,2,2,4,3,0,2,3,0,3
10749,2879,B|Nb|Si|Ti,2,0,1,4,0,1,3,3,1,3,3,0
10750,2892,B|Ir|Rh|Y,2,4,3,3,0,3,4,2,1,4,4,3
10751,810,Cu|La|O|Sr|Ti,2,2,3,0,2,0,0,1,3,3,3,3
10752,168,Cu|La|O,0,4,4,4,1,3,3,2,2,0,2,0
10753,581,Ti|V,3,1,3,1,1,2,4,1,1,2,4,0
10754,1843,Ce|La|Pt|Si,1,2,3,0,2,0,4,4,4,2,4,1
10755,2123,Sb|Zr,1,1,1,3,0,2,0,2,0,4,4,4
10756,65,Ba|Bi|K|O,3,2,0,2,0,0,1,4,4,1,1,3
10757,2893,Ca|Cu|O|S|Sr,1,4,2,3,3,0,0,3,2,4,3,2
10758,1859,Au|Sb|Te,2,0,2,0,0,1,0,4,4,4,0,3
10759,2353,Ba|Ca|Cu|Fe|La|O,1,4,1,1,3,2,2,2,0,4,0,0
10760,603,Ba|Ca|Cu|Fe|La|O|Y,1,4,3,0,0,4,0,3,4,3,0,1
10761,1144,C|Cu|Mg|Ni,1,4,0,2,2,3,2,0,0,4,1,0
10762,216,Cu|La|O|Sr,4,4,1,1,0,1,4,3,2,0,0,4
10763,132,Nb|Ti|V,4,1,2,4,3,2,0,4,0,4,3,3
10764,1195,Ba|Ca|Cu|F|O,4,2,2,3,2,3,1,0,3,4,4,3
10765,189,Rh|Zr,4,0,1,3,3,1,1,3,3,1,1,4
10766,440,Ba|Cu|Gd|O,2,1,0,3,0,2,2,4,3,3,0,4
10767,74,Ba|Cu|La|O|Y,2,3,3,3,3,1,1,1,2,4,1,2
10768,2894,B|Ta|W,1,3,1,3,2,1,4,2,0,4,4,1
10769,302,H|Hf|V,2,0,1,3,0,4,4,0,2,0,1,2
10770,1312,Ru|Ti,0,3,4,1,1,1,1,0,3,2,2,1
10771,1685,Ce|Pt|Si,0,3,0,0,2,1,2,1,0,3,0,3
10772,1220,Al|Ba|Si,0,2,2,2,3,1,0,1,2,2,3,4
10773,1975,Mo|Nb|Ti,3,4,3,1,0,2,1,1,2,0,4,3
10774,290,Ba|Ca|Cu|La|O|Y,2,0,4,0,1,2,2,3,1,0,3,1
10775,890,Hf|Ta|V,1,0,3,4,0,1,0,4,3,4,3,0
10776,64,Ba|Cu|O|Y|Zn,1,1,2,4,3,2,0,0,2,0,2,1
10777,2314,As|F|Fe|O|P|Pr,1,3,3,2,2,4,3,1,2,1,1,1
10778,192,Nb|Ta|Ti,2,0,0,2,0,4,0,1,1,2,1,0
10779,974,Ni|Pd|Sb,4,2,3,2,4,3,1,4,4,0,1,0
10780,136,Nb|Zr,0,4,3,4,3,1,0,3,1,1,4,1
10781,515,Ba|Ca|Cu|O|Pb|Sr|Y,1,3,4,0,1,3,1,3,3,0,4,0
10782,1315,C|La|Ni|Y,1,3,3,2,3,2,2,4,0,2,2,2
10783,290,Ba|Ca|Cu|La|O|Y,2,0,4,0,1,2,0,4,4,2,1,1
10784,1472,Ge|Pd|Pt|Sr,4,4,4,4,3,2,4,2,0,1,2,1
10785,1475,As|Fe|O|Tb,1,2,1,1,2,0,1,1,4,0,4,2
10786,2895,Al|Ta|Y,0,3,4,0,4,1,0,2,3,4,0,1
10787,625,Nb|W,4,3,2,2,4,3,4,0,1,4,2,4
10788,2896,Rh|Ru|Ti,4,0,3,3,0,4,0,2,3,2,0,3
10789,192,Nb|Ta|Ti,2,0,0,2,0,4,1,1,1,3,0,0
10790,2580,Ca|Co|Rh|Sn,0,3,3,2,0,4,0,4,3,3,1,4
10791,482,Nb|V|Zr,1,0,3,3,1,3,1,3,4,4,2,0
10792,1077,Ba|Cu|La|O|Zn,0,0,1,0,4,3,0,0,1,2,1,0
10793,46,As|Ba|Co|Fe|Zn,1,3,3,2,1,3,2,3,1,3,4,3
10794,1061,Ba|Ca|Cu|La|O|Pr,0,0,4,1,0,1,4,1,3,1,0,4
10795,281,Ca|Cu|O|Pb|Sr|Tl|Y,1,4,2,1,1,0,1,2,0,1,3,2
10796,507,Ba|Cu|H|O|Y,2,1,2,4,1,2,0,1,0,0,2,2
10797,1116,Ge|Pd|Si|Sr,2,2,3,0,3,1,1,1,4,0,4,0
10798,153,Ba|Cu|Ni|O|Y,1,4,4,4,2,1,1,2,0,2,4,1
10799,148,Nb|Ti,4,0,1,0,2,1,4,3,3,4,0,2
10800,2201,Ba|Cu|Ga|La|O,1,2,2,4,3,1,3,0,3,1,2,0
10801,873,Ba|Ca|Cd|Cu|La|O,1,4,4,3,4,3,4,1,0,4,4,1
10802,1014,Bi|Ce|Pb|Te,0,0,3,2,0,2,2,0,0,0,3,1
10803,1448,Ag|Sn|Te,4,1,1,2,4,0,3,0,0,3,2,0
10804,681,Ir|Rh|Te,1,3,0,0,4,0,2,3,2,2,2,2
10805,901,Al|Nb|Se,2,3,4,3,0,2,1,0,4,0,0,4
10806,1699,La|Rh|Sn,2,4,2,1,1,1,4,3,0,2,0,3
10807,463,As|Eu|Fe|K,3,0,3,0,1,2,4,2,1,0,1,4
10808,204,Cu|La|O|Pr|Sr,1,1,2,0,1,0,0,4,2,2,0,0
10809,1998,B|Li|Mg,2,0,3,1,1,1,3,2,2,1,1,3
10810,144,B|C|Dy|Ho|Ni,3,1,4,4,2,0,1,2,3,1,0,1
10811,2897,Cs|I,3,4,4,3,3,4,1,4,2,4,1,0
10812,901,Al|Nb|Se,2,3,4,3,0,2,2,0,1,1,0,4
10813,2898,Co|Cu|Rh|Si,2,4,1,1,3,0,0,2,2,0,4,1
10814,138,Ir|V,0,0,2,3,3,2,3,1,0,3,0,1
10815,352,Fe|S|Se|Te,4,0,2,2,3,0,3,1,2,2,3,1
10816,216,Cu|La|O|Sr,4,4,1,1,0,1,4,0,3,3,3,4
10817,189,Rh|Zr,4,0,1,3,3,1,0,2,4,2,2,4
10818,733,Re|W,0,2,1,0,2,2,2,2,2,0,3,1
10819,528,C|Hf|Mo,0,1,2,4,1,3,0,0,4,4,4,4
10820,2328,B|Ca|Cu|O|Sr,1,0,1,2,3,1,0,4,0,3,4,0
10821,825,Ba|Cu|Dy|Ni|O,3,0,1,1,2,4,3,1,1,1,4,4
10822,1871,C|Sn|Y,4,4,4,0,4,4,3,2,2,1,4,4
10823,1427,Bi|Cs|Pb|Te,1,1,2,0,2,4,4,1,3,4,1,1
10824,1320,Cs|F|Li|O|W,2,3,3,2,3,4,2,4,1,1,1,2
10825,189,Rh|Zr,4,0,1,3,3,1,4,2,2,3,0,4
10826,1885,Ge|Ta,0,2,1,3,2,1,1,3,0,2,3,0
10827,286,Ba|Cu|O|Pr|Y,3,1,2,0,3,0,2,0,4,1,2,3
10828,45,Ca|Cu|La|O,1,2,0,2,3,1,1,0,4,1,3,0
10829,97,As|Co|Eu|Fe|Sr,2,1,3,4,1,3,3,2,1,4,2,0
10830,57,Ba|Ca|Co|Cu|O|Y,1,1,3,4,0,1,3,1,0,0,4,2
10831,1504,Ba|Cu|F|O|Sr,3,2,1,0,1,2,2,0,4,3,0,3
10832,115,Pb|Tl,4,3,1,2,2,0,0,2,4,1,0,2
10833,317,Ba|Cu|O|Sm|Zn,4,0,4,0,0,1,0,1,0,4,3,1
10834,1260,Ge|Si|V,2,0,1,0,1,3,2,2,2,3,2,3
10835,160,Ba|Cu|O|Re|Y,2,4,2,2,0,0,1,4,0,0,4,0
10836,1432,Al|Mn,2,1,1,4,0,2,2,4,0,1,2,4
10837,850,Cu|Fe|La|O|Sr,2,0,4,4,0,2,2,0,0,0,1,0
10838,1223,Ba|Cu|Dy|O|Pr,2,3,0,0,0,0,4,3,2,4,1,2
10839,586,Bi|Ca|Cu|Ga|O|Pb|Sr,2,4,0,0,0,4,0,0,1,0,2,0
10840,42,Cu|La|O|Sr|Zn,1,2,4,4,3,1,3,4,0,3,2,1
10841,429,Cu|La|Ni|O|Sr,0,4,1,1,3,1,2,4,3,0,1,0
10842,921,Ba|Nb|O|Sr,3,1,0,2,3,2,1,0,0,0,4,3
10843,216,Cu|La|O|Sr,4,4,1,1,0,1,1,0,4,0,3,4
10844,42,Cu|La|O|Sr|Zn,1,2,4,4,3,1,2,1,3,4,2,1
10845,44,Cu|La|Nd|O|Sr,3,0,2,3,4,2,2,3,4,4,0,0
10846,492,Ir|Os|Th,2,3,1,2,1,0,3,1,1,1,0,2
10847,888,As|Co|Fe|Sr,1,4,2,2,1,2,3,1,2,4,1,2
10848,603,Ba|Ca|Cu|Fe|La|O|Y,1,4,3,0,0,4,1,0,0,0,3,1
10849,2093,Ce|Ge|Pr|Pt,1,3,2,2,2,3,2,2,1,3,2,0
10850,273,Bi|Cu|La|O|Pb|Sr,4,4,0,0,0,1,1,4,2,0,4,2
10851,42,Cu|La|O|Sr|Zn,1,2,4,4,3,1,3,0,2,1,2,1
10852,847,As|Fe|P|Sr,3,0,3,3,3,3,3,3,3,2,1,2
10853,1792,Na|Pb|Te|Tl,2,4,2,1,4,2,1,3,1,2,0,0
10854,137,As|Fe|Mg|O|Sr|Ti,4,0,1,0,2,0,2,3,0,4,2,1
10855,1399,P|Si|V,2,1,1,1,2,4,3,2,3,3,3,1
10856,2810,Al|Pd|Zr,0,1,1,4,0,2,1,4,3,2,4,2
10857,59,Bi|Ca|Cu|O|Sr,2,1,2,3,0,3,3,1,2,3,1,2
10858,53,Ga|Si|Sr,1,0,2,4,3,1,0,2,4,0,1,3
10859,678,C|La,2,0,0,3,3,2,1,0,0,1,3,0
10860,76,Ge|V,1,0,1,0,2,0,2,2,1,0,4,3
10861,416,As|Ba|Co|Fe,3,2,2,4,2,1,0,1,2,4,1,3
10862,59,Bi|Ca|Cu|O|Sr,2,1,2,3,0,3,1,2,1,1,0,2
10863,11,Ba|Cu|Nd|O,4,1,1,2,1,1,3,4,3,3,1,4
10864,59,Bi|Ca|Cu|O|Sr,2,1,2,3,0,3,1,3,1,2,1,2
10865,281,Ca|Cu|O|Pb|Sr|Tl|Y,1,4,2,1,1,0,3,1,1,1,2,2
10866,847,As|Fe|P|Sr,3,0,3,3,3,3,3,4,0,1,4,2
10867,495,Nb|Se,0,3,0,4,4,0,3,2,3,2,2,3
10868,2899,Os|Sc|Sn,3,3,0,4,1,0,1,2,2,1,4,2
10869,429,Cu|La|Ni|O|Sr,0,4,1,1,3,1,2,0,2,4,4,0
10870,2783,Ce|Co|Ir|Si,2,4,2,1,2,3,1,1,3,0,4,1
10871,286,Ba|Cu|O|Pr|Y,3,1,2,0,3,0,1,4,0,2,3,3
10872,1249,Ba|Ca|Cu|La|O|Pr|Sr,0,4,2,3,3,1,4,0,2,1,3,3
10873,603,Ba|Ca|Cu|Fe|La|O|Y,1,4,3,0,0,4,4,3,4,2,4,1
10874,1398,Ca|Cu|O|Tm,4,4,0,1,1,1,1,0,2,4,1,0
10875,429,Cu|La|Ni|O|Sr,0,4,1,1,3,1,4,3,3,1,3,0
10876,65,Ba|Bi|K|O,3,2,0,2,0,0,4,0,1,1,3,3
10877,118,Ir|Mo,3,0,4,2,3,3,4,3,1,3,3,0
10878,429,Cu|La|Ni|O|Sr,0,4,1,1,3,1,2,1,2,2,0,0
10879,1112,B|C|Co|Dy|Ni,4,4,2,4,2,1,4,0,0,2,2,3
10880,781,Ca|Cu|O|Sr|V,2,1,0,0,0,3,4,2,3,4,2,0
10881,1179,Ba|Cu|Mn|O|Y,1,4,1,3,2,3,3,3,3,4,1,4
10882,689,Ba|Bi|K|O|Pb,1,2,1,2,1,3,1,4,2,1,4,0
10883,10,Cu|La|O|Pb|Sr,3,0,0,3,2,2,2,0,3,4,4,3
10884,222,Pb|Te|Tl,4,3,4,4,1,0,2,2,0,3,0,0
10885,2900,Bi|Ca|Cu|Nd|O,4,1,1,3,0,3,2,4,3,1,1,3
10886,804,As|Ca|Co|Fe|H,4,4,1,2,2,3,2,2,3,2,3,0
10887,567,Ge|Nb|Sn,1,0,2,3,2,1,4,2,4,4,4,1
10888,1280,Re|Y,1,1,3,4,2,1,0,3,1,3,1,2
10889,1306,Ti|Zr,0,4,4,3,3,3,0,2,3,1,0,2
10890,22,Ba|Co|Cu|O|Y,3,0,2,2,0,4,1,2,3,2,0,3
10891,1310,Ir|Lu|Rh|Si,1,3,2,2,3,1,2,0,2,3,2,1
10892,1799,Fe|Zr,0,3,4,0,1,4,0,1,0,2,0,0
10893,1687,N|S,1,0,0,2,1,1,1,1,4,1,3,0
10894,59,Bi|Ca|Cu|O|Sr,2,1,2,3,0,3,3,4,3,2,3,2
10895,286,Ba|Cu|O|Pr|Y,3,1,2,0,3,0,1,0,3,2,0,3
10896,1433,Hf|Mo,2,3,1,3,0,1,0,0,4,4,2,0
10897,484,Bi|O|S,4,2,1,2,4,3,4,0,0,2,4,1
10898,260,Ba|Bi|O|Sb|Ti,1,2,0,0,4,0,1,2,1,4,2,3
10899,1618,Ba|Ca|Cu|Hg|O|Tl|Y,4,0,3,0,4,1,2,4,4,0,4,4
10900,62,Al|Ge|Nb,2,3,3,0,1,3,2,0,1,0,3,2
10901,912,Fe|Se,0,0,3,4,0,4,1,2,3,4,2,0
10902,2901,Ge|Ru|Y,0,2,4,0,1,3,1,1,1,1,0,4
10903,204,Cu|La|O|Pr|Sr,1,1,2,0,1,0,4,4,3,4,4,0
10904,1517,Rh|Sn|Y,4,3,0,0,4,3,4,4,4,2,0,2
10905,1754,As|F|Fe|Nd|O|Ru,1,1,0,0,2,2,3,1,3,4,2,4
10906,115,Pb|Tl,4,3,1,2,2,0,3,4,0,3,0,2
10907,60,As|Fe|La|O|Y,0,3,2,0,3,1,1,3,4,3,0,4
10908,89,In|Pb|Sn|Te,1,2,1,2,3,2,0,3,2,3,4,1
10909,1477,Ca|Cu|F|Nd|O|Sr,2,1,0,1,0,4,2,0,3,2,3,0
10910,139,Al|B|Mg,1,1,3,4,1,1,3,2,1,0,0,1
10911,78,Nb|V,0,3,3,4,2,0,1,2,2,0,4,2
10912,1193,Bi|Te,4,2,1,3,2,0,2,2,2,0,1,2
10913,1298,Ba|Ca|Ce|Cu|La|O,1,4,3,1,4,3,0,1,0,1,4,0
10914,784,Nb|Re,2,1,0,0,3,1,2,0,2,1,4,4
10915,276,Ca|Cu|O|Sr,0,0,3,4,4,0,4,1,3,3,1,0
10916,1,Ba|Ca|Cu|La|O,0,0,1,3,2,4,0,2,0,2,3,0
10917,2685,Cu|La|Na|O|Sr,1,3,2,0,0,1,4,3,1,4,3,1
10918,36,Bi|Ca|Cu|O|Sr|Y,4,2,4,1,1,0,1,2,1,2,2,4
10919,542,Bi|Cu|La|O|Sr,1,3,4,1,2,1,3,3,3,1,0,2
10920,422,Bi|Ca|Cu|O|Pb|Sr,3,0,1,3,0,1,2,1,4,1,4,4
10921,2295,Nb|Os,3,1,3,1,1,3,2,4,1,0,3,0
10922,1459,Cl|K|N|Zr,1,3,1,1,0,4,0,4,3,3,1,3
10923,1512,C|Mg|Ni|Ru,1,2,3,2,0,3,2,2,4,2,1,2
10924,1314,Ba|Cu|La|O|Sr|Tl,4,4,3,0,2,3,0,0,2,1,4,4
10925,2032,Hf|V,2,3,1,0,1,3,4,0,3,3,0,4
10926,1697,Co|Cu|S,1,2,1,1,3,0,2,1,4,1,1,4
10927,2902,As|Cs|Fe,1,3,4,0,4,4,3,0,3,0,2,0
10928,153,Ba|Cu|Ni|O|Y,1,4,4,4,2,1,3,0,0,4,2,1
10929,63,As|F|Fe|La|Mn|O,2,4,4,0,3,1,0,4,1,0,4,2
10930,45,Ca|Cu|La|O,1,2,0,2,3,1,2,2,0,3,0,0
10931,2903,Bi|Nb|Sn|Tl,2,3,2,4,1,3,4,2,3,4,0,1
10932,2904,Au|Mg|Pt|Si,3,2,3,1,0,1,1,3,4,3,3,2
10933,2905,Os|Rh|Ti,4,1,3,3,0,1,1,3,4,3,0,3
10934,2680,Co|H|Ir|Na|O,2,1,2,3,1,1,2,0,0,0,1,2
10935,49,Ba|Cu|La|O,3,0,2,4,3,0,1,2,1,0,0,3
10936,2906,As|Fe|Na|Ni,0,4,0,1,1,3,1,3,0,4,3,4
10937,11,Ba|Cu|Nd|O,4,1,1,2,1,1,4,3,0,3,3,4
10938,525,Ba|Cu|O|Pr|Tm,0,4,0,2,4,3,4,4,1,3,3,3
10939,124,B|Er|Ho|Rh,1,0,1,4,0,2,2,1,1,0,1,0
10940,446,Eu|Mo|S|Sn,3,0,1,2,0,1,4,1,4,3,0,2
10941,739,Ca|Cu|O|Pb|Sr|Y,1,4,3,0,4,2,1,2,1,4,3,3
10942,544,As|Ba|Co|Cu|Fe,2,4,1,3,0,1,4,1,2,3,3,1
10943,64,Ba|Cu|O|Y|Zn,1,1,2,4,3,2,3,1,1,3,0,1
10944,2836,As|In|Te,4,0,4,3,0,4,2,4,0,1,3,2
10945,148,Nb|Ti,4,0,1,0,2,1,2,1,4,0,3,2
10946,356,Mo|Re,4,3,4,1,0,0,3,3,4,2,3,4
10947,64,Ba|Cu|O|Y|Zn,1,1,2,4,3,2,4,0,0,0,1,1
10948,2907,Ce|Cu|O|Sr|Y,1,2,0,3,2,2,1,3,4,0,4,4
10949,416,As|Ba|Co|Fe,3,2,2,4,2,1,1,4,0,0,2,3
10950,210,B|Mg,3,2,2,2,0,0,2,4,2,2,4,4
10951,504,Al|Ga|Nb,2,4,3,1,2,0,3,2,2,0,1,3
10952,2090,Ru|Si|Th,3,0,3,2,3,2,2,2,0,4,3,1
10953,2411,Ba|Ge|Ir,3,0,2,1,0,1,1,0,1,2,2,2
10954,36,Bi|Ca|Cu|O|Sr|Y,4,2,4,1,1,0,4,0,1,4,3,4
10955,235,Co|Mo,2,0,4,2,2,3,4,4,0,4,2,0
10956,1386,Ba|Cu|Eu|O|Y,0,1,1,3,1,0,3,2,2,0,2,2
10957,639,Ca|Cu|O|Sr|Tl|Y,3,4,1,0,3,1,2,2,2,0,3,1
10958,12,Ba|Ca|Cu|O|Y,3,3,3,3,4,4,4,1,0,2,2,3
10959,0,As|Ba|Fe|K,0,4,2,3,0,4,4,4,2,2,0,1
10960,2908,B|Os|Sc,2,2,4,0,2,0,2,2,4,4,4,0
10961,2909,O|W,3,3,3,2,1,1,1,2,3,4,1,2
10962,216,Cu|La|O|Sr,4,4,1,1,0,1,1,4,0,1,2,4
10963,1764,Ba|Ge|Si,2,1,3,1,0,3,0,3,4,4,3,4
10964,59,Bi|Ca|Cu|O|Sr,2,1,2,3,0,3,1,3,1,0,2,2
10965,2874,Ni|Ru,0,3,1,3,0,1,1,3,3,3,3,1
10966,74,Ba|Cu|La|O|Y,2,3,3,3,3,1,3,0,0,0,2,2
10967,86,Ba|Cu|O|Y,4,4,4,2,0,4,3,3,1,1,0,4
10968,581,Ti|V,3,1,3,1,1,2,1,2,3,3,2,0
10969,920,Ce|Ge|Pt|Si,0,3,2,0,1,4,3,3,0,3,4,2
10970,145,Ba|Cu|Dy|O,2,1,4,1,3,4,0,3,1,3,1,2
10971,2910,As|Eu|Fe|Ru,4,2,1,3,4,3,3,2,3,4,3,1
10972,1452,S|Sn|Ta,3,1,1,3,2,3,1,4,0,0,1,4
10973,945,Bi|F|La|O|S|Se,3,4,0,3,3,3,2,0,4,4,4,4
10974,356,Mo|Re,4,3,4,1,0,0,2,0,4,2,1,4
10975,65,Ba|Bi|K|O,3,2,0,2,0,0,2,4,3,4,1,3
10976,1645,Sb|Yb,1,4,0,3,0,0,0,1,1,2,0,3
10977,684,Ba|Ca|Cu|Hg|O,0,1,4,0,4,3,4,1,0,4,4,4
10978,153,Ba|Cu|Ni|O|Y,1,4,4,4,2,1,4,2,1,3,2,1
10979,243,Cu|O|Re|Sr|Y,0,3,4,1,2,4,0,2,1,3,0,3
10980,1291,Al|Nb|Ta,2,3,0,1,4,3,2,4,4,1,1,2
10981,1667,Ir|Si|Y,4,4,4,1,4,2,4,1,3,4,1,1
10982,351,Ba|Cu|Hg|O,0,1,0,3,3,4,2,4,4,3,4,2
10983,1178,Ge|Pr|Pt|Sb,0,3,0,3,4,3,3,4,3,3,0,0
10984,478,Ba|Ca|Cu|Gd|Mo|O,2,1,2,3,1,4,4,4,3,3,1,0
10985,274,Ca|Cu|La|Nd|O,2,4,2,4,4,3,1,1,3,4,1,4
10986,903,Mn|Ni|Zr,3,4,4,2,1,4,2,3,4,2,0,1
10987,153,Ba|Cu|Ni|O|Y,1,4,4,4,2,1,0,4,2,4,4,1
10988,64,Ba|Cu|O|Y|Zn,1,1,2,4,3,2,3,1,0,3,2,1
10989,483,B|C|Lu|Ni|Y,3,0,3,2,4,3,3,4,0,2,3,1
10990,97,As|Co|Eu|Fe|Sr,2,1,3,4,1,3,3,4,1,2,2,0
10991,1209,Mo|Pb|S,4,4,3,2,3,0,3,4,4,4,1,1
10992,542,Bi|Cu|La|O|Sr,1,3,4,1,2,1,0,3,0,1,3,2
10993,456,C|Nb,3,3,2,0,1,4,0,1,4,0,3,4
10994,918,Ba|Ca|Si,4,1,0,4,4,0,0,4,0,2,0,2
10995,897,Ag|Sn,3,1,4,0,3,1,0,0,0,4,3,4
10996,743,Nb|Sb|Sn,4,0,1,1,3,3,1,1,2,1,0,3
10997,125,Nb|Sn|Ti,2,1,2,3,4,1,3,2,3,3,3,1
10998,1382,Cu|O|Sr|Tm,3,2,0,2,1,2,1,3,0,3,4,0
10999,756,As|Ca|Fe|Pr,3,4,0,1,2,1,3,1,4,1,2,1
11000,604,Ga|Si|V,3,4,2,4,0,1,2,4,2,1,0,3
11001,375,Ba|Be|Ca|Cu|O|Tl,2,4,1,0,4,1,3,0,0,2,1,0
11002,2911,Bi|F|La|S|Se,0,4,2,4,4,4,3,4,4,2,4,1
11003,1097,Er|Pd|Sn|Y,0,2,3,0,0,4,4,2,4,1,4,4
11004,830,Ba|Cu|Er|O|Zn,4,4,3,4,4,1,3,2,3,2,4,3
11005,261,Ba|Cu|Nd|O|Pr,3,1,2,4,3,0,4,3,1,2,1,3
11006,67,La|Nd|Pt|Si,0,4,2,3,3,0,1,2,1,3,2,0
11007,336,Ba|Cu|O|Pr|Sm,3,3,2,0,3,2,3,3,3,3,0,1
11008,1267,Al|Nb|Si,3,0,3,0,3,1,2,2,1,4,2,4
11009,1477,Ca|Cu|F|Nd|O|Sr,2,1,0,1,0,4,4,2,1,2,2,0
11010,755,As|Ba|Fe|Rh,0,4,3,0,3,3,1,1,3,0,1,0
11011,74,Ba|Cu|La|O|Y,2,3,3,3,3,1,2,0,1,2,3,2
11012,1569,Bi|Se|Sr,1,1,2,3,4,3,3,2,2,3,4,3
11013,1581,Fe|Lu|Si,4,2,4,1,3,1,2,0,2,4,2,1
11014,236,Ba|Cu|O|Tm,4,3,1,0,0,1,0,1,0,1,1,3
11015,1205,Cd|Pd,4,2,0,0,4,2,1,0,1,3,1,3
11016,64,Ba|Cu|O|Y|Zn,1,1,2,4,3,2,1,0,0,0,2,1
11017,496,In|Pb,4,0,3,1,4,2,0,0,4,3,4,2
11018,2912,In|K|Mo|Se,1,1,1,2,3,0,2,3,3,2,0,3
11019,2271,As|Ca|Fe|O|Sc|Ti,1,2,2,1,4,2,0,1,3,3,0,3
11020,204,Cu|La|O|Pr|Sr,1,1,2,0,1,0,3,3,2,2,0,0
11021,354,B|Ho|Rh|Ru,0,2,3,1,3,0,2,3,0,2,1,1
11022,59,Bi|Ca|Cu|O|Sr,2,1,2,3,0,3,3,3,3,2,0,2
11023,1844,Fe|Rb|Se,1,4,4,4,2,0,1,1,1,3,3,3
11024,2715,Fe|Hf|V,3,3,4,0,4,4,4,4,3,2,4,3
11025,760,Bi|Cu|F|La|O|Sr,4,2,1,4,2,4,2,3,3,2,2,1
11026,760,Bi|Cu|F|La|O|Sr,4,2,1,4,2,4,2,1,1,0,3,1
11027,756,As|Ca|Fe|Pr,3,4,0,1,2,1,3,4,3,0,0,1
11028,286,Ba|Cu|O|Pr|Y,3,1,2,0,3,0,3,2,3,0,4,3
11029,2913,Ba|Bi,3,4,0,2,4,3,3,4,2,4,2,2
11030,600,Bi|Cu|La|O|Pb|Sr|Y,2,0,0,1,1,1,2,1,1,2,1,2
11031,89,In|Pb|Sn|Te,1,2,1,2,3,2,2,1,1,1,0,1
11032,771,Mo|S|Y,4,3,1,3,2,4,1,4,2,3,0,2
11033,1677,Bi|F|Nd|O|S|Sm,0,2,2,0,1,4,2,3,4,0,0,3
11034,967,As|F|Fe|Nd|O,3,4,4,3,0,2,3,0,2,0,4,4
11035,327,B|C|Cu|O|Sr,3,4,4,0,2,4,1,3,4,1,2,3
11036,204,Cu|La|O|Pr|Sr,1,1,2,0,1,0,2,4,4,1,4,0
11037,1886,Cd|O|Re,4,0,3,1,3,3,4,4,2,3,4,2
11038,1641,Ga|Mn|Mo,0,4,1,0,3,3,4,2,2,3,2,3
11039,42,Cu|La|O|Sr|Zn,1,2,4,4,3,1,2,1,1,4,3,1
11040,402,Ce|Co|In|Rh,2,1,4,2,1,3,2,2,3,1,3,3
11041,350,Ba|Ca|Cu|La|Nd|O,2,4,3,4,0,4,0,0,2,3,2,1
11042,1098,As|Eu|Fe|P,4,0,1,2,3,2,4,3,0,3,4,2
11043,1563,Hf|N|Nb,4,4,1,2,0,3,1,0,2,3,1,3
11044,495,Nb|Se,0,3,0,4,4,0,2,1,4,1,2,3
11045,2914,B|Mo|Y,2,1,0,3,0,2,0,2,0,3,3,4
11046,1591,B|Mg|Ti,0,3,3,2,4,3,2,1,2,4,3,3
11047,396,As|F|Fe|La|O|Zn,3,0,0,4,4,4,2,4,0,2,2,0
11048,2424,Hf|Zr,3,0,1,3,3,1,0,2,4,2,3,3
11049,16,Cu|Mo|S,0,3,1,3,0,4,2,2,0,0,2,3
11050,2151,Al|Pd|Th|U,4,0,3,4,2,4,3,1,3,3,3,2
11051,1201,Pb|Zr,3,4,0,3,0,1,1,4,0,0,4,4
11052,671,Ge|Mo,3,4,0,0,1,1,4,0,4,3,1,1
11053,1593,Cu|K|La|O,1,0,0,3,1,4,0,3,0,0,1,4
11054,1475,As|Fe|O|Tb,1,2,1,1,2,0,3,4,4,3,4,2
11055,2915,As|Ca|Cs|Fe,3,4,4,3,0,3,4,0,2,3,0,0
11056,510,Ba|Cu|O|Yb,2,3,1,1,1,1,0,0,2,2,2,1
11057,358,N|Nb,1,3,3,2,3,1,0,4,1,1,4,1
11058,2916,Al|Ba|Sn,1,4,3,4,0,1,3,4,0,1,0,1
11059,2436,Al|La|Pd|U,1,0,1,2,4,2,4,4,1,1,0,4
11060,913,Au|Tl,0,1,0,4,2,0,1,2,1,0,4,3
11061,524,Os|Re,2,3,4,2,4,3,4,3,0,3,0,3
11062,1485,La|Sm,0,0,4,0,4,0,4,2,0,2,1,4
11063,338,As|Ce|Fe|H|O,3,0,1,0,2,1,4,4,2,1,4,0
11064,878,Ba|Cu|Ho|O,0,0,4,4,4,0,3,1,3,1,3,1
11065,1307,Sc|Zr,3,3,1,3,3,0,3,2,2,0,2,4
11066,2735,B|C|Pr|Pt,1,1,0,1,1,2,3,4,1,2,0,2
11067,146,Ba|Cu|Er|O,0,4,2,1,2,2,1,1,4,0,2,0
11068,519,Bi|Cu|O|Sr|Yb,4,2,4,3,2,4,4,3,3,1,3,1
11069,2917,Lu|Ru|Si,1,3,2,0,0,0,3,0,3,1,3,2
11070,2832,B|Ho|Lu|Ru,1,1,3,0,0,2,0,4,2,1,2,1
11071,54,Nb|Ta,1,2,0,0,3,2,0,2,4,2,0,0
11072,44,Cu|La|Nd|O|Sr,3,0,2,3,4,2,2,1,1,0,1,0
11073,120,As|Co|Fe|O|P|Pr,0,3,0,3,0,1,0,3,1,3,2,2
11074,2576,Pt|Ta,3,0,2,3,3,4,0,0,3,3,0,4
11075,977,Nb|Sb,2,0,2,1,0,1,2,1,3,2,4,1
11076,2918,Ca|Cu|Lu|O|Sr|Tl,3,1,2,2,2,4,0,1,2,0,2,3
11077,269,Ba|Cu|La|Nd|O,3,1,4,1,0,3,0,1,3,2,0,1
11078,1178,Ge|Pr|Pt|Sb,0,3,0,3,4,3,2,4,4,2,4,0
11079,1,Ba|Ca|Cu|La|O,0,0,1,3,2,4,4,3,3,0,1,0
11080,2919,Au|In|Sc,0,0,0,2,1,4,3,0,3,0,3,4
11081,183,Ba|Ca|Cu|O|Tl,2,3,4,2,0,4,3,0,4,2,2,2
11082,290,Ba|Ca|Cu|La|O|Y,2,0,4,0,1,2,3,0,0,3,0,1
11083,402,Ce|Co|In|Rh,2,1,4,2,1,3,0,3,3,2,4,3
11084,1401,Ag|Ba|Cu|O|Y,0,3,1,4,2,4,4,4,3,4,4,1
11085,2920,As|Fe|O|Sm|Te,1,4,2,4,4,3,4,1,4,0,4,0
11086,422,Bi|Ca|Cu|O|Pb|Sr,3,0,1,3,0,1,4,1,0,0,0,4
11087,392,C|Mo|Nb,0,1,3,4,0,0,1,0,3,0,4,1
11088,2157,Cu|Ga|O|Sr|Y,0,3,2,1,2,4,3,1,0,4,0,2
11089,2004,H|Li|Nb|O,1,0,1,1,1,0,4,3,4,2,2,0
11090,326,Ca|Cl|Cu|O,4,0,3,3,4,2,1,4,3,1,2,2
11091,416,As|Ba|Co|Fe,3,2,2,4,2,1,2,3,4,1,4,3
11092,964,Hf|Nb,3,1,4,0,4,1,3,3,1,4,1,1
11093,46,As|Ba|Co|Fe|Zn,1,3,3,2,1,3,2,0,3,3,0,3
11094,2675,Rh|Si|Y,1,2,4,0,4,3,4,2,4,1,2,0
11095,1112,B|C|Co|Dy|Ni,4,4,2,4,2,1,4,1,4,0,3,3
11096,951,Ru|W,2,1,3,2,2,4,4,2,3,3,1,2
11097,949,Hg|Pb,0,1,4,2,1,3,0,1,1,2,2,4
11098,2353,Ba|Ca|Cu|Fe|La|O,1,4,1,1,3,2,0,2,2,2,0,0
11099,586,Bi|Ca|Cu|Ga|O|Pb|Sr,2,4,0,0,0,4,1,1,4,0,4,0
11100,12,Ba|Ca|Cu|O|Y,3,3,3,3,4,4,4,3,2,1,0,3
11101,129,Ba|Ca|Cu|O|Y|Zn,0,2,4,0,4,4,0,4,3,0,4,4
11102,1461,As|Ca|Fe|Nd|Pt,1,4,2,3,3,2,3,2,0,1,4,4
11103,45,Ca|Cu|La|O,1,2,0,2,3,1,1,0,0,1,2,0
11104,2921,Ce|Cu|Mo|O|Sm|Sr,2,0,3,2,2,2,3,0,3,3,0,1
11105,491,Rh|Ti,3,0,3,1,3,0,0,2,2,4,1,2
11106,1498,Ba|Cu|La|O|Pr,1,3,0,4,4,0,1,1,4,2,4,2
11107,1764,Ba|Ge|Si,2,1,3,1,0,3,0,4,4,1,1,4
11108,2922,Na|S|Sb|Ta,3,4,3,1,4,2,2,0,4,0,2,2
11109,2345,Ba|Ca|Cu|La|O|Zn,1,2,0,2,3,4,1,3,3,3,0,1
11110,634,C|Ni|Th|Y,3,0,2,3,1,2,1,3,2,1,3,1
11111,38,Ga|Sn,4,3,2,1,0,1,1,0,1,3,4,1
11112,2923,Mo|N,4,2,1,1,4,3,3,2,2,0,3,3
11113,570,In|Sn|Te,4,0,3,1,2,1,1,1,2,3,0,4
11114,995,Ir|W,2,1,2,4,2,3,2,4,0,3,2,2
11115,880,Cu|Eu|La|O|Ru|Sr,2,0,0,2,1,0,3,3,2,4,1,0
11116,2581,Fe|Na|Se,4,3,3,4,3,4,3,4,0,3,2,1
11117,114,Cu|O|Sr|Y,4,3,4,2,2,3,4,3,0,0,2,4
11118,1777,Bi|F|La|O|S|Y,3,4,2,0,0,2,2,2,3,4,2,1
11119,2924,B|Rh|Tm,0,2,4,3,2,3,2,1,1,1,2,0
11120,74,Ba|Cu|La|O|Y,2,3,3,3,3,1,4,2,3,4,1,2
11121,440,Ba|Cu|Gd|O,2,1,0,3,0,2,1,3,3,2,1,4
11122,1444,Br|Ca|Cu|Na|O,3,3,3,4,1,3,4,2,3,3,1,3
11123,1764,Ba|Ge|Si,2,1,3,1,0,3,4,3,0,3,1,4
11124,2925,B|Li,1,0,0,2,2,4,2,4,4,1,2,3
11125,62,Al|Ge|Nb,2,3,3,0,1,3,1,4,0,2,4,2
11126,44,Cu|La|Nd|O|Sr,3,0,2,3,4,2,4,0,1,4,0,0
11127,189,Rh|Zr,4,0,1,3,3,1,1,1,2,4,0,4
11128,2926,La|Mo|S,1,0,2,2,3,0,0,0,2,1,4,4
11129,1048,C|Rb,3,4,3,2,1,1,1,4,2,2,1,1
11130,2364,Nb|O,1,1,1,1,1,0,3,1,3,0,3,1
11131,2827,B|C|Ni|Pt|Y,0,4,1,2,4,0,3,0,2,2,0,0
11132,194,B|C|Co|Ni|Tm,3,1,1,1,0,1,1,2,1,4,4,0
11133,2927,Cu|Gd|Nb|O|Ru|Sr,2,1,2,2,3,2,0,3,4,3,2,0
11134,64,Ba|Cu|O|Y|Zn,1,1,2,4,3,2,4,2,3,3,4,1
11135,1597,Ca|Cu|Eu|O|Pb|Sr,3,2,2,3,0,0,2,3,4,4,2,0
11136,2928,In|Lu,3,0,3,0,0,4,0,3,1,2,2,1
11137,2929,Eu,4,0,0,2,3,2,0,2,0,2,2,2
11138,1475,As|Fe|O|Tb,1,2,1,1,2,0,1,2,1,3,3,2
11139,62,Al|Ge|Nb,2,3,3,0,1,3,2,1,0,1,3,2
11140,1225,B|Mo|Zr,0,1,1,4,3,2,0,1,1,0,0,4
11141,2930,Ir|Pr|Zn,0,4,3,0,2,1,2,2,1,4,3,0
11142,1575,Bi|Cd|Pb|Sn,1,3,1,0,4,4,4,2,1,4,1,2
11143,2708,Bi|Zr,0,2,0,1,0,3,2,2,4,3,4,1
11144,2931,N|Nb|O|Si,1,2,4,0,0,3,0,3,4,4,0,4
11145,12,Ba|Ca|Cu|O|Y,3,3,3,3,4,4,3,1,3,2,1,3
11146,286,Ba|Cu|O|Pr|Y,3,1,2,0,3,0,3,4,2,4,4,3
11147,2458,Ir|Rh|Se,0,2,3,0,3,0,4,0,0,3,3,0
11148,292,Ba|Cu|Fe|O|Y,0,4,0,1,4,3,4,4,3,1,0,4
11149,2415,Rh|Te,2,1,2,0,1,1,2,4,0,2,2,3
11150,415,N|Nb|Ti,2,2,0,4,3,0,4,4,1,2,2,4
11151,350,Ba|Ca|Cu|La|Nd|O,2,4,3,4,0,4,3,3,4,1,2,1
11152,343,As|Ca|Fe|Pt,0,4,4,2,2,3,4,0,2,4,1,1
11153,161,Al|Ge|V,4,1,0,2,4,0,2,1,4,2,4,3
11154,1318,Ir|Re,3,0,2,4,2,0,0,2,4,1,4,4
11155,2932,Cl|Hf|N,1,4,2,1,2,3,4,1,3,4,2,4
11156,429,Cu|La|Ni|O|Sr,0,4,1,1,3,1,0,1,4,0,2,0
11157,1100,As|Ba|Fe|P,1,0,1,4,3,0,4,2,1,2,2,3
11158,2249,B|Nd|Rh,4,2,0,3,1,2,1,1,3,4,1,2
11159,1,Ba|Ca|Cu|La|O,0,0,1,3,2,4,2,0,0,0,0,0
11160,2933,Co|Lu,2,4,3,0,0,3,3,3,3,2,4,2
11161,845,Ce|Cu|Ni|O|Pr,3,4,2,2,1,2,3,3,0,4,3,2
11162,675,Ba|Cu|O|Sm,0,0,0,2,2,0,1,4,2,4,0,0
11163,962,H|Th,2,0,3,4,2,3,2,0,4,0,4,0
11164,12,Ba|Ca|Cu|O|Y,3,3,3,3,4,4,3,4,0,3,1,3
11165,286,Ba|Cu|O|Pr|Y,3,1,2,0,3,0,4,0,1,3,4,3
11166,1526,C|Re|W,0,0,1,2,4,2,2,3,2,4,0,2
11167,830,Ba|Cu|Er|O|Zn,4,4,3,4,4,1,1,0,4,3,0,3
11168,1161,Nb|Tc,4,1,2,1,1,1,3,4,4,3,3,2
11169,699,Al|Ni|U,1,4,3,1,2,4,3,0,3,4,3,3
11170,829,Mo|Nb,4,1,0,0,2,0,3,0,0,2,2,2
11171,559,B|C|Mg,0,3,1,1,2,2,0,3,2,2,3,3
11172,2128,As|Fe|O|Tb|Th,2,2,1,1,0,2,2,4,4,2,4,1
11173,2934,Nb|Sb|V,3,2,1,4,4,0,2,2,2,0,0,3
11174,446,Eu|Mo|S|Sn,3,0,1,2,0,1,3,2,4,1,3,2
11175,1428,Ce|Cu|Eu|Nb|O|Sr,0,2,3,4,2,0,3,2,0,4,4,2
11176,163,Ge|La,4,4,2,2,2,1,2,1,3,0,0,4
11177,144,B|C|Dy|Ho|Ni,3,1,4,4,2,0,4,2,3,2,3,1
11178,892,C|Ti|Y,2,2,3,4,0,2,3,2,3,3,2,3
11179,338,As|Ce|Fe|H|O,3,0,1,0,2,1,0,3,0,1,2,0
11180,2139,Pd|W,1,4,2,3,1,2,0,4,1,4,3,3
11181,888,As|Co|Fe|Sr,1,4,2,2,1,2,4,2,0,3,0,2
11182,2180,Bi|Ce|Ni,1,3,4,1,0,0,1,3,4,1,4,0
11183,139,Al|B|Mg,1,1,3,4,1,1,2,1,0,0,0,1
11184,286,Ba|Cu|O|Pr|Y,3,1,2,0,3,0,0,3,0,4,1,3
11185,79,Fe|Se|Te,4,3,3,0,1,3,1,1,1,2,4,0
11186,569,B|C|Ni|Pd|Y,0,0,1,4,4,4,0,4,0,3,1,1
11187,150,B|C|Dy|Ni|Tm,1,3,4,4,2,3,4,0,1,1,2,4
11188,1330,As|Fe|H|La,3,0,1,2,3,3,4,2,4,2,0,0
11189,2264,As|F|Fe|O|Ru|Sm,4,1,2,4,3,4,3,1,3,0,1,2
11190,956,Ba|Cu|Eu|O|Pr,0,4,4,1,3,3,0,2,4,0,4,3
11191,1822,Co|Fe|K|Se,4,4,1,4,4,1,4,1,1,0,4,4
11192,57,Ba|Ca|Co|Cu|O|Y,1,1,3,4,0,1,4,0,3,0,3,2
11193,189,Rh|Zr,4,0,1,3,3,1,3,0,1,1,4,4
11194,31,Ba|Cu|O|Pr|Sr|Y,0,2,3,4,1,0,2,0,4,0,3,2
11195,1260,Ge|Si|V,2,0,1,0,1,3,4,1,2,2,2,3
11196,2425,P|Sn,3,4,1,0,1,3,1,1,4,3,3,3
11197,74,Ba|Cu|La|O|Y,2,3,3,3,3,1,2,0,1,0,0,2
11198,2935,B|C|Ni|Y,4,3,1,2,1,0,0,3,3,2,3,0
11199,1168,Ba|Ca|Cu|Er|O,4,2,4,3,1,1,2,2,3,1,2,1
11200,1,Ba|Ca|Cu|La|O,0,0,1,3,2,4,3,2,0,2,3,0
11201,154,In|Te,2,2,3,2,0,1,3,0,4,3,1,4
11202,604,Ga|Si|V,3,4,2,4,0,1,0,3,3,0,4,3
11203,1344,Dy|Pd|Sn|Y,2,3,2,1,1,2,0,4,0,3,0,2
11204,2936,La|Pr|S,3,1,2,3,3,4,1,1,2,3,2,4
11205,1235,Ba|Ca|Cu|Nd|O,0,1,4,1,0,1,3,4,3,4,2,0
11206,429,Cu|La|Ni|O|Sr,0,4,1,1,3,1,1,2,4,3,2,0
11207,2449,Ag|Mo|S,4,2,1,1,1,1,4,0,4,4,3,1
11208,499,Mo|Tc,2,3,0,0,0,1,3,1,1,3,0,1
11209,124,B|Er|Ho|Rh,1,0,1,4,0,2,4,2,2,2,4,0
11210,686,Ba|Ca|Cu|O|Pr|Y,1,0,3,3,1,0,4,0,2,1,4,4
11211,570,In|Sn|Te,4,0,3,1,2,1,0,4,4,0,0,4
11212,1546,Rh|Y,1,3,2,2,0,1,1,1,1,2,2,3
11213,1209,Mo|Pb|S,4,4,3,2,3,0,0,1,2,0,4,1
11214,463,As|Eu|Fe|K,3,0,3,0,1,2,2,1,1,3,3,4
11215,1383,B|C|Dy|Lu|Ni,3,3,4,2,3,3,1,2,3,0,3,0
11216,383,Al|Nb|Sn,3,2,0,2,4,4,0,0,2,1,3,0
11217,199,Al|Si|V,4,4,1,1,1,2,4,0,4,0,0,4
11218,1037,As|Ce|Co|Fe|H,1,1,2,3,0,2,4,0,2,3,4,3
11219,643,Al|V,1,0,2,0,4,4,0,0,2,2,3,4
11220,888,As|Co|Fe|Sr,1,4,2,2,1,2,0,3,3,0,2,2
11221,276,Ca|Cu|O|Sr,0,0,3,4,4,0,1,2,3,1,1,0
11222,2937,Hf|Os,0,3,3,3,4,1,3,1,2,1,4,2
11223,499,Mo|Tc,2,3,0,0,0,1,4,3,1,1,1,1
11224,90,As|Fe|H|La|O,2,3,1,3,4,0,3,2,2,1,1,2
11225,1204,Au|Nb,1,4,2,3,0,2,2,0,1,2,0,4
11226,2593,B|Ca|Pd,0,0,0,2,0,1,1,0,2,1,2,4
11227,1787,Ce|Co|In|Ir,1,3,1,1,1,0,0,2,4,1,0,0
11228,157,Cu|Ge,2,1,0,0,0,1,0,2,3,4,0,2
11229,2139,Pd|W,1,4,2,3,1,2,2,4,1,3,2,3
11230,413,B|Ba|Cu|O|Sr|Y,0,1,4,4,2,2,1,1,3,0,0,4
11231,1512,C|Mg|Ni|Ru,1,2,3,2,0,3,4,1,2,2,4,2
11232,1923,Bi|Pd,2,2,3,3,0,2,4,0,0,0,2,0
11233,866,Ba|Cs|Cu|O|Y,3,2,0,0,2,2,3,4,1,4,2,3
11234,1084,Au|In|Pd|Y,3,0,2,3,4,2,0,0,2,4,1,4
11235,1137,Ca|Cl|Cu|Na|O,2,2,4,3,3,0,3,1,2,4,1,1
11236,1946,As|Ce|F|Fe|O,4,3,0,0,3,0,0,2,2,2,1,2
11237,429,Cu|La|Ni|O|Sr,0,4,1,1,3,1,4,4,0,0,3,0
11238,663,Rh|Se,4,0,3,0,1,0,1,4,3,2,0,2
11239,2657,Ce|Cu|Eu|O|Y,0,2,3,0,0,2,0,0,3,0,2,4
11240,489,Ge|Y,3,0,4,4,4,3,0,2,2,4,4,1
11241,290,Ba|Ca|Cu|La|O|Y,2,0,4,0,1,2,1,0,2,3,2,1
11242,2938,C|Cr|Cu|O|Sr|Tl,0,2,2,3,0,3,2,4,0,1,0,4
11243,289,Pd|Zr,4,0,3,3,1,0,0,3,2,3,1,1
11244,64,Ba|Cu|O|Y|Zn,1,1,2,4,3,2,0,3,4,4,2,1
11245,224,Ce|Cu|La|Nd|O,3,0,0,4,2,0,0,1,4,4,1,2
11246,1607,Al|La|Tb,2,3,2,4,4,4,1,1,1,3,2,2
11247,1364,Ni|Zr,2,1,2,3,2,1,4,1,0,4,1,4
11248,189,Rh|Zr,4,0,1,3,3,1,0,2,0,2,4,4
11249,601,As|Sn|Te,3,0,4,1,4,0,2,4,4,3,4,2
11250,2939,La|N,2,2,1,2,1,2,2,4,1,3,0,4
11251,217,Ce|Cu|O|Sm,3,0,2,1,4,4,1,0,0,3,0,2
11252,336,Ba|Cu|O|Pr|Sm,3,3,2,0,3,2,3,3,4,1,4,1
11253,2685,Cu|La|Na|O|Sr,1,3,2,0,0,1,0,0,3,1,4,1
11254,59,Bi|Ca|Cu|O|Sr,2,1,2,3,0,3,1,4,1,4,3,2
11255,57,Ba|Ca|Co|Cu|O|Y,1,1,3,4,0,1,3,4,4,1,4,2
11256,2264,As|F|Fe|O|Ru|Sm,4,1,2,4,3,4,3,3,4,3,4,2
11257,2940,Ge|Pd|Rh|Sr,3,0,2,3,3,2,0,0,0,4,4,3
11258,382,Bi|Ca|Cu|Hg|O|Sr,1,3,0,1,2,0,3,3,3,4,2,0
11259,1738,Cr|Ir,0,0,4,4,4,1,1,3,1,3,4,0
11260,227,Pd|Te,4,0,0,0,2,0,4,1,2,3,2,3
11261,183,Ba|Ca|Cu|O|Tl,2,3,4,2,0,4,0,3,0,4,0,2
11262,2252,Cu|Fe|Se,4,1,3,2,0,1,0,0,4,2,4,1
11263,473,Ba|Ca|Cu|O|Sr|Yb,2,2,0,1,4,2,1,0,0,0,1,2
11264,216,Cu|La|O|Sr,4,4,1,1,0,1,1,0,2,2,0,4
11265,189,Rh|Zr,4,0,1,3,3,1,3,1,4,4,3,4
11266,65,Ba|Bi|K|O,3,2,0,2,0,0,1,0,4,0,3,3
11267,183,Ba|Ca|Cu|O|Tl,2,3,4,2,0,4,1,1,0,1,0,2
11268,42,Cu|La|O|Sr|Zn,1,2,4,4,3,1,1,1,3,2,4,1
11269,114,Cu|O|Sr|Y,4,3,4,2,2,3,2,4,0,3,3,4
11270,2332,Ca|Cu|O|Sr|Tl|Yb,3,2,3,0,1,4,4,3,4,2,4,1
11271,1406,Sn|Te,4,3,2,4,0,4,1,3,2,2,4,0
11272,1719,As|Ca|Fe|Pt|Sm,0,3,1,2,4,2,1,3,4,2,3,4
11273,684,Ba|Ca|Cu|Hg|O,0,1,4,0,4,3,3,2,1,0,0,4
11274,79,Fe|Se|Te,4,3,3,0,1,3,1,4,0,1,0,0
11275,1062,Ce|Co|In|Yb,3,1,4,2,4,3,2,3,4,3,0,4
11276,888,As|Co|Fe|Sr,1,4,2,2,1,2,1,2,2,1,1,2
11277,1643,Ca|Ge|Ir,2,0,3,4,0,0,4,3,1,1,0,3
11278,1924,Ag|Se|Sn,3,4,1,1,2,0,0,4,2,0,0,4
11279,286,Ba|Cu|O|Pr|Y,3,1,2,0,3,0,3,3,0,2,2,3
11280,57,Ba|Ca|Co|Cu|O|Y,1,1,3,4,0,1,3,4,0,4,4,2
11281,677,Ni|U,2,3,4,1,3,2,4,4,4,2,0,2
11282,683,Co|Cr|Cu|S,0,0,0,1,4,1,0,0,0,2,0,4
11283,2941,B|Hf,4,2,4,4,2,4,3,1,3,2,0,0
11284,1758,Ca|Cr|Cu|O|Sr,3,1,2,4,4,0,3,2,1,0,2,3
11285,600,Bi|Cu|La|O|Pb|Sr|Y,2,0,0,1,1,1,2,1,0,2,4,2
11286,2942,Ba|Pb|Sr,0,1,4,4,3,1,1,2,1,3,4,2
11287,244,As|F|Fe|La|Mn|O|Y,3,1,3,4,2,3,2,0,3,3,1,0
11288,2682,Th|Tm,0,2,4,4,4,1,1,1,0,4,3,1
11289,1975,Mo|Nb|Ti,3,4,3,1,0,2,0,3,1,1,0,3
11290,128,Cl|Li|N|Zr,1,1,2,3,1,1,4,2,1,1,2,4
11291,383,Al|Nb|Sn,3,2,0,2,4,4,1,2,4,0,2,0
11292,1118,Ce|Cu|Nd|O|Zn,3,0,2,0,3,2,2,2,0,1,1,2
11293,925,Ba|Cu|Gd|O|Sr,4,4,0,1,2,0,4,0,4,2,3,4
11294,292,Ba|Cu|Fe|O|Y,0,4,0,1,4,3,4,0,4,0,3,4
11295,469,Ba|Ca|Cu|Gd|Hf|O,4,4,4,3,0,2,2,1,1,0,3,1
11296,639,Ca|Cu|O|Sr|Tl|Y,3,4,1,0,3,1,3,1,0,2,1,1
11297,216,Cu|La|O|Sr,4,4,1,1,0,1,2,1,2,0,1,4
11298,2943,Fe|O|P|Sm,1,0,0,1,3,0,2,4,4,4,0,1
11299,1161,Nb|Tc,4,1,2,1,1,1,3,1,0,2,2,2
11300,236,Ba|Cu|O|Tm,4,3,1,0,0,1,1,3,4,1,4,3
11301,2944,B|Rh|Sm,2,3,4,4,3,3,4,4,4,0,4,2
11302,1509,Bi|Ca,0,1,1,3,3,4,2,0,2,1,2,0
11303,1137,Ca|Cl|Cu|Na|O,2,2,4,3,3,0,1,0,3,3,1,1
11304,557,As|Ca|Fe|Na,0,1,1,0,0,3,1,1,2,3,1,3
11305,2945,Fe|P|Y,3,1,2,1,0,3,1,0,3,0,2,0
11306,1050,Ba|Ca|Cu|Ho|O,2,2,0,1,2,4,4,1,1,3,3,4
11307,2946,C|Ir|Lu|Si,4,0,0,0,4,1,1,0,0,1,1,3
11308,387,Bi|Ce|F|O|S,4,4,3,2,2,4,4,0,4,2,0,3
11309,85,Rh|Ta,3,2,3,2,1,4,3,2,1,3,0,2
11310,1941,Co|Nb|Rh,4,4,1,2,1,1,2,1,0,1,2,2
11311,1,Ba|Ca|Cu|La|O,0,0,1,3,2,4,2,2,3,0,3,0
11312,31,Ba|Cu|O|Pr|Sr|Y,0,2,3,4,1,0,3,1,1,0,4,2
11313,74,Ba|Cu|La|O|Y,2,3,3,3,3,1,0,1,4,3,3,2
11314,1219,C|Cs|Na,1,4,3,4,3,0,0,2,4,2,0,3
11315,2947,B|Mo|Sc,0,2,0,3,4,2,2,0,2,0,4,1
11316,1735,Nb|Se|Sn,0,2,2,0,0,3,2,2,4,4,2,2
11317,1062,Ce|Co|In|Yb,3,1,4,2,4,3,4,3,3,4,3,4
11318,12,Ba|Ca|Cu|O|Y,3,3,3,3,4,4,3,3,1,0,3,3
11319,1762,As|Ca|Fe|La,1,0,4,2,4,3,0,3,4,4,4,4
11320,12,Ba|Ca|Cu|O|Y,3,3,3,3,4,4,3,2,4,1,1,3
11321,2816,Ca|Mo|S,2,0,1,3,0,4,0,2,1,2,4,0
11322,601,As|Sn|Te,3,0,4,1,4,0,3,2,0,1,0,2
11323,482,Nb|V|Zr,1,0,3,3,1,3,3,4,4,3,0,0
11324,74,Ba|Cu|La|O|Y,2,3,3,3,3,1,4,3,0,3,4,2
11325,35,Bi|Cu|O|Pr|Sr,4,3,1,4,4,0,1,2,0,3,4,3
11326,42,Cu|La|O|Sr|Zn,1,2,4,4,3,1,4,2,1,3,1,1
11327,1076,Pb|Sn,3,2,4,1,4,2,1,1,2,4,1,0
11328,1749,As|Co|Fe|O|Pr|Sr,0,1,2,2,4,2,1,4,4,2,4,3
11329,2838,Nb|Rh|Ru,4,1,0,3,2,3,3,0,0,4,4,3
11330,2948,Os|Si|Tm,1,1,2,3,3,1,4,2,3,4,0,2
11331,1015,As|F|Fe|O|P|Sm,3,0,1,2,2,1,3,4,4,0,1,1
11332,1941,Co|Nb|Rh,4,4,1,2,1,1,0,1,2,2,2,2
11333,2949,H|Na|O|Pb|S|Ta,2,0,4,3,3,4,1,3,1,3,4,1
11334,2950,Ba|Ca|Cu|Gd|O|Pr,3,2,0,3,1,2,4,0,0,0,1,0
11335,57,Ba|Ca|Co|Cu|O|Y,1,1,3,4,0,1,4,3,0,1,2,2
11336,504,Al|Ga|Nb,2,4,3,1,2,0,3,2,2,1,4,3
11337,2496,La|Sb,0,4,2,1,3,4,0,3,1,3,3,2
11338,2951,Ba|Ge|Na,4,4,3,4,0,3,4,4,3,1,0,4
11339,1097,Er|Pd|Sn|Y,0,2,3,0,0,4,3,1,3,4,1,4
11340,1227,In|Pd,3,3,1,4,1,3,4,2,4,3,1,4
11341,2821,Br|Cl|Hf|Li|N,2,0,0,0,1,0,0,4,4,3,4,0
11342,1170,Ce|Gd|Ru|Y,3,2,4,2,0,0,2,3,2,2,3,3
11343,43,Fe|K|Se,2,2,3,2,1,3,3,3,3,2,4,0
11344,1533,La|Pr|Tl,0,0,1,4,2,4,3,2,0,0,4,3
11345,155,Ba|Cu|Dy|Ga|O,1,3,4,2,3,2,0,0,3,2,1,1
11346,956,Ba|Cu|Eu|O|Pr,0,4,4,1,3,3,2,1,4,2,0,3
11347,1213,Cu|Mo|O|Sr|Y,3,2,2,3,1,3,3,1,1,2,0,0
11348,10,Cu|La|O|Pb|Sr,3,0,0,3,2,2,1,4,3,2,2,3
11349,86,Ba|Cu|O|Y,4,4,4,2,0,4,0,4,1,4,2,4
11350,932,As|F|Fe|Ni|O|Sm,3,4,0,3,0,2,2,1,4,3,3,2
11351,343,As|Ca|Fe|Pt,0,4,4,2,2,3,2,4,4,2,3,1
11352,1872,Ba|Na|O|Sb|Ti,0,0,2,2,3,0,3,1,3,0,0,0
11353,2952,As|Ca|Fe|O|Tb,0,3,2,4,3,1,1,3,3,1,1,3
11354,2953,As|Se|Y,1,2,3,2,0,3,3,4,2,3,4,2
11355,2812,Nb|Sb|Ti,0,3,0,4,4,4,4,4,0,1,0,3
11356,92,As|Ba|Co|Fe|Mn,0,0,4,4,2,2,2,3,0,3,0,2
11357,54,Nb|Ta,1,2,0,0,3,2,4,2,1,4,2,0
11358,686,Ba|Ca|Cu|O|Pr|Y,1,0,3,3,1,0,4,4,3,0,0,4
11359,1782,Co|Cu|Zr,0,3,0,0,4,1,0,0,2,1,4,1
11360,199,Al|Si|V,4,4,1,1,1,2,3,0,2,0,2,4
11361,2129,Mo|V,2,3,3,4,3,4,1,0,0,3,1,4
11362,542,Bi|Cu|La|O|Sr,1,3,4,1,2,1,3,3,3,4,1,2
11363,142,Br|C|I|Y,2,2,2,0,2,4,2,2,2,1,4,0
11364,2954,Ca|Cu|O|Pb|Sm|Sr,4,1,1,1,4,0,3,1,2,0,2,1
11365,2566,La|Rh,4,1,4,3,3,3,3,0,3,4,3,1
11366,7,N|V,0,4,3,2,3,0,1,4,4,2,0,4
11367,215,Ir|Nb|Ta,1,1,3,1,1,1,4,1,3,3,3,1
11368,2263,Co|U,4,0,2,1,1,0,1,3,4,4,2,3
11369,2955,Ba|Ca|Cu|O|Th,3,3,4,2,4,0,1,0,4,3,1,2
11370,2081,Ba|Cu|O|Tb|Y,0,4,3,0,4,1,0,1,4,2,4,3
11371,867,V|Zr,3,0,3,3,0,0,2,2,3,4,2,0
11372,1937,Tc|Ti,0,3,2,4,0,1,3,0,3,3,1,4
11373,461,Al|Ba|Cu|O|Y,1,0,4,4,3,2,3,2,0,3,0,4
11374,286,Ba|Cu|O|Pr|Y,3,1,2,0,3,0,0,4,0,4,2,3
11375,763,Fe|Lu|Si|Y,2,4,1,2,1,4,1,4,3,2,4,3
11376,542,Bi|Cu|La|O|Sr,1,3,4,1,2,1,1,4,3,0,2,2
11377,314,Al|La,0,1,0,4,1,0,0,3,4,4,3,4
11378,947,Bi|Cu|Nd|O|Sr|Y,4,3,4,4,3,0,3,0,4,2,2,0
11379,2956,As|Ir|Sr,2,4,1,3,2,2,4,3,3,1,2,3
11380,2671,Ca|Cu|Ni|O|Pb|Sr|Tl,4,3,3,1,2,1,4,4,1,1,1,4
11381,905,Cu|La|Nd|O,0,1,4,3,2,3,4,2,0,0,0,1
11382,348,B|C|Lu|Ni,1,4,1,3,3,4,2,3,1,3,4,1
11383,2957,Co|Ta|Zr,4,4,2,2,3,3,4,3,3,3,4,4
11384,74,Ba|Cu|La|O|Y,2,3,3,3,3,1,1,3,3,1,3,2
11385,2958,Ga|V|Zr,3,4,3,0,0,1,4,2,0,0,4,0
11386,2959,Al|Pd|Y,2,2,0,2,2,3,0,3,4,4,2,2
11387,1448,Ag|Sn|Te,4,1,1,2,4,0,1,1,0,1,2,0
11388,2667,In|Y,0,4,0,1,0,2,3,2,0,2,2,1
11389,140,Cu|S|Ta,4,2,1,0,0,4,3,4,4,0,2,3
11390,343,As|Ca|Fe|Pt,0,4,4,2,2,3,1,3,4,4,0,1
11391,383,Al|Nb|Sn,3,2,0,2,4,4,4,2,4,0,0,0
11392,22,Ba|Co|Cu|O|Y,3,0,2,2,0,4,2,1,4,3,4,3
11393,772,Er|Os|Sn,2,2,0,2,4,0,3,1,4,0,3,4
11394,287,Bi|Pb,3,2,1,1,1,3,4,2,2,2,1,1
11395,617,Ba|Cu|O|Pr|Yb,4,3,4,2,0,1,3,0,0,1,1,1
11396,374,Ba|Bi|O|Pb,1,3,3,2,1,2,1,1,0,3,2,0
11397,153,Ba|Cu|Ni|O|Y,1,4,4,4,2,1,2,3,2,4,1,1
11398,947,Bi|Cu|Nd|O|Sr|Y,4,3,4,4,3,0,4,0,1,3,1,0
11399,2533,C|H|K|N|Na,3,2,4,0,0,4,3,0,2,2,1,0
11400,604,Ga|Si|V,3,4,2,4,0,1,4,4,4,4,2,3
11401,2960,W,1,1,0,2,4,1,1,4,4,2,4,1
11402,762,Ge|Pt|Th,4,0,4,0,3,0,1,3,3,2,2,3
11403,1593,Cu|K|La|O,1,0,0,3,1,4,0,1,2,1,0,4
11404,2961,As|Ca|Fe|Sm,0,4,3,0,2,4,1,4,4,1,4,2
11405,559,B|C|Mg,0,3,1,1,2,2,1,2,0,4,0,3
11406,1587,As|Ca|Fe|Mg|O|Ti,2,2,0,4,3,1,0,1,1,0,1,2
11407,1535,Hf|Re,3,1,0,3,0,3,2,0,3,0,2,2
11408,1762,As|Ca|Fe|La,1,0,4,2,4,3,4,3,1,0,0,4
11409,23,Nb|Sn|V,0,0,1,0,2,4,2,4,0,0,4,4
11410,35,Bi|Cu|O|Pr|Sr,4,3,1,4,4,0,0,1,0,0,3,3
11411,109,Ba|Cu|Er|Fe|O|Zn,0,1,4,3,3,2,2,2,1,1,3,4
11412,898,Ba|Ca|Cu|Ni|O|Y,0,0,0,4,0,0,1,1,3,0,1,4
11413,971,As|Fe|O|Sm,0,1,4,3,3,1,4,0,0,4,4,3
11414,750,Pb|Sb,2,2,2,4,1,0,3,0,3,3,0,0
11415,1955,Ga|Pt,2,2,2,0,2,4,1,3,1,2,3,2
11416,570,In|Sn|Te,4,0,3,1,2,1,3,1,3,2,3,4
11417,2219,Bi|La|Pd,4,0,4,1,4,4,4,4,4,4,0,3
11418,2962,Al|N,4,0,4,2,4,2,0,0,1,3,2,3
11419,331,As|Co|Fe|Na,0,3,1,4,4,0,1,3,0,4,2,3
11420,422,Bi|Ca|Cu|O|Pb|Sr,3,0,1,3,0,1,1,3,1,4,0,4
11421,2267,B|C|Co|Er|Ni,4,1,4,3,3,1,4,3,2,0,3,3
11422,289,Pd|Zr,4,0,3,3,1,0,0,3,1,0,1,1
11423,1406,Sn|Te,4,3,2,4,0,4,3,0,4,0,4,0
11424,2963,B|Pt|Th,2,1,4,3,2,1,1,1,1,0,0,4
11425,1,Ba|Ca|Cu|La|O,0,0,1,3,2,4,1,4,2,3,0,0
11426,1,Ba|Ca|Cu|La|O,0,0,1,3,2,4,2,0,1,2,2,0
11427,450,Ba|Cu|F|O|Y,1,3,4,2,1,2,0,3,3,3,3,0
11428,2964,Fe|Rb|S|Se,2,4,2,0,4,0,0,4,0,1,0,3
11429,559,B|C|Mg,0,3,1,1,2,2,1,2,0,4,4,3
11430,269,Ba|Cu|La|Nd|O,3,1,4,1,0,3,0,4,0,2,2,1
11431,2026,Ce|Cu|O|Pr|V,4,2,3,3,4,4,0,1,4,1,4,3
11432,2965,Bi|Ce|Cu|Eu|O|Sr,0,2,2,3,4,4,3,2,0,2,1,0
11433,2484,As|Ca|Fe|Pr|Sb,2,1,2,1,4,3,0,1,1,0,4,2
11434,683,Co|Cr|Cu|S,0,0,0,1,4,1,3,2,2,2,3,4
11435,2966,Ca|Cu|Ho|O|Pb|Pt|Sr,1,1,3,0,1,1,3,3,3,4,1,1
11436,10,Cu|La|O|Pb|Sr,3,0,0,3,2,2,4,0,3,2,1,3
11437,2680,Co|H|Ir|Na|O,2,1,2,3,1,1,0,0,1,2,1,2
11438,264,Ga|Mo|Nb,1,1,2,3,1,4,4,3,3,1,3,2
11439,2967,As|Fe|Nd|O|Th,0,3,3,2,2,0,4,4,1,2,0,2
11440,507,Ba|Cu|H|O|Y,2,1,2,4,1,2,2,3,3,2,3,2
11441,148,Nb|Ti,4,0,1,0,2,1,2,0,1,3,3,2
11442,290,Ba|Ca|Cu|La|O|Y,2,0,4,0,1,2,0,4,3,1,0,1
11443,64,Ba|Cu|O|Y|Zn,1,1,2,4,3,2,3,2,1,2,0,1
11444,2968,Ga|Pb,4,2,1,3,3,4,1,0,3,0,1,3
11445,678,C|La,2,0,0,3,3,2,0,4,3,4,4,0
11446,429,Cu|La|Ni|O|Sr,0,4,1,1,3,1,2,2,0,3,4,0
11447,289,Pd|Zr,4,0,3,3,1,0,0,0,1,3,3,1
11448,567,Ge|Nb|Sn,1,0,2,3,2,1,2,2,2,0,3,1
11449,2023,Ba|Cu|Fe|O|Sm,4,4,3,0,3,3,1,1,1,0,2,2
11450,2969,Al|Mo,3,3,4,2,1,3,0,1,3,1,3,4
11451,1014,Bi|Ce|Pb|Te,0,0,3,2,0,2,0,3,1,1,4,1
11452,2970,Cr|Fe|Se,2,4,2,4,0,2,3,2,2,2,4,4
11453,1202,Ir|Ru|Th,0,4,4,1,4,2,0,1,4,3,0,1
11454,34,Os|Pr|Ru|Sb,2,2,2,1,0,0,2,1,2,1,2,1
11455,2971,P|Rh|Zr,1,1,2,1,1,4,2,0,0,4,2,0
11456,269,Ba|Cu|La|Nd|O,3,1,4,1,0,3,3,0,2,1,0,1
11457,54,Nb|Ta,1,2,0,0,3,2,4,0,1,0,2,0
11458,240,As|Ba|Co|Fe|K,1,2,4,0,0,4,1,0,0,1,4,1
11459,207,Ce|La,4,4,2,3,2,4,2,0,0,2,4,2
11460,64,Ba|Cu|O|Y|Zn,1,1,2,4,3,2,3,1,3,2,2,1
11461,906,Nb|Sn,2,1,1,4,2,2,1,1,0,1,3,3
11462,86,Ba|Cu|O|Y,4,4,4,2,0,4,1,4,1,4,4,4
11463,65,Ba|Bi|K|O,3,2,0,2,0,0,4,1,2,2,4,3
11464,143,Au|Te,3,2,4,0,3,4,4,3,3,0,2,4
11465,1391,Ge|H|V,1,3,0,4,3,4,4,1,3,1,2,3
11466,103,Pd|Sn|Tm|Y,4,3,2,0,0,1,4,4,4,2,4,0
11467,2972,As|Ba|Fe|Mn|P,0,3,1,1,4,3,2,3,4,2,2,0
11468,1266,B|C|Gd|Ni|Y,1,0,0,1,3,3,2,1,2,1,0,1
11469,134,As|Fe|O|Sr|V,1,1,1,3,2,2,3,0,4,1,0,1
11470,79,Fe|Se|Te,4,3,3,0,1,3,4,1,3,2,2,0
11471,1944,Co|Fe|Se,4,1,1,0,1,3,4,0,4,2,3,4
11472,2973,Cu|O|Sr,1,0,4,1,2,3,3,1,4,3,4,3
11473,12,Ba|Ca|Cu|O|Y,3,3,3,3,4,4,0,3,1,0,2,3
11474,2974,Ca|Cu|Eu|O|Sr|Tl,2,0,1,0,4,2,0,3,4,3,0,1
11475,640,As|Ba|Fe|Na,4,4,2,3,1,0,4,2,4,1,1,1
11476,1288,Bi|Cu|O|Sr,3,1,4,0,1,4,2,4,4,0,4,2
11477,1326,As|Eu|Fe|Rb,1,1,2,4,1,4,4,4,1,0,2,1
11478,130,Be|Th|U,2,4,1,0,3,3,2,2,1,2,0,0
11479,286,Ba|Cu|O|Pr|Y,3,1,2,0,3,0,0,4,2,4,3,3
11480,416,As|Ba|Co|Fe,3,2,2,4,2,1,2,1,4,3,1,3
11481,699,Al|Ni|U,1,4,3,1,2,4,0,0,2,2,2,3
11482,1477,Ca|Cu|F|Nd|O|Sr,2,1,0,1,0,4,4,3,0,0,1,0
11483,2975,Se|W|Yb,3,0,0,0,1,1,4,3,1,2,0,2
11484,798,Ga|Nb|Ni,4,3,3,0,4,1,1,3,2,0,4,2
11485,1402,Al|Ga|Pd|U,4,3,2,4,0,4,1,2,1,4,0,0
11486,581,Ti|V,3,1,3,1,1,2,3,0,4,2,4,0
11487,58,Co|H|Na|O,1,1,0,1,1,1,1,0,1,3,1,3
11488,422,Bi|Ca|Cu|O|Pb|Sr,3,0,1,3,0,1,1,1,2,3,0,4
11489,306,Ni|Si|Sr,4,0,0,2,4,0,3,2,2,0,3,1
11490,575,Os|W,2,0,2,1,2,2,4,1,0,3,4,4
11491,1229,As|F|Fe|La|O|Y,3,3,3,1,4,1,4,0,2,2,0,2
11492,1182,Ba|Cu|Er|O|Pr,3,1,4,2,0,1,3,4,2,0,3,2
11493,351,Ba|Cu|Hg|O,0,1,0,3,3,4,0,1,0,3,0,2
11494,2976,Ba|Ca|Cu|La|O|P,4,1,3,0,2,2,3,0,0,1,3,2
11495,286,Ba|Cu|O|Pr|Y,3,1,2,0,3,0,2,0,3,4,4,3
11496,1350,Fe|Ni|Se|Te,2,4,4,4,4,1,2,4,1,3,0,1
11497,912,Fe|Se,0,0,3,4,0,4,0,4,2,4,0,0
11498,1738,Cr|Ir,0,0,4,4,4,1,4,0,1,1,0,0
11499,54,Nb|Ta,1,2,0,0,3,2,3,0,0,2,0,0
11500,79,Fe|Se|Te,4,3,3,0,1,3,1,2,3,2,1,0
11501,560,Ge|Lu|Rh,2,4,0,2,3,4,0,0,4,3,1,4
11502,904,Ba|Cd|Cu|O|Y,0,2,2,1,3,3,2,0,2,0,3,3
11503,46,As|Ba|Co|Fe|Zn,1,3,3,2,1,3,1,3,0,1,0,3
11504,338,As|Ce|Fe|H|O,3,0,1,0,2,1,1,0,0,1,2,0
11505,89,In|Pb|Sn|Te,1,2,1,2,3,2,0,3,2,2,0,1
11506,817,Ce|Cu|Gd|O|Sm,1,1,0,4,3,4,2,3,0,4,0,2
11507,287,Bi|Pb,3,2,1,1,1,3,2,4,3,0,3,1
11508,117,Cu|V,2,0,3,1,4,4,1,2,2,3,1,0
11509,862,Hg|K,3,3,3,3,2,0,4,0,4,4,4,4
11510,202,Bi|Sb,0,0,2,1,0,3,2,0,0,0,0,4
11511,558,Br|C|Cl|Y,3,1,0,2,0,3,4,3,2,2,4,2
11512,1857,Pt|U,4,0,0,0,4,4,2,2,1,4,3,4
11513,2174,Th|Y,1,3,0,0,1,1,2,2,3,4,2,0
11514,298,As|Fe|H|O|P|Sm,3,0,2,4,1,2,3,3,1,0,1,4
11515,1285,O|Rb|W,4,2,2,3,3,4,0,0,1,3,3,1
11516,850,Cu|Fe|La|O|Sr,2,0,4,4,0,2,1,4,1,4,4,0
11517,351,Ba|Cu|Hg|O,0,1,0,3,3,4,1,4,3,2,1,2
11518,420,Ce|Cu|Nd|O,0,3,2,4,2,0,4,1,1,0,1,0
11519,686,Ba|Ca|Cu|O|Pr|Y,1,0,3,3,1,0,3,4,4,0,1,4
11520,89,In|Pb|Sn|Te,1,2,1,2,3,2,4,4,1,1,2,1
11521,2242,Re|Ti,0,0,2,2,2,3,3,1,0,1,1,1
11522,785,Se|Ta|Te,0,2,0,1,1,0,4,3,4,0,4,1
11523,351,Ba|Cu|Hg|O,0,1,0,3,3,4,2,0,3,0,0,2
11524,287,Bi|Pb,3,2,1,1,1,3,4,0,1,0,0,1
11525,611,Ce|Cu|Eu|O|Ru|Sr,3,3,4,0,1,2,2,1,4,1,0,4
11526,100,Co|Y,0,4,4,4,1,4,4,2,3,1,0,1
11527,873,Ba|Ca|Cd|Cu|La|O,1,4,4,3,4,3,0,0,4,0,4,1
11528,166,Ce|La|Ru,3,4,1,1,0,3,4,1,2,4,1,1
11529,2516,Ge|La|Pd,2,4,4,3,0,2,1,2,3,4,1,1
11530,64,Ba|Cu|O|Y|Zn,1,1,2,4,3,2,3,0,3,0,4,1
11531,118,Ir|Mo,3,0,4,2,3,3,2,4,3,3,4,0
11532,22,Ba|Co|Cu|O|Y,3,0,2,2,0,4,0,4,3,0,3,3
11533,584,Ba|Ca|Cd|Cu|O|Pb|Sr|Y,3,4,3,0,0,3,1,3,2,3,1,3
11534,1261,Ca|Pb|Tl,3,2,4,0,3,3,2,4,0,0,3,3
11535,811,Hg|Sn,4,2,4,4,2,3,3,3,3,4,0,1
11536,604,Ga|Si|V,3,4,2,4,0,1,1,3,3,0,0,3
11537,2977,Ge|Sc,0,1,2,1,1,2,0,0,2,2,3,4
11538,199,Al|Si|V,4,4,1,1,1,2,2,1,2,1,1,4
11539,192,Nb|Ta|Ti,2,0,0,2,0,4,2,0,2,3,0,0
11540,74,Ba|Cu|La|O|Y,2,3,3,3,3,1,3,1,2,3,1,2
11541,130,Be|Th|U,2,4,1,0,3,3,1,3,0,0,4,0
11542,1783,Bi|O|S|Se,0,0,2,3,0,0,2,2,2,0,1,2
11543,183,Ba|Ca|Cu|O|Tl,2,3,4,2,0,4,3,1,2,0,1,2
11544,2446,In|Sb,0,4,4,2,4,0,4,4,0,1,0,4
11545,45,Ca|Cu|La|O,1,2,0,2,3,1,3,1,3,0,2,0
11546,614,Cr|Ru,4,3,1,1,3,0,3,3,1,2,1,3
11547,1217,B|Ir|Rh|Sc|Y,2,1,0,3,2,3,3,0,3,4,1,3
11548,1809,Ce|Cu|Fe|Nd|O,1,3,3,1,2,3,2,3,4,4,4,1
11549,254,Cu|Fe|O|Sr|Y,4,1,1,3,3,2,4,1,1,0,3,0
11550,2537,Bi|Cs|Te,4,3,4,4,2,3,1,2,0,3,0,3
11551,422,Bi|Ca|Cu|O|Pb|Sr,3,0,1,3,0,1,3,3,1,0,1,4
11552,634,C|Ni|Th|Y,3,0,2,3,1,2,0,0,1,3,1,1
11553,1168,Ba|Ca|Cu|Er|O,4,2,4,3,1,1,4,2,0,1,1,1
11554,833,Lu|Rh,1,3,3,0,2,3,1,0,4,1,3,4
11555,1950,Mo|S|Sr,0,1,0,2,4,4,0,2,3,2,0,3
11556,59,Bi|Ca|Cu|O|Sr,2,1,2,3,0,3,4,4,2,3,4,2
11557,1061,Ba|Ca|Cu|La|O|Pr,0,0,4,1,0,1,1,3,3,2,3,4
11558,416,As|Ba|Co|Fe,3,2,2,4,2,1,4,0,3,0,2,3
11559,290,Ba|Ca|Cu|La|O|Y,2,0,4,0,1,2,1,2,0,3,2,1
11560,1206,Pd|Sb,0,4,2,3,1,3,2,4,3,2,1,3
11561,617,Ba|Cu|O|Pr|Yb,4,3,4,2,0,1,0,0,2,2,1,1
11562,11,Ba|Cu|Nd|O,4,1,1,2,1,1,0,3,2,2,0,4
11563,325,P|S|Zr,3,4,1,3,0,0,1,3,4,3,2,3
11564,379,Ce|In|Ir|Rh,0,1,4,3,1,0,1,4,4,2,3,4
11565,1809,Ce|Cu|Fe|Nd|O,1,3,3,1,2,3,0,4,2,1,4,1
11566,227,Pd|Te,4,0,0,0,2,0,3,4,3,0,2,3
11567,651,Ir|Os|Rh,0,1,4,2,4,2,1,2,3,0,3,1
11568,2452,La|Pd|Sb,2,0,1,4,4,0,0,3,2,3,4,3
11569,2578,Cu|F|O|Sr,1,2,3,3,4,3,4,4,1,1,0,2
11570,1436,B|Er|Lu|Ru,2,1,1,0,3,1,2,2,2,0,2,1
11571,817,Ce|Cu|Gd|O|Sm,1,1,0,4,3,4,0,3,2,4,4,2
11572,0,As|Ba|Fe|K,0,4,2,3,0,4,4,2,4,1,3,1
11573,1833,Ir|Nb|O,2,3,2,1,1,4,3,3,4,4,4,4
11574,2978,Sc|Tc,1,3,1,0,0,4,4,2,2,2,1,3
11575,289,Pd|Zr,4,0,3,3,1,0,4,3,0,4,2,1
11576,2979,As|Ba|Cu|Fe,2,3,3,4,3,1,3,0,4,4,1,2
11577,559,B|C|Mg,0,3,1,1,2,2,0,3,3,3,2,3
11578,1565,As|Fe|H|O|Sm,2,4,0,4,4,3,0,4,3,1,2,1
11579,269,Ba|Cu|La|Nd|O,3,1,4,1,0,3,2,0,1,3,2,1
11580,343,As|Ca|Fe|Pt,0,4,4,2,2,3,0,3,3,4,4,1
11581,74,Ba|Cu|La|O|Y,2,3,3,3,3,1,1,4,4,2,4,2
11582,1229,As|F|Fe|La|O|Y,3,3,3,1,4,1,2,1,0,3,4,2
11583,79,Fe|Se|Te,4,3,3,0,1,3,3,2,1,4,1,0
11584,2980,Bi|Ce|Pd,3,1,3,2,2,1,1,0,2,2,0,2
11585,42,Cu|La|O|Sr|Zn,1,2,4,4,3,1,4,0,0,3,3,1
11586,311,Ba|Cu|Ga|O|Sr|Y,2,0,3,2,1,4,3,4,1,3,4,0
11587,64,Ba|Cu|O|Y|Zn,1,1,2,4,3,2,3,2,2,1,0,1
11588,286,Ba|Cu|O|Pr|Y,3,1,2,0,3,0,3,4,2,4,4,3
11589,276,Ca|Cu|O|Sr,0,0,3,4,4,0,2,2,4,1,3,0
11590,2981,Sb,4,1,4,1,3,3,4,2,3,2,0,3
11591,22,Ba|Co|Cu|O|Y,3,0,2,2,0,4,2,3,0,2,4,3
11592,74,Ba|Cu|La|O|Y,2,3,3,3,3,1,1,4,2,2,1,2
11593,2683,Ge|La|Pd|Sn,1,1,0,1,1,2,4,1,1,0,3,3
11594,2839,Cr|Cu|Fe|O,1,4,2,2,2,0,2,3,4,1,0,4
11595,1870,Cr|Re,3,3,1,2,3,3,0,1,0,2,1,3
11596,2982,Ru|Si|Ta,0,1,0,0,3,1,3,3,1,1,4,1
11597,35,Bi|Cu|O|Pr|Sr,4,3,1,4,4,0,1,0,3,1,3,3
11598,477,Nb|Ti|Zr,0,1,1,1,3,3,1,2,2,3,2,3
11599,1108,Ce|Cu|O|Pr,2,0,2,2,4,1,2,1,4,1,0,0
11600,2983,Ca|Ir,1,1,4,1,1,0,1,3,3,3,0,2
11601,172,B|Nb,4,3,2,3,2,0,2,4,3,2,4,1
11602,798,Ga|Nb|Ni,4,3,3,0,4,1,0,4,3,2,0,2
11603,2769,C|Pt|Rh|U,3,3,0,4,0,3,4,3,4,0,4,2
11604,286,Ba|Cu|O|Pr|Y,3,1,2,0,3,0,4,4,2,4,4,3
11605,2984,Mo|S,2,3,0,4,2,0,4,2,4,4,3,3
11606,2985,Ga|Mo|S|Sn,3,0,3,1,0,3,0,3,3,4,2,3
11607,2986,Ce|Co|Ge,4,1,2,1,2,2,2,1,1,2,3,4
11608,2987,Na|O|V,0,2,3,4,3,1,0,4,4,2,2,0
11609,2931,N|Nb|O|Si,1,2,4,0,0,3,0,4,3,4,2,4
11610,62,Al|Ge|Nb,2,3,3,0,1,3,2,3,3,2,0,2
11611,614,Cr|Ru,4,3,1,1,3,0,4,0,4,3,0,3
11612,569,B|C|Ni|Pd|Y,0,0,1,4,4,4,1,0,0,4,4,1
11613,199,Al|Si|V,4,4,1,1,1,2,1,3,3,2,4,4
11614,350,Ba|Ca|Cu|La|Nd|O,2,4,3,4,0,4,1,4,4,2,0,1
11615,2334,Si|V|Zr,4,4,2,0,4,0,0,4,4,4,3,4
11616,2988,C|Cs|K,1,3,2,1,1,1,0,4,1,1,3,1
11617,11,Ba|Cu|Nd|O,4,1,1,2,1,1,0,4,2,4,3,4
11618,461,Al|Ba|Cu|O|Y,1,0,4,4,3,2,4,1,1,0,1,4
11619,273,Bi|Cu|La|O|Pb|Sr,4,4,0,0,0,1,3,2,0,4,3,2
11620,624,Ru|Zr,0,4,4,2,3,3,4,2,3,1,3,3
11621,2989,Bi|Er|Pd,1,2,2,1,4,2,0,3,0,0,0,2
11622,36,Bi|Ca|Cu|O|Sr|Y,4,2,4,1,1,0,3,4,1,0,2,4
11623,2990,B|Dy|Ru|Th,3,0,2,4,0,1,0,0,0,3,2,3
11624,553,Ba|O|Rb|Sb|Ti,3,0,1,3,4,2,4,3,3,0,1,4
11625,42,Cu|La|O|Sr|Zn,1,2,4,4,3,1,3,4,1,4,0,1
11626,632,Au|Sn,1,2,0,2,0,1,4,3,3,2,1,0
11627,222,Pb|Te|Tl,4,3,4,4,1,0,2,0,2,1,2,0
11628,1533,La|Pr|Tl,0,0,1,4,2,4,0,4,3,0,4,3
11629,74,Ba|Cu|La|O|Y,2,3,3,3,3,1,3,4,1,4,3,2
11630,2131,Pt|Sn,0,1,0,1,2,2,4,2,3,2,1,1
11631,89,In|Pb|Sn|Te,1,2,1,2,3,2,0,4,1,2,1,1
11632,2991,Th|Zn,2,2,0,0,1,0,1,4,0,1,1,4
11633,1352,Ag|Ge|Pd|Sr,2,4,0,1,2,0,1,0,4,2,4,2
11634,686,Ba|Ca|Cu|O|Pr|Y,1,0,3,3,1,0,1,2,3,0,2,4
11635,634,C|Ni|Th|Y,3,0,2,3,1,2,3,3,4,4,3,1
11636,2964,Fe|Rb|S|Se,2,4,2,0,4,0,4,4,3,4,3,3
11637,1482,As|Fe|La|O|Sr,4,2,1,3,2,2,4,2,3,1,3,1
11638,1758,Ca|Cr|Cu|O|Sr,3,1,2,4,4,0,1,1,4,1,0,3
11639,840,Ba|Cu|Nd|O|Sr,2,1,1,1,2,2,1,0,2,0,2,3
11640,192,Nb|Ta|Ti,2,0,0,2,0,4,3,0,4,0,0,0
11641,65,Ba|Bi|K|O,3,2,0,2,0,0,3,4,3,1,2,3
11642,2324,Ca|Cu|Gd|O|Sr|Tl,2,0,3,3,0,3,2,2,4,3,4,3
11643,314,Al|La,0,1,0,4,1,0,4,1,3,4,1,4
11644,1615,H|Rh|Zr,0,1,4,4,0,4,2,0,4,1,0,2
11645,16,Cu|Mo|S,0,3,1,3,0,4,3,4,0,4,4,3
11646,1881,As|Co|Fe|Mg|O|Sr|Ti,1,0,3,1,4,0,4,3,0,2,4,4
11647,1185,Ir|Nb,1,1,1,2,4,4,3,0,1,0,1,0
11648,863,Bi|Ca|Cu|F|O|Pb|Sr,3,2,3,3,2,1,2,3,3,1,4,3
11649,871,Cu|O|Sr|Ti|Y,3,2,4,2,1,3,1,2,4,0,2,3
11650,415,N|Nb|Ti,2,2,0,4,3,0,0,4,3,0,1,4
11651,392,C|Mo|Nb,0,1,3,4,0,0,1,0,0,3,1,1
11652,1565,As|Fe|H|O|Sm,2,4,0,4,4,3,2,3,0,4,0,1
11653,2292,Bi|La|Pb,3,4,0,2,2,0,0,1,2,3,2,3
11654,2808,Cr|Si|V,2,0,4,0,1,3,0,3,4,3,3,2
11655,62,Al|Ge|Nb,2,3,3,0,1,3,4,2,3,2,4,2
11656,881,Al|Li,2,3,1,3,2,2,1,0,4,2,1,3
11657,543,Nb|Pt|Rh,4,0,1,2,3,4,4,2,1,1,3,3
11658,292,Ba|Cu|Fe|O|Y,0,4,0,1,4,3,4,2,1,3,3,4
11659,79,Fe|Se|Te,4,3,3,0,1,3,3,3,3,2,1,0
11660,1866,Al|Ca|Si,0,0,0,2,2,1,0,4,2,3,4,4
11661,58,Co|H|Na|O,1,1,0,1,1,1,3,2,1,0,3,3
11662,1946,As|Ce|F|Fe|O,4,3,0,0,3,0,2,1,2,4,1,2
11663,618,H|Nb,4,0,3,3,3,0,2,0,0,0,1,0
11664,62,Al|Ge|Nb,2,3,3,0,1,3,0,3,0,1,4,2
11665,1277,As|Ca|Fe|La|Pt,2,0,4,1,0,0,3,1,1,2,4,1
11666,1352,Ag|Ge|Pd|Sr,2,4,0,1,2,0,1,4,2,1,2,2
11667,241,Ga|V,4,3,1,0,4,2,2,2,1,2,3,0
11668,2627,Ag|Bi|Pb|Se,0,2,4,2,3,4,4,2,0,1,2,4
11669,89,In|Pb|Sn|Te,1,2,1,2,3,2,0,3,3,0,3,1
11670,2077,Ir|Pd|Te,2,2,4,3,4,2,0,1,3,4,3,4
11671,1328,Ga|Zr,0,1,0,4,0,2,2,2,0,0,4,4
11672,1,Ba|Ca|Cu|La|O,0,0,1,3,2,4,3,1,1,1,1,0
11673,966,As|Co|Fe|La|O,1,1,3,1,0,2,3,4,4,2,2,1
11674,2795,Pd|Sc|Sn,0,4,2,3,0,0,1,1,1,2,1,2
11675,521,Nb|Rh,4,2,0,0,1,0,0,2,2,4,1,0
11676,474,As|F|Fe|O|Pr,4,2,3,4,2,3,4,2,0,4,3,4
11677,2992,Ge|Lu|Os,2,2,4,2,1,1,1,3,0,0,2,1
11678,1844,Fe|Rb|Se,1,4,4,4,2,0,4,4,1,0,1,3
11679,172,B|Nb,4,3,2,3,2,0,4,3,2,4,3,1
11680,1154,As|F|Fe|O|Sm,3,2,4,3,2,0,2,0,2,4,3,3
11681,70,B|C|Mn|Ni|Y,1,0,4,3,0,0,3,0,2,4,4,3
11682,378,Ag|In|Te,0,2,4,2,1,4,3,2,1,0,3,1
11683,1782,Co|Cu|Zr,0,3,0,0,4,1,0,2,2,3,2,1
11684,925,Ba|Cu|Gd|O|Sr,4,4,0,1,2,0,2,3,0,3,3,4
11685,886,Ba|Si,1,0,4,0,3,1,1,4,1,4,4,3
11686,272,B|C|La|Lu|Ni,2,2,4,1,0,4,1,0,0,3,4,3
11687,2525,As|Fe|O|Pr|Sr|Zn,4,2,4,0,0,3,0,4,0,3,2,2
11688,2993,Ce|Cu|Nd|O|Sr|Y,0,2,1,3,4,4,3,3,2,2,4,2
11689,930,H|Nb|Pd,1,2,3,3,2,1,2,4,4,1,1,1
11690,1364,Ni|Zr,2,1,2,3,2,1,1,3,2,2,1,4
11691,311,Ba|Cu|Ga|O|Sr|Y,2,0,3,2,1,4,2,0,3,1,4,0
11692,2394,Al|As|Ca|Fe|O,3,3,4,3,4,1,0,1,4,2,4,4
11693,2092,Mg|Zn,1,3,4,4,4,1,4,4,4,2,3,1
11694,525,Ba|Cu|O|Pr|Tm,0,4,0,2,4,3,2,3,0,3,2,3
11695,415,N|Nb|Ti,2,2,0,4,3,0,1,1,4,2,2,4
11696,317,Ba|Cu|O|Sm|Zn,4,0,4,0,0,1,0,1,1,0,4,1
11697,2894,B|Ta|W,1,3,1,3,2,1,4,2,4,1,1,1
11698,1565,As|Fe|H|O|Sm,2,4,0,4,4,3,4,0,3,4,2,1
11699,2994,Nb|P|S,1,3,3,1,3,0,2,0,3,1,3,3
11700,12,Ba|Ca|Cu|O|Y,3,3,3,3,4,4,0,0,3,0,2,3
11701,12,Ba|Ca|Cu|O|Y,3,3,3,3,4,4,3,4,0,3,0,3
11702,182,La|Y,2,0,1,3,4,0,4,1,3,2,1,1
11703,2023,Ba|Cu|Fe|O|Sm,4,4,3,0,3,3,3,3,2,0,1,2
11704,2034,Al|Mo|Nb,4,0,0,2,1,4,4,2,3,3,4,2
11705,2710,B|C|Cu|Lu|Ni,3,2,1,2,4,2,4,1,3,2,3,0
11706,524,Os|Re,2,3,4,2,4,3,2,1,0,1,4,3
11707,2533,C|H|K|N|Na,3,2,4,0,0,4,4,3,0,0,2,0
11708,366,As|Ba|Fe|Ni,0,1,0,4,4,3,3,2,0,0,0,1
11709,928,Al|Nb|Zr,1,4,4,0,0,2,0,4,3,1,0,1
11710,2995,In|Nb|Sb|Sn,0,4,1,0,4,2,4,3,4,2,1,1
11711,1600,Ca|Cu|O|Pb|Sr|Tl,2,3,3,3,3,2,2,3,2,3,3,2
11712,1160,Fe|U,4,0,4,0,3,1,0,3,1,2,1,1
11713,915,Sb|Sn,1,2,4,3,0,3,2,0,2,2,0,1
11714,189,Rh|Zr,4,0,1,3,3,1,2,2,3,1,2,4
11715,2996,Eu|Mo|S|Se|Sn,2,4,4,1,4,1,4,3,1,0,4,4
11716,79,Fe|Se|Te,4,3,3,0,1,3,0,0,3,1,2,0
11717,115,Pb|Tl,4,3,1,2,2,0,0,0,1,0,0,2
11718,911,Ba|Cu|Lu|O|Pr,2,3,0,2,0,3,4,4,0,0,1,3
11719,286,Ba|Cu|O|Pr|Y,3,1,2,0,3,0,3,2,1,1,0,3
11720,2997,Al|Si|U,3,2,4,2,4,4,2,1,1,0,2,0
11721,675,Ba|Cu|O|Sm,0,0,0,2,2,0,3,3,0,2,4,0
11722,1277,As|Ca|Fe|La|Pt,2,0,4,1,0,0,1,3,0,2,2,1
11723,45,Ca|Cu|La|O,1,2,0,2,3,1,4,2,3,2,0,0
11724,576,C|Co|Mg|Ni,1,2,1,0,4,1,2,4,1,2,4,2
11725,509,B|C|Dy|Ni|Y,2,4,2,4,2,0,2,2,3,4,4,0
11726,45,Ca|Cu|La|O,1,2,0,2,3,1,0,2,1,1,3,0
11727,1243,Co|Fe|U,4,4,3,4,1,1,1,2,0,3,4,3
11728,2069,In|Pb|Y,1,3,4,1,4,0,2,3,3,4,1,0
11729,516,Ba|Cu|Ho|O|Sr,1,2,0,1,3,1,3,1,2,3,2,0
11730,73,Bi|Rh,2,2,2,4,0,3,3,4,3,1,3,3
11731,2998,Hf|Rh|Ti,4,2,2,1,3,4,2,4,2,3,2,0
11732,1870,Cr|Re,3,3,1,2,3,3,4,4,4,0,0,3
11733,1597,Ca|Cu|Eu|O|Pb|Sr,3,2,2,3,0,0,1,3,3,2,3,0
11734,91,Ba|Ca|Co|Cu|Er|O,3,4,1,3,0,4,3,0,3,0,2,1
11735,1691,Bi|Ca|Cu|O|Pr|Sr,2,1,2,2,0,4,0,1,2,1,3,0
11736,51,Cu|La|O|Sm|Sr,4,3,2,4,3,3,1,1,4,2,0,4
11737,543,Nb|Pt|Rh,4,0,1,2,3,4,0,3,4,4,2,3
11738,587,Ba|Cu|Hg|O|Re,2,0,1,1,3,2,1,1,1,1,1,0
11739,1,Ba|Ca|Cu|La|O,0,0,1,3,2,4,4,4,0,2,0,0
11740,351,Ba|Cu|Hg|O,0,1,0,3,3,4,2,3,3,2,3,2
11741,841,Mo|Ti|V,1,0,3,2,0,3,4,1,3,3,4,0
11742,153,Ba|Cu|Ni|O|Y,1,4,4,4,2,1,4,4,1,0,1,1
11743,2999,As|Ni|O|Sc|Sr,0,3,3,1,3,4,1,2,0,4,1,2
11744,542,Bi|Cu|La|O|Sr,1,3,4,1,2,1,3,1,0,0,2,2
11745,487,Ba|Cu|Eu|O,3,1,0,1,2,0,4,0,2,2,2,2
11746,34,Os|Pr|Ru|Sb,2,2,2,1,0,0,2,3,0,4,1,1
11747,169,La|Sn,0,0,0,2,2,1,1,2,3,2,1,3
11748,559,B|C|Mg,0,3,1,1,2,2,4,1,2,3,4,3
11749,928,Al|Nb|Zr,1,4,4,0,0,2,1,4,2,4,3,1
11750,1040,Ge|Te,2,4,2,2,1,0,2,0,3,0,2,2
11751,3000,Th|Tl,1,3,4,4,4,1,0,0,1,1,4,3
11752,621,Ba|Cu|O|Sn|Sr|Y,4,0,4,1,4,4,3,1,1,4,4,0
11753,2187,Rh|V,2,4,3,0,0,2,2,4,1,3,0,4
11754,2913,Ba|Bi,3,4,0,2,4,3,0,4,1,1,3,2
11755,261,Ba|Cu|Nd|O|Pr,3,1,2,4,3,0,2,2,3,2,4,3
11756,74,Ba|Cu|La|O|Y,2,3,3,3,3,1,2,2,1,3,3,2
11757,1318,Ir|Re,3,0,2,4,2,0,0,3,4,2,0,4
11758,292,Ba|Cu|Fe|O|Y,0,4,0,1,4,3,4,4,1,1,4,4
11759,1425,Al|Ce|La,4,4,4,4,4,2,0,0,2,4,4,0
11760,1118,Ce|Cu|Nd|O|Zn,3,0,2,0,3,2,3,4,2,3,0,2
11761,356,Mo|Re,4,3,4,1,0,0,4,4,2,4,1,4
11762,326,Ca|Cl|Cu|O,4,0,3,3,4,2,1,2,4,1,2,2
11763,3001,Rb|S|Ta,2,3,1,3,2,2,2,4,3,1,1,4
11764,714,Ba|K|O|Sb|Ti,3,4,4,4,4,1,1,0,0,4,3,1
11765,199,Al|Si|V,4,4,1,1,1,2,3,4,4,0,1,4
11766,1108,Ce|Cu|O|Pr,2,0,2,2,4,1,0,1,3,2,1,0
11767,646,Ba|Na|Si,3,1,3,0,1,3,4,2,1,0,1,1
11768,2268,Ba|Ca|Cu|La|Ni|O,0,2,3,4,4,3,0,0,4,4,1,0
11769,1285,O|Rb|W,4,2,2,3,3,4,3,4,4,1,0,1
11770,292,Ba|Cu|Fe|O|Y,0,4,0,1,4,3,1,1,0,1,1,4
11771,3002,Tc,3,2,3,4,0,4,1,3,3,3,2,0
11772,167,Ir|Lu|Sc|Si,0,3,2,4,4,3,0,2,0,2,1,2
11773,341,Ce|Co|In|Sn,4,2,1,0,1,3,3,0,2,1,4,3
11774,644,Ir|Pt|Te,4,2,1,2,3,2,2,0,1,0,4,0
11775,1129,B|C|Gd|Lu|Ni,1,0,1,3,3,3,1,3,0,1,0,3
11776,3003,Mo|Te,4,3,4,3,0,1,4,3,4,0,3,1
11777,587,Ba|Cu|Hg|O|Re,2,0,1,1,3,2,4,1,0,1,3,0
11778,59,Bi|Ca|Cu|O|Sr,2,1,2,3,0,3,0,3,1,0,4,2
11779,354,B|Ho|Rh|Ru,0,2,3,1,3,0,0,4,2,3,4,1
11780,53,Ga|Si|Sr,1,0,2,4,3,1,3,1,4,4,2,3
11781,609,Co|Mg|Ni,4,1,4,4,2,1,2,0,4,0,0,0
11782,148,Nb|Ti,4,0,1,0,2,1,0,3,0,4,2,2
11783,1199,Cu|Nd|O|Sr,1,0,3,2,0,0,4,1,1,2,2,2
11784,1611,Cl|Mo|Se,2,0,2,3,1,4,1,4,4,1,4,3
11785,236,Ba|Cu|O|Tm,4,3,1,0,0,1,3,1,2,3,0,3
11786,1559,Mo|Pb|S|Se,2,3,0,0,2,3,3,2,3,3,4,3
11787,0,As|Ba|Fe|K,0,4,2,3,0,4,1,0,3,2,0,1
11788,1765,Ru|Si|V,1,0,2,4,3,2,3,4,0,1,3,2
11789,1472,Ge|Pd|Pt|Sr,4,4,4,4,3,2,3,4,0,3,1,1
11790,755,As|Ba|Fe|Rh,0,4,3,0,3,3,4,1,1,2,3,0
11791,152,Ba|Cu|O|Sr|Y,2,2,4,0,3,2,1,1,3,4,4,0
11792,1408,Al|Nb|V,4,3,2,3,4,1,0,0,1,4,1,3
11793,40,Au|Ga,0,0,0,2,1,0,3,4,2,1,1,1
11794,350,Ba|Ca|Cu|La|Nd|O,2,4,3,4,0,4,1,2,2,4,3,1
11795,152,Ba|Cu|O|Sr|Y,2,2,4,0,3,2,3,3,2,0,1,0
11796,118,Ir|Mo,3,0,4,2,3,3,3,1,3,3,0,0
11797,904,Ba|Cd|Cu|O|Y,0,2,2,1,3,3,1,1,1,1,0,3
11798,477,Nb|Ti|Zr,0,1,1,1,3,3,4,1,4,1,0,3
11799,86,Ba|Cu|O|Y,4,4,4,2,0,4,3,0,0,2,2,4
11800,356,Mo|Re,4,3,4,1,0,0,3,1,2,3,1,4
11801,1481,Hf|P|S,1,3,2,2,3,1,1,2,1,3,1,3
11802,1,Ba|Ca|Cu|La|O,0,0,1,3,2,4,1,0,0,3,0,0
11803,97,As|Co|Eu|Fe|Sr,2,1,3,4,1,3,4,2,3,3,2,0
11804,675,Ba|Cu|O|Sm,0,0,0,2,2,0,1,1,3,2,4,0
11805,50,Ba|Ca|Cu|Er|La|O,3,3,0,3,1,3,1,2,3,1,4,2
11806,157,Cu|Ge,2,1,0,0,0,1,3,4,2,2,1,2
11807,3004,Os|P|Zr,0,0,3,3,4,3,2,1,1,1,2,1
11808,826,Pd|Ti,1,0,3,0,4,1,1,3,2,1,4,1
11809,491,Rh|Ti,3,0,3,1,3,0,4,4,2,4,4,2
11810,1271,Ba|Ga|Si,0,0,1,4,1,3,1,3,1,3,2,4
11811,945,Bi|F|La|O|S|Se,3,4,0,3,3,3,1,4,2,3,0,4
11812,888,As|Co|Fe|Sr,1,4,2,2,1,2,4,2,3,2,1,2
11813,320,As|Fe|Ni|O|Sm,4,0,3,4,3,4,1,0,4,0,4,1
11814,1260,Ge|Si|V,2,0,1,0,1,3,0,4,4,4,2,3
11815,1785,Cu|La|O|Sm,3,1,1,4,0,4,4,2,1,1,1,4
11816,777,Cr|Nb,4,3,0,1,3,3,3,0,3,4,0,4
11817,2819,Ag|H|Pd,1,3,3,3,1,2,2,2,2,4,2,3
11818,2626,Cu|Gd|O|Ru|Sn|Sr,3,3,4,1,1,1,1,0,4,0,0,3
11819,758,B|Fe|Mg,3,1,2,0,2,2,3,1,2,2,3,1
11820,2156,O|Re|Ti,2,1,1,1,3,3,3,3,1,2,2,0
11821,3005,Al|Yb,1,3,3,0,3,0,0,2,2,3,0,4
11822,1847,B|Zr,3,4,3,1,2,4,2,2,4,2,3,3
11823,1578,Ba|Bi|Hg|O|Pb,2,4,2,3,2,3,1,3,2,1,1,4
11824,170,Pd|Sn,2,2,3,4,1,2,4,0,1,2,0,4
11825,168,Cu|La|O,0,4,4,4,1,3,1,4,1,3,1,0
11826,2241,As|Ca|Ce|Fe|Pt,4,2,0,2,3,2,0,2,0,0,1,1
11827,1837,Dy|Ir|Sc|Si,1,1,1,1,4,0,0,2,4,0,4,1
11828,538,Cl|Hf|Li|N,1,0,3,2,4,3,1,2,0,4,2,3
11829,422,Bi|Ca|Cu|O|Pb|Sr,3,0,1,3,0,1,2,0,2,3,2,4
11830,925,Ba|Cu|Gd|O|Sr,4,4,0,1,2,0,1,4,2,1,1,4
11831,477,Nb|Ti|Zr,0,1,1,1,3,3,3,0,1,0,4,3
11832,229,B|Li|Pd|Pt,1,1,2,4,0,0,3,4,4,1,4,2
11833,3006,B|C|Mo|Nb,1,2,4,0,1,3,3,2,0,1,2,4
11834,6,Co|Cu|La|O|Sr,1,1,0,1,0,4,4,3,4,4,1,3
11835,2248,Fe|Nb|S|Se,0,0,2,2,4,3,2,0,0,4,2,2
11836,315,Al|B|Li|Mg,0,2,2,1,2,0,3,3,4,2,2,0
11837,2349,As|Pt|Sr,1,3,0,2,0,0,0,4,1,1,2,2
11838,3007,Cu|Ho|O|Sr,2,0,0,3,2,3,2,2,0,3,3,2
11839,1221,C|Mo|Zr,0,4,1,2,2,1,0,0,0,1,3,1
11840,604,Ga|Si|V,3,4,2,4,0,1,2,2,2,2,3,3
11841,951,Ru|W,2,1,3,2,2,4,0,0,2,3,0,2
11842,136,Nb|Zr,0,4,3,4,3,1,2,0,0,4,0,1
11843,890,Hf|Ta|V,1,0,3,4,0,1,1,0,2,4,3,0
11844,1010,K|Mo|S,1,1,0,4,4,2,3,0,2,1,1,0
11845,67,La|Nd|Pt|Si,0,4,2,3,3,0,3,1,1,2,4,0
11846,1023,Ce|Pr|Ru,0,0,3,2,4,2,1,0,2,3,0,4
11847,968,Be|Cu,1,3,1,3,4,0,2,3,0,2,4,2
11848,734,Ge|Nb,1,3,4,0,2,2,1,0,4,4,0,4
11849,1640,Cu|Mo|Pb|S,0,4,4,0,2,0,3,4,1,0,0,0
11850,1578,Ba|Bi|Hg|O|Pb,2,4,2,3,2,3,3,2,2,2,4,4
11851,3008,Bi|Co,3,2,0,4,4,3,1,3,2,1,4,3
11852,3009,Cu|Li|P,4,3,3,2,0,0,2,0,4,0,3,4
11853,208,In|Sn,3,3,1,1,0,1,1,0,3,3,3,2
11854,90,As|Fe|H|La|O,2,3,1,3,4,0,2,0,3,0,3,2
11855,2012,Ga|Si|Yb,0,1,4,1,1,1,4,4,3,2,4,0
11856,1019,Ce|Cu|La|O,0,3,4,3,4,1,0,0,0,0,2,0
11857,3010,Ba|P|W,4,3,4,0,3,1,3,4,0,4,3,0
11858,0,As|Ba|Fe|K,0,4,2,3,0,4,2,4,2,1,0,1
11859,1850,Ce|Co|In|Ni,2,0,1,1,2,2,0,1,2,4,4,4
11860,739,Ca|Cu|O|Pb|Sr|Y,1,4,3,0,4,2,0,1,1,4,4,3
11861,1622,As|Eu|Fe|Ir,3,3,4,4,1,4,3,1,3,4,2,0
11862,350,Ba|Ca|Cu|La|Nd|O,2,4,3,4,0,4,1,0,4,1,0,1
11863,3011,Ge|Pd|Yb,1,4,2,3,2,0,2,4,1,4,4,1
11864,1563,Hf|N|Nb,4,4,1,2,0,3,2,1,0,1,0,3
11865,474,As|F|Fe|O|Pr,4,2,3,4,2,3,4,0,1,3,0,4
11866,2203,H|Ta,1,1,3,0,3,2,4,3,3,2,0,4
11867,1947,Cd|Zn,4,1,2,4,2,1,4,2,0,4,4,2
11868,2889,Au|Ge,4,2,2,4,1,0,4,3,2,3,0,0
11869,1015,As|F|Fe|O|P|Sm,3,0,1,2,2,1,2,3,2,1,0,1
11870,504,Al|Ga|Nb,2,4,3,1,2,0,4,0,3,3,1,3
11871,2995,In|Nb|Sb|Sn,0,4,1,0,4,2,1,4,2,0,2,1
11872,1,Ba|Ca|Cu|La|O,0,0,1,3,2,4,2,4,1,4,4,0
11873,3012,Re|Th,2,0,4,4,3,4,4,1,4,1,4,2
11874,898,Ba|Ca|Cu|Ni|O|Y,0,0,0,4,0,0,2,2,3,2,4,4
11875,1426,As|F|La|Ni|O,0,1,3,3,4,3,4,1,4,4,1,4
11876,73,Bi|Rh,2,2,2,4,0,3,4,3,2,1,4,3
11877,285,Al|Ge|Nb|Sn,2,1,0,3,1,0,4,1,1,1,3,2
11878,2075,As|Eu|Fe|K|Ni,4,1,0,4,2,4,2,0,1,3,2,3
11879,306,Ni|Si|Sr,4,0,0,2,4,0,0,1,2,0,2,1
11880,189,Rh|Zr,4,0,1,3,3,1,3,4,3,4,1,4
11881,3013,Ca|Fe|La|O|P,3,1,0,0,0,2,0,1,2,3,4,3
11882,1494,Co|Ga|Nb,2,0,1,1,0,4,2,2,1,0,4,2
11883,3014,F|O|Rb|W,4,1,2,0,1,1,2,0,1,2,1,4
11884,1089,Ta|Ti,1,3,1,0,1,2,1,4,4,2,1,2
11885,2171,Ir|O|Ti,4,4,4,2,2,0,4,0,0,2,1,4
11886,58,Co|H|Na|O,1,1,0,1,1,1,1,0,1,4,3,3
11887,1610,Mn|Ti,1,2,0,0,2,3,4,2,0,0,3,1
11888,492,Ir|Os|Th,2,3,1,2,1,0,1,2,0,1,3,2
11889,64,Ba|Cu|O|Y|Zn,1,1,2,4,3,2,3,3,0,2,2,1
11890,1387,Cu|La|O|Sr|Tl,3,0,1,1,3,1,4,2,3,4,0,0
11891,1209,Mo|Pb|S,4,4,3,2,3,0,4,4,3,3,0,1
11892,171,As|Ca|Co|Fe,3,2,0,0,3,4,1,3,3,2,4,3
11893,800,Cr|V,3,4,2,4,0,3,3,0,0,3,1,2
11894,2442,La|Pb|Th,1,3,4,2,4,1,3,1,3,0,4,2
11895,1034,In|S|V,1,3,2,3,2,4,1,0,0,2,2,4
11896,568,Ba|Bi|Sb,3,1,3,1,1,2,0,2,0,1,2,4
11897,321,Ba|Cu|K|O|Y,1,4,0,1,2,3,3,2,4,2,3,0
11898,461,Al|Ba|Cu|O|Y,1,0,4,4,3,2,0,0,3,4,0,4
11899,1172,Bi|La|Ni,2,4,2,4,4,0,4,2,0,1,3,3
11900,1657,Ba|Cu|O|S|Y,4,0,0,4,2,0,0,3,0,3,0,4
11901,421,B|Gd|Lu|Ru,2,3,1,3,2,4,3,3,0,3,2,3
11902,2243,As|Sn,1,2,2,4,3,3,0,2,3,0,0,2
11903,49,Ba|Cu|La|O,3,0,2,4,3,0,4,1,1,3,4,3
11904,455,Ba|Cu|O|Tl,1,1,3,2,4,3,2,4,0,0,2,2
11905,123,B|C|Co|Lu|Ni,4,3,0,1,0,4,2,4,2,0,1,0
11906,283,Ba|Ca|Cu|La|Mo|Nd|O,3,1,2,2,1,1,0,3,4,4,4,4
11907,1667,Ir|Si|Y,4,4,4,1,4,2,4,2,4,3,2,1
11908,1580,Au|Ba|Ge|Pt,4,1,4,2,3,4,0,1,4,2,3,1
11909,1013,Al|Nb,1,0,2,4,2,3,4,4,2,4,0,0
11910,42,Cu|La|O|Sr|Zn,1,2,4,4,3,1,3,4,2,2,1,1
11911,817,Ce|Cu|Gd|O|Sm,1,1,0,4,3,4,2,0,0,2,0,2
11912,1717,B|C|La|Nd|Pt,2,0,4,4,4,4,2,4,1,4,0,3
11913,923,Mo|Pt|Re,2,0,3,1,2,3,0,3,0,4,1,1
11914,1018,La|Mo|Se,2,1,4,2,3,3,4,2,3,4,2,4
11915,3015,Au|Be,0,3,0,1,1,3,4,1,3,3,1,1
11916,2867,In|Mg,4,3,4,1,0,2,3,2,4,2,3,0
11917,1072,Nb|Si|V,0,3,4,1,1,3,1,0,2,1,0,2
11918,74,Ba|Cu|La|O|Y,2,3,3,3,3,1,2,3,2,4,1,2
11919,1297,As|Fe|Ir|La|O,4,4,1,2,0,1,1,1,1,0,3,3
11920,598,C|Ca|Y,1,2,0,1,3,2,0,0,4,3,2,3
11921,358,N|Nb,1,3,3,2,3,1,4,2,4,4,3,1
11922,59,Bi|Ca|Cu|O|Sr,2,1,2,3,0,3,4,2,2,4,3,2
11923,136,Nb|Zr,0,4,3,4,3,1,1,3,0,3,4,1
11924,507,Ba|Cu|H|O|Y,2,1,2,4,1,2,2,3,4,2,3,2
11925,551,Ba|Cu|La|Nd|O|Sr,1,2,1,0,0,3,2,1,4,1,3,1
11926,2576,Pt|Ta,3,0,2,3,3,4,4,1,4,4,3,4
11927,514,Bi|In,3,0,1,2,2,2,1,1,4,2,1,0
11928,187,C|La|Ni|Th,1,2,0,4,3,4,4,4,0,0,4,3
11929,1844,Fe|Rb|Se,1,4,4,4,2,0,3,4,2,1,1,3
11930,3016,As|Rh|Ru,1,2,4,2,2,4,0,4,0,1,3,3
11931,469,Ba|Ca|Cu|Gd|Hf|O,4,4,4,3,0,2,0,2,1,4,3,1
11932,1864,Co|Ge|Si|U,3,1,2,0,4,4,3,4,1,0,1,3
11933,1852,B|F|Mg,4,2,0,2,1,4,3,1,0,2,2,1
11934,1870,Cr|Re,3,3,1,2,3,3,0,4,0,2,2,3
11935,12,Ba|Ca|Cu|O|Y,3,3,3,3,4,4,4,2,2,2,2,3
11936,1699,La|Rh|Sn,2,4,2,1,1,1,4,1,3,2,1,3
11937,10,Cu|La|O|Pb|Sr,3,0,0,3,2,2,0,1,2,0,2,3
11938,239,As|Ba|Fe|Ru,0,3,3,1,1,3,2,3,2,0,2,2
11939,79,Fe|Se|Te,4,3,3,0,1,3,3,3,0,1,0,0
11940,2889,Au|Ge,4,2,2,4,1,0,0,3,3,4,1,0
11941,567,Ge|Nb|Sn,1,0,2,3,2,1,3,4,3,4,1,1
11942,3017,Hf|Os|P,1,1,3,3,0,1,2,1,2,2,2,0
11943,2964,Fe|Rb|S|Se,2,4,2,0,4,0,0,4,3,4,2,3
11944,216,Cu|La|O|Sr,4,4,1,1,0,1,4,4,1,2,2,4
11945,286,Ba|Cu|O|Pr|Y,3,1,2,0,3,0,0,3,2,0,0,3
11946,3018,Ge|V|Zr,2,2,1,4,2,4,3,2,2,1,4,1
11947,1834,As|F|Fe|Nd|O|P,4,4,4,0,1,4,2,0,4,3,0,0
11948,1096,Cs|Fe|Se,4,2,4,3,2,2,0,3,2,3,2,2
11949,3019,Ca|Cu|Gd|O|Pb|Sr,3,3,4,1,3,4,3,1,0,4,3,4
11950,2364,Nb|O,1,1,1,1,1,0,4,2,1,2,0,1
11951,684,Ba|Ca|Cu|Hg|O,0,1,4,0,4,3,3,1,4,0,3,4
11952,2859,B|Ir|Lu|Rh,0,4,4,0,2,2,4,2,0,0,4,1
11953,2458,Ir|Rh|Se,0,2,3,0,3,0,4,4,2,3,3,0
11954,2396,Al|In|Nb,2,1,0,4,4,2,2,3,3,1,2,1
11955,1758,Ca|Cr|Cu|O|Sr,3,1,2,4,4,0,1,0,2,4,0,3
11956,2458,Ir|Rh|Se,0,2,3,0,3,0,1,0,2,2,2,0
11957,3020,Pb|Pt|Te,4,2,2,4,0,4,3,1,2,1,3,3
11958,877,Ba|Cu|Gd|Hf|O,1,3,1,2,0,0,3,3,1,4,1,0
11959,1056,Ge|In|Sn|Te,2,1,3,1,3,0,1,3,3,3,0,4
11960,428,Ba|Cu|O|Sr|Yb,1,4,0,4,3,2,3,2,3,1,3,4
11961,0,As|Ba|Fe|K,0,4,2,3,0,4,2,3,1,1,4,1
11962,86,Ba|Cu|O|Y,4,4,4,2,0,4,2,3,3,4,0,4
11963,216,Cu|La|O|Sr,4,4,1,1,0,1,4,3,1,2,0,4
11964,118,Ir|Mo,3,0,4,2,3,3,3,4,4,0,0,0
11965,130,Be|Th|U,2,4,1,0,3,3,1,4,4,0,4,0
11966,314,Al|La,0,1,0,4,1,0,1,3,4,4,2,4
11967,1084,Au|In|Pd|Y,3,0,2,3,4,2,4,4,0,4,3,4
11968,1598,Hg|Na,1,2,4,4,1,2,2,4,2,1,3,4
11969,559,B|C|Mg,0,3,1,1,2,2,3,3,0,0,4,3
11970,1524,La|Nb|Se,0,3,0,2,4,0,4,4,2,2,3,4
11971,1189,Rh|Sn|Tm,0,3,0,1,4,1,1,3,1,0,3,1
11972,504,Al|Ga|Nb,2,4,3,1,2,0,3,1,2,1,1,3
11973,1637,Al|B|Mg|Zn,4,1,1,0,0,3,0,3,1,3,4,2
11974,1526,C|Re|W,0,0,1,2,4,2,2,4,1,0,3,2
11975,455,Ba|Cu|O|Tl,1,1,3,2,4,3,1,4,3,4,0,2
11976,116,As|F|Fe|La|O|Ru,4,3,4,1,0,1,0,2,0,4,3,0
11977,350,Ba|Ca|Cu|La|Nd|O,2,4,3,4,0,4,3,1,4,2,2,1
11978,1866,Al|Ca|Si,0,0,0,2,2,1,0,2,4,1,2,4
11979,1864,Co|Ge|Si|U,3,1,2,0,4,4,1,4,4,4,2,3
11980,2324,Ca|Cu|Gd|O|Sr|Tl,2,0,3,3,0,3,2,0,0,4,3,3
11981,1462,As|Fe|O|Sm|Th,2,1,2,1,1,4,0,0,1,2,4,2
11982,46,As|Ba|Co|Fe|Zn,1,3,3,2,1,3,0,4,0,1,4,3
11983,2426,Cu|S,2,0,1,1,2,3,2,0,1,1,4,1
11984,2668,Cr|Cu|Hg|O|Sr,4,1,3,0,1,2,3,0,2,4,4,3
11985,12,Ba|Ca|Cu|O|Y,3,3,3,3,4,4,4,3,3,0,2,3
11986,994,Pt|Y,3,3,0,0,4,2,4,0,3,2,3,1
11987,3021,B|Ce|Ru,0,4,3,3,2,3,0,4,0,4,0,3
11988,3022,Ba|Cu|Er|Ni|O,1,1,0,4,0,3,1,4,1,1,3,2
11989,972,Al|Gd|La,2,4,1,0,0,4,0,2,2,4,3,1
11990,1408,Al|Nb|V,4,3,2,3,4,1,0,0,3,0,4,3
11991,248,C|Hf|Nb,3,0,0,2,1,0,0,4,1,1,3,2
11992,12,Ba|Ca|Cu|O|Y,3,3,3,3,4,4,3,4,1,1,1,3
11993,2099,Au|Zr,2,0,2,4,2,4,3,2,0,3,0,1
11994,542,Bi|Cu|La|O|Sr,1,3,4,1,2,1,0,4,3,3,1,2
11995,1843,Ce|La|Pt|Si,1,2,3,0,2,0,2,0,3,0,4,1
11996,103,Pd|Sn|Tm|Y,4,3,2,0,0,1,2,3,1,3,3,0
11997,2332,Ca|Cu|O|Sr|Tl|Yb,3,2,3,0,1,4,2,4,1,3,3,1
11998,351,Ba|Cu|Hg|O,0,1,0,3,3,4,3,3,3,4,3,2
11999,3023,Cu|Nb,2,4,2,1,3,1,1,3,0,0,1,4
12000,74,Ba|Cu|La|O|Y,2,3,3,3,3,1,0,3,3,0,0,2
12001,559,B|C|Mg,0,3,1,1,2,2,4,2,3,2,1,3
12002,31,Ba|Cu|O|Pr|Sr|Y,0,2,3,4,1,0,3,3,0,2,1,2
12003,436,Ba|Cu|Eu|O|Pr|Sr,4,0,2,2,2,1,4,0,0,0,0,3
12004,292,Ba|Cu|Fe|O|Y,0,4,0,1,4,3,3,0,1,4,4,4
12005,2603,Rh|Sn|Tm|Y,1,4,2,4,2,4,2,0,3,2,3,4
12006,2153,Au|B|C|Pr|Pt,4,3,3,4,0,3,4,4,0,1,0,1
12007,1178,Ge|Pr|Pt|Sb,0,3,0,3,4,3,3,1,3,4,1,0
12008,86,Ba|Cu|O|Y,4,4,4,2,0,4,4,3,2,4,1,4
12009,290,Ba|Ca|Cu|La|O|Y,2,0,4,0,1,2,0,4,0,0,1,1
12010,189,Rh|Zr,4,0,1,3,3,1,1,3,2,1,0,4
12011,1097,Er|Pd|Sn|Y,0,2,3,0,0,4,1,4,3,4,2,4
12012,473,Ba|Ca|Cu|O|Sr|Yb,2,2,0,1,4,2,1,2,1,0,1,2
12013,136,Nb|Zr,0,4,3,4,3,1,2,4,3,1,2,1
12014,1809,Ce|Cu|Fe|Nd|O,1,3,3,1,2,3,4,2,2,2,0,1
12015,487,Ba|Cu|Eu|O,3,1,0,1,2,0,3,2,2,4,2,2
12016,2034,Al|Mo|Nb,4,0,0,2,1,4,1,4,1,2,2,2
12017,853,C|Lu|Th,0,3,2,2,1,0,0,4,4,4,2,3
12018,856,C|Fe|Mg|Ni,1,2,4,0,0,3,2,2,3,0,4,0
12019,1235,Ba|Ca|Cu|Nd|O,0,1,4,1,0,1,3,1,2,2,3,0
12020,504,Al|Ga|Nb,2,4,3,1,2,0,2,3,4,3,3,3
12021,422,Bi|Ca|Cu|O|Pb|Sr,3,0,1,3,0,1,4,3,2,1,4,4
12022,1781,C|Hg|K,3,3,0,3,2,4,3,2,2,3,4,0
12023,401,Co|Zr,0,3,3,0,2,1,2,0,3,4,2,4
12024,535,Hf|Ta,0,2,0,3,2,0,2,4,3,2,4,2
12025,352,Fe|S|Se|Te,4,0,2,2,3,0,2,2,3,4,0,1
12026,1793,B|Lu|Ru|Tm,4,0,3,4,3,3,2,4,4,4,1,1
12027,570,In|Sn|Te,4,0,3,1,2,1,1,3,1,1,2,4
12028,3006,B|C|Mo|Nb,1,2,4,0,1,3,3,2,0,3,3,4
12029,22,Ba|Co|Cu|O|Y,3,0,2,2,0,4,0,3,2,4,2,3
12030,365,Bi|Cu|Nd|O|Sr,2,4,2,1,4,2,0,3,0,0,2,3
12031,1372,Ba|Cu|Gd|Mo|O,1,2,4,3,4,2,1,0,3,3,0,1
12032,86,Ba|Cu|O|Y,4,4,4,2,0,4,4,3,2,4,2,4
12033,1749,As|Co|Fe|O|Pr|Sr,0,1,2,2,4,2,2,1,4,0,2,3
12034,290,Ba|Ca|Cu|La|O|Y,2,0,4,0,1,2,1,0,2,0,1,1
12035,434,Re|Ta,1,2,2,4,4,0,2,0,3,4,0,1
12036,814,Bi|Ca|Cu|Gd|O|Sr,4,3,4,2,0,1,1,3,3,2,4,2
12037,838,Ce|Cu|Si,2,0,4,4,1,2,0,1,0,0,0,1
12038,347,Ba|Cu|Dy|O|Zn,0,2,2,0,0,1,2,3,1,3,4,2
12039,581,Ti|V,3,1,3,1,1,2,0,4,0,2,2,0
12040,1306,Ti|Zr,0,4,4,3,3,3,2,1,1,0,3,2
12041,2864,Bi|C|Cu|O|Pb|Sr,2,1,2,0,3,2,1,0,1,0,0,2
12042,1657,Ba|Cu|O|S|Y,4,0,0,4,2,0,2,4,4,2,4,4
12043,1758,Ca|Cr|Cu|O|Sr,3,1,2,4,4,0,1,3,1,0,4,3
12044,3024,Mo,3,3,0,3,2,3,0,3,1,3,4,3
12045,887,Be|Re,2,3,3,2,4,2,2,0,3,2,1,1
12046,379,Ce|In|Ir|Rh,0,1,4,3,1,0,4,3,3,1,1,4
12047,2267,B|C|Co|Er|Ni,4,1,4,3,3,1,0,3,3,4,0,3
12048,44,Cu|La|Nd|O|Sr,3,0,2,3,4,2,4,2,4,0,3,0
12049,1797,Al|C|Mo,3,3,3,0,1,1,4,1,1,2,4,1
12050,3025,Bi|Mo|S|Tl,4,4,0,0,0,3,2,4,3,0,2,2
12051,961,Bi|Ca|Co|Cu|O|Pb|Sr,4,1,1,1,0,3,1,2,2,4,1,1
12052,1100,As|Ba|Fe|P,1,0,1,4,3,0,0,3,1,3,1,3
12053,109,Ba|Cu|Er|Fe|O|Zn,0,1,4,3,3,2,0,3,3,1,1,4
12054,2099,Au|Zr,2,0,2,4,2,4,0,0,3,0,1,1
12055,1384,C|Nb|W,3,4,1,4,3,3,1,2,1,4,1,4
12056,2812,Nb|Sb|Ti,0,3,0,4,4,4,0,0,1,0,3,3
12057,723,Nb|Sn|Ta,3,1,3,4,3,1,4,1,2,0,2,0
12058,130,Be|Th|U,2,4,1,0,3,3,4,2,1,3,3,0
12059,422,Bi|Ca|Cu|O|Pb|Sr,3,0,1,3,0,1,0,4,2,2,1,4
12060,1,Ba|Ca|Cu|La|O,0,0,1,3,2,4,2,1,3,2,3,0
12061,41,In|Tl,1,1,0,3,0,1,1,3,3,1,1,3
12062,1676,Ni|S|Ta,1,3,3,4,4,2,0,0,3,4,3,0
12063,1220,Al|Ba|Si,0,2,2,2,3,1,0,2,1,2,4,4
12064,2307,Ca|Cs|Li|Nb|O,3,1,1,0,0,1,3,2,4,2,3,2
12065,2497,Cu|Gd|O|Ru|Sr|Ti,3,3,1,1,3,3,1,3,0,2,4,2
12066,651,Ir|Os|Rh,0,1,4,2,4,2,1,2,3,1,0,1
12067,3026,C|Nb|Si,0,4,0,3,3,4,0,4,2,0,4,3
12068,2617,Pd|Pt|Te,2,0,4,1,1,2,4,0,1,0,4,3
12069,655,Cu|La|O|Ru|Sr,2,1,1,0,4,3,3,1,4,2,3,4
12070,86,Ba|Cu|O|Y,4,4,4,2,0,4,4,2,1,2,0,4
12071,64,Ba|Cu|O|Y|Zn,1,1,2,4,3,2,1,4,4,3,4,1
12072,786,B|Ir|Mg,2,4,2,0,3,2,2,0,3,3,0,1
12073,1202,Ir|Ru|Th,0,4,4,1,4,2,0,3,1,2,1,1
12074,2292,Bi|La|Pb,3,4,0,2,2,0,4,1,0,1,1,3
12075,686,Ba|Ca|Cu|O|Pr|Y,1,0,3,3,1,0,2,0,1,4,3,4
12076,1881,As|Co|Fe|Mg|O|Sr|Ti,1,0,3,1,4,0,4,2,1,4,3,4
12077,3027,B|La|P|Ru,3,0,0,3,4,0,3,2,2,4,3,1
12078,1918,P|Rh,1,2,0,2,3,3,2,4,4,3,1,4
12079,383,Al|Nb|Sn,3,2,0,2,4,4,4,0,0,2,1,0
12080,1209,Mo|Pb|S,4,4,3,2,3,0,4,3,4,2,3,1
12081,1371,Ca|Cu|Ge|O|Sr|Y,4,0,3,2,3,1,2,4,0,4,1,0
12082,1975,Mo|Nb|Ti,3,4,3,1,0,2,1,3,1,0,0,3
12083,1289,In|Nb|Sn,3,4,2,2,3,2,1,2,2,1,1,4
12084,292,Ba|Cu|Fe|O|Y,0,4,0,1,4,3,1,2,0,0,0,4
12085,786,B|Ir|Mg,2,4,2,0,3,2,2,4,1,2,3,1
12086,964,Hf|Nb,3,1,4,0,4,1,1,3,2,0,1,1
12087,3028,B|La|Ru,2,3,2,4,2,2,3,2,3,3,3,1
12088,84,H|Pd,0,4,3,0,4,4,4,4,3,0,2,2
12089,240,As|Ba|Co|Fe|K,1,2,4,0,0,4,3,2,3,4,0,1
12090,2682,Th|Tm,0,2,4,4,4,1,0,2,4,4,1,1
12091,778,Co|Cu|O|Sr|Y,3,1,1,2,3,3,3,2,4,3,2,1
12092,179,Ta|V,4,0,4,3,1,0,1,2,1,1,0,2
12093,1185,Ir|Nb,1,1,1,2,4,4,3,0,1,0,2,0
12094,947,Bi|Cu|Nd|O|Sr|Y,4,3,4,4,3,0,2,1,0,4,1,0
12095,59,Bi|Ca|Cu|O|Sr,2,1,2,3,0,3,0,4,1,2,4,2
12096,518,As|Fe|La|O,4,1,2,3,1,0,3,3,3,1,0,3
12097,1671,B|Er|Ir|Rh,1,4,2,4,0,1,4,3,2,0,2,2
12098,3029,Cu|La|Sb,1,2,1,3,4,3,3,0,2,1,2,0
12099,182,La|Y,2,0,1,3,4,0,4,3,2,0,2,1
12100,887,Be|Re,2,3,3,2,4,2,4,1,1,0,1,1
12101,261,Ba|Cu|Nd|O|Pr,3,1,2,4,3,0,3,4,3,3,1,3
12102,2113,B|C|Cu|Ni|Y,3,2,2,1,0,2,1,1,3,4,4,0
12103,2394,Al|As|Ca|Fe|O,3,3,4,3,4,1,0,2,3,1,4,4
12104,54,Nb|Ta,1,2,0,0,3,2,2,4,4,3,2,0
12105,392,C|Mo|Nb,0,1,3,4,0,0,3,4,3,0,1,1
12106,3030,As|Ca|Fe|Pt|Y,3,3,4,3,2,1,0,4,0,4,0,4
12107,929,Be|Ga,1,4,1,1,3,1,4,1,1,1,2,4
12108,782,La|Ni|Pt|Si,4,3,3,1,2,2,0,1,3,0,4,3
12109,3031,Al|Sn,2,3,2,0,3,0,2,2,0,1,1,2
12110,22,Ba|Co|Cu|O|Y,3,0,2,2,0,4,0,3,1,3,4,3
12111,65,Ba|Bi|K|O,3,2,0,2,0,0,1,4,2,3,3,3
12112,2874,Ni|Ru,0,3,1,3,0,1,1,4,2,4,1,1
12113,12,Ba|Ca|Cu|O|Y,3,3,3,3,4,4,2,1,3,1,0,3
12114,1580,Au|Ba|Ge|Pt,4,1,4,2,3,4,1,2,2,4,1,1
12115,3032,B|Mo|P|Re,1,0,4,1,4,2,1,4,2,4,0,0
12116,1889,Lu|Rh|Sn,0,4,3,4,3,3,0,2,1,3,4,3
12117,808,Ba|Pd|Si,2,3,0,0,1,2,2,2,3,1,0,4
12118,1055,Co|Ga|Zr,1,1,3,2,0,1,1,3,0,2,4,1
12119,407,Ca|Cu|Fe|Hg|O|Sr|Y,2,4,2,2,0,3,3,3,3,1,4,4
12120,159,Ba|Cu|Hg|O|Zn,3,2,3,3,3,3,2,4,1,2,3,2
12121,611,Ce|Cu|Eu|O|Ru|Sr,3,3,4,0,1,2,4,2,1,1,1,4
12122,286,Ba|Cu|O|Pr|Y,3,1,2,0,3,0,2,0,1,1,3,3
12123,190,La|Th,4,2,1,4,3,4,0,2,0,3,2,1
12124,242,Ba|Cu|La|O|Sr,2,0,1,1,4,2,1,2,3,2,4,4
12125,3033,As|Ca|Fe|La|Pd,0,4,3,3,2,1,1,3,0,0,1,1
12126,2320,W|Zr,2,0,1,1,3,4,3,3,4,2,4,4
12127,3034,Ag|Hg,4,2,4,4,2,0,4,4,2,1,1,3
12128,1049,C|Cu|La|Ni,2,1,4,4,1,1,1,1,3,4,1,4
12129,54,Nb|Ta,1,2,0,0,3,2,0,3,1,0,3,0
12130,2833,Be|W,3,3,1,4,3,4,3,2,3,0,0,0
12131,3035,As|Ca|F|Fe|Nd,3,2,4,4,4,1,3,0,0,4,1,0
12132,175,K|O|W,0,1,3,3,0,0,0,0,0,4,1,4
12133,2936,La|Pr|S,3,1,2,3,3,4,0,1,2,0,0,4
12134,145,Ba|Cu|Dy|O,2,1,4,1,3,4,4,2,2,2,2,2
12135,1395,Ca|Cu|F|O|Sr,0,4,0,0,1,4,0,0,4,3,0,1
12136,371,In|La|Pr,3,3,3,3,0,4,3,0,3,3,2,2
12137,65,Ba|Bi|K|O,3,2,0,2,0,0,1,3,2,1,0,3
12138,850,Cu|Fe|La|O|Sr,2,0,4,4,0,2,1,4,4,4,4,0
12139,3036,Ir|Sc|Si,1,4,0,2,0,2,1,0,0,4,2,4
12140,3037,Ba|Ca|Cr|Cu|Hg|O,4,1,4,1,4,0,0,4,0,0,2,3
12141,2812,Nb|Sb|Ti,0,3,0,4,4,4,0,0,4,4,4,3
12142,2382,Ce|Hg|In|Ir,3,2,4,3,3,3,0,3,2,4,4,3
12143,1955,Ga|Pt,2,2,2,0,2,4,2,3,3,1,1,2
12144,2838,Nb|Rh|Ru,4,1,0,3,2,3,2,1,2,1,3,3
12145,42,Cu|La|O|Sr|Zn,1,2,4,4,3,1,0,1,3,3,3,1
12146,3016,As|Rh|Ru,1,2,4,2,2,4,1,4,4,2,0,3
12147,1149,Co|Ni|Zr,2,4,0,4,3,0,1,4,0,3,1,2
12148,2826,Sn|Zr,3,4,3,2,4,4,2,2,4,2,2,3
12149,204,Cu|La|O|Pr|Sr,1,1,2,0,1,0,3,0,3,0,1,0
12150,86,Ba|Cu|O|Y,4,4,4,2,0,4,0,2,0,2,2,4
12151,79,Fe|Se|Te,4,3,3,0,1,3,1,4,1,4,4,0
12152,3038,Ba|Cu|Gd|O|Ru|Sr,0,2,4,2,2,1,0,3,1,1,0,2
12153,343,As|Ca|Fe|Pt,0,4,4,2,2,3,3,3,0,4,0,1
12154,1472,Ge|Pd|Pt|Sr,4,4,4,4,3,2,3,3,4,2,0,1
12155,3039,Ga|P,4,0,3,2,2,3,3,1,2,3,3,1
12156,1590,Al|Hf|Pd|Y,4,1,4,0,4,1,3,3,4,3,1,1
12157,90,As|Fe|H|La|O,2,3,1,3,4,0,1,4,4,0,4,2
12158,826,Pd|Ti,1,0,3,0,4,1,1,1,2,2,3,1
12159,138,Ir|V,0,0,2,3,3,2,2,0,4,3,0,1
12160,483,B|C|Lu|Ni|Y,3,0,3,2,4,3,2,1,1,1,4,1
12161,1178,Ge|Pr|Pt|Sb,0,3,0,3,4,3,0,2,3,3,0,0
12162,286,Ba|Cu|O|Pr|Y,3,1,2,0,3,0,4,0,2,0,0,3
12163,183,Ba|Ca|Cu|O|Tl,2,3,4,2,0,4,0,0,2,1,4,2
12164,3040,Ru,3,2,2,3,3,0,3,4,2,4,3,0
12165,336,Ba|Cu|O|Pr|Sm,3,3,2,0,3,2,4,1,3,2,1,1
12166,49,Ba|Cu|La|O,3,0,2,4,3,0,0,4,0,3,2,3
12167,708,C|Cu|N|O|Sr,4,1,1,2,1,0,0,3,3,4,3,1
12168,1863,Ce|Ge|Ni,0,4,2,0,2,0,3,4,2,2,1,4
12169,333,C|Er|Th,4,0,4,2,3,0,1,4,3,1,4,1
12170,782,La|Ni|Pt|Si,4,3,3,1,2,2,2,4,0,0,1,3
12171,2041,B|Re,3,0,3,2,4,1,2,1,1,0,1,3
12172,737,Be|Os|Re,0,3,1,3,1,3,4,4,3,0,2,3
12173,1,Ba|Ca|Cu|La|O,0,0,1,3,2,4,1,2,0,2,2,0
12174,267,Ta|W,2,2,2,0,4,4,3,3,0,3,3,2
12175,461,Al|Ba|Cu|O|Y,1,0,4,4,3,2,0,1,1,1,0,4
12176,2833,Be|W,3,3,1,4,3,4,4,3,0,4,3,0
12177,694,Ba|Cu|Gd|O|Pr,4,4,3,2,3,0,0,2,2,2,0,2
12178,74,Ba|Cu|La|O|Y,2,3,3,3,3,1,0,2,2,3,4,2
12179,277,Al|Nb|W,3,4,3,2,4,1,4,0,4,4,2,4
12180,2,Mo|Ru,2,2,3,2,2,2,2,1,1,3,2,0
12181,973,Fe|Ga|Nb,3,4,1,2,0,0,1,2,0,0,3,0
12182,331,As|Co|Fe|Na,0,3,1,4,4,0,4,1,3,3,0,3
12183,1847,B|Zr,3,4,3,1,2,4,1,3,4,3,3,3
12184,62,Al|Ge|Nb,2,3,3,0,1,3,3,3,2,4,0,2
12185,748,Fe|Se|Te|Zn,4,1,0,2,1,4,4,3,2,1,4,2
12186,3041,B|La|Rh|Si,2,4,4,3,3,3,0,1,4,3,1,1
12187,1726,Ba|Cu|Fe|O|Sr|Y,2,1,0,1,0,0,4,4,2,0,1,1
12188,1754,As|F|Fe|Nd|O|Ru,1,1,0,0,2,2,1,4,2,0,3,4
12189,1384,C|Nb|W,3,4,1,4,3,3,3,4,1,3,1,4
12190,3016,As|Rh|Ru,1,2,4,2,2,4,4,1,4,3,0,3
12191,529,Al|Ge,2,0,2,0,0,4,4,2,1,2,2,1
12192,1096,Cs|Fe|Se,4,2,4,3,2,2,0,1,4,0,3,2
12193,42,Cu|La|O|Sr|Zn,1,2,4,4,3,1,3,2,2,1,4,1
12194,1978,Au|La,0,4,2,0,1,3,3,2,3,4,1,2
12195,1032,Ba|Cu|Dy|Fe|O,4,1,0,3,1,3,2,1,2,2,2,2
12196,1444,Br|Ca|Cu|Na|O,3,3,3,4,1,3,2,3,2,3,1,3
12197,467,Bi|Ca|Cu|O|Pb|Sr|Y|Zn,3,2,4,0,2,1,2,2,3,3,3,0
12198,460,Ba|Cu|O|Sc|Y,4,4,3,1,1,4,1,2,1,2,2,4
12199,818,Ba|Cu|Er|Ga|O,3,2,4,4,3,1,3,3,2,1,0,0
12200,3042,Ni|Sm,1,0,1,3,3,4,3,3,0,2,4,2
12201,286,Ba|Cu|O|Pr|Y,3,1,2,0,3,0,4,1,2,1,1,3
12202,241,Ga|V,4,3,1,0,4,2,4,0,3,3,0,0
12203,684,Ba|Ca|Cu|Hg|O,0,1,4,0,4,3,0,0,1,3,4,4
12204,226,Al|Be,4,1,1,1,0,1,4,1,0,2,2,1
12205,379,Ce|In|Ir|Rh,0,1,4,3,1,0,4,1,1,3,4,4
12206,3043,Ga|Nb|Pb|Sn,0,0,4,1,3,1,0,0,0,1,1,3
12207,504,Al|Ga|Nb,2,4,3,1,2,0,3,0,3,3,0,3
12208,2264,As|F|Fe|O|Ru|Sm,4,1,2,4,3,4,3,2,3,0,1,2
12209,78,Nb|V,0,3,3,4,2,0,1,4,0,3,4,2
12210,33,C|N|Nb,1,0,3,0,2,3,2,1,1,0,2,3
12211,282,B|Cu|Mg,2,4,0,1,4,1,3,2,1,2,1,0
12212,74,Ba|Cu|La|O|Y,2,3,3,3,3,1,1,3,3,1,0,2
12213,1234,La|Lu|Tb,4,2,0,4,1,2,4,0,1,2,1,2
12214,670,Nb|S,1,1,1,4,2,2,4,4,2,4,0,1
12215,160,Ba|Cu|O|Re|Y,2,4,2,2,0,0,4,0,0,2,2,0
12216,2458,Ir|Rh|Se,0,2,3,0,3,0,3,1,1,0,4,0
12217,1394,As|Cs|Fe|Sr,2,3,1,0,2,1,0,1,0,1,1,1
12218,3044,Pd|V,4,4,2,3,2,3,1,2,1,0,0,4
12219,86,Ba|Cu|O|Y,4,4,4,2,0,4,3,0,2,3,3,4
12220,22,Ba|Co|Cu|O|Y,3,0,2,2,0,4,4,2,3,4,4,3
12221,2488,Ge|Pd|Si|Y,1,2,4,0,2,0,4,2,3,1,2,4
12222,52,Ca|Cu|O|P|Sr|Y,0,1,4,2,4,0,0,0,1,4,4,1
12223,3045,Cl|Fe|Se,0,1,1,2,2,0,2,0,2,0,3,0
12224,2028,As|Ba|Ni|P,4,0,3,4,4,2,0,3,4,4,3,1
12225,937,La|Sn|Tm,3,0,0,3,3,3,2,3,3,1,3,4
12226,2889,Au|Ge,4,2,2,4,1,0,3,0,4,1,1,0
12227,1303,Ba|Ca|Cu|Gd|O|Tl,3,0,4,3,0,3,1,3,3,1,1,2
12228,82,Fe|Ni|Zr,3,2,1,0,0,4,4,3,4,1,0,0
12229,174,Mo|P|Ru,0,4,4,3,3,4,0,1,3,0,1,1
12230,227,Pd|Te,4,0,0,0,2,0,2,2,1,1,2,3
12231,64,Ba|Cu|O|Y|Zn,1,1,2,4,3,2,1,0,0,4,2,1
12232,123,B|C|Co|Lu|Ni,4,3,0,1,0,4,0,3,4,0,3,0
12233,1033,As|Fe|O|Pr|Sb|Sr,2,4,4,4,4,1,1,4,3,0,4,1
12234,600,Bi|Cu|La|O|Pb|Sr|Y,2,0,0,1,1,1,4,0,4,2,4,2
12235,292,Ba|Cu|Fe|O|Y,0,4,0,1,4,3,3,3,3,0,4,4
12236,1826,Ba|Ca|Cu|Nd|O|Tl,4,0,2,3,1,0,4,4,4,4,3,2
12237,3046,Pd|Sb|Sr,1,2,1,3,4,1,0,3,3,1,1,1
12238,49,Ba|Cu|La|O,3,0,2,4,3,0,1,1,3,2,4,3
12239,42,Cu|La|O|Sr|Zn,1,2,4,4,3,1,0,3,0,2,0,1
12240,906,Nb|Sn,2,1,1,4,2,2,1,0,1,1,3,3
12241,3047,Au|Sc,2,1,3,1,1,4,3,3,4,2,4,2
12242,1831,Mo|Nb|Si,3,0,1,4,1,3,3,4,3,2,3,1
12243,1055,Co|Ga|Zr,1,1,3,2,0,1,2,3,3,0,0,1
12244,194,B|C|Co|Ni|Tm,3,1,1,1,0,1,0,0,3,2,3,0
12245,1512,C|Mg|Ni|Ru,1,2,3,2,0,3,3,0,1,3,2,2
12246,1403,Si|Sn|V,3,1,1,2,0,3,0,3,4,4,0,4
12247,686,Ba|Ca|Cu|O|Pr|Y,1,0,3,3,1,0,0,1,1,2,2,4
12248,1150,Bi|S|Ta,3,2,4,2,2,4,3,4,0,1,3,2
12249,1315,C|La|Ni|Y,1,3,3,2,3,2,1,4,1,3,4,2
12250,1826,Ba|Ca|Cu|Nd|O|Tl,4,0,2,3,1,0,4,1,2,4,0,2
12251,11,Ba|Cu|Nd|O,4,1,1,2,1,1,4,4,1,1,2,4
12252,429,Cu|La|Ni|O|Sr,0,4,1,1,3,1,0,0,3,1,3,0
12253,216,Cu|La|O|Sr,4,4,1,1,0,1,4,4,3,2,0,4
12254,199,Al|Si|V,4,4,1,1,1,2,2,4,4,2,2,4
12255,1195,Ba|Ca|Cu|F|O,4,2,2,3,2,3,3,2,2,1,3,3
12256,603,Ba|Ca|Cu|Fe|La|O|Y,1,4,3,0,0,4,3,2,0,4,3,1
12257,1167,Bi|F|Nd|O|S,3,4,2,0,1,0,4,1,1,2,2,1
12258,3048,Ba|Cu|In|O|Y,3,4,1,4,3,3,0,0,3,0,0,3
12259,646,Ba|Na|Si,3,1,3,0,1,3,1,2,4,2,4,1
12260,1273,Gd|Nb,0,1,1,3,0,4,3,2,2,2,4,3
12261,429,Cu|La|Ni|O|Sr,0,4,1,1,3,1,0,0,4,3,2,0
12262,476,Ba|Cu|Ga|O|Y,0,1,1,0,4,0,0,3,0,3,4,1
12263,67,La|Nd|Pt|Si,0,4,2,3,3,0,4,1,4,1,1,0
12264,487,Ba|Cu|Eu|O,3,1,0,1,2,0,3,1,0,4,0,2
12265,3049,Bi|Se,4,0,2,4,0,4,1,4,4,0,4,4
12266,2812,Nb|Sb|Ti,0,3,0,4,4,4,1,1,4,3,4,3
12267,1241,Br|Fe|Se,0,4,1,4,4,2,4,1,1,4,4,2
12268,2925,B|Li,1,0,0,2,2,4,3,0,2,2,1,3
12269,1710,As|Ca|F|Fe|Rh,0,2,2,2,0,2,3,0,1,4,3,4
12270,420,Ce|Cu|Nd|O,0,3,2,4,2,0,1,2,0,1,4,0
12271,1082,B|Nb|Si,2,2,2,2,0,4,3,0,0,3,1,2
12272,1167,Bi|F|Nd|O|S,3,4,2,0,1,0,0,0,4,1,4,1
12273,3050,Au|Th,0,1,2,0,2,0,0,2,1,0,1,0
12274,39,B|Er|Gd|Rh,2,1,2,2,3,2,0,0,2,3,4,3
12275,691,Ba|O|Sr|Ti,2,4,4,1,2,1,3,4,3,3,1,3
12276,416,As|Ba|Co|Fe,3,2,2,4,2,1,0,1,0,2,4,3
12277,1572,Os|Ru,4,0,4,1,1,0,2,3,2,4,4,2
12278,1,Ba|Ca|Cu|La|O,0,0,1,3,2,4,2,3,2,1,3,0
12279,216,Cu|La|O|Sr,4,4,1,1,0,1,4,2,3,4,3,4
12280,3051,Ir,1,1,2,2,2,2,1,0,1,2,0,1
12281,2554,As|Co|Eu|Fe,2,1,1,4,1,1,3,0,1,3,1,0
12282,473,Ba|Ca|Cu|O|Sr|Yb,2,2,0,1,4,2,3,4,0,0,3,2
12283,1284,Pt|W,4,0,4,1,3,0,4,4,3,3,1,0
12284,804,As|Ca|Co|Fe|H,4,4,1,2,2,3,1,4,4,2,3,0
12285,523,Re|Zr,2,3,2,0,3,2,2,3,2,1,0,3
12286,3052,Al|Ce|Cu|Eu|O|Sr,2,1,1,1,0,0,3,3,4,1,1,2
12287,1442,Ir|Se,4,3,0,1,2,1,2,0,4,2,0,0
12288,79,Fe|Se|Te,4,3,3,0,1,3,3,2,4,0,2,0
12289,1386,Ba|Cu|Eu|O|Y,0,1,1,3,1,0,4,3,2,4,0,2
12290,156,Pd|Se,3,0,3,1,0,4,4,0,3,4,0,2
12291,856,C|Fe|Mg|Ni,1,2,4,0,0,3,2,2,2,4,3,0
12292,2080,Ce|Co,4,4,3,2,1,0,3,1,3,1,1,2
12293,1774,Ni|Th,3,0,4,4,2,3,2,2,4,1,2,1
12294,3053,Ru|Sb,3,1,4,0,4,0,1,0,2,4,0,0
12295,2533,C|H|K|N|Na,3,2,4,0,0,4,3,0,0,4,0,0
12296,331,As|Co|Fe|Na,0,3,1,4,4,0,2,1,3,4,3,3
12297,170,Pd|Sn,2,2,3,4,1,2,4,2,0,3,4,4
12298,1028,Fe|K|S|Se,2,4,1,1,0,0,4,4,3,4,0,0
12299,665,Ba|Ca|Cu|Gd|La|O,4,1,4,1,3,0,3,0,1,3,0,2
12300,382,Bi|Ca|Cu|Hg|O|Sr,1,3,0,1,2,0,2,1,0,2,3,0
12301,58,Co|H|Na|O,1,1,0,1,1,1,0,3,3,4,2,3
12302,684,Ba|Ca|Cu|Hg|O,0,1,4,0,4,3,1,1,2,0,3,4
12303,2129,Mo|V,2,3,3,4,3,4,3,1,0,2,3,4
12304,142,Br|C|I|Y,2,2,2,0,2,4,3,2,3,0,2,0
12305,3054,B|Th|Zr,4,1,2,0,1,2,2,0,0,0,1,2
12306,609,Co|Mg|Ni,4,1,4,4,2,1,1,0,3,4,1,0
12307,3055,Lu|Os,0,3,4,0,1,4,1,3,2,2,1,3
12308,3056,I|Sn,1,0,2,3,3,0,3,4,2,4,2,4
12309,2291,Ru|Si|Zr,0,2,2,4,0,1,1,3,1,1,3,0
12310,635,As|Ba|Fe|Mo,4,3,1,4,3,4,0,2,3,1,2,4
12311,2076,Ag|S|Se|Sn,0,4,3,1,0,4,2,4,4,1,4,2
12312,539,B|Mg|Pb,1,2,4,1,3,1,3,1,2,1,4,4
12313,161,Al|Ge|V,4,1,0,2,4,0,2,4,2,1,2,3
12314,2541,Ce|Ir,2,1,3,4,1,3,2,0,2,4,1,0
12315,65,Ba|Bi|K|O,3,2,0,2,0,0,4,4,0,0,2,3
12316,1679,Ba|Cu|O|Pr,1,3,4,4,3,2,2,2,0,1,1,4
12317,1959,Sb|V,1,2,0,3,2,4,1,2,4,2,3,1
12318,65,Ba|Bi|K|O,3,2,0,2,0,0,4,0,0,3,0,3
12319,286,Ba|Cu|O|Pr|Y,3,1,2,0,3,0,3,0,1,4,4,3
12320,163,Ge|La,4,4,2,2,2,1,3,3,0,1,2,4
12321,714,Ba|K|O|Sb|Ti,3,4,4,4,4,1,2,2,3,3,1,1
12322,1029,Ce|La|Sn,3,2,3,4,3,0,1,1,3,3,4,3
12323,64,Ba|Cu|O|Y|Zn,1,1,2,4,3,2,4,1,0,3,2,1
12324,749,C|Ca|Cu|O|Sr|Y,2,4,1,1,1,4,2,1,2,4,1,4
12325,27,Ni|Ti|Zr,0,1,3,0,1,3,2,0,0,2,1,2
12326,293,B|C|Er|Ni|Tb,0,2,2,3,0,2,4,2,1,1,3,3
12327,1834,As|F|Fe|Nd|O|P,4,4,4,0,1,4,3,3,3,1,0,0
12328,243,Cu|O|Re|Sr|Y,0,3,4,1,2,4,4,2,2,0,1,3
12329,648,Ta|Zr,3,0,4,1,2,2,0,2,1,3,4,4
12330,351,Ba|Cu|Hg|O,0,1,0,3,3,4,3,4,0,0,4,2
12331,227,Pd|Te,4,0,0,0,2,0,2,1,3,0,0,3
12332,769,Ba|Ca|Cu|Gd|O|Sr,4,3,3,1,2,1,0,1,0,1,1,4
12333,352,Fe|S|Se|Te,4,0,2,2,3,0,2,4,1,1,3,1
12334,129,Ba|Ca|Cu|O|Y|Zn,0,2,4,0,4,4,2,4,2,3,3,4
12335,1827,As|Co|F|Fe|La|O,0,0,0,2,3,2,4,3,4,4,0,2
12336,40,Au|Ga,0,0,0,2,1,0,4,4,1,3,3,1
12337,308,Bi|Ca|Cu|La|O|Sr|Y,0,2,2,1,2,1,3,3,2,2,1,1
12338,1476,C|Mo|Re,4,0,3,0,1,2,3,2,1,2,1,2
12339,1032,Ba|Cu|Dy|Fe|O,4,1,0,3,1,3,4,4,3,4,4,2
12340,1288,Bi|Cu|O|Sr,3,1,4,0,1,4,2,1,4,0,0,2
12341,115,Pb|Tl,4,3,1,2,2,0,4,1,2,3,1,2
12342,1384,C|Nb|W,3,4,1,4,3,3,1,2,3,0,2,4
12343,627,Al|Ca|Cu|O|Sr,0,4,1,0,2,4,3,1,4,2,3,0
12344,943,Ir|Os,0,1,1,2,3,2,3,3,4,2,0,2
12345,649,Ba|Ca|Cu|Er|Hf|O,3,3,3,0,1,1,3,0,4,1,4,4
12346,123,B|C|Co|Lu|Ni,4,3,0,1,0,4,4,0,2,0,1,0
12347,964,Hf|Nb,3,1,4,0,4,1,4,3,4,4,2,1
12348,1697,Co|Cu|S,1,2,1,1,3,0,3,0,2,1,4,4
12349,2397,Ba|C|Cu|O|Sr|Tl,0,2,0,1,3,3,1,2,0,3,1,1
12350,1019,Ce|Cu|La|O,0,3,4,3,4,1,0,3,0,0,0,0
12351,892,C|Ti|Y,2,2,3,4,0,2,1,1,3,4,1,3
12352,446,Eu|Mo|S|Sn,3,0,1,2,0,1,4,1,3,2,0,2
12353,289,Pd|Zr,4,0,3,3,1,0,2,3,4,3,4,1
12354,350,Ba|Ca|Cu|La|Nd|O,2,4,3,4,0,4,0,1,1,1,3,1
12355,1100,As|Ba|Fe|P,1,0,1,4,3,0,2,3,1,1,1,3
12356,25,B|C|Ho|Ni|Y,0,4,4,4,0,3,0,2,1,4,0,4
12357,1691,Bi|Ca|Cu|O|Pr|Sr,2,1,2,2,0,4,0,4,3,0,1,0
12358,1269,Al|Ca|Cu|Ho|O|Pb|Sr,0,0,2,1,4,3,2,4,4,0,2,3
12359,86,Ba|Cu|O|Y,4,4,4,2,0,4,1,2,0,3,0,4
12360,2024,B|Os|Y,0,4,2,2,4,3,3,3,3,3,2,0
12361,3057,Mo|S|Tb,2,4,2,2,4,4,4,4,3,1,1,0
12362,114,Cu|O|Sr|Y,4,3,4,2,2,3,1,0,4,2,0,4
12363,1704,In|Pb|Te|Tl,2,3,3,4,3,3,4,1,0,2,3,2
12364,86,Ba|Cu|O|Y,4,4,4,2,0,4,2,3,1,0,2,4
12365,2093,Ce|Ge|Pr|Pt,1,3,2,2,2,3,3,1,4,2,3,0
12366,1433,Hf|Mo,2,3,1,3,0,1,0,0,0,0,3,0
12367,317,Ba|Cu|O|Sm|Zn,4,0,4,0,0,1,2,3,1,4,1,1
12368,1242,Bi|Cu|Mo|O|Pb|Sr|Y,2,1,3,0,2,4,1,4,1,1,1,0
12369,476,Ba|Cu|Ga|O|Y,0,1,1,0,4,0,2,1,0,4,4,1
12370,573,La|Pr|Se,0,4,1,2,1,0,0,3,4,1,0,4
12371,224,Ce|Cu|La|Nd|O,3,0,0,4,2,0,4,4,2,4,2,2
12372,2396,Al|In|Nb,2,1,0,4,4,2,2,1,0,1,2,1
12373,27,Ni|Ti|Zr,0,1,3,0,1,3,3,1,0,2,2,2
12374,1254,C|Mg|Ni|Zn,3,0,4,0,4,4,2,4,0,3,4,3
12375,511,Al|Ca|Ga|Si,3,2,3,0,0,0,0,4,2,3,3,0
12376,1306,Ti|Zr,0,4,4,3,3,3,0,0,2,4,1,2
12377,204,Cu|La|O|Pr|Sr,1,1,2,0,1,0,3,4,4,3,4,0
12378,1568,Ba|Fe|Se,3,2,3,1,0,2,3,4,2,3,1,4
12379,40,Au|Ga,0,0,0,2,1,0,2,4,4,0,2,1
12380,2019,In|La|Sn,4,2,0,2,1,0,0,3,2,0,0,3
12381,7,N|V,0,4,3,2,3,0,1,4,3,0,3,4
12382,62,Al|Ge|Nb,2,3,3,0,1,3,3,4,0,4,3,2
12383,23,Nb|Sn|V,0,0,1,0,2,4,0,1,1,1,2,4
12384,22,Ba|Co|Cu|O|Y,3,0,2,2,0,4,1,3,4,1,1,3
12385,651,Ir|Os|Rh,0,1,4,2,4,2,4,2,0,2,3,1
12386,36,Bi|Ca|Cu|O|Sr|Y,4,2,4,1,1,0,4,0,0,1,1,4
12387,688,Os|Si|Y,1,0,0,1,1,3,0,1,0,3,2,3
12388,3058,Ca|Cu|O,3,2,0,4,0,2,3,4,3,3,4,0
12389,2394,Al|As|Ca|Fe|O,3,3,4,3,4,1,2,4,0,1,0,4
12390,3059,Os|Sc,4,3,1,4,1,0,3,4,3,4,0,1
12391,1512,C|Mg|Ni|Ru,1,2,3,2,0,3,0,2,2,2,3,2
12392,86,Ba|Cu|O|Y,4,4,4,2,0,4,3,1,3,3,3,4
12393,2201,Ba|Cu|Ga|La|O,1,2,2,4,3,1,4,4,2,2,2,0
12394,3060,Bi|Ca|Cu|O|Pr,0,3,1,3,2,3,1,2,0,0,3,4
12395,1185,Ir|Nb,1,1,1,2,4,4,1,0,3,4,0,0
12396,507,Ba|Cu|H|O|Y,2,1,2,4,1,2,0,1,4,3,4,2
12397,429,Cu|La|Ni|O|Sr,0,4,1,1,3,1,4,0,1,1,4,0
12398,286,Ba|Cu|O|Pr|Y,3,1,2,0,3,0,2,1,1,0,1,3
12399,930,H|Nb|Pd,1,2,3,3,2,1,4,0,1,1,0,1
12400,1006,Cu|Rh|Se|Sn,0,4,2,1,2,3,2,3,0,4,0,1
12401,457,Ca|Cu|La|O|Sr,0,0,1,2,2,2,2,2,1,4,1,1
12402,49,Ba|Cu|La|O,3,0,2,4,3,0,3,3,0,3,4,3
12403,45,Ca|Cu|La|O,1,2,0,2,3,1,1,0,0,1,1,0
12404,2813,O|Sr|Ti,2,1,0,3,3,1,3,0,1,1,0,3
12405,1124,Mo|Se|Sn,1,3,2,0,2,2,4,2,1,0,3,4
12406,68,Bi|Sn,2,3,2,0,3,1,0,0,4,2,1,1
12407,1957,Ge|Ni|Y,0,2,3,4,1,0,4,1,2,3,1,1
12408,36,Bi|Ca|Cu|O|Sr|Y,4,2,4,1,1,0,3,0,4,4,2,4
12409,819,As|Co|Fe|O|Pr,4,1,3,2,3,3,4,4,4,4,1,3
12410,1491,N|Nb|V,4,1,4,3,1,1,0,2,2,0,2,4
12411,1652,Ca|Cu|Nd|O|Sr|Tl,0,2,0,3,1,2,2,3,4,1,2,0
12412,203,Ce|Cu|Gd|O|Pr,3,2,0,3,2,0,3,2,0,4,2,3
12413,166,Ce|La|Ru,3,4,1,1,0,3,1,1,1,1,1,1
12414,663,Rh|Se,4,0,3,0,1,0,1,4,2,1,0,2
12415,728,C|Th|Y,4,0,4,1,4,1,2,3,2,3,2,4
12416,3061,Te|Tl,1,0,1,2,4,4,1,1,1,3,2,3
12417,99,Au|In,0,4,0,1,2,3,1,1,4,1,2,3
12418,36,Bi|Ca|Cu|O|Sr|Y,4,2,4,1,1,0,2,3,2,0,2,4
12419,37,C|Mo|W,2,1,2,1,2,2,4,0,0,4,2,2
12420,331,As|Co|Fe|Na,0,3,1,4,4,0,2,4,0,2,0,3
12421,1489,La|Lu,0,1,0,2,1,2,0,2,2,0,1,4
12422,2478,Br|Hf|Li|N|Zr,4,3,4,2,4,3,4,1,0,2,1,2
12423,1441,Bi|Se|Ta,2,4,0,3,2,0,3,4,1,2,0,4
12424,40,Au|Ga,0,0,0,2,1,0,2,3,2,0,3,1
12425,789,Cd|Mg,1,2,3,3,4,2,0,3,4,3,2,1
12426,956,Ba|Cu|Eu|O|Pr,0,4,4,1,3,3,2,3,0,4,1,3
12427,444,Mo|Pt,4,1,1,4,3,2,2,2,2,0,3,0
12428,1242,Bi|Cu|Mo|O|Pb|Sr|Y,2,1,3,0,2,4,1,0,1,0,0,0
12429,878,Ba|Cu|Ho|O,0,0,4,4,4,0,3,2,3,1,4,1
12430,347,Ba|Cu|Dy|O|Zn,0,2,2,0,0,1,0,3,1,0,1,2
12431,3062,Bi|Ca|Cu|O|Sm,2,2,0,1,1,1,1,0,0,1,2,3
12432,78,Nb|V,0,3,3,4,2,0,3,0,1,0,1,2
12433,356,Mo|Re,4,3,4,1,0,0,3,4,0,3,3,4
12434,994,Pt|Y,3,3,0,0,4,2,1,0,0,4,0,1
12435,42,Cu|La|O|Sr|Zn,1,2,4,4,3,1,1,3,4,2,3,1
12436,54,Nb|Ta,1,2,0,0,3,2,3,3,1,4,0,0
12437,1269,Al|Ca|Cu|Ho|O|Pb|Sr,0,0,2,1,4,3,4,2,2,3,2,3
12438,617,Ba|Cu|O|Pr|Yb,4,3,4,2,0,1,3,1,2,4,0,1
12439,2150,La|Si,2,4,2,0,1,2,0,3,1,4,1,1
